12.013,0.00113,1.0000000000000001e-7,1.7993785668773057e-8,1.7992829988977547e-8,1.7993871138737595e-8
12.013,0.00113,1.6426491045299075e-7,1.7993750163926606e-8,1.7992794484012213e-8,1.7993871138737595e-8
12.013,0.00113,2.698296080612907e-7,1.7993699910091012e-8,1.799274422999623e-8,1.7993871138737595e-8
12.013,0.00113,4.432353640575351e-7,1.7993628780399062e-8,1.7992673100024327e-8,1.7993871138737595e-8
12.013,0.00113,7.280801738650976e-7,1.7993528102796323e-8,1.7992572422110128e-8,1.7993871138737595e-8
12.013,0.00113,1.1959802456254818e-6,1.7993385602695423e-8,1.7992429921388323e-8,1.7993871138737595e-8
12.013,0.00113,1.9645758795121526e-6,1.7993183906326597e-8,1.7992228224443213e-8,1.7993871138737595e-8
12.013,0.00113,3.227108809261693e-6,1.7992898422196702e-8,1.7991942739080198e-8,1.7993871138737595e-8
12.013,0.00113,5.301007395754297e-6,1.799249434209246e-8,1.7991538657736037e-8,1.7993871138737595e-8
12.013,0.00113,8.707695051742211e-6,1.7991922395359806e-8,1.7990966708770367e-8,1.7993871138737595e-8
12.013,0.00113,1.4303687479263852e-5,1.7991112837365202e-8,1.7990157147859644e-8,1.7993871138737595e-8
12.013,0.00113,2.3495939429288417e-5,1.7989966935860214e-8,1.7989011242494055e-8,1.7993871138737595e-8
12.013,0.00113,3.8595583863609565e-5,1.7988344909577843e-8,1.7987389209451067e-8,1.7993871138737595e-8
12.013,0.00113,6.33990012723672e-5,1.7986048830951602e-8,1.798509312402211e-8,1.7993871138737595e-8
12.013,0.00113,0.00010414231266814445,1.7982798368397245e-8,1.7981842647031188e-8,1.7993871138737595e-8
12.013,0.00113,0.00017106927664800093,1.7978196319762455e-8,1.797724058491801e-8,1.7993871138737595e-8
12.013,0.00113,0.00028100679409841776,1.7971679529553233e-8,1.797072376693694e-8,1.7993871138737595e-8
12.013,0.00113,0.00046159555869258604,1.7962448745111745e-8,1.7961492951295052e-8,1.7993871138737595e-8
12.013,0.00113,0.0007582395311413588,1.7949367833340043e-8,1.794841198893608e-8,1.7993871138737595e-8
12.013,0.00113,0.00124552148684853,1.7930817803965436e-8,1.7929861882256972e-8,1.7993871138737595e-8
12.013,0.00113,0.002045954755044497,1.7904482895140737e-8,1.7903526879551992e-8,1.7993871138737595e-8
12.013,0.00113,0.0033607857462825456,1.7867032006813593e-8,1.786607579787031e-8,1.7993871138737595e-8
12.013,0.00113,0.005520591696647901,1.7813634240051846e-8,1.7812677831879864e-8,1.7993871138737595e-8
12.013,0.00113,0.009068395006973916,1.7737203589381817e-8,1.773624670304248e-8,1.7993871138737595e-8
12.013,0.00113,0.01489619093772919,1.7627190465265478e-8,1.7626233037338483e-8,1.7993871138737595e-8
12.013,0.00113,0.024469214704767362,1.7467606228227126e-8,1.7466647611454288e-8,1.7993871138737595e-8
12.013,0.00113,0.04019433362333615,1.7233765351583734e-8,1.723280498398595e-8,1.7993871138737595e-8
12.013,0.00113,0.06602518613354949,1.6886995564549272e-8,1.6886032361861902e-8,1.7993871138737595e-8
12.013,0.00113,0.1084562128786955,1.636654915939871e-8,1.6365580744431794e-8,1.7993871138737595e-8
12.013,0.00113,0.17815550096589414,1.5579023446333176e-8,1.557805036664847e-8,1.7993871138737595e-8
12.013,0.00113,0.292646974128703,1.4390035818138445e-8,1.4389055479372303e-8,1.7993871138737595e-8
12.013,0.00113,0.480716289995901,1.263468817841156e-8,1.2633717061850175e-8,1.7993871138737595e-8
12.013,0.00113,0.789648183294706,1.0183203253210474e-8,1.0182270293634264e-8,1.7993871138737595e-8
12.013,0.00113,1.297114881182717,7.100381318971924e-9,7.099565104890983e-9,1.7993871138737595e-8
12.013,0.00113,2.1307045980472066,3.8332903719727165e-9,3.832705689418517e-9,1.7993871138737595e-8
12.013,0.00113,3.5000000000000004,1.0399388788649587e-9,1.039717608086234e-9,1.7993871138737595e-8
12.013,0.00113,3.8,5.774839481385233e-10,5.773535751333472e-10,1.7993871138737595e-8
12.013,0.00113,3.98,1.692317141425449e-10,1.6919237554596003e-10,1.7993871138737595e-8
12.013,0.00113,3.9998,1.6783542322785028e-11,1.6779623300791965e-11,1.7993871138737595e-8
12.013,0.0037,1.0000000000000001e-7,1.7969522827703276e-8,1.7968565605252743e-8,1.7969608039692082e-8
12.013,0.0037,1.6426491045299075e-7,1.7969487430021882e-8,1.7968530207109948e-8,1.7969608039692082e-8
12.013,0.0037,2.698296080612907e-7,1.7969437327868617e-8,1.7968480104370053e-8,1.7969608039692082e-8
12.013,0.0037,4.432353640575351e-7,1.7969366412869257e-8,1.7968409188434973e-8,1.7969608039692082e-8
12.013,0.0037,7.280801738650976e-7,1.7969266039144723e-8,1.796830881353264e-8,1.7969608039692082e-8
12.013,0.0037,1.1959802456254818e-6,1.7969123969157022e-8,1.7968166741712823e-8,1.7969608039692082e-8
12.013,0.0037,1.9645758795121526e-6,1.7968922881577752e-8,1.7967965651685406e-8,1.7969608039692082e-8
12.013,0.0037,3.227108809261693e-6,1.7968638259142806e-8,1.7967681025727805e-8,1.7969608039692082e-8
12.013,0.0037,5.301007395754297e-6,1.7968235398710596e-8,1.7967278160155048e-8,1.7969608039692082e-8
12.013,0.0037,8.707695051742211e-6,1.7967665178363276e-8,1.796670793302922e-8,1.7969608039692082e-8
12.013,0.0037,1.4303687479263852e-5,1.796685806402873e-8,1.7965900808058905e-8,1.7969608039692082e-8
12.013,0.0037,2.3495939429288417e-5,1.7965715621578666e-8,1.796475835227507e-8,1.7969608039692082e-8
12.013,0.0037,3.8595583863609565e-5,1.79640984919139e-8,1.796314120136857e-8,1.7969608039692082e-8
12.013,0.0037,6.33990012723672e-5,1.7961809345479855e-8,1.7960852027654074e-8,1.7969608039692082e-8
12.013,0.0037,0.00010414231266814445,1.7958568698201212e-8,1.7957611339082727e-8,1.7969608039692082e-8
12.013,0.0037,0.00017106927664800093,1.7953980549949485e-8,1.7953023133440144e-8,1.7969608039692082e-8
12.013,0.0037,0.00028100679409841776,1.7947483452142336e-8,1.7946525955877236e-8,1.7969608039692082e-8
12.013,0.0037,0.00046159555869258604,1.7938280580626426e-8,1.7937322962837234e-8,1.7969608039692082e-8
12.013,0.0037,0.0007582395311413588,1.792523926769616e-8,1.7924281492935554e-8,1.7969608039692082e-8
12.013,0.0037,0.00124552148684853,1.7906745490423865e-8,1.7905787460686853e-8,1.7969608039692082e-8
12.013,0.0037,0.002045954755044497,1.7880490655179246e-8,1.787953229970958e-8,1.7969608039692082e-8
12.013,0.0037,0.0033607857462825456,1.7843154106663655e-8,1.7842195217871232e-8,1.7969608039692082e-8
12.013,0.0037,0.005520591696647901,1.778992036890173e-8,1.778896074378196e-8,1.7969608039692082e-8
12.013,0.0037,0.009068395006973916,1.771372660481339e-8,1.771276582103517e-8,1.7969608039692082e-8
12.013,0.0037,0.01489619093772919,1.760405873637663e-8,1.760309611497278e-8,1.7969608039692082e-8
12.013,0.0037,0.024469214704767362,1.7444983669168594e-8,1.7444018330276218e-8,1.7969608039692082e-8
12.013,0.0037,0.04019433362333615,1.721190406103876e-8,1.7210933764459632e-8,1.7969608039692082e-8
12.013,0.0037,0.06602518613354949,1.6866287742088476e-8,1.6865310616618292e-8,1.7969608039692082e-8
12.013,0.0037,0.1084562128786955,1.6347603588104638e-8,1.634661371089023e-8,1.7969608039692082e-8
12.013,0.0037,0.17815550096589414,1.556275767831575e-8,1.5561751925958786e-8,1.7969608039692082e-8
12.013,0.0037,0.292646974128703,1.4377725995811581e-8,1.4376698075291455e-8,1.7969608039692082e-8
12.013,0.0037,0.480716289995901,1.2627804645649039e-8,1.262676247103786e-8,1.7969608039692082e-8
12.013,0.0037,0.789648183294706,1.018271902528313e-8,1.0181698828438757e-8,1.7969608039692082e-8
12.013,0.0037,1.297114881182717,7.105405921969351e-9,7.104495014273521e-9,1.7969608039692082e-8
12.013,0.0037,2.1307045980472066,3.8400268346159124e-9,3.8393697830690034e-9,1.7969608039692082e-8
12.013,0.0037,3.5000000000000004,1.0430687285522967e-9,1.0428249882982924e-9,1.7969608039692082e-8
12.013,0.0037,3.8,5.793417828353848e-10,5.791976648386684e-10,1.7969608039692082e-8
12.013,0.0037,3.98,1.697955236015837e-10,1.6975232936612984e-10,1.7969608039692082e-8
12.013,0.0037,3.9998,1.6839662011194722e-11,1.6835367388904543e-11,1.7969608039692082e-8
12.013,0.0127,1.0000000000000001e-7,1.7887003525351315e-8,1.7886041554852484e-8,1.7887087853545616e-8
12.013,0.0127,1.6426491045299075e-7,1.7886968494804788e-8,1.7886006523896407e-8,1.7887087853545616e-8
12.013,0.0127,2.698296080612907e-7,1.7886918912297313e-8,1.7885956940746467e-8,1.7887087853545616e-8
12.013,0.0127,4.432353640575351e-7,1.7886848732809474e-8,1.788588676045461e-8,1.7887087853545616e-8
12.013,0.0127,7.280801738650976e-7,1.788674940013587e-8,1.7885787426498083e-8,1.7887087853545616e-8
12.013,0.0127,1.1959802456254818e-6,1.788660880366535e-8,1.7885646828386918e-8,1.7887087853545616e-8
12.013,0.0127,1.9645758795121526e-6,1.7886409801727355e-8,1.788544782396155e-8,1.7887087853545616e-8
12.013,0.0127,3.227108809261693e-6,1.788612813135771e-8,1.7885166150154812e-8,1.7887087853545616e-8
12.013,0.0127,5.301007395754297e-6,1.7885729449377936e-8,1.7884767463406077e-8,1.7887087853545616e-8
12.013,0.0127,8.707695051742211e-6,1.7885165143422657e-8,1.7884203150249267e-8,1.7887087853545616e-8
12.013,0.0127,1.4303687479263852e-5,1.7884366400777802e-8,1.788340439837647e-8,1.7887087853545616e-8
12.013,0.0127,2.3495939429288417e-5,1.788323580863809e-8,1.788227379151853e-8,1.7887087853545616e-8
12.013,0.0127,3.8595583863609565e-5,1.7881635454198227e-8,1.7880673418658423e-8,1.7887087853545616e-8
12.013,0.0127,6.33990012723672e-5,1.7879370056614405e-8,1.7878407992063997e-8,1.7887087853545616e-8
12.013,0.0127,0.00010414231266814445,1.787616303525998e-8,1.787520093246886e-8,1.7887087853545616e-8
12.013,0.0127,0.00017106927664800093,1.7871622507959982e-8,1.787066034907709e-8,1.7887087853545616e-8
12.013,0.0127,0.00028100679409841776,1.7865192873724256e-8,1.786423063387945e-8,1.7887087853545616e-8
12.013,0.0127,0.00046159555869258604,1.7856085627979558e-8,1.785512327933017e-8,1.7887087853545616e-8
12.013,0.0127,0.0007582395311413588,1.784317997463021e-8,1.7842217454529882e-8,1.7887087853545616e-8
12.013,0.0127,0.00124552148684853,1.782487890739104e-8,1.7823916169241568e-8,1.7887087853545616e-8
12.013,0.0127,0.002045954755044497,1.7798898388205172e-8,1.7797935290662255e-8,1.7887087853545616e-8
12.013,0.0127,0.0033607857462825456,1.7761953540379418e-8,1.776098997365197e-8,1.7887087853545616e-8
12.013,0.0127,0.005520591696647901,1.770928171749065e-8,1.7708317387134907e-8,1.7887087853545616e-8
12.013,0.0127,0.009068395006973916,1.763389944040771e-8,1.7632933997764616e-8,1.7887087853545616e-8
12.013,0.0127,0.01489619093772919,1.752541426579428e-8,1.7524447104087977e-8,1.7887087853545616e-8
12.013,0.0127,0.024469214704767362,1.736808335988289e-8,1.7367113285119273e-8,1.7887087853545616e-8
12.013,0.0127,0.04019433362333615,1.7137611482736014e-8,1.7136637215356155e-8,1.7887087853545616e-8
12.013,0.0127,0.06602518613354949,1.6795946567545284e-8,1.6794964392607604e-8,1.7887087853545616e-8
12.013,0.0127,0.1084562128786955,1.6283300129804207e-8,1.628230752241463e-8,1.7887087853545616e-8
12.013,0.0127,0.17815550096589414,1.5507638193316278e-8,1.5506627508764157e-8,1.7887087853545616e-8
12.013,0.0127,0.292646974128703,1.4336170788401171e-8,1.433514094004431e-8,1.7887087853545616e-8
12.013,0.0127,0.480716289995901,1.2604870117417017e-8,1.2603825658002137e-8,1.7887087853545616e-8
12.013,0.0127,0.789648183294706,1.0181767763731934e-8,1.0180743925517326e-8,1.7887087853545616e-8
12.013,0.0127,1.297114881182717,7.123391700508508e-9,7.122478975158038e-9,1.7887087853545616e-8
12.013,0.0127,2.1307045980472066,3.863824133534911e-9,3.863165074838725e-9,1.7887087853545616e-8
12.013,0.0127,3.5000000000000004,1.0541272349489656e-9,1.0538791302589288e-9,1.7887087853545616e-8
12.013,0.0127,3.8,5.859090219481193e-10,5.857646808145963e-10,1.7887087853545616e-8
12.013,0.0127,3.98,1.717891147893683e-10,1.7174513392766915e-10,1.7887087853545616e-8
12.013,0.0127,3.9998,1.70381038509776e-11,1.7033725929958224e-11,1.7887087853545616e-8
12.013,0.047,1.0000000000000001e-7,1.7605726914075917e-8,1.7604746691782108e-8,1.7605808137188435e-8
12.013,0.047,1.6426491045299075e-7,1.760569317340367e-8,1.760471295072006e-8,1.7605808137188435e-8
12.013,0.047,2.698296080612907e-7,1.7605645416595137e-8,1.760466519335321e-8,1.7605808137188435e-8
12.013,0.047,4.432353640575351e-7,1.7605577821218606e-8,1.7604597597230873e-8,1.7605808137188435e-8
12.013,0.047,7.280801738650976e-7,1.7605482146123953e-8,1.7604501920971854e-8,1.7605808137188435e-8
12.013,0.047,1.1959802456254818e-6,1.7605346726638634e-8,1.760436650003328e-8,1.7605808137188435e-8
12.013,0.047,1.9645758795121526e-6,1.760515505229326e-8,1.7604174823345243e-8,1.7605808137188435e-8
12.013,0.047,3.227108809261693e-6,1.760488375356836e-8,1.7603903521673413e-8,1.7605808137188435e-8
12.013,0.047,5.301007395754297e-6,1.7604499751961516e-8,1.7603519515514114e-8,1.7605808137188435e-8
12.013,0.047,8.707695051742211e-6,1.7603956225341802e-8,1.760297598271998e-8,1.7605808137188435e-8
12.013,0.047,1.4303687479263852e-5,1.760318689537331e-8,1.7602206644039414e-8,1.7605808137188435e-8
12.013,0.047,2.3495939429288417e-5,1.7602097937502593e-8,1.76011176731626e-8,1.7605808137188435e-8
12.013,0.047,3.8595583863609565e-5,1.7600556520228195e-8,1.7599576239116643e-8,1.7605808137188435e-8
12.013,0.047,6.33990012723672e-5,1.7598374560466676e-8,1.7597394252528426e-8,1.7605808137188435e-8
12.013,0.047,0.00010414231266814445,1.7595285678243207e-8,1.7594305337034853e-8,1.7605808137188435e-8
12.013,0.047,0.00017106927664800093,1.759091245878594e-8,1.758993206427149e-8,1.7605808137188435e-8
12.013,0.047,0.00028100679409841776,1.758471984482455e-8,1.75837393812093e-8,1.7605808137188435e-8
12.013,0.047,0.00046159555869258604,1.7575948559348055e-8,1.7574967991951255e-8,1.7605808137188435e-8
12.013,0.047,0.0007582395311413588,1.7563519510939234e-8,1.756253879535404e-8,1.7605808137188435e-8
12.013,0.047,0.00124552148684853,1.7545895469205368e-8,1.7544914550055194e-8,1.7605808137188435e-8
12.013,0.047,0.002045954755044497,1.75208786484408e-8,1.7519897405570725e-8,1.7605808137188435e-8
12.013,0.047,0.0033607857462825456,1.7485309834167208e-8,1.7484328173004066e-8,1.7605808137188435e-8
12.013,0.047,0.005520591696647901,1.7434611910162176e-8,1.743362953013782e-8,1.7605808137188435e-8
12.013,0.047,0.009068395006973916,1.7362080068914563e-8,1.7361096738957615e-8,1.7605808137188435e-8
12.013,0.047,0.01489619093772919,1.7257748995551857e-8,1.7256764007651984e-8,1.7605808137188435e-8
12.013,0.047,0.024469214704767362,1.7106544090123008e-8,1.71055566437943e-8,1.7605808137188435e-8
12.013,0.047,0.04019433362333615,1.688523171690414e-8,1.6884240233128816e-8,1.7605808137188435e-8
12.013,0.047,0.06602518613354949,1.6557448817794e-8,1.655645046738368e-8,1.7605808137188435e-8
12.013,0.047,0.1084562128786955,1.6066025119625836e-8,1.6065017107078134e-8,1.7605808137188435e-8
12.013,0.047,0.17815550096589414,1.5322678604002477e-8,1.532165384735762e-8,1.7605808137188435e-8
12.013,0.047,0.292646974128703,1.4199025464003618e-8,1.4197984532455173e-8,1.7605808137188435e-8
12.013,0.047,0.480716289995901,1.2533546843222522e-8,1.25324910960366e-8,1.7605808137188435e-8
12.013,0.047,0.789648183294706,1.0188439011282031e-8,1.0187407046894505e-8,1.7605808137188435e-8
12.013,0.047,1.297114881182717,7.197372469788808e-9,7.196447635490117e-9,1.7605808137188435e-8
12.013,0.047,2.1307045980472066,3.957398307913622e-9,3.956723661745595e-9,1.7605808137188435e-8
12.013,0.047,3.5000000000000004,1.097639908804542e-9,1.0973831965735732e-9,1.7605808137188435e-8
12.013,0.047,3.8,6.117934362129804e-10,6.116427766800653e-10,1.7605808137188435e-8
12.013,0.047,3.98,1.7965517449745494e-10,1.7960937855933982e-10,1.7605808137188435e-8
12.013,0.047,3.9998,1.7821184055113087e-11,1.7816628289145563e-11,1.7605808137188435e-8
12.013,0.173,1.0000000000000001e-7,1.6952794498659655e-8,1.6951746054456255e-8,1.6952867207811844e-8
12.013,0.173,1.6426491045299075e-7,1.6952764294750393e-8,1.6951715850300377e-8,1.6952867207811844e-8
12.013,0.173,2.698296080612907e-7,1.6952721543906024e-8,1.695167309905376e-8,1.6952867207811844e-8
12.013,0.173,4.432353640575351e-7,1.695266103401777e-8,1.695161258864802e-8,1.6952867207811844e-8
12.013,0.173,7.280801738650976e-7,1.695257538779929e-8,1.6951526941666664e-8,1.6952867207811844e-8
12.013,0.173,1.1959802456254818e-6,1.695245416331637e-8,1.6951405716076695e-8,1.6952867207811844e-8
12.013,0.173,1.9645758795121526e-6,1.6952282580817036e-8,1.6951234132136606e-8,1.6952867207811844e-8
12.013,0.173,3.227108809261693e-6,1.6952039720555372e-8,1.6950991269545794e-8,1.6952867207811844e-8
12.013,0.173,5.301007395754297e-6,1.69516959716956e-8,1.6950647517893924e-8,1.6952867207811844e-8
12.013,0.173,8.707695051742211e-6,1.695120942081987e-8,1.6950160962344043e-8,1.6952867207811844e-8
12.013,0.173,1.4303687479263852e-5,1.6950520738693572e-8,1.694947227450885e-8,1.6952867207811844e-8
12.013,0.173,2.3495939429288417e-5,1.6949545939500222e-8,1.6948497466324784e-8,1.6952867207811844e-8
12.013,0.173,3.8595583863609565e-5,1.6948166124280447e-8,1.694711763894849e-8,1.6952867207811844e-8
12.013,0.173,6.33990012723672e-5,1.694621294556683e-8,1.6945164443244228e-8,1.6952867207811844e-8
12.013,0.173,0.00010414231266814445,1.6943447992476338e-8,1.694239946414283e-8,1.6952867207811844e-8
12.013,0.173,0.00017106927664800093,1.6939533517917384e-8,1.6938484957124716e-8,1.6952867207811844e-8
12.013,0.173,0.00028100679409841776,1.6933990791966807e-8,1.6932942176985802e-8,1.6952867207811844e-8
12.013,0.173,0.00046159555869258604,1.6926140673066383e-8,1.6925091993169563e-8,1.6952867207811844e-8
12.013,0.173,0.0007582395311413588,1.6915018412085538e-8,1.6913969623757294e-8,1.6952867207811844e-8
12.013,0.173,0.00124552148684853,1.689925066315591e-8,1.6898201735506678e-8,1.6952867207811844e-8
12.013,0.173,0.002045954755044497,1.6876876111325457e-8,1.6875826968750807e-8,1.6952867207811844e-8
12.013,0.173,0.0033607857462825456,1.6845080068611527e-8,1.684403060806309e-8,1.6952867207811844e-8
12.013,0.173,0.005520591696647901,1.6799794146713206e-8,1.6798744243593446e-8,1.6952867207811844e-8
12.013,0.173,0.009068395006973916,1.6735077909887122e-8,1.6734027237937634e-8,1.6952867207811844e-8
12.013,0.173,0.01489619093772919,1.6642138448235058e-8,1.6641086771917282e-8,1.6952867207811844e-8
12.013,0.173,0.024469214704767362,1.65077378838744e-8,1.6506684260789535e-8,1.6952867207811844e-8
12.013,0.173,0.04019433362333615,1.631156770266176e-8,1.6310511466689736e-8,1.6952867207811844e-8
12.013,0.173,0.06602518613354949,1.6021938177471742e-8,1.6020877016689982e-8,1.6952867207811844e-8
12.013,0.173,0.1084562128786955,1.5588974166443337e-8,1.5587905891353714e-8,1.6952867207811844e-8
12.013,0.173,0.17815550096589414,1.493497493209292e-8,1.4933896256938504e-8,1.6952867207811844e-8
12.013,0.173,0.292646974128703,1.3944286871403934e-8,1.3943194660855637e-8,1.6952867207811844e-8
12.013,0.173,0.480716289995901,1.2463357610730771e-8,1.2462261460792957e-8,1.6952867207811844e-8
12.013,0.173,0.789648183294706,1.0338963051579597e-8,1.0337887931932658e-8,1.6952867207811844e-8
12.013,0.173,1.297114881182717,7.537800690949209e-9,7.536830476158273e-9,1.6952867207811844e-8
12.013,0.173,2.1307045980472066,4.337846484612356e-9,4.337119444570998e-9,1.6952867207811844e-8
12.013,0.173,3.5000000000000004,1.2749490445283007e-9,1.2746591013055195e-9,1.6952867207811844e-8
12.013,0.173,3.8,7.178635263133194e-10,7.176925225929085e-10,1.6952867207811844e-8
12.013,0.173,3.98,2.1200464764516098e-10,2.1195244771987642e-10,1.6952867207811844e-8
12.013,0.173,3.9998,2.1042920526395933e-11,2.103771803383468e-11,1.6952867207811844e-8
12.013,0.61,1.0000000000000001e-7,1.7495180299341136e-8,1.7493897056272708e-8,1.749524234932864e-8
12.013,0.61,1.6426491045299075e-7,1.749515452332969e-8,1.749387127767111e-8,1.749524234932864e-8
12.013,0.61,2.698296080612907e-7,1.7495118039770417e-8,1.749383479413051e-8,1.749524234932864e-8
12.013,0.61,4.432353640575351e-7,1.7495066400658492e-8,1.7493783154927932e-8,1.749524234932864e-8
12.013,0.61,7.280801738650976e-7,1.7494993310238244e-8,1.749371006430027e-8,1.749524234932864e-8
12.013,0.61,1.1959802456254818e-6,1.7494889857410603e-8,1.749360661124363e-8,1.749524234932864e-8
12.013,0.61,1.9645758795121526e-6,1.7494743429245477e-8,1.7493460182740226e-8,1.749524234932864e-8
12.013,0.61,3.227108809261693e-6,1.749453617308689e-8,1.7493252926002214e-8,1.749524234932864e-8
12.013,0.61,5.301007395754297e-6,1.7494242819637707e-8,1.7492959572014994e-8,1.749524234932864e-8
12.013,0.61,8.707695051742211e-6,1.749382760135011e-8,1.7492544352409533e-8,1.749524234932864e-8
12.013,0.61,1.4303687479263852e-5,1.7493239889799432e-8,1.74919566398896e-8,1.749524234932864e-8
12.013,0.61,2.3495939429288417e-5,1.749240801873263e-8,1.7491124766264843e-8,1.749524234932864e-8
12.013,0.61,3.8595583863609565e-5,1.7491230536434285e-8,1.7489947281705267e-8,1.749524234932864e-8
12.013,0.61,6.33990012723672e-5,1.748956381340767e-8,1.7488280554287367e-8,1.749524234932864e-8
12.013,0.61,0.00010414231266814445,1.7487204477358783e-8,1.7485921212375436e-8,1.749524234932864e-8
12.013,0.61,0.00017106927664800093,1.748386449487642e-8,1.7482581222834887e-8,1.749524234932864e-8
12.013,0.61,0.00028100679409841776,1.747913577301621e-8,1.747785248650978e-8,1.749524234932864e-8
12.013,0.61,0.00046159555869258604,1.7472439764413923e-8,1.7471156466073485e-8,1.749524234932864e-8
12.013,0.61,0.0007582395311413588,1.7462955480937834e-8,1.7461672150942246e-8,1.749524234932864e-8
12.013,0.61,0.00124552148684853,1.744951613307743e-8,1.744823277800578e-8,1.749524234932864e-8
12.013,0.61,0.002045954755044497,1.7430459567029e-8,1.7429176150036058e-8,1.749524234932864e-8
12.013,0.61,0.0033607857462825456,1.7403409393104035e-8,1.7402125906850837e-8,1.749524234932864e-8
12.013,0.61,0.005520591696647901,1.7364949611970598e-8,1.7363666006520786e-8,1.749524234932864e-8
12.013,0.61,0.009068395006973916,1.7310130828506288e-8,1.7308847012100336e-8,1.749524234932864e-8
12.013,0.61,0.01489619093772919,1.7231701996304047e-8,1.7230417926652476e-8,1.749524234932864e-8
12.013,0.61,0.024469214704767362,1.7118882978184208e-8,1.7117598264371357e-8,1.749524234932864e-8
12.013,0.61,0.04019433362333615,1.695535764149214e-8,1.6954072289739892e-8,1.749524234932864e-8
12.013,0.61,0.06602518613354949,1.6715953102661873e-8,1.671466600047199e-8,1.749524234932864e-8
12.013,0.61,0.1084562128786955,1.6361200059844904e-8,1.635991129945039e-8,1.749524234932864e-8
12.013,0.61,0.17815550096589414,1.5828854504857245e-8,1.582756272525453e-8,1.749524234932864e-8
12.013,0.61,0.292646974128703,1.5022304717453058e-8,1.502101178482796e-8,1.749524234932864e-8
12.013,0.61,0.480716289995901,1.3799785730986163e-8,1.3798500449648219e-8,1.749524234932864e-8
12.013,0.61,0.789648183294706,1.1979649568078686e-8,1.1978396006996688e-8,1.749524234932864e-8
12.013,0.61,1.297114881182717,9.397199482977575e-9,9.39605026350213e-9,1.749524234932864e-8
12.013,0.61,2.1307045980472066,6.047992239889565e-9,6.047082590904666e-9,1.749524234932864e-8
12.013,0.61,3.5000000000000004,2.07760062231585e-9,2.077198989669275e-9,1.749524234932864e-8
12.013,0.61,3.8,1.2047739876118015e-9,1.2045313507797352e-9,1.749524234932864e-8
12.013,0.61,3.98,3.618606843206822e-10,3.617856348362549e-10,1.749524234932864e-8
12.013,0.61,3.9998,3.598263710980116e-11,3.597515112426624e-11,1.749524234932864e-8
12.013,1.73,1.0000000000000001e-7,2.5985636974282388e-8,2.5983868622882258e-8,2.598573809465415e-8
12.013,1.73,1.6426491045299075e-7,2.5985636601272553e-8,2.5983868239696994e-8,2.598573809465415e-8
12.013,1.73,2.698296080612907e-7,2.5985594440192737e-8,2.5983826089722015e-8,2.598573809465415e-8
12.013,1.73,4.432353640575351e-7,2.5985534765087084e-8,2.5983766413589758e-8,2.598573809465415e-8
12.013,1.73,7.280801738650976e-7,2.5985450300485383e-8,2.5983681948971894e-8,2.598573809465415e-8
12.013,1.73,1.1959802456254818e-6,2.5985330748609324e-8,2.598356239695866e-8,2.598573809465415e-8
12.013,1.73,1.9645758795121526e-6,2.5985161533849393e-8,2.598339318207362e-8,2.598573809465415e-8
12.013,1.73,3.227108809261693e-6,2.5984922025642906e-8,2.5983153673720816e-8,2.598573809465415e-8
12.013,1.73,5.301007395754297e-6,2.5984583023017158e-8,2.5982814670652082e-8,2.598573809465415e-8
12.013,1.73,8.707695051742211e-6,2.5984103193948568e-8,2.5982334841500305e-8,2.598573809465415e-8
12.013,1.73,1.4303687479263852e-5,2.5983424035040775e-8,2.598165568150525e-8,2.598573809465415e-8
12.013,1.73,2.3495939429288417e-5,2.5982462736111375e-8,2.598069438250498e-8,2.598573809465415e-8
12.013,1.73,3.8595583863609565e-5,2.5981102077669208e-8,2.5979333722145335e-8,2.598573809465415e-8
12.013,1.73,6.33990012723672e-5,2.5979176124812625e-8,2.5977407768476768e-8,2.598573809465415e-8
12.013,1.73,0.00010414231266814445,2.597644996238367e-8,2.597468160352369e-8,2.598573809465415e-8
12.013,1.73,0.00017106927664800093,2.5972590975565448e-8,2.5970822612841858e-8,2.598573809465415e-8
12.013,1.73,0.00028100679409841776,2.596712811707456e-8,2.5965359752144766e-8,2.598573809465415e-8
12.013,1.73,0.00046159555869258604,2.5959394064251847e-8,2.5957625687624648e-8,2.598573809465415e-8
12.013,1.73,0.0007582395311413588,2.594844291806411e-8,2.5946674540488652e-8,2.598573809465415e-8
12.013,1.73,0.00124552148684853,2.5932932743223004e-8,2.5931164340294158e-8,2.598573809465415e-8
12.013,1.73,0.002045954755044497,2.5910957135550953e-8,2.5909188728156632e-8,2.598573809465415e-8
12.013,1.73,0.0033607857462825456,2.5879801962881806e-8,2.587803351376581e-8,2.598573809465415e-8
12.013,1.73,0.005520591696647901,2.5835590318437234e-8,2.5833821835933058e-8,2.598573809465415e-8
12.013,1.73,0.009068395006973916,2.5772756528286565e-8,2.5770987993449668e-8,2.598573809465415e-8
12.013,1.73,0.01489619093772919,2.568325115487691e-8,2.568148248367454e-8,2.598573809465415e-8
12.013,1.73,0.024469214704767362,2.5555309128509538e-8,2.555354043158921e-8,2.598573809465415e-8
12.013,1.73,0.04019433362333615,2.537148701368512e-8,2.5369717944282154e-8,2.598573809465415e-8
12.013,1.73,0.06602518613354949,2.5105451630641378e-8,2.5103682775512746e-8,2.598573809465415e-8
12.013,1.73,0.1084562128786955,2.4716627027323227e-8,2.4714857898137877e-8,2.598573809465415e-8
12.013,1.73,0.17815550096589414,2.414125577214459e-8,2.4139488676334628e-8,2.598573809465415e-8
12.013,1.73,0.292646974128703,2.3277873949045838e-8,2.3276112006083846e-8,2.598573809465415e-8
12.013,1.73,0.480716289995901,2.1965469455775888e-8,2.1963724295700772e-8,2.598573809465415e-8
12.013,1.73,0.789648183294706,1.9956052306415903e-8,1.9954355297445068e-8,2.598573809465415e-8
12.013,1.73,1.297114881182717,1.689321212579683e-8,1.6891629833573588e-8,2.598573809465415e-8
12.013,1.73,2.1307045980472066,1.230546962505595e-8,1.2304164346796621e-8,2.598573809465415e-8
12.013,1.73,3.5000000000000004,5.11542436177522e-9,5.114784447655662e-9,2.598573809465415e-8
12.013,1.73,3.8,3.0845371951749667e-9,3.084139709336703e-9,2.598573809465415e-8
12.013,1.73,3.98,9.479440167340222e-10,9.478196343279262e-10,2.598573809465415e-8
12.013,1.73,3.9998,9.449726159285264e-11,9.448483754857512e-11,2.598573809465415e-8
12.013,4.71,1.0000000000000001e-7,5.6184822951322416e-8,5.618277041277914e-8,5.618506380817083e-8
12.013,4.71,1.6426491045299075e-7,5.6184822951322416e-8,5.618277041277914e-8,5.618506380817083e-8
12.013,4.71,2.698296080612907e-7,5.618481162382431e-8,5.618275896786128e-8,5.618506380817083e-8
12.013,4.71,4.432353640575351e-7,5.618470686464376e-8,5.618265432455758e-8,5.618506380817083e-8
12.013,4.71,7.280801738650976e-7,5.618455858773241e-8,5.618250604474877e-8,5.618506380817083e-8
12.013,4.71,1.1959802456254818e-6,5.6184348715482616e-8,5.6182296168843665e-8,5.618506380817083e-8
12.013,4.71,1.9645758795121526e-6,5.6184051660674484e-8,5.618199910894578e-8,5.618506380817083e-8
12.013,4.71,3.227108809261693e-6,5.6183631206869375e-8,5.618157864806771e-8,5.618506380817083e-8
12.013,4.71,5.301007395754297e-6,5.618303609281674e-8,5.618098352349296e-8,5.618506380817083e-8
12.013,4.71,8.707695051742211e-6,5.6182193762406334e-8,5.618014117924687e-8,5.618506380817083e-8
12.013,4.71,1.4303687479263852e-5,5.6181001517877276e-8,5.617894891337958e-8,5.618506380817083e-8
12.013,4.71,2.3495939429288417e-5,5.617931399701309e-8,5.61772613648371e-8,5.618506380817083e-8
12.013,4.71,3.8595583863609565e-5,5.6176925445974096e-8,5.617487277166315e-8,5.618506380817083e-8
12.013,4.71,6.33990012723672e-5,5.617354462282452e-8,5.617149189169264e-8,5.618506380817083e-8
12.013,4.71,0.00010414231266814445,5.616875926353447e-8,5.6166706450412365e-8,5.618506380817083e-8
12.013,4.71,0.00017106927664800093,5.616198575861164e-8,5.615993282766864e-8,5.618506380817083e-8
12.013,4.71,0.00028100679409841776,5.615239785989242e-8,5.615034476951781e-8,5.618506380817083e-8
12.013,4.71,0.00046159555869258604,5.61388256218519e-8,5.613677228917972e-8,5.618506380817083e-8
12.013,4.71,0.0007582395311413588,5.611961201879517e-8,5.6117558371716516e-8,5.618506380817083e-8
12.013,4.71,0.00124552148684853,5.609240921332934e-8,5.609035508024052e-8,5.618506380817083e-8
12.013,4.71,0.002045954755044497,5.605388839826842e-8,5.60518336281477e-8,5.618506380817083e-8
12.013,4.71,0.0033607857462825456,5.599932502167159e-8,5.59972692985286e-8,5.618506380817083e-8
12.013,4.71,0.005520591696647901,5.592200246143228e-8,5.591994542052844e-8,5.618506380817083e-8
12.013,4.71,0.009068395006973916,5.581234713045482e-8,5.581028824346083e-8,5.618506380817083e-8
12.013,4.71,0.01489619093772919,5.565665757740687e-8,5.565459596147652e-8,5.618506380817083e-8
12.013,4.71,0.024469214704767362,5.543520173832671e-8,5.5433136580218013e-8,5.618506380817083e-8
12.013,4.71,0.04019433362333615,5.511929480222588e-8,5.511722417442085e-8,5.618506380817083e-8
12.013,4.71,0.06602518613354949,5.466666443158548e-8,5.466458722017133e-8,5.618506380817083e-8
12.013,4.71,0.1084562128786955,5.4013819747688604e-8,5.401173282507006e-8,5.618506380817083e-8
12.013,4.71,0.17815550096589414,5.306299147621138e-8,5.3060894247891525e-8,5.618506380817083e-8
12.013,4.71,0.292646974128703,5.165897856235565e-8,5.165687121301731e-8,5.618506380817083e-8
12.013,4.71,0.480716289995901,4.954688895861733e-8,4.9544780370205584e-8,5.618506380817083e-8
12.013,4.71,0.789648183294706,4.629273755878094e-8,4.629066024754585e-8,5.618506380817083e-8
12.013,4.71,1.297114881182717,4.112396166239458e-8,4.112198769013417e-8,5.618506380817083e-8
12.013,4.71,2.1307045980472066,3.251695300118554e-8,3.2515269141310884e-8,5.618506380817083e-8
12.013,4.71,3.5000000000000004,1.548332195912562e-8,1.5482436754184133e-8,5.618506380817083e-8
12.013,4.71,3.8,9.614863304616144e-9,9.61430522681733e-9,5.618506380817083e-8
12.013,4.71,3.98,3.00715238711532e-9,3.006975523957047e-9,5.618506380817083e-8
12.013,4.71,3.9998,3.003502656288904e-10,3.003325736983716e-10,5.618506380817083e-8
12.53,0.00113,1.0000000000000001e-7,9.453514775170623e-8,9.453514865404159e-8,9.453586658319707e-8
12.53,0.00113,1.6426491045299075e-7,9.453484914370038e-8,9.453485004856007e-8,9.453586658319707e-8
12.53,0.00113,2.698296080612907e-7,9.453442649139276e-8,9.4534427400466e-8,9.453586658319707e-8
12.53,0.00113,4.432353640575351e-7,9.45338282653434e-8,9.453382917952066e-8,9.453586658319707e-8
12.53,0.00113,7.280801738650976e-7,9.453298152968159e-8,9.45329824520917e-8,9.453586658319707e-8
12.53,0.00113,1.1959802456254818e-6,9.453178304875435e-8,9.453178398191468e-8,9.453586658319707e-8
12.53,0.00113,1.9645758795121526e-6,9.453008669814488e-8,9.45300876468776e-8,9.453586658319707e-8
12.53,0.00113,3.227108809261693e-6,9.452768564320971e-8,9.452768661477366e-8,9.453586658319707e-8
12.53,0.00113,5.301007395754297e-6,9.452428710770927e-8,9.452428810862866e-8,9.453586658319707e-8
12.53,0.00113,8.707695051742211e-6,9.451947664563455e-8,9.451947769421027e-8,9.453586658319707e-8
12.53,0.00113,1.4303687479263852e-5,9.451266753568709e-8,9.451266864167895e-8,9.453586658319707e-8
12.53,0.00113,2.3495939429288417e-5,9.450302907230945e-8,9.450303027406147e-8,9.453586658319707e-8
12.53,0.00113,3.8595583863609565e-5,9.44893848820148e-8,9.448938620257576e-8,9.453586658319707e-8
12.53,0.00113,6.33990012723672e-5,9.447006857548625e-8,9.447007008046375e-8,9.453586658319707e-8
12.53,0.00113,0.00010414231266814445,9.444271847474266e-8,9.444272023277745e-8,9.453586658319707e-8
12.53,0.00113,0.00017106927664800093,9.440398489778989e-8,9.440398700447143e-8,9.453586658319707e-8
12.53,0.00113,0.00028100679409841776,9.4349110976657e-8,9.43491136239779e-8,9.453586658319707e-8
12.53,0.00113,0.00046159555869258604,9.427132849513848e-8,9.427133181387483e-8,9.453586658319707e-8
12.53,0.00113,0.0007582395311413588,9.416097880722105e-8,9.416098326711521e-8,9.453586658319707e-8
12.53,0.00113,0.00124552148684853,9.400421634011119e-8,9.40042221860723e-8,9.453586658319707e-8
12.53,0.00113,0.002045954755044497,9.378106128833472e-8,9.378106950444267e-8,9.453586658319707e-8
12.53,0.00113,0.0033607857462825456,9.346240711802343e-8,9.346241846745755e-8,9.453586658319707e-8
12.53,0.00113,0.005520591696647901,9.300530147634217e-8,9.300531779466629e-8,9.453586658319707e-8
12.53,0.00113,0.009068395006973916,9.234531721759106e-8,9.234534133937127e-8,9.453586658319707e-8
12.53,0.00113,0.01489619093772919,9.138400554783863e-8,9.138404060437167e-8,9.453586658319707e-8
12.53,0.00113,0.024469214704767362,8.99682604854656e-8,8.996831662465542e-8,9.453586658319707e-8
12.53,0.00113,0.04019433362333615,8.785743032849387e-8,8.785751282383872e-8,9.453586658319707e-8
12.53,0.00113,0.06602518613354949,8.467548974982633e-8,8.46756280634119e-8,9.453586658319707e-8
12.53,0.00113,0.1084562128786955,7.9856588291004e-8,7.98567938859884e-8,9.453586658319707e-8
12.53,0.00113,0.17815550096589414,7.262885429585573e-8,7.26291751416293e-8,9.453586658319707e-8
12.53,0.00113,0.292646974128703,6.216396027818402e-8,6.216440669295731e-8,9.453586658319707e-8
12.53,0.00113,0.480716289995901,4.81182950798166e-8,4.8118840050792335e-8,9.453586658319707e-8
12.53,0.00113,0.789648183294706,3.165371098335883e-8,3.1654262858179707e-8,9.453586658319707e-8
12.53,0.00113,1.297114881182717,1.613217982445293e-8,1.6132573257970894e-8,9.453586658319707e-8
12.53,0.00113,2.1307045980472066,5.545963062203662e-9,5.546116045034159e-9,9.453586658319707e-8
12.53,0.00113,3.5000000000000004,8.474121122174508e-10,8.474343032825306e-10,9.453586658319707e-8
12.53,0.00113,3.8,4.2582034920556746e-10,4.2582762641272423e-10,9.453586658319707e-8
12.53,0.00113,3.98,1.1801445697545698e-10,1.1801677027259552e-10,9.453586658319707e-8
12.53,0.00113,3.9998,1.1634625386159451e-11,1.1634859216128831e-11,9.453586658319707e-8
12.53,0.0037,1.0000000000000001e-7,9.442620611725867e-8,9.442620616015897e-8,9.442692277908523e-8
12.53,0.0037,1.6426491045299075e-7,9.442590841054861e-8,9.442590845336124e-8,9.442692277908523e-8
12.53,0.0037,2.698296080612907e-7,9.442548703394398e-8,9.44254870769171e-8,9.442692277908523e-8
12.53,0.0037,4.432353640575351e-7,9.442489061353953e-8,9.442489065665055e-8,9.442692277908523e-8
12.53,0.0037,7.280801738650976e-7,9.442404643361387e-8,9.442404647655394e-8,9.442692277908523e-8
12.53,0.0037,1.1959802456254818e-6,9.442285157012521e-8,9.44228516139201e-8,9.442692277908523e-8
12.53,0.0037,1.9645758795121526e-6,9.442116033973666e-8,9.442116038252223e-8,9.442692277908523e-8
12.53,0.0037,3.227108809261693e-6,9.441876653216684e-8,9.441876657715826e-8,9.442692277908523e-8
12.53,0.0037,5.301007395754297e-6,9.44153782550271e-8,9.441537829826448e-8,9.442692277908523e-8
12.53,0.0037,8.707695051742211e-6,9.44105823136048e-8,9.441058236008243e-8,9.442692277908523e-8
12.53,0.0037,1.4303687479263852e-5,9.440379375835452e-8,9.440379380428838e-8,9.442692277908523e-8
12.53,0.0037,2.3495939429288417e-5,9.439418439298269e-8,9.439418444017764e-8,9.442692277908523e-8
12.53,0.0037,3.8595583863609565e-5,9.438058139908913e-8,9.438058145256975e-8,9.442692277908523e-8
12.53,0.0037,6.33990012723672e-5,9.436132342713098e-8,9.436132347258836e-8,9.442692277908523e-8
12.53,0.0037,0.00010414231266814445,9.433405595035414e-8,9.433405601951234e-8,9.442692277908523e-8
12.53,0.0037,0.00017106927664800093,9.429543944912141e-8,9.429543949373985e-8,9.442692277908523e-8
12.53,0.0037,0.00028100679409841776,9.424073153031614e-8,9.424073162494688e-8,9.442692277908523e-8
12.53,0.0037,0.00046159555869258604,9.416318466876158e-8,9.416318473459086e-8,9.442692277908523e-8
12.53,0.0037,0.0007582395311413588,9.405316995477453e-8,9.405317007886031e-8,9.442692277908523e-8
12.53,0.0037,0.00124552148684853,9.389688489089366e-8,9.389688504617669e-8,9.442692277908523e-8
12.53,0.0037,0.002045954755044497,9.36744127724885e-8,9.367441290576177e-8,9.442692277908523e-8
12.53,0.0037,0.0033607857462825456,9.335674090293176e-8,9.335674133293095e-8,9.442692277908523e-8
12.53,0.0037,0.005520591696647901,9.290105911168472e-8,9.290105919797012e-8,9.442692277908523e-8
12.53,0.0037,0.009068395006973916,9.224316021012003e-8,9.224316139792997e-8,9.442692277908523e-8
12.53,0.0037,0.01489619093772919,9.12849421838441e-8,9.128494245302472e-8,9.442692277908523e-8
12.53,0.0037,0.024469214704767362,8.987385141620313e-8,8.987385434240529e-8,9.442692277908523e-8
12.53,0.0037,0.04019433362333615,8.777010814697041e-8,8.777011058455071e-8,9.442692277908523e-8
12.53,0.0037,0.06602518613354949,8.4599002075272e-8,8.45990072064081e-8,9.442692277908523e-8
12.53,0.0037,0.1084562128786955,7.979644298997703e-8,7.979645398892467e-8,9.442692277908523e-8
12.53,0.0037,0.17815550096589414,7.259226453136607e-8,7.259226836057003e-8,9.442692277908523e-8
12.53,0.0037,0.292646974128703,6.215806177917017e-8,6.215808495235164e-8,9.442692277908523e-8
12.53,0.0037,0.480716289995901,4.8144994508314395e-8,4.8144995478445965e-8,9.442692277908523e-8
12.53,0.0037,0.789648183294706,3.17022094833811e-8,3.1702217476408554e-8,9.442692277908523e-8
12.53,0.0037,1.297114881182717,1.61785793805736e-8,1.617857869822602e-8,9.442692277908523e-8
12.53,0.0037,2.1307045980472066,5.570721678768567e-9,5.570708878109608e-9,9.442692277908523e-8
12.53,0.0037,3.5000000000000004,8.523775895379532e-10,8.523739998947496e-10,9.442692277908523e-8
12.53,0.0037,3.8,4.283855108207299e-10,4.283832804201179e-10,9.442692277908523e-8
12.53,0.0037,3.98,1.1873491355285092e-10,1.1873414529152864e-10,9.442692277908523e-8
12.53,0.0037,3.9998,1.1705747284735467e-11,1.1705676965256532e-11,9.442692277908523e-8
12.53,0.0127,1.0000000000000001e-7,9.405761024498297e-8,9.405761028328802e-8,9.405831947379515e-8
12.53,0.0127,1.6426491045299075e-7,9.405731562600625e-8,9.405731566451249e-8,9.405831947379515e-8
12.53,0.0127,2.698296080612907e-7,9.40568986198098e-8,9.405689865827081e-8,9.405831947379515e-8
12.53,0.0127,4.432353640575351e-7,9.405630838533215e-8,9.405630842387626e-8,9.405831947379515e-8
12.53,0.0127,7.280801738650976e-7,9.405547296105754e-8,9.405547299996052e-8,9.405831947379515e-8
12.53,0.0127,1.1959802456254818e-6,9.405429049048698e-8,9.405429052890711e-8,9.405831947379515e-8
12.53,0.0127,1.9645758795121526e-6,9.405261680137152e-8,9.405261684118575e-8,9.405831947379515e-8
12.53,0.0127,3.227108809261693e-6,9.405024782241926e-8,9.405024786072948e-8,9.405831947379515e-8
12.53,0.0127,5.301007395754297e-6,9.404689468920938e-8,9.404689473043103e-8,9.405831947379515e-8
12.53,0.0127,8.707695051742211e-6,9.404214849381798e-8,9.404214853321629e-8,9.405831947379515e-8
12.53,0.0127,1.4303687479263852e-5,9.40354303565068e-8,9.403543039907966e-8,9.405831947379515e-8
12.53,0.0127,2.3495939429288417e-5,9.402592067740013e-8,9.402592072115309e-8,9.405831947379515e-8
12.53,0.0127,3.8595583863609565e-5,9.40124588173505e-8,9.401245885961411e-8,9.405831947379515e-8
12.53,0.0127,6.33990012723672e-5,9.399340069236316e-8,9.399340074685461e-8,9.405831947379515e-8
12.53,0.0127,0.00010414231266814445,9.396641627466544e-8,9.396641631372713e-8,9.405831947379515e-8
12.53,0.0127,0.00017106927664800093,9.392820085903685e-8,9.392820093379839e-8,9.405831947379515e-8
12.53,0.0127,0.00028100679409841776,9.387406164013759e-8,9.387406168281399e-8,9.405831947379515e-8
12.53,0.0127,0.00046159555869258604,9.379732197484327e-8,9.379732207883143e-8,9.405831947379515e-8
12.53,0.0127,0.0007582395311413588,9.368845482027329e-8,9.368845490395241e-8,9.405831947379515e-8
12.53,0.0127,0.00124552148684853,9.35338052366843e-8,9.353380536575066e-8,9.405831947379515e-8
12.53,0.0127,0.002045954755044497,9.331367266858539e-8,9.331367290075445e-8,9.405831947379515e-8
12.53,0.0127,0.0033607857462825456,9.299936584274009e-8,9.2999365952419e-8,9.405831947379515e-8
12.53,0.0127,0.005520591696647901,9.254856159578576e-8,9.254856226949504e-8,9.405831947379515e-8
12.53,0.0127,0.009068395006973916,9.189780614444046e-8,9.18978061851862e-8,9.405831947379515e-8
12.53,0.0127,0.01489619093772919,9.095018536031888e-8,9.095018719631465e-8,9.405831947379515e-8
12.53,0.0127,0.024469214704767362,8.955503811242946e-8,8.955503875474593e-8,9.405831947379515e-8
12.53,0.0127,0.04019433362333615,8.747557327508427e-8,8.747557733098765e-8,9.405831947379515e-8
12.53,0.0127,0.06602518613354949,8.434159144813774e-8,8.434159632676978e-8,9.405831947379515e-8
12.53,0.0127,0.1084562128786955,7.959505003514732e-8,7.959505523564463e-8,9.405831947379515e-8
12.53,0.0127,0.17815550096589414,7.247166542293795e-8,7.247168204283558e-8,9.405831947379515e-8
12.53,0.0127,0.292646974128703,6.214283359430286e-8,6.21428348588247e-8,9.405831947379515e-8
12.53,0.0127,0.480716289995901,4.824181940390304e-8,4.824183984646344e-8,9.405831947379515e-8
12.53,0.0127,0.789648183294706,3.187396420438744e-8,3.187396528470811e-8,9.405831947379515e-8
12.53,0.0127,1.297114881182717,1.6342485207097316e-8,1.634247751298346e-8,9.405831947379515e-8
12.53,0.0127,2.1307045980472066,5.658464249922962e-9,5.658460055453499e-9,9.405831947379515e-8
12.53,0.0127,3.5000000000000004,8.700739530430276e-10,8.700704919910781e-10,9.405831947379515e-8
12.53,0.0127,3.8,4.375363792212349e-10,4.375352556148892e-10,9.405831947379515e-8
12.53,0.0127,3.98,1.2130643397510594e-10,1.2130626366769384e-10,9.405831947379515e-8
12.53,0.0127,3.9998,1.1959616713620442e-11,1.1959592371816067e-11,9.405831947379515e-8
12.53,0.047,1.0000000000000001e-7,9.282848616973436e-8,9.282848613628174e-8,9.282916928374563e-8
12.53,0.047,1.6426491045299075e-7,9.282820239905353e-8,9.282820236585475e-8,9.282916928374563e-8
12.53,0.047,2.698296080612907e-7,9.282780074764213e-8,9.282780071420604e-8,9.282916928374563e-8
12.53,0.047,4.432353640575351e-7,9.282723224650597e-8,9.282723221349428e-8,9.282916928374563e-8
12.53,0.047,7.280801738650976e-7,9.282642758391908e-8,9.282642755073851e-8,9.282916928374563e-8
12.53,0.047,1.1959802456254818e-6,9.282528865403497e-8,9.282528862112987e-8,9.282916928374563e-8
12.53,0.047,1.9645758795121526e-6,9.282367659358509e-8,9.282367656120832e-8,9.282916928374563e-8
12.53,0.047,3.227108809261693e-6,9.282139484629256e-8,9.282139481316409e-8,9.282916928374563e-8
12.53,0.047,5.301007395754297e-6,9.281816518603253e-8,9.281816515540268e-8,9.282916928374563e-8
12.53,0.047,8.707695051742211e-6,9.281359376583068e-8,9.281359373227434e-8,9.282916928374563e-8
12.53,0.047,1.4303687479263852e-5,9.280712303120345e-8,9.280712300342505e-8,9.282916928374563e-8
12.53,0.047,2.3495939429288417e-5,9.279796358425619e-8,9.279796355222357e-8,9.282916928374563e-8
12.53,0.047,3.8595583863609565e-5,9.27849975752467e-8,9.278499755051807e-8,9.282916928374563e-8
12.53,0.047,6.33990012723672e-5,9.276664157877942e-8,9.276664155437974e-8,9.282916928374563e-8
12.53,0.047,0.00010414231266814445,9.274065163760428e-8,9.274065161297362e-8,9.282916928374563e-8
12.53,0.047,0.00017106927664800093,9.27038453550918e-8,9.270384535115325e-8,9.282916928374563e-8
12.53,0.047,0.00028100679409841776,9.26517041304928e-8,9.265170409905717e-8,9.282916928374563e-8
12.53,0.047,0.00046159555869258604,9.257780032243315e-8,9.257780036061988e-8,9.282916928374563e-8
12.53,0.047,0.0007582395311413588,9.247296471435807e-8,9.24729646833125e-8,9.282916928374563e-8
12.53,0.047,0.00124552148684853,9.232406064886225e-8,9.23240607577524e-8,9.282916928374563e-8
12.53,0.047,0.002045954755044497,9.211214669966102e-8,9.211214674366062e-8,9.282916928374563e-8
12.53,0.047,0.0033607857462825456,9.180966034233355e-8,9.180966053893104e-8,9.282916928374563e-8
12.53,0.047,0.005520591696647901,9.137598854783784e-8,9.137598893640394e-8,9.282916928374563e-8
12.53,0.047,0.009068395006973916,9.075032328821312e-8,9.075032349396922e-8,9.282916928374563e-8
12.53,0.047,0.01489619093772919,8.983992324747177e-8,8.98399248545731e-8,9.282916928374563e-8
12.53,0.047,0.024469214704767362,8.850078021652893e-8,8.850078018711648e-8,9.282916928374563e-8
12.53,0.047,0.04019433362333615,8.65066252318885e-8,8.650663021881046e-8,9.282916928374563e-8
12.53,0.047,0.06602518613354949,8.350318532806802e-8,8.350318643699914e-8,9.282916928374563e-8
12.53,0.047,0.1084562128786955,7.895388769697205e-8,7.895389805232973e-8,9.282916928374563e-8
12.53,0.047,0.17815550096589414,7.211562801997007e-8,7.211563703359496e-8,9.282916928374563e-8
12.53,0.047,0.292646974128703,6.215991521269326e-8,6.215992470289752e-8,9.282916928374563e-8
12.53,0.047,0.480716289995901,4.865731169970898e-8,4.8657329097107847e-8,9.282916928374563e-8
12.53,0.047,0.789648183294706,3.2555549444527175e-8,3.25555492066647e-8,9.282916928374563e-8
12.53,0.047,1.297114881182717,1.6987129202076366e-8,1.69871223856095e-8,9.282916928374563e-8
12.53,0.047,2.1307045980472066,6.007629220966107e-9,6.007628648437774e-9,9.282916928374563e-8
12.53,0.047,3.5000000000000004,9.419609299481702e-10,9.41954667144052e-10,9.282916928374563e-8
12.53,0.047,3.8,4.748432368636709e-10,4.74843061276292e-10,9.282916928374563e-8
12.53,0.047,3.98,1.3181099846896297e-10,1.3181036554337216e-10,9.282916928374563e-8
12.53,0.047,3.9998,1.2996882157545532e-11,1.2996811261175297e-11,9.282916928374563e-8
12.53,0.173,1.0000000000000001e-7,9.034428952945485e-8,9.034428929896464e-8,9.034490103814496e-8
12.53,0.173,1.6426491045299075e-7,9.034403550419325e-8,9.034403527366895e-8,9.034490103814496e-8
12.53,0.173,2.698296080612907e-7,9.034367595474096e-8,9.034367572444842e-8,9.034490103814496e-8
12.53,0.173,4.432353640575351e-7,9.034316704520647e-8,9.034316681461997e-8,9.034490103814496e-8
12.53,0.173,7.280801738650976e-7,9.034244672943642e-8,9.034244649950177e-8,9.034490103814496e-8
12.53,0.173,1.1959802456254818e-6,9.034142718565763e-8,9.034142695514255e-8,9.034490103814496e-8
12.53,0.173,1.9645758795121526e-6,9.033998410751468e-8,9.03399838780413e-8,9.034490103814496e-8
12.53,0.173,3.227108809261693e-6,9.033794154445037e-8,9.033794131463364e-8,9.034490103814496e-8
12.53,0.173,5.301007395754297e-6,9.033505043988182e-8,9.033505021065292e-8,9.034490103814496e-8
12.53,0.173,8.707695051742211e-6,9.033095824295788e-8,9.033095801524892e-8,9.034490103814496e-8
12.53,0.173,1.4303687479263852e-5,9.03251658714972e-8,9.032516564169601e-8,9.034490103814496e-8
12.53,0.173,2.3495939429288417e-5,9.03169667389635e-8,9.031696651574928e-8,9.034490103814496e-8
12.53,0.173,3.8595583863609565e-5,9.03053603200463e-8,9.030536008938885e-8,9.034490103814496e-8
12.53,0.173,6.33990012723672e-5,9.028892950809323e-8,9.028892929213485e-8,9.034490103814496e-8
12.53,0.173,0.00010414231266814445,9.026566633842451e-8,9.026566611234108e-8,9.034490103814496e-8
12.53,0.173,0.00017106927664800093,9.023272376106506e-8,9.023272355284964e-8,9.034490103814496e-8
12.53,0.173,0.00028100679409841776,9.018606080091762e-8,9.018606059586408e-8,9.034490103814496e-8
12.53,0.173,0.00046159555869258604,9.011993250119302e-8,9.01199322933676e-8,9.034490103814496e-8
12.53,0.173,0.0007582395311413588,9.002615067268791e-8,9.002615052527471e-8,9.034490103814496e-8
12.53,0.173,0.00124552148684853,8.989299959691964e-8,8.989299937214045e-8,9.034490103814496e-8
12.53,0.173,0.002045954755044497,8.970361922438525e-8,8.97036192074527e-8,9.034490103814496e-8
12.53,0.173,0.0033607857462825456,8.943354243430635e-8,8.943354221929197e-8,9.034490103814496e-8
12.53,0.173,0.005520591696647901,8.904684814774852e-8,8.904684839211757e-8,9.034490103814496e-8
12.53,0.173,0.009068395006973916,8.848999426093677e-8,8.848999433475851e-8,9.034490103814496e-8
12.53,0.173,0.01489619093772919,8.768171966734185e-8,8.768172030755898e-8,9.034490103814496e-8
12.53,0.173,0.024469214704767362,8.649637705208124e-8,8.64963786104237e-8,9.034490103814496e-8
12.53,0.173,0.04019433362333615,8.47368902775046e-8,8.473689095509947e-8,9.034490103814496e-8
12.53,0.173,0.06602518613354949,8.20935684853351e-8,8.209357511621512e-8,9.034490103814496e-8
12.53,0.173,0.1084562128786955,7.809091935116582e-8,7.809091904245916e-8,9.034490103814496e-8
12.53,0.173,0.17815550096589414,7.204844221252893e-8,7.204845833987984e-8,9.034490103814496e-8
12.53,0.173,0.292646974128703,6.31442218422658e-8,6.314422511521339e-8,9.034490103814496e-8
12.53,0.173,0.480716289995901,5.0775076172507406e-8,5.0775092310844084e-8,9.034490103814496e-8
12.53,0.173,0.789648183294706,3.541517000723513e-8,3.541517799043325e-8,9.034490103814496e-8
12.53,0.173,1.297114881182717,1.961928328271019e-8,1.9619280222861702e-8,9.034490103814496e-8
12.53,0.173,2.1307045980472066,7.489906400500487e-9,7.489893941612129e-9,9.034490103814496e-8
12.53,0.173,3.5000000000000004,1.2696861827370318e-9,1.2696853550079063e-9,9.034490103814496e-8
12.53,0.173,3.8,6.470832139144489e-10,6.470791055293209e-10,9.034490103814496e-8
12.53,0.173,3.98,1.8064910806760342e-10,1.806490688697565e-10,9.034490103814496e-8
12.53,0.173,3.9998,1.782294477007888e-11,1.782294400686108e-11,9.034490103814496e-8
12.53,0.61,1.0000000000000001e-7,9.732891167530405e-8,9.732891239743627e-8,9.732943353676175e-8
12.53,0.61,1.6426491045299075e-7,9.73286948902298e-8,9.73286956111918e-8,9.732943353676175e-8
12.53,0.61,2.698296080612907e-7,9.732838805092488e-8,9.732838877195592e-8,9.732943353676175e-8
12.53,0.61,4.432353640575351e-7,9.732795374799044e-8,9.732795446891225e-8,9.732943353676175e-8
12.53,0.61,7.280801738650976e-7,9.732733903158935e-8,9.732733975297021e-8,9.732943353676175e-8
12.53,0.61,1.1959802456254818e-6,9.732646895543147e-8,9.732646967627865e-8,9.732943353676175e-8
12.53,0.61,1.9645758795121526e-6,9.732523743834971e-8,9.732523816032531e-8,9.732943353676175e-8
12.53,0.61,3.227108809261693e-6,9.732349432847605e-8,9.732349504959558e-8,9.732943353676175e-8
12.53,0.61,5.301007395754297e-6,9.732102709093651e-8,9.732102781361449e-8,9.732943353676175e-8
12.53,0.61,8.707695051742211e-6,9.731753488192234e-8,9.731753560448085e-8,9.732943353676175e-8
12.53,0.61,1.4303687479263852e-5,9.7312591837851e-8,9.731259256077751e-8,9.732943353676175e-8
12.53,0.61,2.3495939429288417e-5,9.730559507991932e-8,9.730559580635977e-8,9.732943353676175e-8
12.53,0.61,3.8595583863609565e-5,9.729569103995574e-8,9.729569176188766e-8,9.732943353676175e-8
12.53,0.61,6.33990012723672e-5,9.728167100000995e-8,9.7281671734231e-8,9.732943353676175e-8
12.53,0.61,0.00010414231266814445,9.726182282488768e-8,9.726182354673395e-8,9.732943353676175e-8
12.53,0.61,0.00017106927664800093,9.723372016503293e-8,9.723372091111803e-8,9.732943353676175e-8
12.53,0.61,0.00028100679409841776,9.719392197325554e-8,9.719392270636936e-8,9.732943353676175e-8
12.53,0.61,0.00046159555869258604,9.713754243775762e-8,9.713754319536824e-8,9.732943353676175e-8
12.53,0.61,0.0007582395311413588,9.705763164350978e-8,9.705763241875658e-8,9.732943353676175e-8
12.53,0.61,0.00124552148684853,9.694427547887964e-8,9.694427623465103e-8,9.732943353676175e-8
12.53,0.61,0.002045954755044497,9.678327031045679e-8,9.678327119727366e-8,9.732943353676175e-8
12.53,0.61,0.0033607857462825456,9.655413651919226e-8,9.655413724999522e-8,9.732943353676175e-8
12.53,0.61,0.005520591696647901,9.622707314913084e-8,9.622707429430226e-8,9.732943353676175e-8
12.53,0.61,0.009068395006973916,9.575816667948615e-8,9.575816748443488e-8,9.732943353676175e-8
12.53,0.61,0.01489619093772919,9.508165764738144e-8,9.508165932114886e-8,9.732943353676175e-8
12.53,0.61,0.024469214704767362,9.409721923925322e-8,9.409722080997085e-8,9.732943353676175e-8
12.53,0.61,0.04019433362333615,9.264896102247789e-8,9.264896340698137e-8,9.732943353676175e-8
12.53,0.61,0.06602518613354949,9.049165374708171e-8,9.049165880622342e-8,9.732943353676175e-8
12.53,0.61,0.1084562128786955,8.724058182633377e-8,8.724058388593874e-8,9.732943353676175e-8
12.53,0.61,0.17815550096589414,8.23112648756848e-8,8.231127953248708e-8,9.732943353676175e-8
12.53,0.61,0.292646974128703,7.489052145713062e-8,7.489052254077575e-8,9.732943353676175e-8
12.53,0.61,0.480716289995901,6.40659701319417e-8,6.406599397492133e-8,9.732943353676175e-8
12.53,0.61,0.789648183294706,4.936237584895607e-8,4.936238291911651e-8,9.732943353676175e-8
12.53,0.61,1.297114881182717,3.185244903867949e-8,3.185245453141733e-8,9.732943353676175e-8
12.53,0.61,2.1307045980472066,1.5087830189252334e-8,1.5087825617967822e-8,9.732943353676175e-8
12.53,0.61,3.5000000000000004,3.3245381433613474e-9,3.32453240790899e-9,9.732943353676175e-8
12.53,0.61,3.8,1.769360282618633e-9,1.769355177218005e-9,9.732943353676175e-8
12.53,0.61,3.98,5.058378541858558e-10,5.058377030157481e-10,9.732943353676175e-8
12.53,0.61,3.9998,5.0031868060591186e-11,5.003182952432566e-11,9.732943353676175e-8
12.53,1.73,1.0000000000000001e-7,1.607395580509346e-7,1.6073955949975668e-7,1.607402022480956e-7
12.53,1.73,1.6426491045299075e-7,1.6073934865431833e-7,1.6073935009349544e-7,1.607402022480956e-7
12.53,1.73,2.698296080612907e-7,1.6073899406523167e-7,1.6073899551411597e-7,1.607402022480956e-7
12.53,1.73,4.432353640575351e-7,1.607384921770724e-7,1.6073849362624508e-7,1.607402022480956e-7
12.53,1.73,7.280801738650976e-7,1.6073778180042254e-7,1.6073778324933063e-7,1.607402022480956e-7
12.53,1.73,1.1959802456254818e-6,1.6073677632689762e-7,1.6073677777660645e-7,1.607402022480956e-7
12.53,1.73,1.9645758795121526e-6,1.6073535316933467e-7,1.6073535461812606e-7,1.607402022480956e-7
12.53,1.73,3.227108809261693e-6,1.607333388145834e-7,1.6073334026514286e-7,1.607402022480956e-7
12.53,1.73,5.301007395754297e-6,1.607304876653217e-7,1.6073048911464494e-7,1.607402022480956e-7
12.53,1.73,8.707695051742211e-6,1.6072645208846198e-7,1.607264535398664e-7,1.607402022480956e-7
12.53,1.73,1.4303687479263852e-5,1.607207400118887e-7,1.6072074146363133e-7,1.607402022480956e-7
12.53,1.73,2.3495939429288417e-5,1.6071265488456557e-7,1.6071265633581306e-7,1.607402022480956e-7
12.53,1.73,3.8595583863609565e-5,1.6070121064506477e-7,1.607012121029664e-7,1.607402022480956e-7
12.53,1.73,6.33990012723672e-5,1.6068501125145515e-7,1.6068501270052876e-7,1.607402022480956e-7
12.53,1.73,0.00010414231266814445,1.606620799018288e-7,1.606620813713892e-7,1.607402022480956e-7
12.53,1.73,0.00017106927664800093,1.6062961670705992e-7,1.606296181568291e-7,1.607402022480956e-7
12.53,1.73,0.00028100679409841776,1.6058365432505577e-7,1.6058365581077543e-7,1.607402022480956e-7
12.53,1.73,0.00046159555869258604,1.6051856743472386e-7,1.6051856890453984e-7,1.607402022480956e-7
12.53,1.73,0.0007582395311413588,1.6042637144789546e-7,1.6042637294504068e-7,1.607402022480956e-7
12.53,1.73,0.00124552148684853,1.6029571426717345e-7,1.602957158059045e-7,1.607402022480956e-7
12.53,1.73,0.002045954755044497,1.6011041455209876e-7,1.6011041603406448e-7,1.607402022480956e-7
12.53,1.73,0.0033607857462825456,1.5984731672570813e-7,1.598473184368724e-7,1.607402022480956e-7
12.53,1.73,0.005520591696647901,1.5947309032812132e-7,1.5947309176684852e-7,1.607402022480956e-7
12.53,1.73,0.009068395006973916,1.5893934977983943e-7,1.5893935186445194e-7,1.607402022480956e-7
12.53,1.73,0.01489619093772919,1.5817502043303934e-7,1.5817502203355786e-7,1.607402022480956e-7
12.53,1.73,0.024469214704767362,1.5707407689791735e-7,1.5707407967236752e-7,1.607402022480956e-7
12.53,1.73,0.04019433362333615,1.5547541528842645e-7,1.554754181845393e-7,1.607402022480956e-7
12.53,1.73,0.06602518613354949,1.531295218143077e-7,1.5312952529281296e-7,1.607402022480956e-7
12.53,1.73,0.1084562128786955,1.496441476662358e-7,1.496441559565139e-7,1.607402022480956e-7
12.53,1.73,0.17815550096589414,1.4440099983302614e-7,1.444010022761332e-7,1.607402022480956e-7
12.53,1.73,0.292646974128703,1.3644673054127817e-7,1.3644675243882808e-7,1.607402022480956e-7
12.53,1.73,0.480716289995901,1.2440848573137925e-7,1.2440848788561406e-7,1.607402022480956e-7
12.53,1.73,0.789648183294706,1.066101334561115e-7,1.066101656278985e-7,1.607402022480956e-7
12.53,1.73,1.297114881182717,8.177475327502971e-8,8.177476472250462e-8,1.607402022480956e-7
12.53,1.73,2.1307045980472066,5.064745919161163e-8,5.064746279029007e-8,1.607402022480956e-7
12.53,1.73,3.5000000000000004,1.6323166736447773e-8,1.632315888767078e-8,1.607402022480956e-7
12.53,1.73,3.8,9.336646795920912e-9,9.336637294317575e-9,1.607402022480956e-7
12.53,1.73,3.98,2.7815670718780593e-9,2.78156340582661e-9,1.607402022480956e-7
12.53,1.73,3.9998,2.7634647147137877e-10,2.7634613615898367e-10,1.607402022480956e-7
12.53,4.71,1.0000000000000001e-7,4.0159155456408705e-7,4.015918231269583e-7,4.015930889660342e-7
12.53,4.71,1.6426491045299075e-7,4.0159155456408705e-7,4.015918231269583e-7,4.015930889660342e-7
12.53,4.71,2.698296080612907e-7,4.015909680101935e-7,4.015912365837146e-7,4.015930889660342e-7
12.53,4.71,4.432353640575351e-7,4.0159008694980095e-7,4.0159035550908216e-7,4.015930889660342e-7
12.53,4.71,7.280801738650976e-7,4.0158883989024217e-7,4.015891084457365e-7,4.015930889660342e-7
12.53,4.71,1.1959802456254818e-6,4.0158707479228403e-7,4.0158734334439977e-7,4.015930889660342e-7
12.53,4.71,1.9645758795121526e-6,4.0158457645773904e-7,4.0158484500137603e-7,4.015930889660342e-7
12.53,4.71,3.227108809261693e-6,4.0158104029175906e-7,4.015813088286407e-7,4.015930889660342e-7
12.53,4.71,5.301007395754297e-6,4.015760351644484e-7,4.01576303685716e-7,4.015930889660342e-7
12.53,4.71,8.707695051742211e-6,4.0156895084179407e-7,4.015692193465819e-7,4.015930889660342e-7
12.53,4.71,1.4303687479263852e-5,4.015589235717964e-7,4.015591920504589e-7,4.015930889660342e-7
12.53,4.71,2.3495939429288417e-5,4.0154473074185336e-7,4.0154499917921164e-7,4.015930889660342e-7
12.53,4.71,3.8595583863609565e-5,4.0152464173756914e-7,4.015249101326873e-7,4.015930889660342e-7
12.53,4.71,6.33990012723672e-5,4.0149620675863727e-7,4.0149647505862025e-7,4.015930889660342e-7
12.53,4.71,0.00010414231266814445,4.0145595770368236e-7,4.014562259291671e-7,4.015930889660342e-7
12.53,4.71,0.00017106927664800093,4.013989843335264e-7,4.013992523695325e-7,4.015930889660342e-7
12.53,4.71,0.00028100679409841776,4.0131833330130485e-7,4.013186011724909e-7,4.015930889660342e-7
12.53,4.71,0.00046159555869258604,4.012041550986251e-7,4.0120442263677864e-7,4.015930889660342e-7
12.53,4.71,0.0007582395311413588,4.0104249109860806e-7,4.0104275822117973e-7,4.015930889660342e-7
12.53,4.71,0.00124552148684853,4.0081354419366227e-7,4.0081381077438924e-7,4.015930889660342e-7
12.53,4.71,0.002045954755044497,4.004892028250153e-7,4.004894683828402e-7,4.015930889660342e-7
12.53,4.71,0.0033607857462825456,4.0002947335490623e-7,4.0002973803622036e-7,4.015930889660342e-7
12.53,4.71,0.005520591696647901,3.993772903573764e-7,3.993775527724909e-7,4.015930889660342e-7
12.53,4.71,0.009068395006973916,3.9845086341611656e-7,3.984511241935647e-7,4.015930889660342e-7
12.53,4.71,0.01489619093772919,3.971321777427867e-7,3.971324341620954e-7,4.015930889660342e-7
12.53,4.71,0.024469214704767362,3.952492964690233e-7,3.9524954889201717e-7,4.015930889660342e-7
12.53,4.71,0.04019433362333615,3.925483515217677e-7,3.9254859658220433e-7,4.015930889660342e-7
12.53,4.71,0.06602518613354949,3.8864793387074214e-7,3.886481674646331e-7,4.015930889660342e-7
12.53,4.71,0.1084562128786955,3.8296307685566805e-7,3.829633000107357e-7,4.015930889660342e-7
12.53,4.71,0.17815550096589414,3.745772650195653e-7,3.745774549802065e-7,4.015930889660342e-7
12.53,4.71,0.292646974128703,3.6202965182956106e-7,3.620298284374324e-7,4.015930889660342e-7
12.53,4.71,0.480716289995901,3.429783952451377e-7,3.429784950058575e-7,4.015930889660342e-7
12.53,4.71,0.789648183294706,3.137235253920107e-7,3.1372359024363524e-7,4.015930889660342e-7
12.53,4.71,1.297114881182717,2.686517025555951e-7,2.686516539353028e-7,4.015930889660342e-7
12.53,4.71,2.1307045980472066,1.9947999927331215e-7,1.9947987292223565e-7,4.015930889660342e-7
12.53,4.71,3.5000000000000004,8.550027637446174e-8,8.550016361764904e-8,4.015930889660342e-7
12.53,4.71,3.8,5.188873663089417e-8,5.188865633160135e-8,4.015930889660342e-7
12.53,4.71,3.98,1.6007410426086028e-8,1.600738585745826e-8,4.015930889660342e-7
12.53,4.71,3.9998,1.596388581886267e-9,1.5963861076103695e-9,4.015930889660342e-7
13.07,0.00113,1.0000000000000001e-7,5.185898930001138e-7,5.185898987885302e-7,5.185965393524999e-7
13.07,0.00113,1.6426491045299075e-7,5.185871320521031e-7,5.185871378643051e-7,5.185965393524999e-7
13.07,0.00113,2.698296080612907e-7,5.185832241785474e-7,5.1858323002863e-7,5.185965393524999e-7
13.07,0.00113,4.432353640575351e-7,5.185776929276426e-7,5.185776988279614e-7,5.185965393524999e-7
13.07,0.00113,7.280801738650976e-7,5.185698639119133e-7,5.185698698837119e-7,5.185965393524999e-7
13.07,0.00113,1.1959802456254818e-6,5.18558782565683e-7,5.185587886440328e-7,5.185965393524999e-7
13.07,0.00113,1.9645758795121526e-6,5.185430977140412e-7,5.185431039275104e-7,5.185965393524999e-7
13.07,0.00113,3.227108809261693e-6,5.185208967194188e-7,5.185209031542826e-7,5.185965393524999e-7
13.07,0.00113,5.301007395754297e-6,5.184894720179551e-7,5.184894787193014e-7,5.185965393524999e-7
13.07,0.00113,8.707695051742211e-6,5.184449903777619e-7,5.184449975208516e-7,5.185965393524999e-7
13.07,0.00113,1.4303687479263852e-5,5.183820240884692e-7,5.183820317859616e-7,5.185965393524999e-7
13.07,0.00113,2.3495939429288417e-5,5.182928858612666e-7,5.182928944051583e-7,5.185965393524999e-7
13.07,0.00113,3.8595583863609565e-5,5.181666839367328e-7,5.181666936616138e-7,5.185965393524999e-7
13.07,0.00113,6.33990012723672e-5,5.179879767468579e-7,5.17987988069477e-7,5.185965393524999e-7
13.07,0.00113,0.00010414231266814445,5.177348508628291e-7,5.177348646962556e-7,5.185965393524999e-7
13.07,0.00113,0.00017106927664800093,5.173761605887508e-7,5.173761775085919e-7,5.185965393524999e-7
13.07,0.00113,0.00028100679409841776,5.168675323146897e-7,5.168675544775394e-7,5.185965393524999e-7
13.07,0.00113,0.00046159555869258604,5.16145514648111e-7,5.161455432032029e-7,5.185965393524999e-7
13.07,0.00113,0.0007582395311413588,5.151188773028105e-7,5.151189165646306e-7,5.185965393524999e-7
13.07,0.00113,0.00124552148684853,5.136553988860385e-7,5.136554524766223e-7,5.185965393524999e-7
13.07,0.00113,0.002045954755044497,5.115613024389033e-7,5.115613780273678e-7,5.185965393524999e-7
13.07,0.00113,0.0033607857462825456,5.08548402473745e-7,5.085485129718844e-7,5.185965393524999e-7
13.07,0.00113,0.005520591696647901,5.041804476779942e-7,5.041806057261401e-7,5.185965393524999e-7
13.07,0.00113,0.009068395006973916,4.97784590002382e-7,4.977848400629953e-7,5.185965393524999e-7
13.07,0.00113,0.01489619093772919,4.883072246541668e-7,4.883075895943943e-7,5.185965393524999e-7
13.07,0.00113,0.024469214704767362,4.740919642072414e-7,4.740925727547021e-7,5.185965393524999e-7
13.07,0.00113,0.04019433362333615,4.525841292028534e-7,4.5258504488494035e-7,5.185965393524999e-7
13.07,0.00113,0.06602518613354949,4.200819937703574e-7,4.200834529474861e-7,5.185965393524999e-7
13.07,0.00113,0.1084562128786955,3.7197375658805605e-7,3.7197589873170943e-7,5.185965393524999e-7
13.07,0.00113,0.17815550096589414,3.0447027757499886e-7,3.0447310289864706e-7,5.185965393524999e-7
13.07,0.00113,0.292646974128703,2.1905061770940323e-7,2.1905394363364447e-7,5.185965393524999e-7
13.07,0.00113,0.480716289995901,1.2832206019456978e-7,1.283249528468962e-7,5.185965393524999e-7
13.07,0.00113,0.789648183294706,5.4949523791536086e-8,5.4951302731918685e-8,5.185965393524999e-7
13.07,0.00113,1.297114881182717,1.499130830515733e-8,1.4991944913093773e-8,5.185965393524999e-7
13.07,0.00113,2.1307045980472066,2.2309198795416624e-9,2.231005597565558e-9,5.185965393524999e-7
13.07,0.00113,3.5000000000000004,1.303025005489518e-10,1.3030385981352271e-10,5.185965393524999e-7
13.07,0.00113,3.8,5.633869172138412e-11,5.633870282552526e-11,5.185965393524999e-7
13.07,0.00113,3.98,1.4405547046831299e-11,1.4405413630120484e-11,5.185965393524999e-7
13.07,0.00113,3.9998,1.4082667049240431e-12,1.4082537032255212e-12,5.185965393524999e-7
13.07,0.0037,1.0000000000000001e-7,5.180129685566164e-7,5.180129697737505e-7,5.18019594848166e-7
13.07,0.0037,1.6426491045299075e-7,5.180102159420563e-7,5.1801021715991e-7,5.18019594848166e-7
13.07,0.0037,2.698296080612907e-7,5.180063198637742e-7,5.180063210807238e-7,5.18019594848166e-7
13.07,0.0037,4.432353640575351e-7,5.18000805308097e-7,5.180008065291078e-7,5.18019594848166e-7
13.07,0.0037,7.280801738650976e-7,5.179929999231737e-7,5.179930011394557e-7,5.18019594848166e-7
13.07,0.0037,1.1959802456254818e-6,5.179819520247603e-7,5.179819532512058e-7,5.18019594848166e-7
13.07,0.0037,1.9645758795121526e-6,5.179663145167981e-7,5.179663157354224e-7,5.18019594848166e-7
13.07,0.0037,3.227108809261693e-6,5.179441805359918e-7,5.179441817690174e-7,5.18019594848166e-7
13.07,0.0037,5.301007395754297e-6,5.179128506938148e-7,5.179128519252522e-7,5.18019594848166e-7
13.07,0.0037,8.707695051742211e-6,5.178685033352852e-7,5.178685045710694e-7,5.18019594848166e-7
13.07,0.0037,1.4303687479263852e-5,5.178057271486104e-7,5.178057284151018e-7,5.18019594848166e-7
13.07,0.0037,2.3495939429288417e-5,5.177168580842809e-7,5.177168593116899e-7,5.18019594848166e-7
13.07,0.0037,3.8595583863609565e-5,5.175910373411165e-7,5.175910386790968e-7,5.18019594848166e-7
13.07,0.0037,6.33990012723672e-5,5.174128701481361e-7,5.174128713740321e-7,5.18019594848166e-7
13.07,0.0037,0.00010414231266814445,5.171605096464956e-7,5.171605110975246e-7,5.18019594848166e-7
13.07,0.0037,0.00017106927664800093,5.168029051106955e-7,5.168029064389273e-7,5.18019594848166e-7
13.07,0.0037,0.00028100679409841776,5.162958190142355e-7,5.162958205879593e-7,5.18019594848166e-7
13.07,0.0037,0.00046159555869258604,5.155759962406522e-7,5.15575997976454e-7,5.18019594848166e-7
13.07,0.0037,0.0007582395311413588,5.145524922905544e-7,5.145524938834509e-7,5.18019594848166e-7
13.07,0.0037,0.00124552148684853,5.130935073746964e-7,5.130935103038923e-7,5.18019594848166e-7
13.07,0.0037,0.002045954755044497,5.110058971636609e-7,5.110058985466282e-7,5.18019594848166e-7
13.07,0.0037,0.0033607857462825456,5.080024447492007e-7,5.080024508342946e-7,5.18019594848166e-7
13.07,0.0037,0.005520591696647901,5.036484126213753e-7,5.036484149088069e-7,5.18019594848166e-7
13.07,0.0037,0.009068395006973916,4.9727335637887e-7,4.972733696163454e-7,5.18019594848166e-7
13.07,0.0037,0.01489619093772919,4.87827497327582e-7,4.878275092633862e-7,5.18019594848166e-7
13.07,0.0037,0.024469214704767362,4.7366039357183434e-7,4.736604164377573e-7,5.18019594848166e-7
13.07,0.0037,0.04019433362333615,4.522259396489833e-7,4.522259920654224e-7,5.18019594848166e-7
13.07,0.0037,0.06602518613354949,4.1983264667638417e-7,4.1983266553660517e-7,5.18019594848166e-7
13.07,0.0037,0.1084562128786955,3.7187506921984917e-7,3.718752004431404e-7,5.18019594848166e-7
13.07,0.0037,0.17815550096589414,3.0455217147835095e-7,3.0455217974071885e-7,5.18019594848166e-7
13.07,0.0037,0.292646974128703,2.192929191754388e-7,2.1929304102841316e-7,5.18019594848166e-7
13.07,0.0037,0.480716289995901,1.28622126431693e-7,1.2862214780799182e-7,5.18019594848166e-7
13.07,0.0037,0.789648183294706,5.5168162765690726e-8,5.5168153205794034e-8,5.18019594848166e-7
13.07,0.0037,1.297114881182717,1.507850420732121e-8,1.507848886589254e-8,5.18019594848166e-7
13.07,0.0037,2.1307045980472066,2.2470613793207654e-9,2.247053308328782e-9,5.18019594848166e-7
13.07,0.0037,3.5000000000000004,1.3125107728205265e-10,1.3124861907314277e-10,5.18019594848166e-7
13.07,0.0037,3.8,5.673983046970611e-11,5.673972397496431e-11,5.18019594848166e-7
13.07,0.0037,3.98,1.4506604714798726e-11,1.4506449228309419e-11,5.18019594848166e-7
13.07,0.0037,3.9998,1.4181293981474087e-12,1.4181135730896447e-12,5.18019594848166e-7
13.07,0.0127,1.0000000000000001e-7,5.160633146623117e-7,5.160633158817011e-7,5.160698722277975e-7
13.07,0.0127,1.6426491045299075e-7,5.160605905971718e-7,5.160605918168723e-7,5.160698722277975e-7
13.07,0.0127,2.698296080612907e-7,5.160567349281086e-7,5.160567361495571e-7,5.160698722277975e-7
13.07,0.0127,4.432353640575351e-7,5.160512775683138e-7,5.160512787874197e-7,5.160698722277975e-7
13.07,0.0127,7.280801738650976e-7,5.16043553139745e-7,5.160435543653731e-7,5.160698722277975e-7
13.07,0.0127,1.1959802456254818e-6,5.160326198296056e-7,5.160326210483191e-7,5.160698722277975e-7
13.07,0.0127,1.9645758795121526e-6,5.160171445154935e-7,5.16017145747483e-7,5.160698722277975e-7
13.07,0.0127,3.227108809261693e-6,5.15995240116078e-7,5.159952413400981e-7,5.160698722277975e-7
13.07,0.0127,5.301007395754297e-6,5.159642352505287e-7,5.15964236488403e-7,5.160698722277975e-7
13.07,0.0127,8.707695051742211e-6,5.159203479248904e-7,5.159203491693336e-7,5.160698722277975e-7
13.07,0.0127,1.4303687479263852e-5,5.158582230067639e-7,5.15858224242662e-7,5.160698722277975e-7
13.07,0.0127,2.3495939429288417e-5,5.157702760612923e-7,5.157702773552315e-7,5.160698722277975e-7
13.07,0.0127,3.8595583863609565e-5,5.156457611973198e-7,5.156457624186773e-7,5.160698722277975e-7
13.07,0.0127,6.33990012723672e-5,5.154694439626843e-7,5.154694453483285e-7,5.160698722277975e-7
13.07,0.0127,0.00010414231266814445,5.152197055543357e-7,5.152197067957856e-7,5.160698722277975e-7
13.07,0.0127,0.00017106927664800093,5.148658205930481e-7,5.14865822106392e-7,5.160698722277975e-7
13.07,0.0127,0.00028100679409841776,5.143640177341396e-7,5.14364019167249e-7,5.160698722277975e-7
13.07,0.0127,0.00046159555869258604,5.136517142290279e-7,5.136517158404245e-7,5.160698722277975e-7
13.07,0.0127,0.0007582395311413588,5.126389445454485e-7,5.126389466403492e-7,5.160698722277975e-7
13.07,0.0127,0.00124552148684853,5.111953530499462e-7,5.111953545539031e-7,5.160698722277975e-7
13.07,0.0127,0.002045954755044497,5.091299623376747e-7,5.091299663120428e-7,5.160698722277975e-7
13.07,0.0127,0.0033607857462825456,5.061588730826319e-7,5.061588743229361e-7,5.160698722277975e-7
13.07,0.0127,0.005520591696647901,5.018525330043178e-7,5.018525417819738e-7,5.160698722277975e-7
13.07,0.0127,0.009068395006973916,4.95548731915104e-7,4.955487358988829e-7,5.160698722277975e-7
13.07,0.0127,0.01489619093772919,4.862108019754057e-7,4.86210820080627e-7,5.160698722277975e-7
13.07,0.0127,0.024469214704767362,4.722086862975477e-7,4.7220870935575616e-7,5.160698722277975e-7
13.07,0.0127,0.04019433362333615,4.510257084615114e-7,4.5102573252801266e-7,5.160698722277975e-7
13.07,0.0127,0.06602518613354949,4.19005599484938e-7,4.1900568320992584e-7,5.160698722277975e-7
13.07,0.0127,0.1084562128786955,3.7156499448034406e-7,3.715650020540109e-7,5.160698722277975e-7
13.07,0.0127,0.17815550096589414,3.048624533652271e-7,3.0486259924329396e-7,5.160698722277975e-7
13.07,0.0127,0.292646974128703,2.2015488164422848e-7,2.2015489247677527e-7,5.160698722277975e-7
13.07,0.0127,0.480716289995901,1.296816228835053e-7,1.2968167473257584e-7,5.160698722277975e-7
13.07,0.0127,0.789648183294706,5.594124881475345e-8,5.594125205804842e-8,5.160698722277975e-7
13.07,0.0127,1.297114881182717,1.5388482489413275e-8,1.5388462741048066e-8,5.160698722277975e-7
13.07,0.0127,2.1307045980472066,2.3048742666085333e-9,2.3048625074673686e-9,5.160698722277975e-7
13.07,0.0127,3.5000000000000004,1.3467785977900585e-10,1.3467753232322113e-10,5.160698722277975e-7
13.07,0.0127,3.8,5.819118287876022e-11,5.8190321245890216e-11,5.160698722277975e-7
13.07,0.0127,3.98,1.4872556744842794e-11,1.487256096987536e-11,5.160698722277975e-7
13.07,0.0127,3.9998,1.4538477003501985e-12,1.4538496697817585e-12,5.160698722277975e-7
13.07,0.047,1.0000000000000001e-7,5.095959109650316e-7,5.09595911874028e-7,5.096022270716185e-7
13.07,0.047,1.6426491045299075e-7,5.095932872040699e-7,5.095932881149791e-7,5.096022270716185e-7
13.07,0.047,2.698296080612907e-7,5.095895735068356e-7,5.095895744170545e-7,5.096022270716185e-7
13.07,0.047,4.432353640575351e-7,5.095843170963273e-7,5.095843180076715e-7,5.096022270716185e-7
13.07,0.047,7.280801738650976e-7,5.095768770959371e-7,5.095768780099014e-7,5.096022270716185e-7
13.07,0.047,1.1959802456254818e-6,5.095663463747069e-7,5.095663472849622e-7,5.096022270716185e-7
13.07,0.047,1.9645758795121526e-6,5.095514409045396e-7,5.095514418265359e-7,5.096022270716185e-7
13.07,0.047,3.227108809261693e-6,5.09530343104934e-7,5.09530344013372e-7,5.096022270716185e-7
13.07,0.047,5.301007395754297e-6,5.09500479995546e-7,5.095004809304477e-7,5.096022270716185e-7
13.07,0.047,8.707695051742211e-6,5.094582089246209e-7,5.094582098406331e-7,5.096022270716185e-7
13.07,0.047,1.4303687479263852e-5,5.093983721355735e-7,5.093983730838153e-7,5.096022270716185e-7
13.07,0.047,2.3495939429288417e-5,5.093136649029159e-7,5.093136658547864e-7,5.096022270716185e-7
13.07,0.047,3.8595583863609565e-5,5.09193738017049e-7,5.091937389644466e-7,5.096022270716185e-7
13.07,0.047,6.33990012723672e-5,5.090239202574767e-7,5.090239213034193e-7,5.096022270716185e-7
13.07,0.047,0.00010414231266814445,5.087833940067035e-7,5.087833949223811e-7,5.096022270716185e-7
13.07,0.047,0.00017106927664800093,5.084425768221274e-7,5.084425780569967e-7,5.096022270716185e-7
13.07,0.047,0.00028100679409841776,5.079593349637577e-7,5.079593358873507e-7,5.096022270716185e-7
13.07,0.047,0.00046159555869258604,5.072734474101442e-7,5.072734489484952e-7,5.096022270716185e-7
13.07,0.047,0.0007582395311413588,5.062983869890909e-7,5.062983882592481e-7,5.096022270716185e-7
13.07,0.047,0.00124552148684853,5.049088697593902e-7,5.049088716412107e-7,5.096022270716185e-7
13.07,0.047,0.002045954755044497,5.029215276165547e-7,5.029215303859634e-7,5.096022270716185e-7
13.07,0.047,0.0033607857462825456,5.000641109605523e-7,5.000641128093363e-7,5.096022270716185e-7
13.07,0.047,0.005520591696647901,4.959252783380766e-7,4.959252862333244e-7,5.096022270716185e-7
13.07,0.047,0.009068395006973916,4.898717526666679e-7,4.898717535579596e-7,5.096022270716185e-7
13.07,0.047,0.01489619093772919,4.809129834043133e-7,4.80913005692729e-7,5.096022270716185e-7
13.07,0.047,0.024469214704767362,4.6749076373940537e-7,4.674907701159142e-7,5.096022270716185e-7
13.07,0.047,0.04019433362333615,4.4719254380009227e-7,4.47192591643447e-7,5.096022270716185e-7
13.07,0.047,0.06602518613354949,4.1648769545245196e-7,4.16487741972951e-7,5.096022270716185e-7
13.07,0.047,0.1084562128786955,3.7087424099216464e-7,3.7087429418366824e-7,5.096022270716185e-7
13.07,0.047,0.17815550096589414,3.0637295167074434e-7,3.063730738138114e-7,5.096022270716185e-7
13.07,0.047,0.292646974128703,2.236300054150035e-7,2.2363001435991118e-7,5.096022270716185e-7
13.07,0.047,0.480716289995901,1.3384293911286596e-7,1.33843007735862e-7,5.096022270716185e-7
13.07,0.047,0.789648183294706,5.8993172797168e-8,5.899317291735365e-8,5.096022270716185e-7
13.07,0.047,1.297114881182717,1.6636519052085218e-8,1.663648856342444e-8,5.096022270716185e-7
13.07,0.047,2.1307045980472066,2.5441440856830156e-9,2.5441391469152317e-9,5.096022270716185e-7
13.07,0.047,3.5000000000000004,1.4930533491922108e-10,1.4930354514717525e-10,5.096022270716185e-7
13.07,0.047,3.8,6.441905258131363e-11,6.441848136765574e-11,5.096022270716185e-7
13.07,0.047,3.98,1.6447508528192285e-11,1.6447530836045644e-11,5.096022270716185e-7
13.07,0.047,3.9998,1.607617126219215e-12,1.6076187990195728e-12,5.096022270716185e-7
13.07,0.173,1.0000000000000001e-7,4.970267369253966e-7,4.97026737271414e-7,4.970323909652156e-7
13.07,0.173,1.6426491045299075e-7,4.970243881928621e-7,4.970243885374945e-7,4.970323909652156e-7
13.07,0.173,2.698296080612907e-7,4.970210637744025e-7,4.970210641220508e-7,4.970323909652156e-7
13.07,0.173,4.432353640575351e-7,4.970163583555167e-7,4.97016358700537e-7,4.970323909652156e-7
13.07,0.173,7.280801738650976e-7,4.970096982411084e-7,4.970096985908102e-7,4.970323909652156e-7
13.07,0.173,1.1959802456254818e-6,4.97000271395767e-7,4.970002717441063e-7,4.970323909652156e-7
13.07,0.173,1.9645758795121526e-6,4.96986928404975e-7,4.969869287556596e-7,4.970323909652156e-7
13.07,0.173,3.227108809261693e-6,4.969680422550381e-7,4.969680426131797e-7,4.970323909652156e-7
13.07,0.173,5.301007395754297e-6,4.969413097729425e-7,4.969413101208377e-7,4.970323909652156e-7
13.07,0.173,8.707695051742211e-6,4.969034703725552e-7,4.969034707513122e-7,4.970323909652156e-7
13.07,0.173,1.4303687479263852e-5,4.96849907484331e-7,4.968499078287337e-7,4.970323909652156e-7
13.07,0.173,2.3495939429288417e-5,4.967740833162214e-7,4.967740837276865e-7,4.970323909652156e-7
13.07,0.173,3.8595583863609565e-5,4.966667363070793e-7,4.96666736673879e-7,4.970323909652156e-7
13.07,0.173,6.33990012723672e-5,4.965147395222926e-7,4.965147399672674e-7,4.970323909652156e-7
13.07,0.173,0.00010414231266814445,4.962994720189903e-7,4.962994724837672e-7,4.970323909652156e-7
13.07,0.173,0.00017106927664800093,4.959944849633448e-7,4.959944854061585e-7,4.970323909652156e-7
13.07,0.173,0.00028100679409841776,4.955621343555689e-7,4.955621350812261e-7,4.970323909652156e-7
13.07,0.173,0.00046159555869258604,4.949486741111923e-7,4.949486744756779e-7,4.970323909652156e-7
13.07,0.173,0.0007582395311413588,4.940770039011414e-7,4.940770051948436e-7,4.970323909652156e-7
13.07,0.173,0.00124552148684853,4.928357462205517e-7,4.928357466473683e-7,4.970323909652156e-7
13.07,0.173,0.002045954755044497,4.910624037562434e-7,4.910624061296763e-7,4.970323909652156e-7
13.07,0.173,0.0033607857462825456,4.885167011255786e-7,4.885167028387488e-7,4.970323909652156e-7
13.07,0.173,0.005520591696647901,4.848373442666146e-7,4.848373481879982e-7,4.970323909652156e-7
13.07,0.173,0.009068395006973916,4.794707580999009e-7,4.794707661712406e-7,4.970323909652156e-7
13.07,0.173,0.01489619093772919,4.7155394354235236e-7,4.7155394748928846e-7,4.970323909652156e-7
13.07,0.173,0.024469214704767362,4.5972876420285075e-7,4.597287945940465e-7,4.970323909652156e-7
13.07,0.173,0.04019433362333615,4.4187603510978013e-7,4.4187603511693105e-7,4.970323909652156e-7
13.07,0.173,0.06602518613354949,4.148274637343814e-7,4.148275426597966e-7,4.970323909652156e-7
13.07,0.173,0.1084562128786955,3.743361613718183e-7,3.743361815060091e-7,4.970323909652156e-7
13.07,0.173,0.17815550096589414,3.1607169053715557e-7,3.160717976625837e-7,4.970323909652156e-7
13.07,0.173,0.292646974128703,2.389207270168598e-7,2.3892080558515766e-7,4.970323909652156e-7
13.07,0.173,0.480716289995901,1.508096398031433e-7,1.5080967285780762e-7,4.970323909652156e-7
13.07,0.173,0.789648183294706,7.164087831581573e-8,7.16408997165583e-8,4.970323909652156e-7
13.07,0.173,1.297114881182717,2.216930753449671e-8,2.216930350511118e-8,4.970323909652156e-7
13.07,0.173,2.1307045980472066,3.7137835214550172e-9,3.7137550047497847e-9,4.970323909652156e-7
13.07,0.173,3.5000000000000004,2.287519492780072e-10,2.287516136332296e-10,4.970323909652156e-7
13.07,0.173,3.8,9.87939633071356e-11,9.879166900891988e-11,4.970323909652156e-7
13.07,0.173,3.98,2.521604170819567e-11,2.52157667864445e-11,4.970323909652156e-7
13.07,0.173,3.9998,2.464503915268473e-12,2.4644829477416068e-12,4.970323909652156e-7
13.07,0.61,1.0000000000000001e-7,5.413278771562737e-7,5.413278848246694e-7,5.413327023126457e-7
13.07,0.61,1.6426491045299075e-7,5.413258727495872e-7,5.413258804177176e-7,5.413327023126457e-7
13.07,0.61,2.698296080612907e-7,5.413230356947448e-7,5.413230433650344e-7,5.413327023126457e-7
13.07,0.61,4.432353640575351e-7,5.413190200992734e-7,5.413190277670723e-7,5.413327023126457e-7
13.07,0.61,7.280801738650976e-7,5.413133363785448e-7,5.41313344051519e-7,5.413327023126457e-7
13.07,0.61,1.1959802456254818e-6,5.41305291557187e-7,5.413052992263275e-7,5.413327023126457e-7
13.07,0.61,1.9645758795121526e-6,5.412939047609986e-7,5.412939124370652e-7,5.413327023126457e-7
13.07,0.61,3.227108809261693e-6,5.412777875798928e-7,5.412777952557807e-7,5.413327023126457e-7
13.07,0.61,5.301007395754297e-6,5.412549746781715e-7,5.412549823550919e-7,5.413327023126457e-7
13.07,0.61,8.707695051742211e-6,5.412226839136296e-7,5.412226916074251e-7,5.413327023126457e-7
13.07,0.61,1.4303687479263852e-5,5.411769765206152e-7,5.411769841927067e-7,5.413327023126457e-7
13.07,0.61,2.3495939429288417e-5,5.411122754720727e-7,5.411122832012744e-7,5.413327023126457e-7
13.07,0.61,3.8595583863609565e-5,5.410206822628543e-7,5.410206899353612e-7,5.413327023126457e-7
13.07,0.61,6.33990012723672e-5,5.408910064624293e-7,5.408910142444596e-7,5.413327023126457e-7
13.07,0.61,0.00010414231266814445,5.407073843979801e-7,5.407073921239823e-7,5.413327023126457e-7
13.07,0.61,0.00017106927664800093,5.404473065933625e-7,5.404473144237138e-7,5.413327023126457e-7
13.07,0.61,0.00028100679409841776,5.400787867578054e-7,5.400787946771406e-7,5.413327023126457e-7
13.07,0.61,0.00046159555869258604,5.395562680437685e-7,5.395562758579516e-7,5.413327023126457e-7
13.07,0.61,0.0007582395311413588,5.388146380237089e-7,5.388146464386724e-7,5.413327023126457e-7
13.07,0.61,0.00124552148684853,5.377603432910516e-7,5.3776035099293e-7,5.413327023126457e-7
13.07,0.61,0.002045954755044497,5.362579285376399e-7,5.362579380516142e-7,5.413327023126457e-7
13.07,0.61,0.0033607857462825456,5.34109137283577e-7,5.341091453451413e-7,5.413327023126457e-7
13.07,0.61,0.005520591696647901,5.310195963831058e-7,5.310196080497009e-7,5.413327023126457e-7
13.07,0.61,0.009068395006973916,5.265444571869859e-7,5.265444685937235e-7,5.413327023126457e-7
13.07,0.61,0.01489619093772919,5.199985816046795e-7,5.199985961003639e-7,5.413327023126457e-7
13.07,0.61,0.024469214704767362,5.103094725121234e-7,5.10309499165147e-7,5.413327023126457e-7
13.07,0.61,0.04019433362333615,4.957877458701092e-7,4.957877589682247e-7,5.413327023126457e-7
13.07,0.61,0.06602518613354949,4.7381205353675876e-7,4.73812126418818e-7,5.413327023126457e-7
13.07,0.61,0.1084562128786955,4.405334785886286e-7,4.4053348814274574e-7,5.413327023126457e-7
13.07,0.61,0.17815550096589414,3.910213435733502e-7,3.910214857781211e-7,5.413327023126457e-7
13.07,0.61,0.292646974128703,3.208969139924083e-7,3.208969676926118e-7,5.413327023126457e-7
13.07,0.61,0.480716289995901,2.309335903769259e-7,2.3093370662984805e-7,5.413327023126457e-7
13.07,0.61,0.789648183294706,1.3389215340518172e-7,1.338922250620916e-7,5.413327023126457e-7
13.07,0.61,1.297114881182717,5.487745004367474e-8,5.487744315968971e-8,5.413327023126457e-7
13.07,0.61,2.1307045980472066,1.305425183612498e-8,1.305419697253979e-8,5.413327023126457e-7
13.07,0.61,3.5000000000000004,1.1314574185653628e-9,1.1314568509227175e-9,5.413327023126457e-7
13.07,0.61,3.8,5.105445822255441e-10,5.105320194015374e-10,5.413327023126457e-7
13.07,0.61,3.98,1.3319251002015676e-10,1.331921354987402e-10,5.413327023126457e-7
13.07,0.61,3.9998,1.3046527369481098e-11,1.3046513510321648e-11,5.413327023126457e-7
13.07,1.73,1.0000000000000001e-7,9.44007340192651e-7,9.440073672538879e-7,9.44012916233463e-7
13.07,1.73,1.6426491045299075e-7,9.440050238642341e-7,9.440050510636464e-7,9.44012916233463e-7
13.07,1.73,2.698296080612907e-7,9.440017453144519e-7,9.440017725104374e-7,9.44012916233463e-7
13.07,1.73,4.432353640575351e-7,9.439971048268969e-7,9.439971320265808e-7,9.44012916233463e-7
13.07,1.73,7.280801738650976e-7,9.43990536636379e-7,9.439905638317681e-7,9.44012916233463e-7
13.07,1.73,1.1959802456254818e-6,9.439812399461525e-7,9.439812671495341e-7,9.44012916233463e-7
13.07,1.73,1.9645758795121526e-6,9.439680812827146e-7,9.439681084805067e-7,9.44012916233463e-7
13.07,1.73,3.227108809261693e-6,9.439494562731209e-7,9.439494834798842e-7,9.44012916233463e-7
13.07,1.73,5.301007395754297e-6,9.439230939690738e-7,9.439231211777974e-7,9.44012916233463e-7
13.07,1.73,8.707695051742211e-6,9.43885779806282e-7,9.438858070113526e-7,9.44012916233463e-7
13.07,1.73,1.4303687479263852e-5,9.438329632961944e-7,9.438329905325239e-7,9.44012916233463e-7
13.07,1.73,2.3495939429288417e-5,9.437582023301414e-7,9.437582295239461e-7,9.44012916233463e-7
13.07,1.73,3.8595583863609565e-5,9.436523756817998e-7,9.436524029694945e-7,9.44012916233463e-7
13.07,1.73,6.33990012723672e-5,9.435025661814485e-7,9.435025933778858e-7,9.44012916233463e-7
13.07,1.73,0.00010414231266814445,9.432904749540767e-7,9.432905023101292e-7,9.44012916233463e-7
13.07,1.73,0.00017106927664800093,9.429901655876724e-7,9.429901928745045e-7,9.44012916233463e-7
13.07,1.73,0.00028100679409841776,9.425648456431989e-7,9.425648730384984e-7,9.44012916233463e-7
13.07,1.73,0.00046159555869258604,9.41962253832021e-7,9.419622814256466e-7,9.44012916233463e-7
13.07,1.73,0.0007582395311413588,9.411080033161062e-7,9.411080306195149e-7,9.44012916233463e-7
13.07,1.73,0.00124552148684853,9.398958781438219e-7,9.398959064844666e-7,9.44012916233463e-7
13.07,1.73,0.002045954755044497,9.3817348491126e-7,9.381735120023987e-7,9.44012916233463e-7
13.07,1.73,0.0033607857462825456,9.357206266700714e-7,9.357206565618239e-7,9.44012916233463e-7
13.07,1.73,0.005520591696647901,9.322159243847551e-7,9.322159521868543e-7,9.44012916233463e-7
13.07,1.73,0.009068395006973916,9.271839193931191e-7,9.271839520228195e-7,9.44012916233463e-7
13.07,1.73,0.01489619093772919,9.199091377302829e-7,9.199091711191156e-7,9.44012916233463e-7
13.07,1.73,0.024469214704767362,9.092941999615915e-7,9.092942352447243e-7,9.44012916233463e-7
13.07,1.73,0.04019433362333615,8.936260642328997e-7,8.93626121650601e-7,9.44012916233463e-7
13.07,1.73,0.06602518613354949,8.702044612927308e-7,8.702044917333617e-7,9.44012916233463e-7
13.07,1.73,0.1084562128786955,8.348081569292999e-7,8.348082845198777e-7,9.44012916233463e-7
13.07,1.73,0.17815550096589414,7.811146404610773e-7,7.811146704705524e-7,9.44012916233463e-7
13.07,1.73,0.292646974128703,7.006433971723684e-7,7.006436245639449e-7,9.44012916233463e-7
13.07,1.73,0.480716289995901,5.848066239117162e-7,5.848067361547672e-7,9.44012916233463e-7
13.07,1.73,0.789648183294706,4.317921367020525e-7,4.3179230335326607e-7,9.44012916233463e-7
13.07,1.73,1.297114881182717,2.588617754706539e-7,2.5886187985154326e-7,9.44012916233463e-7
13.07,1.73,2.1307045980472066,1.0818451705081171e-7,1.0818446419543987e-7,9.44012916233463e-7
13.07,1.73,3.5000000000000004,1.9501014843203265e-8,1.9500856685219162e-8,9.44012916233463e-7
13.07,1.73,3.8,9.96453502482533e-9,9.964501045430415e-9,9.44012916233463e-7
13.07,1.73,3.98,2.782400725638368e-9,2.7823669251913964e-9,9.44012916233463e-7
13.07,1.73,3.9998,2.7450380860123867e-10,2.745004535185692e-10,9.44012916233463e-7
13.07,4.71,1.0000000000000001e-7,2.759391011081067e-6,2.7593916628507762e-6,2.7594016254748078e-6
13.07,4.71,1.6426491045299075e-7,2.759387770481496e-6,2.7593884219610237e-6,2.7594016254748078e-6
13.07,4.71,2.698296080612907e-7,2.759382015016474e-6,2.759382666740249e-6,2.7594016254748078e-6
13.07,4.71,4.432353640575351e-7,2.759373868686839e-6,2.759374520377049e-6,2.7594016254748078e-6
13.07,4.71,7.280801738650976e-7,2.7593623383055813e-6,2.7593629899299927e-6,2.7594016254748078e-6
13.07,4.71,1.1959802456254818e-6,2.759346018102276e-6,2.7593466696575955e-6,2.7594016254748078e-6
13.07,4.71,1.9645758795121526e-6,2.7593229183244224e-6,2.759323569754707e-6,2.7594016254748078e-6
13.07,4.71,3.227108809261693e-6,2.759290222627311e-6,2.759290873905073e-6,2.7594016254748078e-6
13.07,4.71,5.301007395754297e-6,2.759243944655886e-6,2.7592445957071923e-6,2.7594016254748078e-6
13.07,4.71,8.707695051742211e-6,2.759178441908106e-6,2.759179092615551e-6,2.7594016254748078e-6
13.07,4.71,1.4303687479263852e-5,2.7590857275150777e-6,2.759086377814772e-6,2.7594016254748078e-6
13.07,4.71,2.3495939429288417e-5,2.7589544958104568e-6,2.758955145366056e-6,2.7594016254748078e-6
13.07,4.71,3.8595583863609565e-5,2.7587687423805423e-6,2.758769391162474e-6,2.7594016254748078e-6
13.07,4.71,6.33990012723672e-5,2.758505809189701e-6,2.758506456491775e-6,2.7594016254748078e-6
13.07,4.71,0.00010414231266814445,2.75813361378359e-6,2.7581342594548827e-6,2.7594016254748078e-6
13.07,4.71,0.00017106927664800093,2.757606718689823e-6,2.7576073616152026e-6,2.7594016254748078e-6
13.07,4.71,0.00028100679409841776,2.756860748019374e-6,2.7568613872727963e-6,2.7594016254748078e-6
13.07,4.71,0.00046159555869258604,2.755804439385366e-6,2.7558050737027058e-6,2.7594016254748078e-6
13.07,4.71,0.0007582395311413588,2.75430829205088e-6,2.7543089181264866e-6,2.7594016254748078e-6
13.07,4.71,0.00124552148684853,2.752188270825097e-6,2.7521888878835787e-6,2.7594016254748078e-6
13.07,4.71,0.002045954755044497,2.7491822324228704e-6,2.7491828319586723e-6,2.7594016254748078e-6
13.07,4.71,0.0033607857462825456,2.7449154412547674e-6,2.7449160228773945e-6,2.7594016254748078e-6
13.07,4.71,0.005520591696647901,2.738849330992756e-6,2.738849877995509e-6,2.7594016254748078e-6
13.07,4.71,0.009068395006973916,2.7302037890405765e-6,2.7302042955651693e-6,2.7594016254748078e-6
13.07,4.71,0.01489619093772919,2.7178363042165897e-6,2.717836745277668e-6,2.7594016254748078e-6
13.07,4.71,0.024469214704767362,2.7000489246780588e-6,2.7000492641324217e-6,2.7594016254748078e-6
13.07,4.71,0.04019433362333615,2.6742725004856956e-6,2.6742727183672043e-6,2.7594016254748078e-6
13.07,4.71,0.06602518613354949,2.636543417818351e-6,2.6365433643496487e-6,2.7594016254748078e-6
13.07,4.71,0.1084562128786955,2.5806435670228645e-6,2.580643275495383e-6,2.7594016254748078e-6
13.07,4.71,0.17815550096589414,2.4967510994657154e-6,2.4967501303945083e-6,2.7594016254748078e-6
13.07,4.71,0.292646974128703,2.369570812149678e-6,2.369569257817748e-6,2.7594016254748078e-6
13.07,4.71,0.480716289995901,2.1765267116749547e-6,2.1765238262604305e-6,2.7594016254748078e-6
13.07,4.71,0.789648183294706,1.8884052229774384e-6,1.8884009113713422e-6,2.7594016254748078e-6
13.07,4.71,1.297114881182717,1.4782809803016089e-6,1.4782753006046213e-6,2.7594016254748078e-6
13.07,4.71,2.1307045980472066,9.45372223272451e-7,9.453658237080218e-7,2.7594016254748078e-6
13.07,4.71,3.5000000000000004,3.1918060610497846e-7,3.1917699630113137e-7,2.7594016254748078e-6
13.07,4.71,3.8,1.8422212825747293e-7,1.8421994306367522e-7,2.7594016254748078e-6
13.07,4.71,3.98,5.516977678708983e-8,5.516905041687557e-8,2.7594016254748078e-6
13.07,4.71,3.9998,5.484160337108287e-9,5.484087826817938e-9,2.7594016254748078e-6
13.61,0.00113,1.0000000000000001e-7,2.8381670070792256e-6,2.8381670323262407e-6,2.8382284596266267e-6
13.61,0.00113,1.6426491045299075e-7,2.838141479135854e-6,2.838141504620477e-6,2.8382284596266267e-6
13.61,0.00113,2.698296080612907e-7,2.8381053465454076e-6,2.8381053723571654e-6,2.8382284596266267e-6
13.61,0.00113,4.432353640575351e-7,2.838054203853624e-6,2.8380542301674234e-6,2.8382284596266267e-6
13.61,0.00113,7.280801738650976e-7,2.8379818152754293e-6,2.837981842212233e-6,2.8382284596266267e-6
13.61,0.00113,1.1959802456254818e-6,2.8378793540043345e-6,2.8378793819745042e-6,2.8382284596266267e-6
13.61,0.00113,1.9645758795121526e-6,2.837734325059012e-6,2.8377343542775814e-6,2.8382284596266267e-6
13.61,0.00113,3.227108809261693e-6,2.8375290396016775e-6,2.8375290708560036e-6,2.8382284596266267e-6
13.61,0.00113,5.301007395754297e-6,2.8372384530244303e-6,2.837238486897677e-6,2.8382284596266267e-6
13.61,0.00113,8.707695051742211e-6,2.8368270993579187e-6,2.836827137103077e-6,2.8382284596266267e-6
13.61,0.00113,1.4303687479263852e-5,2.836244739453327e-6,2.8362447827741314e-6,2.8382284596266267e-6
13.61,0.00113,2.3495939429288417e-5,2.835420172452628e-6,2.8354202230854455e-6,2.8382284596266267e-6
13.61,0.00113,3.8595583863609565e-5,2.834252411184987e-6,2.8342524735761382e-6,2.8382284596266267e-6
13.61,0.00113,6.33990012723672e-5,2.832598045187867e-6,2.8325981218561183e-6,2.8382284596266267e-6
13.61,0.00113,0.00010414231266814445,2.8302530276891145e-6,2.8302531285223936e-6,2.8382284596266267e-6
13.61,0.00113,0.00017106927664800093,2.8269261758500303e-6,2.8269263065452994e-6,2.8382284596266267e-6
13.61,0.00113,0.00028100679409841776,2.8222000896406e-6,2.822200268689635e-6,2.8382284596266267e-6
13.61,0.00113,0.00046159555869258604,2.815472454814071e-6,2.815472700431813e-6,2.8382284596266267e-6
13.61,0.00113,0.0007582395311413588,2.805865840902473e-6,2.8058661838375952e-6,2.8382284596266267e-6
13.61,0.00113,0.00124552148684853,2.792085443738074e-6,2.7920859451318687e-6,2.8382284596266267e-6
13.61,0.00113,0.002045954755044497,2.772189058046218e-6,2.772189766557468e-6,2.8382284596266267e-6
13.61,0.00113,0.0033607857462825456,2.743208592188921e-6,2.7432097041205945e-6,2.8382284596266267e-6
13.61,0.00113,0.005520591696647901,2.700527057186403e-6,2.700528672444342e-6,2.8382284596266267e-6
13.61,0.00113,0.009068395006973916,2.6368841641784053e-6,2.6368868221843605e-6,2.8382284596266267e-6
13.61,0.00113,0.01489619093772919,2.5409263693788164e-6,2.5409304147601368e-6,2.8382284596266267e-6
13.61,0.00113,0.024469214704767362,2.3955462777339712e-6,2.3955527309470318e-6,2.8382284596266267e-6
13.61,0.00113,0.04019433362333615,2.1773613119326477e-6,2.1773711991589075e-6,2.8382284596266267e-6
13.61,0.00113,0.06602518613354949,1.8612091492711316e-6,1.8612227772720661e-6,2.8382284596266267e-6
13.61,0.00113,0.1084562128786955,1.436638876950254e-6,1.4366567153864882e-6,2.8382284596266267e-6
13.61,0.00113,0.17815550096589414,9.393996900050718e-7,9.39417415893481e-7,2.8382284596266267e-6
13.61,0.00113,0.292646974128703,4.7333022612587057e-7,4.733440713912252e-7,2.8382284596266267e-6
13.61,0.00113,0.480716289995901,1.6143968006088737e-7,1.6144633607633125e-7,2.8382284596266267e-6
13.61,0.00113,0.789648183294706,3.1839448867335925e-8,3.18411431677648e-8,2.8382284596266267e-6
13.61,0.00113,1.297114881182717,3.0953447886195197e-9,3.095536198813908e-9,2.8382284596266267e-6
13.61,0.00113,2.1307045980472066,1.3175261213336046e-10,1.317593940582744e-10,2.8382284596266267e-6
13.61,0.00113,3.5000000000000004,2.08743810238462e-12,2.0873244945426866e-12,2.8382284596266267e-6
13.61,0.00113,3.8,7.492047693040098e-13,7.491956469990005e-13,2.8382284596266267e-6
13.61,0.00113,3.98,1.7411162217210968e-13,1.7410396120077535e-13,2.8382284596266267e-6
13.61,0.00113,3.9998,1.6855169220965874e-14,1.685434743354037e-14,2.8382284596266267e-6
13.61,0.0037,1.0000000000000001e-7,2.8350583406112463e-6,2.8350583409387537e-6,2.8351196076748217e-6
13.61,0.0037,1.6426491045299075e-7,2.8350328897198867e-6,2.8350328900667878e-6,2.8351196076748217e-6
13.61,0.0037,2.698296080612907e-7,2.834996866190352e-6,2.8349968665151335e-6,2.8351196076748217e-6
13.61,0.0037,4.432353640575351e-7,2.8349458778663453e-6,2.8349458782378934e-6,2.8351196076748217e-6
13.61,0.0037,7.280801738650976e-7,2.8348737077864538e-6,2.8348737081236025e-6,2.8351196076748217e-6
13.61,0.0037,1.1959802456254818e-6,2.8347715557910917e-6,2.8347715561915706e-6,2.8351196076748217e-6
13.61,0.0037,1.9645758795121526e-6,2.8346269646237766e-6,2.8346269650223018e-6,2.8351196076748217e-6
13.61,0.0037,3.227108809261693e-6,2.834422298862582e-6,2.8344222992731554e-6,2.8351196076748217e-6
13.61,0.0037,5.301007395754297e-6,2.8341325895502682e-6,2.8341325901122424e-6,2.8351196076748217e-6
13.61,0.0037,8.707695051742211e-6,2.833722477897958e-6,2.8337224782690406e-6,2.8351196076748217e-6
13.61,0.0037,1.4303687479263852e-5,2.833141876697913e-6,2.8331418775863567e-6,2.8351196076748217e-6
13.61,0.0037,2.3495939429288417e-5,2.8323198006890564e-6,2.8323198010683154e-6,2.8351196076748217e-6
13.61,0.0037,3.8595583863609565e-5,2.831155569075693e-6,2.8311555704656073e-6,2.8351196076748217e-6
13.61,0.0037,6.33990012723672e-5,2.829506207779567e-6,2.8295062086598093e-6,2.8351196076748217e-6
13.61,0.0037,0.00010414231266814445,2.8271682938086593e-6,2.8271682957064764e-6,2.8351196076748217e-6
13.61,0.0037,0.00017106927664800093,2.8238515407834383e-6,2.823851543539428e-6,2.8351196076748217e-6
13.61,0.0037,0.00028100679409841776,2.819139847246495e-6,2.819139849136867e-6,2.8351196076748217e-6
13.61,0.0037,0.00046159555869258604,2.8124328012211495e-6,2.812432809201594e-6,2.8351196076748217e-6
13.61,0.0037,0.0007582395311413588,2.8028558011908416e-6,2.8028558021799656e-6,2.8351196076748217e-6
13.61,0.0037,0.00124552148684853,2.7891183298490735e-6,2.7891183509673036e-6,2.8351196076748217e-6
13.61,0.0037,0.002045954755044497,2.769284815279566e-6,2.7692848208136013e-6,2.8351196076748217e-6
13.61,0.0037,0.0033607857462825456,2.7403976287101142e-6,2.7403976786857082e-6,2.8351196076748217e-6
13.61,0.0037,0.005520591696647901,2.6978564607871956e-6,2.69785650895153e-6,2.8351196076748217e-6
13.61,0.0037,0.009068395006973916,2.6344273898847414e-6,2.6344274791049444e-6,2.8351196076748217e-6
13.61,0.0037,0.01489619093772919,2.5387967326113487e-6,2.538796963486109e-6,2.8351196076748217e-6
13.61,0.0037,0.024469214704767362,2.3939106702663796e-6,2.393910745192051e-6,2.8351196076748217e-6
13.61,0.0037,0.04019433362333615,2.176438993751992e-6,2.1764396403697407e-6,2.8351196076748217e-6
13.61,0.0037,0.06602518613354949,1.861217980769479e-6,1.8612180263617168e-6,2.8351196076748217e-6
13.61,0.0037,0.1084562128786955,1.4376369922051096e-6,1.4376378112112412e-6,2.8351196076748217e-6
13.61,0.0037,0.17815550096589414,9.410504372125664e-7,9.410506440285068e-7,2.8351196076748217e-6
13.61,0.0037,0.292646974128703,4.7488264745828024e-7,4.7488281647738277e-7,2.8351196076748217e-6
13.61,0.0037,0.480716289995901,1.6228279975534826e-7,1.6228281057953314e-7,2.8351196076748217e-6
13.61,0.0037,0.789648183294706,3.2069774083663174e-8,3.206975716024894e-8,2.8351196076748217e-6
13.61,0.0037,1.297114881182717,3.1215153778480304e-9,3.1215050570652325e-9,2.8351196076748217e-6
13.61,0.0037,2.1307045980472066,1.3274471537658321e-10,1.3274452500988622e-10,2.8351196076748217e-6
13.61,0.0037,3.5000000000000004,2.0944164290542233e-12,2.094295273715914e-12,2.8351196076748217e-6
13.61,0.0037,3.8,7.510362893088775e-13,7.510413573590262e-13,2.8351196076748217e-6
13.61,0.0037,3.98,1.744522042952342e-13,1.7445706669515244e-13,2.8351196076748217e-6
13.61,0.0037,3.9998,1.6887280543829136e-14,1.6887735506151075e-14,2.8351196076748217e-6
13.61,0.0127,1.0000000000000001e-7,2.824555681426742e-6,2.824555681617462e-6,2.8246163130445686e-6
13.61,0.0127,1.6426491045299075e-7,2.824530494506502e-6,2.8245304946859346e-6,2.8246163130445686e-6
13.61,0.0127,2.698296080612907e-7,2.8244948446067947e-6,2.8244948448167487e-6,2.8246163130445686e-6
13.61,0.0127,4.432353640575351e-7,2.8244443851285783e-6,2.824444385306846e-6,2.8246163130445686e-6
13.61,0.0127,7.280801738650976e-7,2.824372963598072e-6,2.824372963836832e-6,2.8246163130445686e-6
13.61,0.0127,1.1959802456254818e-6,2.8242718711447676e-6,2.8242718713489627e-6,2.8246163130445686e-6
13.61,0.0127,1.9645758795121526e-6,2.8241287797529306e-6,2.824128780017397e-6,2.8246163130445686e-6
13.61,0.0127,3.227108809261693e-6,2.8239262369967427e-6,2.823926237297002e-6,2.8246163130445686e-6
13.61,0.0127,5.301007395754297e-6,2.8236395330884867e-6,2.8236395333417923e-6,2.8246163130445686e-6
13.61,0.0127,8.707695051742211e-6,2.8232336764253068e-6,2.8232336769543348e-6,2.8246163130445686e-6
13.61,0.0127,1.4303687479263852e-5,2.8226591003279355e-6,2.822659100516504e-6,2.8246163130445686e-6
13.61,0.0127,2.3495939429288417e-5,2.821845558136631e-6,2.82184555908198e-6,2.8246163130445686e-6
13.61,0.0127,3.8595583863609565e-5,2.820693418642072e-6,2.820693418941192e-6,2.8246163130445686e-6
13.61,0.0127,6.33990012723672e-5,2.8190612027257915e-6,2.8190612042323828e-6,2.8246163130445686e-6
13.61,0.0127,0.00010414231266814445,2.8167476243030396e-6,2.816747625503291e-6,2.8246163130445686e-6
13.61,0.0127,0.00017106927664800093,2.813465467965073e-6,2.8134654698561566e-6,2.8246163130445686e-6
13.61,0.0127,0.00028100679409841776,2.8088030806075952e-6,2.80880308477918e-6,2.8246163130445686e-6
13.61,0.0127,0.00046159555869258604,2.8021665663873444e-6,2.802166567723022e-6,2.8246163130445686e-6
13.61,0.0127,0.0007582395311413588,2.7926910138525262e-6,2.7926910260705725e-6,2.8246163130445686e-6
13.61,0.0127,0.00124552148684853,2.7791005891200505e-6,2.7791005894979013e-6,2.8246163130445686e-6
13.61,0.0127,0.002045954755044497,2.7594824409268106e-6,2.7594824729091924e-6,2.8246163130445686e-6
13.61,0.0127,0.0033607857462825456,2.7309147803510242e-6,2.7309147931802187e-6,2.8246163130445686e-6
13.61,0.0127,0.005520591696647901,2.688854443718183e-6,2.688854513823851e-6,2.8246163130445686e-6
13.61,0.0127,0.009068395006973916,2.6261578816476384e-6,2.6261579781557903e-6,2.8246163130445686e-6
13.61,0.0127,0.01489619093772919,2.5316481356004556e-6,2.5316482322784617e-6,2.8246163130445686e-6
13.61,0.0127,0.024469214704767362,2.38845544210911e-6,2.388455825693069e-6,2.8246163130445686e-6
13.61,0.0127,0.04019433362333615,2.1734302212973484e-6,2.173430249900158e-6,2.8246163130445686e-6
13.61,0.0127,0.06602518613354949,1.8614060136050657e-6,1.861406813388866e-6,2.8246163130445686e-6
13.61,0.0127,0.1084562128786955,1.4412258101999577e-6,1.4412258805502982e-6,2.8246163130445686e-6
13.61,0.0127,0.17815550096589414,9.468835461742773e-7,9.468840960317095e-7,2.8246163130445686e-6
13.61,0.0127,0.292646974128703,4.803602834978553e-7,4.80360413046995e-7,2.8246163130445686e-6
13.61,0.0127,0.480716289995901,1.6526941139918239e-7,1.6526940092904844e-7,2.8246163130445686e-6
13.61,0.0127,0.789648183294706,3.2891271251184944e-8,3.28912451388972e-8,2.8246163130445686e-6
13.61,0.0127,1.297114881182717,3.215634295934906e-9,3.21563159265642e-9,2.8246163130445686e-6
13.61,0.0127,2.1307045980472066,1.363508645361542e-10,1.3634907757293758e-10,2.8246163130445686e-6
13.61,0.0127,3.5000000000000004,2.120991399479291e-12,2.1209910178374104e-12,2.8246163130445686e-6
13.61,0.0127,3.8,7.582264448446415e-13,7.581937930077015e-13,2.8246163130445686e-6
13.61,0.0127,3.98,1.75827066408867e-13,1.7582263728900531e-13,2.8246163130445686e-6
13.61,0.0127,3.9998,1.7017387642411008e-14,1.701706358239563e-14,2.8246163130445686e-6
13.61,0.047,1.0000000000000001e-7,2.789757003802383e-6,2.789757001603695e-6,2.7898154028752312e-6
13.61,0.047,1.6426491045299075e-7,2.7897327443057106e-6,2.7897327421115883e-6,2.7898154028752312e-6
13.61,0.047,2.698296080612907e-7,2.78969840709919e-6,2.789698404918017e-6,2.7898154028752312e-6
13.61,0.047,4.432353640575351e-7,2.7896498056423577e-6,2.7896498034430244e-6,2.7898154028752312e-6
13.61,0.047,7.280801738650976e-7,2.7895810140289223e-6,2.7895810118847744e-6,2.7898154028752312e-6
13.61,0.047,1.1959802456254818e-6,2.7894836441184335e-6,2.7894836419117043e-6,2.7898154028752312e-6
13.61,0.047,1.9645758795121526e-6,2.789345821961921e-6,2.789345819876401e-6,2.7898154028752312e-6
13.61,0.047,3.227108809261693e-6,2.789150738059895e-6,2.789150735890954e-6,2.7898154028752312e-6
13.61,0.047,5.301007395754297e-6,2.7888745931705206e-6,2.788874591143743e-6,2.7898154028752312e-6
13.61,0.047,8.707695051742211e-6,2.7884836857266993e-6,2.7884836837268414e-6,2.7898154028752312e-6
13.61,0.047,1.4303687479263852e-5,2.7879302778082376e-6,2.7879302757728344e-6,2.7898154028752312e-6
13.61,0.047,2.3495939429288417e-5,2.787146717630658e-6,2.787146716065084e-6,2.7898154028752312e-6
13.61,0.047,3.8595583863609565e-5,2.7860370613483857e-6,2.7860370591680017e-6,2.7898154028752312e-6
13.61,0.047,6.33990012723672e-5,2.7844650817177876e-6,2.7844650810045876e-6,2.7898154028752312e-6
13.61,0.047,0.00010414231266814445,2.7822369993974167e-6,2.7822369972860147e-6,2.7898154028752312e-6
13.61,0.047,0.00017106927664800093,2.779076386329645e-6,2.7790763869306477e-6,2.7898154028752312e-6
13.61,0.047,0.00028100679409841776,2.774587213788302e-6,2.7745872132904173e-6,2.7898154028752312e-6
13.61,0.047,0.00046159555869258604,2.7681984708924837e-6,2.7681984728445494e-6,2.7898154028752312e-6
13.61,0.047,0.0007582395311413588,2.7590792746896474e-6,2.7590792807600378e-6,2.7898154028752312e-6
13.61,0.047,0.00124552148684853,2.746005351592427e-6,2.7460053531147318e-6,2.7898154028752312e-6
13.61,0.047,0.002045954755044497,2.7271436369243544e-6,2.7271436645189107e-6,2.7898154028752312e-6
13.61,0.047,0.0033607857462825456,2.6996982343638027e-6,2.6996982320715486e-6,2.7898154028752312e-6
13.61,0.047,0.005520591696647901,2.6593268574029188e-6,2.6593269450047064e-6,2.7898154028752312e-6
13.61,0.047,0.009068395006973916,2.599204094760368e-6,2.599204118179509e-6,2.7898154028752312e-6
13.61,0.047,0.01489619093772919,2.5086356274843273e-6,2.508635828118464e-6,2.7898154028752312e-6
13.61,0.047,0.024469214704767362,2.3714049267547938e-6,2.37140513981626e-6,2.7898154028752312e-6
13.61,0.047,0.04019433362333615,2.1650124136325427e-6,2.165012661186876e-6,2.7898154028752312e-6
13.61,0.047,0.06602518613354949,1.8643072787419744e-6,1.864307944726626e-6,2.7898154028752312e-6
13.61,0.047,0.1084562128786955,1.4562211759073188e-6,1.4562212317263337e-6,2.7898154028752312e-6
13.61,0.047,0.17815550096589414,9.698615128624423e-7,9.698621849969583e-7,2.7898154028752312e-6
13.61,0.047,0.292646974128703,5.018228622238037e-7,5.018228729236948e-7,2.7898154028752312e-6
13.61,0.047,0.480716289995901,1.7713967902981933e-7,1.771396877484944e-7,2.7898154028752312e-6
13.61,0.047,0.789648183294706,3.623992872917334e-8,3.6239918309284193e-8,2.7898154028752312e-6
13.61,0.047,1.297114881182717,3.6112543301099405e-9,3.611245049112804e-9,2.7898154028752312e-6
13.61,0.047,2.1307045980472066,1.520844372204325e-10,1.5208313127732924e-10,2.7898154028752312e-6
13.61,0.047,3.5000000000000004,2.2533577648538486e-12,2.253335796802263e-12,2.7898154028752312e-6
13.61,0.047,3.8,7.967806228852795e-13,7.967367580318996e-13,2.7898154028752312e-6
13.61,0.047,3.98,1.8366505836635729e-13,1.836667175462645e-13,2.7898154028752312e-6
13.61,0.047,3.9998,1.776486796083566e-14,1.7765208214686997e-14,2.7898154028752312e-6
13.61,0.173,1.0000000000000001e-7,2.72275258333793e-6,2.7227525747665e-6,2.7228048608976633e-6
13.61,0.173,1.6426491045299075e-7,2.7227308667844984e-6,2.722730858201244e-6,2.7228048608976633e-6
13.61,0.173,2.698296080612907e-7,2.7227001289086214e-6,2.722700120346435e-6,2.7228048608976633e-6
13.61,0.173,4.432353640575351e-7,2.722656622041084e-6,2.7226566134736933e-6,2.7228048608976633e-6
13.61,0.173,7.280801738650976e-7,2.7225950415100355e-6,2.7225950329518454e-6,2.7228048608976633e-6
13.61,0.173,1.1959802456254818e-6,2.722507878596782e-6,2.722507870075175e-6,2.7228048608976633e-6
13.61,0.173,1.9645758795121526e-6,2.72238450437324e-6,2.722384495801916e-6,2.7228048608976633e-6
13.61,0.173,3.227108809261693e-6,2.722209872197291e-6,2.7222098637706804e-6,2.7228048608976633e-6
13.61,0.173,5.301007395754297e-6,2.7219626794692653e-6,2.7219626708847186e-6,2.7228048608976633e-6
13.61,0.173,8.707695051742211e-6,2.7216127617757974e-6,2.721612753497498e-6,2.7228048608976633e-6
13.61,0.173,1.4303687479263852e-5,2.7211173954383575e-6,2.7211173869643723e-6,2.7228048608976633e-6
13.61,0.173,2.3495939429288417e-5,2.720416043432699e-6,2.720416035301064e-6,2.7228048608976633e-6
13.61,0.173,3.8595583863609565e-5,2.719422871951026e-6,2.719422863936388e-6,2.7228048608976633e-6
13.61,0.173,6.33990012723672e-5,2.718016053069376e-6,2.7180160449146688e-6,2.7228048608976633e-6
13.61,0.173,0.00010414231266814445,2.716022388536957e-6,2.7160223817117445e-6,2.7228048608976633e-6
13.61,0.173,0.00017106927664800093,2.7131950251039697e-6,2.713195016596977e-6,2.7228048608976633e-6
13.61,0.173,0.00028100679409841776,2.7091807700003453e-6,2.70918076567131e-6,2.7228048608976633e-6
13.61,0.173,0.00046159555869258604,2.703471357335044e-6,2.7034713492069845e-6,2.7228048608976633e-6
13.61,0.173,0.0007582395311413588,2.695329219164488e-6,2.695329219329387e-6,2.7228048608976633e-6
13.61,0.173,0.00124552148684853,2.6836715369623073e-6,2.6836715346031015e-6,2.7228048608976633e-6
13.61,0.173,0.002045954755044497,2.666884343075741e-6,2.666884349244115e-6,2.7228048608976633e-6
13.61,0.173,0.0033607857462825456,2.642518049970097e-6,2.6425180747017636e-6,2.7228048608976633e-6
13.61,0.173,0.005520591696647901,2.60678463799315e-6,2.6067846435890954e-6,2.7228048608976633e-6
13.61,0.173,0.009068395006973916,2.5537410452008107e-6,2.553741165230411e-6,2.7228048608976633e-6
13.61,0.173,0.01489619093772919,2.474043282960127e-6,2.4740432735733012e-6,2.7228048608976633e-6
13.61,0.173,0.024469214704767362,2.353331787041864e-6,2.353332131421066e-6,2.7228048608976633e-6
13.61,0.173,0.04019433362333615,2.1710259396785312e-6,2.171026033486366e-6,2.7228048608976633e-6
13.61,0.173,0.06602518613354949,1.9022135729741598e-6,1.9022141184496732e-6,2.7228048608976633e-6
13.61,0.173,0.1084562128786955,1.528558075121412e-6,1.5285585523746495e-6,2.7228048608976633e-6
13.61,0.173,0.17815550096589414,1.064566042774029e-6,1.064566319877084e-6,2.7228048608976633e-6
13.61,0.173,0.292646974128703,5.8872429924016e-7,5.887247212299785e-7,2.7228048608976633e-6
13.61,0.173,0.480716289995901,2.2753126602702478e-7,2.2753126262866213e-7,2.7228048608976633e-6
13.61,0.173,0.789648183294706,5.177902645772894e-8,5.1779000742137006e-8,2.7228048608976633e-6
13.61,0.173,1.297114881182717,5.663626768690878e-9,5.66362647583288e-9,2.7228048608976633e-6
13.61,0.173,2.1307045980472066,2.441648527606795e-10,2.441610711909539e-10,2.7228048608976633e-6
13.61,0.173,3.5000000000000004,3.237303074700885e-12,3.237177410551927e-12,2.7228048608976633e-6
13.61,0.173,3.8,1.1111312388752787e-12,1.1110821940777142e-12,2.7228048608976633e-6
13.61,0.173,3.98,2.519033809852433e-13,2.518855922452321e-13,2.7228048608976633e-6
13.61,0.173,3.9998,2.4322590479810975e-14,2.4320925154169792e-14,2.7228048608976633e-6
13.61,0.61,1.0000000000000001e-7,2.9701267957949316e-6,2.9701268016055264e-6,2.970171409440282e-6
13.61,0.61,1.6426491045299075e-7,2.970108262920619e-6,2.970108268719656e-6,2.970171409440282e-6
13.61,0.61,2.698296080612907e-7,2.9700820312926087e-6,2.970082037115513e-6,2.970171409440282e-6
13.61,0.61,4.432353640575351e-7,2.970044902706422e-6,2.970044908512366e-6,2.970171409440282e-6
13.61,0.61,7.280801738650976e-7,2.9699923502855457e-6,2.969992356122439e-6,2.970171409440282e-6
13.61,0.61,1.1959802456254818e-6,2.9699179663905905e-6,2.9699179722287575e-6,2.970171409440282e-6
13.61,0.61,1.9645758795121526e-6,2.9698126809886833e-6,2.969812686829104e-6,2.970171409440282e-6
13.61,0.61,3.227108809261693e-6,2.969663654874012e-6,2.9696636607960873e-6,2.970171409440282e-6
13.61,0.61,5.301007395754297e-6,2.969452712081916e-6,2.9694527179009263e-6,2.970171409440282e-6
13.61,0.61,8.707695051742211e-6,2.9691541187282113e-6,2.9691541248139317e-6,2.970171409440282e-6
13.61,0.61,1.4303687479263852e-5,2.9687314337042702e-6,2.9687314395327417e-6,2.970171409440282e-6
13.61,0.61,2.3495939429288417e-5,2.968133038693757e-6,2.96813304501988e-6,2.970171409440282e-6
13.61,0.61,3.8595583863609565e-5,2.9672857831058716e-6,2.9672857891954655e-6,2.970171409440282e-6
13.61,0.61,6.33990012723672e-5,2.966085925316249e-6,2.966085931854624e-6,2.970171409440282e-6
13.61,0.61,0.00010414231266814445,2.96438616762507e-6,2.9643861746181303e-6,2.970171409440282e-6
13.61,0.61,0.00017106927664800093,2.9619769859896763e-6,2.961976992442181e-6,2.970171409440282e-6
13.61,0.61,0.00028100679409841776,2.9585594976222235e-6,2.9585595068555556e-6,2.970171409440282e-6
13.61,0.61,0.00046159555869258604,2.953705513041156e-6,2.9537055190339978e-6,2.970171409440282e-6
13.61,0.61,0.0007582395311413588,2.9467976648393096e-6,2.9467976788251106e-6,2.970171409440282e-6
13.61,0.61,0.00124552148684853,2.9369376295158014e-6,2.9369376373278736e-6,2.970171409440282e-6
13.61,0.61,0.002045954755044497,2.922801742195531e-6,2.92280176501421e-6,2.970171409440282e-6
13.61,0.61,0.0033607857462825456,2.902407947760753e-6,2.902407970285912e-6,2.970171409440282e-6
13.61,0.61,0.005520591696647901,2.8727323865695958e-6,2.872732420472649e-6,2.970171409440282e-6
13.61,0.61,0.009068395006973916,2.82907637060503e-6,2.829076458329875e-6,2.970171409440282e-6
13.61,0.61,0.01489619093772919,2.7640474008560125e-6,2.7640474287562003e-6,2.970171409440282e-6
13.61,0.61,0.024469214704767362,2.6660443097690967e-6,2.666044603314046e-6,2.970171409440282e-6
13.61,0.61,0.04019433362333615,2.5174313491445613e-6,2.517431367960761e-6,2.970171409440282e-6
13.61,0.61,0.06602518613354949,2.2936485439737584e-6,2.293649205626934e-6,2.970171409440282e-6
13.61,0.61,0.1084562128786955,1.967106169000465e-6,1.967106439569518e-6,2.970171409440282e-6
13.61,0.61,0.17815550096589414,1.52345991230099e-6,1.5234606408040791e-6,2.970171409440282e-6
13.61,0.61,0.292646974128703,9.956494025988575e-7,9.956500468471764e-7,2.970171409440282e-6
13.61,0.61,0.480716289995901,4.934885098657468e-7,4.93488673289702e-7,2.970171409440282e-6
13.61,0.61,0.789648183294706,1.579378083156145e-7,1.57937950914925e-7,2.970171409440282e-6
13.61,0.61,1.297114881182717,2.5990436310247333e-8,2.5990434791007927e-8,2.970171409440282e-6
13.61,0.61,2.1307045980472066,1.6368761629538652e-9,1.6368525088460028e-9,2.970171409440282e-6
13.61,0.61,3.5000000000000004,2.545335241929581e-11,2.5453105974613626e-11,2.970171409440282e-6
13.61,0.61,3.8,8.672087958411612e-12,8.670837390067926e-12,2.970171409440282e-6
13.61,0.61,3.98,1.951136895190977e-12,1.9509301878725024e-12,2.970171409440282e-6
13.61,0.61,3.9998,1.8821718719222908e-13,1.8819998092205478e-13,2.970171409440282e-6
13.61,1.73,1.0000000000000001e-7,5.2177238974613405e-6,5.2177240357053625e-6,5.217775453807589e-6
13.61,1.73,1.6426491045299075e-7,5.217702480558837e-6,5.217702618810522e-6,5.217775453807589e-6
13.61,1.73,2.698296080612907e-7,5.217672166881755e-6,5.217672305114352e-6,5.217775453807589e-6
13.61,1.73,4.432353640575351e-7,5.217629260591876e-6,5.217629398861477e-6,5.217775453807589e-6
13.61,1.73,7.280801738650976e-7,5.217568530501102e-6,5.217568668746734e-6,5.217775453807589e-6
13.61,1.73,1.1959802456254818e-6,5.21748257218098e-6,5.217482710466908e-6,5.217775453807589e-6
13.61,1.73,1.9645758795121526e-6,5.217360904963278e-6,5.21736104326273e-6,5.217775453807589e-6
13.61,1.73,3.227108809261693e-6,5.217188693540625e-6,5.217188831820622e-6,5.217775453807589e-6
13.61,1.73,5.301007395754297e-6,5.2169449378492274e-6,5.216945076281109e-6,5.217775453807589e-6
13.61,1.73,8.707695051742211e-6,5.2165999094955445e-6,5.216600047730604e-6,5.217775453807589e-6
13.61,1.73,1.4303687479263852e-5,5.216111519770481e-6,5.21611165844596e-6,5.217775453807589e-6
13.61,1.73,2.3495939429288417e-5,5.215420170938689e-6,5.2154203092085115e-6,5.217775453807589e-6
13.61,1.73,3.8595583863609565e-5,5.214441450539268e-6,5.214441589537725e-6,5.217775453807589e-6
13.61,1.73,6.33990012723672e-5,5.213055749549074e-6,5.213055888276971e-6,5.217775453807589e-6
13.61,1.73,0.00010414231266814445,5.2110934744412735e-6,5.211093613632261e-6,5.217775453807589e-6
13.61,1.73,0.00017106927664800093,5.208313906049118e-6,5.208314046245831e-6,5.217775453807589e-6
13.61,1.73,0.00028100679409841776,5.2043748064809495e-6,5.204374945295425e-6,5.217775453807589e-6
13.61,1.73,0.00046159555869258604,5.198788359187811e-6,5.198788502831955e-6,5.217775453807589e-6
13.61,1.73,0.0007582395311413588,5.190856521931097e-6,5.1908566600016446e-6,5.217775453807589e-6
13.61,1.73,0.00124552148684853,5.179574581470868e-6,5.17957473195696e-6,5.217775453807589e-6
13.61,1.73,0.002045954755044497,5.163484135877412e-6,5.16348427765471e-6,5.217775453807589e-6
13.61,1.73,0.0033607857462825456,5.140443205817979e-6,5.140443367755484e-6,5.217775453807589e-6
13.61,1.73,0.005520591696647901,5.1072571713184894e-6,5.107257338055768e-6,5.217775453807589e-6
13.61,1.73,0.009068395006973916,5.059073355949138e-6,5.059073528548932e-6,5.217775453807589e-6
13.61,1.73,0.01489619093772919,4.988379406195114e-6,4.988379677098185e-6,5.217775453807589e-6
13.61,1.73,0.024469214704767362,4.883373185570819e-6,4.883373339401775e-6,5.217775453807589e-6
13.61,1.73,0.04019433362333615,4.72546980476284e-6,4.725470395264415e-6,5.217775453807589e-6
13.61,1.73,0.06602518613354949,4.486062519367719e-6,4.486062687188798e-6,5.217775453807589e-6
13.61,1.73,0.1084562128786955,4.124106487643926e-6,4.124107648000952e-6,5.217775453807589e-6
13.61,1.73,0.17815550096589414,3.5900186822649546e-6,3.5900193571306038e-6,5.217775453807589e-6
13.61,1.73,0.292646974128703,2.8482405662023054e-6,2.8482418445409773e-6,5.217775453807589e-6
13.61,1.73,0.480716289995901,1.9322117036922526e-6,1.9322131699859295e-6,5.217775453807589e-6
13.61,1.73,0.789648183294706,1.009879495592523e-6,1.0098798246286472e-6,5.217775453807589e-6
13.61,1.73,1.297114881182717,3.44410585245625e-7,3.444108649428063e-7,5.217775453807589e-6
13.61,1.73,2.1307045980472066,5.909080808666557e-8,5.909082656206007e-8,5.217775453807589e-6
13.61,1.73,3.5000000000000004,2.9716816522596894e-9,2.9714932643954948e-9,5.217775453807589e-6
13.61,1.73,3.8,1.2058141226396272e-9,1.2058143387619523e-9,5.217775453807589e-6
13.61,1.73,3.98,2.9653463086376185e-10,2.9651959116147786e-10,5.217775453807589e-6
13.61,1.73,3.9998,2.886517124210249e-11,2.8863542268207362e-11,5.217775453807589e-6
13.61,4.71,1.0000000000000001e-7,1.6447665568293597e-5,1.644778221057614e-5,1.64477560750541e-5
13.61,4.71,1.6426491045299075e-7,1.644762797112164e-5,1.6447744614080156e-5,1.64477560750541e-5
13.61,4.71,2.698296080612907e-7,1.6447574755787333e-5,1.64476913981529e-5,1.64477560750541e-5
13.61,4.71,4.432353640575351e-7,1.644749943435434e-5,1.644761607605633e-5,1.64477560750541e-5
13.61,4.71,7.280801738650976e-7,1.64473928236973e-5,1.644750946433805e-5,1.64477560750541e-5
13.61,4.71,1.1959802456254818e-6,1.6447241925829766e-5,1.6447358565073947e-5,1.64477560750541e-5
13.61,4.71,1.9645758795121526e-6,1.6447028343018305e-5,1.6447144980248127e-5,1.64477560750541e-5
13.61,4.71,3.227108809261693e-6,1.6446726034306956e-5,1.6446842668562405e-5,1.64477560750541e-5
13.61,4.71,5.301007395754297e-6,1.64462981395853e-5,1.644641477001392e-5,1.64477560750541e-5
13.61,4.71,8.707695051742211e-6,1.6445692483198214e-5,1.6445809107422598e-5,1.64477560750541e-5
13.61,4.71,1.4303687479263852e-5,1.6444835207069253e-5,1.6444951823810033e-5,1.64477560750541e-5
13.61,4.71,2.3495939429288417e-5,1.64436217528838e-5,1.644373835727158e-5,1.64477560750541e-5
13.61,4.71,3.8595583863609565e-5,1.6441904084242624e-5,1.644202067322515e-5,1.64477560750541e-5
13.61,4.71,6.33990012723672e-5,1.6439472568893945e-5,1.6439589134157307e-5,1.64477560750541e-5
13.61,4.71,0.00010414231266814445,1.643603026201208e-5,1.6436146794500414e-5,1.64477560750541e-5
13.61,4.71,0.00017106927664800093,1.6431156341561353e-5,1.643127282908894e-5,1.64477560750541e-5
13.61,4.71,0.00028100679409841776,1.642425398167959e-5,1.6424370399446734e-5,1.64477560750541e-5
13.61,4.71,0.00046159555869258604,1.6414475734894308e-5,1.641459206625144e-5,1.64477560750541e-5
13.61,4.71,0.0007582395311413588,1.6400616049530696e-5,1.6400732236502503e-5,1.64477560750541e-5
13.61,4.71,0.00124552148684853,1.6380955007265657e-5,1.638107102028261e-5,1.64477560750541e-5
13.61,4.71,0.002045954755044497,1.635302811510998e-5,1.6353143839951595e-5,1.64477560750541e-5
13.61,4.71,0.0033607857462825456,1.6313280998882635e-5,1.6313396348986696e-5,1.64477560750541e-5
13.61,4.71,0.005520591696647901,1.6256539497395012e-5,1.6256654278770422e-5,1.64477560750541e-5
13.61,4.71,0.009068395006973916,1.6175174908762794e-5,1.6175288827203694e-5,1.64477560750541e-5
13.61,4.71,0.01489619093772919,1.6057754635300353e-5,1.6057867409377516e-5,1.64477560750541e-5
13.61,4.71,0.024469214704767362,1.5886818883450293e-5,1.5886929538170164e-5,1.64477560750541e-5
13.61,4.71,0.04019433362333615,1.563520506842171e-5,1.5635313250421918e-5,1.64477560750541e-5
13.61,4.71,0.06602518613354949,1.5260125810146226e-5,1.526022872363709e-5,1.64477560750541e-5
13.61,4.71,0.1084562128786955,1.4694365979431675e-5,1.4694462682983649e-5,1.64477560750541e-5
13.61,4.71,0.17815550096589414,1.3835711424032073e-5,1.3835796010880304e-5,1.64477560750541e-5
13.61,4.71,0.292646974128703,1.2542036545635844e-5,1.2542104609711135e-5,1.64477560750541e-5
13.61,4.71,0.480716289995901,1.065503735376709e-5,1.0655083062046203e-5,1.64477560750541e-5
13.61,4.71,0.789648183294706,8.098288190575814e-6,8.09830286652938e-6,1.64477560750541e-5
13.61,4.71,1.297114881182717,5.0817727953945554e-6,5.08176481932489e-6,1.64477560750541e-5
13.61,4.71,2.1307045980472066,2.2712616989755197e-6,2.2712410314601628e-6,1.64477560750541e-5
13.61,4.71,3.5000000000000004,4.458036494533334e-7,4.4578997404214607e-7,1.64477560750541e-5
13.61,4.71,3.8,2.3106982184338348e-7,2.310637622366699e-7,1.64477560750541e-5
13.61,4.71,3.98,6.502765651899031e-8,6.502522902504165e-8,1.64477560750541e-5
13.61,4.71,3.9998,6.420739839351352e-9,6.420493012602015e-9,1.64477560750541e-5
14.13,0.00113,1.0000000000000001e-7,1.4590056840658581e-5,1.459005697003107e-5,1.4590580104534446e-5
14.13,0.00113,1.6426491045299075e-7,1.4589839471054103e-5,1.4589839602647756e-5,1.4590580104534446e-5
14.13,0.00113,2.698296080612907e-7,1.4589531801829988e-5,1.4589531936153163e-5,1.4590580104534446e-5
14.13,0.00113,4.432353640575351e-7,1.4589096318279074e-5,1.4589096456906371e-5,1.4590580104534446e-5
14.13,0.00113,7.280801738650976e-7,1.4588479917101119e-5,1.4588480061495052e-5,1.4590580104534446e-5
14.13,0.00113,1.1959802456254818e-6,1.458760742464196e-5,1.4587607577163463e-5,1.4590580104534446e-5
14.13,0.00113,1.9645758795121526e-6,1.4586372414590078e-5,1.45863725793255e-5,1.4590580104534446e-5
14.13,0.00113,3.227108809261693e-6,1.4584624193037992e-5,1.4584624373196452e-5,1.4590580104534446e-5
14.13,0.00113,5.301007395754297e-6,1.4582149335433825e-5,1.458214954093168e-5,1.4590580104534446e-5
14.13,0.00113,8.707695051742211e-6,1.4578645459258212e-5,1.4578645695384071e-5,1.4590580104534446e-5
14.13,0.00113,1.4303687479263852e-5,1.4573683887565645e-5,1.457368417427594e-5,1.4590580104534446e-5
14.13,0.00113,2.3495939429288417e-5,1.4566656320529777e-5,1.4566656671433888e-5,1.4590580104534446e-5
14.13,0.00113,3.8595583863609565e-5,1.4556698275131014e-5,1.4556698723685784e-5,1.4590580104534446e-5
14.13,0.00113,6.33990012723672e-5,1.4542578326464057e-5,1.4542578913686797e-5,1.4590580104534446e-5
14.13,0.00113,0.00010414231266814445,1.452253607709816e-5,1.4522536852198688e-5,1.4590580104534446e-5
14.13,0.00113,0.00017106927664800093,1.4494041404683944e-5,1.4494042484621802e-5,1.4590580104534446e-5
14.13,0.00113,0.00028100679409841776,1.445342936537381e-5,1.4453430823283334e-5,1.4590580104534446e-5
14.13,0.00113,0.00046159555869258604,1.4395332742760225e-5,1.4395334883586585e-5,1.4590580104534446e-5
14.13,0.00113,0.0007582395311413588,1.4311776684846677e-5,1.4311779679127197e-5,1.4590580104534446e-5
14.13,0.00113,0.00124552148684853,1.4190701086097984e-5,1.4190705645196412e-5,1.4590580104534446e-5
14.13,0.00113,0.002045954755044497,1.4013521471745804e-5,1.4013528254928994e-5,1.4590580104534446e-5
14.13,0.00113,0.0033607857462825456,1.3751146929153476e-5,1.3751157377873658e-5,1.4590580104534446e-5
14.13,0.00113,0.005520591696647901,1.3357807113372723e-5,1.3357823897087094e-5,1.4590580104534446e-5
14.13,0.00113,0.009068395006973916,1.2762706025099587e-5,1.2762731218909215e-5,1.4590580104534446e-5
14.13,0.00113,0.01489619093772919,1.1862576551671295e-5,1.1862618085637663e-5,1.4590580104534446e-5
14.13,0.00113,0.024469214704767362,1.0526871872264112e-5,1.0526929757690241e-5,1.4590580104534446e-5
14.13,0.00113,0.04019433362333615,8.643575745418738e-6,8.643658763143978e-6,1.4590580104534446e-5
14.13,0.00113,0.06602518613354949,6.242142202654715e-6,6.242236269491451e-6,1.4590580104534446e-5
14.13,0.00113,0.1084562128786955,3.6656724489377653e-6,3.6657600179032745e-6,1.4590580104534446e-5
14.13,0.00113,0.17815550096589414,1.5618949580464891e-6,1.5619507243346276e-6,1.4590580104534446e-5
14.13,0.00113,0.292646974128703,4.149103497697777e-7,4.149310456989633e-7,1.4590580104534446e-5
14.13,0.00113,0.480716289995901,5.7561740758007395e-8,5.756543094464933e-8,1.4590580104534446e-5
14.13,0.00113,0.789648183294706,3.5251255827364123e-9,3.525396610459139e-9,1.4590580104534446e-5
14.13,0.00113,1.297114881182717,8.556200592009605e-11,8.55684769485365e-11,1.4590580104534446e-5
14.13,0.00113,2.1307045980472066,8.183002247926487e-13,8.183542894183924e-13,1.4590580104534446e-5
14.13,0.00113,3.5000000000000004,3.1346198218569195e-15,3.1341451168769683e-15,1.4590580104534446e-5
14.13,0.00113,3.8,9.287164801945805e-16,9.285981931510527e-16,1.4590580104534446e-5
14.13,0.00113,3.98,1.96277976996332e-16,1.962935926638537e-16,1.4590580104534446e-5
14.13,0.00113,3.9998,1.8820836998203693e-17,1.8822641300872117e-17,1.4590580104534446e-5
14.13,0.0037,1.0000000000000001e-7,1.457429039982073e-5,1.4574290400841728e-5,1.4574812084312114e-5
14.13,0.0037,1.6426491045299075e-7,1.4574073686316197e-5,1.457407368747569e-5,1.4574812084312114e-5
14.13,0.0037,2.698296080612907e-7,1.4573766945756954e-5,1.4573766946905223e-5,1.4574812084312114e-5
14.13,0.0037,4.432353640575351e-7,1.4573332776682676e-5,1.4573332777867068e-5,1.4574812084312114e-5
14.13,0.0037,7.280801738650976e-7,1.4572718236111497e-5,1.4572718237602743e-5,1.4574812084312114e-5
14.13,0.0037,1.1959802456254818e-6,1.4571848377369398e-5,1.457184837847158e-5,1.4574812084312114e-5
14.13,0.0037,1.9645758795121526e-6,1.4570617095561912e-5,1.457061709774023e-5,1.4574812084312114e-5
14.13,0.0037,3.227108809261693e-6,1.4568874152055871e-5,1.4568874153155669e-5,1.4574812084312114e-5
14.13,0.0037,5.301007395754297e-6,1.4566406767470632e-5,1.4566406770692764e-5,1.4574812084312114e-5
14.13,0.0037,8.707695051742211e-6,1.4562913474225707e-5,1.4562913476313087e-5,1.4574812084312114e-5
14.13,0.0037,1.4303687479263852e-5,1.4557966894374598e-5,1.4557966898599007e-5,1.4574812084312114e-5
14.13,0.0037,2.3495939429288417e-5,1.4550960575701923e-5,1.4550960581390536e-5,1.4574812084312114e-5
14.13,0.0037,3.8595583863609565e-5,1.4541032670494153e-5,1.4541032674567926e-5,1.4574812084312114e-5
14.13,0.0037,6.33990012723672e-5,1.4526955528820157e-5,1.4526955543580812e-5,1.4574812084312114e-5
14.13,0.0037,0.00010414231266814445,1.4506974195526372e-5,1.4506974197702038e-5,1.4574812084312114e-5
14.13,0.0037,0.00017106927664800093,1.4478566467477937e-5,1.4478566501525698e-5,1.4574812084312114e-5
14.13,0.0037,0.00028100679409841776,1.443807907386265e-5,1.4438079082155886e-5,1.4574812084312114e-5
14.13,0.0037,0.00046159555869258604,1.4380162296523654e-5,1.4380162366736177e-5,1.4574812084312114e-5
14.13,0.0037,0.0007582395311413588,1.4296868046034658e-5,1.4296868108678834e-5,1.4574812084312114e-5
14.13,0.0037,0.00124552148684853,1.4176178010747254e-5,1.4176178131146174e-5,1.4574812084312114e-5
14.13,0.0037,0.002045954755044497,1.3999574071256838e-5,1.3999574378164029e-5,1.4574812084312114e-5
14.13,0.0037,0.0033607857462825456,1.3738071081927133e-5,1.373807120265409e-5,1.4574812084312114e-5
14.13,0.0037,0.005520591696647901,1.334606370640291e-5,1.3346064816167962e-5,1.4574812084312114e-5
14.13,0.0037,0.009068395006973916,1.2752996034985981e-5,1.2752996122274117e-5,1.4574812084312114e-5
14.13,0.0037,0.01489619093772919,1.1855893726974576e-5,1.1855896417887059e-5,1.4574812084312114e-5
14.13,0.0037,0.024469214704767362,1.0524409106284891e-5,1.05244101557893e-5,1.4574812084312114e-5
14.13,0.0037,0.04019433362333615,8.646234393794272e-6,8.646237687647852e-6,1.4574812084312114e-5
14.13,0.0037,0.06602518613354949,6.2494493933030105e-6,6.2494522073456835e-6,1.4574812084312114e-5
14.13,0.0037,0.1084562128786955,3.674753407144804e-6,3.674754338174616e-6,1.4574812084312114e-5
14.13,0.0037,0.17815550096589414,1.568615358257386e-6,1.5686162234347058e-6,1.4574812084312114e-5
14.13,0.0037,0.292646974128703,4.176229798745864e-7,4.1762296709638475e-7,1.4574812084312114e-5
14.13,0.0037,0.480716289995901,5.806082767214964e-8,5.8060749413971665e-8,1.4574812084312114e-5
14.13,0.0037,0.789648183294706,3.5589560028082698e-9,3.5589549928850775e-9,1.4574812084312114e-5
14.13,0.0037,1.297114881182717,8.622327455734887e-11,8.622294538278049e-11,1.4574812084312114e-5
14.13,0.0037,2.1307045980472066,8.195720250535365e-13,8.195683112489121e-13,1.4574812084312114e-5
14.13,0.0037,3.5000000000000004,3.105567517720652e-15,3.1053221009627962e-15,1.4574812084312114e-5
14.13,0.0037,3.8,9.183420872929635e-16,9.18223272925394e-16,1.4574812084312114e-5
14.13,0.0037,3.98,1.9389372519084027e-16,1.939174275541041e-16,1.4574812084312114e-5
14.13,0.0037,3.9998,1.8590351153883294e-17,1.8593244107411446e-17,1.4574812084312114e-5
14.13,0.0127,1.0000000000000001e-7,1.4521035068095855e-5,1.4521035068467787e-5,1.4521551341802022e-5
14.13,0.0127,1.6426491045299075e-7,1.452082060231238e-5,1.4520820602603116e-5,1.4521551341802022e-5
14.13,0.0127,2.698296080612907e-7,1.4520517043249386e-5,1.4520517043681519e-5,1.4521551341802022e-5
14.13,0.0127,4.432353640575351e-7,1.4520087377416708e-5,1.452008737790452e-5,1.4521551341802022e-5
14.13,0.0127,7.280801738650976e-7,1.4519479211063897e-5,1.4519479211480737e-5,1.4521551341802022e-5
14.13,0.0127,1.1959802456254818e-6,1.4518618375123099e-5,1.4518618376090661e-5,1.4521551341802022e-5
14.13,0.0127,1.9645758795121526e-6,1.4517399865834415e-5,1.4517399866109042e-5,1.4521551341802022e-5
14.13,0.0127,3.227108809261693e-6,1.4515675004275457e-5,1.4515675006124344e-5,1.4521551341802022e-5
14.13,0.0127,5.301007395754297e-6,1.4513233221333902e-5,1.4513233221777404e-5,1.4521551341802022e-5
14.13,0.0127,8.707695051742211e-6,1.4509776183874314e-5,1.450977618690383e-5,1.4521551341802022e-5
14.13,0.0127,1.4303687479263852e-5,1.4504880964105685e-5,1.4504880966265702e-5,1.4521551341802022e-5
14.13,0.0127,2.3495939429288417e-5,1.4497947439372508e-5,1.4497947443167298e-5,1.4521551341802022e-5
14.13,0.0127,3.8595583863609565e-5,1.448812278990733e-5,1.4488122797508752e-5,1.4521551341802022e-5
14.13,0.0127,6.33990012723672e-5,1.4474192297742612e-5,1.4474192300378648e-5,1.4521551341802022e-5
14.13,0.0127,0.00010414231266814445,1.4454419650937746e-5,1.445441967155658e-5,1.4521551341802022e-5
14.13,0.0127,0.00017106927664800093,1.4426309773780207e-5,1.4426309774199473e-5,1.4521551341802022e-5
14.13,0.0127,0.00028100679409841776,1.4386249380161797e-5,1.4386249427838087e-5,1.4521551341802022e-5
14.13,0.0127,0.00046159555869258604,1.4328948688026446e-5,1.4328948703974733e-5,1.4521551341802022e-5
14.13,0.0127,0.0007582395311413588,1.4246551274742983e-5,1.42465513705035e-5,1.4521551341802022e-5
14.13,0.0127,0.00124552148684853,1.412718198348982e-5,1.4127182103166756e-5,1.4521551341802022e-5
14.13,0.0127,0.002045954755044497,1.3952550003662624e-5,1.3952550146251095e-5,1.4521551341802022e-5
14.13,0.0127,0.0033607857462825456,1.3694032603583746e-5,1.3694033152544967e-5,1.4521551341802022e-5
14.13,0.0127,0.005520591696647901,1.3306590154376569e-5,1.3306590222873916e-5,1.4521551341802022e-5
14.13,0.0127,0.009068395006973916,1.2720490703448339e-5,1.2720492454417099e-5,1.4521551341802022e-5
14.13,0.0127,0.01489619093772919,1.183376688389404e-5,1.1833767029339263e-5,1.4521551341802022e-5
14.13,0.0127,0.024469214704767362,1.0516761728088202e-5,1.0516765057794721e-5,1.4521551341802022e-5
14.13,0.0127,0.04019433362333615,8.656179412613368e-6,8.656181035150314e-6,1.4521551341802022e-5
14.13,0.0127,0.06602518613354949,6.275383402253824e-6,6.275385857952551e-6,1.4521551341802022e-5
14.13,0.0127,0.1084562128786955,3.706766828580594e-6,3.706768953872406e-6,1.4521551341802022e-5
14.13,0.0127,0.17815550096589414,1.5923460541762296e-6,1.5923461911986633e-6,1.4521551341802022e-5
14.13,0.0127,0.292646974128703,4.272560415628564e-7,4.2725601983080717e-7,1.4521551341802022e-5
14.13,0.0127,0.480716289995901,5.984723070203673e-8,5.98472304873741e-8,1.4521551341802022e-5
14.13,0.0127,0.789648183294706,3.6810987940416543e-9,3.681089590103798e-9,1.4521551341802022e-5
14.13,0.0127,1.297114881182717,8.863926456302315e-11,8.863921231129841e-11,1.4521551341802022e-5
14.13,0.0127,2.1307045980472066,8.249871216252175e-13,8.249740186680518e-13,1.4521551341802022e-5
14.13,0.0127,3.5000000000000004,3.0106909228848543e-15,3.0103552960649412e-15,1.4521551341802022e-5
14.13,0.0127,3.8,8.843586179594266e-16,8.843671638322013e-16,1.4521551341802022e-5
14.13,0.0127,3.98,1.8607836061691936e-16,1.8606528563644457e-16,1.4521551341802022e-5
14.13,0.0127,3.9998,1.783480821081162e-17,1.7833420465103354e-17,1.4521551341802022e-5
14.13,0.047,1.0000000000000001e-7,1.4344757544407248e-5,1.4344757532426482e-5,1.4345254808117578e-5
14.13,0.047,1.6426491045299075e-7,1.4344550975659305e-5,1.434455096354644e-5,1.4345254808117578e-5
14.13,0.047,2.698296080612907e-7,1.4344258594311756e-5,1.4344258582459227e-5,1.4345254808117578e-5
14.13,0.047,4.432353640575351e-7,1.4343844749948176e-5,1.4343844737904799e-5,1.4345254808117578e-5
14.13,0.047,7.280801738650976e-7,1.4343258978456738e-5,1.4343258966739481e-5,1.4345254808117578e-5
14.13,0.047,1.1959802456254818e-6,1.4342429842762784e-5,1.4342429831061639e-5,1.4345254808117578e-5
14.13,0.047,1.9645758795121526e-6,1.4341256207754172e-5,1.4341256196036247e-5,1.4345254808117578e-5
14.13,0.047,3.227108809261693e-6,1.4339594874262828e-5,1.4339594863458711e-5,1.4345254808117578e-5
14.13,0.047,5.301007395754297e-6,1.433724303849369e-5,1.4337243026469493e-5,1.4345254808117578e-5
14.13,0.047,8.707695051742211e-6,1.4333913379419536e-5,1.4333913370364273e-5,1.4345254808117578e-5
14.13,0.047,1.4303687479263852e-5,1.432919860354051e-5,1.4329198591534508e-5,1.4345254808117578e-5
14.13,0.047,2.3495939429288417e-5,1.4322520824687468e-5,1.4322520818196304e-5,1.4345254808117578e-5
14.13,0.047,3.8595583863609565e-5,1.4313058938199712e-5,1.4313058929032249e-5,1.4345254808117578e-5
14.13,0.047,6.33990012723672e-5,1.4299643653668013e-5,1.4299643649405025e-5,1.4345254808117578e-5
14.13,0.047,0.00010414231266814445,1.4280604144610485e-5,1.4280604146088419e-5,1.4345254808117578e-5
14.13,0.047,0.00017106927664800093,1.4253540613381624e-5,1.4253540607726427e-5,1.4345254808117578e-5
14.13,0.047,0.00028100679409841776,1.4214980195112507e-5,1.4214980226467268e-5,1.4345254808117578e-5
14.13,0.047,0.00046159555869258604,1.4159843575977067e-5,1.4159843563305205e-5,1.4345254808117578e-5
14.13,0.047,0.0007582395311413588,1.4080596215533238e-5,1.408059632240856e-5,1.4345254808117578e-5
14.13,0.047,0.00124552148684853,1.3965865701110332e-5,1.396586571604353e-5,1.4345254808117578e-5
14.13,0.047,0.002045954755044497,1.379815985825784e-5,1.3798160126257308e-5,1.4345254808117578e-5
14.13,0.047,0.0033607857462825456,1.3550130532136312e-5,1.3550130808538237e-5,1.4345254808117578e-5
14.13,0.047,0.005520591696647901,1.3178731450668934e-5,1.3178731902271953e-5,1.4345254808117578e-5
14.13,0.047,0.009068395006973916,1.2617144559307907e-5,1.2617145915599464e-5,1.4345254808117578e-5
14.13,0.047,0.01489619093772919,1.1766991054722055e-5,1.1766991308219836e-5,1.4345254808117578e-5
14.13,0.047,0.024469214704767362,1.0501146164534877e-5,1.0501149749837403e-5,1.4345254808117578e-5
14.13,0.047,0.04019433362333615,8.702971608172494e-6,8.702971692366376e-6,1.4345254808117578e-5
14.13,0.047,0.06602518613354949,6.3791365512108695e-6,6.379140547178287e-6,1.4345254808117578e-5
14.13,0.047,0.1084562128786955,3.831827146177538e-6,3.831828062713634e-6,1.4345254808117578e-5
14.13,0.047,0.17815550096589414,1.68559006093933e-6,1.685590666709279e-6,1.4345254808117578e-5
14.13,0.047,0.292646974128703,4.658997116518748e-7,4.6589974968518507e-7,1.4345254808117578e-5
14.13,0.047,0.480716289995901,6.722711014736066e-8,6.722708094231196e-8,1.4345254808117578e-5
14.13,0.047,0.789648183294706,4.202203864162699e-9,4.2021939180631504e-9,1.4345254808117578e-5
14.13,0.047,1.297114881182717,9.937219314694701e-11,9.937217471455805e-11,1.4345254808117578e-5
14.13,0.047,2.1307045980472066,8.592656415642826e-13,8.592497873808985e-13,1.4345254808117578e-5
14.13,0.047,3.5000000000000004,2.7339935676632274e-15,2.7338935495690935e-15,1.4345254808117578e-5
14.13,0.047,3.8,7.834726975478146e-16,7.833788668841063e-16,1.4345254808117578e-5
14.13,0.047,3.98,1.627671888814896e-16,1.6274369632315239e-16,1.4345254808117578e-5
14.13,0.047,3.9998,1.558043333013502e-17,1.5578370780758342e-17,1.4345254808117578e-5
14.13,0.173,1.0000000000000001e-7,1.4007999509686426e-5,1.4007999464570979e-5,1.400844464905603e-5
14.13,0.173,1.6426491045299075e-7,1.4007814594163497e-5,1.400781454911705e-5,1.400844464905603e-5
14.13,0.173,2.698296080612907e-7,1.400755286147614e-5,1.4007552816334928e-5,1.400844464905603e-5
14.13,0.173,4.432353640575351e-7,1.4007182398672934e-5,1.4007182353828858e-5,1.400844464905603e-5
14.13,0.173,7.280801738650976e-7,1.4006658032587525e-5,1.4006657987408689e-5,1.400844464905603e-5
14.13,0.173,1.1959802456254818e-6,1.4005915817082537e-5,1.4005915772561511e-5,1.400844464905603e-5
14.13,0.173,1.9645758795121526e-6,1.400486522458303e-5,1.4004865179610819e-5,1.400844464905603e-5
14.13,0.173,3.227108809261693e-6,1.4003378080926816e-5,1.4003378036738413e-5,1.400844464905603e-5
14.13,0.173,5.301007395754297e-6,1.4001272874003323e-5,1.4001272829951236e-5,1.400844464905603e-5
14.13,0.173,8.707695051742211e-6,1.3998292476546405e-5,1.3998292432342023e-5,1.400844464905603e-5
14.13,0.173,1.4303687479263852e-5,1.3994072461660211e-5,1.399407241997816e-5,1.400844464905603e-5
14.13,0.173,2.3495939429288417e-5,1.3988095910763388e-5,1.3988095865818224e-5,1.400844464905603e-5
14.13,0.173,3.8595583863609565e-5,1.3979628673049453e-5,1.3979628636052204e-5,1.400844464905603e-5
14.13,0.173,6.33990012723672e-5,1.3967626004448933e-5,1.3967625959897038e-5,1.400844464905603e-5
14.13,0.173,0.00010414231266814445,1.395059661328541e-5,1.3950596583623497e-5,1.400844464905603e-5
14.13,0.173,0.00017106927664800093,1.3926401919588035e-5,1.3926401883832855e-5,1.400844464905603e-5
14.13,0.173,0.00028100679409841776,1.38919540789967e-5,1.3891954057166714e-5,1.400844464905603e-5
14.13,0.173,0.00046159555869258604,1.3842751017686953e-5,1.3842751018097426e-5,1.400844464905603e-5
14.13,0.173,0.0007582395311413588,1.3772141549573135e-5,1.3772141525901061e-5,1.400844464905603e-5
14.13,0.173,0.00124552148684853,1.3670134651829101e-5,1.3670134772114402e-5,1.400844464905603e-5
14.13,0.173,0.002045954755044497,1.3521437442007349e-5,1.3521437395582115e-5,1.400844464905603e-5
14.13,0.173,0.0033607857462825456,1.3302225125834674e-5,1.3302225581844597e-5,1.400844464905603e-5
14.13,0.173,0.005520591696647901,1.2974997245773224e-5,1.2974997334082946e-5,1.400844464905603e-5
14.13,0.173,0.009068395006973916,1.2481133412850384e-5,1.2481134496687135e-5,1.400844464905603e-5
14.13,0.173,0.01489619093772919,1.1732574692771743e-5,1.173257581406536e-5,1.400844464905603e-5
14.13,0.173,0.024469214704767362,1.0610030254082141e-5,1.0610031589144928e-5,1.400844464905603e-5
14.13,0.173,0.04019433362333615,8.98856310200831e-6,8.98856669748107e-6,1.400844464905603e-5
14.13,0.173,0.06602518613354949,6.827159074683684e-6,6.8271593580689415e-6,1.400844464905603e-5
14.13,0.173,0.1084562128786955,4.334202202712261e-6,4.334205929015385e-6,1.400844464905603e-5
14.13,0.173,0.17815550096589414,2.066807638567977e-6,2.0668076916273053e-6,1.400844464905603e-5
14.13,0.173,0.292646974128703,6.354776477909102e-7,6.354779286226585e-7,1.400844464905603e-5
14.13,0.173,0.480716289995901,1.0323417877444824e-7,1.0323417150994447e-7,1.400844464905603e-5
14.13,0.173,0.789648183294706,7.067777931864772e-9,7.067767435689704e-9,1.400844464905603e-5
14.13,0.173,1.297114881182717,1.6615166647137994e-10,1.6615116521515605e-10,1.400844464905603e-5
14.13,0.173,2.1307045980472066,1.1921521690960706e-12,1.1921431303838831e-12,1.400844464905603e-5
14.13,0.173,3.5000000000000004,2.495568036593528e-15,2.49468529647109e-15,1.400844464905603e-5
14.13,0.173,3.8,6.600843484194877e-16,6.601495547264391e-16,1.400844464905603e-5
14.13,0.173,3.98,1.3157020532891642e-16,1.3158381388576088e-16,1.400844464905603e-5
14.13,0.173,3.9998,1.2541492340459246e-17,1.2542587921476845e-17,1.400844464905603e-5
14.13,0.61,1.0000000000000001e-7,1.5297704300476487e-5,1.5297704322580455e-5,1.5298084181990438e-5
14.13,0.61,1.6426491045299075e-7,1.529754649413252e-5,1.5297546516231707e-5,1.5298084181990438e-5
14.13,0.61,2.698296080612907e-7,1.529732313276286e-5,1.5297323154878368e-5,1.5298084181990438e-5
14.13,0.61,4.432353640575351e-7,1.5297006982829008e-5,1.5297007005103958e-5,1.5298084181990438e-5
14.13,0.61,7.280801738650976e-7,1.5296559495798863e-5,1.529655951787052e-5,1.5298084181990438e-5
14.13,0.61,1.1959802456254818e-6,1.5295926105218956e-5,1.5295926127843606e-5,1.5298084181990438e-5
14.13,0.61,1.9645758795121526e-6,1.529502956677423e-5,1.529502958884544e-5,1.5298084181990438e-5
14.13,0.61,3.227108809261693e-6,1.5293760524000568e-5,1.5293760547149324e-5,1.5298084181990438e-5
14.13,0.61,5.301007395754297e-6,1.5291964137164392e-5,1.5291964159740785e-5,1.5298084181990438e-5
14.13,0.61,8.707695051742211e-6,1.5289421117143156e-5,1.5289421140771936e-5,1.5298084181990438e-5
14.13,0.61,1.4303687479263852e-5,1.528582078843353e-5,1.528582081281081e-5,1.5298084181990438e-5
14.13,0.61,2.3495939429288417e-5,1.5280722753465674e-5,1.528072277695231e-5,1.5298084181990438e-5
14.13,0.61,3.8595583863609565e-5,1.5273502161233966e-5,1.5273502189938303e-5,1.5298084181990438e-5
14.13,0.61,6.33990012723672e-5,1.5263271185662013e-5,1.5263271208146425e-5,1.5298084181990438e-5
14.13,0.61,0.00010414231266814445,1.5248765541788997e-5,1.5248765578807377e-5,1.5298084181990438e-5
14.13,0.61,0.00017106927664800093,1.5228178701106725e-5,1.5228178726245218e-5,1.5298084181990438e-5
14.13,0.61,0.00028100679409841776,1.519891602453464e-5,1.5198916074563509e-5,1.5298084181990438e-5
14.13,0.61,0.00046159555869258604,1.5157222779949476e-5,1.5157222825844303e-5,1.5298084181990438e-5
14.13,0.61,0.0007582395311413588,1.5097607478742329e-5,1.5097607542493798e-5,1.5298084181990438e-5
14.13,0.61,0.00124552148684853,1.5011923963266183e-5,1.5011924091393329e-5,1.5298084181990438e-5
14.13,0.61,0.002045954755044497,1.4887875235678088e-5,1.4887875292685903e-5,1.5298084181990438e-5
14.13,0.61,0.0033607857462825456,1.4706541445153804e-5,1.4706541846179234e-5,1.5298084181990438e-5
14.13,0.61,0.005520591696647901,1.443832456933127e-5,1.4438324604864433e-5,1.5298084181990438e-5
14.13,0.61,0.009068395006973916,1.4036586389298457e-5,1.4036587494123387e-5,1.5298084181990438e-5
14.13,0.61,0.01489619093772919,1.3428802467334834e-5,1.3428802942566114e-5,1.5298084181990438e-5
14.13,0.61,0.024469214704767362,1.2507891405534462e-5,1.2507893502271593e-5,1.5298084181990438e-5
14.13,0.61,0.04019433362333615,1.1134915096784804e-5,1.113491768641501e-5,1.5298084181990438e-5
14.13,0.61,0.06602518613354949,9.181765042382212e-6,9.181766876997293e-6,1.5298084181990438e-5
14.13,0.61,0.1084562128786955,6.656668160214428e-6,6.656673420894121e-6,1.5298084181990438e-5
14.13,0.61,0.17815550096589414,3.900492020308313e-6,3.900492237345358e-6,1.5298084181990438e-5
14.13,0.61,0.292646974128703,1.6204073938979411e-6,1.620409721899138e-6,1.5298084181990438e-5
14.13,0.61,0.480716289995901,3.9298761193030644e-7,3.929876815933446e-7,1.5298084181990438e-5
14.13,0.61,0.789648183294706,4.2496227027374836e-8,4.249622730558887e-8,1.5298084181990438e-5
14.13,0.61,1.297114881182717,1.4618938397965557e-9,1.461892509730449e-9,1.5298084181990438e-5
14.13,0.61,2.1307045980472066,1.1155180117463813e-11,1.1155022222140863e-11,1.5298084181990438e-5
14.13,0.61,3.5000000000000004,1.3498856523463458e-14,1.349199084970279e-14,1.5298084181990438e-5
14.13,0.61,3.8,3.089057453909666e-15,3.088787602370852e-15,1.5298084181990438e-5
14.13,0.61,3.98,5.696663109003773e-16,5.694060146420035e-16,1.5298084181990438e-5
14.13,0.61,3.9998,5.387252849548942e-17,5.384631336925179e-17,1.5298084181990438e-5
14.13,1.73,1.0000000000000001e-7,2.6902316175617325e-5,2.69023164528437e-5,2.6902755173396046e-5
14.13,1.73,1.6426491045299075e-7,2.6902133812285536e-5,2.690213408960366e-5,2.6902755173396046e-5
14.13,1.73,2.698296080612907e-7,2.6901875693210824e-5,2.6901875970545915e-5,2.6902755173396046e-5
14.13,1.73,4.432353640575351e-7,2.6901510347967193e-5,2.6901510625280562e-5,2.6902755173396046e-5
14.13,1.73,7.280801738650976e-7,2.690099323183726e-5,2.6900993509453648e-5,2.6902755173396046e-5
14.13,1.73,1.1959802456254818e-6,2.690026129301631e-5,2.690026157023709e-5,2.6902755173396046e-5
14.13,1.73,1.9645758795121526e-6,2.6899225280849888e-5,2.689922555899541e-5,2.6902755173396046e-5
14.13,1.73,3.227108809261693e-6,2.6897758853925858e-5,2.6897759131190495e-5,2.6902755173396046e-5
14.13,1.73,5.301007395754297e-6,2.6895683152268366e-5,2.6895683431137498e-5,2.6902755173396046e-5
14.13,1.73,8.707695051742211e-6,2.689274493477951e-5,2.6892745212954905e-5,2.6902755173396046e-5
14.13,1.73,1.4303687479263852e-5,2.688858557558777e-5,2.6888585854942474e-5,2.6902755173396046e-5
14.13,1.73,2.3495939429288417e-5,2.6882697046407584e-5,2.6882697327557054e-5,2.6902755173396046e-5
14.13,1.73,3.8595583863609565e-5,2.6874359307843004e-5,2.6874359586506795e-5,2.6902755173396046e-5
14.13,1.73,6.33990012723672e-5,2.6862551002374896e-5,2.6862551290286487e-5,2.6902755173396046e-5
14.13,1.73,0.00010414231266814445,2.684582149987951e-5,2.6845821776880903e-5,2.6902755173396046e-5
14.13,1.73,0.00017106927664800093,2.682210634020832e-5,2.6822106640289882e-5,2.6902755173396046e-5
14.13,1.73,0.00028100679409841776,2.6788458395028236e-5,2.6788458677766614e-5,2.6902755173396046e-5
14.13,1.73,0.00046159555869258604,2.6740650741603705e-5,2.6740651058646456e-5,2.6902755173396046e-5
14.13,1.73,0.0007582395311413588,2.667257887935548e-5,2.66725791977777e-5,2.6902755173396046e-5
14.13,1.73,0.00124552148684853,2.6575339497854934e-5,2.6575339827091626e-5,2.6902755173396046e-5
14.13,1.73,0.002045954755044497,2.643577283543316e-5,2.6435773285554107e-5,2.6902755173396046e-5
14.13,1.73,0.0033607857462825456,2.623409768731409e-5,2.6234097991490647e-5,2.6902755173396046e-5
14.13,1.73,0.005520591696647901,2.594000841365656e-5,2.594000928037696e-5,2.6902755173396046e-5
14.13,1.73,0.009068395006973916,2.5506238304776055e-5,2.5506238607442767e-5,2.6902755173396046e-5
14.13,1.73,0.01489619093772919,2.4858289684756944e-5,2.485829158700554e-5,2.6902755173396046e-5
14.13,1.73,0.024469214704767362,2.3879540337851766e-5,2.3879541503137025e-5,2.6902755173396046e-5
14.13,1.73,0.04019433362333615,2.2394579809325944e-5,2.239458309989872e-5,2.6902755173396046e-5
14.13,1.73,0.06602518613354949,2.016577932190594e-5,2.0165784340156525e-5,2.6902755173396046e-5
14.13,1.73,0.1084562128786955,1.6945944196431843e-5,1.694594691084256e-5,2.6902755173396046e-5
14.13,1.73,0.17815550096589414,1.2663863295019349e-5,1.2663873971652883e-5,2.6902755173396046e-5
14.13,1.73,0.292646974128703,7.77044993944268e-6,7.770450227328326e-6,2.6902755173396046e-5
14.13,1.73,0.480716289995901,3.44024347876479e-6,3.4402499063292045e-6,2.6902755173396046e-5
14.13,1.73,0.789648183294706,8.963348381213322e-7,8.963351973933731e-7,2.6902755173396046e-5
14.13,1.73,1.297114881182717,1.0064947091419186e-7,1.006495574463784e-7,2.6902755173396046e-5
14.13,1.73,2.1307045980472066,3.0902959178445162e-9,3.0902854175920416e-9,2.6902755173396046e-5
14.13,1.73,3.5000000000000004,1.3199807588465355e-11,1.3194725580555941e-11,2.6902755173396046e-5
14.13,1.73,3.8,3.4841450886419643e-12,3.48217101467806e-12,2.6902755173396046e-5
14.13,1.73,3.98,6.846358760416454e-13,6.84806485476966e-13,2.6902755173396046e-5
14.13,1.73,3.9998,6.513363637375786e-14,6.515491834765397e-14,2.6902755173396046e-5
14.13,4.71,1.0000000000000001e-7,8.563141275471145e-5,8.563250290325648e-5,8.563218341154766e-5
14.13,4.71,1.6426491045299075e-7,8.563109261800122e-5,8.563218276344217e-5,8.563218341154766e-5
14.13,4.71,2.698296080612907e-7,8.563063949369517e-5,8.563172963409002e-5,8.563218341154766e-5
14.13,4.71,4.432353640575351e-7,8.562999813709034e-5,8.563108827013532e-5,8.563218341154766e-5
14.13,4.71,7.280801738650976e-7,8.56290903535021e-5,8.563018047688015e-5,8.563218341154766e-5
14.13,4.71,1.1959802456254818e-6,8.562780546344255e-5,8.562889557153902e-5,8.563218341154766e-5
14.13,4.71,1.9645758795121526e-6,8.562598680534686e-5,8.562707689452697e-5,8.563218341154766e-5
14.13,4.71,3.227108809261693e-6,8.56234126276994e-5,8.562450268632259e-5,8.563218341154766e-5
14.13,4.71,5.301007395754297e-6,8.561976903501143e-5,8.562085905501293e-5,8.563218341154766e-5
14.13,4.71,8.707695051742211e-6,8.561461167558878e-5,8.561570163646892e-5,8.563218341154766e-5
14.13,4.71,1.4303687479263852e-5,8.560731146875485e-5,8.56084013483881e-5,8.563218341154766e-5
14.13,4.71,2.3495939429288417e-5,8.559697768292964e-5,8.559806744963166e-5,8.563218341154766e-5
14.13,4.71,3.8595583863609565e-5,8.558234882278482e-5,8.558343841828435e-5,8.563218341154766e-5
14.13,4.71,6.33990012723672e-5,8.556163765105029e-5,8.556272702881384e-5,8.563218341154766e-5
14.13,4.71,0.00010414231266814445,8.5532310610115e-5,8.553339963598375e-5,8.563218341154766e-5
14.13,4.71,0.00017106927664800093,8.549077286150168e-5,8.549186145287694e-5,8.563218341154766e-5
14.13,4.71,0.00028100679409841776,8.543191632361847e-5,8.543300421809588e-5,8.563218341154766e-5
14.13,4.71,0.00046159555869258604,8.534846625851498e-5,8.534955324340385e-5,8.563218341154766e-5
14.13,4.71,0.0007582395311413588,8.52300262643902e-5,8.523111189416925e-5,8.563218341154766e-5
14.13,4.71,0.00124552148684853,8.506166098540189e-5,8.506274464289847e-5,8.563218341154766e-5
14.13,4.71,0.002045954755044497,8.482174986138913e-5,8.482283086607972e-5,8.563218341154766e-5
14.13,4.71,0.0033607857462825456,8.44786560549582e-5,8.447973266407668e-5,8.563218341154766e-5
14.13,4.71,0.005520591696647901,8.398541702445824e-5,8.398648820924928e-5,8.563218341154766e-5
14.13,4.71,0.009068395006973916,8.327107808638874e-5,8.327213929101261e-5,8.563218341154766e-5
14.13,4.71,0.01489619093772919,8.222635487835425e-5,8.222740369534446e-5,8.563218341154766e-5
14.13,4.71,0.024469214704767362,8.068009027792341e-5,8.068111618582781e-5,8.563218341154766e-5
14.13,4.71,0.04019433362333615,7.83623122629421e-5,7.836330524594596e-5,8.563218341154766e-5
14.13,4.71,0.06602518613354949,7.485295940948382e-5,7.4853900443275e-5,8.563218341154766e-5
14.13,4.71,0.1084562128786955,6.953218496691524e-5,6.953303482365386e-5,8.563218341154766e-5
14.13,4.71,0.17815550096589414,6.159899353377133e-5,6.159973508917709e-5,8.563218341154766e-5
14.13,4.71,0.292646974128703,5.032945167973785e-5,5.0329995850332575e-5,8.563218341154766e-5
14.13,4.71,0.480716289995901,3.583212744315975e-5,3.583250254998034e-5,8.563218341154766e-5
14.13,4.71,0.789648183294706,2.0221361003630304e-5,2.0221523154824906e-5,8.563218341154766e-5
14.13,4.71,1.297114881182717,7.741779841381239e-6,7.741826616858607e-6,8.563218341154766e-5
14.13,4.71,2.1307045980472066,1.5566598175413014e-6,1.5566592869046252e-6,8.563218341154766e-5
14.13,4.71,3.5000000000000004,9.31304074560269e-8,9.31256810451188e-8,8.563218341154766e-5
14.13,4.71,3.8,3.868273650577772e-8,3.86800384426104e-8,8.563218341154766e-5
14.13,4.71,3.98,9.623346880101501e-9,9.622923965872096e-9,8.563218341154766e-5
14.13,4.71,3.9998,9.378395216010098e-10,9.377934460004099e-10,8.563218341154766e-5
14.69,0.00113,1.0000000000000001e-7,8.509990430206511e-5,8.509990506947631e-5,8.510515787962752e-5
14.69,0.00113,1.6426491045299075e-7,8.509772188375582e-5,8.509772267294338e-5,8.510515787962752e-5
14.69,0.00113,2.698296080612907e-7,8.50946328143409e-5,8.509463363374603e-5,8.510515787962752e-5
14.69,0.00113,4.432353640575351e-7,8.509026038719463e-5,8.509026124768608e-5,8.510515787962752e-5
14.69,0.00113,7.280801738650976e-7,8.5084071308264e-5,8.508407223237708e-5,8.510515787962752e-5
14.69,0.00113,1.1959802456254818e-6,8.507531051774882e-5,8.507531152063564e-5,8.510515787962752e-5
14.69,0.00113,1.9645758795121526e-6,8.506290876770426e-5,8.50629099010195e-5,8.510515787962752e-5
14.69,0.00113,3.227108809261693e-6,8.504535142295332e-5,8.504535271540164e-5,8.510515787962752e-5
14.69,0.00113,5.301007395754297e-6,8.502049189049906e-5,8.502049343952068e-5,8.510515787962752e-5
14.69,0.00113,8.707695051742211e-6,8.498528558113171e-5,8.498528746581751e-5,8.510515787962752e-5
14.69,0.00113,1.4303687479263852e-5,8.493540894643758e-5,8.493541132203467e-5,8.510515787962752e-5
14.69,0.00113,2.3495939429288417e-5,8.48647104336379e-5,8.486471353047398e-5,8.510515787962752e-5
14.69,0.00113,3.8595583863609565e-5,8.476441166261607e-5,8.476441570203409e-5,8.510515787962752e-5
14.69,0.00113,6.33990012723672e-5,8.462192939919634e-5,8.46219349967357e-5,8.510515787962752e-5
14.69,0.00113,0.00010414231266814445,8.441910632391062e-5,8.441911382972334e-5,8.510515787962752e-5
14.69,0.00113,0.00017106927664800093,8.412949224360164e-5,8.41295031284324e-5,8.510515787962752e-5
14.69,0.00113,0.00028100679409841776,8.371405611616546e-5,8.371407130230251e-5,8.510515787962752e-5
14.69,0.00113,0.00046159555869258604,8.311425134092185e-5,8.311427396075719e-5,8.510515787962752e-5
14.69,0.00113,0.0007582395311413588,8.224060116396096e-5,8.224063476604387e-5,8.510515787962752e-5
14.69,0.00113,0.00124552148684853,8.095389612313331e-5,8.095394659708282e-5,8.510515787962752e-5
14.69,0.00113,0.002045954755044497,7.903514460702848e-5,7.903522574720563e-5,8.510515787962752e-5
14.69,0.00113,0.0033607857462825456,7.614165433869929e-5,7.614177466375186e-5,8.510515787962752e-5
14.69,0.00113,0.005520591696647901,7.175646509245547e-5,7.175666593296751e-5,8.510515787962752e-5
14.69,0.00113,0.009068395006973916,6.517170495932246e-5,6.517199157183967e-5,8.510515787962752e-5
14.69,0.00113,0.01489619093772919,5.5623527578971144e-5,5.56239561939404e-5,8.510515787962752e-5
14.69,0.00113,0.024469214704767362,4.279331043424004e-5,4.2793838443463e-5,8.510515787962752e-5
14.69,0.00113,0.04019433362333615,2.777494941234194e-5,2.7775501647226154e-5,8.510515787962752e-5
14.69,0.00113,0.06602518613354949,1.3759679638213534e-5,1.3760105495525015e-5,8.510515787962752e-5
14.69,0.00113,0.1084562128786955,4.517474799515599e-6,4.5176780871592115e-6,8.510515787962752e-5
14.69,0.00113,0.17815550096589414,8.207158341715051e-7,8.207668402039901e-7,8.510515787962752e-5
14.69,0.00113,0.292646974128703,6.770154888700447e-8,6.77069911931053e-8,8.510515787962752e-5
14.69,0.00113,0.480716289995901,2.1422133147584854e-9,2.1424089122659928e-9,8.510515787962752e-5
14.69,0.00113,0.789648183294706,2.3948143683292186e-11,2.3950495371828397e-11,8.510515787962752e-5
14.69,0.00113,1.297114881182717,9.819377327927971e-14,9.820277029764759e-14,8.510515787962752e-5
14.69,0.00113,2.1307045980472066,1.6998903820506039e-16,1.7000095919007848e-16,8.510515787962752e-5
14.69,0.00113,3.5000000000000004,1.4291427733934288e-19,1.4288711481363363e-19,8.510515787962752e-5
14.69,0.00113,3.8,3.462673518565082e-20,3.4607867524586254e-20,8.510515787962752e-5
14.69,0.00113,3.98,6.640183608505008e-21,6.640702004983252e-21,8.510515787962752e-5
14.69,0.00113,3.9998,6.306425128605415e-22,6.307586133596451e-22,8.510515787962752e-5
14.69,0.0037,1.0000000000000001e-7,8.500915751740328e-5,8.500915752355419e-5,8.50143952378419e-5
14.69,0.0037,1.6426491045299075e-7,8.500698168652361e-5,8.500698169374697e-5,8.50143952378419e-5
14.69,0.0037,2.698296080612907e-7,8.500390194135465e-5,8.500390194895488e-5,8.50143952378419e-5
14.69,0.0037,4.432353640575351e-7,8.49995427126225e-5,8.499954271983735e-5,8.50143952378419e-5
14.69,0.0037,7.280801738650976e-7,8.499337231668675e-5,8.49933723278311e-5,8.50143952378419e-5
14.69,0.0037,1.1959802456254818e-6,8.498463797450463e-5,8.49846379808432e-5,8.50143952378419e-5
14.69,0.0037,1.9645758795121526e-6,8.497227366945976e-5,8.497227368720053e-5,8.50143952378419e-5
14.69,0.0037,3.227108809261693e-6,8.495476934715247e-5,8.495476935485157e-5,8.50143952378419e-5
14.69,0.0037,5.301007395754297e-6,8.492998491445219e-5,8.492998494134363e-5,8.50143952378419e-5
14.69,0.0037,8.707695051742211e-6,8.489488501874815e-5,8.489488503920095e-5,8.50143952378419e-5
14.69,0.0037,1.4303687479263852e-5,8.484515926760192e-5,8.484515930149515e-5,8.50143952378419e-5
14.69,0.0037,2.3495939429288417e-5,8.477467491348813e-5,8.47746749747741e-5,8.50143952378419e-5
14.69,0.0037,3.8595583863609565e-5,8.467468060157321e-5,8.467468062984399e-5,8.50143952378419e-5
14.69,0.0037,6.33990012723672e-5,8.453263224459093e-5,8.453263240675135e-5,8.50143952378419e-5
14.69,0.0037,0.00010414231266814445,8.433042986832804e-5,8.433042988404903e-5,8.50143952378419e-5
14.69,0.0037,0.00017106927664800093,8.404170856108715e-5,8.404170894513719e-5,8.50143952378419e-5
14.69,0.0037,0.00028100679409841776,8.362756652051139e-5,8.362756666433468e-5,8.50143952378419e-5
14.69,0.0037,0.00046159555869258604,8.302965716213335e-5,8.302965797193016e-5,8.50143952378419e-5
14.69,0.0037,0.0007582395311413588,8.215881933552363e-5,8.215882033929244e-5,8.50143952378419e-5
14.69,0.0037,0.00124552148684853,8.087634705024496e-5,8.08763483467576e-5,8.50143952378419e-5
14.69,0.0037,0.002045954755044497,7.89640455337146e-5,7.896405007530898e-5,8.50143952378419e-5
14.69,0.0037,0.0033607857462825456,7.608042955489177e-5,7.608043046680951e-5,8.50143952378419e-5
14.69,0.0037,0.005520591696647901,7.171016705106736e-5,7.171018089219409e-5,8.50143952378419e-5
14.69,0.0037,0.009068395006973916,6.514698995730462e-5,6.51469916537839e-5,8.50143952378419e-5
14.69,0.0037,0.01489619093772919,5.562703597406682e-5,5.562705965510555e-5,8.50143952378419e-5
14.69,0.0037,0.024469214704767362,4.282681805339983e-5,4.282682878915825e-5,8.50143952378419e-5
14.69,0.0037,0.04019433362333615,2.782802588011525e-5,2.78280395713597e-5,8.50143952378419e-5
14.69,0.0037,0.06602518613354949,1.3808873139399926e-5,1.3808881929738966e-5,8.50143952378419e-5
14.69,0.0037,0.1084562128786955,4.543720963832364e-6,4.543721234928005e-6,8.50143952378419e-5
14.69,0.0037,0.17815550096589414,8.275833650598669e-7,8.275829903153715e-7,8.50143952378419e-5
14.69,0.0037,0.292646974128703,6.841002060578905e-8,6.841001547593373e-8,8.50143952378419e-5
14.69,0.0037,0.480716289995901,2.165026112296752e-9,2.165020412200964e-9,8.50143952378419e-5
14.69,0.0037,0.789648183294706,2.4118182427438835e-11,2.411816889244729e-11,8.50143952378419e-5
14.69,0.0037,1.297114881182717,9.803413572853363e-14,9.803389048376835e-14,8.50143952378419e-5
14.69,0.0037,2.1307045980472066,1.6728095470437635e-16,1.6728000372872053e-16,8.50143952378419e-5
14.69,0.0037,3.5000000000000004,1.3794476754059527e-19,1.3791628964018272e-19,8.50143952378419e-5
14.69,0.0037,3.8,3.3318023941902327e-20,3.330308444803174e-20,8.50143952378419e-5
14.69,0.0037,3.98,6.379282288371781e-21,6.381069343680602e-21,8.50143952378419e-5
14.69,0.0037,3.9998,6.057702239448612e-22,6.0600817470772955e-22,8.50143952378419e-5
14.69,0.0127,1.0000000000000001e-7,8.470270433867007e-5,8.470270434135098e-5,8.470788773447114e-5
14.69,0.0127,1.6426491045299075e-7,8.470055107554629e-5,8.47005510775937e-5,8.470788773447114e-5
14.69,0.0127,2.698296080612907e-7,8.469750327414048e-5,8.469750327728663e-5,8.470788773447114e-5
14.69,0.0127,4.432353640575351e-7,8.469318926160804e-5,8.469318926576227e-5,8.470788773447114e-5
14.69,0.0127,7.280801738650976e-7,8.468708287138278e-5,8.468708287417634e-5,8.470788773447114e-5
14.69,0.0127,1.1959802456254818e-6,8.467843913800603e-5,8.467843914700826e-5,8.470788773447114e-5
14.69,0.0127,1.9645758795121526e-6,8.466620311496207e-5,8.466620311646632e-5,8.470788773447114e-5
14.69,0.0127,3.227108809261693e-6,8.464888044094161e-5,8.464888045844234e-5,8.470788773447114e-5
14.69,0.0127,5.301007395754297e-6,8.462435329033605e-5,8.462435329492238e-5,8.470788773447114e-5
14.69,0.0127,8.707695051742211e-6,8.458961795346929e-5,8.458961798164078e-5,8.470788773447114e-5
14.69,0.0127,1.4303687479263852e-5,8.454040910747571e-5,8.454040913193164e-5,8.470788773447114e-5
14.69,0.0127,2.3495939429288417e-5,8.447065842669294e-5,8.447065846016386e-5,8.470788773447114e-5
14.69,0.0127,3.8595583863609565e-5,8.437170713589168e-5,8.437170722073756e-5,8.470788773447114e-5
14.69,0.0127,6.33990012723672e-5,8.423114524826804e-5,8.423114526731464e-5,8.470788773447114e-5
14.69,0.0127,0.00010414231266814445,8.403106922277884e-5,8.403106945671457e-5,8.470788773447114e-5
14.69,0.0127,0.00017106927664800093,8.374540626345108e-5,8.374540627129149e-5,8.470788773447114e-5
14.69,0.0127,0.00028100679409841776,8.333569724023847e-5,8.333569780621688e-5,8.470788773447114e-5
14.69,0.0127,0.00046159555869258604,8.27442806618514e-5,8.274428092230962e-5,8.470788773447114e-5
14.69,0.0127,0.0007582395311413588,8.188307644427256e-5,8.188307761079839e-5,8.470788773447114e-5
14.69,0.0127,0.00124552148684853,8.06151034976449e-5,8.061510530853789e-5,8.470788773447114e-5
14.69,0.0127,0.002045954755044497,7.872489808986176e-5,7.872489965561769e-5,8.470788773447114e-5
14.69,0.0127,0.0033607857462825456,7.587511507823007e-5,7.587512263467839e-5,8.470788773447114e-5
14.69,0.0127,0.005520591696647901,7.155601535789943e-5,7.155601572479315e-5,8.470788773447114e-5
14.69,0.0127,0.009068395006973916,6.506686215959222e-5,6.506688145258836e-5,8.470788773447114e-5
14.69,0.0127,0.01489619093772919,5.5643802064045045e-5,5.564380455063311e-5,8.470788773447114e-5
14.69,0.0127,0.024469214704767362,4.2946714215732913e-5,4.294673727158577e-5,8.470788773447114e-5
14.69,0.0127,0.04019433362333615,2.8015240721750186e-5,2.8015250846326473e-5,8.470788773447114e-5
14.69,0.0127,0.06602518613354949,1.3982252490606598e-5,1.3982257874597824e-5,8.470788773447114e-5
14.69,0.0127,0.1084562128786955,4.636627791391031e-6,4.636629754337612e-6,8.470788773447114e-5
14.69,0.0127,0.17815550096589414,8.520743321534807e-7,8.520742272121595e-7,8.470788773447114e-5
14.69,0.0127,0.292646974128703,7.09589301212854e-8,7.095881173164116e-8,8.470788773447114e-5
14.69,0.0127,0.480716289995901,2.24782363832752e-9,2.247823580864231e-9,8.470788773447114e-5
14.69,0.0127,0.789648183294706,2.4745457705353713e-11,2.474539651098477e-11,8.470788773447114e-5
14.69,0.0127,1.297114881182717,9.761674306104071e-14,9.761668586844848e-14,8.470788773447114e-5
14.69,0.0127,2.1307045980472066,1.5843534753510655e-16,1.584329829564522e-16,8.470788773447114e-5
14.69,0.0127,3.5000000000000004,1.221361951110895e-19,1.220987641999672e-19,8.470788773447114e-5
14.69,0.0127,3.8,2.917821878579994e-20,2.918052489975788e-20,8.470788773447114e-5
14.69,0.0127,3.98,5.556348045382819e-21,5.555798094255845e-21,8.470788773447114e-5
14.69,0.0127,3.9998,5.273407601223467e-22,5.272760262871036e-22,8.470788773447114e-5
14.69,0.047,1.0000000000000001e-7,8.368934229263943e-5,8.368934222304888e-5,8.36943348268499e-5
14.69,0.047,1.6426491045299075e-7,8.368726831797367e-5,8.368726824705201e-5,8.36943348268499e-5
14.69,0.047,2.698296080612907e-7,8.368433274621014e-5,8.368433267781472e-5,8.36943348268499e-5
14.69,0.047,4.432353640575351e-7,8.36801775939876e-5,8.368017752397287e-5,8.36943348268499e-5
14.69,0.047,7.280801738650976e-7,8.367429607806059e-5,8.367429601077125e-5,8.36943348268499e-5
14.69,0.047,1.1959802456254818e-6,8.366597068460466e-5,8.36659706183055e-5,8.36943348268499e-5
14.69,0.047,1.9645758795121526e-6,8.365418535972229e-5,8.365418529201129e-5,8.36943348268499e-5
14.69,0.047,3.227108809261693e-6,8.363750087622874e-5,8.36375008191262e-5,8.36943348268499e-5
14.69,0.047,5.301007395754297e-6,8.361387763940752e-5,8.361387756861267e-5,8.36943348268499e-5
14.69,0.047,8.707695051742211e-6,8.358042310623376e-5,8.358042306643819e-5,8.36943348268499e-5
14.69,0.047,1.4303687479263852e-5,8.353303028566979e-5,8.3533030217531e-5,8.36943348268499e-5
14.69,0.047,2.3495939429288417e-5,8.34658571595776e-5,8.346585714443555e-5,8.36943348268499e-5
14.69,0.047,3.8595583863609565e-5,8.337057015536775e-5,8.337057012204035e-5,8.36943348268499e-5
14.69,0.047,6.33990012723672e-5,8.323523029929839e-5,8.323523030428593e-5,8.36943348268499e-5
14.69,0.047,0.00010414231266814445,8.304262393013562e-5,8.304262402414969e-5,8.36943348268499e-5
14.69,0.047,0.00017106927664800093,8.276770406426083e-5,8.276770404952429e-5,8.36943348268499e-5
14.69,0.047,0.00028100679409841776,8.237356597835578e-5,8.237356645247181e-5,8.36943348268499e-5
14.69,0.047,0.00046159555869258604,8.180495392019417e-5,8.180495384277289e-5,8.36943348268499e-5
14.69,0.047,0.0007582395311413588,8.09775850549704e-5,8.097758653950427e-5,8.36943348268499e-5
14.69,0.047,0.00124552148684853,7.976054122903789e-5,7.976054167818144e-5,8.36943348268499e-5
14.69,0.047,0.002045954755044497,7.79479718203027e-5,7.794797529816374e-5,8.36943348268499e-5
14.69,0.047,0.0033607857462825456,7.521714387144383e-5,7.521714815240539e-5,8.36943348268499e-5
14.69,0.047,0.005520591696647901,7.107816338396718e-5,7.107816812899932e-5,8.36943348268499e-5
14.69,0.047,0.009068395006973916,6.485018938746234e-5,6.485020553098408e-5,8.36943348268499e-5
14.69,0.047,0.01489619093772919,5.577017930811004e-5,5.577018057340662e-5,8.36943348268499e-5
14.69,0.047,0.024469214704767362,4.3439899535851055e-5,4.343992685237691e-5,8.36943348268499e-5
14.69,0.047,0.04019433362333615,2.8748175820844364e-5,2.8748176969925635e-5,8.36943348268499e-5
14.69,0.047,0.06602518613354949,1.4658906514850523e-5,1.4658917339339401e-5,8.36943348268499e-5
14.69,0.047,0.1084562128786955,5.00498713109589e-6,5.0049883408215584e-6,8.36943348268499e-5
14.69,0.047,0.17815550096589414,9.518793377343382e-7,9.518790523772362e-7,8.36943348268499e-5
14.69,0.047,0.292646974128703,8.169553188053354e-8,8.169543997202701e-8,8.36943348268499e-5
14.69,0.047,0.480716289995901,2.6081476927744806e-9,2.6081461157716513e-9,8.36943348268499e-5
14.69,0.047,0.789648183294706,2.7620799523078956e-11,2.7620722031801017e-11,8.36943348268499e-5
14.69,0.047,1.297114881182717,9.794200335894495e-14,9.794200240250174e-14,8.36943348268499e-5
14.69,0.047,2.1307045980472066,1.322607918313841e-16,1.3225846501170153e-16,8.36943348268499e-5
14.69,0.047,3.5000000000000004,7.923074355813004e-20,7.922283097231177e-20,8.36943348268499e-5
14.69,0.047,3.8,1.8160205684108537e-20,1.8154566501469013e-20,8.36943348268499e-5
14.69,0.047,3.98,3.387896498700269e-21,3.3865045838726262e-21,8.36943348268499e-5
14.69,0.047,3.9998,3.208845019754758e-22,3.2076064405662053e-22,8.36943348268499e-5
14.69,0.173,1.0000000000000001e-7,8.176884151423601e-5,8.1768841251485e-5,8.177331071672266e-5
14.69,0.173,1.6426491045299075e-7,8.17669849439934e-5,8.176698468210676e-5,8.177331071672266e-5
14.69,0.173,2.698296080612907e-7,8.176435709942205e-5,8.176435683636926e-5,8.177331071672266e-5
14.69,0.173,4.432353640575351e-7,8.176063753281474e-5,8.176063727292306e-5,8.177331071672266e-5
14.69,0.173,7.280801738650976e-7,8.175537260858516e-5,8.175537234535479e-5,8.177331071672266e-5
14.69,0.173,1.1959802456254818e-6,8.174792008303819e-5,8.174791982615521e-5,8.177331071672266e-5
14.69,0.173,1.9645758795121526e-6,8.17373705420833e-5,8.173737028145537e-5,8.177331071672266e-5
14.69,0.173,3.227108809261693e-6,8.172243592978747e-5,8.172243567562973e-5,8.177331071672266e-5
14.69,0.173,5.301007395754297e-6,8.170129114880725e-5,8.17012908981684e-5,8.177331071672266e-5
14.69,0.173,8.707695051742211e-6,8.167134845343272e-5,8.167134819814115e-5,8.177331071672266e-5
14.69,0.173,1.4303687479263852e-5,8.162893495829465e-5,8.162893473233033e-5,8.177331071672266e-5
14.69,0.173,2.3495939429288417e-5,8.156882910707597e-5,8.156882884446499e-5,8.177331071672266e-5
14.69,0.173,3.8595583863609565e-5,8.148358890592583e-5,8.148358872844991e-5,8.177331071672266e-5
14.69,0.173,6.33990012723672e-5,8.136256670690719e-5,8.13625664553799e-5,8.177331071672266e-5
14.69,0.173,0.00010414231266814445,8.119044030772614e-5,8.119044020839888e-5,8.177331071672266e-5
14.69,0.173,0.00017106927664800093,8.094497570550405e-5,8.094497556983203e-5,8.177331071672266e-5
14.69,0.173,0.00028100679409841776,8.059353250026935e-5,8.059353248689203e-5,8.177331071672266e-5
14.69,0.173,0.00046159555869258604,8.008746072806481e-5,8.008746108128927e-5,8.177331071672266e-5
14.69,0.173,0.0007582395311413588,7.935292190667549e-5,7.935292184831735e-5,8.177331071672266e-5
14.69,0.173,0.00124552148684853,7.827572376184246e-5,7.827572578293888e-5,8.177331071672266e-5
14.69,0.173,0.002045954755044497,7.667666944981624e-5,7.667666917423947e-5,8.177331071672266e-5
14.69,0.173,0.0033607857462825456,7.427388904022437e-5,7.4273895322577e-5,8.177331071672266e-5
14.69,0.173,0.005520591696647901,7.0633862180916e-5,7.06338642515169e-5,8.177331071672266e-5
14.69,0.173,0.009068395006973916,6.513441445015356e-5,6.513442625644566e-5,8.177331071672266e-5
14.69,0.173,0.01489619093772919,5.702077877447767e-5,5.702079201653896e-5,8.177331071672266e-5
14.69,0.173,0.024469214704767362,4.573521108284854e-5,4.5735220155813896e-5,8.177331071672266e-5
14.69,0.173,0.04019433362333615,3.171788834705281e-5,3.171791175631117e-5,8.177331071672266e-5
14.69,0.173,0.06602518613354949,1.736755884828831e-5,1.7367559111365917e-5,8.177331071672266e-5
14.69,0.173,0.1084562128786955,6.558154891012475e-6,6.558161016127772e-6,8.177331071672266e-5
14.69,0.173,0.17815550096589414,1.4154714520377864e-6,1.4154715127928322e-6,8.177331071672266e-5
14.69,0.173,0.292646974128703,1.3811777441983158e-7,1.381176481319854e-7,8.177331071672266e-5
14.69,0.173,0.480716289995901,4.7502359539687045e-9,4.750231484864293e-9,8.177331071672266e-5
14.69,0.173,0.789648183294706,4.713674886948723e-11,4.713665653751898e-11,8.177331071672266e-5
14.69,0.173,1.297114881182717,1.2451541260558494e-13,1.2451502051339105e-13,8.177331071672266e-5
14.69,0.173,2.1307045980472066,9.411908020869894e-17,9.411866305285807e-17,8.177331071672266e-5
14.69,0.173,3.5000000000000004,2.3941060253616866e-20,2.391266890280811e-20,8.177331071672266e-5
14.69,0.173,3.8,4.7419835770149814e-21,4.74397761330395e-21,8.177331071672266e-5
14.69,0.173,3.98,8.228890586368224e-22,8.236599212481905e-22,8.177331071672266e-5
14.69,0.173,3.9998,7.738623713662664e-23,7.745750301372289e-23,8.177331071672266e-5
14.69,0.61,1.0000000000000001e-7,8.939426183566133e-5,8.939426196603172e-5,8.939807584385202e-5
14.69,0.61,1.6426491045299075e-7,8.939267745077426e-5,8.939267758125068e-5,8.939807584385202e-5
14.69,0.61,2.698296080612907e-7,8.939043487633973e-5,8.939043500674107e-5,8.939807584385202e-5
14.69,0.61,4.432353640575351e-7,8.938726066316583e-5,8.938726079543974e-5,8.939807584385202e-5
14.69,0.61,7.280801738650976e-7,8.938276772671889e-5,8.938276785665351e-5,8.939807584385202e-5
14.69,0.61,1.1959802456254818e-6,8.937640808672367e-5,8.937640822241359e-5,8.939807584385202e-5
14.69,0.61,1.9645758795121526e-6,8.936740590263084e-5,8.936740603298466e-5,8.939807584385202e-5
14.69,0.61,3.227108809261693e-6,8.935466252739036e-5,8.935466266790664e-5,8.939807584385202e-5
14.69,0.61,5.301007395754297e-6,8.933662174591392e-5,8.933662188220704e-5,8.939807584385202e-5
14.69,0.61,8.707695051742211e-6,8.931107818385429e-5,8.931107832817388e-5,8.939807584385202e-5
14.69,0.61,1.4303687479263852e-5,8.927490421044384e-5,8.927490436607118e-5,8.939807584385202e-5
14.69,0.61,2.3495939429288417e-5,8.922365908692566e-5,8.922365922845439e-5,8.939807584385202e-5
14.69,0.61,3.8595583863609565e-5,8.915102614194596e-5,8.915102634298239e-5,8.939807584385202e-5
14.69,0.61,6.33990012723672e-5,8.904799489228112e-5,8.904799502532395e-5,8.939807584385202e-5
14.69,0.61,0.00010414231266814445,8.890165693065864e-5,8.890165722047255e-5,8.939807584385202e-5
14.69,0.61,0.00017106927664800093,8.869340142763819e-5,8.869340160301161e-5,8.939807584385202e-5
14.69,0.61,0.00028100679409841776,8.839614919266381e-5,8.839614962888411e-5,8.939807584385202e-5
14.69,0.61,0.00046159555869258604,8.797000155291258e-5,8.797000200895973e-5,8.939807584385202e-5
14.69,0.61,0.0007582395311413588,8.735521725264103e-5,8.735521784288008e-5,8.939807584385202e-5
14.69,0.61,0.00124552148684853,8.646065639869929e-5,8.64606580093566e-5,8.939807584385202e-5
14.69,0.61,0.002045954755044497,8.514469443193593e-5,8.51446948769436e-5,8.939807584385202e-5
14.69,0.61,0.0033607857462825456,8.318447701405492e-5,8.31844823561035e-5,8.939807584385202e-5
14.69,0.61,0.005520591696647901,8.023014812022551e-5,8.02301485758716e-5,8.939807584385202e-5
14.69,0.61,0.009068395006973916,7.574949725387344e-5,7.574951052428816e-5,8.939807584385202e-5
14.69,0.61,0.01489619093772919,6.900043966183115e-5,6.90004463616669e-5,8.939807584385202e-5
14.69,0.61,0.024469214704767362,5.914745372845626e-5,5.914747261077185e-5,8.939807584385202e-5
14.69,0.61,0.04019433362333615,4.575301406887849e-5,4.575303746861708e-5,8.939807584385202e-5
14.69,0.61,0.06602518613354949,2.981260928110081e-5,2.9812617962848233e-5,8.939807584385202e-5
14.69,0.61,0.1084562128786955,1.466578123982993e-5,1.4665801401852355e-5,8.939807584385202e-5
14.69,0.61,0.17815550096589414,4.606462350013944e-6,4.606462536079373e-6,8.939807584385202e-5
14.69,0.61,0.292646974128703,7.244116054030519e-7,7.244125477985146e-7,8.939807584385202e-5
14.69,0.61,0.480716289995901,4.113966365719806e-8,4.113966804773861e-8,8.939807584385202e-5
14.69,0.61,0.789648183294706,5.712531999358079e-10,5.712518128834756e-10,8.939807584385202e-5
14.69,0.61,1.297114881182717,1.3199361994994666e-12,1.3199324438445739e-12,8.939807584385202e-5
14.69,0.61,2.1307045980472066,3.8814589835211646e-16,3.881467127392565e-16,8.939807584385202e-5
14.69,0.61,3.5000000000000004,1.3638270924418248e-20,1.3601243679017787e-20,8.939807584385202e-5
14.69,0.61,3.8,1.8289148962155903e-21,1.8310747503102384e-21,8.939807584385202e-5
14.69,0.61,3.98,2.610630218021158e-22,2.6145428805106033e-22,8.939807584385202e-5
14.69,0.61,3.9998,2.4087776313682333e-23,2.4121751844528061e-23,8.939807584385202e-5
14.69,1.73,1.0000000000000001e-7,0.00015735958666764668,0.00015735958828438747,0.00015736399419686586
14.69,1.73,1.6426491045299075e-7,0.0001573577557369597,0.00015735775735447116,0.00015736399419686586
14.69,1.73,2.698296080612907e-7,0.0001573551642090773,0.0001573551658270146,0.00015736399419686586
14.69,1.73,4.432353640575351e-7,0.00015735149610599856,0.00015735149772333837,0.00015736399419686586
14.69,1.73,7.280801738650976e-7,0.0001573463041633024,0.00015734630578408942,0.00015736399419686586
14.69,1.73,1.1959802456254818e-6,0.0001573389552576772,0.00015733895687411963,0.00015736399419686586
14.69,1.73,1.9645758795121526e-6,0.0001573285531189398,0.00015732855474482935,0.00015736399419686586
14.69,1.73,3.227108809261693e-6,0.00015731382883125384,0.00015731383044889283,0.00015736399419686586
14.69,1.73,5.301007395754297e-6,0.00015729298560804487,0.00015729298724041898,0.00015736399419686586
14.69,1.73,8.707695051742211e-6,0.00015726347853867352,0.00015726348016677268,0.00015736399419686586
14.69,1.73,1.4303687479263852e-5,0.00015722170159835185,0.00015722170323393737,0.00015736399419686586
14.69,1.73,2.3495939429288417e-5,0.00015716254183032033,0.0001571625434899959,0.00015736399419686586
14.69,1.73,3.8595583863609565e-5,0.00015707874201078593,0.00015707874363764796,0.00015736399419686586
14.69,1.73,6.33990012723672e-5,0.00015695998443057034,0.0001569599861604033,0.00015736399419686586
14.69,1.73,0.00010414231266814445,0.00015679156274896224,0.00015679156436408515,0.00015736399419686586
14.69,1.73,0.00017106927664800093,0.00015655243340623404,0.00015655243526397356,0.00015736399419686586
14.69,1.73,0.00028100679409841776,0.0001562123088413461,0.0001562123105407739,0.00015736399419686586
14.69,1.73,0.00046159555869258604,0.0001557272269805621,0.00015572722902500085,0.00015736399419686586
14.69,1.73,0.0007582395311413588,0.00015503262409148486,0.00015503262626601796,0.00015736399419686586
14.69,1.73,0.00124552148684853,0.0001540322148383201,0.0001540322170103151,0.00015736399419686586
14.69,1.73,0.002045954755044497,0.0001525797510592492,0.00015257975506969846,0.00015736399419686586
14.69,1.73,0.0033607857462825456,0.00015044883865986738,0.00015044884046628003,0.00015736399419686586
14.69,1.73,0.005520591696647901,0.00014728379661915793,0.0001472838063507325,0.00015736399419686586
14.69,1.73,0.009068395006973916,0.00014252444080408306,0.0001425244432154944,0.00015736399419686586
14.69,1.73,0.01489619093772919,0.0001353081636458815,0.000135308185306888,0.00015736399419686586
14.69,1.73,0.024469214704767362,0.0001243962894996927,0.00012439630410647997,0.00015736399419686586
14.69,1.73,0.04019433362333615,0.00010828995348413782,0.00010828998350307812,0.00015736399419686586
14.69,1.73,0.06602518613354949,8.590858451189661e-5,8.59086324248772e-5,0.00015736399419686586
14.69,1.73,0.1084562128786955,5.825121426523828e-5,5.825122830358654e-5,0.00015736399419686586
14.69,1.73,0.17815550096589414,3.039141331547258e-5,3.0391464486723157e-5,0.00015736399419686586
14.69,1.73,0.292646974128703,1.0310379086138024e-5,1.0310379607416367e-5,0.00015736399419686586
14.69,1.73,0.480716289995901,1.7492305520480054e-6,1.7492359474596303e-6,0.00015736399419686586
14.69,1.73,0.789648183294706,9.993201890848824e-8,9.99321034767913e-8,0.00015736399419686586
14.69,1.73,1.297114881182717,1.0922334016086975e-9,1.0922343642640646e-9,0.00015736399419686586
14.69,1.73,2.1307045980472066,1.0847535575685677e-12,1.0846948034108436e-12,0.00015736399419686586
14.69,1.73,3.5000000000000004,4.0981054577995466e-17,4.076905416061428e-17,0.00015736399419686586
14.69,1.73,3.8,4.728772032119923e-18,4.680593299861359e-18,0.00015736399419686586
14.69,1.73,3.98,6.166930216684215e-19,6.194168918978165e-19,0.00015736399419686586
14.69,1.73,3.9998,5.637914413981765e-20,5.674562874850411e-20,0.00015736399419686586
14.69,4.71,1.0000000000000001e-7,0.00050122144605234,0.000501228031645321,0.000501229183424986
14.69,4.71,1.6426491045299075e-7,0.0005012182318841426,0.0005012248174415343,0.000501229183424986
14.69,4.71,2.698296080612907e-7,0.0005012136825160312,0.000501220268022798,0.000501229183424986
14.69,4.71,4.432353640575351e-7,0.0005012072432810944,0.0005012138287129435,0.000501229183424986
14.69,4.71,7.280801738650976e-7,0.0005011981290796002,0.0005012047144143413,0.000501229183424986
14.69,4.71,1.1959802456254818e-6,0.0005011852286290135,0.0005011918138088863,0.000501229183424986
14.69,4.71,1.9645758795121526e-6,0.0005011669689041091,0.0005011735538926599,0.000501229183424986
14.69,4.71,3.227108809261693e-6,0.0005011411231847389,0.0005011477078658373,0.000501229183424986
14.69,4.71,5.301007395754297e-6,0.0005011045391820318,0.0005011111234696434,0.000501229183424986
14.69,4.71,8.707695051742211e-6,0.0005010527538063876,0.00050105933750112,0.000501229183424986
14.69,4.71,1.4303687479263852e-5,0.0005009794469477425,0.0005009860298127066,0.000501229183424986
14.69,4.71,2.3495939429288417e-5,0.0005008756661660658,0.0005008822478977526,0.000501229183424986
14.69,4.71,3.8595583863609565e-5,0.000500728724350923,0.0005007353043371392,0.000501229183424986
14.69,4.71,6.33990012723672e-5,0.0005005206282511683,0.0005005272060406166,0.000501229183424986
14.69,4.71,0.00010414231266814445,0.0005002258290218261,0.0005002324032389312,0.000501229183424986
14.69,4.71,0.00017106927664800093,0.0004998079821524177,0.0004998145519373324,0.000501229183424986
14.69,4.71,0.00028100679409841776,0.000499215237209342,0.0004992217999157092,0.000501229183424986
14.69,4.71,0.00046159555869258604,0.0004983732992099877,0.0004983798525020358,0.000501229183424986
14.69,4.71,0.0007582395311413588,0.0004971750220203255,0.0004971815614227302,0.000501229183424986
14.69,4.71,0.00124552148684853,0.0004954644406121431,0.0004954709590940898,0.000501229183424986
14.69,4.71,0.002045954755044497,0.0004930116209895021,0.0004930181117069748,0.000501229183424986
14.69,4.71,0.0033607857462825456,0.0004894720111393204,0.0004894784532163733,0.000501229183424986
14.69,4.71,0.005520591696647901,0.0004843194694924405,0.00048432585232728397,0.000501229183424986
14.69,4.71,0.009068395006973916,0.0004767355422244722,0.00047674180915679184,0.000501229183424986
14.69,4.71,0.01489619093772919,0.0004654310286678067,0.00046543715005940427,0.000501229183424986
14.69,4.71,0.024469214704767362,0.00044838058149407106,0.00044838643027630395,0.000501229183424986
14.69,4.71,0.04019433362333615,0.00042250348445503166,0.0004225089310858294,0.000501229183424986
14.69,4.71,0.06602518613354949,0.0003835136419792683,0.0003835185024701737,0.000501229183424986
14.69,4.71,0.1084562128786955,0.0003266310663444539,0.0003266349416300424,0.000501229183424986
14.69,4.71,0.17815550096589414,0.00024953662366629923,0.0002495395366949996,0.000501229183424986
14.69,4.71,0.292646974128703,0.00015856742045194429,0.00015856892831692557,0.000501229183424986
14.69,4.71,0.480716289995901,7.397684620507442e-5,7.397758556056418e-5,0.000501229183424986
14.69,4.71,0.789648183294706,2.067658590175621e-5,2.0676748149477313e-5,0.000501229183424986
14.69,4.71,1.297114881182717,2.4965635882200083e-6,2.4965924021891176e-6,0.000501229183424986
14.69,4.71,2.1307045980472066,7.753916153798372e-8,7.754059479024376e-8,0.000501229183424986
14.69,4.71,3.5000000000000004,2.6448410604237825e-10,2.6436386530540186e-10,0.000501229183424986
14.69,4.71,3.8,6.49282649728431e-11,6.485717953988352e-11,0.000501229183424986
14.69,4.71,3.98,1.224341450043952e-11,1.2246912814674046e-11,0.000501229183424986
14.69,4.71,3.9998,1.1598001176095672e-12,1.1603139993188521e-12,0.000501229183424986
15.19,0.00113,1.0000000000000001e-7,0.0004110234382359817,0.00041102344207091714,0.0004110646349835493
15.19,0.00113,1.6426491045299075e-7,0.0004110063241183974,0.000411006328127323,0.0004110646349835493
15.19,0.00113,2.698296080612907e-7,0.000410982099762348,0.00041098210400042714,0.0004110646349835493
15.19,0.00113,4.432353640575351e-7,0.0004109478103334055,0.0004109478149352267,0.0004110646349835493
15.19,0.00113,7.280801738650976e-7,0.0004108992719914801,0.000410899277038691,0.0004110646349835493
15.19,0.00113,1.1959802456254818e-6,0.00041083055935775493,0.00041083056514155605,0.0004110646349835493
15.19,0.00113,1.9645758795121526e-6,0.00041073327751905427,0.0004107332842162293,0.0004110646349835493
15.19,0.00113,3.227108809261693e-6,0.00041059552583745077,0.00041059553396751363,0.0004110646349835493
15.19,0.00113,5.301007395754297e-6,0.0004104004182973042,0.0004104004283642884,0.0004110646349835493
15.19,0.00113,8.707695051742211e-6,0.0004101239600427785,0.0004101239728423509,0.0004110646349835493
15.19,0.00113,1.4303687479263852e-5,0.00040973197706496717,0.0004097319940190688,0.0004110646349835493
15.19,0.00113,2.3495939429288417e-5,0.00040917562806263474,0.0004091756503000989,0.0004110646349835493
15.19,0.00113,3.8595583863609565e-5,0.00040838474270935227,0.00040838477386688515,0.0004110646349835493
15.19,0.00113,6.33990012723672e-5,0.0004072577324111372,0.0004072577744846502,0.0004110646349835493
15.19,0.00113,0.00010414231266814445,0.00040564593194732573,0.00040564599317543946,0.0004110646349835493
15.19,0.00113,0.00017106927664800093,0.00040332865068333593,0.00040332873701856553,0.0004110646349835493
15.19,0.00113,0.00028100679409841776,0.00039997248875817744,0.00039997261687036735,0.0004110646349835493
15.19,0.00113,0.00046159555869258604,0.0003950641618110137,0.0003950643548696001,0.0004110646349835493
15.19,0.00113,0.0007582395311413588,0.00038780058219437994,0.00038780086920644027,0.0004110646349835493
15.19,0.00113,0.00124552148684853,0.0003769174480990117,0.0003769179149289265,0.0004110646349835493
15.19,0.00113,0.002045954755044497,0.0003604541306184196,0.0003604548144009013,0.0004110646349835493
15.19,0.00113,0.0033607857462825456,0.0003355330624378517,0.0003355341934585043,0.0004110646349835493
15.19,0.00113,0.005520591696647901,0.0002984663414942423,0.0002984679292078019,0.0004110646349835493
15.19,0.00113,0.009068395006973916,0.00024596049715484603,0.0002459627573390667,0.0004110646349835493
15.19,0.00113,0.01489619093772919,0.00017849732559806382,0.0001784999686698581,0.0004110646349835493
15.19,0.00113,0.024469214704767362,0.0001053427531174473,0.00010534522746317013,0.0004110646349835493
15.19,0.00113,0.04019433362333615,4.490064119825605e-5,4.490228330475259e-5,0.0004110646349835493
15.19,0.00113,0.06602518613354949,1.1728973459754224e-5,1.1729594269851294e-5,0.0004110646349835493
15.19,0.00113,0.1084562128786955,1.5311974925719843e-6,1.531308798286661e-6,0.0004110646349835493
15.19,0.00113,0.17815550096589414,8.061861900763747e-8,8.062623210310848e-8,0.0004110646349835493
15.19,0.00113,0.292646974128703,1.4452788028881338e-9,1.4454362729770682e-9,0.0004110646349835493
15.19,0.00113,0.480716289995901,8.279124225793785e-12,8.280116885177052e-12,0.0004110646349835493
15.19,0.00113,0.789648183294706,1.6224663891130536e-14,1.6226629501451026e-14,0.0004110646349835493
15.19,0.00113,1.297114881182717,1.2907433576157124e-17,1.2908922873467181e-17,0.0004110646349835493
15.19,0.00113,2.1307045980472066,5.156376484055667e-21,5.156870089582429e-21,0.0004110646349835493
15.19,0.00113,3.5000000000000004,1.2199851907401312e-24,1.2188322797467553e-24,0.0004110646349835493
15.19,0.00113,3.8,2.4931232857974408e-25,2.4939731856778576e-25,0.0004110646349835493
15.19,0.00113,3.98,4.407974594651673e-26,4.410772673039134e-26,0.0004110646349835493
15.19,0.00113,3.9998,4.153446652265938e-27,4.15595637270895e-27,0.0004110646349835493
15.19,0.0037,1.0000000000000001e-7,0.0004105898895302383,0.00041058988957024054,0.0004106309619305699
15.19,0.0037,1.6426491045299075e-7,0.000410572827071523,0.00041057282710182995,0.0004106309619305699
15.19,0.0037,2.698296080612907e-7,0.0004105486758392229,0.0004105486758878879,0.0004106309619305699
15.19,0.0037,4.432353640575351e-7,0.0004105144899226255,0.000410514489965089,0.0004106309619305699
15.19,0.0037,7.280801738650976e-7,0.0004104660981214584,0.00041046609817616653,0.0004106309619305699
15.19,0.0037,1.1959802456254818e-6,0.00041039759296823995,0.00041039759304767256,0.0004106309619305699
15.19,0.0037,1.9645758795121526e-6,0.0004103006049490932,0.0004103006049974175,0.0004106309619305699
15.19,0.0037,3.227108809261693e-6,0.00041016326948410404,0.00041016326964477966,0.0004106309619305699
15.19,0.0037,5.301007395754297e-6,0.00040996875183743376,0.0004099687518744424,0.0004106309619305699
15.19,0.0037,8.707695051742211e-6,0.00040969313028047855,0.00040969313058257224,0.0004106309619305699
15.19,0.0037,1.4303687479263852e-5,0.0004093023355244229,0.00040930233564749656,0.0004106309619305699
15.19,0.0037,2.3495939429288417e-5,0.0004087476771729434,0.00040874767766247393,0.0004106309619305699
15.19,0.0037,3.8595583863609565e-5,0.0004079592043481832,0.0004079592049021796,0.0004106309619305699
15.19,0.0037,6.33990012723672e-5,0.0004068356516570627,0.00040683565227277884,0.0004106309619305699
15.19,0.0037,0.00010414231266814445,0.0004052288378737977,0.00040522883987051584,0.0004106309619305699
15.19,0.0037,0.00017106927664800093,0.00040291881179918077,0.00040291881221778613,0.0004106309619305699
15.19,0.0037,0.00028100679409841776,0.0003995733272738177,0.0003995733335556977,0.0004106309619305699
15.19,0.0037,0.00046159555869258604,0.0003946809311677738,0.0003946809320735391,0.0004106309619305699
15.19,0.0037,0.0007582395311413588,0.000387441457846385,0.00038744147468797174,0.0004106309619305699
15.19,0.0037,0.00124552148684853,0.0003765951801536844,0.00037659519137678375,0.0004106309619305699
15.19,0.0037,0.002045954755044497,0.0003601881794881184,0.000360188211627108,0.0004106309619305699
15.19,0.0037,0.0033607857462825456,0.0003353512298649352,0.00033535128611658524,0.0004106309619305699
15.19,0.0037,0.005520591696647901,0.0002984025587618278,0.0002984025878601292,0.0004106309619305699
15.19,0.0037,0.009068395006973916,0.0002460417134520832,0.0002460418448982934,0.0004106309619305699
15.19,0.0037,0.01489619093772919,0.00017871308737867588,0.00017871309365352945,0.0004106309619305699
15.19,0.0037,0.024469214704767362,0.00010561337304007319,0.00010561346934705956,0.0004106309619305699
15.19,0.0037,0.04019433362333615,4.5104548739435896e-5,4.510455788636613e-5,0.0004106309619305699
15.19,0.0037,0.06602518613354949,1.1812484954660391e-5,1.1812487216830342e-5,0.0004106309619305699
15.19,0.0037,0.1084562128786955,1.5464109605846123e-6,1.5464104456684884e-6,0.0004106309619305699
15.19,0.0037,0.17815550096589414,8.158429486704008e-8,8.158421131767348e-8,0.0004106309619305699
15.19,0.0037,0.292646974128703,1.4619386244152644e-9,1.4619350373732465e-9,0.0004106309619305699
15.19,0.0037,0.480716289995901,8.333760683783744e-12,8.333759079186593e-12,0.0004106309619305699
15.19,0.0037,0.789648183294706,1.6156808045322657e-14,1.6156788235852758e-14,0.0004106309619305699
15.19,0.0037,1.297114881182717,1.263672903472033e-17,1.2636729059125611e-17,0.0004106309619305699
15.19,0.0037,2.1307045980472066,4.9355775278637476e-21,4.9354995464319175e-21,0.0004106309619305699
15.19,0.0037,3.5000000000000004,1.1370759058642568e-24,1.1367737054789373e-24,0.0004106309619305699
15.19,0.0037,3.8,2.3140375758518346e-25,2.313496677281657e-25,0.0004106309619305699
15.19,0.0037,3.98,4.083056386639188e-26,4.0810650964943995e-26,0.0004106309619305699
15.19,0.0037,3.9998,3.846528168616786e-27,3.8446650168283136e-27,0.0004106309619305699
15.19,0.0127,1.0000000000000001e-7,0.00040912606174075454,0.000409126061748662,0.00040916670814212315
15.19,0.0127,1.6426491045299075e-7,0.00040910917625920493,0.00040910917628242025,0.00040916670814212315
15.19,0.0127,2.698296080612907e-7,0.0004090852755401721,0.0004090852755496178,0.00040916670814212315
15.19,0.0127,4.432353640575351e-7,0.0004090514442444786,0.0004090514442790587,0.00040916670814212315
15.19,0.0127,7.280801738650976e-7,0.00040900355447423157,0.000409003554499997,0.00040916670814212315
15.19,0.0127,1.1959802456254818e-6,0.0004089357601237386,0.0004089357601652377,0.00040916670814212315
15.19,0.0127,1.9645758795121526e-6,0.0004088397786933803,0.00040883977876953663,0.00040916670814212315
15.19,0.0127,3.227108809261693e-6,0.00040870386913206326,0.0004087038691616664,0.00040916670814212315
15.19,0.0127,5.301007395754297e-6,0.0004085113723787815,0.000408511372566673,0.00040916670814212315
15.19,0.0127,8.707695051742211e-6,0.00040823861722201363,0.00040823861723071815,0.00040916670814212315
15.19,0.0127,1.4303687479263852e-5,0.00040785189311387244,0.00040785189349942645,0.00040916670814212315
15.19,0.0127,2.3495939429288417e-5,0.0004073030266026592,0.00040730302672709826,0.00040916670814212315
15.19,0.0127,3.8595583863609565e-5,0.00040652281853684825,0.00040652281919243316,0.00040916670814212315
15.19,0.0127,6.33990012723672e-5,0.0004054111106137177,0.00040541111137341553,0.00040916670814212315
15.19,0.0127,0.00010414231266814445,0.0004038213794162104,0.00040382138024800345,0.00040916670814212315
15.19,0.0127,0.00017106927664800093,0.0004015362064395079,0.00040153620949318346,0.00040916670814212315
15.19,0.0127,0.00028100679409841776,0.0003982272972082009,0.00039822729760192934,0.00040916670814212315
15.19,0.0127,0.00046159555869258604,0.00039338947157139794,0.00039338948172868083,0.00040916670814212315
15.19,0.0127,0.0007582395311413588,0.00038623257585687756,0.000386232576695569,0.00040916670814212315
15.19,0.0127,0.00124552148684853,0.0003755125653079938,0.00037551259214321835,0.00040916670814212315
15.19,0.0127,0.002045954755044497,0.00035929854730753726,0.0003592985639049709,0.00040916670814212315
15.19,0.0127,0.0033607857462825456,0.0003347499778722423,0.00033475002320121133,0.00040916670814212315
15.19,0.0127,0.005520591696647901,0.0002982063161979894,0.000298206391712558,0.00040916670814212315
15.19,0.0127,0.009068395006973916,0.00024634351073123025,0.00024634353975290263,0.00040916670814212315
15.19,0.0127,0.01489619093772919,0.00017947768158665473,0.0001794778090540227,0.00040916670814212315
15.19,0.0127,0.024469214704767362,0.00010656631187755138,0.0001065663124893167,0.00040916670814212315
15.19,0.0127,0.04019433362333615,4.5823850599842675e-5,4.5823888616795434e-5,0.00040916670814212315
15.19,0.0127,0.06602518613354949,1.210883919764074e-5,1.2108840651345593e-5,0.00040916670814212315
15.19,0.0127,0.1084562128786955,1.6008622090598385e-6,1.6008611345460815e-6,0.00040916670814212315
15.19,0.0127,0.17815550096589414,8.507285380965757e-8,8.507276526310323e-8,0.00040916670814212315
15.19,0.0127,0.292646974128703,1.52264376271835e-9,1.5226420583771123e-9,0.00040916670814212315
15.19,0.0127,0.480716289995901,8.537174255055131e-12,8.537156747379282e-12,0.00040916670814212315
15.19,0.0127,0.789648183294706,1.594785841127374e-14,1.5947857261836804e-14,0.00040916670814212315
15.19,0.0127,1.297114881182717,1.1758043775187139e-17,1.1758024842100646e-17,0.00040916670814212315
15.19,0.0127,2.1307045980472066,4.2448206171603284e-21,4.244821288370126e-21,0.00040916670814212315
15.19,0.0127,3.5000000000000004,8.91025078530711e-25,8.90066510918289e-25,0.00040916670814212315
15.19,0.0127,3.8,1.7870416092725067e-25,1.7866505420178315e-25,0.00040916670814212315
15.19,0.0127,3.98,3.130874662078906e-26,3.135267867707985e-26,0.00040916670814212315
15.19,0.0127,3.9998,2.9474610925492073e-27,2.951960300858342e-27,0.00040916670814212315
15.19,0.047,1.0000000000000001e-7,0.0004042895989896966,0.00040428959865090327,0.0004043287487067895
15.19,0.047,1.6426491045299075e-7,0.0004042733352909212,0.00040427333496071105,0.0004043287487067895
15.19,0.047,2.698296080612907e-7,0.00040425031471236754,0.0004042503143705774,0.0004043287487067895
15.19,0.047,4.432353640575351e-7,0.00040421772932273476,0.00040421772900942635,0.0004043287487067895
15.19,0.047,7.280801738650976e-7,0.000404171603359044,0.0004041716030168806,0.0004043287487067895
15.19,0.047,1.1959802456254818e-6,0.0004041063062975658,0.0004041063060085553,0.0004043287487067895
15.19,0.047,1.9645758795121526e-6,0.0004040138613422609,0.00040401386102566564,0.0004043287487067895
15.19,0.047,3.227108809261693e-6,0.00040388296142407826,0.00040388296115424766,0.0004043287487067895
15.19,0.047,5.301007395754297e-6,0.00040369756464924577,0.0004036975644245769,0.0004043287487067895
15.19,0.047,8.707695051742211e-6,0.00040343487987276827,0.00040343487958579237,0.0004043287487067895
15.19,0.047,1.4303687479263852e-5,0.0004030624567398499,0.0004030624567416876,0.0004043287487067895
15.19,0.047,2.3495939429288417e-5,0.0004025339376055931,0.00040253393725442837,0.0004043287487067895
15.19,0.047,3.8595583863609565e-5,0.0004017827635720656,0.00040178276403871787,0.0004043287487067895
15.19,0.047,6.33990012723672e-5,0.0004007126643043433,0.00040071266411056283,0.0004043287487067895
15.19,0.047,0.00010414231266814445,0.00039918293782962997,0.00039918293911564206,0.0004043287487067895
15.19,0.047,0.00017106927664800093,0.00039698505889459984,0.0003969850600918642,0.0004043287487067895
15.19,0.047,0.00028100679409841776,0.0003938046103547946,0.0003938046126066084,0.0004043287487067895
15.19,0.047,0.00046159555869258604,0.00038915845004092376,0.000389158457398285,0.0004043287487067895
15.19,0.047,0.0007582395311413588,0.00038229163032110005,0.00038229163188351496,0.0004043287487067895
15.19,0.047,0.00124552148684853,0.0003720153518125751,0.00037201537931090474,0.0004043287487067895
15.19,0.047,0.002045954755044497,0.0003564801162518853,0.0003564801166125333,0.0004043287487067895
15.19,0.047,0.0033607857462825456,0.000332947500716682,0.00033294756845959276,0.0004043287487067895
15.19,0.047,0.005520591696647901,0.0002978344627404859,0.00029783449010512865,0.0004043287487067895
15.19,0.047,0.009068395006973916,0.00024773791452014287,0.0002477380004799076,0.0004043287487067895
15.19,0.047,0.01489619093772919,0.00018252109672360953,0.00018252118256556515,0.0004043287487067895
15.19,0.047,0.024469214704767362,0.00011027431567254169,0.0001102743423192708,0.0004043287487067895
15.19,0.047,0.04019433362333615,4.864016555453024e-5,4.8640207307729836e-5,0.0004043287487067895
15.19,0.047,0.06602518613354949,1.32947034126952e-5,1.3294702776440097e-5,0.0004043287487067895
15.19,0.047,0.1084562128786955,1.825800807270737e-6,1.8257996668877888e-6,0.0004043287487067895
15.19,0.047,0.17815550096589414,9.999967048156895e-8,9.999964681610702e-8,0.0004043287487067895
15.19,0.047,0.292646974128703,1.7908364315346188e-9,1.7908320655326269e-9,0.0004043287487067895
15.19,0.047,0.480716289995901,9.496400720592113e-12,9.496388603949481e-12,0.0004043287487067895
15.19,0.047,0.789648183294706,1.552575433241032e-14,1.5525744891289644e-14,0.0004043287487067895
15.19,0.047,1.297114881182717,9.205765323326881e-18,9.205754877432155e-18,0.0004043287487067895
15.19,0.047,2.1307045980472066,2.474362783231646e-21,2.4743537089441955e-21,0.0004043287487067895
15.19,0.047,3.5000000000000004,3.6503374912218376e-25,3.6453000233691424e-25,0.0004043287487067895
15.19,0.047,3.8,6.924494738689001e-26,6.927797600263049e-26,0.0004043287487067895
15.19,0.047,3.98,1.180747041694365e-26,1.1823587824695838e-26,0.0004043287487067895
15.19,0.047,3.9998,1.1086466540289147e-27,1.1101673905765326e-27,0.0004043287487067895
15.19,0.173,1.0000000000000001e-7,0.00039518511021578766,0.00039518510894745137,0.00039522015610946303
15.19,0.173,1.6426491045299075e-7,0.0003951705514092137,0.0003951705501488144,0.00039522015610946303
15.19,0.173,2.698296080612907e-7,0.0003951499441235196,0.00039514994286394975,0.00039522015610946303
15.19,0.173,4.432353640575351e-7,0.0003951207749316626,0.0003951207736712562,0.00039522015610946303
15.19,0.173,7.280801738650976e-7,0.00039507948521136973,0.0003950794839744153,0.00039522015610946303
15.19,0.173,1.1959802456254818e-6,0.00039502103554223724,0.00039502103427458324,0.00039522015610946303
15.19,0.173,1.9645758795121526e-6,0.0003949382873279021,0.0003949382861345889,0.00039522015610946303
15.19,0.173,3.227108809261693e-6,0.0003948211234060448,0.00039482112214060065,0.00039522015610946303
15.19,0.173,5.301007395754297e-6,0.0003946551940217596,0.00039465519289158866,0.00039522015610946303
15.19,0.173,8.707695051742211e-6,0.00039442012092455534,0.00039442011973253637,0.00039522015610946303
15.19,0.173,1.4303687479263852e-5,0.00039408690876226274,0.0003940869076850614,0.00039522015610946303
15.19,0.173,2.3495939429288417e-5,0.0003936141780851177,0.0003936141771576995,0.00039522015610946303
15.19,0.173,3.8595583863609565e-5,0.0003929426085353672,0.0003929426074204388,0.00039522015610946303
15.19,0.173,6.33990012723672e-5,0.0003919865899381203,0.0003919865897287359,0.00039522015610946303
15.19,0.173,0.00010414231266814445,0.00039062138571629214,0.000390621384437316,0.00039522015610946303
15.19,0.173,0.00017106927664800093,0.00038866287445862195,0.00038866287600106846,0.00039522015610946303
15.19,0.173,0.00028100679409841776,0.0003858347633572492,0.00038583476276067655,0.00039522015610946303
15.19,0.173,0.00046159555869258604,0.00038171458122232137,0.0003817145864093031,0.00039522015610946303
15.19,0.173,0.0007582395311413588,0.0003756446556370362,0.0003756446612197224,0.00039522015610946303
15.19,0.173,0.00124552148684853,0.00036658976883486926,0.00036658977812649706,0.00039522015610946303
15.19,0.173,0.002045954755044497,0.000352929109297275,0.00035292914107618164,0.00039522015610946303
15.19,0.173,0.0033607857462825456,0.0003322171814230128,0.00033221718586582815,0.00039522015610946303
15.19,0.173,0.005520591696647901,0.0003011081445963724,0.0003011082369648023,0.00039522015610946303
15.19,0.173,0.009068395006973916,0.0002560091829949953,0.00025600918415383814,0.00039522015610946303
15.19,0.173,0.01489619093772919,0.00019550026367749532,0.00019550039034177104,0.00039522015610946303
15.19,0.173,0.024469214704767362,0.0001250056239050044,0.00012500565926985605,0.00039522015610946303
15.19,0.173,0.04019433362333615,6.003234178828043e-5,6.003238204524167e-5,0.00039522015610946303
15.19,0.173,0.06602518613354949,1.8458326304159018e-5,1.8458339029793163e-5,0.00039522015610946303
15.19,0.173,0.1084562128786955,2.9243927998824967e-6,2.9243925719122474e-6,0.00039522015610946303
15.19,0.173,0.17815550096589414,1.8341171112687845e-7,1.834114880783237e-7,0.00039522015610946303
15.19,0.173,0.292646974128703,3.4855964919946008e-9,3.485596236513305e-9,0.00039522015610946303
15.19,0.173,0.480716289995901,1.648463834934398e-11,1.6484580857767614e-11,0.00039522015610946303
15.19,0.173,0.789648183294706,1.839292609280232e-14,1.8392917897909348e-14,0.00039522015610946303
15.19,0.173,1.297114881182717,5.416453732858097e-18,5.4164423834403015e-18,0.00039522015610946303
15.19,0.173,2.1307045980472066,5.305305931589956e-22,5.305241997089638e-22,0.00039522015610946303
15.19,0.173,3.5000000000000004,2.223535890624332e-26,2.2197736450926472e-26,0.00039522015610946303
15.19,0.173,3.8,3.438085418491291e-27,3.428481147431022e-27,0.00039522015610946303
15.19,0.173,3.98,5.309002032387765e-28,5.318990681155635e-28,0.00039522015610946303
15.19,0.173,3.9998,4.937230357322054e-29,4.9497528125736523e-29,0.00039522015610946303
15.19,0.61,1.0000000000000001e-7,0.00043241988802130733,0.0004324198886526603,0.00043244979604373994
15.19,0.61,1.6426491045299075e-7,0.0004324074637240846,0.000432407464366082,0.00043244979604373994
15.19,0.61,2.698296080612907e-7,0.0004323898779012843,0.0004323898785373564,0.00043244979604373994
15.19,0.61,4.432353640575351e-7,0.0004323649859155737,0.0004323649865624187,0.00043244979604373994
15.19,0.61,7.280801738650976e-7,0.00043232975157663346,0.00043232975222985774,0.00043244979604373994
15.19,0.61,1.1959802456254818e-6,0.0004322798759341702,0.00043227987657980694,0.00043244979604373994
15.19,0.61,1.9645758795121526e-6,0.00043220927077537887,0.0004322092714694059,0.00043244979604373994
15.19,0.61,3.227108809261693e-6,0.0004321093109216005,0.0004321093115572703,0.00043244979604373994
15.19,0.61,5.301007395754297e-6,0.0004319677702863915,0.0004319677710551972,0.00043244979604373994
15.19,0.61,8.707695051742211e-6,0.00043176730325439794,0.0004317673039116337,0.00043244979604373994
15.19,0.61,1.4303687479263852e-5,0.0004314832667316869,0.00043148326760363324,0.00043244979604373994
15.19,0.61,2.3495939429288417e-5,0.00043108057411627164,0.00043108057493656193,0.00043244979604373994
15.19,0.61,3.8595583863609565e-5,0.00043050910285436194,0.00043050910380493354,0.00043244979604373994
15.19,0.61,6.33990012723672e-5,0.000429696890663545,0.00042969689202364,0.00043244979604373994
15.19,0.61,0.00010414231266814445,0.00042853985538066904,0.0004285398562524284,0.00043244979604373994
15.19,0.61,0.00017106927664800093,0.00042688588241293764,0.0004268858852632626,0.00043244979604373994
15.19,0.61,0.00028100679409841776,0.00042450953365943993,0.00042450953438250694,0.00043244979604373994
15.19,0.61,0.00046159555869258604,0.0004210708689869955,0.0004210708755796437,0.00043244979604373994
15.19,0.61,0.0007582395311413588,0.00041604741962351856,0.00041604742268990446,0.00043244979604373994
15.19,0.61,0.00124552148684853,0.0004086224110227784,0.0004086224249421876,0.00043244979604373994
15.19,0.61,0.002045954755044497,0.0003975085612954847,0.0003975085801230346,0.00043244979604373994
15.19,0.61,0.0033607857462825456,0.0003807001510858468,0.0003807001703194539,0.00043244979604373994
15.19,0.61,0.005520591696647901,0.00035522032242816246,0.00035522039548879477,0.00043244979604373994
15.19,0.61,0.009068395006973916,0.0003171599390952898,0.00031715994601088325,0.00043244979604373994
15.19,0.61,0.01489619093772919,0.0002627877775578196,0.00026278793390527164,0.00043244979604373994
15.19,0.61,0.024469214704767362,0.00019196162366646717,0.00019196163810207675,0.00043244979604373994
15.19,0.61,0.04019433362333615,0.00011372790231547869,0.00011372802897408129,0.00043244979604373994
15.19,0.61,0.06602518613354949,4.791329896195897e-5,4.791333172843013e-5,0.00043244979604373994
15.19,0.61,0.1084562128786955,1.1764473686436234e-5,1.1764485012772096e-5,0.00043244979604373994
15.19,0.61,0.17815550096589414,1.2664526271475075e-6,1.2664540118890443e-6,0.00043244979604373994
15.19,0.61,0.292646974128703,4.109788519892789e-8,4.1097875587014444e-8,0.00043244979604373994
15.19,0.61,0.480716289995901,2.608053239111862e-10,2.608045113306564e-10,0.00043244979604373994
15.19,0.61,0.789648183294706,2.1601684298262958e-13,2.1601675809684765e-13,0.00043244979604373994
15.19,0.61,1.297114881182717,1.8193044358049813e-17,1.8192930959011733e-17,0.00043244979604373994
15.19,0.61,2.1307045980472066,1.563307475187191e-22,1.5632238895174294e-22,0.00043244979604373994
15.19,0.61,3.5000000000000004,1.7590515643241106e-28,1.7376107551926682e-28,0.00043244979604373994
15.19,0.61,3.8,1.4195001436473494e-29,1.4073350488540664e-29,0.00043244979604373994
15.19,0.61,3.98,1.596593618309099e-30,1.622665383279237e-30,0.00043244979604373994
15.19,0.61,3.9998,1.4408604665460616e-31,1.4682736755281907e-31,0.00043244979604373994
15.19,1.73,1.0000000000000001e-7,0.0007617842093504457,0.0007617842171777857,0.0007618187714572614
15.19,1.73,1.6426491045299075e-7,0.0007617698518224599,0.0007617698596410656,0.0007618187714572614
15.19,1.73,2.698296080612907e-7,0.0007617495298334645,0.0007617495376680052,0.0007618187714572614
15.19,1.73,4.432353640575351e-7,0.0007617207653864512,0.0007617207732136075,0.0007618187714572614
15.19,1.73,7.280801738650976e-7,0.000761680050691729,0.0007616800585312796,0.0007618187714572614
15.19,1.73,1.1959802456254818e-6,0.0007616224198434169,0.0007616224276989624,0.0007618187714572614
15.19,1.73,1.9645758795121526e-6,0.00076154084186807,0.0007615408497011246,0.0007618187714572614
15.19,1.73,3.227108809261693e-6,0.000761425360043899,0.0007614253679633835,0.0007618187714572614
15.19,1.73,5.301007395754297e-6,0.0007612618700492707,0.0007612618778652467,0.0007618187714572614
15.19,1.73,8.707695051742211e-6,0.0007610303822933537,0.0007610303903227145,0.0007618187714572614
15.19,1.73,1.4303687479263852e-5,0.0007607025437755603,0.000760702551639076,0.0007618187714572614
15.19,1.73,2.3495939429288417e-5,0.0007602380886865813,0.0007602380968497226,0.0007618187714572614
15.19,1.73,3.8595583863609565e-5,0.0007595797213587269,0.0007595797295034101,0.0007618187714572614
15.19,1.73,6.33990012723672e-5,0.0007586456677000344,0.0007586456759173159,0.0007618187714572614
15.19,1.73,0.00010414231266814445,0.0007573186829780211,0.0007573186919908843,0.0007618187714572614
15.19,1.73,0.00017106927664800093,0.0007554295266159239,0.0007554295346084398,0.0007618187714572614
15.19,1.73,0.00028100679409841776,0.0007527315341981297,0.000752731545474714,0.0007618187714572614
15.19,1.73,0.00046159555869258604,0.0007488604471936026,0.0007488604550987332,0.0007618187714572614
15.19,1.73,0.0007582395311413588,0.0007432693234264378,0.0007432693400508745,0.0007618187714572614
15.19,1.73,0.00124552148684853,0.0007351211777827774,0.0007351211901798373,0.0007618187714572614
15.19,1.73,0.002045954755044497,0.0007231117674852695,0.000723111793687824,0.0007618187714572614
15.19,1.73,0.0033607857462825456,0.0007051858300657701,0.000705185869262989,0.0007618187714572614
15.19,1.73,0.005520591696647901,0.0006781218218178135,0.0006781218521498999,0.0007618187714572614
15.19,1.73,0.009068395006973916,0.000637054782493473,0.000637054912090101,0.0007618187714572614
15.19,1.73,0.01489619093772919,0.0005753309504726951,0.000575330960558569,0.0007618187714572614
15.19,1.73,0.024469214704767362,0.00048584976605173973,0.0004858500444354639,0.0007618187714572614
15.19,1.73,0.04019433362333615,0.00036604492053649165,0.0003660449645705755,0.0007618187714572614
15.19,1.73,0.06602518613354949,0.00022756026305080374,0.00022756052479620326,0.0007618187714572614
15.19,1.73,0.1084562128786955,0.00010279524891203449,0.00010279534866887137,0.0007618187714572614
15.19,1.73,0.17815550096589414,2.7561353949826018e-5,2.7561392929226194e-5,0.0007618187714572614
15.19,1.73,0.292646974128703,3.206030686679488e-6,3.2060405246073814e-6,0.0007618187714572614
15.19,1.73,0.480716289995901,1.0135636200081257e-7,1.013564150507443e-7,0.0007618187714572614
15.19,1.73,0.789648183294706,4.5050170079797785e-10,4.5050268757461337e-10,0.0007618187714572614
15.19,1.73,1.297114881182717,1.2047865666131429e-13,1.204787229172103e-13,0.0007618187714572614
15.19,1.73,2.1307045980472066,7.520105842112182e-19,7.519679969348947e-19,0.0007618187714572614
15.19,1.73,3.5000000000000004,4.760531873764617e-26,4.774401237599781e-26,0.0007618187714572614
15.19,1.73,3.8,1.809183349077834e-27,1.7800019097404238e-27,0.0007618187714572614
15.19,1.73,3.98,1.3777894447476272e-28,1.3644052903784823e-28,0.0007618187714572614
15.19,1.73,3.9998,1.1988916227774124e-29,1.188826472092652e-29,0.0007618187714572614
15.19,4.71,1.0000000000000001e-7,0.0024275067035954647,0.0024275385710222884,0.002427567376919839
15.19,4.71,1.6426491045299075e-7,0.002427481499329373,0.002427513366454674,0.002427567376919839
15.19,4.71,2.698296080612907e-7,0.0024274458248510614,0.002427477691595817,0.002427567376919839
15.19,4.71,4.432353640575351e-7,0.0024273953305213145,0.0024274271966820363,0.002427567376919839
15.19,4.71,7.280801738650976e-7,0.002427323859516647,0.0024273557248779645,0.002427567376919839
15.19,4.71,1.1959802456254818e-6,0.00242722269670258,0.0024272545609481827,0.002427567376919839
15.19,4.71,1.9645758795121526e-6,0.0024270795049504126,0.0024271113675129858,0.002427567376919839
15.19,4.71,3.227108809261693e-6,0.0024268768183691677,0.002426908678783365,0.002427567376919839
15.19,4.71,5.301007395754297e-6,0.0024265899068151085,0.0024266217637736193,0.002427567376919839
15.19,4.71,8.707695051742211e-6,0.0024261837469109746,0.0024262155995985685,0.002427567376919839
15.19,4.71,1.4303687479263852e-5,0.002425608720261956,0.0024256405661308243,0.002427567376919839
15.19,4.71,2.3495939429288417e-5,0.0024247944917276734,0.0024248263287300403,0.002427567376919839
15.19,4.71,3.8595583863609565e-5,0.0024236412703904416,0.0024236730942509286,0.002427567376919839
15.19,4.71,6.33990012723672e-5,0.002422007273784366,0.0024220390788054578,0.002427567376919839
15.19,4.71,0.00010414231266814445,0.002419690614437592,0.002419722394175928,0.002427567376919839
15.19,4.71,0.00017106927664800093,0.002416402846451282,0.0024164345860833293,0.002427567376919839
15.19,4.71,0.00028100679409841776,0.002411729748839627,0.0024117614385857945,0.002427567376919839
15.19,4.71,0.00046159555869258604,0.0024050720193730564,0.0024051036249050336,0.002427567376919839
15.19,4.71,0.0007582395311413588,0.002395553374479121,0.0023955848749439585,0.002427567376919839
15.19,4.71,0.00124552148684853,0.0023818743013390696,0.0023819056258006046,0.002427567376919839
15.19,4.71,0.002045954755044497,0.002362073632308726,0.0023621047116466837,0.002427567376919839
15.19,4.71,0.0033607857462825456,0.002333134222938435,0.0023331649269914567,0.002427567376919839
15.19,4.71,0.005520591696647901,0.0022903345660874076,0.002290364630177361,0.002427567376919839
15.19,4.71,0.009068395006973916,0.002226226852434439,0.002226256083052053,0.002427567376919839
15.19,4.71,0.01489619093772919,0.002129202287919687,0.002129229790850883,0.002427567376919839
15.19,4.71,0.024469214704767362,0.0019820454682691058,0.001982071019240078,0.002427567376919839
15.19,4.71,0.04019433362333615,0.0017622419784194439,0.0017622635614364063,0.002427567376919839
15.19,4.71,0.06602518613354949,0.0014486841103102683,0.0014487014003713437,0.002427567376919839
15.19,4.71,0.1084562128786955,0.001042102491854589,0.0010421137705340189,0.002427567376919839
15.19,4.71,0.17815550096589414,0.0005983072293484341,0.0005983129043428888,0.002427567376919839
15.19,4.71,0.292646974128703,0.00023568014243310068,0.00023568235179056475,0.002427567376919839
15.19,4.71,0.480716289995901,4.982943399877028e-5,4.982977626736284e-5,0.002427567376919839
15.19,4.71,0.789648183294706,3.814724469778247e-6,3.8147854543908585e-6,0.002427567376919839
15.19,4.71,1.297114881182717,5.6789886015283225e-8,5.679148319066036e-8,0.002427567376919839
15.19,4.71,2.1307045980472066,6.298245062943133e-11,6.298634107983564e-11,0.002427567376919839
15.19,4.71,3.5000000000000004,1.242022815672777e-15,1.2443418667601182e-15,0.002427567376919839
15.19,4.71,3.8,1.134949232040417e-16,1.1233107312425531e-16,0.002427567376919839
15.19,4.71,3.98,1.3011170381676796e-17,1.2881776067979244e-17,0.002427567376919839
15.19,4.71,3.9998,1.1745206365234965e-18,1.1637114465290133e-18,0.002427567376919839
15.67,0.00113,1.0000000000000001e-7,0.0018644098860288291,0.001864410152359946,0.0018647073936323524
15.67,0.00113,1.6426491045299075e-7,0.0018642862896078843,0.0018642865482364475,0.0018647073936323524
15.67,0.00113,2.698296080612907e-7,0.00186411133774876,0.0018641115854936903,0.0018647073936323524
15.67,0.00113,4.432353640575351e-7,0.001863863680647181,0.0018638639130758537,0.0018647073936323524
15.67,0.00113,7.280801738650976e-7,0.0018635130784586077,0.001863513288853218,0.0018647073936323524
15.67,0.00113,1.1959802456254818e-6,0.0018630166811632648,0.001863016860972721,0.0018647073936323524
15.67,0.00113,1.9645758795121526e-6,0.0018623137286403343,0.0018623138639700925,0.0018647073936323524
15.67,0.00113,3.227108809261693e-6,0.0018613179717203781,0.001861318045328078,0.0018647073936323524
15.67,0.00113,5.301007395754297e-6,0.001859906772037881,0.001859906755928025,0.0018647073936323524
15.67,0.00113,8.707695051742211e-6,0.0018579052910969766,0.0018579051482823148,0.0018647073936323524
15.67,0.00113,1.4303687479263852e-5,0.0018550632727228895,0.001855062946901525,0.0018647073936323524
15.67,0.00113,2.3495939429288417e-5,0.0018510203688137513,0.0018510197759786919,0.0018647073936323524
15.67,0.00113,3.8595583863609565e-5,0.0018452532177943126,0.0018452522395162507,0.0018647073936323524
15.67,0.00113,6.33990012723672e-5,0.001836992590117087,0.0018369910231912552,0.0018647073936323524
15.67,0.00113,0.00010414231266814445,0.001825090257599887,0.0018250878256313911,0.0018647073936323524
15.67,0.00113,0.00017106927664800093,0.0018078006128558503,0.0018077967931578642,0.0018647073936323524
15.67,0.00113,0.00028100679409841776,0.0017824199981448902,0.0017824140497242724,0.0018647073936323524
15.67,0.00113,0.00046159555869258604,0.00174470244354596,0.0017446929950952273,0.0018647073936323524
15.67,0.00113,0.0007582395311413588,0.0016879751048716157,0.0016879600744442705,0.0018647073936323524
15.67,0.00113,0.00124552148684853,0.0016020158461845936,0.001601992077433473,0.0018647073936323524
15.67,0.00113,0.002045954755044497,0.0014722987751399014,0.0014722616949101874,0.0018647073936323524
15.67,0.00113,0.0033607857462825456,0.0012816206663100408,0.0012815667173746677,0.0018647073936323524
15.67,0.00113,0.005520591696647901,0.0010183976816421426,0.0010183254211189661,0.0018647073936323524
15.67,0.00113,0.009068395006973916,0.0006957602933685196,0.0006956798874141656,0.0018647073936323524
15.67,0.00113,0.01489619093772919,0.0003723247760382984,0.00037225563818652125,0.0018647073936323524
15.67,0.00113,0.024469214704767362,0.00013606308461961735,0.00013602407881122694,0.0018647073936323524
15.67,0.00113,0.04019433362333615,2.8168653500104978e-5,2.8156700653064633e-5,0.0018647073936323524
15.67,0.00113,0.06602518613354949,2.632950541247591e-6,2.631385636660305e-6,0.0018647073936323524
15.67,0.00113,0.1084562128786955,8.827122752181752e-8,8.82022532089784e-8,0.0018647073936323524
15.67,0.00113,0.17815550096589414,8.958877092915476e-10,8.950310383278298e-10,0.0018647073936323524
15.67,0.00113,0.292646974128703,2.6285365598372423e-12,2.625627100321372e-12,0.0018647073936323524
15.67,0.00113,0.480716289995901,2.4547929840985786e-15,2.451800735805907e-15,0.0018647073936323524
15.67,0.00113,0.789648183294706,8.901220740171355e-19,8.889623250876611e-19,0.0018647073936323524
15.67,0.00113,1.297114881182717,1.5818549780516613e-22,1.5796992404302962e-22,0.0018647073936323524
15.67,0.00113,2.1307045980472066,1.7033011605011585e-26,1.7009377766998417e-26,0.0018647073936323524
15.67,0.00113,3.5000000000000004,1.2800346212515942e-30,1.2774351873995329e-30,0.0018647073936323524
15.67,0.00113,3.8,2.232857975129567e-31,2.233248227610843e-31,0.0018647073936323524
15.67,0.00113,3.98,3.662249643032786e-32,3.6634903682863827e-32,0.0018647073936323524
15.67,0.00113,3.9998,3.4258973223317666e-33,3.426889848358587e-33,0.0018647073936323524
15.67,0.0037,1.0000000000000001e-7,0.0018624622432143563,0.001862462500815037,0.0018627588528131872
15.67,0.0037,1.6426491045299075e-7,0.0018623390198882794,0.0018623392732123555,0.0018627588528131872
15.67,0.0037,2.698296080612907e-7,0.0018621645961849939,0.0018621648432235699,0.0018627588528131872
15.67,0.0037,4.432353640575351e-7,0.0018619176868104601,0.001861917925175342,0.0018627588528131872
15.67,0.0037,7.280801738650976e-7,0.0018615681433529435,0.0018615683692752348,0.0018627588528131872
15.67,0.0037,1.1959802456254818e-6,0.0018610732454905827,0.0018610734536906863,0.0018627588528131872
15.67,0.0037,1.9645758795121526e-6,0.001860372417319454,0.001860372600836056,0.0018627588528131872
15.67,0.0037,3.227108809261693e-6,0.0018593796718577745,0.0018593798190942852,0.0018627588528131872
15.67,0.0037,5.301007395754297e-6,0.0018579727450798202,0.0018579728427096903,0.0018627588528131872
15.67,0.0037,8.707695051742211e-6,0.001855977335527127,0.001855977358923241,0.0018627588528131872
15.67,0.0037,1.4303687479263852e-5,0.0018531439629819455,0.0018531438837614544,0.0018627588528131872
15.67,0.0037,2.3495939429288417e-5,0.0018491134120367035,0.0018491131790067139,0.0018627588528131872
15.67,0.0037,3.8595583863609565e-5,0.0018433639978671958,0.0018433635422568596,0.0018627588528131872
15.67,0.0037,6.33990012723672e-5,0.001835129017924627,0.0018351282300132176,0.0018627588528131872
15.67,0.0037,0.00010414231266814445,0.0018232641322885805,0.0018232628259835803,0.0018627588528131872
15.67,0.0037,0.00017106927664800093,0.0018060298402466438,0.0018060277588029198,0.0018627588528131872
15.67,0.0037,0.00028100679409841776,0.0017807322137081913,0.0017807288209239942,0.0018627588528131872
15.67,0.0037,0.00046159555869258604,0.0017431407694750998,0.0017431353984719178,0.0018627588528131872
15.67,0.0037,0.0007582395311413588,0.001686606563361725,0.0016865977679378099,0.0018627588528131872
15.67,0.0037,0.00124552148684853,0.0016009412064933591,0.0016009272695605937,0.0018627588528131872
15.67,0.0037,0.002045954755044497,0.0014716567013972534,0.0014716348411021232,0.0018627588528131872
15.67,0.0037,0.0033607857462825456,0.001281565579184722,0.0012815332515328753,0.0018627588528131872
15.67,0.0037,0.005520591696647901,0.001019014895456661,0.0010189721114503179,0.0018627588528131872
15.67,0.0037,0.009068395006973916,0.0006969064182964114,0.0006968578036066454,0.0018627588528131872
15.67,0.0037,0.01489619093772919,0.00037353227756138543,0.0003734909459500679,0.0018627588528131872
15.67,0.0037,0.024469214704767362,0.00013681470259475513,0.00013679111392158133,0.0018627588528131872
15.67,0.0037,0.04019433362333615,2.840640795180943e-5,2.8399166480950557e-5,0.0018627588528131872
15.67,0.0037,0.06602518613354949,2.6632207003291404e-6,2.662269106106166e-6,0.0018627588528131872
15.67,0.0037,0.1084562128786955,8.945943545162061e-8,8.94173440437924e-8,0.0018627588528131872
15.67,0.0037,0.17815550096589414,9.069602420223583e-10,9.064354668206767e-10,0.0018627588528131872
15.67,0.0037,0.292646974128703,2.6444928518074104e-12,2.6427256864491837e-12,0.0018627588528131872
15.67,0.0037,0.480716289995901,2.4383202073582623e-15,2.4365145685349265e-15,0.0018627588528131872
15.67,0.0037,0.789648183294706,8.670595786309966e-19,8.663705684240862e-19,0.0018627588528131872
15.67,0.0037,1.297114881182717,1.502245887321946e-22,1.50099507795241e-22,0.0018627588528131872
15.67,0.0037,2.1307045980472066,1.5699004675391984e-26,1.5686200863890267e-26,0.0018627588528131872
15.67,0.0037,3.5000000000000004,1.1416372365882396e-30,1.1399282375318018e-30,0.0018627588528131872
15.67,0.0037,3.8,1.9813814084122144e-31,1.9812712221052116e-31,0.0018627588528131872
15.67,0.0037,3.98,3.2418789260233605e-32,3.253436522056208e-32,0.0018627588528131872
15.67,0.0037,3.9998,3.031943125537429e-33,3.0438434747437972e-33,0.0018627588528131872
15.67,0.0127,1.0000000000000001e-7,0.001855887356360867,0.0018558876110463221,0.0018561808895017464
15.67,0.0127,1.6426491045299075e-7,0.0018557654112133547,0.0018557656621789173,0.0018561808895017464
15.67,0.0127,2.698296080612907e-7,0.0018555927969085707,0.001855593042866437,0.0018561808895017464
15.67,0.0127,4.432353640575351e-7,0.001855348449156076,0.0018553486876616756,0.0018561808895017464
15.67,0.0127,7.280801738650976e-7,0.001855002532780166,0.0018550027611567998,0.0018561808895017464
15.67,0.0127,1.1959802456254818e-6,0.0018545127717842743,0.0018545129853864265,0.0018561808895017464
15.67,0.0127,1.9645758795121526e-6,0.0018538192213599296,0.0018538194141857933,0.0018561808895017464
15.67,0.0127,3.227108809261693e-6,0.001852836792727231,0.0018528369562495215,0.0018561808895017464
15.67,0.0127,5.301007395754297e-6,0.0018514445042562041,0.0018514446247951985,0.0018561808895017464
15.67,0.0127,8.707695051742211e-6,0.001849469894211059,0.0018494699557547827,0.0018561808895017464
15.67,0.0127,1.4303687479263852e-5,0.001846666140490985,0.0018466661123963035,0.0018561808895017464
15.67,0.0127,2.3495939429288417e-5,0.0018426779077117927,0.0018426777563146928,0.0018561808895017464
15.67,0.0127,3.8595583863609565e-5,0.0018369892545019191,0.0018369889121923443,0.0018561808895017464
15.67,0.0127,6.33990012723672e-5,0.0018288421338374405,0.001828841515691811,0.0018561808895017464
15.67,0.0127,0.00010414231266814445,0.0018171055237225168,0.0018171044761737531,0.0018561808895017464
15.67,0.0127,0.00017106927664800093,0.0018000608405120955,0.0018000591149724234,0.0018561808895017464
15.67,0.0127,0.00028100679409841776,0.001775047487386302,0.001775044713755048,0.0018561808895017464
15.67,0.0127,0.00046159555869258604,0.0017378880511893767,0.0017378834668150753,0.0018561808895017464
15.67,0.0127,0.0007582395311413588,0.0016820155391269157,0.001682008239217326,0.0018561808895017464
15.67,0.0127,0.00124552148684853,0.0015973574193619883,0.0015973454142137512,0.0018561808895017464
15.67,0.0127,0.002045954755044497,0.0014695561604088283,0.0014695376492595894,0.0018561808895017464
15.67,0.0127,0.0033607857462825456,0.0012814795481548762,0.001281451844705378,0.0018561808895017464
15.67,0.0127,0.005520591696647901,0.0010212391645041793,0.001021202212564893,0.0018561808895017464
15.67,0.0127,0.009068395006973916,0.0007009507255529453,0.0007009091032743375,0.0018561808895017464
15.67,0.0127,0.01489619093772919,0.00037778265825076174,0.00037774645526657074,0.0018561808895017464
15.67,0.0127,0.024469214704767362,0.00013946979643200366,0.0001394492312762841,0.0018561808895017464
15.67,0.0127,0.04019433362333615,2.925238854055272e-5,2.9245971045287347e-5,0.0018561808895017464
15.67,0.0127,0.06602518613354949,2.771955192433938e-6,2.7711004745672993e-6,0.0018561808895017464
15.67,0.0127,0.1084562128786955,9.376877070882713e-8,9.373085976784177e-8,0.0018561808895017464
15.67,0.0127,0.17815550096589414,9.474522242249063e-10,9.469795978551493e-10,0.0018561808895017464
15.67,0.0127,0.292646974128703,2.704538388197455e-12,2.7029771653278702e-12,0.0018561808895017464
15.67,0.0127,0.480716289995901,2.3859857360356213e-15,2.3844617947576787e-15,0.0018561808895017464
15.67,0.0127,0.789648183294706,7.928038512995213e-19,7.92259262468479e-19,0.0018561808895017464
15.67,0.0127,1.297114881182717,1.2571663615343623e-22,1.256261902729195e-22,0.0018561808895017464
15.67,0.0127,2.1307045980472066,1.1832624651172679e-26,1.1824239174318865e-26,0.0018561808895017464
15.67,0.0127,3.5000000000000004,7.668844658331465e-31,7.671226085874583e-31,0.0018561808895017464
15.67,0.0127,3.8,1.307530741639892e-31,1.307207303556621e-31,0.0018561808895017464
15.67,0.0127,3.98,2.1211365143710394e-32,2.1221264127304006e-32,0.0018561808895017464
15.67,0.0127,3.9998,1.9821422571815948e-33,1.9834623572983726e-33,0.0018561808895017464
15.67,0.047,1.0000000000000001e-7,0.0018341804510585125,0.0018341806882491468,0.0018344631755220948
15.67,0.047,1.6426491045299075e-7,0.001834062996597219,0.0018340632303362134,0.0018344631755220948
15.67,0.047,2.698296080612907e-7,0.0018338967393340907,0.0018338969682849262,0.0018344631755220948
15.67,0.047,4.432353640575351e-7,0.0018336613914326564,0.0018336616133423028,0.0018344631755220948
15.67,0.047,7.280801738650976e-7,0.0018333282182041407,0.0018333284306088055,0.0018344631755220948
15.67,0.047,1.1959802456254818e-6,0.0018328565046747632,0.001832856702884383,0.0018344631755220948
15.67,0.047,1.9645758795121526e-6,0.0018321885231886474,0.0018321887021920354,0.0018344631755220948
15.67,0.047,3.227108809261693e-6,0.0018312423404271512,0.0018312424910925647,0.0018344631755220948
15.67,0.047,5.301007395754297e-6,0.001829901479749025,0.0018299015907888212,0.0018344631755220948
15.67,0.047,8.707695051742211e-6,0.0018279999418992934,0.0018279999961213875,0.0018344631755220948
15.67,0.047,1.4303687479263852e-5,0.0018253002413442126,0.0018253002120412547,0.0018344631755220948
15.67,0.047,2.3495939429288417e-5,0.0018214606698414768,0.0018214605236593886,0.0018344631755220948
15.67,0.047,3.8595583863609565e-5,0.00181598545556918,0.0018159851278312313,0.0018344631755220948
15.67,0.047,6.33990012723672e-5,0.0018081469447812505,0.0018081463619676044,0.0018344631755220948
15.67,0.047,0.00010414231266814445,0.00179686088003261,0.0017968598825508755,0.0018344631755220948
15.67,0.047,0.00017106927664800093,0.0017804821390394396,0.0017804805264770738,0.0018344631755220948
15.67,0.047,0.00028100679409841776,0.0017564672481971434,0.0017564646184764876,0.0018344631755220948
15.67,0.047,0.00046159555869258604,0.0017208254929727594,0.0017208212208847749,0.0018344631755220948
15.67,0.047,0.0007582395311413588,0.0016672788228538275,0.0016672719396801077,0.0018344631755220948
15.67,0.047,0.00124552148684853,0.0015861649447942423,0.0015861536584404073,0.0018344631755220948
15.67,0.047,0.002045954755044497,0.0014635928505446496,0.0014635754338778806,0.0018344631755220948
15.67,0.047,0.0033607857462825456,0.0012826402376718193,0.0012826137492388161,0.0018344631755220948
15.67,0.047,0.005520591696647901,0.0010306063186074767,0.0010305711150103713,0.0018344631755220948
15.67,0.047,0.009068395006973916,0.0007168100391364855,0.0007167692057544013,0.0018344631755220948
15.67,0.047,0.01489619093772919,0.00039429764938110287,0.0003942616551308435,0.0018344631755220948
15.67,0.047,0.024469214704767362,0.00014991822382560619,0.00014989691225342151,0.0018344631755220948
15.67,0.047,0.04019433362333615,3.2671470879601905e-5,3.26645146751054e-5,0.0018344631755220948
15.67,0.047,0.06602518613354949,3.2273135733829017e-6,3.2263392343125193e-6,0.0018344631755220948
15.67,0.047,0.1084562128786955,1.1248734775772826e-7,1.1244232322543879e-7,0.0018344631755220948
15.67,0.047,0.17815550096589414,1.1288364431040646e-9,1.1282711953963388e-9,0.0018344631755220948
15.67,0.047,0.292646974128703,2.9967160148599846e-12,2.994970449261492e-12,0.0018344631755220948
15.67,0.047,0.480716289995901,2.254236836308869e-15,2.252771400188931e-15,0.0018344631755220948
15.67,0.047,0.789648183294706,5.827266375562458e-19,5.823180845366048e-19,0.0018344631755220948
15.67,0.047,1.297114881182717,6.625669859870503e-23,6.620790254937969e-23,0.0018344631755220948
15.67,0.047,2.1307045980472066,4.194445554645149e-27,4.1913957411717504e-27,0.0018344631755220948
15.67,0.047,3.5000000000000004,1.752035068590241e-31,1.7518906394968928e-31,0.0018344631755220948
15.67,0.047,3.8,2.790216575744789e-32,2.7863215931894653e-32,0.0018344631755220948
15.67,0.047,3.98,4.38046209143683e-33,4.3876027441104826e-33,0.0018344631755220948
15.67,0.047,3.9998,4.080529753909437e-34,4.089443562200605e-34,0.0018344631755220948
15.67,0.173,1.0000000000000001e-7,0.0017935672601860461,0.0017935674494074516,0.0017938203478760797
15.67,0.173,1.6426491045299075e-7,0.001793462118916724,0.0017934623050236513,0.0017938203478760797
15.67,0.173,2.698296080612907e-7,0.0017933132922649247,0.0017933134740993652,0.0017938203478760797
15.67,0.173,4.432353640575351e-7,0.0017931026213595974,0.0017931027970517683,0.0017938203478760797
15.67,0.173,7.280801738650976e-7,0.0017928043889245038,0.0017928045558672217,0.0017938203478760797
15.67,0.173,1.1959802456254818e-6,0.00179238216009135,0.001792382314913244,0.0017938203478760797
15.67,0.173,1.9645758795121526e-6,0.001791784286234225,0.001791784423154584,0.0017938203478760797
15.67,0.173,3.227108809261693e-6,0.001790937485559893,0.001790937598284885,0.0017938203478760797
15.67,0.173,5.301007395754297e-6,0.0017897376327224222,0.0017897377090987142,0.0017938203478760797
15.67,0.173,8.707695051742211e-6,0.0017880364461334284,0.001788036472979921,0.0017938203478760797
15.67,0.173,1.4303687479263852e-5,0.0017856220371732041,0.0017856219901440289,0.0017938203478760797
15.67,0.173,2.3495939429288417e-5,0.0017821900583260201,0.0017821899061306013,0.0017938203478760797
15.67,0.173,3.8595583863609565e-5,0.0017773000421470347,0.001777299735922318,0.0017938203478760797
15.67,0.173,6.33990012723672e-5,0.0017703076999037758,0.0017703071583621544,0.0017938203478760797
15.67,0.173,0.00010414231266814445,0.0017602571361559135,0.0017602562532852742,0.0017938203478760797
15.67,0.173,0.00017106927664800093,0.0017457051523362941,0.001745703703303649,0.0017938203478760797
15.67,0.173,0.00028100679409841776,0.0017244310213199437,0.0017244287380233437,0.0017938203478760797
15.67,0.173,0.00046159555869258604,0.0016929607077240192,0.001692956970070944,0.0017938203478760797
15.67,0.173,0.0007582395311413588,0.0016458216140265998,0.0016458156425341634,0.0017938203478760797
15.67,0.173,0.00124552148684853,0.0015745098648140173,0.0015745001678872672,0.0017938203478760797
15.67,0.173,0.002045954755044497,0.0014664885724533208,0.0014664731536712927,0.0017938203478760797
15.67,0.173,0.0033607857462825456,0.0013055395472388227,0.001305516367315887,0.0017938203478760797
15.67,0.173,0.005520591696647901,0.0010768164132334407,0.0010767835833909365,0.0017938203478760797
15.67,0.173,0.009068395006973916,0.0007815236153658404,0.0007814845762183512,0.0017938203478760797
15.67,0.173,0.01489619093772919,0.0004595644724043673,0.00045952653284133044,0.0017938203478760797
15.67,0.173,0.024469214704767362,0.0001929025755034846,0.0001928775787657462,0.0017938203478760797
15.67,0.173,0.04019433362333615,4.80929990285087e-5,4.808342153788035e-5,0.0017938203478760797
15.67,0.173,0.06602518613354949,5.5676926433749524e-6,5.566070401513497e-6,0.0017938203478760797
15.67,0.173,0.1084562128786955,2.2356706150430183e-7,2.2347698766204187e-7,0.0017938203478760797
15.67,0.173,0.17815550096589414,2.342660514594732e-9,2.341441346550701e-9,0.0017938203478760797
15.67,0.173,0.292646974128703,5.2792529896061705e-12,5.275911971377956e-12,0.0017938203478760797
15.67,0.173,0.480716289995901,2.487222648443224e-15,2.4854313007767468e-15,0.0017938203478760797
15.67,0.173,0.789648183294706,2.8418267062133112e-19,2.839579411057097e-19,0.0017938203478760797
15.67,0.173,1.297114881182717,1.0263127708104038e-23,1.025453594723236e-23,0.0017938203478760797
15.67,0.173,2.1307045980472066,1.5730930252383578e-28,1.5718021834879791e-28,0.0017938203478760797
15.67,0.173,3.5000000000000004,1.3120568668501038e-33,1.3107072813481126e-33,0.0017938203478760797
15.67,0.173,3.8,1.6177223436439718e-34,1.6210121668267114e-34,0.0017938203478760797
15.67,0.173,3.98,2.2465376621234743e-35,2.2520172404094016e-35,0.0017938203478760797
15.67,0.173,3.9998,2.0683849246924338e-36,2.0734666051337844e-36,0.0017938203478760797
15.67,0.61,1.0000000000000001e-7,0.001964089079956158,0.001964089212965048,0.0019643050630008666
15.67,0.61,1.6426491045299075e-7,0.001963999355004706,0.001963999485357582,0.0019643050630008666
15.67,0.61,2.698296080612907e-7,0.0019638723523504177,0.0019638724791272107,0.0019643050630008666
15.67,0.61,4.432353640575351e-7,0.0019636925796300527,0.0019636927011366725,0.0019643050630008666
15.67,0.61,7.280801738650976e-7,0.0019634380998350223,0.001963438214053784,0.0019643050630008666
15.67,0.61,1.1959802456254818e-6,0.0019630778425468306,0.0019630779463744195,0.0019643050630008666
15.67,0.61,1.9645758795121526e-6,0.0019625677834003677,0.0019625678722768546,0.0019643050630008666
15.67,0.61,3.227108809261693e-6,0.0019618455028940266,0.0019618455712036432,0.0019643050630008666
15.67,0.61,5.301007395754297e-6,0.001960822409331667,0.0019608224470107735,0.0019643050630008666
15.67,0.61,8.707695051742211e-6,0.00195937256218741,0.0019593725584776444,0.0019643050630008666
15.67,0.61,1.4303687479263852e-5,0.001957316478005341,0.0019573164118188388,0.0019643050630008666
15.67,0.61,2.3495939429288417e-5,0.0019543973870184673,0.00195439723472485,0.0019643050630008666
15.67,0.61,3.8595583863609565e-5,0.001950245846308972,0.0019502455650156345,0.0019643050630008666
15.67,0.61,6.33990012723672e-5,0.0019443258655070037,0.0019443253960477254,0.0019643050630008666
15.67,0.61,0.00010414231266814445,0.0019358507866720576,0.0019358500389792953,0.0019643050630008666
15.67,0.61,0.00017106927664800093,0.0019236484326567757,0.0019236472433174668,0.0019643050630008666
15.67,0.61,0.00028100679409841776,0.0019059401413758057,0.0019059383009319033,0.0019643050630008666
15.67,0.61,0.00046159555869258604,0.0018799753152136467,0.001879972351559751,0.0019643050630008666
15.67,0.61,0.0007582395311413588,0.0018414359991329263,0.00184143135242857,0.0019643050630008666
15.67,0.61,0.00124552148684853,0.0017835227098274772,0.0017835151131034234,0.0019643050630008666
15.67,0.61,0.002045954755044497,0.001695753354790162,0.0016957412778598813,0.0019643050630008666
15.67,0.61,0.0033607857462825456,0.0015630188437309159,0.0015629998317878311,0.0019643050630008666
15.67,0.61,0.005520591696647901,0.0013668404398815557,0.0013668119065227645,0.0019643050630008666
15.67,0.61,0.009068395006973916,0.001093274804653465,0.0010932366221678193,0.0019643050630008666
15.67,0.61,0.01489619093772919,0.0007526624348036685,0.0007526178424882811,0.0019643050630008666
15.67,0.61,0.024469214704767362,0.0004042663864087141,0.00040422773936341896,0.0019643050630008666
15.67,0.61,0.04019433362333615,0.0001452803364369215,0.00014525779909670957,0.0019643050630008666
15.67,0.61,0.06602518613354949,2.7741241001432062e-5,2.7734579036970935e-5,0.0019643050630008666
15.67,0.61,0.1084562128786955,2.03175695119559e-6,2.0310210420090586e-6,0.0019643050630008666
15.67,0.61,0.17815550096589414,3.744322210016363e-8,3.742374777777678e-8,0.0019643050630008666
15.67,0.61,0.292646974128703,1.0810614521537407e-10,1.0803005372225456e-10,0.0019643050630008666
15.67,0.61,0.480716289995901,3.205743928516265e-14,3.20290184399097e-14,0.0019643050630008666
15.67,0.61,0.789648183294706,7.741930709754723e-19,7.733772586584683e-19,0.0019643050630008666
15.67,0.61,1.297114881182717,1.6035390231114922e-24,1.6016633800835518e-24,0.0019643050630008666
15.67,0.61,2.1307045980472066,3.896100651544998e-31,3.8913758078581923e-31,0.0019643050630008666
15.67,0.61,3.5000000000000004,1.7452963019249467e-38,1.7466704277395983e-38,0.0019643050630008666
15.67,0.61,3.8,8.782910223302962e-40,8.744433959693067e-40,0.0019643050630008666
15.67,0.61,3.98,7.922518518314745e-41,7.934994941312448e-41,0.0019643050630008666
15.67,0.61,3.9998,7.007991235239895e-42,7.025783255529736e-42,0.0019643050630008666
15.67,1.73,1.0000000000000001e-7,0.003462513016666945,0.003462513153811339,0.0034627626083879245
15.67,1.73,1.6426491045299075e-7,0.0034624093319394348,0.0034624094661909466,0.0034627626083879245
15.67,1.73,2.698296080612907e-7,0.0034622625724827754,0.0034622627024201206,0.0034627626083879245
15.67,1.73,4.432353640575351e-7,0.003462054840355651,0.0034620549644663492,0.0034627626083879245
15.67,1.73,7.280801738650976e-7,0.0034617607969614733,0.00346176091253209,0.0034627626083879245
15.67,1.73,1.1959802456254818e-6,0.0034613445647307356,0.0034613446684061606,0.0034627626083879245
15.67,1.73,1.9645758795121526e-6,0.003460755332196906,0.0034607554190477573,0.0034627626083879245
15.67,1.73,3.227108809261693e-6,0.003459921111683647,0.0034599211741464728,0.0034627626083879245
15.67,1.73,5.301007395754297e-6,0.0034587398547240625,0.0034587398838653825,0.0034627626083879245
15.67,1.73,8.707695051742211e-6,0.0034570667659531372,0.0034570667453045177,0.0034627626083879245
15.67,1.73,1.4303687479263852e-5,0.003454696098911925,0.003454696011085199,0.0034627626083879245
15.67,1.73,2.3495939429288417e-5,0.00345133483808636,0.003451334649234348,0.0034627626083879245
15.67,1.73,3.8595583863609565e-5,0.003446564234189731,0.0034465639055012826,0.0034627626083879245
15.67,1.73,6.33990012723672e-5,0.0034397827220141804,0.003439782185938664,0.0034627626083879245
15.67,1.73,0.00010414231266814445,0.0034301194836138904,0.0034301186432480098,0.0034627626083879245
15.67,1.73,0.00017106927664800093,0.0034163003058677423,0.0034162990214844182,0.0034627626083879245
15.67,1.73,0.00028100679409841776,0.0033964337967589586,0.0033964318056035506,0.0034627626083879245
15.67,1.73,0.00046159555869258604,0.0033676624967637265,0.0033676594746240808,0.0034627626083879245
15.67,1.73,0.0007582395311413588,0.0033255858407805045,0.0033255810468596422,0.0034627626083879245
15.67,1.73,0.00124552148684853,0.0032633129939103798,0.0032633055398300368,0.0034627626083879245
15.67,1.73,0.002045954755044497,0.003169977488683608,0.003169965401323667,0.0034627626083879245
15.67,1.73,0.0033607857462825456,0.0030286775508084674,0.0030286582824905106,0.0034627626083879245
15.67,1.73,0.005520591696647901,0.0028144840540923846,0.002814453617698795,0.0034627626083879245
15.67,1.73,0.009068395006973916,0.0024951977815666146,0.0024951512160632126,0.0034627626083879245
15.67,1.73,0.01489619093772919,0.002041708376191316,0.0020416444454503116,0.0034627626083879245
15.67,1.73,0.024469214704767362,0.0014581937968915514,0.001458115345381781,0.0034627626083879245
15.67,1.73,0.04019433362333615,0.000828841882002515,0.0008287690243530609,0.0034627626083879245
15.67,1.73,0.06602518613354949,0.0003228752457995904,0.00032282802049937156,0.0034627626083879245
15.67,1.73,0.1084562128786955,6.802839286371613e-5,6.801249847728108e-5,0.0034627626083879245
15.67,1.73,0.17815550096589414,5.383136795557611e-6,5.381138861503547e-6,0.0034627626083879245
15.67,1.73,0.292646974128703,9.321433122063406e-8,9.316096828339969e-8,0.0034627626083879245
15.67,1.73,0.480716289995901,1.6647386287101942e-10,1.6633251683080244e-10,0.0034627626083879245
15.67,1.73,0.789648183294706,1.1853040563923825e-14,1.1838818939203925e-14,0.0034627626083879245
15.67,1.73,1.297114881182717,1.2026583125215615e-20,1.2007546585507023e-20,0.0034627626083879245
15.67,1.73,2.1307045980472066,7.386009640359089e-29,7.370790749384625e-29,0.0034627626083879245
15.67,1.73,3.5000000000000004,1.867131438115587e-39,1.6908027506614977e-39,0.0034627626083879245
15.67,1.73,3.8,1.9116488175535084e-41,1.8805653770557325e-41,0.0034627626083879245
15.67,1.73,3.98,7.68944284974943e-43,9.282173641208067e-43,0.0034627626083879245
15.67,1.73,3.9998,6.327395991170175e-44,7.777401401138554e-44,0.0034627626083879245
15.67,4.71,1.0000000000000001e-7,0.011038020208701604,0.011038165102401347,0.011038458362310434
15.67,4.71,1.6426491045299075e-7,0.011037838194672819,0.011037983081240968,0.011038458362310434
15.67,4.71,2.698296080612907e-7,0.011037580568203085,0.011037725444299765,0.011038458362310434
15.67,4.71,4.432353640575351e-7,0.011037215916035617,0.011037360777764958,0.011038458362310434
15.67,4.71,7.280801738650976e-7,0.011036699771289937,0.011036844612249462,0.011038458362310434
15.67,4.71,1.1959802456254818e-6,0.011035969185246899,0.011036113997019918,0.011038458362310434
15.67,4.71,1.9645758795121526e-6,0.011034935036895135,0.011035079807583715,0.011038458362310434
15.67,4.71,3.227108809261693e-6,0.011033471131067557,0.011033615842391629,0.011038458362310434
15.67,4.71,5.301007395754297e-6,0.011031398729690578,0.011031543359413906,0.011038458362310434
15.67,4.71,8.707695051742211e-6,0.011028464570460767,0.01102860908013917,0.011038458362310434
15.67,4.71,1.4303687479263852e-5,0.011024309558078116,0.011024453903762005,0.011038458362310434
15.67,4.71,2.3495939429288417e-5,0.011018424007970332,0.011018568112712039,0.011038458362310434
15.67,4.71,3.8595583863609565e-5,0.011010083310624188,0.01101022707981106,0.011038458362310434
15.67,4.71,6.33990012723672e-5,0.010998254681152014,0.01099839796518341,0.011038458362310434
15.67,4.71,0.00010414231266814445,0.010981460367691022,0.010981602950329968,0.011038458362310434
15.67,4.71,0.00017106927664800093,0.010957573633324398,0.01095771521807576,0.011038458362310434
15.67,4.71,0.00028100679409841776,0.010923507860145381,0.01092364793039889,0.011038458362310434
15.67,4.71,0.00046159555869258604,0.010874730559988922,0.01087486847223767,0.011038458362310434
15.67,4.71,0.0007582395311413588,0.010804483319186415,0.010804617787642783,0.011038458362310434
15.67,4.71,0.00124552148684853,0.010702502072598855,0.010702631443749517,0.011038458362310434
15.67,4.71,0.002045954755044497,0.010552898600676637,0.010553019568902462,0.011038458362310434
15.67,4.71,0.0033607857462825456,0.01033070762149026,0.010330815296176838,0.011038458362310434
15.67,4.71,0.005520591696647901,0.009996589777525119,0.009996675948181735,0.011038458362310434
15.67,4.71,0.009068395006973916,0.009489900847410426,0.009489951709074629,0.011038458362310434
15.67,4.71,0.01489619093772919,0.00872337423351459,0.008723374185353211,0.011038458362310434
15.67,4.71,0.024469214704767362,0.007590983297710117,0.007590908012563246,0.011038458362310434
15.67,4.71,0.04019433362333615,0.006015425131693507,0.006015272359223865,0.011038458362310434
15.67,4.71,0.06602518613354949,0.004065932822338414,0.004065718304098398,0.011038458362310434
15.67,4.71,0.1084562128786955,0.0021025217152437544,0.0021023218388286605,0.011038458362310434
15.67,4.71,0.17815550096589414,0.0006960223235705222,0.0006959077618998478,0.011038458362310434
15.67,4.71,0.292646974128703,0.00011054703936758464,0.00011051674276199909,0.011038458362310434
15.67,4.71,0.480716289995901,5.310553866973469e-6,5.308227494546715e-6,0.011038458362310434
15.67,4.71,0.789648183294706,3.731597326695658e-8,3.729020783326792e-8,0.011038458362310434
15.67,4.71,1.297114881182717,1.256551636164037e-11,1.2552915328189156e-11,0.011038458362310434
15.67,4.71,2.1307045980472066,3.9075381094879616e-17,3.901429360761473e-17,0.011038458362310434
15.67,4.71,3.5000000000000004,1.1499157839445835e-25,1.0571848896183511e-25,0.011038458362310434
15.67,4.71,3.8,1.830713641332526e-27,1.791490583049307e-27,0.011038458362310434
15.67,4.71,3.98,8.71624828460618e-29,1.0185038420568455e-28,0.011038458362310434
15.67,4.71,3.9998,7.26535991228208e-30,8.631476993873715e-30,0.011038458362310434
