12.013,0.00113,1.0000000000000001e-7,6.506232501945398e-8,6.506239428044852e-8,6.506314839612105e-8
12.013,0.00113,1.6426491045299075e-7,6.506198298220063e-8,6.506205224353562e-8,6.506314839612105e-8
12.013,0.00113,2.698296080612907e-7,6.506149885924658e-8,6.506156812094671e-8,6.506314839612105e-8
12.013,0.00113,4.432353640575351e-7,6.506081362586101e-8,6.506088288784372e-8,6.506314839612105e-8
12.013,0.00113,7.280801738650976e-7,6.505984373627954e-8,6.505991299947611e-8,6.506314839612105e-8
12.013,0.00113,1.1959802456254818e-6,6.505847093520823e-8,6.505854019838932e-8,6.506314839612105e-8
12.013,0.00113,1.9645758795121526e-6,6.505652783396662e-8,6.505659710004217e-8,6.506314839612105e-8
12.013,0.00113,3.227108809261693e-6,6.505377748798254e-8,6.505384675413162e-8,6.506314839612105e-8
12.013,0.00113,5.301007395754297e-6,6.504988447483298e-8,6.504995374596758e-8,6.506314839612105e-8
12.013,0.00113,8.707695051742211e-6,6.504437392166612e-8,6.504444319524991e-8,6.506314839612105e-8
12.013,0.00113,1.4303687479263852e-5,6.503657342944469e-8,6.503664270888071e-8,6.506314839612105e-8
12.013,0.00113,2.3495939429288417e-5,6.502553068308284e-8,6.502559997343463e-8,6.506314839612105e-8
12.013,0.00113,3.8595583863609565e-5,6.500989640665958e-8,6.500996569996846e-8,6.506314839612105e-8
12.013,0.00113,6.33990012723672e-5,6.49877577252842e-8,6.49878270500266e-8,6.506314839612105e-8
12.013,0.00113,0.00010414231266814445,6.495640011605354e-8,6.495646943852296e-8,6.506314839612105e-8
12.013,0.00113,0.00017106927664800093,6.491196557784856e-8,6.491203496748557e-8,6.506314839612105e-8
12.013,0.00113,0.00028100679409841776,6.484895794581512e-8,6.484902734539888e-8,6.506314839612105e-8
12.013,0.00113,0.00046159555869258604,6.475951887157086e-8,6.475958837550677e-8,6.506314839612105e-8
12.013,0.00113,0.0007582395311413588,6.463235138539678e-8,6.463242098223848e-8,6.506314839612105e-8
12.013,0.00113,0.00124552148684853,6.445108630455298e-8,6.445115600061387e-8,6.506314839612105e-8
12.013,0.00113,0.002045954755044497,6.419174130508979e-8,6.419181139754418e-8,6.506314839612105e-8
12.013,0.00113,0.0033607857462825456,6.381866452805627e-8,6.381873456373094e-8,6.506314839612105e-8
12.013,0.00113,0.005520591696647901,6.327791361777916e-8,6.327798495912132e-8,6.506314839612105e-8
12.013,0.00113,0.009068395006973916,6.248633564834609e-8,6.248640665414061e-8,6.506314839612105e-8
12.013,0.00113,0.01489619093772919,6.131378294112405e-8,6.131385719079221e-8,6.506314839612105e-8
12.013,0.00113,0.024469214704767362,5.955569223850627e-8,5.9555767012711896e-8,6.506314839612105e-8
12.013,0.00113,0.04019433362333615,5.689645640456647e-8,5.6896535532192174e-8,6.506314839612105e-8
12.013,0.00113,0.06602518613354949,5.28780862652113e-8,5.287817162016013e-8,6.506314839612105e-8
12.013,0.00113,0.1084562128786955,4.692750701636095e-8,4.69275876848009e-8,6.506314839612105e-8
12.013,0.00113,0.17815550096589414,3.856579680589825e-8,3.856588772686918e-8,6.506314839612105e-8
12.013,0.00113,0.292646974128703,2.794985710712487e-8,2.7949917190346818e-8,6.506314839612105e-8
12.013,0.00113,0.480716289995901,1.659681400820737e-8,1.6596854376523916e-8,6.506314839612105e-8
12.013,0.00113,0.789648183294706,7.289195188194202e-9,7.289205692924443e-9,6.506314839612105e-8
12.013,0.00113,1.297114881182717,2.0837168233711806e-9,2.0837167757586343e-9,6.506314839612105e-8
12.013,0.00113,2.1307045980472066,3.3662112755558036e-10,3.36625634087081e-10,6.506314839612105e-8
12.013,0.00113,3.5000000000000004,2.2266341401251766e-11,2.2268828555613243e-11,6.506314839612105e-8
12.013,0.00113,3.8,9.844481725150678e-12,9.845851676814051e-12,6.506314839612105e-8
12.013,0.00113,3.98,2.5481047011839583e-12,2.54853601617341e-12,6.506314839612105e-8
12.013,0.00113,3.9998,2.4941984927886893e-13,2.494627006425326e-13,6.506314839612105e-8
12.013,0.0037,1.0000000000000001e-7,6.506388166974759e-8,6.50639508254779e-8,6.506470402218883e-8
12.013,0.0037,1.6426491045299075e-7,6.506354005796729e-8,6.506360921067414e-8,6.506470402218883e-8
12.013,0.0037,2.698296080612907e-7,6.506305653723397e-8,6.506312568630357e-8,6.506470402218883e-8
12.013,0.0037,4.432353640575351e-7,6.506237215624314e-8,6.506244129914595e-8,6.506470402218883e-8
12.013,0.0037,7.280801738650976e-7,6.506140347316406e-8,6.506147260875324e-8,6.506470402218883e-8
12.013,0.0037,1.1959802456254818e-6,6.506003237982371e-8,6.506010150346799e-8,6.506470402218883e-8
12.013,0.0037,1.9645758795121526e-6,6.50580916958066e-8,6.505816080394516e-8,6.506470402218883e-8
12.013,0.0037,3.227108809261693e-6,6.505534477138674e-8,6.505541385702173e-8,6.506470402218883e-8
12.013,0.0037,5.301007395754297e-6,6.505145660162155e-8,6.505152565390471e-8,6.506470402218883e-8
12.013,0.0037,8.707695051742211e-6,6.504595290491487e-8,6.504602191479976e-8,6.506470402218883e-8
12.013,0.0037,1.4303687479263852e-5,6.503816211990042e-8,6.503823105966897e-8,6.506470402218883e-8
12.013,0.0037,2.3495939429288417e-5,6.502713311897079e-8,6.502720197615975e-8,6.506470402218883e-8
12.013,0.0037,3.8595583863609565e-5,6.501151831113974e-8,6.501158702830903e-8,6.506470402218883e-8
12.013,0.0037,6.33990012723672e-5,6.498940721582779e-8,6.498947576191131e-8,6.506470402218883e-8
12.013,0.0037,0.00010414231266814445,6.495808872033563e-8,6.495815699753722e-8,6.506470402218883e-8
12.013,0.0037,0.00017106927664800093,6.491370969802249e-8,6.491377760449449e-8,6.506470402218883e-8
12.013,0.0037,0.00028100679409841776,6.485078098929349e-8,6.485084838455806e-8,6.506470402218883e-8
12.013,0.0037,0.00046159555869258604,6.476145439406281e-8,6.476152097332086e-8,6.506470402218883e-8
12.013,0.0037,0.0007582395311413588,6.463444781289457e-8,6.463451339326853e-8,6.506470402218883e-8
12.013,0.0037,0.00124552148684853,6.445341419278001e-8,6.445347798182516e-8,6.506470402218883e-8
12.013,0.0037,0.002045954755044497,6.419440479476107e-8,6.419446645918368e-8,6.506470402218883e-8
12.013,0.0037,0.0033607857462825456,6.382181988126167e-8,6.382187761508287e-8,6.506470402218883e-8
12.013,0.0037,0.005520591696647901,6.328179974571181e-8,6.328185224684201e-8,6.506470402218883e-8
12.013,0.0037,0.009068395006973916,6.24913244208007e-8,6.249136805263e-8,6.506470402218883e-8
12.013,0.0037,0.01489619093772919,6.132045961177752e-8,6.132048841592155e-8,6.506470402218883e-8
12.013,0.0037,0.024469214704767362,5.956497298266164e-8,5.9564981121249056e-8,6.506470402218883e-8
12.013,0.0037,0.04019433362333615,5.690972350028953e-8,5.690968929188203e-8,6.506470402218883e-8
12.013,0.0037,0.06602518613354949,5.289723177868253e-8,5.289715037978301e-8,6.506470402218883e-8
12.013,0.0037,0.1084562128786955,4.6954568486069076e-8,4.69543958448274e-8,6.506470402218883e-8
12.013,0.0037,0.17815550096589414,3.860160694137811e-8,3.860135524232664e-8,6.506470402218883e-8
12.013,0.0037,0.292646974128703,2.7991437279605542e-8,2.7991108896918996e-8,6.506470402218883e-8
12.013,0.0037,0.480716289995901,1.663552576472684e-8,1.663520489546779e-8,6.506470402218883e-8
12.013,0.0037,0.789648183294706,7.314829663234896e-9,7.314614590016338e-9,6.506470402218883e-8
12.013,0.0037,1.297114881182717,2.0941398905474654e-9,2.0940597349483734e-9,6.506470402218883e-8
12.013,0.0037,2.1307045980472066,3.388320240194363e-10,3.388214587909487e-10,6.506470402218883e-8
12.013,0.0037,3.5000000000000004,2.2439161845778495e-11,2.2441369385042698e-11,6.506470402218883e-8
12.013,0.0037,3.8,9.922100103509195e-12,9.92337168687574e-12,6.506470402218883e-8
12.013,0.0037,3.98,2.56834243034742e-12,2.5687567412713008e-12,6.506470402218883e-8
12.013,0.0037,3.9998,2.514022325274769e-13,2.514438154713445e-13,6.506470402218883e-8
12.013,0.0127,1.0000000000000001e-7,6.507580580463718e-8,6.507587458893375e-8,6.507662468219673e-8
12.013,0.0127,1.6426491045299075e-7,6.50754656363555e-8,6.50755344180312e-8,6.507662468219673e-8
12.013,0.0127,2.698296080612907e-7,6.50749841587711e-8,6.507505293612693e-8,6.507662468219673e-8
12.013,0.0127,4.432353640575351e-7,6.507430266969268e-8,6.507437144195686e-8,6.507662468219673e-8
12.013,0.0127,7.280801738650976e-7,6.507333807990463e-8,6.507340684355332e-8,6.507662468219673e-8
12.013,0.0127,1.1959802456254818e-6,6.507197278037083e-8,6.507204153352806e-8,6.507662468219673e-8
12.013,0.0127,1.9645758795121526e-6,6.507004029725675e-8,6.507010903395992e-8,6.507662468219673e-8
12.013,0.0127,3.227108809261693e-6,6.506730498116423e-8,6.506737369538798e-8,6.507662468219673e-8
12.013,0.0127,5.301007395754297e-6,6.50634332435459e-8,6.506350192687973e-8,6.507662468219673e-8
12.013,0.0127,8.707695051742211e-6,6.505795280878407e-8,6.505802144399593e-8,6.507662468219673e-8
12.013,0.0127,1.4303687479263852e-5,6.505019495754087e-8,6.505026353403084e-8,6.507662468219673e-8
12.013,0.0127,2.3495939429288417e-5,6.503921259111689e-8,6.503928106827593e-8,6.507662468219673e-8
12.013,0.0127,3.8595583863609565e-5,6.502366383535522e-8,6.502373219547564e-8,6.507662468219673e-8
12.013,0.0127,6.33990012723672e-5,6.500164633366932e-8,6.50017144990549e-8,6.507662468219673e-8
12.013,0.0127,0.00010414231266814445,6.49704605450197e-8,6.497052846242088e-8,6.507662468219673e-8
12.013,0.0127,0.00017106927664800093,6.492626988463473e-8,6.492633743063335e-8,6.507662468219673e-8
12.013,0.0127,0.00028100679409841776,6.486360896917793e-8,6.486367597206473e-8,6.507662468219673e-8
12.013,0.0127,0.00046159555869258604,6.47746640499255e-8,6.477473034154446e-8,6.507662468219673e-8
12.013,0.0127,0.0007582395311413588,6.464820352476568e-8,6.464826861563185e-8,6.507662468219673e-8
12.013,0.0127,0.00124552148684853,6.446795552259676e-8,6.446801918327314e-8,6.507662468219673e-8
12.013,0.0127,0.002045954755044497,6.42100854681354e-8,6.421014648381572e-8,6.507662468219673e-8
12.013,0.0127,0.0033607857462825456,6.383917091851512e-8,6.383922870221813e-8,6.507662468219673e-8
12.013,0.0127,0.005520591696647901,6.330163351623048e-8,6.330168539579235e-8,6.507662468219673e-8
12.013,0.0127,0.009068395006973916,6.251490623677308e-8,6.251494955944755e-8,6.507662468219673e-8
12.013,0.0127,0.01489619093772919,6.134978214278562e-8,6.134981186267622e-8,6.507662468219673e-8
12.013,0.0127,0.024469214704767362,5.96031572257038e-8,5.9603161906072443e-8,6.507662468219673e-8
12.013,0.0127,0.04019433362333615,5.69614790550004e-8,5.696145203172322e-8,6.507662468219673e-8
12.013,0.0127,0.06602518613354949,5.2969001013481025e-8,5.296890834151544e-8,6.507662468219673e-8
12.013,0.0127,0.1084562128786955,4.705326593172635e-8,4.705310753088702e-8,6.507662468219673e-8
12.013,0.0127,0.17815550096589414,3.8729962951786516e-8,3.872970051280558e-8,6.507662468219673e-8
12.013,0.0127,0.292646974128703,2.813900514440008e-8,2.8138681249303484e-8,6.507662468219673e-8
12.013,0.0127,0.480716289995901,1.677228263300135e-8,1.677196290353337e-8,6.507662468219673e-8
12.013,0.0127,0.789648183294706,7.405313762079899e-9,7.405097354242956e-9,6.507662468219673e-8
12.013,0.0127,1.297114881182717,2.130997903067246e-9,2.130914863229952e-9,6.507662468219673e-8
12.013,0.0127,2.1307045980472066,3.4667625343704973e-10,3.4666775758632053e-10,6.507662468219673e-8
12.013,0.0127,3.5000000000000004,2.3054408899483105e-11,2.3056359053078798e-11,6.507662468219673e-8
12.013,0.0127,3.8,1.0198546146330188e-11,1.0199980152787777e-11,6.507662468219673e-8
12.013,0.0127,3.98,2.6404373111618056e-12,2.640862133898746e-12,6.507662468219673e-8
12.013,0.0127,3.9998,2.584644348157789e-13,2.5850658372559604e-13,6.507662468219673e-8
12.013,0.047,1.0000000000000001e-7,6.521108561627323e-8,6.521115300623807e-8,6.521189277484788e-8
12.013,0.047,1.6426491045299075e-7,6.521075031616948e-8,6.521081770335592e-8,6.521189277484788e-8
12.013,0.047,2.698296080612907e-7,6.521027572907651e-8,6.521034311226249e-8,6.521189277484788e-8
12.013,0.047,4.432353640575351e-7,6.520960399293603e-8,6.520967137090461e-8,6.521189277484788e-8
12.013,0.047,7.280801738650976e-7,6.520865320772836e-8,6.520872057722838e-8,6.521189277484788e-8
12.013,0.047,1.1959802456254818e-6,6.520730744776443e-8,6.520737480721418e-8,6.521189277484788e-8
12.013,0.047,1.9645758795121526e-6,6.520540262217935e-8,6.520546996456254e-8,6.521189277484788e-8
12.013,0.047,3.227108809261693e-6,6.52027064552485e-8,6.520277377714392e-8,6.521189277484788e-8
12.013,0.047,5.301007395754297e-6,6.519889013538845e-8,6.519895742448711e-8,6.521189277484788e-8
12.013,0.047,8.707695051742211e-6,6.519348815255692e-8,6.51935553979085e-8,6.521189277484788e-8
12.013,0.047,1.4303687479263852e-5,6.518584137313227e-8,6.518590855681943e-8,6.521189277484788e-8
12.013,0.047,2.3495939429288417e-5,6.517501628818025e-8,6.517508337780697e-8,6.521189277484788e-8
12.013,0.047,3.8595583863609565e-5,6.515969030879582e-8,6.515975728162476e-8,6.521189277484788e-8
12.013,0.047,6.33990012723672e-5,6.513798848857196e-8,6.51380552648166e-8,6.521189277484788e-8
12.013,0.047,0.00010414231266814445,6.510725033923222e-8,6.510731688455322e-8,6.521189277484788e-8
12.013,0.047,0.00017106927664800093,6.506369512528053e-8,6.506376127930071e-8,6.521189277484788e-8
12.013,0.047,0.00028100679409841776,6.500193778764324e-8,6.500200345247525e-8,6.521189277484788e-8
12.013,0.047,0.00046159555869258604,6.491428107409353e-8,6.491434597976187e-8,6.521189277484788e-8
12.013,0.047,0.0007582395311413588,6.478966436707557e-8,6.47897281782384e-8,6.521189277484788e-8
12.013,0.047,0.00124552148684853,6.461207083359527e-8,6.461213315677819e-8,6.521189277484788e-8
12.013,0.047,0.002045954755044497,6.435805410589224e-8,6.435811387157231e-8,6.521189277484788e-8
12.013,0.047,0.0033607857462825456,6.3992796370468e-8,6.399285303319847e-8,6.521189277484788e-8
12.013,0.047,0.005520591696647901,6.346368179925326e-8,6.346373229446405e-8,6.521189277484788e-8
12.013,0.047,0.009068395006973916,6.268969768559887e-8,6.268974071354334e-8,6.521189277484788e-8
12.013,0.047,0.01489619093772919,6.154413916746286e-8,6.154416717422615e-8,6.521189277484788e-8
12.013,0.047,0.024469214704767362,5.982778776036448e-8,5.982779453351406e-8,6.521189277484788e-8
12.013,0.047,0.04019433362333615,5.723255097851817e-8,5.72325225562663e-8,6.521189277484788e-8
12.013,0.047,0.06602518613354949,5.3308566354449326e-8,5.330847856209532e-8,6.521189277484788e-8
12.013,0.047,0.1084562128786955,4.748464942656827e-8,4.748449366652457e-8,6.521189277484788e-8
12.013,0.047,0.17815550096589414,3.9260976248386134e-8,3.926071391032064e-8,6.521189277484788e-8
12.013,0.047,0.292646974128703,2.8729495970600897e-8,2.8729177961918053e-8,6.521189277484788e-8
12.013,0.047,0.480716289995901,1.7310802360774426e-8,1.731047771766251e-8,6.521189277484788e-8
12.013,0.047,0.789648183294706,7.76059170934602e-9,7.760370099115225e-9,6.521189277484788e-8
12.013,0.047,1.297114881182717,2.2766871640774794e-9,2.2766025378373705e-9,6.521189277484788e-8
12.013,0.047,2.1307045980472066,3.7806695723514645e-10,3.78056853904147e-10,6.521189277484788e-8
12.013,0.047,3.5000000000000004,2.5547912222272844e-11,2.5550082865640353e-11,6.521189277484788e-8
12.013,0.047,3.8,1.132080126259423e-11,1.1322343997514927e-11,6.521189277484788e-8
12.013,0.047,3.98,2.933358572405702e-12,2.9338128745015284e-12,6.521189277484788e-8
12.013,0.047,3.9998,2.8716060436165814e-13,2.87205834944691e-13,6.521189277484788e-8
12.013,0.173,1.0000000000000001e-7,6.682331435102495e-8,6.682337810118804e-8,6.682409615311934e-8
12.013,0.173,1.6426491045299075e-7,6.682298958426152e-8,6.68230533320108e-8,6.682409615311934e-8
12.013,0.173,2.698296080612907e-7,6.682252990623703e-8,6.682259364999328e-8,6.682409615311934e-8
12.013,0.173,4.432353640575351e-7,6.682187927273877e-8,6.682194301140423e-8,6.682409615311934e-8
12.013,0.173,7.280801738650976e-7,6.682095835691805e-8,6.68210220880493e-8,6.682409615311934e-8
12.013,0.173,1.1959802456254818e-6,6.681965487558542e-8,6.68197185957577e-8,6.682409615311934e-8
12.013,0.173,1.9645758795121526e-6,6.681780989445248e-8,6.681787360047189e-8,6.682409615311934e-8
12.013,0.173,3.227108809261693e-6,6.681519843865235e-8,6.68152621215182e-8,6.682409615311934e-8
12.013,0.173,5.301007395754297e-6,6.681150203535055e-8,6.681156569087072e-8,6.682409615311934e-8
12.013,0.173,8.707695051742211e-6,6.680626981965686e-8,6.680633342868412e-8,6.682409615311934e-8
12.013,0.173,1.4303687479263852e-5,6.679886341337668e-8,6.679892696636377e-8,6.682409615311934e-8
12.013,0.173,2.3495939429288417e-5,6.678837874559021e-8,6.678844220938034e-8,6.682409615311934e-8
12.013,0.173,3.8595583863609565e-5,6.677353503204104e-8,6.677359837566787e-8,6.682409615311934e-8
12.013,0.173,6.33990012723672e-5,6.67525168091052e-8,6.675257998481627e-8,6.682409615311934e-8
12.013,0.173,0.00010414231266814445,6.672274848413042e-8,6.672281140026519e-8,6.682409615311934e-8
12.013,0.173,0.00017106927664800093,6.668057105780386e-8,6.66806336539108e-8,6.682409615311934e-8
12.013,0.173,0.00028100679409841776,6.662077527391352e-8,6.662083732248558e-8,6.682409615311934e-8
12.013,0.173,0.00046159555869258604,6.653592040218294e-8,6.653598180753103e-8,6.682409615311934e-8
12.013,0.173,0.0007582395311413588,6.641532560307801e-8,6.641538589406911e-8,6.682409615311934e-8
12.013,0.173,0.00124552148684853,6.624354722949741e-8,6.624360610524692e-8,6.682409615311934e-8
12.013,0.173,0.002045954755044497,6.599802460571382e-8,6.599808122055523e-8,6.682409615311934e-8
12.013,0.173,0.0033607857462825456,6.564534396176163e-8,6.564539714681533e-8,6.682409615311934e-8
12.013,0.173,0.005520591696647901,6.513516690465426e-8,6.513521531860982e-8,6.682409615311934e-8
12.013,0.173,0.009068395006973916,6.439022299481735e-8,6.439026232074227e-8,6.682409615311934e-8
12.013,0.173,0.01489619093772919,6.328991038936197e-8,6.328993868534118e-8,6.682409615311934e-8
12.013,0.173,0.024469214704767362,6.164452848417415e-8,6.164453243059758e-8,6.682409615311934e-8
12.013,0.173,0.04019433362333615,5.915916616831321e-8,5.915914118165299e-8,6.682409615311934e-8
12.013,0.173,0.06602518613354949,5.5397055489187915e-8,5.5396973428242875e-8,6.682409615311934e-8
12.013,0.173,0.1084562128786955,4.978484973492694e-8,4.9784695946431295e-8,6.682409615311934e-8
12.013,0.173,0.17815550096589414,4.176900792112494e-8,4.176876584177438e-8,6.682409615311934e-8
12.013,0.173,0.292646974128703,3.1288888655941355e-8,3.128856075187273e-8,6.682409615311934e-8
12.013,0.173,0.480716289995901,1.9540481593024845e-8,1.954015404838114e-8,6.682409615311934e-8
12.013,0.173,0.789648183294706,9.219980191108642e-9,9.219741806004067e-9,6.682409615311934e-8
12.013,0.173,1.297114881182717,2.8893743272901182e-9,2.8892741703823713e-9,6.682409615311934e-8
12.013,0.173,2.1307045980472066,5.16027435532989e-10,5.160170528236495e-10,6.682409615311934e-8
12.013,0.173,3.5000000000000004,3.7032179553258665e-11,3.703530142717239e-11,6.682409615311934e-8
12.013,0.173,3.8,1.6522050990665896e-11,1.6524193789819522e-11,6.682409615311934e-8
12.013,0.173,3.98,4.2952871030947265e-12,4.295958619035228e-12,6.682409615311934e-8
12.013,0.173,3.9998,4.206262166387276e-13,4.2069280916829113e-13,6.682409615311934e-8
12.013,0.61,1.0000000000000001e-7,8.315624423131705e-8,8.315630252426544e-8,8.315707529518901e-8
12.013,0.61,1.6426491045299075e-7,8.3155899000965e-8,8.315595725728735e-8,8.315707529518901e-8
12.013,0.61,2.698296080612907e-7,8.31554103587668e-8,8.315546861260379e-8,8.315707529518901e-8
12.013,0.61,4.432353640575351e-7,8.315471872948324e-8,8.315477697823368e-8,8.315707529518901e-8
12.013,0.61,7.280801738650976e-7,8.315373978865709e-8,8.315379802914652e-8,8.315707529518901e-8
12.013,0.61,1.1959802456254818e-6,8.31523541799823e-8,8.315241240964463e-8,8.315707529518901e-8
12.013,0.61,1.9645758795121526e-6,8.315039295906104e-8,8.315045117320837e-8,8.315707529518901e-8
12.013,0.61,3.227108809261693e-6,8.314761698547481e-8,8.314767517631119e-8,8.315707529518901e-8
12.013,0.61,5.301007395754297e-6,8.314368774285903e-8,8.314374590447763e-8,8.315707529518901e-8
12.013,0.61,8.707695051742211e-6,8.313812601143691e-8,8.313818412422655e-8,8.315707529518901e-8
12.013,0.61,1.4303687479263852e-5,8.313025331326538e-8,8.313031136895283e-8,8.315707529518901e-8
12.013,0.61,2.3495939429288417e-5,8.31191088972684e-8,8.311916685612866e-8,8.315707529518901e-8
12.013,0.61,3.8595583863609565e-5,8.310333192901522e-8,8.310338976905038e-8,8.315707529518901e-8
12.013,0.61,6.33990012723672e-5,8.308099403697519e-8,8.308105169247007e-8,8.315707529518901e-8
12.013,0.61,0.00010414231266814445,8.304936070560724e-8,8.304941810418954e-8,8.315707529518901e-8
12.013,0.61,0.00017106927664800093,8.300454997235191e-8,8.300460702319503e-8,8.315707529518901e-8
12.013,0.61,0.00028100679409841776,8.294104136111535e-8,8.294109785502806e-8,8.315707529518901e-8
12.013,0.61,0.00046159555869258604,8.285096315702889e-8,8.28510189799109e-8,8.315707529518901e-8
12.013,0.61,0.0007582395311413588,8.272304494590102e-8,8.272309959004046e-8,8.315707529518901e-8
12.013,0.61,0.00124552148684853,8.254105160675789e-8,8.254110485905284e-8,8.315707529518901e-8
12.013,0.61,0.002045954755044497,8.228139014428794e-8,8.228144095535015e-8,8.315707529518901e-8
12.013,0.61,0.0033607857462825456,8.190935799734337e-8,8.190940557805964e-8,8.315707529518901e-8
12.013,0.61,0.005520591696647901,8.137310862354877e-8,8.137315106270142e-8,8.315707529518901e-8
12.013,0.61,0.009068395006973916,8.059375059250257e-8,8.059378458769738e-8,8.315707529518901e-8
12.013,0.61,0.01489619093772919,7.944901610299333e-8,7.944903867466738e-8,8.315707529518901e-8
12.013,0.61,0.024469214704767362,7.774690741920448e-8,7.774690630454809e-8,8.315707529518901e-8
12.013,0.61,0.04019433362333615,7.518615030847367e-8,7.51861216732394e-8,8.315707529518901e-8
12.013,0.61,0.06602518613354949,7.13071007466463e-8,7.130701162732137e-8,8.315707529518901e-8
12.013,0.61,0.1084562128786955,6.546222292660131e-8,6.546206676572743e-8,8.315707529518901e-8
12.013,0.61,0.17815550096589414,5.6898978158758206e-8,5.689871407704233e-8,8.315707529518901e-8
12.013,0.61,0.292646974128703,4.514435291029278e-8,4.5143989286137514e-8,8.315707529518901e-8
12.013,0.61,0.480716289995901,3.0848772357894225e-8,3.0848370917262095e-8,8.315707529518901e-8
12.013,0.61,0.789648183294706,1.662891915399336e-8,1.6628585330971764e-8,8.315707529518901e-8
12.013,0.61,1.297114881182717,6.246123821401673e-9,6.245961128703513e-9,8.315707529518901e-8
12.013,0.61,2.1307045980472066,1.3852498389396354e-9,1.385231913037562e-9,8.315707529518901e-8
12.013,0.61,3.5000000000000004,1.2194947144755493e-10,1.2195724799868975e-10,8.315707529518901e-8
12.013,0.61,3.8,5.587092443547203e-11,5.587697363858232e-11,8.315707529518901e-8
12.013,0.61,3.98,1.4721547898403245e-11,1.4723318645192656e-11,8.315707529518901e-8
12.013,0.61,3.9998,1.4436242022323182e-12,1.443799292116058e-12,8.315707529518901e-8
12.013,1.73,1.0000000000000001e-7,1.8038564125430182e-7,1.80385611192646e-7,1.803875946588329e-7
12.013,1.73,1.6426491045299075e-7,1.8038563404863455e-7,1.8038560379036025e-7,1.803875946588329e-7
12.013,1.73,2.698296080612907e-7,1.803848195958713e-7,1.803847895462911e-7,1.803875946588329e-7
12.013,1.73,4.432353640575351e-7,1.8038366681179353e-7,1.8038363673413318e-7,1.803875946588329e-7
12.013,1.73,7.280801738650976e-7,1.8038203514870728e-7,1.8038200505905402e-7,1.803875946588329e-7
12.013,1.73,1.1959802456254818e-6,1.803797256711593e-7,1.8037969556232501e-7,1.803875946588329e-7
12.013,1.73,1.9645758795121526e-6,1.8037645679697993e-7,1.8037642666233274e-7,1.803875946588329e-7
12.013,1.73,3.227108809261693e-6,1.8037182995539658e-7,1.8037179978480737e-7,1.803875946588329e-7
12.013,1.73,5.301007395754297e-6,1.8036528096641448e-7,1.8036525074037754e-7,1.803875946588329e-7
12.013,1.73,8.707695051742211e-6,1.8035601119324735e-7,1.8035598089923496e-7,1.803875946588329e-7
12.013,1.73,1.4303687479263852e-5,1.8034289002702312e-7,1.803428596179977e-7,1.803875946588329e-7
12.013,1.73,2.3495939429288417e-5,1.8032431670728614e-7,1.8032428616384868e-7,1.803875946588329e-7
12.013,1.73,3.8595583863609565e-5,1.8029802438615533e-7,1.8029799361701857e-7,1.803875946588329e-7
12.013,1.73,6.33990012723672e-5,1.8026080198958753e-7,1.8026077093767758e-7,1.803875946588329e-7
12.013,1.73,0.00010414231266814445,1.802080987010406e-7,1.8020806722121224e-7,1.803875946588329e-7
12.013,1.73,0.00017106927664800093,1.8013345999800835e-7,1.8013342790503057e-7,1.803875946588329e-7
12.013,1.73,0.00028100679409841776,1.800277201061471e-7,1.8002768720626108e-7,1.803875946588329e-7
12.013,1.73,0.00046159555869258604,1.7987783825008408e-7,1.7987780402645585e-7,1.803875946588329e-7
12.013,1.73,0.0007582395311413588,1.7966520566391053e-7,1.7966516986987784e-7,1.803875946588329e-7
12.013,1.73,0.00124552148684853,1.793631493095042e-7,1.7936311074024207e-7,1.803875946588329e-7
12.013,1.73,0.002045954755044497,1.789331835318462e-7,1.7893314164873447e-7,1.803875946588329e-7
12.013,1.73,0.0033607857462825456,1.7831925123466474e-7,1.7831920363663202e-7,1.803875946588329e-7
12.013,1.73,0.005520591696647901,1.774386432472518e-7,1.7743858783355333e-7,1.803875946588329e-7
12.013,1.73,0.009068395006973916,1.7616731492232197e-7,1.76167247495313e-7,1.803875946588329e-7
12.013,1.73,0.01489619093772919,1.7431571689102888e-7,1.7431562886743658e-7,1.803875946588329e-7
12.013,1.73,0.024469214704767362,1.7158897050048698e-7,1.7158885579644104e-7,1.803875946588329e-7
12.013,1.73,0.04019433362333615,1.6752316978924252e-7,1.6752299820137785e-7,1.803875946588329e-7
12.013,1.73,0.06602518613354949,1.6139211112702106e-7,1.6139187566331072e-7,1.803875946588329e-7
12.013,1.73,0.1084562128786955,1.5209936798702084e-7,1.5209899543680144e-7,1.803875946588329e-7
12.013,1.73,0.17815550096589414,1.3814093315067841e-7,1.3814041421816335e-7,1.803875946588329e-7
12.013,1.73,0.292646974128703,1.1788717631807358e-7,1.1788645132680819e-7,1.803875946588329e-7
12.013,1.73,0.480716289995901,9.06419732816909e-8,9.064109695882249e-8,1.803875946588329e-7
12.013,1.73,0.789648183294706,5.870390858126434e-8,5.87030906626195e-8,1.803875946588329e-7
12.013,1.73,1.297114881182717,2.8857172176685005e-8,2.885665495856549e-8,1.803875946588329e-7
12.013,1.73,2.1307045980472066,9.164392562400341e-9,9.164258767498464e-9,1.803875946588329e-7
12.013,1.73,3.5000000000000004,1.2040977441626544e-9,1.204142105372868e-9,1.803875946588329e-7
12.013,1.73,3.8,5.860365460447566e-10,5.860602868746987e-10,1.803875946588329e-7
12.013,1.73,3.98,1.5944643258345747e-10,1.5945589162684775e-10,1.803875946588329e-7
12.013,1.73,3.9998,1.5687943207499366e-11,1.5688910650559855e-11,1.803875946588329e-7
12.013,4.71,1.0000000000000001e-7,7.576805697669548e-7,7.576878932310984e-7,7.576883319316287e-7
12.013,4.71,1.6426491045299075e-7,7.576805697669548e-7,7.576878932310984e-7,7.576883319316287e-7
12.013,4.71,2.698296080612907e-7,7.576802047119856e-7,7.576875243919992e-7,7.576883319316287e-7
12.013,4.71,4.432353640575351e-7,7.576768286018642e-7,7.576841520164811e-7,7.576883319316287e-7
12.013,4.71,7.280801738650976e-7,7.576720500243191e-7,7.576793733457906e-7,7.576883319316287e-7
12.013,4.71,1.1959802456254818e-6,7.576652863747067e-7,7.576726095787159e-7,7.576883319316287e-7
12.013,4.71,1.9645758795121526e-6,7.576557130174595e-7,7.576630360579176e-7,7.576883319316287e-7
12.013,4.71,3.227108809261693e-6,7.576421627278802e-7,7.576494855410599e-7,7.576883319316287e-7
12.013,4.71,5.301007395754297e-6,7.576229833392936e-7,7.57630305814305e-7,7.576883319316287e-7
12.013,4.71,8.707695051742211e-6,7.575958362050104e-7,7.576031582354378e-7,7.576883319316287e-7
12.013,4.71,1.4303687479263852e-5,7.575574108230758e-7,7.575647321675398e-7,7.576883319316287e-7
12.013,4.71,2.3495939429288417e-5,7.5750302064571e-7,7.575103411006458e-7,7.576883319316287e-7
12.013,4.71,3.8595583863609565e-5,7.574260303701329e-7,7.574333494700227e-7,7.576883319316287e-7
12.013,4.71,6.33990012723672e-5,7.573170439165188e-7,7.573243611890213e-7,7.576883319316287e-7
12.013,4.71,0.00010414231266814445,7.5716275188452e-7,7.571700665181004e-7,7.576883319316287e-7
12.013,4.71,0.00017106927664800093,7.569442929688132e-7,7.569516038059717e-7,7.576883319316287e-7
12.013,4.71,0.00028100679409841776,7.56634918280189e-7,7.56642223976472e-7,7.576883319316287e-7
12.013,4.71,0.00046159555869258604,7.561966485359823e-7,7.562039463863699e-7,7.576883319316287e-7
12.013,4.71,0.0007582395311413588,7.55575460372597e-7,7.555827480379424e-7,7.576883319316287e-7
12.013,4.71,0.00124552148684853,7.546942911480434e-7,7.547015628985885e-7,7.576883319316287e-7
12.013,4.71,0.002045954755044497,7.534427402191198e-7,7.534499910581056e-7,7.576883319316287e-7
12.013,4.71,0.0033607857462825456,7.516616350630203e-7,7.516688539659355e-7,7.576883319316287e-7
12.013,4.71,0.005520591696647901,7.491193745950375e-7,7.491265486089718e-7,7.576883319316287e-7
12.013,4.71,0.009068395006973916,7.454747170051242e-7,7.4548182628881e-7,7.576883319316287e-7
12.013,4.71,0.01489619093772919,7.402167247349486e-7,7.402237325041332e-7,7.576883319316287e-7
12.013,4.71,0.024469214704767362,7.325659753351855e-7,7.3257284727225e-7,7.576883319316287e-7
12.013,4.71,0.04019433362333615,7.213114793654423e-7,7.213181112936515e-7,7.576883319316287e-7
12.013,4.71,0.06602518613354949,7.045481856491065e-7,7.045545133677993e-7,7.576883319316287e-7
12.013,4.71,0.1084562128786955,6.792867149349739e-7,6.792924893171447e-7,7.576883319316287e-7
12.013,4.71,0.17815550096589414,6.409826114313151e-7,6.409876741668855e-7,7.576883319316287e-7
12.013,4.71,0.292646974128703,5.833048885303656e-7,5.833088801562816e-7,7.576883319316287e-7
12.013,4.71,0.480716289995901,4.99129110116595e-7,4.991317668426669e-7,7.576883319316287e-7
12.013,4.71,0.789648183294706,3.8469338126700937e-7,3.8469487297040576e-7,7.576883319316287e-7
12.013,4.71,1.297114881182717,2.4826337767262203e-7,2.482640000297696e-7,7.576883319316287e-7
12.013,4.71,2.1307045980472066,1.1750722542026664e-7,1.1750776070721488e-7,7.576883319316287e-7
12.013,4.71,3.5000000000000004,2.581084672874105e-8,2.5811374395080375e-8,7.576883319316287e-7
12.013,4.71,3.8,1.3724761722183628e-8,1.3725029307653942e-8,7.576883319316287e-7
12.013,4.71,3.98,3.921598670067435e-9,3.921702729859163e-9,7.576883319316287e-7
12.013,4.71,3.9998,3.8785755121422094e-10,3.878681952763521e-10,7.576883319316287e-7
12.53,0.00113,1.0000000000000001e-7,2.944469520467279e-7,2.944469520666324e-7,2.9445128982976005e-7
12.53,0.00113,1.6426491045299075e-7,2.94445150095911e-7,2.944451501310823e-7,2.9445128982976005e-7
12.53,0.00113,2.698296080612907e-7,2.944425995952963e-7,2.9444259965594484e-7,2.9445128982976005e-7
12.53,0.00113,4.432353640575351e-7,2.944389895832041e-7,2.944389896747254e-7,2.9445128982976005e-7
12.53,0.00113,7.280801738650976e-7,2.9443387991071517e-7,2.9443388005202584e-7,2.9445128982976005e-7
12.53,0.00113,1.1959802456254818e-6,2.944266475612318e-7,2.9442664776756234e-7,2.9445128982976005e-7
12.53,0.00113,1.9645758795121526e-6,2.9441641065103255e-7,2.9441641095156064e-7,2.9445128982976005e-7
12.53,0.00113,3.227108809261693e-6,2.94401920813638e-7,2.9440192125228323e-7,2.9445128982976005e-7
12.53,0.00113,5.301007395754297e-6,2.943814107754746e-7,2.9438141139176116e-7,2.9445128982976005e-7
12.53,0.00113,8.707695051742211e-6,2.9435237837425487e-7,2.943523792790091e-7,2.9445128982976005e-7
12.53,0.00113,1.4303687479263852e-5,2.9431128031080596e-7,2.9431128156326895e-7,2.9445128982976005e-7
12.53,0.00113,2.3495939429288417e-5,2.9425309743943703e-7,2.9425309927245455e-7,2.9445128982976005e-7
12.53,0.00113,3.8595583863609565e-5,2.9417071665579323e-7,2.9417071920972563e-7,2.9445128982976005e-7
12.53,0.00113,6.33990012723672e-5,2.9405404964843277e-7,2.940540533243927e-7,2.9445128982976005e-7
12.53,0.00113,0.00010414231266814445,2.938887712819782e-7,2.9388877650192536e-7,2.9445128982976005e-7
12.53,0.00113,0.00017106927664800093,2.9365450205286154e-7,2.9365450940957186e-7,2.9445128982976005e-7
12.53,0.00113,0.00028100679409841776,2.9332216521731684e-7,2.9332217591919506e-7,2.9445128982976005e-7
12.53,0.00113,0.00046159555869258604,2.9285009260786784e-7,2.9285010748650565e-7,2.9445128982976005e-7
12.53,0.00113,0.0007582395311413588,2.9217818291123475e-7,2.921782050720003e-7,2.9445128982976005e-7
12.53,0.00113,0.00124552148684853,2.9121893829622277e-7,2.9121896937786844e-7,2.9445128982976005e-7
12.53,0.00113,0.002045954755044497,2.898433538168372e-7,2.898434008812923e-7,2.9445128982976005e-7
12.53,0.00113,0.0033607857462825456,2.878581441537081e-7,2.87858212836267e-7,2.9445128982976005e-7
12.53,0.00113,0.005520591696647901,2.84968336789768e-7,2.8496844151815356e-7,2.9445128982976005e-7
12.53,0.00113,0.009068395006973916,2.8071576864371925e-7,2.8071593239885035e-7,2.9445128982976005e-7
12.53,0.00113,0.01489619093772919,2.743809185821286e-7,2.743811662636331e-7,2.9445128982976005e-7
12.53,0.00113,0.024469214704767362,2.648393959909811e-7,2.6483980890533716e-7,2.9445128982976005e-7
12.53,0.00113,0.04019433362333615,2.5039568405781495e-7,2.503962918204498e-7,2.9445128982976005e-7
12.53,0.00113,0.06602518613354949,2.2872213773705868e-7,2.2872312003927423e-7,2.9445128982976005e-7
12.53,0.00113,0.1084562128786955,1.972719466661004e-7,1.9727328257289122e-7,2.9445128982976005e-7
12.53,0.00113,0.17815550096589414,1.5483052117954645e-7,1.5483224113558474e-7,2.9445128982976005e-7
12.53,0.00113,0.292646974128703,1.0451279141575444e-7,1.04514567967407e-7,2.9445128982976005e-7
12.53,0.00113,0.480716289995901,5.601003736887365e-8,5.601140594568819e-8,2.9445128982976005e-7
12.53,0.00113,0.789648183294706,2.152549595966635e-8,2.1526189246437338e-8,2.9445128982976005e-7
12.53,0.00113,1.297114881182717,5.311110108914881e-9,5.311315106724567e-9,2.9445128982976005e-7
12.53,0.00113,2.1307045980472066,7.614774391191005e-10,7.614997092479254e-10,2.9445128982976005e-7
12.53,0.00113,3.5000000000000004,4.8596402983369505e-11,4.859676989813934e-11,2.9445128982976005e-7
12.53,0.00113,3.8,2.157220362837421e-11,2.1572100654432666e-11,2.9445128982976005e-7
12.53,0.00113,3.98,5.601862383811239e-12,5.601815546017218e-12,2.9445128982976005e-7
12.53,0.00113,3.9998,5.485467756321971e-13,5.485422113675855e-13,2.9445128982976005e-7
12.53,0.0037,1.0000000000000001e-7,2.944501006602689e-7,2.94450100657634e-7,2.944544330473849e-7
12.53,0.0037,1.6426491045299075e-7,2.944483009509694e-7,2.944483009478051e-7,2.944544330473849e-7
12.53,0.0037,2.698296080612907e-7,2.9444575362303534e-7,2.944457536208424e-7,2.944544330473849e-7
12.53,0.0037,4.432353640575351e-7,2.9444214810162626e-7,2.9444214810027006e-7,2.944544330473849e-7
12.53,0.0037,7.280801738650976e-7,2.9443704478539347e-7,2.944370447830054e-7,2.944544330473849e-7
12.53,0.0037,1.1959802456254818e-6,2.9442982143285825e-7,2.944298214356452e-7,2.944544330473849e-7
12.53,0.0037,1.9645758795121526e-6,2.944195972575996e-7,2.944195972542876e-7,2.944544330473849e-7
12.53,0.0037,3.227108809261693e-6,2.944051254467042e-7,2.9440512545675087e-7,2.944544330473849e-7
12.53,0.0037,5.301007395754297e-6,2.9438464092653897e-7,2.9438464092597993e-7,2.944544330473849e-7
12.53,0.0037,8.707695051742211e-6,2.9435564465094437e-7,2.9435564467006206e-7,2.944544330473849e-7
12.53,0.0037,1.4303687479263852e-5,2.9431459773663284e-7,2.943145977524954e-7,2.944544330473849e-7
12.53,0.0037,2.3495939429288417e-5,2.942564873002536e-7,2.9425648732391144e-7,2.944544330473849e-7
12.53,0.0037,3.8595583863609565e-5,2.9417420912859783e-7,2.9417420919082314e-7,2.944544330473849e-7
12.53,0.0037,6.33990012723672e-5,2.94057687556691e-7,2.9405768757007096e-7,2.944544330473849e-7
12.53,0.0037,0.00010414231266814445,2.938926154880804e-7,2.9389261564899236e-7,2.944544330473849e-7
12.53,0.0037,0.00017106927664800093,2.936586392618252e-7,2.936586392704186e-7,2.944544330473849e-7
12.53,0.0037,0.00028100679409841776,2.933267193981656e-7,2.93326719729697e-7,2.944544330473849e-7
12.53,0.0037,0.00046159555869258604,2.9285524197446e-7,2.9285524212346303e-7,2.944544330473849e-7
12.53,0.0037,0.0007582395311413588,2.9218418569309413e-7,2.9218418625400306e-7,2.944544330473849e-7
12.53,0.0037,0.00124552148684853,2.912261728269502e-7,2.9122617363225624e-7,2.944544330473849e-7
12.53,0.0037,0.002045954755044497,2.898523825452267e-7,2.898523832445597e-7,2.944544330473849e-7
12.53,0.0037,0.0033607857462825456,2.878698181644173e-7,2.878698212739277e-7,2.944544330473849e-7
12.53,0.0037,0.005520591696647901,2.849839683046338e-7,2.8498396868399414e-7,2.944544330473849e-7
12.53,0.0037,0.009068395006973916,2.807374122616441e-7,2.807374222066436e-7,2.944544330473849e-7
12.53,0.0037,0.01489619093772919,2.7441180572313645e-7,2.7441180770857315e-7,2.944544330473849e-7
12.53,0.0037,0.024469214704767362,2.648845172959708e-7,2.6488454130502136e-7,2.944544330473849e-7
12.53,0.0037,0.04019433362333615,2.5046229307418774e-7,2.504623117025321e-7,2.944544330473849e-7
12.53,0.0037,0.06602518613354949,2.288193321322155e-7,2.2881936509200226e-7,2.944544330473849e-7
12.53,0.0037,0.1084562128786955,1.9740735515285766e-7,1.9740741325597466e-7,2.944544330473849e-7
12.53,0.0037,0.17815550096589414,1.5500163377247136e-7,1.5500164613041003e-7,2.944544330473849e-7
12.53,0.0037,0.292646974128703,1.0469521191224884e-7,1.0469525508957949e-7,2.944544330473849e-7
12.53,0.0037,0.480716289995901,5.6158873289341216e-8,5.6158873689427746e-8,2.944544330473849e-7
12.53,0.0037,0.789648183294706,2.1607849620425408e-8,2.1607832637648577e-8,2.944544330473849e-7
12.53,0.0037,1.297114881182717,5.33820196000559e-9,5.338199229883717e-9,2.944544330473849e-7
12.53,0.0037,2.1307045980472066,7.66167745042162e-10,7.661636615347801e-10,2.944544330473849e-7
12.53,0.0037,3.5000000000000004,4.891747304004239e-11,4.8917117558588154e-11,2.944544330473849e-7
12.53,0.0037,3.8,2.1714767291244546e-11,2.1714732923824214e-11,2.944544330473849e-7
12.53,0.0037,3.98,5.638846414440773e-12,5.638821661573564e-12,2.944544330473849e-7
12.53,0.0037,3.9998,5.521677872172183e-13,5.52165355012178e-13,2.944544330473849e-7
12.53,0.0127,1.0000000000000001e-7,2.9449054275631015e-7,2.9449054275188827e-7,2.944948568367512e-7
12.53,0.0127,1.6426491045299075e-7,2.9448875065178725e-7,2.9448875064858393e-7,2.944948568367512e-7
12.53,0.0127,2.698296080612907e-7,2.944862140877794e-7,2.944862140843001e-7,2.944948568367512e-7
12.53,0.0127,4.432353640575351e-7,2.944826238018731e-7,2.9448262379890264e-7,2.944948568367512e-7
12.53,0.0127,7.280801738650976e-7,2.944775420504618e-7,2.9447754204967706e-7,2.944948568367512e-7
12.53,0.0127,1.1959802456254818e-6,2.944703492218124e-7,2.944703492180914e-7,2.944948568367512e-7
12.53,0.0127,1.9645758795121526e-6,2.9446016825232024e-7,2.9446016825708803e-7,2.944948568367512e-7
12.53,0.0127,3.227108809261693e-6,2.9444575759988145e-7,2.944457575954959e-7,2.944948568367512e-7
12.53,0.0127,5.301007395754297e-6,2.944253596546677e-7,2.9442535966803596e-7,2.944948568367512e-7
12.53,0.0127,8.707695051742211e-6,2.943964859427807e-7,2.943964859450438e-7,2.944948568367512e-7
12.53,0.0127,1.4303687479263852e-5,2.9435561256312853e-7,2.9435561258483296e-7,2.944948568367512e-7
12.53,0.0127,2.3495939429288417e-5,2.942977478796036e-7,2.942977479085993e-7,2.944948568367512e-7
12.53,0.0127,3.8595583863609565e-5,2.9421581784632124e-7,2.94215817866361e-7,2.944948568367512e-7
12.53,0.0127,6.33990012723672e-5,2.940997897093479e-7,2.9409978980524097e-7,2.944948568367512e-7
12.53,0.0127,0.00010414231266814445,2.9393541758513687e-7,2.9393541758561433e-7,2.944948568367512e-7
12.53,0.0127,0.00017106927664800093,2.9370243551672015e-7,2.937024357438273e-7,2.944948568367512e-7
12.53,0.0127,0.00028100679409841776,2.9337193051201416e-7,2.933719305357507e-7,2.944948568367512e-7
12.53,0.0127,0.00046159555869258604,2.929024728227202e-7,2.92902473257647e-7,2.944948568367512e-7
12.53,0.0127,0.0007582395311413588,2.922343129232479e-7,2.922343132304962e-7,2.944948568367512e-7
12.53,0.0127,0.00124552148684853,2.9128048121965597e-7,2.912804818810297e-7,2.944948568367512e-7
12.53,0.0127,0.002045954755044497,2.899127829245462e-7,2.899127843982743e-7,2.944948568367512e-7
12.53,0.0127,0.0033607857462825456,2.879392035076094e-7,2.8793920409482073e-7,2.944948568367512e-7
12.53,0.0127,0.005520591696647901,2.8506680190523326e-7,2.850668072907527e-7,2.944948568367512e-7
12.53,0.0127,0.009068395006973916,2.8084068716795014e-7,2.808406871886685e-7,2.944948568367512e-7
12.53,0.0127,0.01489619093772919,2.7454652705769627e-7,2.745465427659273e-7,2.944948568367512e-7
12.53,0.0127,0.024469214704767362,2.6506768792809723e-7,2.6506769308631263e-7,2.944948568367512e-7
12.53,0.0127,0.04019433362333615,2.5071862213150794e-7,2.5071865290141897e-7,2.944948568367512e-7
12.53,0.0127,0.06602518613354949,2.2917976438046516e-7,2.2917979725500244e-7,2.944948568367512e-7
12.53,0.0127,0.1084562128786955,1.9789763488683623e-7,1.978976610290365e-7,2.944948568367512e-7
12.53,0.0127,0.17815550096589414,1.556124040338338e-7,1.5561246534476223e-7,2.944948568367512e-7
12.53,0.0127,0.292646974128703,1.0534143920440257e-7,1.0534144063140279e-7,2.944948568367512e-7
12.53,0.0127,0.480716289995901,5.6684578446851476e-8,5.668458304256687e-8,2.944948568367512e-7
12.53,0.0127,0.789648183294706,2.1898794362739236e-8,2.1898794241723947e-8,2.944948568367512e-7
12.53,0.0127,1.297114881182717,5.4341218328743595e-9,5.434109641266826e-9,2.944948568367512e-7
12.53,0.0127,2.1307045980472066,7.828222927285175e-10,7.828207414459814e-10,2.944948568367512e-7
12.53,0.0127,3.5000000000000004,5.006030150294128e-11,5.0060118169558374e-11,2.944948568367512e-7
12.53,0.0127,3.8,2.2222356349992375e-11,2.222225650909052e-11,2.944948568367512e-7
12.53,0.0127,3.98,5.7705441829073504e-12,5.7705567818355295e-12,2.944948568367512e-7
12.53,0.0127,3.9998,5.650621611073755e-13,5.650635959199724e-13,2.944948568367512e-7
12.53,0.047,1.0000000000000001e-7,2.950528240837402e-7,2.9505282364905616e-7,2.950570764252005e-7
12.53,0.047,1.6426491045299075e-7,2.9505105762621755e-7,2.950510571931211e-7,2.950570764252005e-7
12.53,0.047,2.698296080612907e-7,2.9504855736340667e-7,2.9504855692884234e-7,2.950570764252005e-7
12.53,0.047,4.432353640575351e-7,2.950450184590533e-7,2.9504501802714266e-7,2.950570764252005e-7
12.53,0.047,7.280801738650976e-7,2.9504000943480176e-7,2.9504000900185946e-7,2.950570764252005e-7
12.53,0.047,1.1959802456254818e-6,2.9503291954779915e-7,2.9503291911660215e-7,2.950570764252005e-7
12.53,0.047,1.9645758795121526e-6,2.9502288428982147e-7,2.9502288386195426e-7,2.950570764252005e-7
12.53,0.047,3.227108809261693e-6,2.950086798950417e-7,2.950086794625449e-7,2.950570764252005e-7
12.53,0.047,5.301007395754297e-6,2.949885739264755e-7,2.949885735096484e-7,2.950570764252005e-7
12.53,0.047,8.707695051742211e-6,2.949601135679463e-7,2.949601131329682e-7,2.950570764252005e-7
12.53,0.047,1.4303687479263852e-5,2.949198254523192e-7,2.949198250536513e-7,2.950570764252005e-7
12.53,0.047,2.3495939429288417e-5,2.9486278961488434e-7,2.948627891898381e-7,2.950570764252005e-7
12.53,0.047,3.8595583863609565e-5,2.9478203378370777e-7,2.947820334050781e-7,2.950570764252005e-7
12.53,0.047,6.33990012723672e-5,2.946676700014502e-7,2.9466766962562557e-7,2.950570764252005e-7
12.53,0.047,0.00010414231266814445,2.945056590045681e-7,2.945056586287722e-7,2.950570764252005e-7
12.53,0.047,0.00017106927664800093,2.942760310222445e-7,2.9427603078223123e-7,2.950570764252005e-7
12.53,0.047,0.00028100679409841776,2.939503005470232e-7,2.9395030013107934e-7,2.950570764252005e-7
12.53,0.047,0.00046159555869258604,2.934876609653868e-7,2.934876610267186e-7,2.950570764252005e-7
12.53,0.047,0.0007582395311413588,2.928292837052947e-7,2.928292832986655e-7,2.950570764252005e-7
12.53,0.047,0.00124552148684853,2.9188958512739003e-7,2.918895857730112e-7,2.950570764252005e-7
12.53,0.047,0.002045954755044497,2.9054250201659325e-7,2.9054250221132607e-7,2.950570764252005e-7
12.53,0.047,0.0033607857462825456,2.8859937412405463e-7,2.885993756656748e-7,2.950570764252005e-7
12.53,0.047,0.005520591696647901,2.8577264034260253e-7,2.8577264364263786e-7,2.950570764252005e-7
12.53,0.047,0.009068395006973916,2.816161012077619e-7,2.816161030662323e-7,2.950570764252005e-7
12.53,0.047,0.01489619093772919,2.7542923467741354e-7,2.754292491925533e-7,2.950570764252005e-7
12.53,0.047,0.024469214704767362,2.6611605060381243e-7,2.661160504650732e-7,2.950570764252005e-7
12.53,0.047,0.04019433362333615,2.5201739095922305e-7,2.520174308708526e-7,2.950570764252005e-7
12.53,0.047,0.06602518613354949,2.308343813590708e-7,2.30834389597754e-7,2.950570764252005e-7
12.53,0.047,0.1084562128786955,1.999928238636785e-7,1.9999287969686806e-7,2.950570764252005e-7
12.53,0.047,0.17815550096589414,1.5810437361576648e-7,1.5810440935839105e-7,2.950570764252005e-7
12.53,0.047,0.292646974128703,1.0791095407493991e-7,1.0791096987483594e-7,2.950570764252005e-7
12.53,0.047,0.480716289995901,5.875346298347825e-8,5.8753469195255835e-8,2.950570764252005e-7
12.53,0.047,0.789648183294706,2.3044786655177976e-8,2.304478293930144e-8,2.950570764252005e-7
12.53,0.047,1.297114881182717,5.814981649151891e-9,5.814967487998358e-9,2.950570764252005e-7
12.53,0.047,2.1307045980472066,8.496702509573041e-10,8.496700287978218e-10,2.950570764252005e-7
12.53,0.047,3.5000000000000004,5.468909144508719e-11,5.4688647948542415e-11,2.950570764252005e-7
12.53,0.047,3.8,2.42804057748029e-11,2.428038401314761e-11,2.950570764252005e-7
12.53,0.047,3.98,6.30479966427451e-12,6.304809447550039e-12,2.950570764252005e-7
12.53,0.047,3.9998,6.173732614036766e-13,6.173741213749804e-13,2.950570764252005e-7
12.53,0.173,1.0000000000000001e-7,3.0218097024998917e-7,3.021809692292584e-7,3.0218508900619764e-7
12.53,0.173,1.6426491045299075e-7,3.0217925928525003e-7,3.0217925826429236e-7,3.0218508900619764e-7
12.53,0.173,2.698296080612907e-7,3.021768375680085e-7,3.021768365486155e-7,3.0218508900619764e-7
12.53,0.173,4.432353640575351e-7,3.0217340983920995e-7,3.021734088178405e-7,3.0218508900619764e-7
12.53,0.173,7.280801738650976e-7,3.021685581773256e-7,3.0216855716035114e-7,3.0218508900619764e-7
12.53,0.173,1.1959802456254818e-6,3.021616910306805e-7,3.021616900098019e-7,3.0218508900619764e-7
12.53,0.173,1.9645758795121526e-6,3.021519710607139e-7,3.02151970046874e-7,3.0218508900619764e-7
12.53,0.173,3.227108809261693e-6,3.02138212972303e-7,3.021382119561622e-7,3.0218508900619764e-7
12.53,0.173,5.301007395754297e-6,3.021187388136287e-7,3.021187378014894e-7,3.0218508900619764e-7
12.53,0.173,8.707695051742211e-6,3.020911729638586e-7,3.0209117196202136e-7,3.0218508900619764e-7
12.53,0.173,1.4303687479263852e-5,3.020521514938654e-7,3.0205215047795576e-7,3.0218508900619764e-7
12.53,0.173,2.3495939429288417e-5,3.019969097372991e-7,3.0199690876615267e-7,3.0218508900619764e-7
12.53,0.173,3.8595583863609565e-5,3.019186961381393e-7,3.0191869511658484e-7,3.0218508900619764e-7
12.53,0.173,6.33990012723672e-5,3.018079371873144e-7,3.018079362666634e-7,3.0218508900619764e-7
12.53,0.173,0.00010414231266814445,3.016510432876552e-7,3.0165104229794037e-7,3.0218508900619764e-7
12.53,0.173,0.00017106927664800093,3.01428691375577e-7,3.014286905122936e-7,3.0218508900619764e-7
12.53,0.173,0.00028100679409841776,3.011133339496251e-7,3.011133331115006e-7,3.0218508900619764e-7
12.53,0.173,0.00046159555869258604,3.0066554157588455e-7,3.006655407252523e-7,3.0218508900619764e-7
12.53,0.173,0.0007582395311413588,3.000285416396313e-7,3.0002854125452495e-7,3.0218508900619764e-7
12.53,0.173,0.00124552148684853,2.991198859582491e-7,2.991198849899865e-7,3.0218508900619764e-7
12.53,0.173,0.002045954755044497,2.9781841310444103e-7,2.978184139007197e-7,3.0218508900619764e-7
12.53,0.173,0.0033607857462825456,2.959433192975352e-7,2.9594331841963993e-7,3.0218508900619764e-7
12.53,0.173,0.005520591696647901,2.9321987818359636e-7,2.9321988170005375e-7,3.0218508900619764e-7
12.53,0.173,0.009068395006973916,2.8922295240595675e-7,2.892229543815892e-7,3.0218508900619764e-7
12.53,0.173,0.01489619093772919,2.832858025989596e-7,2.8328581028292725e-7,3.0218508900619764e-7
12.53,0.173,0.024469214704767362,2.743627901000581e-7,2.7436280649149335e-7,3.0218508900619764e-7
12.53,0.173,0.04019433362333615,2.6085693523363e-7,2.6085694227458806e-7,3.0218508900619764e-7
12.53,0.173,0.06602518613354949,2.4050803368232674e-7,2.4050808674947653e-7,3.0218508900619764e-7
12.53,0.173,0.1084562128786955,2.1065022489067062e-7,2.1065022350413928e-7,3.0218508900619764e-7
12.53,0.173,0.17815550096589414,1.6947425059864377e-7,1.6947432230572662e-7,3.0218508900619764e-7
12.53,0.173,0.292646974128703,1.188508480605621e-7,1.1885085773973784e-7,3.0218508900619764e-7
12.53,0.173,0.480716289995901,6.730498036874981e-8,6.73049877918009e-8,3.0218508900619764e-7
12.53,0.173,0.789648183294706,2.780220837935091e-8,2.7802202599703795e-8,3.0218508900619764e-7
12.53,0.173,1.297114881182717,7.4420531060685445e-9,7.442044966479342e-9,3.0218508900619764e-7
12.53,0.173,2.1307045980472066,1.1467281623394648e-9,1.1467219743820981e-9,3.0218508900619764e-7
12.53,0.173,3.5000000000000004,7.596377280180839e-11,7.596376167553594e-11,3.0218508900619764e-7
12.53,0.173,3.8,3.3776830415792685e-11,3.377654785056718e-11,3.0218508900619764e-7
12.53,0.173,3.98,8.774813515337441e-12,8.77480385502929e-12,3.0218508900619764e-7
12.53,0.173,3.9998,8.592699481694966e-13,8.592697722915463e-13,3.0218508900619764e-7
12.53,0.61,1.0000000000000001e-7,3.755492299217213e-7,3.7554923112464176e-7,3.75553608202794e-7
12.53,0.61,1.6426491045299075e-7,3.755474111491961e-7,3.755474123422811e-7,3.75553608202794e-7
12.53,0.61,2.698296080612907e-7,3.755448368409437e-7,3.7554483803458617e-7,3.75553608202794e-7
12.53,0.61,4.432353640575351e-7,3.755411931358119e-7,3.755411943285017e-7,3.75553608202794e-7
12.53,0.61,7.280801738650976e-7,3.7553603578426516e-7,3.755360369807584e-7,3.75553608202794e-7
12.53,0.61,1.1959802456254818e-6,3.755287359733166e-7,3.755287371652676e-7,3.75553608202794e-7
12.53,0.61,1.9645758795121526e-6,3.7551840363261703e-7,3.755184048339389e-7,3.75553608202794e-7
12.53,0.61,3.227108809261693e-6,3.755037788487924e-7,3.7550378004279183e-7,3.75553608202794e-7
12.53,0.61,5.301007395754297e-6,3.754830780976879e-7,3.754830793045917e-7,3.75553608202794e-7
12.53,0.61,8.707695051742211e-6,3.7545377642868764e-7,3.754537776343146e-7,3.75553608202794e-7
12.53,0.61,1.4303687479263852e-5,3.7541229877382783e-7,3.7541229998219026e-7,3.75553608202794e-7
12.53,0.61,2.3495939429288417e-5,3.7535358212745485e-7,3.753535833649474e-7,3.75553608202794e-7
12.53,0.61,3.8595583863609565e-5,3.7527045381159854e-7,3.7527045501027976e-7,3.75553608202794e-7
12.53,0.61,6.33990012723672e-5,3.7515274684554384e-7,3.751527481477921e-7,3.75553608202794e-7
12.53,0.61,0.00010414231266814445,3.7498603741332605e-7,3.7498603860852835e-7,3.75553608202794e-7
12.53,0.61,0.00017106927664800093,3.747498345221938e-7,3.7474983592606845e-7,3.75553608202794e-7
12.53,0.61,0.00028100679409841776,3.744149657356361e-7,3.744149670243664e-7,3.75553608202794e-7
12.53,0.61,0.00046159555869258604,3.7393976266020083e-7,3.739397641710678e-7,3.75553608202794e-7
12.53,0.61,0.0007582395311413588,3.7326441339323845e-7,3.7326441507024515e-7,3.75553608202794e-7
12.53,0.61,0.00124552148684853,3.7230243737748936e-7,3.723024388823774e-7,3.75553608202794e-7
12.53,0.61,0.002045954755044497,3.7092750633331504e-7,3.7092750920039044e-7,3.75553608202794e-7
12.53,0.61,0.0033607857462825456,3.689525325577839e-7,3.689525337781101e-7,3.75553608202794e-7
12.53,0.61,0.005520591696647901,3.660956907271348e-7,3.6609569685273076e-7,3.75553608202794e-7
12.53,0.61,0.009068395006973916,3.6192442339144596e-7,3.619244254097696e-7,3.75553608202794e-7
12.53,0.61,0.01489619093772919,3.5576369902246387e-7,3.5576371232669904e-7,3.75553608202794e-7
12.53,0.61,0.024469214704767362,3.465518896176655e-7,3.4655190136674436e-7,3.75553608202794e-7
12.53,0.61,0.04019433362333615,3.326388167192357e-7,3.3263883764140925e-7,3.75553608202794e-7
12.53,0.61,0.06602518613354949,3.1158075699319534e-7,3.115808059597379e-7,3.75553608202794e-7
12.53,0.61,0.1084562128786955,2.8016933375044717e-7,2.801693454672093e-7,3.75553608202794e-7
12.53,0.61,0.17815550096589414,2.3530272120619812e-7,2.353028196012651e-7,3.75553608202794e-7
12.53,0.61,0.292646974128703,1.7661992962309915e-7,1.7661993118244808e-7,3.75553608202794e-7
12.53,0.61,0.480716289995901,1.10751101633762e-7,1.1075114471197078e-7,3.75553608202794e-7
12.53,0.61,0.789648183294706,5.269091119853452e-8,5.269091366067321e-8,3.75553608202794e-7
12.53,0.61,1.297114881182717,1.6788903500474884e-8,1.67888810875384e-8,3.75553608202794e-7
12.53,0.61,2.1307045980472066,3.094147269828584e-9,3.0941367110792596e-9,3.75553608202794e-7
12.53,0.61,3.5000000000000004,2.3356808955814325e-10,2.3356734766721236e-10,3.75553608202794e-7
12.53,0.61,3.8,1.0519122893386884e-10,1.0519029670036e-10,3.75553608202794e-7
12.53,0.61,3.98,2.7489434218193615e-11,2.7489458159887544e-11,3.75553608202794e-7
12.53,0.61,3.9998,2.693450889711081e-12,2.6934538638535742e-12,3.75553608202794e-7
12.53,1.73,1.0000000000000001e-7,8.138122601294343e-7,8.138122692088672e-7,8.138200553419447e-7
12.53,1.73,1.6426491045299075e-7,8.138097262890385e-7,8.138097352517595e-7,8.138200553419447e-7
12.53,1.73,2.698296080612907e-7,8.13805435517969e-7,8.138054445981659e-7,8.138200553419447e-7
12.53,1.73,4.432353640575351e-7,8.137993623177878e-7,8.137993714014919e-7,8.138200553419447e-7
12.53,1.73,7.280801738650976e-7,8.1379076623842e-7,8.137907753189364e-7,8.138200553419447e-7
12.53,1.73,1.1959802456254818e-6,8.137785992200097e-7,8.137786083102309e-7,8.138200553419447e-7
12.53,1.73,1.9645758795121526e-6,8.137613777813455e-7,8.137613868605004e-7,8.138200553419447e-7
12.53,1.73,3.227108809261693e-6,8.137370020774451e-7,8.137370111780445e-7,8.138200553419447e-7
12.53,1.73,5.301007395754297e-6,8.137024997072253e-7,8.137025087929109e-7,8.138200553419447e-7
12.53,1.73,8.707695051742211e-6,8.136536629013318e-7,8.136536720123559e-7,8.138200553419447e-7
12.53,1.73,1.4303687479263852e-5,8.135845345463762e-7,8.135845436616284e-7,8.138200553419447e-7
12.53,1.73,2.3495939429288417e-5,8.134866796731268e-7,8.134866887826235e-7,8.138200553419447e-7
12.53,1.73,3.8595583863609565e-5,8.133481519733285e-7,8.133481611642463e-7,8.138200553419447e-7
12.53,1.73,6.33990012723672e-5,8.131520256758032e-7,8.131520347594914e-7,8.138200553419447e-7
12.53,1.73,0.00010414231266814445,8.128743055019193e-7,8.128743148386179e-7,8.138200553419447e-7
12.53,1.73,0.00017106927664800093,8.124809412656689e-7,8.12480950359177e-7,8.138200553419447e-7
12.53,1.73,0.00028100679409841776,8.119235416072565e-7,8.119235511570458e-7,8.138200553419447e-7
12.53,1.73,0.00046159555869258604,8.111331724413882e-7,8.111331817956921e-7,8.138200553419447e-7
12.53,1.73,0.0007582395311413588,8.10011283213347e-7,8.100112929492741e-7,8.138200553419447e-7
12.53,1.73,0.00124552148684853,8.084162219327442e-7,8.084162322689125e-7,8.138200553419447e-7
12.53,1.73,0.002045954755044497,8.061427801974477e-7,8.061427898017314e-7,8.138200553419447e-7
12.53,1.73,0.0033607857462825456,8.02890391944224e-7,8.028904051879016e-7,8.138200553419447e-7
12.53,1.73,0.005520591696647901,7.982123813859525e-7,7.982123903690567e-7,8.138200553419447e-7
12.53,1.73,0.009068395006973916,7.914331187457572e-7,7.914331397000135e-7,8.138200553419447e-7
12.53,1.73,0.01489619093772919,7.815112775454377e-7,7.815112897334764e-7,8.138200553419447e-7
12.53,1.73,0.024469214704767362,7.668166947541142e-7,7.668167315463403e-7,8.138200553419447e-7
12.53,1.73,0.04019433362333615,7.447848781879409e-7,7.447849176307955e-7,8.138200553419447e-7
12.53,1.73,0.06602518613354949,7.114512527964967e-7,7.114513023114697e-7,8.138200553419447e-7
12.53,1.73,0.1084562128786955,6.610400793387898e-7,6.610402113458831e-7,8.138200553419447e-7
12.53,1.73,0.17815550096589414,5.862700962891025e-7,5.862701196592359e-7,8.138200553419447e-7
12.53,1.73,0.292646974128703,4.809448834049516e-7,4.809451153172209e-7,8.138200553419447e-7
12.53,1.73,0.480716289995901,3.468443852562684e-7,3.4684440023011956e-7,8.138200553419447e-7
12.53,1.73,0.789648183294706,2.0326637851999743e-7,2.0326644243912764e-7,8.138200553419447e-7
12.53,1.73,1.297114881182717,8.628424095479362e-8,8.628423707650597e-8,8.138200553419447e-7
12.53,1.73,2.1307045980472066,2.2539606480690386e-8,2.2539533093754856e-8,8.138200553419447e-7
12.53,1.73,3.5000000000000004,2.38731889561708e-9,2.387297058362916e-9,8.138200553419447e-7
12.53,1.73,3.8,1.125091405648085e-9,1.1250829670791942e-9,8.138200553419447e-7
12.53,1.73,3.98,3.009390057104957e-10,3.009352896344789e-10,8.138200553419447e-7
12.53,1.73,3.9998,2.955693387862221e-11,2.955658552421076e-11,8.138200553419447e-7
12.53,4.71,1.0000000000000001e-7,3.4348724370258877e-6,3.4349204030178033e-6,3.4349034125473065e-6
12.53,4.71,1.6426491045299075e-7,3.4348724370258877e-6,3.4349204030178033e-6,3.4349034125473065e-6
12.53,4.71,2.698296080612907e-7,3.434860596040032e-6,3.434908562181701e-6,3.4349034125473065e-6
12.53,4.71,4.432353640575351e-7,3.4348428097228574e-6,3.434890775479042e-6,3.4349034125473065e-6
12.53,4.71,7.280801738650976e-7,3.434817634794574e-6,3.4348656003356174e-6,3.4349034125473065e-6
12.53,4.71,1.1959802456254818e-6,3.434782001909103e-6,3.4348299671856096e-6,3.4349034125473065e-6
12.53,4.71,1.9645758795121526e-6,3.4347315666071438e-6,3.4347795314345767e-6,3.4349034125473065e-6
12.53,4.71,3.227108809261693e-6,3.4346601795134265e-6,3.434708143811243e-6,3.4349034125473065e-6
12.53,4.71,5.301007395754297e-6,3.434559136304112e-6,3.4346070997299892e-6,3.4349034125473065e-6
12.53,4.71,8.707695051742211e-6,3.434416115769048e-6,3.4344640780742944e-6,3.4349034125473065e-6
12.53,4.71,1.4303687479263852e-5,3.4342136759646247e-6,3.4342616366271932e-6,3.4349034125473065e-6
12.53,4.71,2.3495939429288417e-5,3.4339271238847086e-6,3.4339750821346216e-6,3.4349034125473065e-6
12.53,4.71,3.8595583863609565e-5,3.4335214961199033e-6,3.4335694512836145e-6,3.4349034125473065e-6
12.53,4.71,6.33990012723672e-5,3.4329472760012347e-6,3.4329952260790106e-6,3.4349034125473065e-6
12.53,4.71,0.00010414231266814445,3.432134310556048e-6,3.43218225466e-6,3.4349034125473065e-6
12.53,4.71,0.00017106927664800093,3.4309831528317543e-6,3.4310310867609292e-6,3.4349034125473065e-6
12.53,4.71,0.00028100679409841776,3.429352700296174e-6,3.4294006219544598e-6,3.4349034125473065e-6
12.53,4.71,0.00046159555869258604,3.4270424575097124e-6,3.4270903597219665e-6,3.4349034125473065e-6
12.53,4.71,0.0007582395311413588,3.423766895944321e-6,3.423814771816873e-6,3.4349034125473065e-6
12.53,4.71,0.00124552148684853,3.41911798644504e-6,3.4191658260407517e-6,3.4349034125473065e-6
12.53,4.71,0.002045954755044497,3.412509612122683e-6,3.4125573946021985e-6,3.4349034125473065e-6
12.53,4.71,0.0033607857462825456,3.403093430283682e-6,3.403141145375149e-6,3.4349034125473065e-6
12.53,4.71,0.005520591696647901,3.3896283765010383e-6,3.38967597024094e-6,3.4349034125473065e-6
12.53,4.71,0.009068395006973916,3.3702728694467145e-6,3.370320334075769e-6,3.4349034125473065e-6
12.53,4.71,0.01489619093772919,3.342246088407958e-6,3.342293308654031e-6,3.4349034125473065e-6
12.53,4.71,0.024469214704767362,3.3012686177069257e-6,3.3013155622138127e-6,3.4349034125473065e-6
12.53,4.71,0.04019433362333615,3.2406462245961345e-6,3.240692712174765e-6,3.4349034125473065e-6
12.53,4.71,0.06602518613354949,3.1498372179038203e-6,3.1498830052110393e-6,3.4349034125473065e-6
12.53,4.71,0.1084562128786955,3.0124746617893926e-6,3.0125196487197443e-6,3.4349034125473065e-6
12.53,4.71,0.17815550096589414,2.8044696115603733e-6,2.804512655349344e-6,3.4349034125473065e-6
12.53,4.71,0.292646974128703,2.4947570176228852e-6,2.494798308389511e-6,3.4349034125473065e-6
12.53,4.71,0.480716289995901,2.0550965912667527e-6,2.0551331337507057e-6,3.4349034125473065e-6
12.53,4.71,0.789648183294706,1.4881582678863223e-6,1.4881891318874098e-6,3.4349034125473065e-6
12.53,4.71,1.297114881182717,8.701294013452153e-7,8.70150886881343e-7,3.4349034125473065e-6
12.53,4.71,2.1307045980472066,3.555690034087134e-7,3.5557959791454733e-7,3.4349034125473065e-6
12.53,4.71,3.5000000000000004,6.433517959662093e-8,6.433733999304511e-8,3.4349034125473065e-6
12.53,4.71,3.8,3.305767118221573e-8,3.305880932886073e-8,3.4349034125473065e-6
12.53,4.71,3.98,9.266618313510578e-9,9.266911989682501e-9,3.4349034125473065e-6
12.53,4.71,3.9998,9.146280416788004e-10,9.146574572249398e-10,3.4349034125473065e-6
13.07,0.00113,1.0000000000000001e-7,1.429010652694971e-6,1.4290106529704561e-6,1.4290352587696224e-6
13.07,0.00113,1.6426491045299075e-7,1.4290004311209188e-6,1.429000431484655e-6,1.4290352587696224e-6
13.07,0.00113,2.698296080612907e-7,1.4289859633844371e-6,1.4289859638886983e-6,1.4290352587696224e-6
13.07,0.00113,4.432353640575351e-7,1.4289654855361054e-6,1.4289654862267689e-6,1.4290352587696224e-6
13.07,0.00113,7.280801738650976e-7,1.4289365007860686e-6,1.428936501741954e-6,1.4290352587696224e-6
13.07,0.00113,1.1959802456254818e-6,1.4288954749678007e-6,1.4288954763190145e-6,1.4290352587696224e-6
13.07,0.00113,1.9645758795121526e-6,1.428837405353062e-6,1.4288374072057191e-6,1.4290352587696224e-6
13.07,0.00113,3.227108809261693e-6,1.428755210022514e-6,1.4287552126967049e-6,1.4290352587696224e-6
13.07,0.00113,5.301007395754297e-6,1.4286388628267263e-6,1.4286388664901233e-6,1.4290352587696224e-6
13.07,0.00113,8.707695051742211e-6,1.4284741672886446e-6,1.4284741725919664e-6,1.4290352587696224e-6
13.07,0.00113,1.4303687479263852e-5,1.4282410172646493e-6,1.4282410246270357e-6,1.4290352587696224e-6
13.07,0.00113,2.3495939429288417e-5,1.4279109261820108e-6,1.4279109366900227e-6,1.4290352587696224e-6
13.07,0.00113,3.8595583863609565e-5,1.4274435097880933e-6,1.4274435246891977e-6,1.4290352587696224e-6
13.07,0.00113,6.33990012723672e-5,1.4267814625295262e-6,1.4267814833817792e-6,1.4290352587696224e-6
13.07,0.00113,0.00010414231266814445,1.4258433458254137e-6,1.425843376056776e-6,1.4290352587696224e-6
13.07,0.00113,0.00017106927664800093,1.4245131559240133e-6,1.42451319770463e-6,1.4290352587696224e-6
13.07,0.00113,0.00028100679409841776,1.422625065024103e-6,1.4226251265814274e-6,1.4290352587696224e-6
13.07,0.00113,0.00046159555869258604,1.4199407552805103e-6,1.4199408410267167e-6,1.4290352587696224e-6
13.07,0.00113,0.0007582395311413588,1.4161150623461272e-6,1.416115189247307e-6,1.4290352587696224e-6
13.07,0.00113,0.00124552148684853,1.410642617394424e-6,1.410642799906163e-6,1.4290352587696224e-6
13.07,0.00113,0.002045954755044497,1.4027728156255706e-6,1.4027730851887636e-6,1.4290352587696224e-6
13.07,0.00113,0.0033607857462825456,1.3913712858954824e-6,1.3913716966194743e-6,1.4290352587696224e-6
13.07,0.00113,0.005520591696647901,1.3746918184432345e-6,1.3746924235115362e-6,1.4290352587696224e-6
13.07,0.00113,0.009068395006973916,1.350005464268694e-6,1.350006453976344e-6,1.4290352587696224e-6
13.07,0.00113,0.01489619093772919,1.3130289935518883e-6,1.313030458857234e-6,1.4290352587696224e-6
13.07,0.00113,0.024469214704767362,1.2571599601053775e-6,1.2571624160598518e-6,1.4290352587696224e-6
13.07,0.00113,0.04019433362333615,1.1728111858997701e-6,1.1728148217408041e-6,1.4290352587696224e-6
13.07,0.00113,0.06602518613354949,1.0479201191047354e-6,1.047925607622724e-6,1.4290352587696224e-6
13.07,0.00113,0.1084562128786955,8.720981825050065e-7,8.721055333071393e-7,1.4290352587696224e-6
13.07,0.00113,0.17815550096589414,6.473941728313547e-7,6.474025457803549e-7,1.4290352587696224e-6
13.07,0.00113,0.292646974128703,4.028256091739182e-7,4.0283335262447917e-7,1.4290352587696224e-6
13.07,0.00113,0.480716289995901,1.9381980374684216e-7,1.938248778154232e-7,1.4290352587696224e-6
13.07,0.00113,0.789648183294706,6.594453673316644e-8,6.594659827129872e-8,1.4290352587696224e-6
13.07,0.00113,1.297114881182717,1.4676900828152599e-8,1.4677404904806587e-8,1.4290352587696224e-6
13.07,0.00113,2.1307045980472066,2.0339538568140665e-9,2.034001018470195e-9,1.4290352587696224e-6
13.07,0.00113,3.5000000000000004,1.3961728552295437e-10,1.3961717797001312e-10,1.4290352587696224e-6
13.07,0.00113,3.8,6.325876264999247e-11,6.325851552142026e-11,1.4290352587696224e-6
13.07,0.00113,3.98,1.662395608925759e-11,1.662380028697833e-11,1.4290352587696224e-6
13.07,0.00113,3.9998,1.6299487811275153e-12,1.629932616860502e-12,1.4290352587696224e-6
13.07,0.0037,1.0000000000000001e-7,1.4290007247430845e-6,1.4290007246770352e-6,1.4290253002093851e-6
13.07,0.0037,1.6426491045299075e-7,1.4289905158840724e-6,1.4289905158206898e-6,1.4290253002093851e-6
13.07,0.0037,2.698296080612907e-7,1.4289760661446984e-6,1.4289760660779662e-6,1.4290253002093851e-6
13.07,0.0037,4.432353640575351e-7,1.4289556137699498e-6,1.4289556137182984e-6,1.4290253002093851e-6
13.07,0.0037,7.280801738650976e-7,1.428926665076208e-6,1.4289266650070239e-6,1.4290253002093851e-6
13.07,0.0037,1.1959802456254818e-6,1.428885690294138e-6,1.428885690262685e-6,1.4290253002093851e-6
13.07,0.0037,1.9645758795121526e-6,1.4288276929206897e-6,1.4288276928602452e-6,1.4290253002093851e-6
13.07,0.0037,3.227108809261693e-6,1.4287455998508707e-6,1.4287455998439236e-6,1.4290253002093851e-6
13.07,0.0037,5.301007395754297e-6,1.428629397418399e-6,1.4286293974056396e-6,1.4290253002093851e-6
13.07,0.0037,8.707695051742211e-6,1.428464906831579e-6,1.4284649068351217e-6,1.4290253002093851e-6
13.07,0.0037,1.4303687479263852e-5,1.4282320470166995e-6,1.4282320471346912e-6,1.4290253002093851e-6
13.07,0.0037,2.3495939429288417e-5,1.427902366971407e-6,1.4279023669442345e-6,1.4290253002093851e-6
13.07,0.0037,3.8595583863609565e-5,1.4274355329849511e-6,1.4274355333716282e-6,1.4290253002093851e-6
13.07,0.0037,6.33990012723672e-5,1.4267743114813923e-6,1.4267743114492253e-6,1.4290253002093851e-6
13.07,0.0037,0.00010414231266814445,1.425837366742599e-6,1.4258373675630904e-6,1.4290253002093851e-6
13.07,0.0037,0.00017106927664800093,1.424508842798757e-6,1.4245088431578788e-6,1.4290253002093851e-6
13.07,0.0037,0.00028100679409841776,1.422623125836415e-6,1.4226231271564962e-6,1.4290253002093851e-6
13.07,0.0037,0.00046159555869258604,1.4199422113524348e-6,1.419942213329164e-6,1.4290253002093851e-6
13.07,0.0037,0.0007582395311413588,1.4161214008598428e-6,1.4161214023233252e-6,1.4290253002093851e-6
13.07,0.0037,0.00124552148684853,1.410656031619124e-6,1.4106560386282688e-6,1.4290253002093851e-6
13.07,0.0037,0.002045954755044497,1.402796592812438e-6,1.4027965934669682e-6,1.4290253002093851e-6
13.07,0.0037,0.0033607857462825456,1.391410444636402e-6,1.3914104656648983e-6,1.4290253002093851e-6
13.07,0.0037,0.005520591696647901,1.3747541565915508e-6,1.3747541612103232e-6,1.4290253002093851e-6
13.07,0.0037,0.009068395006973916,1.350103230465883e-6,1.3501032827329993e-6,1.4290253002093851e-6
13.07,0.0037,0.01489619093772919,1.3131813258316298e-6,1.3131813715003592e-6,1.4290253002093851e-6
13.07,0.0037,0.024469214704767362,1.2573956924185616e-6,1.2573957786306333e-6,1.4290253002093851e-6
13.07,0.0037,0.04019433362333615,1.1731698045224707e-6,1.1731699937775955e-6,1.4290253002093851e-6
13.07,0.0037,0.06602518613354949,1.0484445140651854e-6,1.048444567384631e-6,1.4290253002093851e-6
13.07,0.0037,0.1084562128786955,8.728078262768199e-7,8.728081507784823e-7,1.4290253002093851e-6
13.07,0.0037,0.17815550096589414,6.482338531512289e-7,6.482338658280966e-7,1.4290253002093851e-6
13.07,0.0037,0.292646974128703,4.036286815747223e-7,4.036287384353237e-7,1.4290253002093851e-6
13.07,0.0037,0.480716289995901,1.9438186946862521e-7,1.943818586025937e-7,1.4290253002093851e-6
13.07,0.0037,0.789648183294706,6.620232766212496e-8,6.620226690707067e-8,1.4290253002093851e-6
13.07,0.0037,1.297114881182717,1.4746979156028562e-8,1.4746957624747387e-8,1.4290253002093851e-6
13.07,0.0037,2.1307045980472066,2.044452771568834e-9,2.0444486400519656e-9,1.4290253002093851e-6
13.07,0.0037,3.5000000000000004,1.4029576011047747e-10,1.4029512114989448e-10,1.4290253002093851e-6
13.07,0.0037,3.8,6.355962094530618e-11,6.355970026899917e-11,1.4290253002093851e-6
13.07,0.0037,3.98,1.6702001081935726e-11,1.670201804212859e-11,1.4290253002093851e-6
13.07,0.0037,3.9998,1.6375901159183184e-12,1.6375914580698542e-12,1.4290253002093851e-6
13.07,0.0127,1.0000000000000001e-7,1.4291094885296627e-6,1.4291094884578782e-6,1.429133960151291e-6
13.07,0.0127,1.6426491045299075e-7,1.4290993228088547e-6,1.4290993227382217e-6,1.429133960151291e-6
13.07,0.0127,2.698296080612907e-7,1.4290849341281163e-6,1.4290849340640132e-6,1.429133960151291e-6
13.07,0.0127,4.432353640575351e-7,1.429064568177387e-6,1.429064568104551e-6,1.429133960151291e-6
13.07,0.0127,7.280801738650976e-7,1.4290357418115759e-6,1.4290357417630966e-6,1.429133960151291e-6
13.07,0.0127,1.1959802456254818e-6,1.4289949401797049e-6,1.4289949401054163e-6,1.429133960151291e-6
13.07,0.0127,1.9645758795121526e-6,1.4289371878989898e-6,1.4289371878742904e-6,1.429133960151291e-6
13.07,0.0127,3.227108809261693e-6,1.42885544176906e-6,1.4288554417146142e-6,1.429133960151291e-6
13.07,0.0127,5.301007395754297e-6,1.4287397304757315e-6,1.4287397304731012e-6,1.429133960151291e-6
13.07,0.0127,8.707695051742211e-6,1.428575935229713e-6,1.4285759352517272e-6,1.429133960151291e-6
13.07,0.0127,1.4303687479263852e-5,1.4283440600150656e-6,1.4283440600052926e-6,1.429133960151291e-6
13.07,0.0127,2.3495939429288417e-5,1.4280157745163127e-6,1.4280157747244584e-6,1.429133960151291e-6
13.07,0.0127,3.8595583863609565e-5,1.4275509165129652e-6,1.4275509164489327e-6,1.429133960151291e-6
13.07,0.0127,6.33990012723672e-5,1.4268924966654182e-6,1.4268924972226469e-6,1.429133960151291e-6
13.07,0.0127,0.00010414231266814445,1.4259595283254454e-6,1.4259595283378324e-6,1.429133960151291e-6
13.07,0.0127,0.00017106927664800093,1.4246366570997635e-6,1.4246366581594598e-6,1.429133960151291e-6
13.07,0.0127,0.00028100679409841776,1.4227589956103632e-6,1.422758996369226e-6,1.429133960151291e-6
13.07,0.0127,0.00046159555869258604,1.4200896033995796e-6,1.4200896048893693e-6,1.429133960151291e-6
13.07,0.0127,0.0007582395311413588,1.4162853646201026e-6,1.41628536809151e-6,1.429133960151291e-6
13.07,0.0127,0.00124552148684853,1.4108440166172985e-6,1.4108440177428896e-6,1.429133960151291e-6
13.07,0.0127,0.002045954755044497,1.4030197696795923e-6,1.4030197813606235e-6,1.429133960151291e-6
13.07,0.0127,0.0033607857462825456,1.39168587744072e-6,1.391685877452344e-6,1.429133960151291e-6
13.07,0.0127,0.005520591696647901,1.3751083768465557e-6,1.375108410100615e-6,1.429133960151291e-6
13.07,0.0127,0.009068395006973916,1.3505779401216488e-6,1.3505779521887963e-6,1.429133960151291e-6
13.07,0.0127,0.01489619093772919,1.3138417158075678e-6,1.313841787687441e-6,1.429133960151291e-6
13.07,0.0127,0.024469214704767362,1.2583399975271643e-6,1.2583400866572277e-6,1.429133960151291e-6
13.07,0.0127,0.04019433362333615,1.1745324637979256e-6,1.1745325464658413e-6,1.429133960151291e-6
13.07,0.0127,0.06602518613354949,1.0503710734429746e-6,1.050371339069355e-6,1.429133960151291e-6
13.07,0.0127,0.1084562128786955,8.753624151001913e-7,8.753624285536517e-7,1.429133960151291e-6
13.07,0.0127,0.17815550096589414,6.512222538148108e-7,6.512224891945039e-7,1.429133960151291e-6
13.07,0.0127,0.292646974128703,4.0647115859703073e-7,4.0647116980101483e-7,1.429133960151291e-6
13.07,0.0127,0.480716289995901,1.9636817360960047e-7,1.9636810917994598e-7,1.429133960151291e-6
13.07,0.0127,0.789648183294706,6.711415848343988e-8,6.711413283737355e-8,1.429133960151291e-6
13.07,0.0127,1.297114881182717,1.4995382342854815e-8,1.4995360686229e-8,1.429133960151291e-6
13.07,0.0127,2.1307045980472066,2.0817546604631598e-9,2.0817473238186717e-9,1.429133960151291e-6
13.07,0.0127,3.5000000000000004,1.4271118615097837e-10,1.4271119967265086e-10,1.429133960151291e-6
13.07,0.0127,3.8,6.463102987644211e-11,6.46308576041346e-11,1.429133960151291e-6
13.07,0.0127,3.98,1.6979980107049124e-11,1.6979981080185723e-11,1.429133960151291e-6
13.07,0.0127,3.9998,1.66480735432108e-12,1.664808361046485e-12,1.429133960151291e-6
13.07,0.047,1.0000000000000001e-7,1.4315148169413422e-6,1.4315148147926258e-6,1.4315389383483916e-6
13.07,0.047,1.6426491045299075e-7,1.431504796703525e-6,1.431504794562156e-6,1.4315389383483916e-6
13.07,0.047,2.698296080612907e-7,1.431490613942258e-6,1.4314906117982971e-6,1.4315389383483916e-6
13.07,0.047,4.432353640575351e-7,1.4314705394556058e-6,1.431470537316035e-6,1.4315389383483916e-6
13.07,0.047,7.280801738650976e-7,1.4314421256398207e-6,1.4314421235103719e-6,1.4315389383483916e-6
13.07,0.047,1.1959802456254818e-6,1.431401907956599e-6,1.4314019058131391e-6,1.4315389383483916e-6
13.07,0.047,1.9645758795121526e-6,1.4313449822526575e-6,1.431344980154302e-6,1.4315389383483916e-6
13.07,0.047,3.227108809261693e-6,1.4312644061844942e-6,1.431264404034665e-6,1.4315389383483916e-6
13.07,0.047,5.301007395754297e-6,1.431150351278906e-6,1.4311503492307633e-6,1.4315389383483916e-6
13.07,0.047,8.707695051742211e-6,1.430988901124878e-6,1.4309888990051646e-6,1.4315389383483916e-6
13.07,0.047,1.4303687479263852e-5,1.4307603466108116e-6,1.430760344615666e-6,1.4315389383483916e-6
13.07,0.047,2.3495939429288417e-5,1.430436764546201e-6,1.4304367625665457e-6,1.4315389383483916e-6
13.07,0.047,3.8595583863609565e-5,1.429978571309962e-6,1.4299785693157385e-6,1.4315389383483916e-6
13.07,0.047,6.33990012723672e-5,1.429329601815033e-6,1.4293296002052713e-6,1.4315389383483916e-6
13.07,0.047,0.00010414231266814445,1.4284100479301179e-6,1.4284100458211996e-6,1.4315389383483916e-6
13.07,0.047,0.00017106927664800093,1.427106249699982e-6,1.4271062488527323e-6,1.4315389383483916e-6
13.07,0.047,0.00028100679409841776,1.425255776045462e-6,1.4252557739829992e-6,1.4315389383483916e-6
13.07,0.047,0.00046159555869258604,1.4226252891089309e-6,1.4226252895633882e-6,1.4315389383483916e-6
13.07,0.047,0.0007582395311413588,1.418877041232836e-6,1.4188770406412654e-6,1.4315389383483916e-6
13.07,0.047,0.00124552148684853,1.4135169299721514e-6,1.4135169320934293e-6,1.4315389383483916e-6
13.07,0.047,0.002045954755044497,1.405811853482361e-6,1.4058118596136054e-6,1.4315389383483916e-6
13.07,0.047,0.0033607857462825456,1.3946552233681297e-6,1.394655225701355e-6,1.4315389383483916e-6
13.07,0.047,0.005520591696647901,1.3783455575602227e-6,1.3783455874486972e-6,1.4315389383483916e-6
13.07,0.047,0.009068395006973916,1.3542257010460602e-6,1.354225699371095e-6,1.4315389383483916e-6
13.07,0.047,0.01489619093772919,1.318123667964494e-6,1.3181237607897584e-6,1.4315389383483916e-6
13.07,0.047,0.024469214704767362,1.2635932875225274e-6,1.2635933098217023e-6,1.4315389383483916e-6
13.07,0.047,0.04019433362333615,1.1812171396461557e-6,1.1812173164462567e-6,1.4315389383483916e-6
13.07,0.047,0.06602518613354949,1.0589780564252833e-6,1.058978209570732e-6,1.4315389383483916e-6
13.07,0.047,0.1084562128786955,8.860795013708008e-7,8.86079628888995e-7,1.4315389383483916e-6
13.07,0.047,0.17815550096589414,6.632949810282651e-7,6.632951913654208e-7,1.4315389383483916e-6
13.07,0.047,0.292646974128703,4.1773960479364163e-7,4.177395970883665e-7,1.4315389383483916e-6
13.07,0.047,0.480716289995901,2.0419952377575648e-7,2.0419945771914127e-7,1.4315389383483916e-6
13.07,0.047,0.789648183294706,7.072129953734354e-8,7.072129432220874e-8,1.4315389383483916e-6
13.07,0.047,1.297114881182717,1.5985859039778828e-8,1.5985821523898074e-8,1.4315389383483916e-6
13.07,0.047,2.1307045980472066,2.2317823220776162e-9,2.231778778309607e-9,1.4315389383483916e-6
13.07,0.047,3.5000000000000004,1.5249700581313169e-10,1.524967713156285e-10,1.4315389383483916e-6
13.07,0.047,3.8,6.897638679359619e-11,6.897623589974846e-11,1.4315389383483916e-6
13.07,0.047,3.98,1.8108056583578228e-11,1.8108096221370805e-11,1.4315389383483916e-6
13.07,0.047,3.9998,1.7752655052622654e-12,1.7752701435069249e-12,1.4315389383483916e-6
13.07,0.173,1.0000000000000001e-7,1.4650143633610292e-6,1.4650143583649227e-6,1.4650377270050908e-6
13.07,0.173,1.6426491045299075e-7,1.465004657907109e-6,1.4650046529053017e-6,1.4650377270050908e-6
13.07,0.173,2.698296080612907e-7,1.4649909206981869e-6,1.4649909157088545e-6,1.4650377270050908e-6
13.07,0.173,4.432353640575351e-7,1.464971476861022e-6,1.4649714718608624e-6,1.4650377270050908e-6
13.07,0.173,7.280801738650976e-7,1.4649439556976738e-6,1.4649439507169254e-6,1.4650377270050908e-6
13.07,0.173,1.1959802456254818e-6,1.4649050015426618e-6,1.4649049965563264e-6,1.4650377270050908e-6
13.07,0.173,1.9645758795121526e-6,1.4648498643876537e-6,1.4648498594111054e-6,1.4650377270050908e-6
13.07,0.173,3.227108809261693e-6,1.4647718201717713e-6,1.4647718152261888e-6,1.4650377270050908e-6
13.07,0.173,5.301007395754297e-6,1.464661349620888e-6,1.4646613446331115e-6,1.4650377270050908e-6
13.07,0.173,8.707695051742211e-6,1.4645049745164e-6,1.4645049696566973e-6,1.4650377270050908e-6
13.07,0.173,1.4303687479263852e-5,1.4642836072218392e-6,1.464283602219934e-6,1.4650377270050908e-6
13.07,0.173,2.3495939429288417e-5,1.4639702070392304e-6,1.4639702023167446e-6,1.4650377270050908e-6
13.07,0.173,3.8595583863609565e-5,1.4635264458912529e-6,1.4635264409839984e-6,1.4650377270050908e-6
13.07,0.173,6.33990012723672e-5,1.4628979503417073e-6,1.4628979457635497e-6,1.4650377270050908e-6
13.07,0.173,0.00010414231266814445,1.4620074807301184e-6,1.4620074762387548e-6,1.4650377270050908e-6
13.07,0.173,0.00017106927664800093,1.4607450848258255e-6,1.4607450802499705e-6,1.4650377270050908e-6
13.07,0.173,0.00028100679409841776,1.4589537384283482e-6,1.4589537350793373e-6,1.4650377270050908e-6
13.07,0.173,0.00046159555869258604,1.45640810159356e-6,1.4564080966950203e-6,1.4650377270050908e-6
13.07,0.173,0.0007582395311413588,1.4527824832262113e-6,1.4527824825229758e-6,1.4650377270050908e-6
13.07,0.173,0.00124552148684853,1.4476013817337429e-6,1.4476013771339476e-6,1.4650377270050908e-6
13.07,0.173,0.002045954755044497,1.4401611261109558e-6,1.4401611308643548e-6,1.4650377270050908e-6
13.07,0.173,0.0033607857462825456,1.4294027631362349e-6,1.429402764867502e-6,1.4650377270050908e-6
13.07,0.173,0.005520591696647901,1.4137029056086107e-6,1.4137029185721357e-6,1.4650377270050908e-6
13.07,0.173,0.009068395006973916,1.3905314709583446e-6,1.3905315046605087e-6,1.4650377270050908e-6
13.07,0.173,0.01489619093772919,1.3559142485678969e-6,1.3559142612227514e-6,1.4650377270050908e-6
13.07,0.173,0.024469214704767362,1.3036786711256003e-6,1.3036788063494565e-6,1.4650377270050908e-6
13.07,0.173,0.04019433362333615,1.2246803165185121e-6,1.2246803104751974e-6,1.4650377270050908e-6
13.07,0.173,0.06602518613354949,1.1068678325462502e-6,1.1068681170915727e-6,1.4650377270050908e-6
13.07,0.173,0.1084562128786955,9.383793632155538e-7,9.383794217479319e-7,1.4650377270050908e-6
13.07,0.173,0.17815550096589414,7.169678537330543e-7,7.169680520296629e-7,1.4650377270050908e-6
13.07,0.173,0.292646974128703,4.6530154172096156e-7,4.653016188219038e-7,1.4650377270050908e-6
13.07,0.173,0.480716289995901,2.367594655934138e-7,2.3675943508099967e-7,1.4650377270050908e-6
13.07,0.173,0.789648183294706,8.591163741410312e-8,8.591156564180509e-8,1.4650377270050908e-6
13.07,0.173,1.297114881182717,2.0277825220225504e-8,2.027782056505918e-8,1.4650377270050908e-6
13.07,0.173,2.1307045980472066,2.9024592347415833e-9,2.902443227169729e-9,1.4650377270050908e-6
13.07,0.173,3.5000000000000004,1.973322604784189e-10,1.9733208563436992e-10,1.4650377270050908e-6
13.07,0.173,3.8,8.895040394235798e-11,8.895016228003602e-11,1.4650377270050908e-6
13.07,0.173,3.98,2.330243780311667e-11,2.3302383725085434e-11,1.4650377270050908e-6
13.07,0.173,3.9998,2.2839777738383578e-12,2.283973221284174e-12,1.4650377270050908e-6
13.07,0.61,1.0000000000000001e-7,1.8174013063440021e-6,1.8174013119259342e-6,1.8174261421411923e-6
13.07,0.61,1.6426491045299075e-7,1.8173909893521565e-6,1.817390994932633e-6,1.8174261421411923e-6
13.07,0.61,2.698296080612907e-7,1.817376386574565e-6,1.8173763921660505e-6,1.8174261421411923e-6
13.07,0.61,4.432353640575351e-7,1.817355717620265e-6,1.817355723198761e-6,1.8174261421411923e-6
13.07,0.61,7.280801738650976e-7,1.8173264624518305e-6,1.8173264680567574e-6,1.8174261421411923e-6
13.07,0.61,1.1959802456254818e-6,1.8172850540530685e-6,1.8172850596379207e-6,1.8174261421411923e-6
13.07,0.61,1.9645758795121526e-6,1.8172264433268694e-6,1.81722644894692e-6,1.8174261421411923e-6
13.07,0.61,3.227108809261693e-6,1.8171434830143079e-6,1.817143488632782e-6,1.8174261421411923e-6
13.07,0.61,5.301007395754297e-6,1.8170260551513543e-6,1.8170260607742546e-6,1.8174261421411923e-6
13.07,0.61,8.707695051742211e-6,1.8168598348320126e-6,1.816859840540687e-6,1.8174261421411923e-6
13.07,0.61,1.4303687479263852e-5,1.8166245376117603e-6,1.816624543206641e-6,1.8174261421411923e-6
13.07,0.61,2.3495939429288417e-5,1.8162914324482913e-6,1.8162914383360558e-6,1.8174261421411923e-6
13.07,0.61,3.8595583863609565e-5,1.8158198069218832e-6,1.815819812512465e-6,1.8174261421411923e-6
13.07,0.61,6.33990012723672e-5,1.8151519311377672e-6,1.8151519372942582e-6,1.8174261421411923e-6
13.07,0.61,0.00010414231266814445,1.8142058555576241e-6,1.8142058614153889e-6,1.8174261421411923e-6
13.07,0.61,0.00017106927664800093,1.812865051746502e-6,1.812865058151213e-6,1.8174261421411923e-6
13.07,0.61,0.00028100679409841776,1.8109633841478628e-6,1.810963391022508e-6,1.8174261421411923e-6
13.07,0.61,0.00046159555869258604,1.8082630387297982e-6,1.808263045038083e-6,1.8174261421411923e-6
13.07,0.61,0.0007582395311413588,1.8044215562369252e-6,1.8044215659028203e-6,1.8174261421411923e-6
13.07,0.61,0.00124552148684853,1.7989415146799894e-6,1.7989415202865035e-6,1.8174261421411923e-6
13.07,0.61,0.002045954755044497,1.7910917665895083e-6,1.7910917830655714e-6,1.8174261421411923e-6
13.07,0.61,0.0033607857462825456,1.779780963703779e-6,1.7797809713067079e-6,1.8174261421411923e-6
13.07,0.61,0.005520591696647901,1.7633503848269012e-6,1.7633504156598899e-6,1.8174261421411923e-6
13.07,0.61,0.009068395006973916,1.7392326754080379e-6,1.7392327044677734e-6,1.8174261421411923e-6
13.07,0.61,0.01489619093772919,1.7034015750834545e-6,1.703401623543339e-6,1.8174261421411923e-6
13.07,0.61,0.024469214704767362,1.649545614721886e-6,1.6495457376972123e-6,1.8174261421411923e-6
13.07,0.61,0.04019433362333615,1.5680370515856177e-6,1.5680370845539444e-6,1.8174261421411923e-6
13.07,0.61,0.06602518613354949,1.4452844959521132e-6,1.4452848339036765e-6,1.8174261421411923e-6
13.07,0.61,0.1084562128786955,1.2653453728557617e-6,1.2653453814520826e-6,1.8174261421411923e-6
13.07,0.61,0.17815550096589414,1.0176052709090752e-6,1.0176056783275752e-6,1.8174261421411923e-6
13.07,0.61,0.292646974128703,7.137143494242553e-7,7.137144430420124e-7,1.8174261421411923e-6
13.07,0.61,0.480716289995901,4.0499228280537777e-7,4.0499230852231936e-7,1.8174261421411923e-6
13.07,0.61,0.789648183294706,1.6850761034967109e-7,1.6850756175937958e-7,1.8174261421411923e-6
13.07,0.61,1.297114881182717,4.595959852785073e-8,4.595956159238894e-8,1.8174261421411923e-6
13.07,0.61,2.1307045980472066,7.365890824165614e-9,7.3658507548226234e-9,1.8174261421411923e-6
13.07,0.61,3.5000000000000004,5.202327658515267e-10,5.202328117314442e-10,1.8174261421411923e-6
13.07,0.61,3.8,2.340457279113645e-10,2.340441374402247e-10,1.8174261421411923e-6
13.07,0.61,3.98,6.119606809410209e-11,6.119596731618979e-11,1.8174261421411923e-6
13.07,0.61,3.9998,5.996691077751638e-12,5.996685826258699e-12,1.8174261421411923e-6
13.07,1.73,1.0000000000000001e-7,3.929758558156073e-6,3.929758600221907e-6,3.929799953681637e-6
13.07,1.73,1.6426491045299075e-7,3.929741362132585e-6,3.929741405224423e-6,3.929799953681637e-6
13.07,1.73,2.698296080612907e-7,3.929717022720478e-6,3.929717065787174e-6,3.929799953681637e-6
13.07,1.73,4.432353640575351e-7,3.9296825724544126e-6,3.929682615548978e-6,3.929799953681637e-6
13.07,1.73,7.280801738650976e-7,3.929633811095617e-6,3.929633854158863e-6,3.929799953681637e-6
13.07,1.73,1.1959802456254818e-6,3.929564793440722e-6,3.929564836564112e-6,3.929799953681637e-6
13.07,1.73,1.9645758795121526e-6,3.929467104247116e-6,3.9294671473301054e-6,3.929799953681637e-6
13.07,1.73,3.227108809261693e-6,3.929328831690737e-6,3.9293288748420085e-6,3.929799953681637e-6
13.07,1.73,5.301007395754297e-6,3.929133113778234e-6,3.929133156946379e-6,3.929799953681637e-6
13.07,1.73,8.707695051742211e-6,3.928856079521695e-6,3.928856122665994e-6,3.929799953681637e-6
13.07,1.73,1.4303687479263852e-5,3.928463931640433e-6,3.928463975022109e-6,3.929799953681637e-6
13.07,1.73,2.3495939429288417e-5,3.927908810034974e-6,3.927908853106501e-6,3.929799953681637e-6
13.07,1.73,3.8595583863609565e-5,3.927122920155099e-6,3.9271229639380335e-6,3.929799953681637e-6
13.07,1.73,6.33990012723672e-5,3.926010184223521e-6,3.926010227337032e-6,3.929799953681637e-6
13.07,1.73,0.00010414231266814445,3.924434338463947e-6,3.924434382803291e-6,3.929799953681637e-6
13.07,1.73,0.00017106927664800093,3.922201893113804e-6,3.922201936961424e-6,3.929799953681637e-6
13.07,1.73,0.00028100679409841776,3.919037584398193e-6,3.9190376291408685e-6,3.929799953681637e-6
13.07,1.73,0.00046159555869258604,3.914548680440625e-6,3.914548726822672e-6,3.929799953681637e-6
13.07,1.73,0.0007582395311413588,3.908172388330028e-6,3.9081724325641545e-6,3.929799953681637e-6
13.07,1.73,0.00124552148684853,3.89909695851361e-6,3.89909701158971e-6,3.929799953681637e-6
13.07,1.73,0.002045954755044497,3.886140622267741e-6,3.886140665055666e-6,3.929799953681637e-6
13.07,1.73,0.0033607857462825456,3.867560974963638e-6,3.8675610439001346e-6,3.929799953681637e-6
13.07,1.73,0.005520591696647901,3.840747219637944e-6,3.840747269921758e-6,3.929799953681637e-6
13.07,1.73,0.009068395006973916,3.8017142935196907e-6,3.8017143940196443e-6,3.929799953681637e-6
13.07,1.73,0.01489619093772919,3.7442701046377564e-6,3.744270214963229e-6,3.929799953681637e-6
13.07,1.73,0.024469214704767362,3.6586835943155073e-6,3.6586837257062653e-6,3.929799953681637e-6
13.07,1.73,0.04019433362333615,3.5297305250380796e-6,3.5297308761057703e-6,3.929799953681637e-6
13.07,1.73,0.06602518613354949,3.334412003207422e-6,3.334412083706719e-6,3.929799953681637e-6
13.07,1.73,0.1084562128786955,3.0410708062441833e-6,3.041071658010309e-6,3.929799953681637e-6
13.07,1.73,0.17815550096589414,2.614952399393187e-6,2.6149524796815816e-6,3.929799953681637e-6
13.07,1.73,0.292646974128703,2.0395075269648757e-6,2.0395084482870246e-6,3.929799953681637e-6
13.07,1.73,0.480716289995901,1.3582367762190577e-6,1.3582370506843352e-6,3.929799953681637e-6
13.07,1.73,0.789648183294706,7.068053377611754e-7,7.068053346532521e-7,3.929799953681637e-6
13.07,1.73,1.297114881182717,2.5491288638201227e-7,2.549126989752712e-7,3.929799953681637e-6
13.07,1.73,2.1307045980472066,5.477343070841198e-8,5.477334220700142e-8,3.929799953681637e-6
13.07,1.73,3.5000000000000004,4.8370583082216915e-9,4.836999380159188e-9,3.929799953681637e-6
13.07,1.73,3.8,2.227490923417573e-9,2.2274879809968633e-9,3.929799953681637e-6
13.07,1.73,3.98,5.889042609287931e-10,5.888990708386636e-10,3.929799953681637e-6
13.07,1.73,3.9998,5.7770967061969425e-11,5.7770439134151434e-11,3.929799953681637e-6
13.07,4.71,1.0000000000000001e-7,1.660082108941747e-5,1.6601065954622452e-5,1.6600952549209994e-5
13.07,4.71,1.6426491045299075e-7,1.6600780954402912e-5,1.660102581588111e-5,1.6600952549209994e-5
13.07,4.71,2.698296080612907e-7,1.6600709672590482e-5,1.6600954536857536e-5,1.6600952549209994e-5
13.07,4.71,4.432353640575351e-7,1.6600608779655837e-5,1.6600853643173046e-5,1.6600952549209994e-5
13.07,4.71,7.280801738650976e-7,1.66004659747274e-5,1.6600710836956636e-5,1.6600952549209994e-5
13.07,4.71,1.1959802456254818e-6,1.6600263846798905e-5,1.6600508707502697e-5,1.6600952549209994e-5
13.07,4.71,1.9645758795121526e-6,1.6599977751594476e-5,1.660022260980203e-5,1.6600952549209994e-5
13.07,4.71,3.227108809261693e-6,1.6599572806012042e-5,1.6599817660989075e-5,1.6600952549209994e-5
13.07,4.71,5.301007395754297e-6,1.6598999632985457e-5,1.6599244483259265e-5,1.6600952549209994e-5
13.07,4.71,8.707695051742211e-6,1.6598188336312338e-5,1.659843317963998e-5,1.6600952549209994e-5
13.07,4.71,1.4303687479263852e-5,1.6597039967026078e-5,1.6597284801501776e-5,1.6600952549209994e-5
13.07,4.71,2.3495939429288417e-5,1.6595414432105857e-5,1.659565925197984e-5,1.6600952549209994e-5
13.07,4.71,3.8595583863609565e-5,1.6593113351280953e-5,1.6593358153964553e-5,1.6600952549209994e-5
13.07,4.71,6.33990012723672e-5,1.6589855726137468e-5,1.6590100499698748e-5,1.6600952549209994e-5
13.07,4.71,0.00010414231266814445,1.65852433515401e-5,1.658548808968671e-5,1.6600952549209994e-5
13.07,4.71,0.00017106927664800093,1.6578711518790717e-5,1.657895620133134e-5,1.6600952549209994e-5
13.07,4.71,0.00028100679409841776,1.656945847688124e-5,1.6569703083474863e-5,1.6600952549209994e-5
13.07,4.71,0.00046159555869258604,1.6556343887812136e-5,1.655658839033888e-5,1.6600952549209994e-5
13.07,4.71,0.0007582395311413588,1.6537741331950797e-5,1.65379856710189e-5,1.6600952549209994e-5
13.07,4.71,0.00124552148684853,1.6511321303406917e-5,1.6511565446854793e-5,1.6600952549209994e-5
13.07,4.71,0.002045954755044497,1.6473726298825776e-5,1.647397010054267e-5,1.6600952549209994e-5
13.07,4.71,0.0033607857462825456,1.6420073379669137e-5,1.6420316799370278e-5,1.6600952549209994e-5
13.07,4.71,0.005520591696647901,1.6343172758864644e-5,1.6343415500919647e-5,1.6600952549209994e-5
13.07,4.71,0.009068395006973916,1.623226848592053e-5,1.623251041897751e-5,1.6600952549209994e-5
13.07,4.71,0.01489619093772919,1.6070969440868202e-5,1.607121010793242e-5,1.6600952549209994e-5
13.07,4.71,0.024469214704767362,1.5833836293431165e-5,1.5834075047295423e-5,1.6600952549209994e-5
13.07,4.71,0.04019433362333615,1.548088662048553e-5,1.5481123178619102e-5,1.6600952549209994e-5
13.07,4.71,0.06602518613354949,1.494940690193331e-5,1.4949638525481474e-5,1.6600952549209994e-5
13.07,4.71,0.1084562128786955,1.4143992984185845e-5,1.4144220545713281e-5,1.6600952549209994e-5
13.07,4.71,0.17815550096589414,1.2931303670839275e-5,1.2931519286519762e-5,1.6600952549209994e-5
13.07,4.71,0.292646974128703,1.1159646349631734e-5,1.1159849973366145e-5,1.6600952549209994e-5
13.07,4.71,0.480716289995901,8.74325390690507e-6,8.743431246034382e-6,1.6600952549209994e-5
13.07,4.71,0.789648183294706,5.840597672061178e-6,5.8407377280378136e-6,1.6600952549209994e-5
13.07,4.71,1.297114881182717,3.0170507865812974e-6,3.0171407582260097e-6,1.6600952549209994e-5
13.07,4.71,2.1307045980472066,1.0335333246467384e-6,1.0335730240811933e-6,1.6600952549209994e-5
13.07,4.71,3.5000000000000004,1.5060193576273304e-7,1.506080929185319e-7,1.6600952549209994e-5
13.07,4.71,3.8,7.466348750857029e-8,7.466719449055018e-8,1.6600952549209994e-5
13.07,4.71,3.98,2.052376228636856e-8,2.0524624504248355e-8,1.6600952549209994e-5
13.07,4.71,3.9998,2.0215399023414208e-9,2.0216244409708257e-9,1.6600952549209994e-5
13.61,0.00113,1.0000000000000001e-7,6.959807079357823e-6,6.959807081609094e-6,6.9599466573321e-6
13.61,0.00113,1.6426491045299075e-7,6.9597490974155715e-6,6.959749100207556e-6,6.9599466573321e-6
13.61,0.00113,2.698296080612907e-7,6.959667029015821e-6,6.959667032552286e-6,6.9599466573321e-6
13.61,0.00113,4.432353640575351e-7,6.959550868015429e-6,6.959550872694224e-6,6.9599466573321e-6
13.61,0.00113,7.280801738650976e-7,6.959386451047455e-6,6.959386457144182e-6,6.9599466573321e-6
13.61,0.00113,1.1959802456254818e-6,6.959153729794949e-6,6.959153738242858e-6,6.9599466573321e-6
13.61,0.00113,1.9645758795121526e-6,6.958824324531373e-6,6.958824335820579e-6,6.9599466573321e-6
13.61,0.00113,3.227108809261693e-6,6.9583580590346205e-6,6.958358074955673e-6,6.9599466573321e-6
13.61,0.00113,5.301007395754297e-6,6.9576980506983675e-6,6.9576980725791225e-6,6.9599466573321e-6
13.61,0.00113,8.707695051742211e-6,6.956763748749512e-6,6.9567637794401e-6,6.9599466573321e-6
13.61,0.00113,1.4303687479263852e-5,6.955441052509006e-6,6.955441095884719e-6,6.9599466573321e-6
13.61,0.00113,2.3495939429288417e-5,6.9535682612518345e-6,6.9535683212645466e-6,6.9599466573321e-6
13.61,0.00113,3.8595583863609565e-5,6.9509160443263575e-6,6.950916131080109e-6,6.9599466573321e-6
13.61,0.00113,6.33990012723672e-5,6.947158769399246e-6,6.9471588886303205e-6,6.9599466573321e-6
13.61,0.00113,0.00010414231266814445,6.941833204556889e-6,6.9418333787056106e-6,6.9599466573321e-6
13.61,0.00113,0.00017106927664800093,6.934278485411179e-6,6.9342787274307004e-6,6.9599466573321e-6
13.61,0.00113,0.00028100679409841776,6.923547698579004e-6,6.92354805033985e-6,6.9599466573321e-6
13.61,0.00113,0.00046159555869258604,6.90827533432677e-6,6.90827583704802e-6,6.9599466573321e-6
13.61,0.00113,0.0007582395311413588,6.886474098081733e-6,6.88647482112938e-6,6.9599466573321e-6
13.61,0.00113,0.00124552148684853,6.855215437333663e-6,6.85521651802784e-6,6.9599466573321e-6
13.61,0.00113,0.002045954755044497,6.8101147567316365e-6,6.8101163044148285e-6,6.9599466573321e-6
13.61,0.00113,0.0033607857462825456,6.74448749497541e-6,6.744489945836111e-6,6.9599466573321e-6
13.61,0.00113,0.005520591696647901,6.647964862868086e-6,6.6479684405533035e-6,6.9599466573321e-6
13.61,0.00113,0.009068395006973916,6.50429085678791e-6,6.504296742075051e-6,6.9599466573321e-6
13.61,0.00113,0.01489619093772919,6.288113753797204e-6,6.288122706517715e-6,6.9599466573321e-6
13.61,0.00113,0.024469214704767362,5.9612870817077155e-6,5.9613012814802235e-6,6.9599466573321e-6
13.61,0.00113,0.04019433362333615,5.471515583476727e-6,5.471537191087534e-6,6.9599466573321e-6
13.61,0.00113,0.06602518613354949,4.761350150924242e-6,4.761379831996218e-6,6.9599466573321e-6
13.61,0.00113,0.1084562128786955,3.8015227714296995e-6,3.8015610216748092e-6,6.9599466573321e-6
13.61,0.00113,0.17815550096589414,2.6542886568535836e-6,2.654327639384623e-6,6.9599466573321e-6
13.61,0.00113,0.292646974128703,1.52112602405618e-6,1.5211570606807282e-6,6.9599466573321e-6
13.61,0.00113,0.480716289995901,6.657402295996555e-7,6.657576232704646e-7,6.9599466573321e-6
13.61,0.00113,0.789648183294706,2.085700632733835e-7,2.0857602568703402e-7,6.9599466573321e-6
13.61,0.00113,1.297114881182717,4.506052838753388e-8,4.50617563798093e-8,6.9599466573321e-6
13.61,0.00113,2.1307045980472066,6.661783912221201e-9,6.661905300887172e-9,6.9599466573321e-6
13.61,0.00113,3.5000000000000004,5.392082116571462e-10,5.392072468521359e-10,6.9599466573321e-6
13.61,0.00113,3.8,2.522863107802435e-10,2.5228537942264257e-10,6.9599466573321e-6
13.61,0.00113,3.98,6.749701149150247e-11,6.749661786851017e-11,6.9599466573321e-6
13.61,0.00113,3.9998,6.630569204598613e-12,6.630527834468903e-12,6.9599466573321e-6
13.61,0.0037,1.0000000000000001e-7,6.959601853954969e-6,6.959601853122925e-6,6.9597412583032395e-6
13.61,0.0037,1.6426491045299075e-7,6.959543944139016e-6,6.959543943351025e-6,6.9597412583032395e-6
13.61,0.0037,2.698296080612907e-7,6.959461977828426e-6,6.959461976990116e-6,6.9597412583032395e-6
13.61,0.0037,4.432353640575351e-7,6.959345961328269e-6,6.9593459605962895e-6,6.9597412583032395e-6
13.61,0.0037,7.280801738650976e-7,6.959181748892765e-6,6.959181748082417e-6,6.9597412583032395e-6
13.61,0.0037,1.1959802456254818e-6,6.958949317150385e-6,6.958949316484056e-6,6.9597412583032395e-6
13.61,0.0037,1.9645758795121526e-6,6.9586203216924216e-6,6.958620321021458e-6,6.9597412583032395e-6
13.61,0.0037,3.227108809261693e-6,6.95815463630863e-6,6.958154635664814e-6,6.9597412583032395e-6
13.61,0.0037,5.301007395754297e-6,6.9574954492319614e-6,6.9574954489322e-6,6.9597412583032395e-6
13.61,0.0037,8.707695051742211e-6,6.956562310074833e-6,6.956562309340378e-6,6.9597412583032395e-6
13.61,0.0037,1.4303687479263852e-5,6.955241260515928e-6,6.955241260957216e-6,6.9597412583032395e-6
13.61,0.0037,2.3495939429288417e-5,6.953370801940114e-6,6.9533708012226295e-6,6.9597412583032395e-6
13.61,0.0037,3.8595583863609565e-5,6.950721891154378e-6,6.950721892731466e-6,6.9597412583032395e-6
13.61,0.0037,6.33990012723672e-5,6.946969305820257e-6,6.946969306236739e-6,6.9597412583032395e-6
13.61,0.0037,0.00010414231266814445,6.9416504013010126e-6,6.9416504040197385e-6,6.9597412583032395e-6
13.61,0.0037,0.00017106927664800093,6.934105159847086e-6,6.934105164500496e-6,6.9597412583032395e-6
13.61,0.0037,0.00028100679409841776,6.9233879000852854e-6,6.9233879027593405e-6,6.9597412583032395e-6
13.61,0.0037,0.00046159555869258604,6.908134928623713e-6,6.908134944998976e-6,6.9597412583032395e-6
13.61,0.0037,0.0007582395311413588,6.886361675059814e-6,6.8863616756518035e-6,6.9597412583032395e-6
13.61,0.0037,0.00124552148684853,6.855143758178331e-6,6.855143803679714e-6,6.9597412583032395e-6
13.61,0.0037,0.002045954755044497,6.8101031116763806e-6,6.810103122262847e-6,6.9597412583032395e-6
13.61,0.0037,0.0033607857462825456,6.744565583598637e-6,6.74456569184895e-6,6.9597412583032395e-6
13.61,0.0037,0.005520591696647901,6.64817909715104e-6,6.648179200530656e-6,6.9597412583032395e-6
13.61,0.0037,0.009068395006973916,6.504714048169883e-6,6.504714237536021e-6,6.9597412583032395e-6
13.61,0.0037,0.01489619093772919,6.288857995586809e-6,6.288858481932696e-6,6.9597412583032395e-6
13.61,0.0037,0.024469214704767362,5.962514686311486e-6,5.962514833287738e-6,6.9597412583032395e-6
13.61,0.0037,0.04019433362333615,5.473429497809972e-6,5.473430743280086e-6,6.9597412583032395e-6
13.61,0.0037,0.06602518613354949,4.764121815541603e-6,4.764121893481317e-6,6.9597412583032395e-6
13.61,0.0037,0.1084562128786955,3.8051084897327627e-6,3.8051096083500375e-6,6.9597412583032395e-6
13.61,0.0037,0.17815550096589414,2.6581894346803714e-6,2.6581896362116116e-6,6.9597412583032395e-6
13.61,0.0037,0.292646974128703,1.524418593353374e-6,1.5244183578932657e-6,6.9597412583032395e-6
13.61,0.0037,0.480716289995901,6.67706185527969e-7,6.677058952398268e-7,6.9597412583032395e-6
13.61,0.0037,0.789648183294706,2.093308567908253e-7,2.0933076237645018e-7,6.9597412583032395e-6
13.61,0.0037,1.297114881182717,4.523974396104714e-8,4.52396639036795e-8,6.9597412583032395e-6
13.61,0.0037,2.1307045980472066,6.686475719305899e-9,6.686474026981487e-9,6.9597412583032395e-6
13.61,0.0037,3.5000000000000004,5.407423182854944e-10,5.407418323664422e-10,6.9597412583032395e-6
13.61,0.0037,3.8,2.5296094655260503e-10,2.5296100240801254e-10,6.9597412583032395e-6
13.61,0.0037,3.98,6.76710445893952e-11,6.767119894461061e-11,6.9597412583032395e-6
13.61,0.0037,3.9998,6.647597755782156e-12,6.647613347596632e-12,6.9597412583032395e-6
13.61,0.0127,1.0000000000000001e-7,6.959587059825779e-6,6.959587058989584e-6,6.959725875114671e-6
13.61,0.0127,1.6426491045299075e-7,6.959529394712096e-6,6.959529393850005e-6,6.959725875114671e-6
13.61,0.0127,2.698296080612907e-7,6.959447774758553e-6,6.959447773966315e-6,6.959725875114671e-6
13.61,0.0127,4.432353640575351e-7,6.959332248503234e-6,6.9593322476383725e-6,6.959725875114671e-6
13.61,0.0127,7.280801738650976e-7,6.959168729983659e-6,6.959168729257202e-6,6.959725875114671e-6
13.61,0.0127,1.1959802456254818e-6,6.958937280460775e-6,6.958937279655032e-6,6.959725875114671e-6
13.61,0.0127,1.9645758795121526e-6,6.9586096753492124e-6,6.9586096746811525e-6,6.959725875114671e-6
13.61,0.0127,3.227108809261693e-6,6.958145958115492e-6,6.9581459575291035e-6,6.959725875114671e-6
13.61,0.0127,5.301007395754297e-6,6.957489557332858e-6,6.957489556638541e-6,6.959725875114671e-6
13.61,0.0127,8.707695051742211e-6,6.956560363201196e-6,6.956560363137226e-6,6.959725875114671e-6
13.61,0.0127,1.4303687479263852e-5,6.9552449003987625e-6,6.955244899554788e-6,6.959725875114671e-6
13.61,0.0127,2.3495939429288417e-5,6.953382356061103e-6,6.953382356946892e-6,6.959725875114671e-6
13.61,0.0127,3.8595583863609565e-5,6.950744662376832e-6,6.950744661782563e-6,6.959725875114671e-6
13.61,0.0127,6.33990012723672e-5,6.9470079882723875e-6,6.9470079904337835e-6,6.959725875114671e-6
13.61,0.0127,0.00010414231266814445,6.9417116821875735e-6,6.941711683643503e-6,6.959725875114671e-6
13.61,0.0127,0.00017106927664800093,6.93419860015822e-6,6.934198603177317e-6,6.959725875114671e-6
13.61,0.0127,0.00028100679409841776,6.923527243747582e-6,6.9235272519398175e-6,6.959725875114671e-6
13.61,0.0127,0.00046159555869258604,6.908340088663294e-6,6.908340090376007e-6,6.959725875114671e-6
13.61,0.0127,0.0007582395311413588,6.886661821506775e-6,6.88666184778675e-6,6.959725875114671e-6
13.61,0.0127,0.00124552148684853,6.855582244281014e-6,6.855582243749822e-6,6.959725875114671e-6
13.61,0.0127,0.002045954755044497,6.810745506612234e-6,6.810745576687043e-6,6.959725875114671e-6
13.61,0.0127,0.0033607857462825456,6.74551290215231e-6,6.745512929129618e-6,6.959725875114671e-6
13.61,0.0127,0.005520591696647901,6.649589301084364e-6,6.649589453344982e-6,6.959725875114671e-6
13.61,0.0127,0.009068395006973916,6.506835095719587e-6,6.506835303750928e-6,6.959725875114671e-6
13.61,0.0127,0.01489619093772919,6.292071757076717e-6,6.292071958635464e-6,6.959725875114671e-6
13.61,0.0127,0.024469214704767362,5.9673740222723506e-6,5.9673748111759525e-6,6.959725875114671e-6
13.61,0.0127,0.04019433362333615,5.4806245929973355e-6,5.4806246407738435e-6,6.959725875114671e-6
13.61,0.0127,0.06602518613354949,4.774231051690717e-6,4.774232440573738e-6,6.959725875114671e-6
13.61,0.0127,0.1084562128786955,3.817964862420705e-6,3.8179649760385295e-6,6.959725875114671e-6
13.61,0.0127,0.17815550096589414,2.6720508155402937e-6,2.672051200675394e-6,6.959725875114671e-6
13.61,0.0127,0.292646974128703,1.5360743438643507e-6,1.5360743052673457e-6,6.959725875114671e-6
13.61,0.0127,0.480716289995901,6.746616672025697e-7,6.746613895819117e-7,6.959725875114671e-6
13.61,0.0127,0.789648183294706,2.120258836814564e-7,2.120256874785053e-7,6.959725875114671e-6
13.61,0.0127,1.297114881182717,4.587591304188494e-8,4.58758959818728e-8,6.959725875114671e-6
13.61,0.0127,2.1307045980472066,6.774356074622822e-9,6.7743359425812855e-9,6.959725875114671e-6
13.61,0.0127,3.5000000000000004,5.462276914873442e-10,5.46227590337699e-10,6.959725875114671e-6
13.61,0.0127,3.8,2.553760662459788e-10,2.553761171487513e-10,6.959725875114671e-6
13.61,0.0127,3.98,6.829452591069429e-11,6.829448678243997e-11,6.959725875114671e-6
13.61,0.0127,3.9998,6.708608337967854e-12,6.7086048403083984e-12,6.959725875114671e-6
13.61,0.047,1.0000000000000001e-7,6.9692894176301455e-6,6.969289406762478e-6,6.969426246325141e-6
13.61,0.047,1.6426491045299075e-7,6.969232577771575e-6,6.9692325669148e-6,6.969426246325141e-6
13.61,0.047,2.698296080612907e-7,6.969152125903065e-6,6.969152115076887e-6,6.969426246325141e-6
13.61,0.047,4.432353640575351e-7,6.969038252993864e-6,6.969038242125495e-6,6.969426246325141e-6
13.61,0.047,7.280801738650976e-7,6.968877074702101e-6,6.968877063963579e-6,6.969426246325141e-6
13.61,0.047,1.1959802456254818e-6,6.96864893771581e-6,6.9686489268314606e-6,6.969426246325141e-6
13.61,0.047,1.9645758795121526e-6,6.968326021564478e-6,6.968326010965131e-6,6.969426246325141e-6
13.61,0.047,3.227108809261693e-6,6.967868941975618e-6,6.967868931182376e-6,6.969426246325141e-6
13.61,0.047,5.301007395754297e-6,6.967221938132437e-6,6.967221927674408e-6,6.969426246325141e-6
13.61,0.047,8.707695051742211e-6,6.9663060490122844e-6,6.966306038620333e-6,6.969426246325141e-6
13.61,0.047,1.4303687479263852e-5,6.965009428548453e-6,6.96500941807753e-6,6.969426246325141e-6
13.61,0.047,2.3495939429288417e-5,6.96317357734988e-6,6.963173567985167e-6,6.969426246325141e-6
13.61,0.047,3.8595583863609565e-5,6.960573718858559e-6,6.960573708062941e-6,6.969426246325141e-6
13.61,0.047,6.33990012723672e-5,6.9568907180765445e-6,6.956890710726021e-6,6.969426246325141e-6
13.61,0.047,0.00010414231266814445,6.951670654185005e-6,6.9516706435809056e-6,6.969426246325141e-6
13.61,0.047,0.00017106927664800093,6.944266095390492e-6,6.944266091145812e-6,6.969426246325141e-6
13.61,0.047,0.00028100679409841776,6.933749695270287e-6,6.933749688491738e-6,6.969426246325141e-6
13.61,0.047,0.00046159555869258604,6.9187848336087745e-6,6.918784832570951e-6,6.969426246325141e-6
13.61,0.047,0.0007582395311413588,6.897427629824814e-6,6.897427638407225e-6,6.969426246325141e-6
13.61,0.047,0.00124552148684853,6.866816172150941e-6,6.8668161702354074e-6,6.969426246325141e-6
13.61,0.047,0.002045954755044497,6.82267047199347e-6,6.822670530237355e-6,6.969426246325141e-6
13.61,0.047,0.0033607857462825456,6.7584732391906245e-6,6.7584732288913595e-6,6.969426246325141e-6
13.61,0.047,0.005520591696647901,6.664124953834396e-6,6.664125147540177e-6,6.969426246325141e-6
13.61,0.047,0.009068395006973916,6.52379570398469e-6,6.523795752564586e-6,6.969426246325141e-6
13.61,0.047,0.01489619093772919,6.312767685845122e-6,6.312768120202146e-6,6.969426246325141e-6
13.61,0.047,0.024469214704767362,5.993700752328078e-6,5.99370120400555e-6,6.969426246325141e-6
13.61,0.047,0.04019433362333615,5.514932182120986e-6,5.514932662371897e-6,6.969426246325141e-6
13.61,0.047,0.06602518613354949,4.818420595454541e-6,4.818421793093773e-6,6.969426246325141e-6
13.61,0.047,0.1084562128786955,3.87120079844327e-6,3.871200847124879e-6,6.969426246325141e-6
13.61,0.047,0.17815550096589414,2.7277531709997874e-6,2.727753699576661e-6,6.969426246325141e-6
13.61,0.047,0.292646974128703,1.582303718309961e-6,1.5823036927634595e-6,6.969426246325141e-6
13.61,0.047,0.480716289995901,7.02196010671936e-7,7.021955458501103e-7,6.969426246325141e-6
13.61,0.047,0.789648183294706,2.227442914396922e-7,2.2274419282518297e-7,6.969426246325141e-6
13.61,0.047,1.297114881182717,4.842530870456172e-8,4.842524658480996e-8,6.969426246325141e-6
13.61,0.047,2.1307045980472066,7.129834641191542e-9,7.1298183141112595e-9,6.969426246325141e-6
13.61,0.047,3.5000000000000004,5.687659899414046e-10,5.687661357924662e-10,6.969426246325141e-6
13.61,0.047,3.8,2.6533847750781657e-10,2.653383116288172e-10,6.969426246325141e-6
13.61,0.047,3.98,7.087266650767866e-11,7.087267954765096e-11,6.969426246325141e-6
13.61,0.047,3.9998,6.960959755187603e-12,6.9609634213226505e-12,6.969426246325141e-6
13.61,0.173,1.0000000000000001e-7,7.125639538014647e-6,7.1256395132473045e-6,7.12577206829402e-6
13.61,0.173,1.6426491045299075e-7,7.125584483775709e-6,7.125584458978411e-6,7.12577206829402e-6
13.61,0.173,2.698296080612907e-7,7.1255065593218805e-6,7.125506534578001e-6,7.12577206829402e-6
13.61,0.173,4.432353640575351e-7,7.125396263816605e-6,7.125396239059575e-6,7.12577206829402e-6
13.61,0.173,7.280801738650976e-7,7.125240149200114e-6,7.125240124466482e-6,7.12577206829402e-6
13.61,0.173,1.1959802456254818e-6,7.125019179819797e-6,7.125019155179007e-6,7.12577206829402e-6
13.61,0.173,1.9645758795121526e-6,7.12470640977244e-6,7.124706385005708e-6,7.12577206829402e-6
13.61,0.173,3.227108809261693e-6,7.124263693407155e-6,7.1242636690074665e-6,7.12577206829402e-6
13.61,0.173,5.301007395754297e-6,7.123637024785547e-6,7.123636999985714e-6,7.12577206829402e-6
13.61,0.173,8.707695051742211e-6,7.12274993069262e-6,7.122749906669555e-6,7.12577206829402e-6
13.61,0.173,1.4303687479263852e-5,7.121494095296384e-6,7.121494070777691e-6,7.12577206829402e-6
13.61,0.173,2.3495939429288417e-5,7.11971603628506e-6,7.119716012635172e-6,7.12577206829402e-6
13.61,0.173,3.8595583863609565e-5,7.1171981242865595e-6,7.117198100934379e-6,7.12577206829402e-6
13.61,0.173,6.33990012723672e-5,7.113631443708341e-6,7.1136314200025504e-6,7.12577206829402e-6
13.61,0.173,0.00010414231266814445,7.108576768478636e-6,7.108576748147667e-6,7.12577206829402e-6
13.61,0.173,0.00017106927664800093,7.101407974323718e-6,7.101407949728508e-6,7.12577206829402e-6
13.61,0.173,0.00028100679409841776,7.0912289843938424e-6,7.091228970408647e-6,7.12577206829402e-6
13.61,0.173,0.00046159555869258604,7.076749828486223e-6,7.07674980485915e-6,7.12577206829402e-6
13.61,0.173,0.0007582395311413588,7.056097700467101e-6,7.056097697903803e-6,7.12577206829402e-6
13.61,0.173,0.00124552148684853,7.02652165121597e-6,7.026521642236607e-6,7.12577206829402e-6
13.61,0.173,0.002045954755044497,6.98391921818338e-6,6.983919230734204e-6,7.12577206829402e-6
13.61,0.173,0.0033607857462825456,6.9220624474246685e-6,6.9220625066713705e-6,7.12577206829402e-6
13.61,0.173,0.005520591696647901,6.83132519721492e-6,6.831325207674234e-6,7.12577206829402e-6
13.61,0.173,0.009068395006973916,6.696633833199832e-6,6.696634125665404e-6,7.12577206829402e-6
13.61,0.173,0.01489619093772919,6.494391548780476e-6,6.494391521772753e-6,7.12577206829402e-6
13.61,0.173,0.024469214704767362,6.188630554515412e-6,6.18863134656625e-6,7.12577206829402e-6
13.61,0.173,0.04019433362333615,5.728522284104296e-6,5.728522488322046e-6,7.12577206829402e-6
13.61,0.173,0.06602518613354949,5.053999594398649e-6,5.054000624191923e-6,7.12577206829402e-6
13.61,0.173,0.1084562128786955,4.123045798499676e-6,4.123046573859179e-6,7.12577206829402e-6
13.61,0.173,0.17815550096589414,2.97183801506529e-6,2.971838213593231e-6,7.12577206829402e-6
13.61,0.173,0.292646974128703,1.7776989731694959e-6,1.777698959059345e-6,7.12577206829402e-6
13.61,0.173,0.480716289995901,8.181246295535462e-7,8.181245786779725e-7,7.12577206829402e-6
13.61,0.173,0.789648183294706,2.686489986279396e-7,2.68648661976419e-7,7.12577206829402e-6
13.61,0.173,1.297114881182717,5.963617204390658e-8,5.963616542139653e-8,7.12577206829402e-6
13.61,0.173,2.1307045980472066,8.73992253570187e-9,8.739893464381259e-9,7.12577206829402e-6
13.61,0.173,3.5000000000000004,6.751666196642887e-10,6.751655334705879e-10,7.12577206829402e-6
13.61,0.173,3.8,3.1282386259126573e-10,3.1282412612007563e-10,7.12577206829402e-6
13.61,0.173,3.98,8.323321832918958e-11,8.323319443299347e-11,7.12577206829402e-6
13.61,0.173,3.9998,8.171604711183377e-12,8.17160123016944e-12,7.12577206829402e-6
13.61,0.61,1.0000000000000001e-7,8.818915063544934e-6,8.818915089589845e-6,8.819055944601695e-6
13.61,0.61,1.6426491045299075e-7,8.818856540369354e-6,8.818856566377131e-6,8.819055944601695e-6
13.61,0.61,2.698296080612907e-7,8.818773706004505e-6,8.818773732086704e-6,8.819055944601695e-6
13.61,0.61,4.432353640575351e-7,8.818656461083747e-6,8.818656487111037e-6,8.819055944601695e-6
13.61,0.61,7.280801738650976e-7,8.818490510463186e-6,8.818490536586305e-6,8.819055944601695e-6
13.61,0.61,1.1959802456254818e-6,8.818255619704393e-6,8.818255645828868e-6,8.819055944601695e-6
13.61,0.61,1.9645758795121526e-6,8.817923146554923e-6,8.817923172682683e-6,8.819055944601695e-6
13.61,0.61,3.227108809261693e-6,8.817452545303538e-6,8.81745257168386e-6,8.819055944601695e-6
13.61,0.61,5.301007395754297e-6,8.816786415154907e-6,8.816786441202057e-6,8.819055944601695e-6
13.61,0.61,8.707695051742211e-6,8.815843482818045e-6,8.815843509697211e-6,8.819055944601695e-6
13.61,0.61,1.4303687479263852e-5,8.814508649823532e-6,8.814508675874433e-6,8.819055944601695e-6
13.61,0.61,2.3495939429288417e-5,8.812618859506709e-6,8.812618887110267e-6,8.819055944601695e-6
13.61,0.61,3.8595583863609565e-5,8.809942989023979e-6,8.809943015848796e-6,8.819055944601695e-6
13.61,0.61,6.33990012723672e-5,8.80615315395662e-6,8.80615318216273e-6,8.819055944601695e-6
13.61,0.61,0.00010414231266814445,8.800783567607729e-6,8.800783597199001e-6,8.819055944601695e-6
13.61,0.61,0.00017106927664800093,8.793171143238955e-6,8.793171171030799e-6,8.819055944601695e-6
13.61,0.61,0.00028100679409841776,8.782368853672915e-6,8.782368890243444e-6,8.819055944601695e-6
13.61,0.61,0.00046159555869258604,8.767017517175897e-6,8.767017543179997e-6,8.819055944601695e-6
13.61,0.61,0.0007582395311413588,8.745152385235036e-6,8.745152436888477e-6,8.819055944601695e-6
13.61,0.61,0.00124552148684853,8.713904420391489e-6,8.713904451605413e-6,8.819055944601695e-6
13.61,0.61,0.002045954755044497,8.669026865239005e-6,8.669026945253916e-6,8.819055944601695e-6
13.61,0.61,0.0033607857462825456,8.604127110629938e-6,8.60412718878746e-6,8.819055944601695e-6
13.61,0.61,0.005520591696647901,8.509403020821967e-6,8.50940313468584e-6,8.819055944601695e-6
13.61,0.61,0.009068395006973916,8.369576640364189e-6,8.369576926729777e-6,8.819055944601695e-6
13.61,0.61,0.01489619093772919,8.160655702942619e-6,8.160655787289711e-6,8.819055944601695e-6
13.61,0.61,0.024469214704767362,7.84540789379961e-6,7.845408785465486e-6,8.819055944601695e-6
13.61,0.61,0.04019433362333615,7.3687772372778175e-6,7.368777276801505e-6,8.819055944601695e-6
13.61,0.61,0.06602518613354949,6.65847806760973e-6,6.658479730966039e-6,8.819055944601695e-6
13.61,0.61,0.1084562128786955,5.643991440779259e-6,5.643992022981519e-6,8.819055944601695e-6
13.61,0.61,0.17815550096589414,4.313429353772545e-6,4.313430353762368e-6,8.819055944601695e-6
13.61,0.61,0.292646974128703,2.8042996795098242e-6,2.8043001735706635e-6,8.819055944601695e-6
13.61,0.61,0.480716289995901,1.4351925591123577e-6,1.4351924083139515e-6,8.819055944601695e-6
13.61,0.61,0.789648183294706,5.285129404638856e-7,5.285124545186881e-7,8.819055944601695e-6
13.61,0.61,1.297114881182717,1.2872295026318906e-7,1.287229415499274e-7,8.819055944601695e-6
13.61,0.61,2.1307045980472066,1.9491024869593124e-8,1.9490929296409677e-8,8.819055944601695e-6
13.61,0.61,3.5000000000000004,1.4353716431702372e-9,1.4353698319065736e-9,8.819055944601695e-6
13.61,0.61,3.8,6.559290173125443e-10,6.559279777965776e-10,8.819055944601695e-6
13.61,0.61,3.98,1.7312107441012644e-10,1.7312074377273963e-10,8.819055944601695e-6
13.61,0.61,3.9998,1.6981726345737418e-11,1.698169675647111e-11,8.819055944601695e-6
13.61,1.73,1.0000000000000001e-7,1.9011159674843332e-5,1.901115988040278e-5,1.9011394490933343e-5
13.61,1.73,1.6426491045299075e-7,1.901106213036624e-5,1.9011062335960515e-5,1.9011394490933343e-5
13.61,1.73,2.698296080612907e-7,1.9010924064942857e-5,1.901092427045021e-5,1.9011394490933343e-5
13.61,1.73,4.432353640575351e-7,1.901072864551586e-5,1.9010728851191734e-5,1.9011394490933343e-5
13.61,1.73,7.280801738650976e-7,1.9010452045970947e-5,1.9010452251537705e-5,1.9011394490933343e-5
13.61,1.73,1.1959802456254818e-6,1.9010060541534286e-5,1.9010060747284765e-5,1.9011394490933343e-5
13.61,1.73,1.9645758795121526e-6,1.900950639532916e-5,1.9009506601141256e-5,1.9011394490933343e-5
13.61,1.73,3.227108809261693e-6,1.9008722034261656e-5,1.900872223998529e-5,1.9011394490933343e-5
13.61,1.73,5.301007395754297e-6,1.9007611801121797e-5,1.9007612007538034e-5,1.9011394490933343e-5
13.61,1.73,8.707695051742211e-6,1.90060402703445e-5,1.9006040475863774e-5,1.9011394490933343e-5
13.61,1.73,1.4303687479263852e-5,1.900381568693921e-5,1.9003815894468876e-5,1.9011394490933343e-5
13.61,1.73,2.3495939429288417e-5,1.9000666473107918e-5,1.9000666678786816e-5,1.9011394490933343e-5
13.61,1.73,3.8595583863609565e-5,1.8996207855705133e-5,1.8996208064720027e-5,1.9011394490933343e-5
13.61,1.73,6.33990012723672e-5,1.898989435928397e-5,1.8989894567065586e-5,1.9011394490933343e-5
13.61,1.73,0.00010414231266814445,1.8980951953781734e-5,1.898095216371214e-5,1.9011394490933343e-5
13.61,1.73,0.00017106927664800093,1.8968280649926484e-5,1.8968280864532077e-5,1.9011394490933343e-5
13.61,1.73,0.00028100679409841776,1.8950313601056256e-5,1.8950313809307353e-5,1.9011394490933343e-5
13.61,1.73,0.00046159555869258604,1.8924811017174988e-5,1.8924811248250055e-5,1.9011394490933343e-5
13.61,1.73,0.0007582395311413588,1.888855403659147e-5,1.888855424136254e-5,1.9011394490933343e-5
13.61,1.73,0.00124552148684853,1.8836880677925033e-5,1.8836880943381503e-5,1.9011394490933343e-5
13.61,1.73,0.002045954755044497,1.876296502193456e-5,1.8762965245073548e-5,1.9011394490933343e-5
13.61,1.73,0.0033607857462825456,1.8656668105193204e-5,1.8656668431724944e-5,1.9011394490933343e-5
13.61,1.73,0.005520591696647901,1.8502664595501336e-5,1.8502664948146367e-5,1.9011394490933343e-5
13.61,1.73,0.009068395006973916,1.827735509201652e-5,1.8277355476503246e-5,1.9011394490933343e-5
13.61,1.73,0.01489619093772919,1.794383530752344e-5,1.7943836197856127e-5,1.9011394490933343e-5
13.61,1.73,0.024469214704767362,1.744411928148439e-5,1.7444119562916223e-5,1.9011394490933343e-5
13.61,1.73,0.04019433362333615,1.6688670119357184e-5,1.6688672473843643e-5,1.9011394490933343e-5
13.61,1.73,0.06602518613354949,1.5547142043127994e-5,1.5547142383148876e-5,1.9011394490933343e-5
13.61,1.73,0.1084562128786955,1.385497148957111e-5,1.3854975488092502e-5,1.9011394490933343e-5
13.61,1.73,0.17815550096589414,1.1470050257834378e-5,1.147005213105215e-5,1.9011394490933343e-5
13.61,1.73,0.292646974128703,8.422515955693378e-6,8.422518157699066e-6,1.9011394490933343e-5
13.61,1.73,0.480716289995901,5.121307676568205e-6,5.1213089506036635e-6,1.9011394490933343e-5
13.61,1.73,0.789648183294706,2.347740411210612e-6,2.3477401404042015e-6,1.9011394490933343e-5
13.61,1.73,1.297114881182717,7.24279458439735e-7,7.242781912654719e-7,1.9011394490933343e-5
13.61,1.73,2.1307045980472066,1.3305016549157282e-7,1.3305016400672994e-7,1.9011394490933343e-5
13.61,1.73,3.5000000000000004,1.0604704090498953e-8,1.060461174508778e-8,1.9011394490933343e-5
13.61,1.73,3.8,4.845346101671531e-9,4.845346685913431e-9,1.9011394490933343e-5
13.61,1.73,3.98,1.2769456177426174e-9,1.2769434247856636e-9,1.9011394490933343e-5
13.61,1.73,3.9998,1.2523091816953906e-10,1.2523065216232303e-10,1.9011394490933343e-5
13.61,4.71,1.0000000000000001e-7,8.016748781365613e-5,8.016870810617e-5,8.016817551055392e-5
13.61,4.71,1.6426491045299075e-7,8.016720213914008e-5,8.016842243713929e-5,8.016817551055392e-5
13.61,4.71,2.698296080612907e-7,8.016679779293219e-5,8.016801808691971e-5,8.016817551055392e-5
13.61,4.71,4.432353640575351e-7,8.016622547734276e-5,8.01674457669887e-5,8.016817551055392e-5
13.61,4.71,7.280801738650976e-7,8.016541541524446e-5,8.016663569781675e-5,8.016817551055392e-5
13.61,4.71,1.1959802456254818e-6,8.016426884167997e-5,8.016548911504304e-5,8.016817551055392e-5
13.61,4.71,1.9645758795121526e-6,8.016264595959804e-5,8.016386621963961e-5,8.016817551055392e-5
13.61,4.71,3.227108809261693e-6,8.016034888902722e-5,8.016156912927816e-5,8.016817551055392e-5
13.61,4.71,5.301007395754297e-6,8.015709752564497e-5,8.015831774079829e-5,8.016817551055392e-5
13.61,4.71,8.707695051742211e-6,8.015249535342079e-5,8.015371552706409e-5,8.016817551055392e-5
13.61,4.71,1.4303687479263852e-5,8.01459810156662e-5,8.01472011404396e-5,8.016817551055392e-5
13.61,4.71,2.3495939429288417e-5,8.013675967699348e-5,8.013797971920848e-5,8.016817551055392e-5
13.61,4.71,3.8595583863609565e-5,8.01237056640635e-5,8.012492560531712e-5,8.016817551055392e-5
13.61,4.71,6.33990012723672e-5,8.010522418850704e-5,8.010644397232813e-5,8.016817551055392e-5
13.61,4.71,0.00010414231266814445,8.007905455490433e-5,8.008027412220354e-5,8.016817551055392e-5
13.61,4.71,0.00017106927664800093,8.004198920086853e-5,8.004320847313278e-5,8.016817551055392e-5
13.61,4.71,0.00028100679409841776,7.998947060792288e-5,7.999068941615266e-5,8.016817551055392e-5
13.61,4.71,0.00046159555869258604,7.991500873292317e-5,7.991622698287505e-5,8.016817551055392e-5
13.61,4.71,0.0007582395311413588,7.980932996508685e-5,7.981054725452766e-5,8.016817551055392e-5
13.61,4.71,0.00124552148684853,7.965911505524192e-5,7.966033124166073e-5,8.016817551055392e-5
13.61,4.71,0.002045954755044497,7.944508994165546e-5,7.944630424237725e-5,8.016817551055392e-5
13.61,4.71,0.0033607857462825456,7.913906693755874e-5,7.9140278906344e-5,8.016817551055392e-5
13.61,4.71,0.005520591696647901,7.869923762389735e-5,7.870044606486383e-5,8.016817551055392e-5
13.61,4.71,0.009068395006973916,7.806250784073096e-5,7.806371099733131e-5,8.016817551055392e-5
13.61,4.71,0.01489619093772919,7.71318535333529e-5,7.713305045934721e-5,8.016817551055392e-5
13.61,4.71,0.024469214704767362,7.575563096235815e-5,7.575681518554587e-5,8.016817551055392e-5
13.61,4.71,0.04019433362333615,7.36952526546426e-5,7.369642592902311e-5,8.016817551055392e-5
13.61,4.71,0.06602518613354949,7.058057226384504e-5,7.058171607673942e-5,8.016817551055392e-5
13.61,4.71,0.1084562128786955,6.586693881064069e-5,6.586805602525848e-5,8.016817551055392e-5
13.61,4.71,0.17815550096589414,5.885083311395496e-5,5.885188748868176e-5,8.016817551055392e-5
13.61,4.71,0.292646974128703,4.888561957404187e-5,4.88865849215987e-5,8.016817551055392e-5
13.61,4.71,0.480716289995901,3.5999072807298756e-5,3.599989752886598e-5,8.016817551055392e-5
13.61,4.71,0.789648183294706,2.183129352948768e-5,2.183189660863823e-5,8.016817551055392e-5
13.61,4.71,1.297114881182717,9.785632414759602e-6,9.785978890655477e-6,8.016817551055392e-5
13.61,4.71,2.1307045980472066,2.7763095593190884e-6,2.7764449423447877e-6,8.016817551055392e-5
13.61,4.71,3.5000000000000004,3.2871733821611905e-7,3.287349299003689e-7,8.016817551055392e-5
13.61,4.71,3.8,1.5796660347028123e-7,1.579770421234716e-7,8.016817551055392e-5
13.61,4.71,3.98,4.270961821599484e-8,4.271219060986273e-8,8.016817551055392e-5
13.61,4.71,3.9998,4.199535242475025e-9,4.199785000333453e-9,8.016817551055392e-5
14.13,0.00113,1.0000000000000001e-7,3.210280759745201e-5,3.21028076159557e-5,3.210355005891926e-5
14.13,0.00113,1.6426491045299075e-7,3.210249917193113e-5,3.210249919359168e-5,3.210355005891926e-5
14.13,0.00113,2.698296080612907e-7,3.21020626219284e-5,3.210206264746919e-5,3.210355005891926e-5
14.13,0.00113,4.432353640575351e-7,3.210144472055455e-5,3.21014447522125e-5,3.210355005891926e-5
14.13,0.00113,7.280801738650976e-7,3.2100570126066516e-5,3.210057016592066e-5,3.210355005891926e-5
14.13,0.00113,1.1959802456254818e-6,3.209933218994044e-5,3.209933224134488e-5,3.210355005891926e-5
14.13,0.00113,1.9645758795121526e-6,3.2097579939712675e-5,3.2097580008469084e-5,3.210355005891926e-5
14.13,0.00113,3.227108809261693e-6,3.209509963871631e-5,3.2095099729386143e-5,3.210355005891926e-5
14.13,0.00113,5.301007395754297e-6,3.2091588649728335e-5,3.209158877636482e-5,3.210355005891926e-5
14.13,0.00113,8.707695051742211e-6,3.2086618359584285e-5,3.2086618529700274e-5,3.210355005891926e-5
14.13,0.00113,1.4303687479263852e-5,3.2079581516528326e-5,3.207958175830712e-5,3.210355005891926e-5
14.13,0.00113,2.3495939429288417e-5,3.206961727056775e-5,3.2069617603235806e-5,3.210355005891926e-5
14.13,0.00113,3.8595583863609565e-5,3.2055504128607244e-5,3.2055504599068615e-5,3.210355005891926e-5
14.13,0.00113,6.33990012723672e-5,3.203550632632862e-5,3.203550699175747e-5,3.210355005891926e-5
14.13,0.00113,0.00010414231266814445,3.200715168934996e-5,3.200715261781168e-5,3.210355005891926e-5
14.13,0.00113,0.00017106927664800093,3.196690691762278e-5,3.196690826778929e-5,3.210355005891926e-5
14.13,0.00113,0.00028100679409841776,3.190969567800512e-5,3.1909697549002964e-5,3.210355005891926e-5
14.13,0.00113,0.00046159555869258604,3.182816905526837e-5,3.182817184191091e-5,3.210355005891926e-5
14.13,0.00113,0.0007582395311413588,3.171157436723418e-5,3.171157829071794e-5,3.210355005891926e-5
14.13,0.00113,0.00124552148684853,3.154395614003521e-5,3.1543962069543984e-5,3.210355005891926e-5
14.13,0.00113,0.002045954755044497,3.130123203171264e-5,3.13012407685862e-5,3.210355005891926e-5
14.13,0.00113,0.0033607857462825456,3.0946390990488546e-5,3.0946404243600384e-5,3.210355005891926e-5
14.13,0.00113,0.005520591696647901,3.0421705134048962e-5,3.0421726069845095e-5,3.210355005891926e-5
14.13,0.00113,0.009068395006973916,2.9636760101307818e-5,2.963679145320864e-5,3.210355005891926e-5
14.13,0.00113,0.01489619093772919,2.8452464063712345e-5,2.8452515974122926e-5,3.210355005891926e-5
14.13,0.00113,0.024469214704767362,2.666705033430944e-5,2.6667125558312005e-5,3.210355005891926e-5
14.13,0.00113,0.04019433362333615,2.4025842416572648e-5,2.4025957903919594e-5,3.210355005891926e-5
14.13,0.00113,0.06602518613354949,2.0303640025067526e-5,2.0303790357518346e-5,3.210355005891926e-5
14.13,0.00113,0.1084562128786955,1.5516488730192325e-5,1.551666351215168e-5,3.210355005891926e-5
14.13,0.00113,0.17815550096589414,1.0206464761041755e-5,1.0206627535424568e-5,3.210355005891926e-5
14.13,0.00113,0.292646974128703,5.453164064742207e-6,5.453277340086152e-6,3.210355005891926e-5
14.13,0.00113,0.480716289995901,2.2409986966453156e-6,2.241052112122223e-6,3.210355005891926e-5
14.13,0.00113,0.789648183294706,6.84615257310575e-7,6.846326453546364e-7,3.210355005891926e-5
14.13,0.00113,1.297114881182717,1.550792753586022e-7,1.5508255964881358e-7,3.210355005891926e-5
14.13,0.00113,2.1307045980472066,2.6377801100074497e-8,2.6378177829012126e-8,3.210355005891926e-5
14.13,0.00113,3.5000000000000004,2.6381888608246634e-9,2.6381930713537925e-9,3.210355005891926e-5
14.13,0.00113,3.8,1.2801183098748302e-9,1.280116185452567e-9,3.210355005891926e-5
14.13,0.00113,3.98,3.494016374050611e-10,3.4940098735094646e-10,3.210355005891926e-5
14.13,0.00113,3.9998,3.4396192980318735e-11,3.4396129650821195e-11,3.210355005891926e-5
14.13,0.0037,1.0000000000000001e-7,3.210096898566852e-5,3.210096898208419e-5,3.210171052356077e-5
14.13,0.0037,1.6426491045299075e-7,3.210066094381276e-5,3.210066094042505e-5,3.210171052356077e-5
14.13,0.0037,2.698296080612907e-7,3.210022493685968e-5,3.210022493345589e-5,3.210171052356077e-5
14.13,0.0037,4.432353640575351e-7,3.2099607804139e-5,3.2099607800786445e-5,3.210171052356077e-5
14.13,0.0037,7.280801738650976e-7,3.2098734297647064e-5,3.209873429473015e-5,3.210171052356077e-5
14.13,0.0037,1.1959802456254818e-6,3.20974979015682e-5,3.2097497898098105e-5,3.210171052356077e-5
14.13,0.0037,1.9645758795121526e-6,3.209574783134111e-5,3.209574782939751e-5,3.210171052356077e-5
14.13,0.0037,3.227108809261693e-6,3.209327061640909e-5,3.209327061293439e-5,3.210171052356077e-5
14.13,0.0037,5.301007395754297e-6,3.2089763996550835e-5,3.20897639960787e-5,3.210171052356077e-5
14.13,0.0037,8.707695051742211e-6,3.208479989300572e-5,3.2084799890924086e-5,3.210171052356077e-5
14.13,0.0037,1.4303687479263852e-5,3.2077771812219446e-5,3.207777181313465e-5,3.210171052356077e-5
14.13,0.0037,2.3495939429288417e-5,3.206781998144457e-5,3.206781998439128e-5,3.210171052356077e-5
14.13,0.0037,3.8595583863609565e-5,3.205372444151951e-5,3.205372444215264e-5,3.210171052356077e-5
14.13,0.0037,6.33990012723672e-5,3.2033751619843346e-5,3.203375163512717e-5,3.210171052356077e-5
14.13,0.0037,0.00010414231266814445,3.200543248990048e-5,3.200543248783647e-5,3.210171052356077e-5
14.13,0.0037,0.00017106927664800093,3.196523830762034e-5,3.196523834769408e-5,3.210171052356077e-5
14.13,0.0037,0.00028100679409841776,3.1908099406504255e-5,3.190809941231692e-5,3.210171052356077e-5
14.13,0.0037,0.00046159555869258604,3.1826676772832345e-5,3.182667685525255e-5,3.210171052356077e-5
14.13,0.0037,0.0007582395311413588,3.1710232710408756e-5,3.171023278149328e-5,3.210171052356077e-5
14.13,0.0037,0.00124552148684853,3.154283492000161e-5,3.154283505491183e-5,3.210171052356077e-5
14.13,0.0037,0.002045954755044497,3.1300437647936624e-5,3.130043799358731e-5,3.210171052356077e-5
14.13,0.0037,0.0033607857462825456,3.094608840604654e-5,3.0946088535349325e-5,3.210171052356077e-5
14.13,0.0037,0.005520591696647901,3.04221527795136e-5,3.0422154021401506e-5,3.210171052356077e-5
14.13,0.0037,0.009068395006973916,2.963836052624157e-5,2.9638360617715048e-5,3.210171052356077e-5
14.13,0.0037,0.01489619093772919,2.8455821811834456e-5,2.845582493997585e-5,3.210171052356077e-5
14.13,0.0037,0.024469214704767362,2.6672991402702566e-5,2.667299266545149e-5,3.210171052356077e-5
14.13,0.0037,0.04019433362333615,2.4035267925224893e-5,2.4035271925391173e-5,3.210171052356077e-5
14.13,0.0037,0.06602518613354949,2.031699554860528e-5,2.031699910109585e-5,3.210171052356077e-5
14.13,0.0037,0.1084562128786955,1.5532776296568626e-5,1.553277706257519e-5,3.210171052356077e-5
14.13,0.0037,0.17815550096589414,1.02225529892778e-5,1.0222552588372565e-5,3.210171052356077e-5
14.13,0.0037,0.292646974128703,5.465095323470067e-6,5.465095093984058e-6,3.210171052356077e-5
14.13,0.0037,0.480716289995901,2.24715214278646e-6,2.2471502444627123e-6,3.210171052356077e-5
14.13,0.0037,0.789648183294706,6.86692913647168e-7,6.866928231946563e-7,3.210171052356077e-5
14.13,0.0037,1.297114881182717,1.5552039768086207e-7,1.555202365415414e-7,3.210171052356077e-5
14.13,0.0037,2.1307045980472066,2.6432872951876255e-8,2.6432854874064653e-8,3.210171052356077e-5
14.13,0.0037,3.5000000000000004,2.640633680218409e-9,2.640634894440158e-9,3.210171052356077e-5
14.13,0.0037,3.8,1.2810482988027494e-9,1.28104828855363e-9,3.210171052356077e-5
14.13,0.0037,3.98,3.4961692026002217e-10,3.496171272158843e-10,3.210171052356077e-5
14.13,0.0037,3.9998,3.4416983709256826e-11,3.441701137513602e-11,3.210171052356077e-5
14.13,0.0127,1.0000000000000001e-7,3.209780529359253e-5,3.209780528999843e-5,3.209854369808021e-5
14.13,0.0127,1.6426491045299075e-7,3.209749855339422e-5,3.209749854968391e-5,3.209854369808021e-5
14.13,0.0127,2.698296080612907e-7,3.2097064388841286e-5,3.209706438533304e-5,3.209854369808021e-5
14.13,0.0127,4.432353640575351e-7,3.2096449863924594e-5,3.209644986049563e-5,3.209854369808021e-5
14.13,0.0127,7.280801738650976e-7,3.2095580048670334e-5,3.209558004513972e-5,3.209854369808021e-5
14.13,0.0127,1.1959802456254818e-6,3.209434887750324e-5,3.209434887475885e-5,3.209854369808021e-5
14.13,0.0127,1.9645758795121526e-6,3.209260620336231e-5,3.209260619962732e-5,3.209854369808021e-5
14.13,0.0127,3.227108809261693e-6,3.209013945853365e-5,3.2090139457043115e-5,3.209854369808021e-5
14.13,0.0127,5.301007395754297e-6,3.208664766187663e-5,3.208664765838028e-5,3.209854369808021e-5
14.13,0.0127,8.707695051742211e-6,3.2081704547766956e-5,3.2081704547942136e-5,3.209854369808021e-5
14.13,0.0127,1.4303687479263852e-5,3.2074706195152586e-5,3.207470619408374e-5,3.209854369808021e-5
14.13,0.0127,2.3495939429288417e-5,3.206479648640717e-5,3.2064796487616404e-5,3.209854369808021e-5
14.13,0.0127,3.8595583863609565e-5,3.205076066735041e-5,3.205076067385498e-5,3.209854369808021e-5
14.13,0.0127,6.33990012723672e-5,3.20308726030467e-5,3.20308726025367e-5,3.209854369808021e-5
14.13,0.0127,0.00010414231266814445,3.200267395085627e-5,3.200267397480079e-5,3.209854369808021e-5
14.13,0.0127,0.00017106927664800093,3.1962651432942985e-5,3.1962651429351125e-5,3.209854369808021e-5
14.13,0.0127,0.00028100679409841776,3.190575802097045e-5,3.1905758078612566e-5,3.209854369808021e-5
14.13,0.0127,0.00046159555869258604,3.1824688338197915e-5,3.1824688354278084e-5,3.209854369808021e-5
14.13,0.0127,0.0007582395311413588,3.170875562605277e-5,3.170875573778628e-5,3.209854369808021e-5
14.13,0.0127,0.00124552148684853,3.154210640875477e-5,3.1542106546133655e-5,3.209854369808021e-5
14.13,0.0127,0.002045954755044497,3.130081947135162e-5,3.130081962966395e-5,3.209854369808021e-5
14.13,0.0127,0.0033607857462825456,3.094814180753098e-5,3.094814242558492e-5,3.209854369808021e-5
14.13,0.0127,0.005520591696647901,3.042675756126909e-5,3.0426757632217003e-5,3.209854369808021e-5
14.13,0.0127,0.009068395006973916,2.9646887811394822e-5,2.9646889811591973e-5,3.209854369808021e-5
14.13,0.0127,0.01489619093772919,2.847033103637616e-5,2.8470331198822504e-5,3.209854369808021e-5
14.13,0.0127,0.024469214704767362,2.6696294478270168e-5,2.66962984750874e-5,3.209854369808021e-5
14.13,0.0127,0.04019433362333615,2.4070422221303806e-5,2.4070424262406702e-5,3.209854369808021e-5
14.13,0.0127,0.06602518613354949,2.0365472341276866e-5,2.0365475229668506e-5,3.209854369808021e-5
14.13,0.0127,0.1084562128786955,1.5591049539174507e-5,1.5591051914743697e-5,3.209854369808021e-5
14.13,0.0127,0.17815550096589414,1.0279712556799688e-5,1.0279712228373088e-5,3.209854369808021e-5
14.13,0.0127,0.292646974128703,5.50737934292505e-6,5.507377061122698e-6,3.209854369808021e-5
14.13,0.0127,0.480716289995901,2.268962986847642e-6,2.2689629753170858e-6,3.209854369808021e-5
14.13,0.0127,0.789648183294706,6.940696308304528e-7,6.940689519730315e-7,3.209854369808021e-5
14.13,0.0127,1.297114881182717,1.5709145601049826e-7,1.5709142304812662e-7,3.209854369808021e-5
14.13,0.0127,2.1307045980472066,2.6630427048487522e-8,2.6630398244482477e-8,3.209854369808021e-5
14.13,0.0127,3.5000000000000004,2.649686220636976e-9,2.6496855085334425e-9,3.209854369808021e-5
14.13,0.0127,3.8,1.2845464522743693e-9,1.2845478245166747e-9,3.209854369808021e-5
14.13,0.0127,3.98,3.5043726286884835e-10,3.5043754928083953e-10,3.209854369808021e-5
14.13,0.0127,3.9998,3.4496337710504457e-11,3.449636140673131e-11,3.209854369808021e-5
14.13,0.047,1.0000000000000001e-7,3.213112708205006e-5,3.213112703267366e-5,3.213185491917736e-5
14.13,0.047,1.6426491045299075e-7,3.213082473167483e-5,3.213082468210629e-5,3.213185491917736e-5
14.13,0.047,2.698296080612907e-7,3.213039678059643e-5,3.2130396731410384e-5,3.213185491917736e-5
14.13,0.047,4.432353640575351e-7,3.2129791050478665e-5,3.2129791001015715e-5,3.213185491917736e-5
14.13,0.047,7.280801738650976e-7,3.21289336839141e-5,3.2128933634931466e-5,3.213185491917736e-5
14.13,0.047,1.1959802456254818e-6,3.2127720133792454e-5,3.2127720084837704e-5,3.213185491917736e-5
14.13,0.047,1.9645758795121526e-6,3.212600240309613e-5,3.212600235412282e-5,3.213185491917736e-5
14.13,0.047,3.227108809261693e-6,3.2123570969126705e-5,3.2123570921496484e-5,3.213185491917736e-5
14.13,0.047,5.301007395754297e-6,3.2120129164864674e-5,3.2120129115465685e-5,3.213185491917736e-5
14.13,0.047,8.707695051742211e-6,3.211525684047029e-5,3.211525679540851e-5,3.213185491917736e-5
14.13,0.047,1.4303687479263852e-5,3.210835875292242e-5,3.210835870359372e-5,3.213185491917736e-5
14.13,0.047,2.3495939429288417e-5,3.2098591116684027e-5,3.2098591075343865e-5,3.213185491917736e-5
14.13,0.047,3.8595583863609565e-5,3.208475674319106e-5,3.208475669801988e-5,3.213185491917736e-5
14.13,0.047,6.33990012723672e-5,3.206515460774776e-5,3.206515456951858e-5,3.213185491917736e-5
14.13,0.047,0.00010414231266814445,3.203736245905196e-5,3.203736242883021e-5,3.213185491917736e-5
14.13,0.047,0.00017106927664800093,3.199791931266126e-5,3.199791927230024e-5,3.213185491917736e-5
14.13,0.047,0.00028100679409841776,3.1941854781806295e-5,3.194185479089888e-5,3.213185491917736e-5
14.13,0.047,0.00046159555869258604,3.186197757144442e-5,3.186197752192556e-5,3.213185491917736e-5
14.13,0.047,0.0007582395311413588,3.1747774083700235e-5,3.1747774184136875e-5,3.213185491917736e-5
14.13,0.047,0.00124552148684853,3.15836595559891e-5,3.1583659541304016e-5,3.213185491917736e-5
14.13,0.047,0.002045954755044497,3.13461386470859e-5,3.134613893078921e-5,3.213185491917736e-5
14.13,0.047,0.0033607857462825456,3.099914254670313e-5,3.099914283866666e-5,3.213185491917736e-5
14.13,0.047,0.005520591696647901,3.0486450608950268e-5,3.0486451104238703e-5,3.213185491917736e-5
14.13,0.047,0.009068395006973916,2.9719974734382626e-5,2.9719976304521736e-5,3.213185491917736e-5
14.13,0.047,0.01489619093772919,2.856387709416103e-5,2.8563877377500606e-5,3.213185491917736e-5
14.13,0.047,0.024469214704767362,2.6819916741933568e-5,2.681992113406422e-5,3.213185491917736e-5
14.13,0.047,0.04019433362333615,2.423442544001935e-5,2.423442554919634e-5,3.213185491917736e-5
14.13,0.047,0.06602518613354949,2.057422457375799e-5,2.057422939120306e-5,3.213185491917736e-5
14.13,0.047,0.1084562128786955,1.5830639511710588e-5,1.5830640554492382e-5,3.213185491917736e-5
14.13,0.047,0.17815550096589414,1.0509264206036195e-5,1.0509263534185797e-5,3.213185491917736e-5
14.13,0.047,0.292646974128703,5.675737902669706e-6,5.675736325038608e-6,3.213185491917736e-5
14.13,0.047,0.480716289995901,2.355864626572858e-6,2.3558640093752754e-6,3.213185491917736e-5
14.13,0.047,0.789648183294706,7.236415138950913e-7,7.236407901070182e-7,3.213185491917736e-5
14.13,0.047,1.297114881182717,1.6345804021252638e-7,1.634580304337115e-7,3.213185491917736e-5
14.13,0.047,2.1307045980472066,2.7450432091348847e-8,2.7450388980626112e-8,3.213185491917736e-5
14.13,0.047,3.5000000000000004,2.6910725936867668e-9,2.6910719124147755e-9,3.213185491917736e-5
14.13,0.047,3.8,1.3012526510280197e-9,1.301254005782924e-9,3.213185491917736e-5
14.13,0.047,3.98,3.5449062172191495e-10,3.5449068381453343e-10,3.213185491917736e-5
14.13,0.047,3.9998,3.4890081876198305e-11,3.489008426014011e-11,3.213185491917736e-5
14.13,0.173,1.0000000000000001e-7,3.281375386071614e-5,3.281375374671423e-5,3.281445883311759e-5
14.13,0.173,1.6426491045299075e-7,3.281346100869351e-5,3.281346089480114e-5,3.281445883311759e-5
14.13,0.173,2.698296080612907e-7,3.281304650189214e-5,3.2813046387849846e-5,3.281445883311759e-5
14.13,0.173,4.432353640575351e-7,3.2812459801457587e-5,3.281245968788613e-5,3.281445883311759e-5
14.13,0.173,7.280801738650976e-7,3.28116293709306e-5,3.28116292568299e-5,3.281445883311759e-5
14.13,0.173,1.1959802456254818e-6,3.281045394924091e-5,3.2810453836181796e-5,3.281445883311759e-5
14.13,0.173,1.9645758795121526e-6,3.280879019264627e-5,3.280879007887432e-5,3.281445883311759e-5
14.13,0.173,3.227108809261693e-6,3.280643516975213e-5,3.2806435057220105e-5,3.281445883311759e-5
14.13,0.173,5.301007395754297e-6,3.28031015544135e-5,3.280310144209794e-5,3.281445883311759e-5
14.13,0.173,8.707695051742211e-6,3.279838244415526e-5,3.2798382331598645e-5,3.281445883311759e-5
14.13,0.173,1.4303687479263852e-5,3.279170140598289e-5,3.279170129739299e-5,3.281445883311759e-5
14.13,0.173,2.3495939429288417e-5,3.278224141313797e-5,3.2782241299422255e-5,3.281445883311759e-5
14.13,0.173,3.8595583863609565e-5,3.2768843455461e-5,3.276884335411893e-5,3.281445883311759e-5
14.13,0.173,6.33990012723672e-5,3.27498612260472e-5,3.274986111296407e-5,3.281445883311759e-5
14.13,0.173,0.00010414231266814445,3.27229514304289e-5,3.2722951339992504e-5,3.281445883311759e-5
14.13,0.173,0.00017106927664800093,3.268476815564723e-5,3.268476805580613e-5,3.281445883311759e-5
14.13,0.173,0.00028100679409841776,3.2630511078676807e-5,3.2630510998729493e-5,3.281445883311759e-5
14.13,0.173,0.00046159555869258604,3.25532449452986e-5,3.255324489653985e-5,3.281445883311759e-5
14.13,0.173,0.0007582395311413588,3.2442850499547625e-5,3.2442850415084556e-5,3.281445883311759e-5
14.13,0.173,0.00124552148684853,3.228436554112372e-5,3.228436564975652e-5,3.281445883311759e-5
14.13,0.173,0.002045954755044497,3.205529965415058e-5,3.2055299538795755e-5,3.281445883311759e-5
14.13,0.173,0.0033607857462825456,3.172122630329836e-5,3.172122683453992e-5,3.281445883311759e-5
14.13,0.173,0.005520591696647901,3.1228587205166314e-5,3.122858726346708e-5,3.281445883311759e-5
14.13,0.173,0.009068395006973916,3.0493419886543846e-5,3.049342121877554e-5,3.281445883311759e-5
14.13,0.173,0.01489619093772919,2.9385563905898072e-5,2.9385565308967827e-5,3.281445883311759e-5
14.13,0.173,0.024469214704767362,2.7712410520292478e-5,2.7712412196907583e-5,3.281445883311759e-5
14.13,0.173,0.04019433362333615,2.521964378369959e-5,2.5219648475355337e-5,3.281445883311759e-5
14.13,0.173,0.06602518613354949,2.1652843251534523e-5,2.165284349197021e-5,3.281445883311759e-5
14.13,0.173,0.1084562128786955,1.694410798044626e-5,1.694411193437848e-5,3.281445883311759e-5
14.13,0.173,0.17815550096589414,1.1513131627505343e-5,1.1513131642012698e-5,3.281445883311759e-5
14.13,0.173,0.292646974128703,6.39532136715744e-6,6.395319240424334e-6,3.281445883311759e-5
14.13,0.173,0.480716289995901,2.7288565800401204e-6,2.7288559077712032e-6,3.281445883311759e-5
14.13,0.173,0.789648183294706,8.532118163167422e-7,8.532112236525448e-7,3.281445883311759e-5
14.13,0.173,1.297114881182717,1.922736926897694e-7,1.9227350357554874e-7,3.281445883311759e-5
14.13,0.173,2.1307045980472066,3.1396522507081395e-8,3.139650771290999e-8,3.281445883311759e-5
14.13,0.173,3.5000000000000004,2.9332581628737027e-9,2.9332573288831992e-9,3.281445883311759e-5
14.13,0.173,3.8,1.4062863737217168e-9,1.4062872637740969e-9,3.281445883311759e-5
14.13,0.173,3.98,3.8129732699909587e-10,3.812979369384803e-10,3.281445883311759e-5
14.13,0.173,3.9998,3.7509656274303686e-11,3.7509714780725915e-11,3.281445883311759e-5
14.13,0.61,1.0000000000000001e-7,4.0494614844127125e-5,4.0494614960984806e-5,4.049536423699981e-5
14.13,0.61,1.6426491045299075e-7,4.049430353976367e-5,4.0494303656608276e-5,4.049536423699981e-5
14.13,0.61,2.698296080612907e-7,4.049386291569988e-5,4.049386303257175e-5,4.049536423699981e-5
14.13,0.61,4.432353640575351e-7,4.049323924942641e-5,4.049323936660545e-5,4.049536423699981e-5
14.13,0.61,7.280801738650976e-7,4.049235649884858e-5,4.0492356615616504e-5,4.049536423699981e-5
14.13,0.61,1.1959802456254818e-6,4.0491107026811664e-5,4.049110714465582e-5,4.049536423699981e-5
14.13,0.61,1.9645758795121526e-6,4.048933846762709e-5,4.048933858435966e-5,4.049536423699981e-5
14.13,0.61,3.227108809261693e-6,4.048683512660495e-5,4.048683524543178e-5,4.049536423699981e-5
14.13,0.61,5.301007395754297e-6,4.048329162702724e-5,4.048329174468514e-5,4.049536423699981e-5
14.13,0.61,8.707695051742211e-6,4.047827555093398e-5,4.047827567060297e-5,4.049536423699981e-5
14.13,0.61,1.4303687479263852e-5,4.0471174426300564e-5,4.0471174547355484e-5,4.049536423699981e-5
14.13,0.61,2.3495939429288417e-5,4.046112038739372e-5,4.04611205065745e-5,4.049536423699981e-5
14.13,0.61,3.8595583863609565e-5,4.044688284949151e-5,4.044688297869593e-5,4.049536423699981e-5
14.13,0.61,6.33990012723672e-5,4.0426715051658505e-5,4.0426715168474675e-5,4.049536423699981e-5
14.13,0.61,0.00010414231266814445,4.0398133397225864e-5,4.039813354174654e-5,4.049536423699981e-5
14.13,0.61,0.00017106927664800093,4.035759748698493e-5,4.035759760809509e-5,4.049536423699981e-5
14.13,0.61,0.00028100679409841776,4.030004051083967e-5,4.0300040677980336e-5,4.049536423699981e-5
14.13,0.61,0.00046159555869258604,4.0218168484774215e-5,4.021816864263851e-5,4.049536423699981e-5
14.13,0.61,0.0007582395311413588,4.010139203418121e-5,4.010139222162545e-5,4.049536423699981e-5
14.13,0.61,0.00124552148684853,3.993415699974715e-5,3.9934157298219854e-5,4.049536423699981e-5
14.13,0.61,0.002045954755044497,3.969326886371645e-5,3.969326903072067e-5,4.049536423699981e-5
14.13,0.61,0.0033607857462825456,3.934351914143302e-5,3.934351988844305e-5,4.049536423699981e-5
14.13,0.61,0.005520591696647901,3.883049617316216e-5,3.883049628963299e-5,4.049536423699981e-5
14.13,0.61,0.009068395006973916,3.806901519758818e-5,3.806901707760038e-5,4.049536423699981e-5
14.13,0.61,0.01489619093772919,3.6925768319281206e-5,3.692576913266979e-5,4.049536423699981e-5
14.13,0.61,0.024469214704767362,3.519765165298795e-5,3.519765505515303e-5,4.049536423699981e-5
14.13,0.61,0.04019433362333615,3.259781224198701e-5,3.259781637717069e-5,4.049536423699981e-5
14.13,0.61,0.06602518613354949,2.878743208210605e-5,2.8787434628321533e-5,4.049536423699981e-5
14.13,0.61,0.1084562128786955,2.352913203499381e-5,2.3529138920071875e-5,4.049536423699981e-5
14.13,0.61,0.17815550096589414,1.702366801772207e-5,1.7023668055538172e-5,4.049536423699981e-5
14.13,0.61,0.292646974128703,1.0260806058094203e-5,1.0260805419305992e-5,4.049536423699981e-5
14.13,0.61,0.480716289995901,4.792741025084548e-6,4.79274090225852e-6,4.049536423699981e-5
14.13,0.61,0.789648183294706,1.6172849802140366e-6,1.6172832820168959e-6,4.049536423699981e-5
14.13,0.61,1.297114881182717,3.7577645330008015e-7,3.757761682767877e-7,4.049536423699981e-5
14.13,0.61,2.1307045980472066,5.891780175399443e-8,5.891770120520944e-8,4.049536423699981e-5
14.13,0.61,3.5000000000000004,4.9416610095143886e-9,4.941652887566624e-9,4.049536423699981e-5
14.13,0.61,3.8,2.3200561118271892e-9,2.32005855608705e-9,4.049536423699981e-5
14.13,0.61,3.98,6.217277530061537e-10,6.217283146390409e-10,4.049536423699981e-5
14.13,0.61,3.9998,6.108541234405692e-11,6.108545871646442e-11,4.049536423699981e-5
14.13,1.73,1.0000000000000001e-7,8.696451532555309e-5,8.696451626082953e-5,8.696576438973723e-5
14.13,1.73,1.6426491045299075e-7,8.696399645402899e-5,8.696399738956498e-5,8.696576438973723e-5
14.13,1.73,2.698296080612907e-7,8.696326203772007e-5,8.696326297330183e-5,8.696576438973723e-5
14.13,1.73,4.432353640575351e-7,8.696222253531792e-5,8.696222347083542e-5,8.696576438973723e-5
14.13,1.73,7.280801738650976e-7,8.696075120616306e-5,8.696075214253835e-5,8.696576438973723e-5
14.13,1.73,1.1959802456254818e-6,8.695866865310224e-5,8.695866958834652e-5,8.696576438973723e-5
14.13,1.73,1.9645758795121526e-6,8.695572093876464e-5,8.695572187663167e-5,8.696576438973723e-5
14.13,1.73,3.227108809261693e-6,8.695154859836244e-5,8.695154953371229e-5,8.696576438973723e-5
14.13,1.73,5.301007395754297e-6,8.694564275075404e-5,8.694564369065125e-5,8.696576438973723e-5
14.13,1.73,8.707695051742211e-6,8.693728291030784e-5,8.69372838482088e-5,8.696576438973723e-5
14.13,1.73,1.4303687479263852e-5,8.692544881134562e-5,8.692544975256515e-5,8.696576438973723e-5
14.13,1.73,2.3495939429288417e-5,8.690869525309209e-5,8.690869619936334e-5,8.696576438973723e-5
14.13,1.73,3.8595583863609565e-5,8.688497415873208e-5,8.688497509787063e-5,8.696576438973723e-5
14.13,1.73,6.33990012723672e-5,8.685138092037544e-5,8.68513818856444e-5,8.696576438973723e-5
14.13,1.73,0.00010414231266814445,8.680379134228082e-5,8.680379227647744e-5,8.696576438973723e-5
14.13,1.73,0.00017106927664800093,8.673633878319057e-5,8.673633978237353e-5,8.696576438973723e-5
14.13,1.73,0.00028100679409841776,8.664065425781744e-5,8.664065520772351e-5,8.696576438973723e-5
14.13,1.73,0.00046159555869258604,8.650474755265807e-5,8.65047485980744e-5,8.696576438973723e-5
14.13,1.73,0.0007582395311413588,8.631133038673043e-5,8.631133143490934e-5,8.696576438973723e-5
14.13,1.73,0.00124552148684853,8.60352466175988e-5,8.603524769343083e-5,8.696576438973723e-5
14.13,1.73,0.002045954755044497,8.56394322767565e-5,8.563943368148027e-5,8.696576438973723e-5
14.13,1.73,0.0033607857462825456,8.506840424961468e-5,8.506840525109813e-5,8.696576438973723e-5
14.13,1.73,0.005520591696647901,8.423757626325655e-5,8.423757876943151e-5,8.696576438973723e-5
14.13,1.73,0.009068395006973916,8.301569910877535e-5,8.301570009760828e-5,8.696576438973723e-5
14.13,1.73,0.01489619093772919,8.119680698342525e-5,8.119681212908452e-5,8.696576438973723e-5
14.13,1.73,0.024469214704767362,7.845905460966343e-5,7.845905779638447e-5,8.696576438973723e-5
14.13,1.73,0.04019433362333615,7.431643707801839e-5,7.431644530735021e-5,8.696576438973723e-5
14.13,1.73,0.06602518613354949,6.809868432205215e-5,6.809869626131715e-5,8.696576438973723e-5
14.13,1.73,0.1084562128786955,5.906199781439002e-5,5.906200332205889e-5,8.696576438973723e-5
14.13,1.73,0.17815550096589414,4.681777180327357e-5,4.681778981097278e-5,8.696576438973723e-5
14.13,1.73,0.292646974128703,3.217522794608433e-5,3.217522850160381e-5,8.696576438973723e-5
14.13,1.73,0.480716289995901,1.781464804365628e-5,1.781464740590553e-5,8.696576438973723e-5
14.13,1.73,0.789648183294706,7.258956185171161e-6,7.25895589892934e-6,8.696576438973723e-5
14.13,1.73,1.297114881182717,1.981636546676815e-6,1.9816329168562213e-6,8.696576438973723e-5
14.13,1.73,2.1307045980472066,3.340173226746185e-7,3.3401659748526053e-7,8.696576438973723e-5
14.13,1.73,3.5000000000000004,2.6523609114026478e-8,2.6523575828844652e-8,8.696576438973723e-5
14.13,1.73,3.8,1.2216870164608458e-8,1.2216834593787089e-8,8.696576438973723e-5
14.13,1.73,3.98,3.2367987601386306e-9,3.2368020721066116e-9,8.696576438973723e-5
14.13,1.73,3.9998,3.1762479500610355e-10,3.176252134957907e-10,8.696576438973723e-5
14.13,4.71,1.0000000000000001e-7,0.00036549559596476834,0.00036550124809108143,0.000365499254050846
14.13,4.71,1.6426491045299075e-7,0.0003654940763675135,0.0003654997284835283,0.000365499254050846
14.13,4.71,2.698296080612907e-7,0.0003654919255156054,0.000365497577613944,0.000365499254050846
14.13,4.71,4.432353640575351e-7,0.0003654888811771702,0.00036549453324950787,0.000365499254050846
14.13,4.71,7.280801738650976e-7,0.0003654845721817988,0.00036549022422082707,0.000365499254050846
14.13,4.71,1.1959802456254818e-6,0.0003654784731594103,0.0003654841251437072,0.000365499254050846
14.13,4.71,1.9645758795121526e-6,0.0003654698404677656,0.00036547549238747745,0.000365499254050846
14.13,4.71,3.227108809261693e-6,0.0003654576214818043,0.00036546327329215584,0.000365499254050846
14.13,4.71,5.301007395754297e-6,0.0003654403261504891,0.0003654459778280489,0.000365499254050846
14.13,4.71,8.707695051742211e-6,0.0003654158450811601,0.00036542149654965474,0.000365499254050846
14.13,4.71,1.4303687479263852e-5,0.00036538119178837865,0.00036538684297262106,0.000365499254050846
14.13,4.71,2.3495939429288417e-5,0.0003653321372621315,0.00036533778805408014,0.000365499254050846
14.13,4.71,3.8595583863609565e-5,0.0003652626913456703,0.00036526834152885996,0.000365499254050846
14.13,4.71,6.33990012723672e-5,0.00036516436552508374,0.0003651700149646789,0.000365499254050846
14.13,4.71,0.00010414231266814445,0.0003650251223621319,0.0003650307705434082,0.000365499254050846
14.13,4.71,0.00017106927664800093,0.0003648278725311818,0.0003648335192401146,0.000365499254050846
14.13,4.71,0.00028100679409841776,0.0003645483118572816,0.00036455395610186987,0.000365499254050846
14.13,4.71,0.00046159555869258604,0.0003641517809860767,0.0003641574221372143,0.000365499254050846
14.13,4.71,0.0007582395311413588,0.0003635886480680626,0.00036359428456954465,0.000365499254050846
14.13,4.71,0.00124552148684853,0.00036278740157939826,0.00036279303135710504,0.000365499254050846
14.13,4.71,0.002045954755044497,0.00036164408761914994,0.0003616497088238922,0.000365499254050846
14.13,4.71,0.0033607857462825456,0.00036000574012758416,0.00036001134657266616,0.000365499254050846
14.13,4.71,0.005520591696647901,0.0003576437174311469,0.00035764930815461937,0.000365499254050846
14.13,4.71,0.009068395006973916,0.0003542099584390301,0.00035421551763628736,0.000365499254050846
14.13,4.71,0.01489619093772919,0.0003491649043878499,0.0003491704324003904,0.000365499254050846
14.13,4.71,0.024469214704767362,0.0003416615079079213,0.00034166697309902775,0.000365499254050846
14.13,4.71,0.04019433362333615,0.00033037221138963377,0.00033037759901064954,0.000365499254050846
14.13,4.71,0.06602518613354949,0.0003132772493540841,0.00031328252033445213,0.000365499254050846
14.13,4.71,0.1084562128786955,0.0002875470548407339,0.0002875520970445325,0.000365499254050846
14.13,4.71,0.17815550096589414,0.00024993111059045655,0.00024993590150100976,0.000365499254050846
14.13,4.71,0.292646974128703,0.00019846829707478254,0.00019847249136609199,0.000365499254050846
14.13,4.71,0.480716289995901,0.00013612777916216116,0.00013613125386888121,0.000365499254050846
14.13,4.71,0.789648183294706,7.424913660630656e-5,7.425150365704602e-5,0.000365499254050846
14.13,4.71,1.297114881182717,2.8781218385353788e-5,2.8782415298932603e-5,0.000365499254050846
14.13,4.71,2.1307045980472066,6.863877587907412e-6,6.864264214560378e-6,0.000365499254050846
14.13,4.71,3.5000000000000004,6.918134109837561e-7,6.918645330030906e-7,0.000365499254050846
14.13,4.71,3.8,3.2569271196109296e-7,3.2571685008339854e-7,0.000365499254050846
14.13,4.71,3.98,8.714747863820164e-8,8.7154588367322e-8,0.000365499254050846
14.13,4.71,3.9998,8.559914554764986e-9,8.560611962903764e-9,0.000365499254050846
14.69,0.00113,1.0000000000000001e-7,0.00016756606451795352,0.00016756606467460553,0.00016757055575703162
14.69,0.00113,1.6426491045299075e-7,0.0001675641988116717,0.00016756419898696968,0.00016757055575703162
14.69,0.00113,2.698296080612907e-7,0.00016756155805963953,0.00016756155826081002,0.00016757055575703162
14.69,0.00113,4.432353640575351e-7,0.00016755782027852204,0.00016755782051486965,0.00016757055575703162
14.69,0.00113,7.280801738650976e-7,0.0001675525296996087,0.00016755252999040192,0.00016757055575703162
14.69,0.00113,1.1959802456254818e-6,0.0001675450411526986,0.00016754504151091592,0.00016757055575703162
14.69,0.00113,1.9645758795121526e-6,0.00016753444129379393,0.0001675344417635086,0.00016757055575703162
14.69,0.00113,3.227108809261693e-6,0.00016751943698917058,0.00016751943759493485,0.00016757055575703162
14.69,0.00113,5.301007395754297e-6,0.00016749819705697602,0.0001674981978815759,0.00016757055575703162
14.69,0.00113,8.707695051742211e-6,0.0001674681276380027,0.0001674681287485953,0.00016757055575703162
14.69,0.00113,1.4303687479263852e-5,0.00016742555282755765,0.00016742555435488894,0.00016757055575703162
14.69,0.00113,2.3495939429288417e-5,0.00016736525942164855,0.00016736526155794194,0.00016757055575703162
14.69,0.00113,3.8595583863609565e-5,0.00016727984533083067,0.0001672798482597253,0.00016757055575703162
14.69,0.00113,6.33990012723672e-5,0.00016715878125523828,0.00016715878547181881,0.00016757055575703162
14.69,0.00113,0.00010414231266814445,0.0001669870471406112,0.00016698705292818213,0.00016757055575703162
14.69,0.00113,0.00017106927664800093,0.00016674312498745158,0.00016674313345005365,0.00016757055575703162
14.69,0.00113,0.00028100679409841776,0.00016639599215796452,0.00016639600398698375,0.00016757055575703162
14.69,0.00113,0.00046159555869258604,0.00016590051744767663,0.00016590053477543647,0.00016757055575703162
14.69,0.00113,0.0007582395311413588,0.0001651902336566643,0.00016519025882564696,0.00016757055575703162
14.69,0.00113,0.00124552148684853,0.00016416571602131982,0.00016416575275710564,0.00016757055575703162
14.69,0.00113,0.002045954755044497,0.00016267558217952742,0.00016267563882437066,0.00016757055575703162
14.69,0.00113,0.0033607857462825456,0.00016048543739287128,0.00016048551995391034,0.00016757055575703162
14.69,0.00113,0.005520591696647901,0.00015722868493462205,0.00015722882010290175,0.00016757055575703162
14.69,0.00113,0.009068395006973916,0.000152335356911384,0.0001523355561841566,0.00016757055575703162
14.69,0.00113,0.01489619093772919,0.00014495091012195192,0.00014495123294633772,0.00016757055575703162
14.69,0.00113,0.024469214704767362,0.0001339075448809122,0.00013390801550249856,0.00016757055575703162
14.69,0.00113,0.04019433362333615,0.00011791888047895008,0.00011791954088577728,0.00016757055575703162
14.69,0.00113,0.06602518613354949,9.628217775380148e-5,9.628300546473175e-5,0.00016757055575703162
14.69,0.00113,0.1084562128786955,7.01753650039992e-5,7.017622651929882e-5,0.00016757055575703162
14.69,0.00113,0.17815550096589414,4.362533734145873e-5,4.3626044222282376e-5,0.00016757055575703162
14.69,0.00113,0.292646974128703,2.2135670126081894e-5,2.213611458459929e-5,0.00016757055575703162
14.69,0.00113,0.480716289995901,8.905205627183714e-6,8.905395447886195e-6,0.00016757055575703162
14.69,0.00113,0.789648183294706,2.830463749681226e-6,2.8305239847477416e-6,0.00016757055575703162
14.69,0.00113,1.297114881182717,7.246632392030011e-7,7.246764253959006e-7,0.00016757055575703162
14.69,0.00113,2.1307045980472066,1.5116611315390764e-7,1.5116810180676983e-7,0.00016757055575703162
14.69,0.00113,3.5000000000000004,1.9370739178207836e-8,1.937086710538287e-8,0.00016757055575703162
14.69,0.00113,3.8,9.783172265323304e-9,9.783224680098203e-9,0.00016757055575703162
14.69,0.00113,3.98,2.7294151920398524e-9,2.729427500475998e-9,0.00016757055575703162
14.69,0.00113,3.9998,2.6931571900116506e-10,2.6931693663884725e-10,0.00016757055575703162
14.69,0.0037,1.0000000000000001e-7,0.0001675499408152466,0.0001675499407985121,0.0001675544264675017
14.69,0.0037,1.6426491045299075e-7,0.00016754807742981376,0.00016754807741399685,0.0001675544264675017
14.69,0.0037,2.698296080612907e-7,0.0001675454399627841,0.0001675454399472894,0.0001675544264675017
14.69,0.0037,4.432353640575351e-7,0.00016754170683141341,0.00016754170681558788,0.0001675544264675017
14.69,0.0037,7.280801738650976e-7,0.00016753642283408654,0.000167536422821617,0.0001675544264675017
14.69,0.0037,1.1959802456254818e-6,0.0001675289436034964,0.0001675289435869194,0.0001675544264675017
14.69,0.0037,1.9645758795121526e-6,0.00016751835693257875,0.00016751835692570998,0.0001675544264675017
14.69,0.0037,3.227108809261693e-6,0.00016750337129800495,0.00016750337128258088,0.0001675544264675017
14.69,0.0037,5.301007395754297e-6,0.00016748215779996604,0.00016748215780074227,0.0001675544264675017
14.69,0.0037,8.707695051742211e-6,0.0001674521258153724,0.00016745212581064666,0.0001675544264675017
14.69,0.0037,1.4303687479263852e-5,0.0001674096040337881,0.000167409604040018,0.0001675544264675017
14.69,0.0037,2.3495939429288417e-5,0.000167349385785195,0.00016734938581358446,0.0001675544264675017
14.69,0.0037,3.8595583863609565e-5,0.0001672640782984851,0.00016726407829922843,0.0001675544264675017
14.69,0.0037,6.33990012723672e-5,0.00016714316561927274,0.0001671431657233867,0.0001675544264675017
14.69,0.0037,0.00010414231266814445,0.0001669716469276809,0.00016697164691796402,0.0001675544264675017
14.69,0.0037,0.00017106927664800093,0.000166728032202239,0.00016672803245082108,0.0001675544264675017
14.69,0.0037,0.00028100679409841776,0.00016638134002654282,0.0001663813401025318,0.0001675544264675017
14.69,0.0037,0.00046159555869258604,0.00016588650096006658,0.0001658865014388275,0.0001675544264675017
14.69,0.0037,0.0007582395311413588,0.0001651771422402038,0.00016517714281340934,0.0001675544264675017
14.69,0.0037,0.00124552148684853,0.00016415398661406283,0.0001641539873162454,0.0001675544264675017
14.69,0.0037,0.002045954755044497,0.00016266588622224786,0.00016266588871706553,0.0001675544264675017
14.69,0.0037,0.0033607857462825456,0.0001604788213492821,0.00016047882183702273,0.0001675544264675017
14.69,0.0037,0.005520591696647901,0.00015722678449659093,0.00015722679263448724,0.0001675544264675017
14.69,0.0037,0.009068395006973916,0.00015234067799585683,0.00015234067904449996,0.0001675544264675017
14.69,0.0037,0.01489619093772919,0.00014496705916839807,0.00014496707645088094,0.0001675544264675017
14.69,0.0037,0.024469214704767362,0.00013393900322775738,0.00013393901258763183,0.0001675544264675017
14.69,0.0037,0.04019433362333615,0.00011796945147283943,0.00011796946613144672,0.0001675544264675017
14.69,0.0037,0.06602518613354949,9.635120646914433e-5,9.635121934754637e-5,0.0001675544264675017
14.69,0.0037,0.1084562128786955,7.025307481990069e-5,7.025307335377693e-5,0.0001675544264675017
14.69,0.0037,0.17815550096589414,4.369361738337086e-5,4.369360436920909e-5,0.0001675544264675017
14.69,0.0037,0.292646974128703,2.21796259553632e-5,2.217962535895627e-5,0.0001675544264675017
14.69,0.0037,0.480716289995901,8.924808828860121e-6,8.924802976970565e-6,0.0001675544264675017
14.69,0.0037,0.789648183294706,2.836238335219406e-6,2.836237973339371e-6,0.0001675544264675017
14.69,0.0037,1.297114881182717,7.256853053060883e-7,7.256850268035076e-7,0.0001675544264675017
14.69,0.0037,2.1307045980472066,1.5122038848904387e-7,1.5122035011132784e-7,0.0001675544264675017
14.69,0.0037,3.5000000000000004,1.9353389244814038e-8,1.935339501182713e-8,0.0001675544264675017
14.69,0.0037,3.8,9.772427970267318e-9,9.772430226178582e-9,0.0001675544264675017
14.69,0.0037,3.98,2.726114171080669e-9,2.726114624433519e-9,0.0001675544264675017
14.69,0.0037,3.9998,2.689868289903197e-10,2.6898689874285733e-10,0.0001675544264675017
14.69,0.0127,1.0000000000000001e-7,0.00016751078485178195,0.00016751078483466883,0.00016751525154967237
14.69,0.0127,1.6426491045299075e-7,0.0001675089293402739,0.0001675089293226146,0.00016751525154967237
14.69,0.0127,2.698296080612907e-7,0.0001675063030182473,0.00016750630300153358,0.00016751525154967237
14.69,0.0127,4.432353640575351e-7,0.00016750258566204093,0.00016750258564619371,0.00016751525154967237
14.69,0.0127,7.280801738650976e-7,0.00016749732399402783,0.00016749732397700764,0.00016751525154967237
14.69,0.0127,1.1959802456254818e-6,0.00016748987637089097,0.00016748987635920007,0.00016751525154967237
14.69,0.0127,1.9645758795121526e-6,0.00016747933444287406,0.00016747933442474332,0.00016751525154967237
14.69,0.0127,3.227108809261693e-6,0.00016746441215032546,0.0001674644121458588,0.00016751525154967237
14.69,0.0127,5.301007395754297e-6,0.0001674432883359378,0.0001674432883204304,0.00016751525154967237
14.69,0.0127,8.707695051742211e-6,0.0001674133833563054,0.00016741338336067008,0.00016751525154967237
14.69,0.0127,1.4303687479263852e-5,0.0001673710414891072,0.00016737104149019136,0.00016751525154967237
14.69,0.0127,2.3495939429288417e-5,0.00016731107823485152,0.00016731107824290433,0.00016751525154967237
14.69,0.0127,3.8595583863609565e-5,0.00016722613244293417,0.00016722613249199104,0.00016751525154967237
14.69,0.0127,6.33990012723672e-5,0.000167105733450149,0.00016710573344541247,0.00016751525154967237
14.69,0.0127,0.00010414231266814445,0.00016693494572440077,0.0001669349458801518,0.00016751525154967237
14.69,0.0127,0.00017106927664800093,0.00016669237423468355,0.00016669237422123936,0.00016751525154967237
14.69,0.0127,0.00028100679409841776,0.00016634717756862076,0.0001663471779259079,0.00016751525154967237
14.69,0.0127,0.00046159555869258604,0.00016585449616126745,0.00016585449630829733,0.00016751525154967237
14.69,0.0127,0.0007582395311413588,0.00016514827834555935,0.00016514827901086118,0.00016751525154967237
14.69,0.0127,0.00124552148684853,0.00016412974877213655,0.00016412974978555791,0.00016751525154967237
14.69,0.0127,0.002045954755044497,0.0001626485580606455,0.0001626485589075878,0.00016751525154967237
14.69,0.0127,0.0033607857462825456,0.00016047196428571985,0.00016047196853257194,0.00016751525154967237
14.69,0.0127,0.005520591696647901,0.00015723596845742743,0.0001572359686503199,0.00016751525154967237
14.69,0.0127,0.009068395006973916,0.00015237443909047434,0.00015237445152539323,0.00016751525154967237
14.69,0.0127,0.01489619093772919,0.0001450376796089468,0.00014503768138213457,0.00016751525154967237
14.69,0.0127,0.024469214704767362,0.00013406171898253786,0.00013406173890326577,0.00016751525154967237
14.69,0.0127,0.04019433362333615,0.00011815708627896257,0.00011815709753521097,0.00016751525154967237
14.69,0.0127,0.06602518613354949,9.660112076938167e-5,9.66011275490101e-5,0.00016751525154967237
14.69,0.0127,0.1084562128786955,7.053104726631489e-5,7.053104812012923e-5,0.00016751525154967237
14.69,0.0127,0.17815550096589414,4.3936578636398515e-5,4.393657607670849e-5,0.00016751525154967237
14.69,0.0127,0.292646974128703,2.2335832316526476e-5,2.2335819712517284e-5,0.00016751525154967237
14.69,0.0127,0.480716289995901,8.994561037563506e-6,8.994560949780554e-6,0.00016751525154967237
14.69,0.0127,0.789648183294706,2.8568664550545816e-6,2.856864950790915e-6,0.00016751525154967237
14.69,0.0127,1.297114881182717,7.293788772756257e-7,7.293787817881771e-7,0.00016751525154967237
14.69,0.0127,2.1307045980472066,1.514369156927911e-7,1.5143687802777812e-7,0.00016751525154967237
14.69,0.0127,3.5000000000000004,1.9296646920233257e-8,1.929664951486596e-8,0.00016751525154967237
14.69,0.0127,3.8,9.73689925247944e-9,9.736904979686558e-9,0.00016751525154967237
14.69,0.0127,3.98,2.715150522459232e-9,2.7151522137022183e-9,0.00016751525154967237
14.69,0.0127,3.9998,2.678940371314223e-10,2.6789418644623547e-10,0.00016751525154967237
14.69,0.047,1.0000000000000001e-7,0.00016760119191252623,0.0001676011916595017,0.0001676055946870981
14.69,0.047,1.6426491045299075e-7,0.00016759936295573596,0.00016759936270154606,0.0001676055946870981
14.69,0.047,2.698296080612907e-7,0.00016759677422012678,0.00016759677396817284,0.0001676055946870981
14.69,0.047,4.432353640575351e-7,0.00016759311006557718,0.00016759310981221217,0.0001676055946870981
14.69,0.047,7.280801738650976e-7,0.00016758792370320187,0.00016758792345225517,0.0001676055946870981
14.69,0.047,1.1959802456254818e-6,0.00016758058267657847,0.00016758058242653034,0.0001676055946870981
14.69,0.047,1.9645758795121526e-6,0.00016757019164530867,0.00016757019139405495,0.0001676055946870981
14.69,0.047,3.227108809261693e-6,0.00016755548297739276,0.00016755548273547437,0.0001676055946870981
14.69,0.047,5.301007395754297e-6,0.00016753466163039712,0.00016753466137658062,0.0001676055946870981
14.69,0.047,8.707695051742211e-6,0.00016750518499751977,0.00016750518477063358,0.0001676055946870981
14.69,0.047,1.4303687479263852e-5,0.00016746344994486763,0.00016746344969362226,0.0001676055946870981
14.69,0.047,2.3495939429288417e-5,0.00016740434678301573,0.00016740434657655962,0.0001676055946870981
14.69,0.047,3.8595583863609565e-5,0.00016732062109212046,0.00016732062087017186,0.0001676055946870981
14.69,0.047,6.33990012723672e-5,0.00016720195515753498,0.00016720195496510386,0.0001676055946870981
14.69,0.047,0.00010414231266814445,0.00016703363408625117,0.00016703363396130522,0.0001676055946870981
14.69,0.047,0.00017106927664800093,0.0001667945842126206,0.0001667945840007475,0.0001676055946870981
14.69,0.047,0.00028100679409841776,0.00016645443849986103,0.00016645443862431332,0.0001676055946870981
14.69,0.047,0.00046159555869258604,0.00016596904996414897,0.00016596904970950718,0.0001676055946870981
14.69,0.047,0.0007582395311413588,0.0001652734599518911,0.00016527346064953432,0.0001676055946870981
14.69,0.047,0.00124552148684853,0.00016427060668144623,0.00016427060674360384,0.0001676055946870981
14.69,0.047,0.002045954755044497,0.00016281287526386426,0.00016281287705224222,0.0001676055946870981
14.69,0.047,0.0033607857462825456,0.00016067191159974348,0.00016067191389210718,0.0001676055946870981
14.69,0.047,0.005520591696647901,0.00015749062560053113,0.00015749062831946082,0.0001676055946870981
14.69,0.047,0.009068395006973916,0.00015271308473651992,0.00015271309518640524,0.0001676055946870981
14.69,0.047,0.01489619093772919,0.00014550239596607237,0.00014550239683851264,0.0001676055946870981
14.69,0.047,0.024469214704767362,0.00013470432313124472,0.00013470434671967985,0.0001676055946870981
14.69,0.047,0.04019433362333615,0.00011901962467492985,0.00011901962598080241,0.0001676055946870981
14.69,0.047,0.06602518613354949,9.766864002524678e-5,9.766865360846035e-5,0.0001676055946870981
14.69,0.047,0.1084562128786955,7.1673076762853e-5,7.167307756087536e-5,0.0001676055946870981
14.69,0.047,0.17815550096589414,4.491733697074431e-5,4.491732769295923e-5,0.0001676055946870981
14.69,0.047,0.292646974128703,2.2963679655159616e-5,2.2963669717252528e-5,0.0001676055946870981
14.69,0.047,0.480716289995901,9.276179371111382e-6,9.276177963764443e-6,0.0001676055946870981
14.69,0.047,0.789648183294706,2.9412749086228662e-6,2.94127314964111e-6,0.0001676055946870981
14.69,0.047,1.297114881182717,7.450718068797925e-7,7.45071792989137e-7,0.0001676055946870981
14.69,0.047,2.1307045980472066,1.526296263919813e-7,1.526295598834302e-7,0.0001676055946870981
14.69,0.047,3.5000000000000004,1.9135124464617194e-8,1.9135123923435665e-8,0.0001676055946870981
14.69,0.047,3.8,9.629997452315147e-9,9.63000461107858e-9,0.0001676055946870981
14.69,0.047,3.98,2.681459925885651e-9,2.6814607086074795e-9,0.0001676055946870981
14.69,0.047,3.9998,2.6452936065968833e-10,2.645294165785119e-10,0.0001676055946870981
14.69,0.173,1.0000000000000001e-7,0.00017088365698476475,0.000170883656391851,0.0001708879214476022
14.69,0.173,1.6426491045299075e-7,0.00017088188548507446,0.00017088188489298628,0.0001708879214476022
14.69,0.173,2.698296080612907e-7,0.00017087937807652595,0.00017087937748332807,0.0001708879214476022
14.69,0.173,4.432353640575351e-7,0.0001708758290372045,0.00017087582844702254,0.0001708879214476022
14.69,0.173,7.280801738650976e-7,0.00017087080561973213,0.00017087080502637352,0.0001708879214476022
14.69,0.173,1.1959802456254818e-6,0.00017086369524951166,0.00017086369466219777,0.0001708879214476022
14.69,0.173,1.9645758795121526e-6,0.00017085363074395248,0.0001708536301530836,0.0001708879214476022
14.69,0.173,3.227108809261693e-6,0.00017083938436459524,0.00017083938377985834,0.0001708879214476022
14.69,0.173,5.301007395754297e-6,0.000170819217623184,0.0001708192170417665,0.0001708879214476022
14.69,0.173,8.707695051742211e-6,0.00017079066816177464,0.00017079066757592578,0.0001708879214476022
14.69,0.173,1.4303687479263852e-5,0.00017075024688864668,0.000170750246330084,0.0001708879214476022
14.69,0.173,2.3495939429288417e-5,0.0001706930065628079,0.0001706930059701653,0.0001708879214476022
14.69,0.173,3.8595583863609565e-5,0.00017061192501157207,0.00017061192449566333,0.0001708879214476022
14.69,0.173,6.33990012723672e-5,0.00017049701840506754,0.00017049701782249617,0.0001708879214476022
14.69,0.173,0.00010414231266814445,0.00017033405582500753,0.0001703340553701522,0.0001708879214476022
14.69,0.173,0.00017106927664800093,0.00017010267348367567,0.00017010267299504497,0.0001708879214476022
14.69,0.173,0.00028100679409841776,0.0001697735625317467,0.00016977356212779507,0.0001708879214476022
14.69,0.173,0.00046159555869258604,0.00016930418626336335,0.00016930418611691973,0.0001708879214476022
14.69,0.173,0.0007582395311413588,0.00016863209565959049,0.00016863209520383507,0.0001708879214476022
14.69,0.173,0.00124552148684853,0.00016766423435680625,0.00016766423524789293,0.0001708879214476022
14.69,0.173,0.002045954755044497,0.0001662594942639483,0.00016625949366816254,0.0001708879214476022
14.69,0.173,0.0033607857462825456,0.00016420012000832227,0.00016420012356054453,0.0001708879214476022
14.69,0.173,0.005520591696647901,0.0001611458509890419,0.0001611458519276091,0.0001708879214476022
14.69,0.173,0.009068395006973916,0.00015656547659268212,0.00015656548441928065,0.0001708879214476022
14.69,0.173,0.01489619093772919,0.00014965190957672304,0.0001496519193292488,0.0001708879214476022
14.69,0.173,0.024469214704767362,0.00013926816171948254,0.00013926816913118435,0.0001708879214476022
14.69,0.173,0.04019433362333615,0.00012407002796971763,0.00012407005154762128,0.0001708879214476022
14.69,0.173,0.06602518613354949,0.00010308669626164613,0.00010308669595179067,0.0001708879214476022
14.69,0.173,0.1084562128786955,7.696777388070238e-5,7.696777849025239e-5,0.0001708879214476022
14.69,0.173,0.17815550096589414,4.926473960440831e-5,4.9264738988001524e-5,0.0001708879214476022
14.69,0.173,0.292646974128703,2.571848659423506e-5,2.571847398068768e-5,0.0001708879214476022
14.69,0.173,0.480716289995901,1.0529762166832188e-5,1.0529758988077843e-5,0.0001708879214476022
14.69,0.173,0.789648183294706,3.331226068630885e-6,3.3312248103022997e-6,0.0001708879214476022
14.69,0.173,1.297114881182717,8.243518034600076e-7,8.243513614710935e-7,0.0001708879214476022
14.69,0.173,2.1307045980472066,1.616486822069704e-7,1.6164866550604768e-7,0.0001708879214476022
14.69,0.173,3.5000000000000004,1.9186384005834215e-8,1.9186390762903675e-8,0.0001708879214476022
14.69,0.173,3.8,9.569661052435222e-9,9.569663492591535e-9,0.0001708879214476022
14.69,0.173,3.98,2.651572893212452e-9,2.6515755671750723e-9,0.0001708879214476022
14.69,0.173,3.9998,2.61444505631141e-10,2.6144477033586204e-10,0.0001708879214476022
14.69,0.61,1.0000000000000001e-7,0.000210040592928995,0.00021004059351723546,0.0002100451260959715
14.69,0.61,1.6426491045299075e-7,0.00021003870980954565,0.0002100387103978903,0.0002100451260959715
14.69,0.61,2.698296080612907e-7,0.00021003604441601555,0.00021003604500424033,0.0002100451260959715
14.69,0.61,4.432353640575351e-7,0.00021003227176920864,0.00021003227235961324,0.0002100451260959715
14.69,0.61,7.280801738650976e-7,0.0002100269318689728,0.00021002693245653702,0.0002100451260959715
14.69,0.61,1.1959802456254818e-6,0.00021001937357640246,0.0002100193741707051,0.0002100451260959715
14.69,0.61,1.9645758795121526e-6,0.0002100086751463964,0.00021000867573424606,0.0002100451260959715
14.69,0.61,3.227108809261693e-6,0.00020999353166190936,0.0002099935322616019,0.0002100451260959715
14.69,0.61,5.301007395754297e-6,0.0002099720955085714,0.00020997209610300926,0.0002100451260959715
14.69,0.61,8.707695051742211e-6,0.0002099417501271897,0.00020994175073066446,0.0002100451260959715
14.69,0.61,1.4303687479263852e-5,0.00020989878874869394,0.000209898789364829,0.0002100451260959715
14.69,0.61,2.3495939429288417e-5,0.00020983795733458527,0.00020983795793336898,0.0002100451260959715
14.69,0.61,3.8595583863609565e-5,0.00020975180238232374,0.00020975180304808185,0.0002100451260959715
14.69,0.61,6.33990012723672e-5,0.00020962973600662305,0.00020962973659320206,0.0002100451260959715
14.69,0.61,0.00010414231266814445,0.00020945668643936448,0.00020945668719508137,0.0002100451260959715
14.69,0.61,0.00017106927664800093,0.0002092111302834363,0.00020921113091070616,0.0002100451260959715
14.69,0.61,0.00028100679409841776,0.00020886218212432583,0.00020886218300688274,0.0002100451260959715
14.69,0.61,0.00046159555869258604,0.0002083652076402493,0.0002083652085259161,0.0002100451260959715
14.69,0.61,0.0007582395311413588,0.00020765505563304266,0.00020765505660949878,0.0002100451260959715
14.69,0.61,0.00124552148684853,0.00020663534780802082,0.00020663534964720156,0.0002100451260959715
14.69,0.61,0.002045954755044497,0.00020516113525634305,0.00020516113604858728,0.0002100451260959715
14.69,0.61,0.0033607857462825456,0.0002030104357455791,0.00020301044053519976,0.0002100451260959715
14.69,0.61,0.005520591696647901,0.0001998378362516225,0.00019983783697435705,0.0002100451260959715
14.69,0.61,0.009068395006973916,0.0001951020648709882,0.0001951020764309971,0.0002100451260959715
14.69,0.61,0.01489619093772919,0.0001879653266498756,0.0001879653327902073,0.0002100451260959715
14.69,0.61,0.024469214704767362,0.0001771921892874067,0.00017719220716249393,0.0002100451260959715
14.69,0.61,0.04019433362333615,0.00016116300889028532,0.00016116303316290211,0.0002100451260959715
14.69,0.61,0.06602518613354949,0.0001382844330388422,0.00013828444143882852,0.0002100451260959715
14.69,0.61,0.1084562128786955,0.00010819359097719314,0.00010819361317510379,0.0002100451260959715
14.69,0.61,0.17815550096589414,7.36401237336195e-5,7.364012357417286e-5,0.0002100451260959715
14.69,0.61,0.292646974128703,4.118223704575404e-5,4.118222165587856e-5,0.0002100451260959715
14.69,0.61,0.480716289995901,1.7878876386892213e-5,1.7878874747568597e-5,0.0002100451260959715
14.69,0.61,0.789648183294706,5.789945786440922e-6,5.78994106578992e-6,0.0002100451260959715
14.69,0.61,1.297114881182717,1.3845501228893015e-6,1.3845493060636553e-6,0.0002100451260959715
14.69,0.61,2.1307045980472066,2.460013225070477e-7,2.460011629817966e-7,0.0002100451260959715
14.69,0.61,3.5000000000000004,2.5337635943405257e-8,2.5337631376031634e-8,0.0002100451260959715
14.69,0.61,3.8,1.233618722613678e-8,1.2336196181562907e-8,0.0002100451260959715
14.69,0.61,3.98,3.3729012508960957e-9,3.3729050306019824e-9,0.0002100451260959715
14.69,0.61,3.9998,3.320977132863005e-10,3.3209806031918957e-10,0.0002100451260959715
14.69,1.73,1.0000000000000001e-7,0.00044870691412233024,0.000448706918945679,0.00044871446985944173
14.69,1.73,1.6426491045299075e-7,0.0004487037754045916,0.00044870378022925436,0.00044871446985944173
14.69,1.73,2.698296080612907e-7,0.00044869933282666455,0.0004486993376520448,0.00044871446985944173
14.69,1.73,4.432353640575351e-7,0.000448693044736543,0.00044869304956088264,0.00044871446985944173
14.69,1.73,7.280801738650976e-7,0.00044868414445086054,0.00044868414928108486,0.00044871446985944173
14.69,1.73,1.1959802456254818e-6,0.0004486715467421771,0.0004486715515649258,0.00044871446985944173
14.69,1.73,1.9645758795121526e-6,0.0004486537154372598,0.0004486537202761352,0.00044871446985944173
14.69,1.73,3.227108809261693e-6,0.0004486284759155774,0.0004486284807402677,0.00044871446985944173
14.69,1.73,5.301007395754297e-6,0.00044859274949093225,0.00044859275434069586,0.00044871446985944173
14.69,1.73,8.707695051742211e-6,0.00044854217693315434,0.0004485421817754642,0.00044871446985944173
14.69,1.73,1.4303687479263852e-5,0.0004484705844116777,0.0004484705892664473,0.00044871446985944173
14.69,1.73,2.3495939429288417e-5,0.00044836922489219314,0.0004483692297874084,0.00044871446985944173
14.69,1.73,3.8595583863609565e-5,0.00044822569830336984,0.0004482257031424334,0.00044871446985944173
14.69,1.73,6.33990012723672e-5,0.0004480224094010351,0.0004480224144110582,0.00044871446985944173
14.69,1.73,0.00010414231266814445,0.00044773435430881377,0.0004477343591269447,0.00044871446985944173
14.69,1.73,0.00017106927664800093,0.00044732591945144043,0.00044732592465891247,0.00044871446985944173
14.69,1.73,0.00028100679409841776,0.0004467462011803035,0.0004467462061291858,0.00044871446985944173
14.69,1.73,0.00046159555869258604,0.00044592205709124505,0.00044592206255300397,0.00044871446985944173
14.69,1.73,0.0007582395311413588,0.00044474758088213536,0.0004447475865139087,0.00044871446985944173
14.69,1.73,0.00124552148684853,0.0004430677705350922,0.0004430677761112456,0.00044871446985944173
14.69,1.73,0.002045954755044497,0.0004406525282065421,0.000440652536248988,0.00044871446985944173
14.69,1.73,0.0033607857462825456,0.000437154345797675,0.00043715435082109476,0.00044871446985944173
14.69,1.73,0.005520591696647901,0.00043203870410351484,0.00043203871935941805,0.00044871446985944173
14.69,1.73,0.009068395006973916,0.0004244709542341623,0.0004244709599948775,0.00044871446985944173
14.69,1.73,0.01489619093772919,0.0004131419953399983,0.0004131420261873542,0.00044871446985944173
14.69,1.73,0.024469214704767362,0.00039603451676513716,0.0003960345388369681,0.00044871446985944173
14.69,1.73,0.04019433362333615,0.0003702171928766629,0.0003702172356402929,0.00044871446985944173
14.69,1.73,0.06602518613354949,0.0003319883862589061,0.00033198845545728085,0.00044871446985944173
14.69,1.73,0.1084562128786955,0.0002781048279824665,0.00027810484691069814,0.00044871446985944173
14.69,1.73,0.17815550096589414,0.0002089817202770565,0.00020898178225250058,0.00044871446985944173
14.69,1.73,0.292646974128703,0.00013304899155843934,0.00013304899427367335,0.00044871446985944173
14.69,1.73,0.480716289995901,6.681009986484647e-5,6.681007200705305e-5,0.00044871446985944173
14.69,1.73,0.789648183294706,2.4544064763750102e-5,2.4544060825762556e-5,0.00044871446985944173
14.69,1.73,1.297114881182717,6.21266979893569e-6,6.212660493276147e-6,0.00044871446985944173
14.69,1.73,2.1307045980472066,1.045321471762204e-6,1.0453196207902898e-6,0.00044871446985944173
14.69,1.73,3.5000000000000004,9.149324273477266e-8,9.14932458730959e-8,0.00044871446985944173
14.69,1.73,3.8,4.3126573925476985e-8,4.312652875245501e-8,0.00044871446985944173
14.69,1.73,3.98,1.1578768924621631e-8,1.1578775568803297e-8,0.00044871446985944173
14.69,1.73,3.9998,1.1378383713317104e-9,1.1378393579513608e-9,0.00044871446985944173
14.69,4.71,1.0000000000000001e-7,0.0018763231613204885,0.0018763524487510725,0.0018763452895128546
14.69,4.71,1.6426491045299075e-7,0.0018763139690940007,0.0018763432564509034,0.0018763452895128546
14.69,4.71,2.698296080612907e-7,0.0018763009583266902,0.0018763302455785833,0.0018763452895128546
14.69,4.71,4.432353640575351e-7,0.0018762825427368556,0.0018763118298308012,0.0018763452895128546
14.69,4.71,7.280801738650976e-7,0.001876256477046983,0.0018762857639429027,0.0018763452895128546
14.69,4.71,1.1959802456254818e-6,0.0018762195831755995,0.001876248869741457,0.0018763452895128546
14.69,4.71,1.9645758795121526e-6,0.0018761673626132454,0.0018761966487916973,0.0018763452895128546
14.69,4.71,3.227108809261693e-6,0.0018760934476062174,0.0018761227331316524,0.0018763452895128546
14.69,4.71,5.301007395754297e-6,0.0018759888239663516,0.0018760181086869064,0.0018763452895128546
14.69,4.71,8.707695051742211e-6,0.0018758407301317649,0.0018758700136109767,0.0018763452895128546
14.69,4.71,1.4303687479263852e-5,0.001875631096833089,0.0018756603785833636,0.0018763452895128546
14.69,4.71,2.3495939429288417e-5,0.0018753343338934693,0.0018753636133168102,0.0018763452895128546
14.69,4.71,3.8595583863609565e-5,0.0018749141869793622,0.001874943462712203,0.0018763452895128546
14.69,4.71,6.33990012723672e-5,0.0018743192644619156,0.001874348535762966,0.0018763452895128546
14.69,4.71,0.00010414231266814445,0.0018734766516732455,0.0018735059154177127,0.0018763452895128546
14.69,4.71,0.00017106927664800093,0.001872282750624243,0.0018723120054980067,0.0018763452895128546
14.69,4.71,0.00028100679409841776,0.001870590043813238,0.0018706192840097274,0.0018763452895128546
14.69,4.71,0.00046159555869258604,0.001868187764367391,0.0018682169857646266,0.0018763452895128546
14.69,4.71,0.0007582395311413588,0.001864773243875267,0.00186480243774282,0.0018763452895128546
14.69,4.71,0.00124552148684853,0.001859908597894734,0.0018599377507083166,0.0018763452895128546
14.69,4.71,0.002045954755044497,0.0018529536568190356,0.001852982759144919,0.0018763452895128546
14.69,4.71,0.0033607857462825456,0.0018429593856054383,0.001842988397693994,0.0018763452895128546
14.69,4.71,0.005520591696647901,0.0018284945591558435,0.0018285234786508712,0.0018763452895128546
14.69,4.71,0.009068395006973916,0.001807360277853601,0.0018073890062525139,0.0018763452895128546
14.69,4.71,0.01489619093772919,0.001776123606963504,0.0017761521457546193,0.0018763452895128546
14.69,4.71,0.024469214704767362,0.0017293903060268548,0.0017294184703407459,0.0018763452895128546
14.69,4.71,0.04019433362333615,0.0016588028542816081,0.0016588305205091586,0.0018763452895128546
14.69,4.71,0.06602518613354949,0.0015520759181331092,0.0015521028871392853,0.0018763452895128546
14.69,4.71,0.1084562128786955,0.001393328011922667,0.0013933535134638697,0.0018763452895128546
14.69,4.71,0.17815550096589414,0.0011677977887091788,0.0011678216541725396,0.0018763452895128546
14.69,4.71,0.292646974128703,0.0008752442280408884,0.0008752645028322428,0.0018763452895128546
14.69,4.71,0.480716289995901,0.0005501625971529525,0.0005501783517331709,0.0018763452895128546
14.69,4.71,0.789648183294706,0.0002657439822782326,0.00026575382349773585,0.0018763452895128546
14.69,4.71,1.297114881182717,8.87138123286299e-5,8.871815019988984e-5,0.0018763452895128546
14.69,4.71,2.1307045980472066,1.822404247045868e-5,1.8225236612619084e-5,0.0018763452895128546
14.69,4.71,3.5000000000000004,1.6672876978312134e-6,1.667432355640896e-6,0.0018763452895128546
14.69,4.71,3.8,7.791753149314483e-7,7.792428933609217e-7,0.0018763452895128546
14.69,4.71,3.98,2.078705350639746e-7,2.0788994497031716e-7,0.0018763452895128546
14.69,4.71,3.9998,2.0412232370163988e-8,2.0414144684943835e-8,0.0018763452895128546
15.19,0.00113,1.0000000000000001e-7,0.0007377859216384934,0.0007377859225872673,0.0007378083246171682
15.19,0.00113,1.6426491045299075e-7,0.0007377766151966047,0.0007377766162400656,0.0007378083246171682
15.19,0.00113,2.698296080612907e-7,0.0007377634426797053,0.0007377634438478748,0.0007378083246171682
15.19,0.00113,4.432353640575351e-7,0.0007377447979443545,0.0007377447993103596,0.0007378083246171682
15.19,0.00113,7.280801738650976e-7,0.0007377184074495084,0.0007377184090577892,0.0007378083246171682
15.19,0.00113,1.1959802456254818e-6,0.0007376810527617802,0.0007376810547701327,0.0007378083246171682
15.19,0.00113,1.9645758795121526e-6,0.0007376281774595068,0.0007376281799639198,0.0007378083246171682
15.19,0.00113,3.227108809261693e-6,0.0007375533299920986,0.0007375533332725208,0.0007378083246171682
15.19,0.00113,5.301007395754297e-6,0.000737447373389516,0.0007374473777169811,0.0007378083246171682
15.19,0.00113,8.707695051742211e-6,0.0007372973627955267,0.0007372973685942537,0.0007378083246171682
15.19,0.00113,1.4303687479263852e-5,0.0007370849479357916,0.0007370849559528047,0.0007378083246171682
15.19,0.00113,2.3495939429288417e-5,0.0007367840921978924,0.0007367841030261022,0.0007378083246171682
15.19,0.00113,3.8595583863609565e-5,0.0007363578000378245,0.0007363578154943242,0.0007378083246171682
15.19,0.00113,6.33990012723672e-5,0.0007357533870490982,0.0007357534081499272,0.0007378083246171682
15.19,0.00113,0.00010414231266814445,0.0007348955705254812,0.0007348956010252076,0.0007378083246171682
15.19,0.00113,0.00017106927664800093,0.0007336762253701366,0.0007336762679763471,0.0007378083246171682
15.19,0.00113,0.00028100679409841776,0.0007319388976000789,0.0007319389590198064,0.0007378083246171682
15.19,0.00113,0.00046159555869258604,0.0007294548379431746,0.0007294549270029929,0.0007378083246171682
15.19,0.00113,0.0007582395311413588,0.0007258849796870629,0.0007258851072062684,0.0007378083246171682
15.19,0.00113,0.00124552148684853,0.0007207183257290449,0.0007207185206848367,0.0007378083246171682
15.19,0.00113,0.002045954755044497,0.0007131711342661454,0.0007131714139149558,0.0007378083246171682
15.19,0.00113,0.0033607857462825456,0.0007020241050750481,0.0007020245555467738,0.0007378083246171682
15.19,0.00113,0.005520591696647901,0.0006853734266254819,0.000685374089382389,0.0007378083246171682
15.19,0.00113,0.009068395006973916,0.0006603001948094052,0.0006603012574180936,0.0007378083246171682
15.19,0.00113,0.01489619093772919,0.0006225823558282333,0.0006225839427948506,0.0007378083246171682
15.19,0.00113,0.024469214704767362,0.0005668850214609553,0.0005668873062455879,0.0007378083246171682
15.19,0.00113,0.04019433362333615,0.0004883717783419166,0.0004883748566847142,0.0007378083246171682
15.19,0.00113,0.06602518613354949,0.00038675637239723906,0.00038675991317844115,0.0007378083246171682
15.19,0.00113,0.1084562128786955,0.00027165450093755183,0.0002716578978821041,0.0007378083246171682
15.19,0.00113,0.17815550096589414,0.00016317064983410116,0.00016317328341247843,0.0007378083246171682
15.19,0.00113,0.292646974128703,8.161235185258926e-5,8.161384342531935e-5,0.0007378083246171682
15.19,0.00113,0.480716289995901,3.3752571884452945e-5,3.3753236051424406e-5,0.0007378083246171682
15.19,0.00113,0.789648183294706,1.1703262642663267e-5,1.170348886053268e-5,0.0007378083246171682
15.19,0.00113,1.297114881182717,3.4818761146766383e-6,3.4819380794067226e-6,0.0007378083246171682
15.19,0.00113,2.1307045980472066,8.864333542059189e-7,8.864470012650985e-7,0.0007378083246171682
15.19,0.00113,3.5000000000000004,1.4074850547777734e-7,1.40750271192004e-7,0.0007378083246171682
15.19,0.00113,3.8,7.351637992393995e-8,7.351725191729094e-8,0.0007378083246171682
15.19,0.00113,3.98,2.089175106557577e-8,2.0891998859745355e-8,0.0007378083246171682
15.19,0.00113,3.9998,2.065448820880229e-9,2.065473254599701e-9,0.0007378083246171682
15.19,0.0037,1.0000000000000001e-7,0.0007376812693233401,0.0007376812692191852,0.0007377036444340622
15.19,0.0037,1.6426491045299075e-7,0.0007376719744582649,0.0007376719743488241,0.0007377036444340622
15.19,0.0037,2.698296080612907e-7,0.0007376588183276217,0.0007376588182281462,0.0007377036444340622
15.19,0.0037,4.432353640575351e-7,0.0007376401967863093,0.0007376401966834392,0.0007377036444340622
15.19,0.0037,7.280801738650976e-7,0.0007376138391223476,0.0007376138390260671,0.0007377036444340622
15.19,0.0037,1.1959802456254818e-6,0.0007375765309080122,0.0007375765308250338,0.0007377036444340622
15.19,0.0037,1.9645758795121526e-6,0.0007375237213944578,0.0007375237212945474,0.0007377036444340622
15.19,0.0037,3.227108809261693e-6,0.0007374489670677006,0.0007374489670277313,0.0007377036444340622
15.19,0.0037,5.301007395754297e-6,0.0007373431423493323,0.0007373431422431174,0.0007377036444340622
15.19,0.0037,8.707695051742211e-6,0.0007371933185445574,0.0007371933185761726,0.0007377036444340622
15.19,0.0037,1.4303687479263852e-5,0.0007369811683392384,0.0007369811682767665,0.0007377036444340622
15.19,0.0037,2.3495939429288417e-5,0.0007366806878107736,0.0007366806879259669,0.0007377036444340622
15.19,0.0037,3.8595583863609565e-5,0.0007362549281135529,0.0007362549282517525,0.0007377036444340622
15.19,0.0037,6.33990012723672e-5,0.0007356512718902272,0.0007356512720353361,0.0007377036444340622
15.19,0.0037,0.00010414231266814445,0.0007347945334272037,0.0007347945341310865,0.0007377036444340622
15.19,0.0037,0.00017106927664800093,0.0007335767294443316,0.0007335767294731142,0.0007377036444340622
15.19,0.0037,0.00028100679409841776,0.0007318416163453859,0.0007318416183986884,0.0007377036444340622
15.19,0.0037,0.00046159555869258604,0.0007293607627480715,0.0007293607629190389,0.0007377036444340622
15.19,0.0037,0.0007582395311413588,0.0007257955923943693,0.0007257955973372242,0.0007377036444340622
15.19,0.0037,0.00124552148684853,0.0007206358801305456,0.0007206358833292426,0.0007377036444340622
15.19,0.0037,0.002045954755044497,0.000713099114842771,0.0007130991244432116,0.0007377036444340622
15.19,0.0037,0.0033607857462825456,0.0007019679506155101,0.0007019679688082901,0.0007377036444340622
15.19,0.0037,0.005520591696647901,0.0006853415700985705,0.000685341580993717,0.0007377036444340622
15.19,0.0037,0.009068395006973916,0.0006603052319069606,0.0006603052928359271,0.0007377036444340622
15.19,0.0037,0.01489619093772919,0.0006226414038295747,0.0006226414073997147,0.0007377036444340622
15.19,0.0037,0.024469214704767362,0.0005670167628188844,0.000567016858110677,0.0007377036444340622
15.19,0.0037,0.04019433362333615,0.0004885861820981842,0.0004885861994307301,0.0007377036444340622
15.19,0.0037,0.06602518613354949,0.00038703642720191067,0.00038703643100767345,0.0007377036444340622
15.19,0.0037,0.1084562128786955,0.00027194433063441523,0.00027194430646269223,0.0007377036444340622
15.19,0.0037,0.17815550096589414,0.00016339801347093984,0.0001633979807720315,0.0007377036444340622
15.19,0.0037,0.292646974128703,8.174087253175702e-5,8.174083648201048e-5,0.0007377036444340622
15.19,0.0037,0.480716289995901,3.380211950814053e-5,3.380211827213462e-5,0.0007377036444340622
15.19,0.0037,0.789648183294706,1.1714750760996187e-5,1.1714748246612797e-5,0.0007377036444340622
15.19,0.0037,1.297114881182717,3.4822952990859862e-6,3.4822952598290246e-6,0.0007377036444340622
15.19,0.0037,2.1307045980472066,8.855386969412417e-7,8.855387064179508e-7,0.0007377036444340622
15.19,0.0037,3.5000000000000004,1.404371137393594e-7,1.4043712174299765e-7,0.0007377036444340622
15.19,0.0037,3.8,7.333980613555986e-8,7.333983224349703e-8,0.0007377036444340622
15.19,0.0037,3.98,2.0839397908645098e-8,2.0839402603116504e-8,0.0007377036444340622
15.19,0.0037,3.9998,2.0602501512816806e-9,2.0602505312848248e-9,0.0007377036444340622
15.19,0.0127,1.0000000000000001e-7,0.0007373921385882355,0.0007373921384719386,0.0007374144191516004
15.19,0.0127,1.6426491045299075e-7,0.0007373828829997217,0.0007373828828918073,0.0007374144191516004
15.19,0.0127,2.698296080612907e-7,0.0007373697824626107,0.000737369782347159,0.0007374144191516004
15.19,0.0127,4.432353640575351e-7,0.0007373512396115676,0.0007373512395098403,0.0007374144191516004
15.19,0.0127,7.280801738650976e-7,0.0007373249933328071,0.0007373249932262557,0.0007374144191516004
15.19,0.0127,1.1959802456254818e-6,0.0007372878427886992,0.0007372878426906626,0.0007374144191516004
15.19,0.0127,1.9645758795121526e-6,0.0007372352564767884,0.0007372352563974673,0.0007374144191516004
15.19,0.0127,3.227108809261693e-6,0.000737160818149447,0.0007371608180447882,0.0007374144191516004
15.19,0.0127,5.301007395754297e-6,0.0007370554408780006,0.000737055440857585,0.0007374144191516004
15.19,0.0127,8.707695051742211e-6,0.0007369062508017285,0.0007369062506858646,0.0007374144191516004
15.19,0.0127,1.4303687479263852e-5,0.0007366949985108977,0.0007366949985881287,0.0007374144191516004
15.19,0.0127,2.3495939429288417e-5,0.0007363957910064378,0.0007363957909487886,0.0007374144191516004
15.19,0.0127,3.8595583863609565e-5,0.0007359718379144771,0.0007359718381040431,0.0007374144191516004
15.19,0.0127,6.33990012723672e-5,0.0007353707494410015,0.0007353707496650358,0.0007374144191516004
15.19,0.0127,0.00010414231266814445,0.0007345176691304203,0.0007345176693501134,0.0007374144191516004
15.19,0.0127,0.00017106927664800093,0.0007333050952655697,0.0007333050963201895,0.0007374144191516004
15.19,0.0127,0.00028100679409841776,0.0007315774989473461,0.0007315774989572782,0.0007374144191516004
15.19,0.0127,0.00046159555869258604,0.0007291075292648767,0.0007291075324243704,0.0007374144191516004
15.19,0.0127,0.0007582395311413588,0.0007255582780469524,0.0007255582781888703,0.0007374144191516004
15.19,0.0127,0.00124552148684853,0.0007204221475165158,0.0007204221553746739,0.0007374144191516004
15.19,0.0127,0.002045954755044497,0.0007129208182461149,0.00071292082316309,0.0007374144191516004
15.19,0.0127,0.0033607857462825456,0.0007018436043902903,0.0007018436192592921,0.0007374144191516004
15.19,0.0127,0.005520591696647901,0.0006852998948279362,0.0006852999230430674,0.0007374144191516004
15.19,0.0127,0.009068395006973916,0.0006603891301210926,0.0006603891436731565,0.0007374144191516004
15.19,0.0127,0.01489619093772919,0.000622909135047628,0.000622909215273937,0.0007374144191516004
15.19,0.0127,0.024469214704767362,0.0005675316909797249,0.0005675316913200831,0.0007374144191516004
15.19,0.0127,0.04019433362333615,0.0004893812741289338,0.0004893813442874747,0.0007374144191516004
15.19,0.0127,0.06602518613354949,0.00038805114273391403,0.0003880511495031552,0.0007374144191516004
15.19,0.0127,0.1084562128786955,0.00027298351728601125,0.00027298347326263576,0.0007374144191516004
15.19,0.0127,0.17815550096589414,0.000164210118128574,0.00016421008335164698,0.0007374144191516004
15.19,0.0127,0.292646974128703,8.220010176608732e-5,8.220008587453741e-5,0.0007374144191516004
15.19,0.0127,0.480716289995901,3.3979998910074585e-5,3.397998739919348e-5,0.0007374144191516004
15.19,0.0127,0.789648183294706,1.1756688452625702e-5,1.1756688298032442e-5,0.0007374144191516004
15.19,0.0127,1.297114881182717,3.4843402818866556e-6,3.4843398582263346e-6,0.0007374144191516004
15.19,0.0127,2.1307045980472066,8.825814935656e-7,8.825814716206808e-7,0.0007374144191516004
15.19,0.0127,3.5000000000000004,1.3938170034081082e-7,1.3938173838558824e-7,0.0007374144191516004
15.19,0.0127,3.8,7.274049253950748e-8,7.274048955645426e-8,0.0007374144191516004
15.19,0.0127,3.98,2.0661588321033303e-8,2.0661593788106727e-8,0.0007374144191516004
15.19,0.0127,3.9998,2.0425925067318163e-9,2.042593128498911e-9,0.0007374144191516004
15.19,0.047,1.0000000000000001e-7,0.0007373602266870404,0.0007373602255508712,0.0007373821883907935
15.19,0.047,1.6426491045299075e-7,0.0007373511035583015,0.0007373511024269833,0.0007373821883907935
15.19,0.047,2.698296080612907e-7,0.0007373381905099409,0.0007373381893721941,0.0007373821883907935
15.19,0.047,4.432353640575351e-7,0.0007373199130416119,0.0007373199119198732,0.0007373821883907935
15.19,0.047,7.280801738650976e-7,0.000737294042410047,0.000737294041272295,0.0007373821883907935
15.19,0.047,1.1959802456254818e-6,0.0007372574236117454,0.0007372574225037378,0.0007373821883907935
15.19,0.047,1.9645758795121526e-6,0.0007372055900564226,0.0007372055889332608,0.0007373821883907935
15.19,0.047,3.227108809261693e-6,0.0007371322174610324,0.0007371322163637819,0.0007373821883907935
15.19,0.047,5.301007395754297e-6,0.0007370283492636447,0.0007370283481912287,0.0007373821883907935
15.19,0.047,8.707695051742211e-6,0.0007368812965788057,0.0007368812954722497,0.0007373821883907935
15.19,0.047,1.4303687479263852e-5,0.0007366730728378257,0.0007366730718837615,0.0007373821883907935
15.19,0.047,2.3495939429288417e-5,0.0007363781593779152,0.0007363781582388039,0.0007373821883907935
15.19,0.047,3.8595583863609565e-5,0.0007359603008285475,0.0007359603000898407,0.0007373821883907935
15.19,0.047,6.33990012723672e-5,0.0007353678761036228,0.0007353678750420753,0.0007373821883907935
15.19,0.047,0.00010414231266814445,0.0007345271419527123,0.0007345271415143322,0.0007373821883907935
15.19,0.047,0.00017106927664800093,0.0007333322268589812,0.0007333322263466355,0.0007373821883907935
15.19,0.047,0.00028100679409841776,0.0007316300255703455,0.0007316300253607933,0.0007373821883907935
15.19,0.047,0.00046159555869258604,0.0007291968595891776,0.0007291968610475012,0.0007373821883907935
15.19,0.047,0.0007582395311413588,0.000725701506072822,0.0007257015055320961,0.0007373821883907935
15.19,0.047,0.00124552148684853,0.0007206453493024472,0.0007206453567303028,0.0007373821883907935
15.19,0.047,0.002045954755044497,0.0007132644417726,0.000713264440915811,0.0007373821883907935
15.19,0.047,0.0033607857462825456,0.0007023709852732919,0.0007023710071610238,0.0007373821883907935
15.19,0.047,0.005520591696647901,0.0006861094724816754,0.000686109482065755,0.0007373821883907935
15.19,0.047,0.009068395006973916,0.0006616280027492064,0.0006616280426148201,0.0007373821883907935
15.19,0.047,0.01489619093772919,0.0006247763802942178,0.0006247764332653007,0.0007373821883907935
15.19,0.047,0.024469214704767362,0.0005702405512660613,0.0005702405760725089,0.0007373821883907935
15.19,0.047,0.04019433362333615,0.000493030408164482,0.0004930304790600898,0.0007373821883907935
15.19,0.047,0.06602518613354949,0.00039239573191718113,0.00039239572723037046,0.0007373821883907935
15.19,0.047,0.1084562128786955,0.00027728585437856003,0.00027728580180866785,0.0007373821883907935
15.19,0.047,0.17815550096589414,0.0001675302099010035,0.00016753019994990282,0.0007373821883907935
15.19,0.047,0.292646974128703,8.40801219915545e-5,8.408008591302696e-5,0.0007373821883907935
15.19,0.047,0.480716289995901,3.471967682552333e-5,3.4719669377253093e-5,0.0007373821883907935
15.19,0.047,0.789648183294706,1.1940466465172296e-5,1.1940465166713814e-5,0.0007373821883907935
15.19,0.047,1.297114881182717,3.5001162652813485e-6,3.5001158272804853e-6,0.0007373821883907935
15.19,0.047,2.1307045980472066,8.737042333739088e-7,8.73704226870444e-7,0.0007373821883907935
15.19,0.047,3.5000000000000004,1.3583033474325006e-7,1.3583037424960264e-7,0.0007373821883907935
15.19,0.047,3.8,7.071170883415552e-8,7.071171265667921e-8,0.0007373821883907935
15.19,0.047,3.98,2.0057994747854595e-8,2.0058003076414744e-8,0.0007373821883907935
15.19,0.047,3.9998,1.982635203518406e-9,1.982636046865592e-9,0.0007373821883907935
15.19,0.173,1.0000000000000001e-7,0.0007503749331542226,0.0007503749305161275,0.0007503962049367701
15.19,0.173,1.6426491045299075e-7,0.0007503660966325289,0.0007503660939992545,0.0007503962049367701
15.19,0.173,2.698296080612907e-7,0.000750353589261487,0.0007503535866287274,0.0007503962049367701
15.19,0.173,4.432353640575351e-7,0.0007503358860186693,0.0007503358833854175,0.0007503962049367701
15.19,0.173,7.280801738650976e-7,0.0007503108282121406,0.0007503108255930865,0.0007503962049367701
15.19,0.173,1.1959802456254818e-6,0.0007502753600353512,0.0007502753573977793,0.0007503962049367701
15.19,0.173,1.9645758795121526e-6,0.0007502251554071055,0.0007502251528142437,0.0007503962049367701
15.19,0.173,3.227108809261693e-6,0.0007501540891621209,0.0007501540865260201,0.0007503962049367701
15.19,0.173,5.301007395754297e-6,0.000750053487118953,0.0007500534845629805,0.0007503962049367701
15.19,0.173,8.707695051742211e-6,0.0007499110613202644,0.0007499110587274791,0.0007503962049367701
15.19,0.173,1.4303687479263852e-5,0.0007497093954902393,0.0007497093929620791,0.0007503962049367701
15.19,0.173,2.3495939429288417e-5,0.0007494237845012139,0.0007494237820550772,0.0007503962049367701
15.19,0.173,3.8595583863609565e-5,0.0007490191386387896,0.0007490191360830355,0.0007503962049367701
15.19,0.173,6.33990012723672e-5,0.0007484455181272119,0.0007484455160312487,0.0007503962049367701
15.19,0.173,0.00010414231266814445,0.0007476316284498455,0.0007476316258087441,0.0007503962049367701
15.19,0.173,0.00017106927664800093,0.0007464752134910403,0.0007464752120885302,0.0007503962049367701
15.19,0.173,0.00028100679409841776,0.0007448286033440977,0.0007448286009923947,0.0007503962049367701
15.19,0.173,0.00046159555869258604,0.0007424764738309674,0.0007424764735801606,0.0007503962049367701
15.19,0.173,0.0007582395311413588,0.0007391007555323818,0.0007391007553224921,0.0007503962049367701
15.19,0.173,0.00124552148684853,0.0007342239901435524,0.0007342239910532127,0.0007503962049367701
15.19,0.173,0.002045954755044497,0.000727116653086982,0.000727116661692859,0.0007503962049367701
15.19,0.173,0.0033607857462825456,0.0007166464381234573,0.0007166464375901681,0.0007503962049367701
15.19,0.173,0.005520591696647901,0.000701043197452532,0.0007010432321936988,0.0007503962049367701
15.19,0.173,0.009068395006973916,0.0006775712795651163,0.000677571278118996,0.0007503962049367701
15.19,0.173,0.01489619093772919,0.0006421938042932392,0.0006421938781155793,0.0007503962049367701
15.19,0.173,0.024469214704767362,0.00058958133903531,0.0005895813674761152,0.0007503962049367701
15.19,0.173,0.04019433362333615,0.0005143242842279779,0.0005143243343735658,0.0007503962049367701
15.19,0.173,0.06602518613354949,0.0004145424259564964,0.0004145424544960062,0.0007503962049367701
15.19,0.173,0.1084562128786955,0.0002975982426401981,0.00029759822638621885,0.0007503962049367701
15.19,0.173,0.17815550096589414,0.00018273402201771273,0.00018273395688268867,0.0007503962049367701
15.19,0.173,0.292646974128703,9.273173051160012e-5,9.273172937680318e-5,0.0007503962049367701
15.19,0.173,0.480716289995901,3.826201901258096e-5,3.8262000461805304e-5,0.0007503962049367701
15.19,0.173,0.789648183294706,1.2927517827071461e-5,1.2927517051228996e-5,0.0007503962049367701
15.19,0.173,1.297114881182717,3.6571582253263007e-6,3.6571575481723857e-6,0.0007503962049367701
15.19,0.173,2.1307045980472066,8.6908770898687e-7,8.690876301697999e-7,0.0007503962049367701
15.19,0.173,3.5000000000000004,1.280279325537744e-7,1.2802795547392974e-7,0.0007503962049367701
15.19,0.173,3.8,6.608322188035741e-8,6.60832295839018e-8,0.0007503962049367701
15.19,0.173,3.98,1.8657339707479536e-8,1.865734081604902e-8,0.0007503962049367701
15.19,0.173,3.9998,1.8432696407358595e-9,1.8432698577927335e-9,0.0007503962049367701
15.19,0.61,1.0000000000000001e-7,0.0009180462633660606,0.0009180462658165143,0.0009180688754817287
15.19,0.61,1.6426491045299075e-7,0.000918036870071979,0.0009180368725303616,0.0009180688754817287
15.19,0.61,2.698296080612907e-7,0.0009180235746563988,0.0009180235771101494,0.0009180688754817287
15.19,0.61,4.432353640575351e-7,0.0009180047560444579,0.0009180047585061112,0.0009180688754817287
15.19,0.61,7.280801738650976e-7,0.0009179781196165086,0.0009179781220826492,0.0009180688754817287
15.19,0.61,1.1959802456254818e-6,0.0009179404172316536,0.0009179404196916056,0.0009180688754817287
15.19,0.61,1.9645758795121526e-6,0.0009178870507116719,0.0009178870532073086,0.0009180688754817287
15.19,0.61,3.227108809261693e-6,0.00091781151006997,0.0009178115125208971,0.0009180688754817287
15.19,0.61,5.301007395754297e-6,0.0009177045771441897,0.0009177045796928058,0.0009180688754817287
15.19,0.61,8.707695051742211e-6,0.000917553195603916,0.0009175531980678035,0.0009180688754817287
15.19,0.61,1.4303687479263852e-5,0.0009173388651781392,0.0009173388677950405,0.0009180688754817287
15.19,0.61,2.3495939429288417e-5,0.0009170353544349089,0.0009170353570090922,0.0009180688754817287
15.19,0.61,3.8595583863609565e-5,0.0009166054310881699,0.0009166054337421154,0.0009180688754817287
15.19,0.61,6.33990012723672e-5,0.0009159961618950517,0.0009159961648097867,0.0009180688754817287
15.19,0.61,0.00010414231266814445,0.0009151321005352941,0.0009151321031032184,0.0009180688754817287
15.19,0.61,0.00017106927664800093,0.0009139052967512147,0.000913905300470299,0.0009180688754817287
15.19,0.61,0.00028100679409841776,0.0009121604031038087,0.0009121604055475421,0.0009180688754817287
15.19,0.61,0.00046159555869258604,0.0009096720047329054,0.0009096720101016601,0.0009180688754817287
15.19,0.61,0.0007582395311413588,0.0009061092570846732,0.0009061092605882367,0.0009180688754817287
15.19,0.61,0.00124552148684853,0.0009009793417681291,0.0009009793499456367,0.0009180688754817287
15.19,0.61,0.002045954755044497,0.0008935352895420571,0.0008935352997153944,0.0009180688754817287
15.19,0.61,0.0033607857462825456,0.0008826249310481303,0.0008826249413316705,0.0009180688754817287
15.19,0.61,0.005520591696647901,0.0008664486424724571,0.0008664486783555586,0.0009180688754817287
15.19,0.61,0.009068395006973916,0.0008421974249364625,0.0008421974294929969,0.0009180688754817287
15.19,0.61,0.01489619093772919,0.0008056022849765879,0.0008056023799991774,0.0009180688754817287
15.19,0.61,0.024469214704767362,0.0007506413657403206,0.0007506413761593464,0.0009180688754817287
15.19,0.61,0.04019433362333615,0.0006701659175475793,0.0006701660373446407,0.0009180688754817287
15.19,0.61,0.06602518613354949,0.0005589171138420069,0.0005589171620148905,0.0009180688754817287
15.19,0.61,0.1084562128786955,0.0004200436045445813,0.00042004360855901144,0.0009180688754817287
15.19,0.61,0.17815550096589414,0.00027189548970976457,0.0002718954503245038,0.0009180688754817287
15.19,0.61,0.292646974128703,0.00014461259913140385,0.00014461258422816426,0.0009180688754817287
15.19,0.61,0.480716289995901,6.095941799822671e-5,6.095937689454915e-5,0.0009180688754817287
15.19,0.61,0.789648183294706,2.0115133663837275e-5,2.011513348571206e-5,0.0009180688754817287
15.19,0.61,1.297114881182717,5.261681294095467e-6,5.261678234791953e-6,0.0009180688754817287
15.19,0.61,2.1307045980472066,1.1017163799688115e-6,1.1017161938378223e-6,0.0009180688754817287
15.19,0.61,3.5000000000000004,1.3978630219073736e-7,1.3978635108699982e-7,0.0009180688754817287
15.19,0.61,3.8,7.043170601632791e-8,7.043170088022032e-8,0.0009180688754817287
15.19,0.61,3.98,1.962285852521026e-8,1.962286610412608e-8,0.0009180688754817287
15.19,0.61,3.9998,1.9359316086656207e-9,1.935932557223289e-9,0.0009180688754817287
15.19,1.73,1.0000000000000001e-7,0.0019493941269256904,0.001949394147892491,0.0019494318160664726
15.19,1.73,1.6426491045299075e-7,0.001949378470520749,0.0019493784914779923,0.0019494318160664726
15.19,1.73,2.698296080612907e-7,0.001949356310243145,0.0019493563312177012,0.0019494318160664726
15.19,1.73,4.432353640575351e-7,0.0019493249442180986,0.0019493249651845355,0.0019494318160664726
15.19,1.73,7.280801738650976e-7,0.001949280548035446,0.001949280569015259,0.0019494318160664726
15.19,1.73,1.1959802456254818e-6,0.001949217708234547,0.0019492177292316007,0.0019494318160664726
15.19,1.73,1.9645758795121526e-6,0.0019491287617272937,0.0019491287826996328,0.0019494318160664726
15.19,1.73,3.227108809261693e-6,0.0019490028601970206,0.0019490028812627475,0.0019494318160664726
15.19,1.73,5.301007395754297e-6,0.0019488246444317725,0.001948824665384862,0.0019494318160664726
15.19,1.73,8.707695051742211e-6,0.0019485723647446945,0.0019485723859266107,0.0019494318160664726
15.19,1.73,1.4303687479263852e-5,0.0019482152132686461,0.0019482152342712052,0.0019494318160664726
15.19,1.73,2.3495939429288417e-5,0.0019477095314308977,0.0019477095527472197,0.0019494318160664726
15.19,1.73,3.8595583863609565e-5,0.0019469934044333789,0.0019469934257244355,0.0019494318160664726
15.19,1.73,6.33990012723672e-5,0.001945978925968005,0.0019459789473180319,0.0019494318160664726
15.19,1.73,0.00010414231266814445,0.0019445410618800485,0.0019445410839993944,0.0019494318160664726
15.19,1.73,0.00017106927664800093,0.0019425014731798383,0.0019425014942747085,0.0019494318160664726
15.19,1.73,0.00028100679409841776,0.00193960471435752,0.0019396047383569328,0.0019494318160664726
15.19,1.73,0.00046159555869258604,0.0019354825996596053,0.001935482620649098,0.0019494318160664726
15.19,1.73,0.0007582395311413588,0.001929599670280178,0.001929599697996687,0.0019494318160664726
15.19,1.73,0.00124552148684853,0.001921167616179231,0.0019211676404386033,0.0019494318160664726
15.19,1.73,0.002045954755044497,0.0019090076389622751,0.0019090076725433473,0.0019494318160664726
15.19,1.73,0.0033607857462825456,0.0018913251432148633,0.0018913251855116183,0.0019494318160664726
15.19,1.73,0.005520591696647901,0.001865340346806932,0.0018653403829083399,0.0019494318160664726
15.19,1.73,0.009068395006973916,0.0018266995989900472,0.0018266997071005602,0.0019494318160664726
15.19,1.73,0.01489619093772919,0.0017686134281951578,0.0017686134500365623,0.0019494318160664726
15.19,1.73,0.024469214704767362,0.001680845148063967,0.0016808453988333863,0.0019494318160664726
15.19,1.73,0.04019433362333615,0.0015492705972253895,0.001549270654210092,0.0019494318160664726
15.19,1.73,0.06602518613354949,0.0013580732414692996,0.0013580735418398514,0.0019494318160664726
15.19,1.73,0.1084562128786955,0.0010982474648261993,0.0010982476249812596,0.0019494318160664726
15.19,1.73,0.17815550096589414,0.0007841650873926304,0.000784165123349428,0.0019494318160664726
15.19,1.73,0.292646974128703,0.0004671539366138901,0.00046715387358835394,0.0019494318160664726
15.19,1.73,0.480716289995901,0.0002182508956591289,0.00021825087889189892,0.0019494318160664726
15.19,1.73,0.789648183294706,7.590363817916069e-5,7.590355805632574e-5,0.0019494318160664726
15.19,1.73,1.297114881182717,1.9143517038989073e-5,1.9143516812043965e-5,0.0019494318160664726
15.19,1.73,2.1307045980472066,3.479456245582711e-6,3.479450400508171e-6,0.0019494318160664726
15.19,1.73,3.5000000000000004,3.5526314244949564e-7,3.5526298921015645e-7,0.0019494318160664726
15.19,1.73,3.8,1.7235177405606724e-7,1.7235191181585978e-7,0.0019494318160664726
15.19,1.73,3.98,4.702244460855381e-8,4.702245217178753e-8,0.0019494318160664726
15.19,1.73,3.9998,4.6287674631772e-9,4.628767737549375e-9,0.0019494318160664726
15.19,4.71,1.0000000000000001e-7,0.008103820152945277,0.008103947411121509,0.008103930531641894
15.19,4.71,1.6426491045299075e-7,0.008103774300736182,0.008103901558508094,0.008103930531641894
15.19,4.71,2.698296080612907e-7,0.0081037094010396,0.008103836658323347,0.008103930531641894
15.19,4.71,4.432353640575351e-7,0.008103617541189729,0.008103744797699946,0.008103930531641894
15.19,4.71,7.280801738650976e-7,0.008103487521274343,0.008103614776739387,0.008103930531641894
15.19,4.71,1.1959802456254818e-6,0.008103303488236749,0.008103430742251295,0.008103930531641894
15.19,4.71,1.9645758795121526e-6,0.008103043002113432,0.008103170253886764,0.008103930531641894
15.19,4.71,3.227108809261693e-6,0.008102674297913472,0.008102801546940297,0.008103930531641894
15.19,4.71,5.301007395754297e-6,0.008102152407630047,0.008102279652018998,0.008103930531641894
15.19,4.71,8.707695051742211e-6,0.008101413665732705,0.00810154090468654,0.008103930531641894
15.19,4.71,1.4303687479263852e-5,0.00810036791946095,0.008100495149333992,0.008103930531641894
15.19,4.71,2.3495939429288417e-5,0.00809888747419184,0.0080990146926517,0.008103930531641894
15.19,4.71,3.8595583863609565e-5,0.008096791380757643,0.008096918582055359,0.008103930531641894
15.19,4.71,6.33990012723672e-5,0.008093823046778869,0.00809395022348014,0.008103930531641894
15.19,4.71,0.00010414231266814445,0.008089618213264121,0.008089745357850906,0.008103930531641894
15.19,4.71,0.00017106927664800093,0.008083658882667709,0.00808378597486456,0.008103930531641894
15.19,4.71,0.00028100679409841776,0.008075206459156202,0.008075333490085539,0.008103930531641894
15.19,4.71,0.00046159555869258604,0.00806320350849698,0.008063330432767917,0.008103930531641894
15.19,4.71,0.0007582395311413588,0.008046126935434716,0.00804625373626722,0.008103930531641894
15.19,4.71,0.00124552148684853,0.008021763736770111,0.00802189033158877,0.008103930531641894
15.19,4.71,0.002045954755044497,0.007986859767174025,0.00798698609592587,0.008103930531641894
15.19,4.71,0.0033607857462825456,0.007936555547456528,0.007936681497992992,0.008103930531641894
15.19,4.71,0.005520591696647901,0.007863462375949365,0.007863587714070397,0.008103930531641894
15.19,4.71,0.009068395006973916,0.007756142678763885,0.007756267362288412,0.008103930531641894
15.19,4.71,0.01489619093772919,0.007596667966731362,0.007596791189816808,0.008103930531641894
15.19,4.71,0.024469214704767362,0.007356977809238058,0.007357099840628495,0.008103930531641894
15.19,4.71,0.04019433362333615,0.006994411733509823,0.0069945305335998974,0.008103930531641894
15.19,4.71,0.06602518613354949,0.006449130923831982,0.006449246466005886,0.008103930531641894
15.19,4.71,0.1084562128786955,0.005651814197352588,0.0056519230089010315,0.008103930531641894
15.19,4.71,0.17815550096589414,0.004558006757177332,0.004558104987004157,0.008103930531641894
15.19,4.71,0.292646974128703,0.0032211611972741186,0.0032212437995921953,0.008103930531641894
15.19,4.71,0.480716289995901,0.0018632883782808754,0.0018633478724917635,0.008103930531641894
15.19,4.71,0.789648183294706,0.0008108029503552445,0.000810836556050606,0.008103930531641894
15.19,4.71,1.297114881182717,0.00024298690599711573,0.00024300066639149775,0.008103930531641894
15.19,4.71,2.1307045980472066,4.630549927398817e-5,4.630876084696274e-5,0.008103930531641894
15.19,4.71,3.5000000000000004,4.228212100542604e-6,4.2285943690789255e-6,0.008103930531641894
15.19,4.71,3.8,1.9906004548190044e-6,1.9907870194155896e-6,0.008103930531641894
15.19,4.71,3.98,5.336449976838201e-7,5.336955510492183e-7,0.008103930531641894
15.19,4.71,3.9998,5.243092865618802e-8,5.2435910360022154e-8,0.008103930531641894
15.67,0.00113,1.0000000000000001e-7,0.0030860362990333882,0.0030860579365514884,0.003086141090968529
15.67,0.00113,1.6426491045299075e-7,0.003085992767223369,0.0030860144039861676,0.003086141090968529
15.67,0.00113,2.698296080612907e-7,0.0030859311513357817,0.003085952787037798,0.003086141090968529
15.67,0.00113,4.432353640575351e-7,0.003085843938257308,0.0030858655724928644,0.003086141090968529
15.67,0.00113,7.280801738650976e-7,0.003085720492751223,0.003085742124795661,0.003086141090968529
15.67,0.00113,1.1959802456254818e-6,0.003085545759044418,0.0030855673882164924,0.003086141090968529
15.67,0.00113,1.9645758795121526e-6,0.003085298421154985,0.003085320045892548,0.003086141090968529
15.67,0.00113,3.227108809261693e-6,0.00308494829469206,0.003084969913669691,0.003086141090968529
15.67,0.00113,5.301007395754297e-6,0.003084452625370065,0.003084474235601677,0.003086141090968529
15.67,0.00113,8.707695051742211e-6,0.0030837508276354377,0.0030837724260176277,0.003086141090968529
15.67,0.00113,1.4303687479263852e-5,0.003082756987452203,0.0030827785688107025,0.003086141090968529
15.67,0.00113,2.3495939429288417e-5,0.0030813491380430238,0.0030813706947700344,0.003086141090968529
15.67,0.00113,3.8595583863609565e-5,0.0030793538299239273,0.0030793753534801684,0.003086141090968529
15.67,0.00113,6.33990012723672e-5,0.0030765237381319473,0.003076545210737633,0.003086141090968529
15.67,0.00113,0.00010414231266814445,0.003072504761898358,0.0030725261687144737,0.003086141090968529
15.67,0.00113,0.00017106927664800093,0.0030667868705459562,0.0030668081737432818,0.003086141090968529
15.67,0.00113,0.00028100679409841776,0.003058629093702683,0.0030586502611580843,0.003086141090968529
15.67,0.00113,0.00046159555869258604,0.0030469422497692907,0.0030469632081937576,0.003086141090968529
15.67,0.00113,0.0007582395311413588,0.003030101218028393,0.003030121880029147,0.003086141090968529
15.67,0.00113,0.00124552148684853,0.0030056393486981308,0.0030056595838913124,0.003086141090968529
15.67,0.00113,0.002045954755044497,0.002969750709004008,0.002969770249075596,0.003086141090968529
15.67,0.00113,0.0033607857462825456,0.0029165028119893773,0.002916521437728875,0.003086141090968529
15.67,0.00113,0.005520591696647901,0.0028366939368768846,0.0028367108701946027,0.003086141090968529
15.67,0.00113,0.009068395006973916,0.002716523898164942,0.0027165386643389438,0.003086141090968529
15.67,0.00113,0.01489619093772919,0.002536998422476814,0.0025370093629278802,0.003086141090968529
15.67,0.00113,0.024469214704767362,0.002276573645381947,0.002276579492495772,0.003086141090968529
15.67,0.00113,0.04019433362333615,0.0019211761717881095,0.0019211752748560405,0.003086141090968529
15.67,0.00113,0.06602518613354949,0.0014830395428883012,0.0014830314817647966,0.003086141090968529
15.67,0.00113,0.1084562128786955,0.0010163954608026049,0.0010163819943077596,0.003086141090968529
15.67,0.00113,0.17815550096589414,0.000603714808555495,0.0006037002162502226,0.003086141090968529
15.67,0.00113,0.292646974128703,0.00030777343598028487,0.00030776121370593634,0.003086141090968529
15.67,0.00113,0.480716289995901,0.00013571723744730248,0.00013570929482626987,0.003086141090968529
15.67,0.00113,0.789648183294706,5.27839579627605e-5,5.2779735555666266e-5,0.003086141090968529
15.67,0.00113,1.297114881182717,1.841237221432331e-5,1.8410515262828693e-5,0.003086141090968529
15.67,0.00113,2.1307045980472066,5.646304272055101e-6,5.645649981111365e-6,0.003086141090968529
15.67,0.00113,3.5000000000000004,1.0812936970614148e-6,1.0811659141887362e-6,0.003086141090968529
15.67,0.00113,3.8,5.81478934140439e-7,5.814109461717071e-7,0.003086141090968529
15.67,0.00113,3.98,1.6790991015757398e-7,1.678904480832844e-7,0.003086141090968529
15.67,0.00113,3.9998,1.662852174544602e-8,1.662659608675111e-8,0.003086141090968529
15.67,0.0037,1.0000000000000001e-7,0.0030854222717794015,0.003085443862070051,0.003085526933359501
15.67,0.0037,1.6426491045299075e-7,0.003085378794121347,0.0030854003836836923,0.003085526933359501
15.67,0.0037,2.698296080612907e-7,0.003085317254882871,0.003085338843334569,0.003085526933359501
15.67,0.0037,4.432353640575351e-7,0.003085230150298807,0.003085251737258844,0.003085526933359501
15.67,0.0037,7.280801738650976e-7,0.003085106858367338,0.0030851284431630465,0.003085526933359501
15.67,0.0037,1.1959802456254818e-6,0.003084932342056123,0.0030849539237612924,0.003085526933359501
15.67,0.0037,1.9645758795121526e-6,0.003084685311927363,0.0030847068894225564,0.003085526933359501
15.67,0.0037,3.227108809261693e-6,0.003084335621202681,0.003084357192333681,0.003085526933359501
15.67,0.0037,5.301007395754297e-6,0.0030838405689286082,0.0030838621317639094,0.003085526933359501
15.67,0.0037,8.707695051742211e-6,0.0030831396452539774,0.00308316119527457,0.003085526933359501
15.67,0.0037,1.4303687479263852e-5,0.0030821470437795576,0.003082168576999932,0.003085526933359501
15.67,0.0037,2.3495939429288417e-5,0.003080740951170906,0.0030807624591067833,0.003085526933359501
15.67,0.0037,3.8595583863609565e-5,0.0030787481375638285,0.0030787696105627686,0.003085526933359501
15.67,0.0037,6.33990012723672e-5,0.0030759215942249792,0.0030759430175326345,0.003085526933359501
15.67,0.0037,0.00010414231266814445,0.0030719076797189886,0.003071929029099994,0.003085526933359501
15.67,0.0037,0.00017106927664800093,0.0030661970387566642,0.0030662182888048766,0.003085526933359501
15.67,0.0037,0.00028100679409841776,0.003058049710124748,0.0030580708014688878,0.003085526933359501
15.67,0.0037,0.00046159555869258604,0.0030463780497072025,0.0030463989323466106,0.003085526933359501
15.67,0.0037,0.0007582395311413588,0.0030295593280178085,0.0030295798632332294,0.003085526933359501
15.67,0.0037,0.00124552148684853,0.003005130678779142,0.003005150731042909,0.003085526933359501
15.67,0.0037,0.002045954755044497,0.0029692921918904264,0.002969311451456186,0.003085526933359501
15.67,0.0037,0.0033607857462825456,0.002916120807410258,0.0029161388177158126,0.003085526933359501
15.67,0.0037,0.005520591696647901,0.002836428708417032,0.002836444824131412,0.003085526933359501
15.67,0.0037,0.009068395006973916,0.0027164334048787498,0.0027164462181761663,0.003085526933359501
15.67,0.0037,0.01489619093772919,0.002537155420749102,0.002537163750024294,0.003085526933359501
15.67,0.0037,0.024469214704767362,0.002277043484396267,0.0022770447743981014,0.003085526933359501
15.67,0.0037,0.04019433362333615,0.0019219628378718168,0.0019219559503562177,0.003085526933359501
15.67,0.0037,0.06602518613354949,0.0014840189528604131,0.0014840039467914148,0.003085526933359501
15.67,0.0037,0.1084562128786955,0.0010173194247440351,0.0010172993447517332,0.003085526933359501
15.67,0.0037,0.17815550096589414,0.0006043541731895828,0.0006043343218441609,0.003085526933359501
15.67,0.0037,0.292646974128703,0.00030807915289338133,0.00030806395359694606,0.003085526933359501
15.67,0.0037,0.480716289995901,0.0001358021522061516,0.00013579275762414287,0.003085526933359501
15.67,0.0037,0.789648183294706,5.278083030089298e-5,5.2776076718300553e-5,0.003085526933359501
15.67,0.0037,1.297114881182717,1.8393913429504386e-5,1.8391914342346917e-5,0.003085526933359501
15.67,0.0037,2.1307045980472066,5.634499072586594e-6,5.633827551929928e-6,0.003085526933359501
15.67,0.0037,3.5000000000000004,1.0778546679844794e-6,1.0777316919463628e-6,0.003085526933359501
15.67,0.0037,3.8,5.795304836986824e-7,5.794658742504017e-7,0.003085526933359501
15.67,0.0037,3.98,1.6733149861479166e-7,1.6731315184265665e-7,0.003085526933359501
15.67,0.0037,3.9998,1.657107428760502e-8,1.6569261022764608e-8,0.003085526933359501
15.67,0.0127,1.0000000000000001e-7,0.0030836018284371046,0.0030836232746132937,0.003083706047762798
15.67,0.0127,1.6426491045299075e-7,0.0030835585344999934,0.003083579979976445,0.003083706047762798
15.67,0.0127,2.698296080612907e-7,0.0030834972553084317,0.003083518699886542,0.003083706047762798
15.67,0.0127,4.432353640575351e-7,0.0030834105188127583,0.003083431961992699,0.003083706047762798
15.67,0.0127,7.280801738650976e-7,0.003083287747913415,0.003083309189266637,0.003083706047762798
15.67,0.0127,1.1959802456254818e-6,0.0030831139691603867,0.003083135407784475,0.003083706047762798
15.67,0.0127,1.9645758795121526e-6,0.003082867983173412,0.0030828894180042255,0.003083706047762798
15.67,0.0127,3.227108809261693e-6,0.0030825197707853255,0.0030825412003317202,0.003083706047762798
15.67,0.0127,5.301007395754297e-6,0.0030820268119903676,0.0030820482336497033,0.003083706047762798
15.67,0.0127,8.707695051742211e-6,0.003081328853791241,0.00308135026513091,0.003083706047762798
15.67,0.0127,1.4303687479263852e-5,0.00308034045501017,0.003080361850237929,0.003083706047762798
15.67,0.0127,2.3495939429288417e-5,0.0030789403229947803,0.0030789616975163826,0.003083706047762798
15.67,0.0127,3.8595583863609565e-5,0.0030769559732026918,0.0030769773156077555,0.003083706047762798
15.67,0.0127,6.33990012723672e-5,0.003074141470260596,0.0030741627695071517,0.003083706047762798
15.67,0.0127,0.00010414231266814445,0.0030701447321954474,0.0030701659678385234,0.003083706047762798
15.67,0.0127,0.00017106927664800093,0.003064458697479424,0.0030644798400298657,0.003083706047762798
15.67,0.0127,0.00028100679409841776,0.0030563468337993643,0.0030563678479031417,0.003083706047762798
15.67,0.0127,0.00046159555869258604,0.0030447267241315336,0.003044747529768751,0.003083706047762798
15.67,0.0127,0.0007582395311413588,0.0030279837741987096,0.0030280043045882135,0.003083706047762798
15.67,0.0127,0.00124552148684853,0.0030036679988481993,0.003003688043795327,0.003083706047762798
15.67,0.0127,0.002045954755044497,0.002968000005798473,0.0029680193882909494,0.003083706047762798
15.67,0.0127,0.0033607857462825456,0.0029150888645436863,0.0029151070752795327,0.003083706047762798
15.67,0.0127,0.005520591696647901,0.0028357941430101024,0.002835810562648489,0.003083706047762798
15.67,0.0127,0.009068395006973916,0.002716393577511978,0.0027164071610443047,0.003083706047762798
15.67,0.0127,0.01489619093772919,0.0025379576734663547,0.002537966629496938,0.003083706047762798
15.67,0.0127,0.024469214704767362,0.002278908330279964,0.0022789111878423287,0.003083706047762798
15.67,0.0127,0.04019433362333615,0.0019248975447793072,0.0019248922661317793,0.003083706047762798
15.67,0.0127,0.06602518613354949,0.0014875868838082323,0.0014875736858017655,0.003083706047762798
15.67,0.0127,0.1084562128786955,0.0010206541544553818,0.0010206360526962238,0.003083706047762798
15.67,0.0127,0.17815550096589414,0.0006066582263316453,0.0006066397954638356,0.003083706047762798
15.67,0.0127,0.292646974128703,0.00030918734516760787,0.0003091729896340012,0.003083706047762798
15.67,0.0127,0.480716289995901,0.00013611831288736672,0.00013610939330225126,0.003083706047762798
15.67,0.0127,0.789648183294706,5.277823914719915e-5,5.277369768564537e-5,0.003083706047762798
15.67,0.0127,1.297114881182717,1.8332732244140316e-5,1.8330822372903915e-5,0.003083706047762798
15.67,0.0127,2.1307045980472066,5.594472796233619e-6,5.5938362678848226e-6,0.003083706047762798
15.67,0.0127,3.5000000000000004,1.0661285192039827e-6,1.0660136562908462e-6,0.003083706047762798
15.67,0.0127,3.8,5.728840986098849e-7,5.728241614127512e-7,0.003083706047762798
15.67,0.0127,3.98,1.6535809765785285e-7,1.6534109410834948e-7,0.003083706047762798
15.67,0.0127,3.9998,1.6375073709843242e-8,1.63733931414364e-8,0.003083706047762798
15.67,0.047,1.0000000000000001e-7,0.0030812210998884338,0.003081242043100949,0.0030813238277172953
15.67,0.047,1.6426491045299075e-7,0.0030811784255484,0.0030811993681106897,0.0030813238277172953
15.67,0.047,2.698296080612907e-7,0.003081118023363524,0.0030811389650416358,0.0030813238277172953
15.67,0.047,4.432353640575351e-7,0.00308103252824606,0.0030810534685791757,0.0030813238277172953
15.67,0.047,7.280801738650976e-7,0.003080911514533002,0.003080932453133116,0.0030813238277172953
15.67,0.047,1.1959802456254818e-6,0.0030807402232148483,0.0030807611591050625,0.0030813238277172953
15.67,0.047,1.9645758795121526e-6,0.0030804977586521756,0.0030805186910441676,0.0030813238277172953
15.67,0.047,3.227108809261693e-6,0.0030801545320977945,0.0030801754591757886,0.0030813238277172953
15.67,0.047,5.301007395754297e-6,0.003079668633910833,0.003079689553736046,0.0030813238277172953
15.67,0.047,8.707695051742211e-6,0.0030789806776066603,0.003079001587130329,0.0030813238277172953
15.67,0.047,1.4303687479263852e-5,0.0030780064543400034,0.0030780273487041655,0.0030813238277172953
15.67,0.047,2.3495939429288417e-5,0.003076626428871734,0.0030766473031460582,0.0030813238277172953
15.67,0.047,3.8595583863609565e-5,0.0030746706334391534,0.003074691476316604,0.0030813238277172953
15.67,0.047,6.33990012723672e-5,0.0030718967596861024,0.0030719175623012238,0.0030813238277172953
15.67,0.047,0.00010414231266814445,0.00306795800067132,0.0030679787394266526,0.0030813238277172953
15.67,0.047,0.00017106927664800093,0.0030623550650518507,0.0030623757189284046,0.0030813238277172953
15.67,0.047,0.00028100679409841776,0.0030543630588865636,0.0030543835825853683,0.0030813238277172953
15.67,0.047,0.00046159555869258604,0.0030429173511033725,0.0030429376842025916,0.0030813238277172953
15.67,0.047,0.0007582395311413588,0.0030264311086788363,0.003026451166792427,0.0030813238277172953
15.67,0.047,0.00124552148684853,0.0030024984353275936,0.0030025180317446083,0.0030813238277172953
15.67,0.047,0.002045954755044497,0.002967410354222711,0.0029674293218306374,0.0030813238277172953
15.67,0.047,0.0033607857462825456,0.0029153863883565737,0.002915404177440466,0.0030813238277172953
15.67,0.047,0.005520591696647901,0.0028374489363985735,0.0028374651128535745,0.0030813238277172953
15.67,0.047,0.009068395006973916,0.0027200814693124414,0.0027200947220005992,0.0030813238277172953
15.67,0.047,0.01489619093772919,0.002544519600689729,0.002544528638410743,0.0030813238277172953
15.67,0.047,0.024469214704767362,0.0022890699799357683,0.002289072860204565,0.0030813238277172953
15.67,0.047,0.04019433362333615,0.0019385928365274628,0.0019385878144385527,0.0030813238277172953
15.67,0.047,0.06602518613354949,0.001503119177802598,0.001503106321796215,0.0030813238277172953
15.67,0.047,0.1084562128786955,0.0010347546529717894,0.0010347368363079828,0.0030813238277172953
15.67,0.047,0.17815550096589414,0.0006163536060328362,0.000616335217587537,0.0030813238277172953
15.67,0.047,0.292646974128703,0.00031393823562293294,0.000313923958342711,0.0030813238277172953
15.67,0.047,0.480716289995901,0.00013758529953563817,0.00013757639730450046,0.0030813238277172953
15.67,0.047,0.789648183294706,5.288369669482331e-5,5.2879193626305175e-5,0.0030813238277172953
15.67,0.047,1.297114881182717,1.8146668222376987e-5,1.814479459230878e-5,0.0030813238277172953
15.67,0.047,2.1307045980472066,5.459617043704811e-6,5.4590019664308555e-6,0.0030813238277172953
15.67,0.047,3.5000000000000004,1.0256691876450443e-6,1.0255607408691582e-6,0.0030813238277172953
15.67,0.047,3.8,5.499121037601377e-7,5.498557719530671e-7,0.0030813238277172953
15.67,0.047,3.98,1.5853188075163676e-7,1.5851594296816913e-7,0.0030813238277172953
15.67,0.047,3.9998,1.5697030981588202e-8,1.569545654239254e-8,0.0030813238277172953
15.67,0.173,1.0000000000000001e-7,0.003128184585325462,0.003128204267610261,0.0031282840859784607
15.67,0.173,1.6426491045299075e-7,0.0031281432516286466,0.0031281629332911803,0.0031282840859784607
15.67,0.173,2.698296080612907e-7,0.0031280847470672502,0.0031281044279030203,0.0031282840859784607
15.67,0.173,4.432353640575351e-7,0.0031280019380154622,0.0031280216176455197,0.0031282840859784607
15.67,0.173,7.280801738650976e-7,0.003127884726538218,0.0031279044044436695,0.0031282840859784607
15.67,0.173,1.1959802456254818e-6,0.0031277188177586657,0.0031277384933337832,0.0031282840859784607
15.67,0.173,1.9645758795121526e-6,0.0031274839735790524,0.0031275036455850817,0.0031282840859784607
15.67,0.173,3.227108809261693e-6,0.0031271515373232405,0.0031271712047563197,0.0031282840859784607
15.67,0.173,5.301007395754297e-6,0.0031266809217563017,0.003126700582004731,0.0031282840859784607
15.67,0.173,8.707695051742211e-6,0.0031260146192701815,0.0031260342702503887,0.0031282840859784607
15.67,0.173,1.4303687479263852e-5,0.0031250710964943313,0.0031250907333804645,0.0031282840859784607
15.67,0.173,2.3495939429288417e-5,0.003123734641195412,0.0031237542587408203,0.0031282840859784607
15.67,0.173,3.8595583863609565e-5,0.0031218407771677116,0.0031218603672851057,0.0031282840859784607
15.67,0.173,6.33990012723672e-5,0.0031191551463834975,0.003119174695588787,0.0031282840859784607
15.67,0.173,0.00010414231266814445,0.0031153425821050726,0.0031153620772004513,0.0031282840859784607
15.67,0.173,0.00017106927664800093,0.00310992110051553,0.003109940508791062,0.0031282840859784607
15.67,0.173,0.00028100679409841776,0.003102192055933594,0.0031022113525510913,0.0031282840859784607
15.67,0.173,0.00046159555869258604,0.0030911315528223834,0.0030911506644082563,0.0031282840859784607
15.67,0.173,0.0007582395311413588,0.0030752174568208436,0.0030752363168604826,0.0031282840859784607
15.67,0.173,0.00124552148684853,0.0030521484374530735,0.0030521668899336145,0.0031282840859784607
15.67,0.173,0.002045954755044497,0.003018385019430373,0.003018402837713927,0.0031282840859784607
15.67,0.173,0.0033607857462825456,0.0029684148416989227,0.0029684317067628567,0.0031282840859784607
15.67,0.173,0.005520591696647901,0.0028936536218542135,0.002893668764995379,0.0031282840859784607
15.67,0.173,0.009068395006973916,0.0027810623751595726,0.00278107515383878,0.0031282840859784607
15.67,0.173,0.01489619093772919,0.002612175939758206,0.0026121844277043997,0.0031282840859784607
15.67,0.173,0.024469214704767362,0.0023646918298379197,0.002364694785557093,0.0031282840859784607
15.67,0.173,0.04019433362333615,0.002020744128743009,0.0020207394388054964,0.0031282840859784607
15.67,0.173,0.06602518613354949,0.0015850249065201092,0.0015850123757550044,0.0031282840859784607
15.67,0.173,0.1084562128786955,0.0011046183008950972,0.0011046002916149532,0.0031282840859784607
15.67,0.173,0.17815550096589414,0.0006639009627885332,0.0006638823787373383,0.0031282840859784607
15.67,0.173,0.292646974128703,0.00033824008928947454,0.00033822524691156205,0.0031282840859784607
15.67,0.173,0.480716289995901,0.00014631026007380776,0.00014630110966659375,0.0031282840859784607
15.67,0.173,0.789648183294706,5.468537146921101e-5,5.4680817569368744e-5,0.0031282840859784607
15.67,0.173,1.297114881182717,1.8013847820267366e-5,1.801201933168868e-5,0.0031282840859784607
15.67,0.173,2.1307045980472066,5.162116023700885e-6,5.161546684716183e-6,0.0031282840859784607
15.67,0.173,3.5000000000000004,9.228895748087125e-7,9.227968072125535e-7,0.0031282840859784607
15.67,0.173,3.8,4.909776425580615e-7,4.909302696804633e-7,0.0031282840859784607
15.67,0.173,3.98,1.4093734547294486e-7,1.4092410053122724e-7,0.0031282840859784607
15.67,0.173,3.9998,1.3948563780379749e-8,1.3947256569466932e-8,0.0031282840859784607
15.67,0.61,1.0000000000000001e-7,0.0038052280877088427,0.003805247552204726,0.003805333857869166
15.67,0.61,1.6426491045299075e-7,0.003805184149680757,0.0038052036135626526,0.003805333857869166
15.67,0.61,2.698296080612907e-7,0.003805121959017458,0.003805141422120477,0.003805333857869166
15.67,0.61,4.432353640575351e-7,0.003805033932831523,0.003805053394731561,0.003805333857869166
15.67,0.61,7.280801738650976e-7,0.003804909337447443,0.003804928797731195,0.003805333857869166
15.67,0.61,1.1959802456254818e-6,0.0038047329784951216,0.0038047524364605055,0.003805333857869166
15.67,0.61,1.9645758795121526e-6,0.0038044833455010757,0.003804502800080815,0.003805333857869166
15.67,0.61,3.227108809261693e-6,0.0038041299826220877,0.003804149432726739,0.003805333857869166
15.67,0.61,5.301007395754297e-6,0.0038036297600714778,0.0038036492031822268,0.003805333857869166
15.67,0.61,8.707695051742211e-6,0.0038029215805419157,0.0038029410148245676,0.003805333857869166
15.67,0.61,1.4303687479263852e-5,0.0038019188501137204,0.00380193827040836,0.003805333857869166
15.67,0.61,2.3495939429288417e-5,0.003800498739222948,0.0038005181414157785,0.003805333857869166
15.67,0.61,3.8595583863609565e-5,0.003798486798262018,0.0037985061731082154,0.003805333857869166
15.67,0.61,6.33990012723672e-5,0.0037956347728956633,0.0037956541094734016,0.003805333857869166
15.67,0.61,0.00010414231266814445,0.0037915883027193954,0.0037916075859058727,0.003805333857869166
15.67,0.61,0.00017106927664800093,0.003785839244184701,0.0037858584450360597,0.003805333857869166
15.67,0.61,0.00028100679409841776,0.003777654004853401,0.003777673098629617,0.003805333857869166
15.67,0.61,0.00046159555869258604,0.003765963364687381,0.003765982279160538,0.003805333857869166
15.67,0.61,0.0007582395311413588,0.003749188819580687,0.00374920750343089,0.003805333857869166
15.67,0.61,0.00124552148684853,0.0037249625321425757,0.00372498081739384,0.003805333857869166
15.67,0.61,0.002045954755044497,0.0036896693909558302,0.0036896871150229574,0.003805333857869166
15.67,0.61,0.0033607857462825456,0.003637702141198994,0.0036377189389955474,0.003805333857869166
15.67,0.61,0.005520591696647901,0.00356029775151239,0.0035603130173672577,0.003805333857869166
15.67,0.61,0.009068395006973916,0.003443907488314771,0.003443920508362071,0.003805333857869166
15.67,0.61,0.01489619093772919,0.0032684992583866717,0.0032685081735802264,0.003805333857869166
15.67,0.61,0.024469214704767362,0.0030074913535067557,0.0030074949979213084,0.003805333857869166
15.67,0.61,0.04019433362333615,0.002633505688224428,0.0026335011254449317,0.003805333857869166
15.67,0.61,0.06602518613354949,0.002135873551223045,0.002135860274370149,0.003805333857869166
15.67,0.61,0.1084562128786955,0.001548883811957789,0.0015488631835458382,0.003805333857869166
15.67,0.61,0.17815550096589414,0.0009661258112068056,0.0009661027907658317,0.003805333857869166
15.67,0.61,0.292646974128703,0.0005017976231907562,0.0005017783869669007,0.003805333857869166
15.67,0.61,0.480716289995901,0.00021380281014220362,0.00021379078872147336,0.003805333857869166
15.67,0.61,0.789648183294706,7.52737614376033e-5,7.52679593902579e-5,0.003805333857869166
15.67,0.61,1.297114881182717,2.235833106476809e-5,2.2356200531507473e-5,0.003805333857869166
15.67,0.61,2.1307045980472066,5.6009639193050965e-6,5.600391079679422e-6,0.003805333857869166
15.67,0.61,3.5000000000000004,8.679234992038069e-7,8.678511693537953e-7,0.003805333857869166
15.67,0.61,3.8,4.5141572291831346e-7,4.5138120224065887e-7,0.003805333857869166
15.67,0.61,3.98,1.2797848789258818e-7,1.2796919815276504e-7,0.003805333857869166
15.67,0.61,3.9998,1.2649302804977919e-8,1.2648389804734766e-8,0.003805333857869166
15.67,1.73,1.0000000000000001e-7,0.008020551338257546,0.00802058095896251,0.008020727632488366
15.67,1.73,1.6426491045299075e-7,0.008020478103985318,0.008020507723892298,0.008020727632488366
15.67,1.73,2.698296080612907e-7,0.008020374447149167,0.00802040406577233,0.008020727632488366
15.67,1.73,4.432353640575351e-7,0.00802022772930538,0.00802025734630983,0.008020727632488366
15.67,1.73,7.280801738650976e-7,0.0080200200609998,0.008020049675509336,0.008020727632488366
15.67,1.73,1.1959802456254818e-6,0.00801972611927023,0.008019755730389823,0.008020727632488366
15.67,1.73,1.9645758795121526e-6,0.008019310056975124,0.008019339663317993,0.008020727632488366
15.67,1.73,3.227108809261693e-6,0.008018721124683917,0.008018750723892508,0.008020727632488366
15.67,1.73,5.301007395754297e-6,0.008017887465744817,0.008017917055753415,0.008020727632488366
15.67,1.73,8.707695051742211e-6,0.008016707315247744,0.008016736890557825,0.008020727632488366
15.67,1.73,1.4303687479263852e-5,0.008015036500852776,0.008015066057916057,0.008020727632488366
15.67,1.73,2.3495939429288417e-5,0.008012670656045889,0.008012700183939608,0.008020727632488366
15.67,1.73,3.8595583863609565e-5,0.008009319830035196,0.00800934932010392,0.008020727632488366
15.67,1.73,6.33990012723672e-5,0.008004572070335069,0.00800460150376908,0.008020727632488366
15.67,1.73,0.00010414231266814445,0.007997840812009044,0.00799787016468562,0.008020727632488366
15.67,1.73,0.00017106927664800093,0.007988288072146806,0.00798831731462467,0.008020727632488366
15.67,1.73,0.00028100679409841776,0.007974710666259988,0.007974739733776449,0.008020727632488366
15.67,1.73,0.00046159555869258604,0.007955368350072536,0.00795539719556384,0.008020727632488366
15.67,1.73,0.0007582395311413588,0.007927718074662648,0.007927746538184828,0.008020727632488366
15.67,1.73,0.00124552148684853,0.007887992550566783,0.007888020526440607,0.008020727632488366
15.67,1.73,0.002045954755044497,0.007830516916803774,0.007830544041025225,0.008020727632488366
15.67,1.73,0.0033607857462825456,0.007746587940349409,0.007746613841254412,0.008020727632488366
15.67,1.73,0.005520591696647901,0.007622654059127024,0.007622677975307713,0.008020727632488366
15.67,1.73,0.009068395006973916,0.007437502325373631,0.007437522824154119,0.008020727632488366
15.67,1.73,0.01489619093772919,0.007158438015760177,0.007158453715241458,0.008020727632488366
15.67,1.73,0.024469214704767362,0.006737718870563329,0.006737725524686829,0.008020727632488366
15.67,1.73,0.04019433362333615,0.0061140248183294554,0.006114020506322987,0.008020727632488366
15.67,1.73,0.06602518613354949,0.005230014405466238,0.005229993363634528,0.008020727632488366
15.67,1.73,0.1084562128786955,0.004079741182872856,0.004079704291669238,0.008020727632488366
15.67,1.73,0.17815550096589414,0.002776516919891135,0.002776469696483741,0.008020727632488366
15.67,1.73,0.292646974128703,0.00156706480795098,0.0015670198174009193,0.008020727632488366
15.67,1.73,0.480716289995901,0.0007006412484428605,0.000700609877471513,0.008020727632488366
15.67,1.73,0.789648183294706,0.0002417169137822154,0.00024170163335747065,0.008020727632488366
15.67,1.73,1.297114881182717,6.43742032762887e-5,6.436895007829722e-5,0.008020727632488366
15.67,1.73,2.1307045980472066,1.3307791472188193e-5,1.3306675016034804e-5,0.008020727632488366
15.67,1.73,3.5000000000000004,1.6287301256399769e-6,1.628656251887873e-6,0.008020727632488366
15.67,1.73,3.8,8.149261348333156e-7,8.148987172453539e-7,0.008020727632488366
15.67,1.73,3.98,2.261524669821145e-7,2.2614677017655865e-7,0.008020727632488366
15.67,1.73,3.9998,2.2302110602059477e-8,2.2301569615130376e-8,0.008020727632488366
15.67,4.71,1.0000000000000001e-7,0.03310496043720604,0.033105562725568555,0.03310547674304452
15.67,4.71,1.6426491045299075e-7,0.03310474595942534,0.033105348244006544,0.03310547674304452
15.67,4.71,2.698296080612907e-7,0.03310444238515583,0.03310504466394135,0.03310547674304452
15.67,4.71,4.432353640575351e-7,0.03310401270189908,0.03310461497301824,0.03310547674304452
15.67,4.71,7.280801738650976e-7,0.033103404520344826,0.03310400678010643,0.03310547674304452
15.67,4.71,1.1959802456254818e-6,0.03310254368469385,0.03310314592863825,0.03310547674304452
15.67,4.71,1.9645758795121526e-6,0.033101325226001864,0.03310192744784641,0.03310547674304452
15.67,4.71,3.227108809261693e-6,0.03309960055135805,0.03310020274054646,0.03310547674304452
15.67,4.71,5.301007395754297e-6,0.033097159297318546,0.03309776144323198,0.03310547674304452
15.67,4.71,8.707695051742211e-6,0.03309370361299599,0.033094305692583065,0.03310547674304452
15.67,4.71,1.4303687479263852e-5,0.03308881168683383,0.03308941367993732,0.03310547674304452
15.67,4.71,2.3495939429288417e-5,0.03308188595536957,0.03308248781701196,0.03310547674304452
15.67,4.71,3.8595583863609565e-5,0.033072079419814784,0.033072681104092665,0.03310547674304452
15.67,4.71,6.33990012723672e-5,0.03305819050278025,0.03305879192984806,0.03310547674304452
15.67,4.71,0.00010414231266814445,0.03303851232134519,0.033039113379481386,0.03310547674304452
15.67,4.71,0.00017106927664800093,0.03301061511058936,0.03301121566457652,0.03310547674304452
15.67,4.71,0.00028100679409841776,0.032971028941363764,0.03297162872601573,0.03310547674304452
15.67,4.71,0.00046159555869258604,0.03291477437655244,0.03291537315272887,0.03310547674304452
15.67,4.71,0.0007582395311413588,0.03283465484972048,0.03283525202939197,0.03310547674304452
15.67,4.71,0.00124552148684853,0.03272016455045658,0.03272075961413366,0.03310547674304452
15.67,4.71,0.002045954755044497,0.03255575915485576,0.032556350880232086,0.03310547674304452
15.67,4.71,0.0033607857462825456,0.03231805310660576,0.032318640044106,0.03310547674304452
15.67,4.71,0.005520591696647901,0.031971214204370706,0.03197179392912105,0.03310547674304452
15.67,4.71,0.009068395006973916,0.03145944241858716,0.031460010296158004,0.03310547674304452
15.67,4.71,0.01489619093772919,0.030695196645884434,0.030695748068391544,0.03310547674304452
15.67,4.71,0.024469214704767362,0.02954275828480979,0.029543279389992093,0.03310547674304452
15.67,4.71,0.04019433362333615,0.027801565861260247,0.027802047599253806,0.03310547674304452
15.67,4.71,0.06602518613354949,0.02520807888098652,0.025208492350789775,0.03310547674304452
15.67,4.71,0.1084562128786955,0.021503130226725883,0.021503458858954723,0.03310547674304452
15.67,4.71,0.17815550096589414,0.016632859155607378,0.016633080797519195,0.03310547674304452
15.67,4.71,0.292646974128703,0.011068218847402217,0.011068336066039458,0.03310547674304452
15.67,4.71,0.480716289995901,0.005923913823471902,0.005923956887099308,0.03310547674304452
15.67,4.71,0.789648183294706,0.0023706257632267625,0.002370637051843655,0.03310547674304452
15.67,4.71,1.297114881182717,0.0006667906486778961,0.0006667932289838679,0.03310547674304452
15.67,4.71,2.1307045980472066,0.00012624009335814872,0.0001262430732930182,0.03310547674304452
15.67,4.71,3.5000000000000004,1.238394107282014e-5,1.2385187871099294e-5,0.03310547674304452
15.67,4.71,3.8,5.934062917682441e-6,5.934800023061243e-6,0.03310547674304452
15.67,4.71,3.98,1.6071716236713102e-6,1.607396259677645e-6,0.03310547674304452
15.67,4.71,3.9998,1.5807991133865345e-7,1.5810226633814194e-7,0.03310547674304452
