12.013,0.00113,1.0000000000000001e-7,3.512047353456908e-8,3.511755366165726e-8,3.5120574570042106e-8
12.013,0.00113,1.6426491045299075e-7,3.5120431563710824e-8,3.5117511691191634e-8,3.5120574570042106e-8
12.013,0.00113,2.698296080612907e-7,3.512037215785028e-8,3.511745228587262e-8,3.5120574570042106e-8
12.013,0.00113,4.432353640575351e-7,3.512028807434963e-8,3.511736820310929e-8,3.5120574570042106e-8
12.013,0.00113,7.280801738650976e-7,3.512016906190885e-8,3.511724919181235e-8,3.5120574570042106e-8
12.013,0.00113,1.1959802456254818e-6,3.512000061072097e-8,3.511708074203079e-8,3.5120574570042106e-8
12.013,0.00113,1.9645758795121526e-6,3.511976218339928e-8,3.5116842317057216e-8,3.5120574570042106e-8
12.013,0.00113,3.227108809261693e-6,3.511942471094218e-8,3.5116504847430434e-8,3.5120574570042106e-8
12.013,0.00113,5.301007395754297e-6,3.5118947048325835e-8,3.511602718941774e-8,3.5120574570042106e-8
12.013,0.00113,8.707695051742211e-6,3.511827095731192e-8,3.511535110435588e-8,3.5120574570042106e-8
12.013,0.00113,1.4303687479263852e-5,3.511731400412702e-8,3.511439415988684e-8,3.5120574570042106e-8
12.013,0.00113,2.3495939429288417e-5,3.51159595045933e-8,3.5113039673008686e-8,3.5120574570042106e-8
12.013,0.00113,3.8595583863609565e-5,3.5114042287346206e-8,3.5111122472154285e-8,3.5120574570042106e-8
12.013,0.00113,6.33990012723672e-5,3.51113285313911e-8,3.5108408742682733e-8,3.5120574570042106e-8
12.013,0.00113,0.00010414231266814445,3.5107487201441585e-8,3.510456744460663e-8,3.5120574570042106e-8
12.013,0.00113,0.00017106927664800093,3.5102049556470614e-8,3.509912985301414e-8,3.5120574570042106e-8
12.013,0.00113,0.00028100679409841776,3.5094351699139796e-8,3.5091432061289635e-8,3.5120574570042106e-8
12.013,0.00113,0.00046159555869258604,3.5083452944773504e-8,3.508053340968985e-8,3.5120574570042106e-8
12.013,0.00113,0.0007582395311413588,3.5068019567515e-8,3.506510017153795e-8,3.5120574570042106e-8
12.013,0.00113,0.00124552148684853,3.5046158650265876e-8,3.504323944697172e-8,3.5120574570042106e-8
12.013,0.00113,0.002045954755044497,3.501517933058555e-8,3.501226042221599e-8,3.5120574570042106e-8
12.013,0.00113,0.0033607857462825456,3.4971246921213216e-8,3.496832837490874e-8,3.5120574570042106e-8
12.013,0.00113,0.005520591696647901,3.4908875919821197e-8,3.4905957984804535e-8,3.5120574570042106e-8
12.013,0.00113,0.009068395006973916,3.4820174685127595e-8,3.481725746139581e-8,3.5120574570042106e-8
12.013,0.00113,0.01489619093772919,3.4693696124947804e-8,3.469078011689856e-8,3.5120574570042106e-8
12.013,0.00113,0.024469214704767362,3.45126444262021e-8,3.4509729917686333e-8,3.5120574570042106e-8
12.013,0.00113,0.04019433362333615,3.425200270926945e-8,3.424909055274632e-8,3.5120574570042106e-8
12.013,0.00113,0.06602518613354949,3.3873830117616045e-8,3.3870921527901926e-8,3.5120574570042106e-8
12.013,0.00113,0.1084562128786955,3.331948520576905e-8,3.331658165049209e-8,3.5120574570042106e-8
12.013,0.00113,0.17815550096589414,3.2496930819233995e-8,3.2494038079325905e-8,3.5120574570042106e-8
12.013,0.00113,0.292646974128703,3.126106219717027e-8,3.125818664706569e-8,3.5120574570042106e-8
12.013,0.00113,0.480716289995901,2.938685450316397e-8,2.9384023457890676e-8,3.5120574570042106e-8
12.013,0.00113,0.789648183294706,2.65427468916489e-8,2.6540007436419158e-8,3.5120574570042106e-8
12.013,0.00113,1.297114881182717,2.2287044752861644e-8,2.228451934471801e-8,3.5120574570042106e-8
12.013,0.00113,2.1307045980472066,1.6093259313190505e-8,1.6091195728754257e-8,3.5120574570042106e-8
12.013,0.00113,3.5000000000000004,6.674577554965384e-9,6.6735814965503596e-9,3.5120574570042106e-8
12.013,0.00113,3.8,4.029843211205456e-9,4.029225276133642e-9,3.5120574570042106e-8
12.013,0.00113,3.98,1.2397511169040321e-9,1.2395581206954177e-9,3.5120574570042106e-8
12.013,0.00113,3.9998,1.2360221994476021e-10,1.2358294355249916e-10,3.5120574570042106e-8
12.013,0.0037,1.0000000000000001e-7,3.476462282961754e-8,3.476172817034006e-8,3.47647228852039e-8
12.013,0.0037,1.6426491045299075e-7,3.476458126581121e-8,3.476168660651697e-8,3.47647228852039e-8
12.013,0.0037,2.698296080612907e-7,3.4764522436094927e-8,3.476162777685511e-8,3.47647228852039e-8
12.013,0.0037,4.432353640575351e-7,3.4764439168073165e-8,3.476154450878681e-8,3.47647228852039e-8
12.013,0.0037,7.280801738650976e-7,3.476432130986747e-8,3.476142665068706e-8,3.47647228852039e-8
12.013,0.0037,1.1959802456254818e-6,3.4764154492393324e-8,3.476125983316936e-8,3.47647228852039e-8
12.013,0.0037,1.9645758795121526e-6,3.4763918377444293e-8,3.476102371832947e-8,3.47647228852039e-8
12.013,0.0037,3.227108809261693e-6,3.4763584177942246e-8,3.4760689518914035e-8,3.47647228852039e-8
12.013,0.0037,5.301007395754297e-6,3.476311114790439e-8,3.47602164888184e-8,3.47647228852039e-8
12.013,0.0037,8.707695051742211e-6,3.476244161390905e-8,3.475954695532604e-8,3.47647228852039e-8
12.013,0.0037,1.4303687479263852e-5,3.476149394165383e-8,3.4758599282563675e-8,3.47647228852039e-8
12.013,0.0037,2.3495939429288417e-5,3.476015257859683e-8,3.475725792081249e-8,3.47647228852039e-8
12.013,0.0037,3.8595583863609565e-5,3.475825395523494e-8,3.475535929653612e-8,3.47647228852039e-8
12.013,0.0037,6.33990012723672e-5,3.475556651817314e-8,3.4752671861470834e-8,3.47647228852039e-8
12.013,0.0037,0.00010414231266814445,3.475176244242219e-8,3.4748867785479966e-8,3.47647228852039e-8
12.013,0.0037,0.00017106927664800093,3.4746377532487e-8,3.474348287658204e-8,3.47647228852039e-8
12.013,0.0037,0.00028100679409841776,3.473875432859743e-8,3.4735859676199047e-8,3.47647228852039e-8
12.013,0.0037,0.00046159555869258604,3.472796126651495e-8,3.472506660982027e-8,3.47647228852039e-8
12.013,0.0037,0.0007582395311413588,3.47126775492269e-8,3.4709782905214894e-8,3.47647228852039e-8
12.013,0.0037,0.00124552148684853,3.4691028603924345e-8,3.468813394417387e-8,3.47647228852039e-8
12.013,0.0037,0.002045954755044497,3.4660349633738116e-8,3.465745499776899e-8,3.47647228852039e-8
12.013,0.0037,0.0033607857462825456,3.4616843071337893e-8,3.461394840582322e-8,3.47647228852039e-8
12.013,0.0037,0.005520591696647901,3.4555076459006954e-8,3.455218180080767e-8,3.47647228852039e-8
12.013,0.0037,0.009068395006973916,3.446723434996812e-8,3.446433964552801e-8,3.47647228852039e-8
12.013,0.0037,0.01489619093772919,3.4341979932151984e-8,3.433908508888683e-8,3.47647228852039e-8
12.013,0.0037,0.024469214704767362,3.416267871942689e-8,3.415978378324382e-8,3.47647228852039e-8
12.013,0.0037,0.04019433362333615,3.39045532197732e-8,3.3901657589627167e-8,3.47647228852039e-8
12.013,0.0037,0.06602518613354949,3.35300240910024e-8,3.352712825350572e-8,3.47647228852039e-8
12.013,0.0037,0.1084562128786955,3.298100644118276e-8,3.2978108919546916e-8,3.47647228852039e-8
12.013,0.0037,0.17815550096589414,3.216633475839785e-8,3.2163438023007184e-8,3.47647228852039e-8
12.013,0.0037,0.292646974128703,3.09422814313968e-8,3.0939387815269725e-8,3.47647228852039e-8
12.013,0.0037,0.480716289995901,2.908597941854529e-8,2.908310576058026e-8,3.47647228852039e-8
12.013,0.0037,0.789648183294706,2.626913014029734e-8,2.6266323274033302e-8,3.47647228852039e-8
12.013,0.0037,1.297114881182717,2.205464226404122e-8,2.2052017187722863e-8,3.47647228852039e-8
12.013,0.0037,2.1307045980472066,1.5922245733575475e-8,1.5920074432744477e-8,3.47647228852039e-8
12.013,0.0037,3.5000000000000004,6.601516601000152e-9,6.600459341783746e-9,3.47647228852039e-8
12.013,0.0037,3.8,3.9854582822095e-9,3.984801074880393e-9,3.47647228852039e-8
12.013,0.0037,3.98,1.2260464604310358e-9,1.225841247978795e-9,3.47647228852039e-8
12.013,0.0037,3.9998,1.2223533097419047e-10,1.2221483827413895e-10,3.47647228852039e-8
12.013,0.0127,1.0000000000000001e-7,3.3556742154274966e-8,3.355394267300823e-8,3.3556838881195786e-8
12.013,0.0127,1.6426491045299075e-7,3.3556701973220086e-8,3.355390249198333e-8,3.3556838881195786e-8
12.013,0.0127,2.698296080612907e-7,3.3556645100660313e-8,3.3553845619393826e-8,3.3556838881195786e-8
12.013,0.0127,4.432353640575351e-7,3.355656460281244e-8,3.3553765121624315e-8,3.3556838881195786e-8
12.013,0.0127,7.280801738650976e-7,3.355645066553222e-8,3.3553651184289404e-8,3.3556838881195786e-8
12.013,0.0127,1.1959802456254818e-6,3.3556289397767707e-8,3.355348991664809e-8,3.3556838881195786e-8
12.013,0.0127,1.9645758795121526e-6,3.3556061137926374e-8,3.355326165679202e-8,3.3556838881195786e-8
12.013,0.0127,3.227108809261693e-6,3.3555738056620985e-8,3.3552938575561776e-8,3.3556838881195786e-8
12.013,0.0127,5.301007395754297e-6,3.35552807634076e-8,3.355248128256529e-8,3.3556838881195786e-8
12.013,0.0127,8.707695051742211e-6,3.355463350354149e-8,3.355183402248995e-8,3.3556838881195786e-8
12.013,0.0127,1.4303687479263852e-5,3.3553717358515976e-8,3.355091787827688e-8,3.3556838881195786e-8
12.013,0.0127,2.3495939429288417e-5,3.355242061994641e-8,3.354962113896494e-8,3.3556838881195786e-8
12.013,0.0127,3.8595583863609565e-5,3.355058515984023e-8,3.354778568058247e-8,3.3556838881195786e-8
12.013,0.0127,6.33990012723672e-5,3.354798712782153e-8,3.354518764767113e-8,3.3556838881195786e-8
12.013,0.0127,0.00010414231266814445,3.354430960426249e-8,3.3541510126132595e-8,3.3556838881195786e-8
12.013,0.0127,0.00017106927664800093,3.353910383482586e-8,3.353630435745622e-8,3.3556838881195786e-8
12.013,0.0127,0.00028100679409841776,3.353173422816582e-8,3.3528934750397513e-8,3.3556838881195786e-8
12.013,0.0127,0.00046159555869258604,3.3521300202234327e-8,3.351850073110932e-8,3.3556838881195786e-8
12.013,0.0127,0.0007582395311413588,3.350652487952751e-8,3.350372539976345e-8,3.3556838881195786e-8
12.013,0.0127,0.00124552148684853,3.348559600340271e-8,3.348279654177074e-8,3.3556838881195786e-8
12.013,0.0127,0.002045954755044497,3.3455937323269636e-8,3.345313783902498e-8,3.3556838881195786e-8
12.013,0.0127,0.0033607857462825456,3.3413877371835666e-8,3.3411077911215627e-8,3.3556838881195786e-8
12.013,0.0127,0.005520591696647901,3.335416389227535e-8,3.335136439212299e-8,3.3556838881195786e-8
12.013,0.0127,0.009068395006973916,3.326924028927173e-8,3.326644075834099e-8,3.3556838881195786e-8
12.013,0.0127,0.01489619093772919,3.314814441344125e-8,3.314534481225849e-8,3.3556838881195786e-8
12.013,0.0127,0.024469214704767362,3.297478989466311e-8,3.297198997343352e-8,3.3556838881195786e-8
12.013,0.0127,0.04019433362333615,3.272521262548117e-8,3.272241254210314e-8,3.3556838881195786e-8
12.013,0.0127,0.06602518613354949,3.2363061701442654e-8,3.236026043453228e-8,3.3556838881195786e-8
12.013,0.0127,0.1084562128786955,3.183214356031085e-8,3.182934215940876e-8,3.3556838881195786e-8
12.013,0.0127,0.17815550096589414,3.104425493006539e-8,3.1041452235663345e-8,3.3556838881195786e-8
12.013,0.0127,0.292646974128703,2.986034830562233e-8,2.985755050490055e-8,3.3556838881195786e-8
12.013,0.0127,0.480716289995901,2.8064888608352136e-8,2.8062109237740716e-8,3.3556838881195786e-8
12.013,0.0127,0.789648183294706,2.5340657644203875e-8,2.5337941259001628e-8,3.3556838881195786e-8
12.013,0.0127,1.297114881182717,2.126618471749205e-8,2.1263648099785846e-8,3.3556838881195786e-8
12.013,0.0127,2.1307045980472066,1.5342259228806134e-8,1.5340158759202534e-8,3.3556838881195786e-8
12.013,0.0127,3.5000000000000004,6.3538737970019654e-9,6.352851062125215e-9,3.3556838881195786e-8
12.013,0.0127,3.8,3.835032363881501e-9,3.834397944237654e-9,3.3556838881195786e-8
12.013,0.0127,3.98,1.1796031070203541e-9,1.1794045967217586e-9,3.3556838881195786e-8
12.013,0.0127,3.9998,1.1760315365154214e-10,1.1758332770874374e-10,3.3556838881195786e-8
12.013,0.047,1.0000000000000001e-7,2.9448384357732603e-8,2.944591040000213e-8,2.9448469730896777e-8
12.013,0.047,1.6426491045299075e-7,2.9448348893109344e-8,2.9445874935383732e-8,2.9448469730896777e-8
12.013,0.047,2.698296080612907e-7,2.944829869622136e-8,2.94458247384957e-8,2.9448469730896777e-8
12.013,0.047,4.432353640575351e-7,2.9448227647169127e-8,2.9445753689490327e-8,2.9448469730896777e-8
12.013,0.047,7.280801738650976e-7,2.944812708378705e-8,2.944565312606005e-8,2.9448469730896777e-8
12.013,0.047,1.1959802456254818e-6,2.944798474554645e-8,2.944551078795568e-8,2.9448469730896777e-8
12.013,0.047,1.9645758795121526e-6,2.944778327871926e-8,2.9445309321021503e-8,2.9448469730896777e-8
12.013,0.047,3.227108809261693e-6,2.9447498120510212e-8,2.9445024163049062e-8,2.9448469730896777e-8
12.013,0.047,5.301007395754297e-6,2.9447094504088516e-8,2.9444620546561573e-8,2.9448469730896777e-8
12.013,0.047,8.707695051742211e-6,2.9446523219133352e-8,2.9444049261797414e-8,2.9448469730896777e-8
12.013,0.047,1.4303687479263852e-5,2.9445714610460744e-8,2.9443240653425602e-8,2.9448469730896777e-8
12.013,0.047,2.3495939429288417e-5,2.9444570081748253e-8,2.9442096124434865e-8,2.9448469730896777e-8
12.013,0.047,3.8595583863609565e-5,2.9442950065500133e-8,2.944047610952162e-8,2.9448469730896777e-8
12.013,0.047,6.33990012723672e-5,2.9440656985664274e-8,2.9438183028360758e-8,2.9448469730896777e-8
12.013,0.047,0.00010414231266814445,2.943741111990639e-8,2.9434937165698996e-8,2.9448469730896777e-8
12.013,0.047,0.00017106927664800093,2.9432816382552535e-8,2.943034242634783e-8,2.9448469730896777e-8
12.013,0.047,0.00028100679409841776,2.942631177417558e-8,2.9423837821998032e-8,2.9448469730896777e-8
12.013,0.047,0.00046159555869258604,2.941710239189289e-8,2.9414628439771012e-8,2.9448469730896777e-8
12.013,0.047,0.0007582395311413588,2.940406116773506e-8,2.940158721554143e-8,2.9448469730896777e-8
12.013,0.047,0.00124552148684853,2.938558840928831e-8,2.9383114465819773e-8,2.9448469730896777e-8
12.013,0.047,0.002045954755044497,2.9359409910841295e-8,2.9356935949700516e-8,2.9448469730896777e-8
12.013,0.047,0.0033607857462825456,2.9322284369528285e-8,2.9319810433503518e-8,2.9448469730896777e-8
12.013,0.047,0.005520591696647901,2.926957428592795e-8,2.9267100289398314e-8,2.9448469730896777e-8
12.013,0.047,0.009068395006973916,2.91946062227199e-8,2.9192132246726348e-8,2.9448469730896777e-8
12.013,0.047,0.01489619093772919,2.908769649048504e-8,2.9085222362388667e-8,2.9448469730896777e-8
12.013,0.047,0.024469214704767362,2.8934629401511886e-8,2.8932155127367663e-8,2.9448469730896777e-8
12.013,0.047,0.04019433362333615,2.871421753812626e-8,2.8711742915328102e-8,2.9448469730896777e-8
12.013,0.047,0.06602518613354949,2.8394304736620403e-8,2.8391829264977097e-8,2.9448469730896777e-8
12.013,0.047,0.1084562128786955,2.792515750413169e-8,2.7922681673891133e-8,2.9448469730896777e-8
12.013,0.047,0.17815550096589414,2.7228692264320512e-8,2.722621494354697e-8,2.9448469730896777e-8
12.013,0.047,0.292646974128703,2.6181848847624273e-8,2.6179376406171892e-8,2.9448469730896777e-8
12.013,0.047,0.480716289995901,2.4594124790651805e-8,2.4591666637987286e-8,2.9448469730896777e-8
12.013,0.047,0.789648183294706,2.218607708915803e-8,2.2183676955346694e-8,2.9448469730896777e-8
12.013,0.047,1.297114881182717,1.8589309065998145e-8,1.8587065683892973e-8,2.9448469730896777e-8
12.013,0.047,2.1307045980472066,1.3375632812012092e-8,1.3373777237997147e-8,2.9448469730896777e-8
12.013,0.047,3.5000000000000004,5.515895992316249e-9,5.514994257346189e-9,2.9448469730896777e-8
12.013,0.047,3.8,3.32624530529684e-9,3.3256857456131632e-9,2.9448469730896777e-8
12.013,0.047,3.98,1.0225589864105735e-9,1.0223840493994464e-9,2.9448469730896777e-8
12.013,0.047,3.9998,1.0194030881480528e-10,1.0192283971592433e-10,2.9448469730896777e-8
12.013,0.173,1.0000000000000001e-7,1.9180988400795153e-8,1.917934051993303e-8,1.9181045131789578e-8
12.013,0.173,1.6426491045299075e-7,1.9180964834333938e-8,1.91793169534911e-8,1.9181045131789578e-8
12.013,0.173,2.698296080612907e-7,1.9180931478191474e-8,1.9179283597334007e-8,1.9181045131789578e-8
12.013,0.173,4.432353640575351e-7,1.9180884265656198e-8,1.9179236384818786e-8,1.9181045131789578e-8
12.013,0.173,7.280801738650976e-7,1.918081744066427e-8,1.9179169559831666e-8,1.9181045131789578e-8
12.013,0.173,1.1959802456254818e-6,1.9180722856015512e-8,1.9179074975168117e-8,1.9181045131789578e-8
12.013,0.173,1.9645758795121526e-6,1.9180588980043132e-8,1.9178941099273602e-8,1.9181045131789578e-8
12.013,0.173,3.227108809261693e-6,1.9180399490600856e-8,1.917875160971521e-8,1.9181045131789578e-8
12.013,0.173,5.301007395754297e-6,1.9180131284875126e-8,1.9178483404219058e-8,1.9181045131789578e-8
12.013,0.173,8.707695051742211e-6,1.917975166221162e-8,1.9178103781317588e-8,1.9181045131789578e-8
12.013,0.173,1.4303687479263852e-5,1.9179214336096984e-8,1.917756645557445e-8,1.9181045131789578e-8
12.013,0.173,2.3495939429288417e-5,1.9178453788173224e-8,1.917680590746895e-8,1.9181045131789578e-8
12.013,0.173,3.8595583863609565e-5,1.9177377273841038e-8,1.9175729393327748e-8,1.9181045131789578e-8
12.013,0.173,6.33990012723672e-5,1.9175853499978074e-8,1.9174205619913456e-8,1.9181045131789578e-8
12.013,0.173,0.00010414231266814445,1.9173696583357668e-8,1.9172048702425322e-8,1.9181045131789578e-8
12.013,0.173,0.00017106927664800093,1.9170643308833697e-8,1.91689954301076e-8,1.9181045131789578e-8
12.013,0.173,0.00028100679409841776,1.9166320857347622e-8,1.916467297547384e-8,1.9181045131789578e-8
12.013,0.173,0.00046159555869258604,1.9160200939305737e-8,1.9158553062312064e-8,1.9181045131789578e-8
12.013,0.173,0.0007582395311413588,1.9151534448276185e-8,1.9149886566050353e-8,1.9181045131789578e-8
12.013,0.173,0.00124552148684853,1.9139258010880125e-8,1.9137610133162225e-8,1.9181045131789578e-8
12.013,0.173,0.002045954755044497,1.9121859576696574e-8,1.9120211694581747e-8,1.9181045131789578e-8
12.013,0.173,0.0033607857462825456,1.9097183435142147e-8,1.9095535541922662e-8,1.9181045131789578e-8
12.013,0.173,0.005520591696647901,1.9062143857872717e-8,1.9060495965023355e-8,1.9181045131789578e-8
12.013,0.173,0.009068395006973916,1.9012297374245583e-8,1.901064940494093e-8,1.9181045131789578e-8
12.013,0.173,0.01489619093772919,1.894118984954774e-8,1.8939541868567276e-8,1.9181045131789578e-8
12.013,0.173,0.024469214704767362,1.8839334099690346e-8,1.883768584592458e-8,1.9181045131789578e-8
12.013,0.173,0.04019433362333615,1.8692566871755094e-8,1.8690918454423533e-8,1.9181045131789578e-8
12.013,0.173,0.06602518613354949,1.847935311823593e-8,1.8477703993249316e-8,1.9181045131789578e-8
12.013,0.173,0.1084562128786955,1.8166330886499274e-8,1.8164681076955473e-8,1.9181045131789578e-8
12.013,0.173,0.17815550096589414,1.7701077394667156e-8,1.769942707402473e-8,1.9181045131789578e-8
12.013,0.173,0.292646974128703,1.700106294815942e-8,1.699941351018127e-8,1.9181045131789578e-8
12.013,0.173,0.480716289995901,1.593913174825743e-8,1.593749376331955e-8,1.9181045131789578e-8
12.013,0.173,0.789648183294706,1.4330967175275799e-8,1.432936387738802e-8,1.9181045131789578e-8
12.013,0.173,1.297114881182717,1.1940313173043284e-8,1.1938817419099987e-8,1.9181045131789578e-8
12.013,0.173,2.1307045980472066,8.511367229388126e-9,8.510132259902156e-9,1.9181045131789578e-8
12.013,0.173,3.5000000000000004,3.4575654369108142e-9,3.4569690364692343e-9,1.9181045131789578e-8
12.013,0.173,3.8,2.0783760469559865e-9,2.078006912665945e-9,1.9181045131789578e-8
12.013,0.173,3.98,6.377301666436843e-10,6.376148718836505e-10,1.9181045131789578e-8
12.013,0.173,3.9998,6.356303717752296e-11,6.35515226951844e-11,1.9181045131789578e-8
12.013,0.61,1.0000000000000001e-7,6.72420020858065e-9,6.723594383863353e-9,6.724221311551943e-9
12.013,0.61,1.6426491045299075e-7,6.724191442255024e-9,6.7235856166694105e-9,6.724221311551943e-9
12.013,0.61,2.698296080612907e-7,6.724179034332935e-9,6.723573208771504e-9,6.724221311551943e-9
12.013,0.61,4.432353640575351e-7,6.72416147206574e-9,6.723555646498724e-9,6.724221311551943e-9
12.013,0.61,7.280801738650976e-7,6.724136614293395e-9,6.723530788691522e-9,6.724221311551943e-9
12.013,0.61,1.1959802456254818e-6,6.724101430391473e-9,6.723495604762234e-9,6.724221311551943e-9
12.013,0.61,1.9645758795121526e-6,6.7240516307663636e-9,6.723445805093586e-9,6.724221311551943e-9
12.013,0.61,3.227108809261693e-6,6.723981143835866e-9,6.7233753180672985e-9,6.724221311551943e-9
12.013,0.61,5.301007395754297e-6,6.723881375698329e-9,6.723275549890013e-9,6.724221311551943e-9
12.013,0.61,8.707695051742211e-6,6.723740162157879e-9,6.72313433610423e-9,6.724221311551943e-9
12.013,0.61,1.4303687479263852e-5,6.723540285170972e-9,6.722934459074732e-9,6.724221311551943e-9
12.013,0.61,2.3495939429288417e-5,6.7232573724553995e-9,6.722651545895629e-9,6.724221311551943e-9
12.013,0.61,3.8595583863609565e-5,6.722856923296716e-9,6.7222510965429454e-9,6.724221311551943e-9
12.013,0.61,6.33990012723672e-5,6.722290095902867e-9,6.721684268469671e-9,6.724221311551943e-9
12.013,0.61,0.00010414231266814445,6.721487738037606e-9,6.720881909762411e-9,6.724221311551943e-9
12.013,0.61,0.00017106927664800093,6.7203519224984115e-9,6.719746093452159e-9,6.724221311551943e-9
12.013,0.61,0.00028100679409841776,6.71874393121909e-9,6.718138099561823e-9,6.724221311551943e-9
12.013,0.61,0.00046159555869258604,6.7164671681535146e-9,6.715861335725949e-9,6.724221311551943e-9
12.013,0.61,0.0007582395311413588,6.713242794069075e-9,6.712636955500059e-9,6.724221311551943e-9
12.013,0.61,0.00124552148684853,6.708674835933346e-9,6.708068995307703e-9,6.724221311551943e-9
12.013,0.61,0.002045954755044497,6.702199902486713e-9,6.701594050015195e-9,6.724221311551943e-9
12.013,0.61,0.0033607857462825456,6.693014024069496e-9,6.6924081608400355e-9,6.724221311551943e-9
12.013,0.61,0.005520591696647901,6.679964763787706e-9,6.679358877991726e-9,6.724221311551943e-9
12.013,0.61,0.009068395006973916,6.661389185400866e-9,6.660783253020955e-9,6.724221311551943e-9
12.013,0.61,0.01489619093772919,6.634864860909526e-9,6.634258875381118e-9,6.724221311551943e-9
12.013,0.61,0.024469214704767362,6.596817168623567e-9,6.59621101265009e-9,6.724221311551943e-9
12.013,0.61,0.04019433362333615,6.5418841557764035e-9,6.541277835118957e-9,6.724221311551943e-9
12.013,0.61,0.06602518613354949,6.461870802477952e-9,6.46126397058852e-9,6.724221311551943e-9
12.013,0.61,0.1084562128786955,6.344024865980985e-9,6.34341753291818e-9,6.724221311551943e-9
12.013,0.61,0.17815550096589414,6.168273632404144e-9,6.167665373539439e-9,6.724221311551943e-9
12.013,0.61,0.292646974128703,5.903147837877801e-9,5.9025392787052165e-9,6.724221311551943e-9
12.013,0.61,0.480716289995901,5.500904141385692e-9,5.5002984048067925e-9,6.724221311551943e-9
12.013,0.61,0.789648183294706,4.89491551422128e-9,4.894321814574446e-9,6.724221311551943e-9
12.013,0.61,1.297114881182717,4.007382096278898e-9,4.0068285438248766e-9,6.724221311551943e-9
12.013,0.61,2.1307045980472066,2.7745429241395935e-9,2.774089027848497e-9,6.724221311551943e-9
12.013,0.61,3.5000000000000004,1.0758753301763877e-9,1.0756605639974508e-9,6.724221311551943e-9
12.013,0.61,3.8,6.404031826591e-10,6.402710362166181e-10,6.724221311551943e-9
12.013,0.61,3.98,1.9536278319716708e-10,1.9532161130924401e-10,6.724221311551943e-9
12.013,0.61,3.9998,1.945957549066693e-11,1.9455465229050295e-11,6.724221311551943e-9
12.013,1.73,1.0000000000000001e-7,1.7421378411744631e-9,1.7419772520549038e-9,1.742146452445995e-9
12.013,1.73,1.6426491045299075e-7,1.742137809409456e-9,1.7419772194232285e-9,1.742146452445995e-9
12.013,1.73,2.698296080612907e-7,1.742134219029173e-9,1.7419736299721004e-9,1.742146452445995e-9
12.013,1.73,4.432353640575351e-7,1.7421291371771659e-9,1.7419685480092963e-9,1.742146452445995e-9
12.013,1.73,7.280801738650976e-7,1.7421219442824087e-9,1.741961355080043e-9,1.742146452445995e-9
12.013,1.73,1.1959802456254818e-6,1.74211176339558e-9,1.7419511741346884e-9,1.742146452445995e-9
12.013,1.73,1.9645758795121526e-6,1.7420973532668626e-9,1.7419367639289891e-9,1.742146452445995e-9
12.013,1.73,3.227108809261693e-6,1.74207695700041e-9,1.7419163675562263e-9,1.742146452445995e-9
12.013,1.73,5.301007395754297e-6,1.74204808782234e-9,1.7418874982075285e-9,1.742146452445995e-9
12.013,1.73,8.707695051742211e-6,1.7420072258172466e-9,1.7418466360072075e-9,1.742146452445995e-9
12.013,1.73,1.4303687479263852e-5,1.7419493885993493e-9,1.7417887984303283e-9,1.742146452445995e-9
12.013,1.73,2.3495939429288417e-5,1.7418675234358006e-9,1.7417069328834897e-9,1.742146452445995e-9
12.013,1.73,3.8595583863609565e-5,1.7417516463904032e-9,1.7415910551401676e-9,1.742146452445995e-9
12.013,1.73,6.33990012723672e-5,1.7415876227989953e-9,1.7414270307219006e-9,1.742146452445995e-9
12.013,1.73,0.00010414231266814445,1.7413554387146455e-9,1.7411948453471768e-9,1.742146452445995e-9
12.013,1.73,0.00017106927664800093,1.7410267487532377e-9,1.7408661535283528e-9,1.742146452445995e-9
12.013,1.73,0.00028100679409841776,1.7405613926898175e-9,1.740400795101181e-9,1.742146452445995e-9
12.013,1.73,0.00046159555869258604,1.7399024364868985e-9,1.7397418347859261e-9,1.742146452445995e-9
12.013,1.73,0.0007582395311413588,1.7389690890662865e-9,1.738808482818736e-9,1.742146452445995e-9
12.013,1.73,0.00124552148684853,1.737646532860549e-9,1.7374859179429832e-9,1.742146452445995e-9
12.013,1.73,0.002045954755044497,1.7357712107003473e-9,1.7356105859135314e-9,1.742146452445995e-9
12.013,1.73,0.0033607857462825456,1.7331092993072677e-9,1.7329486566693973e-9,1.742146452445995e-9
12.013,1.73,0.005520591696647901,1.729324718902566e-9,1.7291640516846698e-9,1.742146452445995e-9
12.013,1.73,0.009068395006973916,1.7239306089660587e-9,1.7237699030109107e-9,1.742146452445995e-9
12.013,1.73,0.01489619093772919,1.7162138854851297e-9,1.7160531114783768e-9,1.742146452445995e-9
12.013,1.73,0.024469214704767362,1.7051148224126707e-9,1.7049539535512917e-9,1.742146452445995e-9
12.013,1.73,0.04019433362333615,1.6890304114728514e-9,1.68886934427111e-9,1.742146452445995e-9
12.013,1.73,0.06602518613354949,1.6654895125110518e-9,1.6653281861587658e-9,1.742146452445995e-9
12.013,1.73,0.1084562128786955,1.6306218136192348e-9,1.630459957607205e-9,1.742146452445995e-9
12.013,1.73,0.17815550096589414,1.5783323204411547e-9,1.5781698215710455e-9,1.742146452445995e-9
12.013,1.73,0.292646974128703,1.4991762457602806e-9,1.4990128958869431e-9,1.742146452445995e-9
12.013,1.73,0.480716289995901,1.3793146216502656e-9,1.3791510272233838e-9,1.742146452445995e-9
12.013,1.73,0.789648183294706,1.2009994607262133e-9,1.2008385937857932e-9,1.742146452445995e-9
12.013,1.73,1.297114881182717,9.478618804280438e-10,9.477116159715918e-10,1.742146452445995e-9
12.013,1.73,2.1307045980472066,6.178072910678497e-10,6.176861947969632e-10,1.742146452445995e-9
12.013,1.73,3.5000000000000004,2.178061060683326e-10,2.1775136166204884e-10,1.742146452445995e-9
12.013,1.73,3.8,1.270962765348027e-10,1.2706283289433773e-10,1.742146452445995e-9
12.013,1.73,3.98,3.832032656985409e-11,3.8310016818060996e-11,1.742146452445995e-9
12.013,1.73,3.9998,3.81210287633283e-12,3.811074829877434e-12,1.742146452445995e-9
12.013,4.71,1.0000000000000001e-7,3.6982218571311596e-10,3.697879603147234e-10,3.6982514804161186e-10
12.013,4.71,1.6426491045299075e-7,3.6982218571311596e-10,3.697879603147234e-10,3.6982514804161186e-10
12.013,4.71,2.698296080612907e-7,3.698220463947165e-10,3.6978781955291987e-10,3.6982514804161186e-10
12.013,4.71,4.432353640575351e-7,3.698207579472229e-10,3.697865325376039e-10,3.6982514804161186e-10
12.013,4.71,7.280801738650976e-7,3.6981893426762605e-10,3.697847088322591e-10,3.6982514804161186e-10
12.013,4.71,1.1959802456254818e-6,3.6981635301421725e-10,3.6978212754789304e-10,3.6982514804161186e-10
12.013,4.71,1.9645758795121526e-6,3.698126994796654e-10,3.6977847397055886e-10,3.6982514804161186e-10
12.013,4.71,3.227108809261693e-6,3.6980752821734533e-10,3.6977330264928365e-10,3.6982514804161186e-10
12.013,4.71,5.301007395754297e-6,3.698002087212802e-10,3.6976598306347093e-10,3.6982514804161186e-10
12.013,4.71,8.707695051742211e-6,3.6978984852802453e-10,3.6975562275616275e-10,3.6982514804161186e-10
12.013,4.71,1.4303687479263852e-5,3.697751843442986e-10,3.6974095838932817e-10,3.6982514804161186e-10
12.013,4.71,2.3495939429288417e-5,3.697544278787537e-10,3.6972020169552784e-10,3.6982514804161186e-10
12.013,4.71,3.8595583863609565e-5,3.697250474715943e-10,3.6969082092843794e-10,3.6982514804161186e-10
12.013,4.71,6.33990012723672e-5,3.696834586461642e-10,3.6964923162746425e-10,3.6982514804161186e-10
12.013,4.71,0.00010414231266814445,3.6962458527882456e-10,3.6959035756576763e-10,3.6982514804161186e-10
12.013,4.71,0.00017106927664800093,3.695412365755792e-10,3.6950700785350526e-10,3.6982514804161186e-10
12.013,4.71,0.00028100679409841776,3.694232209316689e-10,3.693889908630423e-10,3.6982514804161186e-10
12.013,4.71,0.00046159555869258604,3.692560819584213e-10,3.6922184975406924e-10,3.6982514804161186e-10
12.013,4.71,0.0007582395311413588,3.690192876312793e-10,3.6898505271722944e-10,3.6982514804161186e-10
12.013,4.71,0.00124552148684853,3.686836186101137e-10,3.686493792292062e-10,3.6982514804161186e-10
12.013,4.71,0.002045954755044497,3.6820736442711297e-10,3.6817311915975016e-10,3.6982514804161186e-10
12.013,4.71,0.0033607857462825456,3.675307056886918e-10,3.6749645088955973e-10,3.6982514804161186e-10
12.013,4.71,0.005520591696647901,3.6656726031330976e-10,3.665329913772574e-10,3.6982514804161186e-10
12.013,4.71,0.009068395006973916,3.651910610766966e-10,3.651567701015757e-10,3.6982514804161186e-10
12.013,4.71,0.01489619093772919,3.632159619014943e-10,3.631816329996568e-10,3.6982514804161186e-10
12.013,4.71,0.024469214704767362,3.603622479768256e-10,3.6032786123097107e-10,3.6982514804161186e-10
12.013,4.71,0.04019433362333615,3.562015764995744e-10,3.5616707925829847e-10,3.6982514804161186e-10
12.013,4.71,0.06602518613354949,3.500662576877699e-10,3.500315924980025e-10,3.6982514804161186e-10
12.013,4.71,0.1084562128786955,3.409046397588888e-10,3.4086966154222285e-10,3.6982514804161186e-10
12.013,4.71,0.17815550096589414,3.27071479401612e-10,3.2703604284850974e-10,3.6982514804161186e-10
12.013,4.71,0.292646974128703,3.0609270926770724e-10,3.0605660998175986e-10,3.6982514804161186e-10
12.013,4.71,0.480716289995901,2.74610609925783e-10,2.745738466869396e-10,3.6982514804161186e-10
12.013,4.71,0.789648183294706,2.2908857184635051e-10,2.290519331319432e-10,3.6982514804161186e-10
12.013,4.71,1.297114881182717,1.6827226145502338e-10,1.6823809258368967e-10,3.6982514804161186e-10
12.013,4.71,2.1307045980472066,9.754639044602112e-11,9.751987448409367e-11,3.6982514804161186e-10
12.013,4.71,3.5000000000000004,2.8688037047631048e-11,2.8677198493033426e-11,3.6982514804161186e-10
12.013,4.71,3.8,1.6131360646542335e-11,1.6124882381133315e-11,3.6982514804161186e-10
12.013,4.71,3.98,4.759277352296238e-12,4.7573130082532945e-12,3.6982514804161186e-10
12.013,4.71,3.9998,4.723351999728078e-13,4.721396950318423e-13,3.6982514804161186e-10
12.53,0.00113,1.0000000000000001e-7,1.915122781377092e-7,1.9151229386826862e-7,1.915130713444349e-7
12.53,0.00113,1.6426491045299075e-7,1.9151194863388242e-7,1.9151196436721724e-7,1.915130713444349e-7
12.53,0.00113,2.698296080612907e-7,1.9151148225164573e-7,1.9151149798961467e-7,1.915130713444349e-7
12.53,0.00113,4.432353640575351e-7,1.9151082213048827e-7,1.9151083787407073e-7,1.915130713444349e-7
12.53,0.00113,7.280801738650976e-7,1.9150988778930933e-7,1.915099035419486e-7,1.915130713444349e-7
12.53,0.00113,1.1959802456254818e-6,1.9150856531382246e-7,1.9150858107828436e-7,1.915130713444349e-7
12.53,0.00113,1.9645758795121526e-6,1.9150669346716294e-7,1.915067092487495e-7,1.915130713444349e-7
12.53,0.00113,3.227108809261693e-6,1.9150404402941933e-7,1.9150405983611688e-7,1.915130713444349e-7
12.53,0.00113,5.301007395754297e-6,1.9150029396700682e-7,1.9150030980597768e-7,1.915130713444349e-7
12.53,0.00113,8.707695051742211e-6,1.9149498603394642e-7,1.9149500192532403e-7,1.915130713444349e-7
12.53,0.00113,1.4303687479263852e-5,1.9148747299039133e-7,1.914874889448699e-7,1.915130713444349e-7
12.53,0.00113,2.3495939429288417e-5,1.914768386117897e-7,1.914768546715049e-7,1.915130713444349e-7
12.53,0.00113,3.8595583863609565e-5,1.9146178579902067e-7,1.9146180198921867e-7,1.915130713444349e-7
12.53,0.00113,6.33990012723672e-5,1.914404780126026e-7,1.9144049440515904e-7,1.915130713444349e-7
12.53,0.00113,0.00010414231266814445,1.914103143900253e-7,1.9141033105991866e-7,1.915130713444349e-7
12.53,0.00113,0.00017106927664800093,1.9136761042733846e-7,1.9136762747859492e-7,1.915130713444349e-7
12.53,0.00113,0.00028100679409841776,1.9130714370794113e-7,1.9130716134828757e-7,1.915130713444349e-7
12.53,0.00113,0.00046159555869258604,1.9122150572747318e-7,1.9122152409750234e-7,1.915130713444349e-7
12.53,0.00113,0.0007582395311413588,1.9110017282304672e-7,1.9110019241929483e-7,1.915130713444349e-7
12.53,0.00113,0.00124552148684853,1.9092816529057305e-7,1.9092818636961822e-7,1.915130713444349e-7
12.53,0.00113,0.002045954755044497,1.9068409254945183e-7,1.9068411610324166e-7,1.915130713444349e-7
12.53,0.00113,0.0033607857462825456,1.9033726248071443e-7,1.9033728926038622e-7,1.915130713444349e-7
12.53,0.00113,0.005520591696647901,1.8984332528297788e-7,1.8984335700277132e-7,1.915130713444349e-7
12.53,0.00113,0.009068395006973916,1.891375541227135e-7,1.8913759331038534e-7,1.915130713444349e-7
12.53,0.00113,0.01489619093772919,1.881242117314401e-7,1.8812426109492867e-7,1.915130713444349e-7
12.53,0.00113,0.024469214704767362,1.8665932418957922e-7,1.8665939198998955e-7,1.915130713444349e-7
12.53,0.00113,0.04019433362333615,1.8452237870163282e-7,1.8452246954058526e-7,1.915130713444349e-7
12.53,0.00113,0.06602518613354949,1.8137007819375133e-7,1.8137021605880336e-7,1.915130713444349e-7
12.53,0.00113,0.1084562128786955,1.7666381321625432e-7,1.7666401081742608e-7,1.915130713444349e-7
12.53,0.00113,0.17815550096589414,1.695678534698728e-7,1.695681616196787e-7,1.915130713444349e-7
12.53,0.00113,0.292646974128703,1.588439686571984e-7,1.588444259648597e-7,1.915130713444349e-7
12.53,0.00113,0.480716289995901,1.428531484777937e-7,1.4285379527917863e-7,1.915130713444349e-7
12.53,0.00113,0.789648183294706,1.1994035047178038e-7,1.1994120744184702e-7,1.915130713444349e-7
12.53,0.00113,1.297114881182717,8.958748593978487e-8,8.958841182794565e-8,1.915130713444349e-7
12.53,0.00113,2.1307045980472066,5.4122331298368636e-8,5.412308142710556e-8,1.915130713444349e-7
12.53,0.00113,3.5000000000000004,1.7450865821887406e-8,1.7451163109510664e-8,1.915130713444349e-7
12.53,0.00113,3.8,1.0035171155516153e-8,1.0035334722011775e-8,1.915130713444349e-7
12.53,0.00113,3.98,3.0014040871088894e-9,3.001455330246941e-9,1.915130713444349e-7
12.53,0.00113,3.9998,2.9832463016129904e-10,2.9832975602984285e-10,1.915130713444349e-7
12.53,0.0037,1.0000000000000001e-7,1.8951914910258625e-7,1.8951914918676373e-7,1.8951993461644267e-7
12.53,0.0037,1.6426491045299075e-7,1.895188227944331e-7,1.895188228785154e-7,1.8951993461644267e-7
12.53,0.0037,2.698296080612907e-7,1.8951836093537692e-7,1.895183610196356e-7,1.8951993461644267e-7
12.53,0.0037,4.432353640575351e-7,1.8951770721636502e-7,1.8951770730077474e-7,1.8951993461644267e-7
12.53,0.0037,7.280801738650976e-7,1.89516781936837e-7,1.8951678202105898e-7,1.8951993461644267e-7
12.53,0.0037,1.1959802456254818e-6,1.8951547228729553e-7,1.895154723724546e-7,1.8951993461644267e-7
12.53,0.0037,1.9645758795121526e-6,1.8951361859461716e-7,1.8951361867867366e-7,1.8951993461644267e-7
12.53,0.0037,3.227108809261693e-6,1.8951099485225682e-7,1.8951099493872994e-7,1.8951993461644267e-7
12.53,0.0037,5.301007395754297e-6,1.8950728115952586e-7,1.895072812440809e-7,1.8951993461644267e-7
12.53,0.0037,8.707695051742211e-6,1.8950202470495826e-7,1.8950202479306425e-7,1.8951993461644267e-7
12.53,0.0037,1.4303687479263852e-5,1.8949458452578553e-7,1.8949458461329925e-7,1.8951993461644267e-7
12.53,0.0037,2.3495939429288417e-5,1.8948405328308411e-7,1.8948405337197818e-7,1.8951993461644267e-7
12.53,0.0037,3.8595583863609565e-5,1.8946914645683294e-7,1.894691465525881e-7,1.8951993461644267e-7
12.53,0.0037,6.33990012723672e-5,1.8944804531742136e-7,1.8944804540442543e-7,1.8951993461644267e-7
12.53,0.0037,0.00010414231266814445,1.894181742227597e-7,1.8941817433545314e-7,1.8951993461644267e-7
12.53,0.0037,0.00017106927664800093,1.8937588439395422e-7,1.8937588448008545e-7,1.8951993461644267e-7
12.53,0.0037,0.00028100679409841776,1.8931600404347316e-7,1.8931600418291996e-7,1.8951993461644267e-7
12.53,0.0037,0.00046159555869258604,1.892311964720374e-7,1.8923119658062936e-7,1.8951993461644267e-7
12.53,0.0037,0.0007582395311413588,1.8911103997642384e-7,1.8911104014428475e-7,1.8951993461644267e-7
12.53,0.0037,0.00124552148684853,1.88940699900325e-7,1.8894070009799437e-7,1.8951993461644267e-7
12.53,0.0037,0.002045954755044497,1.8869899260206044e-7,1.8869899277313918e-7,1.8951993461644267e-7
12.53,0.0037,0.0033607857462825456,1.8835552248976465e-7,1.8835552293245292e-7,1.8951993461644267e-7
12.53,0.0037,0.005520591696647901,1.8786636740513896e-7,1.87866367527613e-7,1.8951993461644267e-7
12.53,0.0037,0.009068395006973916,1.8716742294210596e-7,1.8716742397521566e-7,1.8951993461644267e-7
12.53,0.0037,0.01489619093772919,1.861638691528963e-7,1.861638694220138e-7,1.8951993461644267e-7
12.53,0.0037,0.024469214704767362,1.847131056136777e-7,1.8471310790129164e-7,1.8951993461644267e-7
12.53,0.0037,0.04019433362333615,1.8259671345793557e-7,1.8259671536888222e-7,1.8951993461644267e-7
12.53,0.0037,0.06602518613354949,1.794746429744517e-7,1.7947464702259765e-7,1.8951993461644267e-7
12.53,0.0037,0.1084562128786955,1.7481337346124009e-7,1.748133825278969e-7,1.8951993461644267e-7
12.53,0.0037,0.17815550096589414,1.6778510462566705e-7,1.6778510826143358e-7,1.8951993461644267e-7
12.53,0.0037,0.292646974128703,1.5716353017508765e-7,1.571635550443424e-7,1.8951993461644267e-7
12.53,0.0037,0.480716289995901,1.413260081060644e-7,1.4132600956350078e-7,1.8951993461644267e-7
12.53,0.0037,0.789648183294706,1.1863572398751911e-7,1.186357475637945e-7,1.8951993461644267e-7
12.53,0.0037,1.297114881182717,8.858533615273153e-8,8.858533946678783e-8,1.8951993461644267e-7
12.53,0.0037,2.1307045980472066,5.3490263475241936e-8,5.349024928959967e-8,1.8951993461644267e-7
12.53,0.0037,3.5000000000000004,1.7234239023374547e-8,1.7234229721468973e-8,1.8951993461644267e-7
12.53,0.0037,3.8,9.909124418446865e-9,9.909116233046847e-9,1.8951993461644267e-7
12.53,0.0037,3.98,2.9634478046263288e-9,2.9634449646834172e-9,1.8951993461644267e-7
12.53,0.0037,3.9998,2.945491872038453e-10,2.945489281768408e-10,1.8951993461644267e-7
12.53,0.0127,1.0000000000000001e-7,1.8275756724043416e-7,1.8275756723662415e-7,1.82758326621688e-7
12.53,0.0127,1.6426491045299075e-7,1.827572517879531e-7,1.8275725178435718e-7,1.82758326621688e-7
12.53,0.0127,2.698296080612907e-7,1.827568052940976e-7,1.8275680529045377e-7,1.82758326621688e-7
12.53,0.0127,4.432353640575351e-7,1.827561733231123e-7,1.8275617331955738e-7,1.82758326621688e-7
12.53,0.0127,7.280801738650976e-7,1.8275527882592502e-7,1.827552788227551e-7,1.82758326621688e-7
12.53,0.0127,1.1959802456254818e-6,1.8275401274599596e-7,1.827540127423093e-7,1.82758326621688e-7
12.53,0.0127,1.9645758795121526e-6,1.8275222072221682e-7,1.8275222072002178e-7,1.82758326621688e-7
12.53,0.0127,3.227108809261693e-6,1.8274968426682637e-7,1.8274968426302235e-7,1.82758326621688e-7
12.53,0.0127,5.301007395754297e-6,1.8274609412155602e-7,1.827460941208666e-7,1.82758326621688e-7
12.53,0.0127,8.707695051742211e-6,1.8274101253894051e-7,1.8274101253630164e-7,1.82758326621688e-7
12.53,0.0127,1.4303687479263852e-5,1.8273381987939318e-7,1.827338198801466e-7,1.82758326621688e-7
12.53,0.0127,2.3495939429288417e-5,1.8272363898840267e-7,1.827236389904136e-7,1.82758326621688e-7
12.53,0.0127,3.8595583863609565e-5,1.8270922807706878e-7,1.8270922807748181e-7,1.82758326621688e-7
12.53,0.0127,6.33990012723672e-5,1.8268882891583636e-7,1.826888289292415e-7,1.82758326621688e-7
12.53,0.0127,0.00010414231266814445,1.8265995153635874e-7,1.8265995153336019e-7,1.82758326621688e-7
12.53,0.0127,0.00017106927664800093,1.8261906851791402e-7,1.8261906855247084e-7,1.82758326621688e-7
12.53,0.0127,0.00028100679409841776,1.825611800605696e-7,1.825611800613755e-7,1.82758326621688e-7
12.53,0.0127,0.00046159555869258604,1.8247919338879994e-7,1.824791934524636e-7,1.82758326621688e-7
12.53,0.0127,0.0007582395311413588,1.823630331612263e-7,1.8236303320344926e-7,1.82758326621688e-7
12.53,0.0127,0.00124552148684853,1.821983574605957e-7,1.8219835754536055e-7,1.82758326621688e-7
12.53,0.0127,0.002045954755044497,1.8196468564406696e-7,1.8196468582442836e-7,1.82758326621688e-7
12.53,0.0127,0.0033607857462825456,1.8163262948435975e-7,1.81632629544027e-7,1.82758326621688e-7
12.53,0.0127,0.005520591696647901,1.811597196645546e-7,1.8115972020648816e-7,1.82758326621688e-7
12.53,0.0127,0.009068395006973916,1.8048396646479003e-7,1.8048396646381192e-7,1.82758326621688e-7
12.53,0.0127,0.01489619093772919,1.7951366671490132e-7,1.79513668102636e-7,1.82758326621688e-7
12.53,0.0127,0.024469214704767362,1.781108870793069e-7,1.781108875354435e-7,1.82758326621688e-7
12.53,0.0127,0.04019433362333615,1.7606432440474854e-7,1.7606432738852515e-7,1.82758326621688e-7
12.53,0.0127,0.06602518613354949,1.730449652350851e-7,1.7304496890276042e-7,1.82758326621688e-7
12.53,0.0127,0.1084562128786955,1.6853658386274852e-7,1.6853658804487206e-7,1.82758326621688e-7
12.53,0.0127,0.17815550096589414,1.617383304260723e-7,1.6173834507917955e-7,1.82758326621688e-7
12.53,0.0127,0.292646974128703,1.514644146382142e-7,1.5146441600206426e-7,1.82758326621688e-7
12.53,0.0127,0.480716289995901,1.3614778150448952e-7,1.3614780926871618e-7,1.82758326621688e-7
12.53,0.0127,0.789648183294706,1.1421342782491867e-7,1.1421342968235332e-7,1.82758326621688e-7
12.53,0.0127,1.297114881182717,8.519018616557356e-8,8.519019013711388e-8,1.82758326621688e-7
12.53,0.0127,2.1307045980472066,5.13507882431785e-8,5.135078448862132e-8,1.82758326621688e-7
12.53,0.0127,3.5000000000000004,1.6501977312315332e-8,1.650196780296353e-8,1.82758326621688e-7
12.53,0.0127,3.8,9.483168033236288e-9,9.4831649854428e-9,1.82758326621688e-7
12.53,0.0127,3.98,2.8352010408649356e-9,2.835200206383797e-9,1.82758326621688e-7
12.53,0.0127,3.9998,2.8179293945630626e-10,2.817928238905713e-10,1.82758326621688e-7
12.53,0.047,1.0000000000000001e-7,1.598059283010919e-7,1.5980592905859258e-7,1.5980659854656246e-7
12.53,0.047,1.6426491045299075e-7,1.5980564987626005e-7,1.5980565063401263e-7,1.5980659854656246e-7
12.53,0.047,2.698296080612907e-7,1.5980525579162023e-7,1.5980525654914215e-7,1.5980659854656246e-7
12.53,0.047,4.432353640575351e-7,1.59804698001054e-7,1.5980469875899699e-7,1.5980659854656246e-7
12.53,0.047,7.280801738650976e-7,1.5980390849945976e-7,1.5980390925724264e-7,1.5980659854656246e-7
12.53,0.047,1.1959802456254818e-6,1.59802791031275e-7,1.598027917893375e-7,1.5980659854656246e-7
12.53,0.047,1.9645758795121526e-6,1.5980120935416473e-7,1.5980121011275828e-7,1.5980659854656246e-7
12.53,0.047,3.227108809261693e-6,1.597989706262226e-7,1.5979897138409595e-7,1.5980659854656246e-7
12.53,0.047,5.301007395754297e-6,1.5979580188946353e-7,1.5979580264981274e-7,1.5980659854656246e-7
12.53,0.047,8.707695051742211e-6,1.597913167783169e-7,1.597913175358313e-7,1.5980659854656246e-7
12.53,0.047,1.4303687479263852e-5,1.597849683846068e-7,1.5978496914783006e-7,1.5980659854656246e-7
12.53,0.047,2.3495939429288417e-5,1.5977598251015908e-7,1.5977598326928737e-7,1.5980659854656246e-7
12.53,0.047,3.8595583863609565e-5,1.5976326311831597e-7,1.5976326388467435e-7,1.5980659854656246e-7
12.53,0.047,6.33990012723672e-5,1.5974525834054956e-7,1.5974525910735597e-7,1.5980659854656246e-7
12.53,0.047,0.00010414231266814445,1.5971977043608434e-7,1.5971977120281925e-7,1.5980659854656246e-7
12.53,0.047,0.00017106927664800093,1.59683685931394e-7,1.5968368671835828e-7,1.5980659854656246e-7
12.53,0.047,0.00028100679409841776,1.5963259167374005e-7,1.5963259243450992e-7,1.5980659854656246e-7
12.53,0.047,0.00046159555869258604,1.59560226919981e-7,1.5956022774707608e-7,1.5980659854656246e-7
12.53,0.047,0.0007582395311413588,1.5945769780787965e-7,1.594576985703845e-7,1.5980659854656246e-7
12.53,0.047,0.00124552148684853,1.5931234326804764e-7,1.5931234415771809e-7,1.5980659854656246e-7
12.53,0.047,0.002045954755044497,1.5910608088145205e-7,1.591060817126681e-7,1.5980659854656246e-7
12.53,0.047,0.0033607857462825456,1.588129592463085e-7,1.588129602025063e-7,1.5980659854656246e-7
12.53,0.047,0.005520591696647901,1.5839546630221138e-7,1.5839546740925753e-7,1.5980659854656246e-7
12.53,0.047,0.009068395006973916,1.5779882910424422e-7,1.577988300568779e-7,1.5980659854656246e-7
12.53,0.047,0.01489619093772919,1.5694198351777032e-7,1.5694198549194758e-7,1.5980659854656246e-7
12.53,0.047,0.024469214704767362,1.55702931706326e-7,1.557029325116184e-7,1.5980659854656246e-7
12.53,0.047,0.04019433362333615,1.5389467433831258e-7,1.53894678660071e-7,1.5980659854656246e-7
12.53,0.047,0.06602518613354949,1.5122590321757193e-7,1.512259049180564e-7,1.5980659854656246e-7
12.53,0.047,0.1084562128786955,1.4723948983132185e-7,1.472394985666955e-7,1.5980659854656246e-7
12.53,0.047,0.17815550096589414,1.4122666063704624e-7,1.4122666907621885e-7,1.5980659854656246e-7
12.53,0.047,0.292646974128703,1.3213994670937665e-7,1.3213995713675884e-7,1.5980659854656246e-7
12.53,0.047,0.480716289995901,1.1860169380641503e-7,1.1860171581255688e-7,1.5980659854656246e-7
12.53,0.047,0.789648183294706,9.92463737674827e-8,9.92463762870513e-8,1.5980659854656246e-7
12.53,0.047,1.297114881182717,7.37220814882153e-8,7.372208741891364e-8,1.5980659854656246e-7
12.53,0.047,2.1307045980472066,4.41472213864862e-8,4.414722130203268e-8,1.5980659854656246e-7
12.53,0.047,3.5000000000000004,1.4048610416841547e-8,1.4048597083587287e-8,1.5980659854656246e-7
12.53,0.047,3.8,8.057485989261869e-9,8.057485649322884e-9,1.5980659854656246e-7
12.53,0.047,3.98,2.4062115925191496e-9,2.4062095578160453e-9,1.5980659854656246e-7
12.53,0.047,3.9998,2.391256453061952e-10,2.391254177137631e-10,1.5980659854656246e-7
12.53,0.173,1.0000000000000001e-7,1.0282708401886137e-7,1.0282708387555991e-7,1.0282752940111485e-7
12.53,0.173,1.6426491045299075e-7,1.0282689900383735e-7,1.0282689886051183e-7,1.0282752940111485e-7
12.53,0.173,2.698296080612907e-7,1.0282663713214984e-7,1.0282663698899365e-7,1.0282752940111485e-7
12.53,0.173,4.432353640575351e-7,1.0282626647684625e-7,1.0282626633347725e-7,1.0282752940111485e-7
12.53,0.173,7.280801738650976e-7,1.0282574184809317e-7,1.0282574170520114e-7,1.0282752940111485e-7
12.53,0.173,1.1959802456254818e-6,1.0282499928342001e-7,1.0282499914010766e-7,1.0282752940111485e-7
12.53,0.173,1.9645758795121526e-6,1.0282394824882589e-7,1.028239481062766e-7,1.0282752940111485e-7
12.53,0.173,3.227108809261693e-6,1.0282246059937669e-7,1.028224604565835e-7,1.0282752940111485e-7
12.53,0.173,5.301007395754297e-6,1.0282035495211894e-7,1.0282035480976169e-7,1.0282752940111485e-7
12.53,0.173,8.707695051742211e-6,1.0281737456315754e-7,1.0281737442191786e-7,1.0282752940111485e-7
12.53,0.173,1.4303687479263852e-5,1.0281315600496878e-7,1.0281315586222328e-7,1.0282752940111485e-7
12.53,0.173,2.3495939429288417e-5,1.0280718480964504e-7,1.0280718467171028e-7,1.0282752940111485e-7
12.53,0.173,3.8595583863609565e-5,1.0279873263464996e-7,1.0279873249134067e-7,1.0282752940111485e-7
12.53,0.173,6.33990012723672e-5,1.0278676820922213e-7,1.027867680766089e-7,1.0282752940111485e-7
12.53,0.173,0.00010414231266814445,1.0276983101907232e-7,1.0276983087918814e-7,1.0282752940111485e-7
12.53,0.173,0.00017106927664800093,1.0274585190902341e-7,1.0274585178206089e-7,1.0282752940111485e-7
12.53,0.173,0.00028100679409841776,1.0271189778218344e-7,1.02711897657549e-7,1.0282752940111485e-7
12.53,0.173,0.00046159555869258604,1.0266380713594666e-7,1.0266380700930245e-7,1.0282752940111485e-7
12.53,0.173,0.0007582395311413588,1.02595667238035e-7,1.0259566715373097e-7,1.0282752940111485e-7
12.53,0.173,0.00124552148684853,1.0249905866584996e-7,1.0249905852775122e-7,1.0282752940111485e-7
12.53,0.173,0.002045954755044497,1.02361952054225e-7,1.0236195205521614e-7,1.0282752940111485e-7
12.53,0.173,0.0033607857462825456,1.0216707282812221e-7,1.0216707269808064e-7,1.0282752940111485e-7
12.53,0.173,0.005520591696647901,1.0188942934248663e-7,1.018894294970862e-7,1.0282752940111485e-7
12.53,0.173,0.009068395006973916,1.0149248617900011e-7,1.0149248622564243e-7,1.0282752940111485e-7
12.53,0.173,0.01489619093772919,1.0092208546226291e-7,1.0092208582617925e-7,1.0282752940111485e-7
12.53,0.173,0.024469214704767362,1.0009656818606358e-7,1.0009656906165354e-7,1.0282752940111485e-7
12.53,0.173,0.04019433362333615,9.889052082063241e-8,9.88905212059868e-8,1.0282752940111485e-7
12.53,0.173,0.06602518613354949,9.71082691686405e-8,9.710827288456156e-8,1.0282752940111485e-7
12.53,0.173,0.1084562128786955,9.444264844952401e-8,9.444264834989318e-8,1.0282752940111485e-7
12.53,0.173,0.17815550096589414,9.041841344494087e-8,9.04184233327789e-8,1.0282752940111485e-7
12.53,0.173,0.292646974128703,8.433803912440438e-8,8.433804148607199e-8,1.0282752940111485e-7
12.53,0.173,0.480716289995901,7.529987313516184e-8,7.529988569808875e-8,1.0282752940111485e-7
12.53,0.173,0.789648183294706,6.245524992340635e-8,6.245525800956158e-8,1.0282752940111485e-7
12.53,0.173,1.297114881182717,4.571841068789311e-8,4.571841094185087e-8,1.0282752940111485e-7
12.53,0.173,2.1307045980472066,2.674617963391761e-8,2.6746172240535263e-8,1.0282752940111485e-7
12.53,0.173,3.5000000000000004,8.220086483356983e-9,8.22008554212414e-9,1.0282752940111485e-7
12.53,0.173,3.8,4.681964439695977e-9,4.681959514488096e-9,1.0282752940111485e-7
12.53,0.173,3.98,1.3925379703112737e-9,1.39253793595313e-9,1.0282752940111485e-7
12.53,0.173,3.9998,1.3832757137755814e-10,1.3832757038278164e-10,1.0282752940111485e-7
12.53,0.61,1.0000000000000001e-7,3.488234510587644e-8,3.488234460438165e-8,3.4882510780551586e-8
12.53,0.61,1.6426491045299075e-7,3.4882276283408055e-8,3.488227578154236e-8,3.4882510780551586e-8
12.53,0.61,2.698296080612907e-7,3.488217887155099e-8,3.488217836970835e-8,3.4882510780551586e-8
12.53,0.61,4.432353640575351e-7,3.488204099400681e-8,3.488204049213059e-8,3.4882510780551586e-8
12.53,0.61,7.280801738650976e-7,3.4881845840894004e-8,3.4881845339165447e-8,3.4882510780551586e-8
12.53,0.61,1.1959802456254818e-6,3.488156961919141e-8,3.4881569117296334e-8,3.4882510780551586e-8
12.53,0.61,1.9645758795121526e-6,3.488117865163467e-8,3.488117815010131e-8,3.4882510780551586e-8
12.53,0.61,3.227108809261693e-6,3.4880625270135836e-8,3.4880624768336267e-8,3.4882510780551586e-8
12.53,0.61,5.301007395754297e-6,3.487984200251994e-8,3.487984150122243e-8,3.4882510780551586e-8
12.53,0.61,8.707695051742211e-6,3.4878733342592344e-8,3.4878732841267444e-8,3.4882510780551586e-8
12.53,0.61,1.4303687479263852e-5,3.487716409729495e-8,3.4877163596102015e-8,3.4882510780551586e-8
12.53,0.61,2.3495939429288417e-5,3.4874942883680074e-8,3.487494238362329e-8,3.4882510780551586e-8
12.53,0.61,3.8595583863609565e-5,3.4871798748613805e-8,3.4871798247156754e-8,3.4882510780551586e-8
12.53,0.61,6.33990012723672e-5,3.48673480262975e-8,3.486734752878044e-8,3.4882510780551586e-8
12.53,0.61,0.00010414231266814445,3.4861047314543775e-8,3.486104681316356e-8,3.4882510780551586e-8
12.53,0.61,0.00017106927664800093,3.485212665897033e-8,3.4852126165350804e-8,3.4882510780551586e-8
12.53,0.61,0.00028100679409841776,3.483949439776912e-8,3.483949390016453e-8,3.4882510780551586e-8
12.53,0.61,0.00046159555869258604,3.4821601165509445e-8,3.4821600675799265e-8,3.4882510780551586e-8
12.53,0.61,0.0007582395311413588,3.4796244469981546e-8,3.479624398605521e-8,3.4882510780551586e-8
12.53,0.61,0.00124552148684853,3.476028558987813e-8,3.476028510013573e-8,3.4882510780551586e-8
12.53,0.61,0.002045954755044497,3.470923462187215e-8,3.470923417344876e-8,3.4882510780551586e-8
12.53,0.61,0.0033607857462825456,3.463663234245345e-8,3.463663184627599e-8,3.4882510780551586e-8
12.53,0.61,0.005520591696647901,3.453310986013918e-8,3.453310949194824e-8,3.4882510780551586e-8
12.53,0.61,0.009068395006973916,3.43849220873303e-8,3.438492161706903e-8,3.4882510780551586e-8
12.53,0.61,0.01489619093772919,3.4171600900737054e-8,3.4171600692975126e-8,3.4882510780551586e-8
12.53,0.61,0.024469214704767362,3.3862119330370144e-8,3.386211909550625e-8,3.4882510780551586e-8
12.53,0.61,0.04019433362333615,3.3408570141969737e-8,3.3408570151211144e-8,3.4882510780551586e-8
12.53,0.61,0.06602518613354949,3.2735918504271056e-8,3.273591930600246e-8,3.4882510780551586e-8
12.53,0.61,0.1084562128786955,3.172638598427962e-8,3.1726385930041616e-8,3.4882510780551586e-8
12.53,0.61,0.17815550096589414,3.019917862663747e-8,3.019918221801143e-8,3.4882510780551586e-8
12.53,0.61,0.292646974128703,2.7894980693802324e-8,2.7894980452223687e-8,3.4882510780551586e-8
12.53,0.61,0.480716289995901,2.4497406988782126e-8,2.449741292701222e-8,3.4882510780551586e-8
12.53,0.61,0.789648183294706,1.9760867132715873e-8,1.9760868604191197e-8,3.4882510780551586e-8
12.53,0.61,1.297114881182717,1.3814864913953998e-8,1.3814865295019225e-8,3.4882510780551586e-8
12.53,0.61,2.1307045980472066,7.510727959890304e-9,7.51072600868896e-9,3.4882510780551586e-8
12.53,0.61,3.5000000000000004,2.070137105747862e-9,2.0701356965099194e-9,3.4882510780551586e-8
12.53,0.61,3.8,1.1539449661801915e-9,1.1539435954306197e-9,3.4882510780551586e-8
12.53,0.61,3.98,3.389433172274886e-10,3.3894326273171167e-10,3.4882510780551586e-8
12.53,0.61,3.9998,3.3623207357825647e-11,3.362319649480793e-11,3.4882510780551586e-8
12.53,1.73,1.0000000000000001e-7,8.605534135903905e-9,8.605534182125317e-9,8.605585344923342e-9
12.53,1.73,1.6426491045299075e-7,8.605517490380355e-9,8.605517535835017e-9,8.605585344923342e-9
12.53,1.73,2.698296080612907e-7,8.605489303092435e-9,8.60548934931882e-9,8.605585344923342e-9
12.53,1.73,4.432353640575351e-7,8.605449406564928e-9,8.605449452814287e-9,8.605585344923342e-9
12.53,1.73,7.280801738650976e-7,8.605392936643034e-9,8.605392982871412e-9,8.605585344923342e-9
12.53,1.73,1.1959802456254818e-6,8.605313008496699e-9,8.605313054788758e-9,8.605585344923342e-9
12.53,1.73,1.9645758795121526e-6,8.605199877124645e-9,8.605199923343915e-9,8.605585344923342e-9
12.53,1.73,3.227108809261693e-6,8.605039749003602e-9,8.60503979536354e-9,8.605585344923342e-9
12.53,1.73,5.301007395754297e-6,8.604813099806428e-9,8.60481314606827e-9,8.605585344923342e-9
12.53,1.73,8.707695051742211e-6,8.604492292639262e-9,8.604492339066981e-9,8.605585344923342e-9
12.53,1.73,1.4303687479263852e-5,8.604038205384666e-9,8.604038251839655e-9,8.605585344923342e-9
12.53,1.73,2.3495939429288417e-5,8.603395453592436e-9,8.603395500008688e-9,8.605585344923342e-9
12.53,1.73,3.8595583863609565e-5,8.602485621077542e-9,8.602485668024988e-9,8.605585344923342e-9
12.53,1.73,6.33990012723672e-5,8.601197660536127e-9,8.601197706781295e-9,8.605585344923342e-9
12.53,1.73,0.00010414231266814445,8.59937426570329e-9,8.599374313588857e-9,8.605585344923342e-9
12.53,1.73,0.00017106927664800093,8.596792489876298e-9,8.596792536180902e-9,8.605585344923342e-9
12.53,1.73,0.00028100679409841776,8.593136104409778e-9,8.593136153621101e-9,8.605585344923342e-9
12.53,1.73,0.00046159555869258604,8.587956006227032e-9,8.587956054168731e-9,8.605585344923342e-9
12.53,1.73,0.0007582395311413588,8.580613134870181e-9,8.580613185103228e-9,8.605585344923342e-9
12.53,1.73,0.00124552148684853,8.570195374143435e-9,8.570195427909743e-9,8.605585344923342e-9
12.53,1.73,0.002045954755044497,8.555394911662611e-9,8.555394960821247e-9,8.605585344923342e-9
12.53,1.73,0.0033607857462825456,8.53432386490392e-9,8.534323934343604e-9,8.605585344923342e-9
12.53,1.73,0.005520591696647901,8.504230616226185e-9,8.504230661734298e-9,8.605585344923342e-9
12.53,1.73,0.009068395006973916,8.461051881948289e-9,8.461051989139043e-9,8.605585344923342e-9
12.53,1.73,0.01489619093772919,8.398687599714832e-9,8.398687661275733e-9,8.605585344923342e-9
12.53,1.73,0.024469214704767362,8.307807044136488e-9,8.307807227433742e-9,8.605585344923342e-9
12.53,1.73,0.04019433362333615,8.173884153960231e-9,8.173884352019495e-9,8.605585344923342e-9
12.53,1.73,0.06602518613354949,7.974067854433748e-9,7.974068113448803e-9,8.605585344923342e-9
12.53,1.73,0.1084562128786955,7.672643660771774e-9,7.67264440098643e-9,8.605585344923342e-9
12.53,1.73,0.17815550096589414,7.215921814086572e-9,7.215921953810675e-9,8.605585344923342e-9
12.53,1.73,0.292646974128703,6.530951370258434e-9,6.530953143883234e-9,8.605585344923342e-9
12.53,1.73,0.480716289995901,5.540483758147402e-9,5.540483861814602e-9,8.605585344923342e-9
12.53,1.73,0.789648183294706,4.216003612905527e-9,4.2160050578806765e-9,8.605585344923342e-9
12.53,1.73,1.297114881182717,2.676179812888666e-9,2.676180057576775e-9,8.605585344923342e-9
12.53,1.73,2.1307045980472066,1.247208326228921e-9,1.2472073262297827e-9,8.605585344923342e-9
12.53,1.73,3.5000000000000004,2.7378477278265973e-10,2.737840490056746e-10,8.605585344923342e-9
12.53,1.73,3.8,1.459882534843854e-10,1.459877762253264e-10,8.605585344923342e-9
12.53,1.73,3.98,4.1797494802686135e-11,4.179729947311491e-11,8.605585344923342e-9
12.53,1.73,3.9998,4.1348672462262225e-12,4.134849155709006e-12,8.605585344923342e-9
12.53,4.71,1.0000000000000001e-7,1.7366746978641473e-9,1.7366577655317952e-9,1.7366923140727884e-9
12.53,4.71,1.6426491045299075e-7,1.7366746978641473e-9,1.7366577655317952e-9,1.7366923140727884e-9
12.53,4.71,2.698296080612907e-7,1.736667963729757e-9,1.736651031555757e-9,1.7366923140727884e-9
12.53,4.71,4.432353640575351e-7,1.7366578484001748e-9,1.7366409161168764e-9,1.7366923140727884e-9
12.53,4.71,7.280801738650976e-7,1.7366435310583215e-9,1.7366265988082445e-9,1.7366923140727884e-9
12.53,4.71,1.1959802456254818e-6,1.736623266115353e-9,1.7366063339350484e-9,1.7366923140727884e-9
12.53,4.71,1.9645758795121526e-6,1.7365945827956647e-9,1.7365776506716352e-9,1.7366923140727884e-9
12.53,4.71,3.227108809261693e-6,1.7365539838146988e-9,1.7365370518305823e-9,1.7366923140727884e-9
12.53,4.71,5.301007395754297e-6,1.7364965187880643e-9,1.7364795869323536e-9,1.7366923140727884e-9
12.53,4.71,8.707695051742211e-6,1.7364151802077929e-9,1.7363982485982275e-9,1.7366923140727884e-9
12.53,4.71,1.4303687479263852e-5,1.7363000479883318e-9,1.7362831166946884e-9,1.7366923140727884e-9
12.53,4.71,2.3495939429288417e-5,1.7361370774713405e-9,1.736120146574259e-9,1.7366923140727884e-9
12.53,4.71,3.8595583863609565e-5,1.7359063812619613e-9,1.7358894511116777e-9,1.7366923140727884e-9
12.53,4.71,6.33990012723672e-5,1.7355797911789365e-9,1.7355628616735405e-9,1.7366923140727884e-9
12.53,4.71,0.00010414231266814445,1.735117393454865e-9,1.7351004655525383e-9,1.7366923140727884e-9
12.53,4.71,0.00017106927664800093,1.734462593049452e-9,1.7344456664188798e-9,1.7366923140727884e-9
12.53,4.71,0.00028100679409841776,1.7335350566020687e-9,1.7335181329520746e-9,1.7366923140727884e-9
12.53,4.71,0.00046159555869258604,1.7322205651121167e-9,1.7322036444124169e-9,1.7366923140727884e-9
12.53,4.71,0.0007582395311413588,1.7303562996714458e-9,1.7303393836556968e-9,1.7366923140727884e-9
12.53,4.71,0.00124552148684853,1.7277092438086892e-9,1.7276923346302476e-9,1.7366923140727884e-9
12.53,4.71,0.002045954755044497,1.723943946853896e-9,1.723927043209229e-9,1.7366923140727884e-9
12.53,4.71,0.0033607857462825456,1.718573355808918e-9,1.7185564661867616e-9,1.7366923140727884e-9
12.53,4.71,0.005520591696647901,1.7108818892368632e-9,1.7108650006417784e-9,1.7366923140727884e-9
12.53,4.71,0.009068395006973916,1.6998018932614377e-9,1.6997850245089869e-9,1.7366923140727884e-9
12.53,4.71,0.01489619093772919,1.6837109907137432e-9,1.6836940991442348e-9,1.7366923140727884e-9
12.53,4.71,0.024469214704767362,1.6600971004360454e-9,1.660080193573238e-9,1.7366923140727884e-9
12.53,4.71,0.04019433362333615,1.6250144965567242e-9,1.6249974836096431e-9,1.7366923140727884e-9
12.53,4.71,0.06602518613354949,1.5722559561937415e-9,1.572238696058127e-9,1.7366923140727884e-9
12.53,4.71,0.1084562128786955,1.4922890966262239e-9,1.492271535623121e-9,1.7366923140727884e-9
12.53,4.71,0.17815550096589414,1.3714995617673324e-9,1.3714811053148315e-9,1.7366923140727884e-9
12.53,4.71,0.292646974128703,1.1935924378015424e-9,1.1935736387605258e-9,1.7366923140727884e-9
12.53,4.71,0.480716289995901,9.47205847338332e-10,9.471863225437097e-10,1.7366923140727884e-9
12.53,4.71,0.789648183294706,6.43950639860226e-10,6.439329036443848e-10,1.7366923140727884e-9
12.53,4.71,1.297114881182717,3.389829708625716e-10,3.3896947988146644e-10,1.7366923140727884e-9
12.53,4.71,2.1307045980472066,1.1692423620792623e-10,1.169172695709663e-10,1.7366923140727884e-9
12.53,4.71,3.5000000000000004,1.6460558444547825e-11,1.6459173190428863e-11,1.7366923140727884e-9
12.53,4.71,3.8,8.064886483097064e-12,8.064200583640459e-12,1.7366923140727884e-9
12.53,4.71,3.98,2.2006158034586643e-12,2.200416016849276e-12,1.7366923140727884e-9
12.53,4.71,3.9998,2.1657765580127305e-13,2.165581593550899e-13,1.7366923140727884e-9
13.07,0.00113,1.0000000000000001e-7,9.669204693487222e-7,9.669205696802172e-7,9.669272944847922e-7
13.07,0.00113,1.6426491045299075e-7,9.669176341361093e-7,9.66917734491908e-7,9.669272944847922e-7
13.07,0.00113,2.698296080612907e-7,9.66913621152394e-7,9.669137215469113e-7,9.669272944847922e-7
13.07,0.00113,4.432353640575351e-7,9.669079411382082e-7,9.669080415840627e-7,9.669272944847922e-7
13.07,0.00113,7.280801738650976e-7,9.668999015858992e-7,9.669000021048034e-7,9.669272944847922e-7
13.07,0.00113,1.1959802456254818e-6,9.668885223002332e-7,9.668886229280457e-7,9.669272944847922e-7
13.07,0.00113,1.9645758795121526e-6,9.668724158712496e-7,9.66872516637087e-7,9.669272944847922e-7
13.07,0.00113,3.227108809261693e-6,9.668496184689179e-7,9.668497194610367e-7,9.669272944847922e-7
13.07,0.00113,5.301007395754297e-6,9.668173502893306e-7,9.66817451553593e-7,9.669272944847922e-7
13.07,0.00113,8.707695051742211e-6,9.667716763519729e-7,9.667717780674995e-7,9.669272944847922e-7
13.07,0.00113,1.4303687479263852e-5,9.667070260762186e-7,9.667071283576715e-7,9.669272944847922e-7
13.07,0.00113,2.3495939429288417e-5,9.66615512568171e-7,9.666156157132043e-7,9.669272944847922e-7
13.07,0.00113,3.8595583863609565e-5,9.66485967493195e-7,9.664860718420121e-7,9.669272944847922e-7
13.07,0.00113,6.33990012723672e-5,9.663025712896572e-7,9.66302677264651e-7,9.669272944847922e-7
13.07,0.00113,0.00010414231266814445,9.660429058829038e-7,9.66043014406226e-7,9.669272944847922e-7
13.07,0.00113,0.00017106927664800093,9.656751793310933e-7,9.65675290980332e-7,9.669272944847922e-7
13.07,0.00113,0.00028100679409841776,9.65154254567396e-7,9.651543714824133e-7,9.669272944847922e-7
13.07,0.00113,0.00046159555869258604,9.644159325843052e-7,9.644160558950812e-7,9.669272944847922e-7
13.07,0.00113,0.0007582395311413588,9.633686489776301e-7,9.633687828085946e-7,9.669272944847922e-7
13.07,0.00113,0.00124552148684853,9.618812583968985e-7,9.618814061381453e-7,9.669272944847922e-7
13.07,0.00113,0.002045954755044497,9.597647484173369e-7,9.597649169582724e-7,9.669272944847922e-7
13.07,0.00113,0.0033607857462825456,9.567442548556182e-7,9.567444553183246e-7,9.669272944847922e-7
13.07,0.00113,0.005520591696647901,9.524151341366776e-7,9.524153771409231e-7,9.669272944847922e-7
13.07,0.00113,0.009068395006973916,9.461722613658852e-7,9.461725820588366e-7,9.669272944847922e-7
13.07,0.00113,0.01489619093772919,9.370941140153432e-7,9.37094531397241e-7,9.669272944847922e-7
13.07,0.00113,0.024469214704767362,9.237521907422827e-7,9.237528049260958e-7,9.669272944847922e-7
13.07,0.00113,0.04019433362333615,9.039057890770007e-7,9.039066598797052e-7,9.669272944847922e-7
13.07,0.00113,0.06602518613354949,8.740511323366978e-7,8.740524813906244e-7,9.669272944847922e-7
13.07,0.00113,0.1084562128786955,8.288822253692602e-7,8.28884270184781e-7,9.669272944847922e-7
13.07,0.00113,0.17815550096589414,7.610288537169913e-7,7.610318430341285e-7,9.669272944847922e-7
13.07,0.00113,0.292646974128703,6.621597162767386e-7,6.621640291992888e-7,9.669272944847922e-7
13.07,0.00113,0.480716289995901,5.274903019479647e-7,5.274954915678686e-7,9.669272944847922e-7
13.07,0.00113,0.789648183294706,3.6492698924605233e-7,3.6493240764522377e-7,9.669272944847922e-7
13.07,0.00113,1.297114881182717,2.0298872138109136e-7,2.0299284848238765e-7,9.669272944847922e-7
13.07,0.00113,2.1307045980472066,8.08047405991645e-8,8.080658223635375e-8,9.669272944847922e-7
13.07,0.00113,3.5000000000000004,1.5401639563875724e-8,1.540195675730266e-8,9.669272944847922e-7
13.07,0.00113,3.8,8.073311105522248e-9,8.073455064229418e-9,9.669272944847922e-7
13.07,0.00113,3.98,2.2919505978775066e-9,2.2919896022798474e-9,9.669272944847922e-7
13.07,0.00113,3.9998,2.265398432459079e-10,2.2654373746563566e-10,9.669272944847922e-7
13.07,0.0037,1.0000000000000001e-7,9.566798654756043e-7,9.566798852508288e-7,9.566866244184913e-7
13.07,0.0037,1.6426491045299075e-7,9.566770577601322e-7,9.566770775360465e-7,9.566866244184913e-7
13.07,0.0037,2.698296080612907e-7,9.566730836960967e-7,9.566731034710266e-7,9.566866244184913e-7
13.07,0.0037,4.432353640575351e-7,9.566674587691758e-7,9.566674785481672e-7,9.566866244184913e-7
13.07,0.0037,7.280801738650976e-7,9.566594971879435e-7,9.566595169619937e-7,9.566866244184913e-7
13.07,0.0037,1.1959802456254818e-6,9.56648228263492e-7,9.566482480477345e-7,9.566866244184913e-7
13.07,0.0037,1.9645758795121526e-6,9.566322780414793e-7,9.56632297817511e-7,9.566866244184913e-7
13.07,0.0037,3.227108809261693e-6,9.566097017377458e-7,9.56609721528106e-7,9.566866244184913e-7
13.07,0.0037,5.301007395754297e-6,9.565777465076398e-7,9.565777662959047e-7,9.566866244184913e-7
13.07,0.0037,8.707695051742211e-6,9.565325155326505e-7,9.56532535324643e-7,9.566866244184913e-7
13.07,0.0037,1.4303687479263852e-5,9.564684922553948e-7,9.564685120776166e-7,9.566866244184913e-7
13.07,0.0037,2.3495939429288417e-5,9.563778662663398e-7,9.56377886047455e-7,9.566866244184913e-7
13.07,0.0037,3.8595583863609565e-5,9.5624957753204e-7,9.562495974229893e-7,9.566866244184913e-7
13.07,0.0037,6.33990012723672e-5,9.560679598833793e-7,9.560679796582795e-7,9.566866244184913e-7
13.07,0.0037,0.00010414231266814445,9.558108125918552e-7,9.558108325875448e-7,9.566866244184913e-7
13.07,0.0037,0.00017106927664800093,9.554466518793874e-7,9.554466717462614e-7,9.566866244184913e-7
13.07,0.0037,0.00028100679409841776,9.54930778057501e-7,9.549307981524016e-7,9.566866244184913e-7
13.07,0.0037,0.00046159555869258604,9.541996138931468e-7,9.54199634126092e-7,9.566866244184913e-7
13.07,0.0037,0.0007582395311413588,9.531624811040303e-7,9.531625011701599e-7,9.566866244184913e-7
13.07,0.0037,0.00124552148684853,9.516895020187924e-7,9.516895232419819e-7,9.566866244184913e-7
13.07,0.0037,0.002045954755044497,9.495934880890753e-7,9.495935078964754e-7,9.566866244184913e-7
13.07,0.0037,0.0033607857462825456,9.46602220927958e-7,9.466022444791865e-7,9.566866244184913e-7
13.07,0.0037,0.005520591696647901,9.423149391100549e-7,9.423149595129319e-7,9.566866244184913e-7
13.07,0.0037,0.009068395006973916,9.361322992782046e-7,9.361323276907775e-7,9.566866244184913e-7
13.07,0.0037,0.01489619093772919,9.271415426265714e-7,9.271415698757249e-7,9.566866244184913e-7
13.07,0.0037,0.024469214704767362,9.139276949562904e-7,9.139277302565779e-7,9.566866244184913e-7
13.07,0.0037,0.04019433362333615,8.942712220464364e-7,8.942712806530349e-7,9.566866244184913e-7
13.07,0.0037,0.06602518613354949,8.647015143358981e-7,8.64701547973199e-7,9.566866244184913e-7
13.07,0.0037,0.1084562128786955,8.199633252453008e-7,8.19963467686401e-7,9.566866244184913e-7
13.07,0.0037,0.17815550096589414,7.52758832375369e-7,7.527588571738641e-7,9.566866244184913e-7
13.07,0.0037,0.292646974128703,6.548442278877093e-7,6.548444329945067e-7,9.566866244184913e-7
13.07,0.0037,0.480716289995901,5.215014314774339e-7,5.215014929666868e-7,9.566866244184913e-7
13.07,0.0037,0.789648183294706,3.605982800407997e-7,3.605983052019153e-7,9.566866244184913e-7
13.07,0.0037,1.297114881182717,2.004139542739363e-7,2.00413904703651e-7,9.566866244184913e-7
13.07,0.0037,2.1307045980472066,7.967770762404803e-8,7.967764442770894e-8,9.566866244184913e-7
13.07,0.0037,3.5000000000000004,1.516003334517436e-8,1.5159984645189217e-8,9.566866244184913e-7
13.07,0.0037,3.8,7.944092384733733e-9,7.944082286110057e-9,9.566866244184913e-7
13.07,0.0037,3.98,2.2548534395552803e-9,2.2548456354565264e-9,9.566866244184913e-7
13.07,0.0037,3.9998,2.2286872792854885e-10,2.228679587983438e-10,9.566866244184913e-7
13.07,0.0127,1.0000000000000001e-7,9.219550860816841e-7,9.219551049488104e-7,9.219616201669674e-7
13.07,0.0127,1.6426491045299075e-7,9.219523717737332e-7,9.219523906411219e-7,9.219616201669674e-7
13.07,0.0127,2.698296080612907e-7,9.219485299194736e-7,9.219485487885471e-7,9.219616201669674e-7
13.07,0.0127,4.432353640575351e-7,9.219430921234585e-7,9.219431109901144e-7,9.219616201669674e-7
13.07,0.0127,7.280801738650976e-7,9.219353954092223e-7,9.219354142822583e-7,9.219616201669674e-7
13.07,0.0127,1.1959802456254818e-6,9.219245013807544e-7,9.219245202467311e-7,9.219616201669674e-7
13.07,0.0127,1.9645758795121526e-6,9.219090817923267e-7,9.219091006712843e-7,9.219616201669674e-7
13.07,0.0127,3.227108809261693e-6,9.218872565584284e-7,9.218872754291128e-7,9.219616201669674e-7
13.07,0.0127,5.301007395754297e-6,9.218563644147697e-7,9.218563832987473e-7,9.219616201669674e-7
13.07,0.0127,8.707695051742211e-6,9.218126381788599e-7,9.21812657068681e-7,9.219616201669674e-7
13.07,0.0127,1.4303687479263852e-5,9.217507448099087e-7,9.217507636902423e-7,9.219616201669674e-7
13.07,0.0127,2.3495939429288417e-5,9.216631337153697e-7,9.216631526518274e-7,9.219616201669674e-7
13.07,0.0127,3.8595583863609565e-5,9.215391127606948e-7,9.215391316232925e-7,9.219616201669674e-7
13.07,0.0127,6.33990012723672e-5,9.213635368514978e-7,9.213635558728485e-7,9.219616201669674e-7
13.07,0.0127,0.00010414231266814445,9.21114943586233e-7,9.211149624619321e-7,9.219616201669674e-7
13.07,0.0127,0.00017106927664800093,9.207628960256443e-7,9.207629151577988e-7,9.219616201669674e-7
13.07,0.0127,0.00028100679409841776,9.202641802728281e-7,9.202641993176947e-7,9.219616201669674e-7
13.07,0.0127,0.00046159555869258604,9.195573313050299e-7,9.195573504978414e-7,9.219616201669674e-7
13.07,0.0127,0.0007582395311413588,9.185546810959282e-7,9.185547007035405e-7,9.219616201669674e-7
13.07,0.0127,0.00124552148684853,9.171306585085983e-7,9.17130677544133e-7,9.219616201669674e-7
13.07,0.0127,0.002045954755044497,9.151042712141898e-7,9.151042922671966e-7,9.219616201669674e-7
13.07,0.0127,0.0033607857462825456,9.122122897178636e-7,9.122123084526042e-7,9.219616201669674e-7
13.07,0.0127,0.005520591696647901,9.080671426654146e-7,9.08067167029843e-7,9.219616201669674e-7
13.07,0.0127,0.009068395006973916,9.020891316239869e-7,9.020891522325085e-7,9.219616201669674e-7
13.07,0.0127,0.01489619093772919,8.933952783521358e-7,8.93395308948586e-7,9.219616201669674e-7
13.07,0.0127,0.024469214704767362,8.806165800198183e-7,8.806166141784565e-7,9.219616201669674e-7
13.07,0.0127,0.04019433362333615,8.616054460620277e-7,8.616054815328333e-7,9.219616201669674e-7
13.07,0.0127,0.06602518613354949,8.330039903079872e-7,8.330040756451726e-7,9.219616201669674e-7
13.07,0.0127,0.1084562128786955,7.897294204622508e-7,7.897294434235895e-7,9.219616201669674e-7
13.07,0.0127,0.17815550096589414,7.247298241586643e-7,7.2473000267242e-7,9.219616201669674e-7
13.07,0.0127,0.292646974128703,6.300583066444254e-7,6.300583338536428e-7,9.219616201669674e-7
13.07,0.0127,0.480716289995901,5.012213706501883e-7,5.012215113272951e-7,9.219616201669674e-7
13.07,0.0127,0.789648183294706,3.4595352240746707e-7,3.4595355601184563e-7,9.219616201669674e-7
13.07,0.0127,1.297114881182717,1.9171631873084375e-7,1.9171625157345897e-7,9.219616201669674e-7
13.07,0.0127,2.1307045980472066,7.587965494849564e-8,7.587955753063264e-8,9.219616201669674e-7
13.07,0.0127,3.5000000000000004,1.4348594322339992e-8,1.4348584257918324e-8,9.219616201669674e-7
13.07,0.0127,3.8,7.510386313778758e-9,7.510366642641121e-9,9.219616201669674e-7
13.07,0.0127,3.98,2.1303869788396694e-9,2.1303867588992093e-9,9.219616201669674e-7
13.07,0.0127,3.9998,2.1055207561259544e-10,2.1055204148793166e-10,9.219616201669674e-7
13.07,0.047,1.0000000000000001e-7,8.042777550763732e-7,8.042777761696067e-7,8.042835221940879e-7
13.07,0.047,1.6426491045299075e-7,8.042753593724588e-7,8.042753804674283e-7,8.042835221940879e-7
13.07,0.047,2.698296080612907e-7,8.04271968472982e-7,8.04271989567293e-7,8.042835221940879e-7
13.07,0.047,4.432353640575351e-7,8.042671689624279e-7,8.042671900577379e-7,8.042835221940879e-7
13.07,0.047,7.280801738650976e-7,8.042603756839713e-7,8.042603967816283e-7,8.042835221940879e-7
13.07,0.047,1.1959802456254818e-6,8.042507603895824e-7,8.042507814837891e-7,8.042835221940879e-7
13.07,0.047,1.9645758795121526e-6,8.042371507412659e-7,8.042371718461038e-7,8.042835221940879e-7
13.07,0.047,3.227108809261693e-6,8.042178873345093e-7,8.042179084268498e-7,8.042835221940879e-7
13.07,0.047,5.301007395754297e-6,8.041906212771426e-7,8.041906423934393e-7,8.042835221940879e-7
13.07,0.047,8.707695051742211e-6,8.041520275634405e-7,8.041520486622646e-7,8.042835221940879e-7
13.07,0.047,1.4303687479263852e-5,8.040973991118605e-7,8.040974202396429e-7,8.042835221940879e-7
13.07,0.047,2.3495939429288417e-5,8.040200715448333e-7,8.040200926753696e-7,8.042835221940879e-7
13.07,0.047,3.8595583863609565e-5,8.0391060760533e-7,8.039106287309511e-7,8.042835221940879e-7
13.07,0.047,6.33990012723672e-5,8.0375563955723e-7,8.037556607706392e-7,8.042835221940879e-7
13.07,0.047,0.00010414231266814445,8.035362234126778e-7,8.035362445070422e-7,8.042835221940879e-7
13.07,0.047,0.00017106927664800093,8.032254930161757e-7,8.032255143916371e-7,8.042835221940879e-7
13.07,0.047,0.00028100679409841776,8.027853026286201e-7,8.027853237251562e-7,8.042835221940879e-7
13.07,0.047,0.00046159555869258604,8.021613923720493e-7,8.021614139896743e-7,8.042835221940879e-7
13.07,0.047,0.0007582395311413588,8.01276363253681e-7,8.012763846307102e-7,8.042835221940879e-7
13.07,0.047,0.00124552148684853,8.000193362860304e-7,8.000193581290465e-7,8.042835221940879e-7
13.07,0.047,0.002045954755044497,7.982304603856488e-7,7.982304828836237e-7,8.042835221940879e-7
13.07,0.047,0.0033607857462825456,7.956771804809552e-7,7.95677202206082e-7,8.042835221940879e-7
13.07,0.047,0.005520591696647901,7.920169455072631e-7,7.920169714846249e-7,8.042835221940879e-7
13.07,0.047,0.009068395006973916,7.867371269486992e-7,7.867371479693531e-7,8.042835221940879e-7
13.07,0.047,0.01489619093772919,7.790564522192221e-7,7.790564876923747e-7,8.042835221940879e-7
13.07,0.047,0.024469214704767362,7.677629666882665e-7,7.677629915576462e-7,8.042835221940879e-7
13.07,0.047,0.04019433362333615,7.509549082161238e-7,7.509549628360405e-7,8.042835221940879e-7
13.07,0.047,0.06602518613354949,7.256595562151432e-7,7.256596123120259e-7,8.042835221940879e-7
13.07,0.047,0.1084562128786955,6.873831006207183e-7,6.873831677721802e-7,8.042835221940879e-7
13.07,0.047,0.17815550096589414,6.299123235694089e-7,6.299124668979763e-7,8.042835221940879e-7
13.07,0.047,0.292646974128703,5.463093186601342e-7,5.463093523767539e-7,8.042835221940879e-7
13.07,0.047,0.480716289995901,4.32833197087772e-7,4.3283334999399403e-7,8.042835221940879e-7
13.07,0.047,0.789648183294706,2.9673396875543664e-7,2.9673398255726655e-7,8.042835221940879e-7
13.07,0.047,1.297114881182717,1.626457146806221e-7,1.626456303583311e-7,8.042835221940879e-7
13.07,0.047,2.1307045980472066,6.329523012789918e-8,6.329519427129256e-8,8.042835221940879e-7
13.07,0.047,3.5000000000000004,1.1693026968538582e-8,1.1692998896701595e-8,8.042835221940879e-7
13.07,0.047,3.8,6.0943058197087565e-9,6.094297533250856e-9,8.042835221940879e-7
13.07,0.047,3.98,1.724533096761054e-9,1.7245312702867681e-9,8.042835221940879e-7
13.07,0.047,3.9998,1.7039628524792203e-10,1.7039604728650424e-10,8.042835221940879e-7
13.07,0.173,1.0000000000000001e-7,5.136607688631524e-7,5.136607804019478e-7,5.13664601148532e-7
13.07,0.173,1.6426491045299075e-7,5.136591769030088e-7,5.136591884408551e-7,5.13664601148532e-7
13.07,0.173,2.698296080612907e-7,5.136569236291215e-7,5.136569351689856e-7,5.13664601148532e-7
13.07,0.173,4.432353640575351e-7,5.136537343241287e-7,5.136537458621825e-7,5.13664601148532e-7
13.07,0.173,7.280801738650976e-7,5.13649220147241e-7,5.136492316884303e-7,5.13664601148532e-7
13.07,0.173,1.1959802456254818e-6,5.136428307214467e-7,5.136428422616488e-7,5.13664601148532e-7
13.07,0.173,1.9645758795121526e-6,5.136337870184038e-7,5.136337985601061e-7,5.13664601148532e-7
13.07,0.173,3.227108809261693e-6,5.136209863477745e-7,5.136209978944065e-7,5.13664601148532e-7
13.07,0.173,5.301007395754297e-6,5.136028678428316e-7,5.136028793823511e-7,5.13664601148532e-7
13.07,0.173,8.707695051742211e-6,5.135772219859072e-7,5.135772335460694e-7,5.13664601148532e-7
13.07,0.173,1.4303687479263852e-5,5.135409208213035e-7,5.135409323578737e-7,5.13664601148532e-7
13.07,0.173,2.3495939429288417e-5,5.134895356660418e-7,5.134895472474038e-7,5.13664601148532e-7
13.07,0.173,3.8595583863609565e-5,5.134167950312227e-7,5.134168065817305e-7,5.13664601148532e-7
13.07,0.173,6.33990012723672e-5,5.133138151205154e-7,5.133138267224633e-7,5.13664601148532e-7
13.07,0.173,0.00010414231266814445,5.131680055936266e-7,5.131680172072263e-7,5.13664601148532e-7
13.07,0.173,0.00017106927664800093,5.129615093143433e-7,5.12961520910645e-7,5.13664601148532e-7
13.07,0.173,0.00028100679409841776,5.126689682425711e-7,5.12668980021555e-7,5.13664601148532e-7
13.07,0.173,0.00046159555869258604,5.122543039830868e-7,5.122543155205097e-7,5.13664601148532e-7
13.07,0.173,0.0007582395311413588,5.116660345358744e-7,5.116660466566858e-7,5.13664601148532e-7
13.07,0.173,0.00124552148684853,5.108303698405167e-7,5.10830381404764e-7,5.13664601148532e-7
13.07,0.173,0.002045954755044497,5.096408467838458e-7,5.096408594954791e-7,5.13664601148532e-7
13.07,0.173,0.0033607857462825456,5.079424117106365e-7,5.079424239973869e-7,5.13664601148532e-7
13.07,0.173,0.005520591696647901,5.055063398017889e-7,5.055063532609017e-7,5.13664601148532e-7
13.07,0.173,0.009068395006973916,5.019897275168731e-7,5.019897431845069e-7,5.13664601148532e-7
13.07,0.173,0.01489619093772919,4.968689381379431e-7,4.9686895149857e-7,5.13664601148532e-7
13.07,0.173,0.024469214704767362,4.893302431794047e-7,4.893302707497451e-7,5.13664601148532e-7
13.07,0.173,0.04019433362333615,4.780956591477231e-7,4.78095670392332e-7,5.13664601148532e-7
13.07,0.173,0.06602518613354949,4.6116972639225503e-7,4.6116978303251336e-7,5.13664601148532e-7
13.07,0.173,0.1084562128786955,4.355506137405361e-7,4.355506372536434e-7,5.13664601148532e-7
13.07,0.173,0.17815550096589414,3.971397174165038e-7,3.971398015102748e-7,5.13664601148532e-7
13.07,0.173,0.292646974128703,3.415120262393376e-7,3.4151209815768024e-7,5.13664601148532e-7
13.07,0.173,0.480716289995901,2.66711256688146e-7,2.667112970552898e-7,5.13664601148532e-7
13.07,0.173,0.789648183294706,1.7851617888653848e-7,1.7851621268686644e-7,5.13664601148532e-7
13.07,0.173,1.297114881182717,9.411300333321652e-8,9.411299847789466e-8,5.13664601148532e-7
13.07,0.173,2.1307045980472066,3.448741447368597e-8,3.448733583194211e-8,5.13664601148532e-7
13.07,0.173,3.5000000000000004,5.862329387666545e-9,5.862327477456747e-9,5.13664601148532e-7
13.07,0.173,3.8,3.0092574492165355e-9,3.009243339846392e-9,5.13664601148532e-7
13.07,0.173,3.98,8.442637733753366e-10,8.442623261973704e-10,5.13664601148532e-7
13.07,0.173,3.9998,8.334267714227403e-11,8.334257195820267e-11,5.13664601148532e-7
13.07,0.61,1.0000000000000001e-7,1.71400476571299e-7,1.7140047825129032e-7,1.7140190211678377e-7
13.07,0.61,1.6426491045299075e-7,1.7139988438890167e-7,1.713998860688158e-7,1.7140190211678377e-7
13.07,0.61,2.698296080612907e-7,1.713990462087948e-7,1.713990478893483e-7,1.7140190211678377e-7
13.07,0.61,4.432353640575351e-7,1.7139785984053284e-7,1.7139786152035212e-7,1.7140190211678377e-7
13.07,0.61,7.280801738650976e-7,1.713961806413809e-7,1.7139618232273322e-7,1.7140190211678377e-7
13.07,0.61,1.1959802456254818e-6,1.7139380387915893e-7,1.7139380555938248e-7,1.7140190211678377e-7
13.07,0.61,1.9645758795121526e-6,1.7139043976563775e-7,1.713904414479123e-7,1.7140190211678377e-7
13.07,0.61,3.227108809261693e-6,1.713856781120603e-7,1.713856797942913e-7,1.7140190211678377e-7
13.07,0.61,5.301007395754297e-6,1.7137893828718798e-7,1.713789399697371e-7,1.7140190211678377e-7
13.07,0.61,8.707695051742211e-6,1.7136939835278689e-7,1.7136940004033722e-7,1.7140190211678377e-7
13.07,0.61,1.4303687479263852e-5,1.7135589468170432e-7,1.7135589636287011e-7,1.7140190211678377e-7
13.07,0.61,2.3495939429288417e-5,1.7133677969395807e-7,1.713367813920227e-7,1.7140190211678377e-7
13.07,0.61,3.8595583863609565e-5,1.713097200785699e-7,1.7130972175994307e-7,1.7140190211678377e-7
13.07,0.61,6.33990012723672e-5,1.7127141024720713e-7,1.7127141196097755e-7,1.7140190211678377e-7
13.07,0.61,0.00010414231266814445,1.7121716460668492e-7,1.712171663040255e-7,1.7140190211678377e-7
13.07,0.61,0.00017106927664800093,1.7114033561766106e-7,1.7114033734589873e-7,1.7140190211678377e-7
13.07,0.61,0.00028100679409841776,1.710314792668552e-7,1.7103148102150568e-7,1.7140190211678377e-7
13.07,0.61,0.00046159555869258604,1.7087714976565914e-7,1.7087715148965317e-7,1.7140190211678377e-7
13.07,0.61,0.0007582395311413588,1.7065814049335762e-7,1.706581423940743e-7,1.7140190211678377e-7
13.07,0.61,0.00124552148684853,1.7034687884550677e-7,1.7034688053830527e-7,1.7140190211678377e-7
13.07,0.61,0.002045954755044497,1.699034921188596e-7,1.699034943407986e-7,1.7140190211678377e-7
13.07,0.61,0.0033607857462825456,1.692697228393592e-7,1.6926972464232095e-7,1.7140190211678377e-7
13.07,0.61,0.005520591696647901,1.683592690784863e-7,1.6835927192480286e-7,1.7140190211678377e-7
13.07,0.61,0.009068395006973916,1.670420819173574e-7,1.6704208469778416e-7,1.7140190211678377e-7
13.07,0.61,0.01489619093772919,1.6511848162311987e-7,1.651184852979026e-7,1.7140190211678377e-7
13.07,0.61,0.024469214704767362,1.6227675418235912e-7,1.6227676134019823e-7,1.7140190211678377e-7
13.07,0.61,0.04019433362333615,1.5802659189988652e-7,1.580265952691621e-7,1.7140190211678377e-7
13.07,0.61,0.06602518613354949,1.5160605072574988e-7,1.5160607091932478e-7,1.7140190211678377e-7
13.07,0.61,0.1084562128786955,1.4188791464111014e-7,1.418879172965909e-7,1.7140190211678377e-7
13.07,0.61,0.17815550096589414,1.2739629618620135e-7,1.2739633452185232e-7,1.7140190211678377e-7
13.07,0.61,0.292646974128703,1.0671669597843791e-7,1.0671671061203114e-7,1.7140190211678377e-7
13.07,0.61,0.480716289995901,7.972434173410774e-8,7.972436805317391e-8,1.7140190211678377e-7
13.07,0.61,0.789648183294706,4.9546645407817727e-8,4.954665848611584e-8,1.7140190211678377e-7
13.07,0.61,1.297114881182717,2.3140770180469728e-8,2.314076469696361e-8,1.7140190211678377e-7
13.07,0.61,2.1307045980472066,7.018290072422924e-9,7.018269187755773e-9,1.7140190211678377e-7
13.07,0.61,3.5000000000000004,9.158474473996423e-10,9.158471007737394e-10,1.7140190211678377e-7
13.07,0.61,3.8,4.4806825187010466e-10,4.48064471369801e-10,1.7140190211678377e-7
13.07,0.61,3.98,1.2236530986719634e-10,1.223651563219088e-10,1.7140190211678377e-7
13.07,0.61,3.9998,1.2044753882614142e-11,1.2044745424247319e-11,1.7140190211678377e-7
13.07,1.73,1.0000000000000001e-7,4.163475934516629e-8,4.163476009492411e-8,4.1635171843756875e-8
13.07,1.73,1.6426491045299075e-7,4.163458799007324e-8,4.16345887500545e-8,4.1635171843756875e-8
13.07,1.73,2.698296080612907e-7,4.1634345452517474e-8,4.163434621224733e-8,4.1635171843756875e-8
13.07,1.73,4.432353640575351e-7,4.163400216234561e-8,4.163400292235269e-8,4.1635171843756875e-8
13.07,1.73,7.280801738650976e-7,4.1633516265154656e-8,4.1633517024848005e-8,4.1635171843756875e-8
13.07,1.73,1.1959802456254818e-6,4.163282851854188e-8,4.163282927883258e-8,4.1635171843756875e-8
13.07,1.73,1.9645758795121526e-6,4.163185506719167e-8,4.16318558270772e-8,4.1635171843756875e-8
13.07,1.73,3.227108809261693e-6,4.1630477214310366e-8,4.163047797487253e-8,4.1635171843756875e-8
13.07,1.73,5.301007395754297e-6,4.162852693858534e-8,4.162852769930995e-8,4.1635171843756875e-8
13.07,1.73,8.707695051742211e-6,4.16257663822498e-8,4.1625767142729234e-8,4.1635171843756875e-8
13.07,1.73,1.4303687479263852e-5,4.1621858789610024e-8,4.162185955244234e-8,4.1635171843756875e-8
13.07,1.73,2.3495939429288417e-5,4.161632730753476e-8,4.1616328067262985e-8,4.1635171843756875e-8
13.07,1.73,3.8595583863609565e-5,4.16084965216332e-8,4.160849728842028e-8,4.1635171843756875e-8
13.07,1.73,6.33990012723672e-5,4.159740936608544e-8,4.159741012617958e-8,4.1635171843756875e-8
13.07,1.73,0.00010414231266814445,4.158170874840032e-8,4.1581709520629176e-8,4.1635171843756875e-8
13.07,1.73,0.00017106927664800093,4.155946827153453e-8,4.1559469038810086e-8,4.1635171843756875e-8
13.07,1.73,0.00028100679409841776,4.1527948775898706e-8,4.15279495519222e-8,4.1635171843756875e-8
13.07,1.73,0.00046159555869258604,4.148324519706149e-8,4.148324598911595e-8,4.1635171843756875e-8
13.07,1.73,0.0007582395311413588,4.1419767993375754e-8,4.1419768763988145e-8,4.1635171843756875e-8
13.07,1.73,0.00124552148684853,4.1329468681966484e-8,4.132946953879638e-8,4.1635171843756875e-8
13.07,1.73,0.002045954755044497,4.12006578091549e-8,4.1200658565098695e-8,4.1635171843756875e-8
13.07,1.73,0.0033607857462825456,4.1016154344064265e-8,4.1016155352293465e-8,4.1635171843756875e-8
13.07,1.73,0.005520591696647901,4.075031210478604e-8,4.0750312932181415e-8,4.1635171843756875e-8
13.07,1.73,0.009068395006973916,4.0364142028034186e-8,4.036414333663285e-8,4.1635171843756875e-8
13.07,1.73,0.01489619093772919,3.9797256181095443e-8,3.979725758458484e-8,4.1635171843756875e-8
13.07,1.73,0.024469214704767362,3.895481750566716e-8,3.895481912026675e-8,4.1635171843756875e-8
13.07,1.73,0.04019433362333615,3.768778174687603e-8,3.7687785532946256e-8,4.1635171843756875e-8
13.07,1.73,0.06602518613354949,3.5767826226560505e-8,3.5767827365432414e-8,4.1635171843756875e-8
13.07,1.73,0.1084562128786955,3.28704976366296e-8,3.2870506946228425e-8,4.1635171843756875e-8
13.07,1.73,0.17815550096589414,2.8611545316305186e-8,2.8611546448753353e-8,4.1635171843756875e-8
13.07,1.73,0.292646974128703,2.273226807256096e-8,2.273228034454214e-8,4.1635171843756875e-8
13.07,1.73,0.480716289995901,1.552611032228759e-8,1.5526114707697374e-8,4.1635171843756875e-8
13.07,1.73,0.789648183294706,8.302708862987974e-9,8.302711629311599e-9,4.1635171843756875e-8
13.07,1.73,1.297114881182717,3.027263104353285e-9,3.0272626021873875e-9,4.1635171843756875e-8
13.07,1.73,2.1307045980472066,6.188644172699812e-10,6.188631566091786e-10,4.1635171843756875e-8
13.07,1.73,3.5000000000000004,4.58896678896394e-11,4.5888539713577565e-11,4.1635171843756875e-8
13.07,1.73,3.8,2.027522734369e-11,2.027513210471283e-11,4.1635171843756875e-8
13.07,1.73,3.98,5.233323641875067e-12,5.233202951713726e-12,4.1635171843756875e-8
13.07,1.73,3.9998,5.120590666353071e-13,5.120469037743159e-13,4.1635171843756875e-8
13.07,4.71,1.0000000000000001e-7,8.350858605429755e-9,8.350779531299833e-9,8.35097201179154e-9
13.07,4.71,1.6426491045299075e-7,8.350823982135814e-9,8.350744905169958e-9,8.35097201179154e-9
13.07,4.71,2.698296080612907e-7,8.350762489359657e-9,8.350683415472686e-9,8.35097201179154e-9
13.07,4.71,4.432353640575351e-7,8.35067545177213e-9,8.350596378191e-9,8.35097201179154e-9
13.07,4.71,7.280801738650976e-7,8.350552257513083e-9,8.35047318416912e-9,8.35097201179154e-9
13.07,4.71,1.1959802456254818e-6,8.35037788600153e-9,8.350298813249916e-9,8.35097201179154e-9
13.07,4.71,1.9645758795121526e-6,8.350131075894522e-9,8.350052003690301e-9,8.35097201179154e-9
13.07,4.71,3.227108809261693e-6,8.349781731184615e-9,8.34970266001575e-9,8.35097201179154e-9
13.07,4.71,5.301007395754297e-6,8.349287247890311e-9,8.34920817807267e-9,8.35097201179154e-9
13.07,4.71,8.707695051742211e-6,8.348587310511004e-9,8.34850824235337e-9,8.35097201179154e-9
13.07,4.71,1.4303687479263852e-5,8.347596517012872e-9,8.34751745204626e-9,8.35097201179154e-9
13.07,4.71,2.3495939429288417e-5,8.346193917633858e-9,8.346114855376067e-9,8.35097201179154e-9
13.07,4.71,3.8595583863609565e-5,8.344208156749775e-9,8.34412910131455e-9,8.35097201179154e-9
13.07,4.71,6.33990012723672e-5,8.341396326402292e-9,8.341317276392514e-9,8.35097201179154e-9
13.07,4.71,0.00010414231266814445,8.33741377363258e-9,8.337334736243294e-9,8.35097201179154e-9
13.07,4.71,0.00017106927664800093,8.331770779197324e-9,8.331691754551998e-9,8.35097201179154e-9
13.07,4.71,0.00028100679409841776,8.323769937097863e-9,8.323690932305335e-9,8.35097201179154e-9
13.07,4.71,0.00046159555869258604,8.312414652820045e-9,8.312335677830223e-9,8.35097201179154e-9
13.07,4.71,0.0007582395311413588,8.296273396760378e-9,8.29619444603733e-9,8.35097201179154e-9
13.07,4.71,0.00124552148684853,8.273274238116017e-9,8.27319534928867e-9,8.35097201179154e-9
13.07,4.71,0.002045954755044497,8.240386153301176e-9,8.240307274829266e-9,8.35097201179154e-9
13.07,4.71,0.0033607857462825456,8.193111448652914e-9,8.193032661986845e-9,8.35097201179154e-9
13.07,4.71,0.005520591696647901,8.124657969324566e-9,8.124579111188882e-9,8.35097201179154e-9
13.07,4.71,0.009068395006973916,8.024570860516869e-9,8.024491966015214e-9,8.35097201179154e-9
13.07,4.71,0.01489619093772919,7.876487820460892e-9,7.876408549419084e-9,8.35097201179154e-9
13.07,4.71,0.024469214704767362,7.65461947095369e-9,7.654539230550296e-9,8.35097201179154e-9
13.07,4.71,0.04019433362333615,7.318865542919431e-9,7.318784139965031e-9,8.35097201179154e-9
13.07,4.71,0.06602518613354949,6.810068099780041e-9,6.809982800247928e-9,8.35097201179154e-9
13.07,4.71,0.1084562128786955,6.051678530064964e-9,6.0515915082444395e-9,8.35097201179154e-9
13.07,4.71,0.17815550096589414,4.973840156574394e-9,4.973748129899431e-9,8.35097201179154e-9
13.07,4.71,0.292646974128703,3.5837141787021936e-9,3.583627805985495e-9,8.35097201179154e-9
13.07,4.71,0.480716289995901,2.0745755595510454e-9,2.0745034266810904e-9,8.35097201179154e-9
13.07,4.71,0.789648183294706,8.408849281882414e-10,8.408415811429245e-10,8.35097201179154e-9
13.07,4.71,1.297114881182717,1.936837019850839e-10,1.9366834878603398e-10,8.35097201179154e-9
13.07,4.71,2.1307045980472066,1.874998047252613e-11,1.874762069542722e-11,8.35097201179154e-9
13.07,4.71,3.5000000000000004,4.5351538760932747e-13,4.5339463570311794e-13,8.35097201179154e-9
13.07,4.71,3.8,1.6366385444232396e-13,1.6363765242144765e-13,8.35097201179154e-9
13.07,4.71,3.98,3.7865028488775686e-14,3.7855968813205395e-14,8.35097201179154e-9
13.07,4.71,3.9998,3.662811923805237e-15,3.661916268883111e-15,8.35097201179154e-9
13.61,0.00113,1.0000000000000001e-7,4.59858106579033e-6,4.598581518426274e-6,4.5986397925966e-6
13.61,0.00113,1.6426491045299075e-7,4.598556670204268e-6,4.5985571230665555e-6,4.5986397925966e-6
13.61,0.00113,2.698296080612907e-7,4.598522140446096e-6,4.598522593619986e-6,4.5986397925966e-6
13.61,0.00113,4.432353640575351e-7,4.598473266612737e-6,4.5984737202649355e-6,4.5986397925966e-6
13.61,0.00113,7.280801738650976e-7,4.59840408985101e-6,4.598404544096469e-6,4.5986397925966e-6
13.61,0.00113,1.1959802456254818e-6,4.598306175665401e-6,4.598306630895273e-6,4.5986397925966e-6
13.61,0.00113,1.9645758795121526e-6,4.598167585135801e-6,4.598168041554327e-6,4.5986397925966e-6
13.61,0.00113,3.227108809261693e-6,4.597971418272476e-6,4.597971876629564e-6,4.5986397925966e-6
13.61,0.00113,5.301007395754297e-6,4.59769375112308e-6,4.597694211972943e-6,4.5986397925966e-6
13.61,0.00113,8.707695051742211e-6,4.597300713308772e-6,4.597301177842457e-6,4.5986397925966e-6
13.61,0.00113,1.4303687479263852e-5,4.596744345531499e-6,4.5967448153662875e-6,4.5986397925966e-6
13.61,0.00113,2.3495939429288417e-5,4.595956722540217e-6,4.595957199320089e-6,4.5986397925966e-6
13.61,0.00113,3.8595583863609565e-5,4.594841603559716e-6,4.5948420914831975e-6,4.5986397925966e-6
13.61,0.00113,6.33990012723672e-5,4.593262543715798e-6,4.593263045151678e-6,4.5986397925966e-6
13.61,0.00113,0.00010414231266814445,4.5910259081336365e-6,4.591026432295247e-6,4.5986397925966e-6
13.61,0.00113,0.00017106927664800093,4.587856475098627e-6,4.58785702725982e-6,4.5986397925966e-6
13.61,0.00113,0.00028100679409841776,4.583362117666549e-6,4.583362714578809e-6,4.5986397925966e-6
13.61,0.00113,0.00046159555869258604,4.576982086760263e-6,4.576982744635217e-6,4.5986397925966e-6
13.61,0.00113,0.0007582395311413588,4.567910071008517e-6,4.567910816400498e-6,4.5986397925966e-6
13.61,0.00113,0.00124552148684853,4.5549773390040984e-6,4.554978222703082e-6,4.5986397925966e-6
13.61,0.00113,0.002045954755044497,4.536470814037519e-6,4.5364718758592915e-6,4.5986397925966e-6
13.61,0.00113,0.0033607857462825456,4.509842408129799e-6,4.509843798725194e-6,4.5986397925966e-6
13.61,0.00113,0.005520591696647901,4.47123436436542e-6,4.471236163072424e-6,4.5986397925966e-6
13.61,0.00113,0.009068395006973916,4.414696587400894e-6,4.414699195991913e-6,4.5986397925966e-6
13.61,0.00113,0.01489619093772919,4.330913951391167e-6,4.330917655612647e-6,4.5986397925966e-6
13.61,0.00113,0.024469214704767362,4.205251638546353e-6,4.205257304211712e-6,4.5986397925966e-6
13.61,0.00113,0.04019433362333615,4.015169075597924e-6,4.015177818831701e-6,4.5986397925966e-6
13.61,0.00113,0.06602518613354949,3.728087553679698e-6,3.7281004256590625e-6,4.5986397925966e-6
13.61,0.00113,0.1084562128786955,3.3036044493035524e-6,3.303624005717321e-6,4.5986397925966e-6
13.61,0.00113,0.17815550096589414,2.708867044436467e-6,2.7088917800805027e-6,4.5986397925966e-6
13.61,0.00113,0.292646974128703,1.9573434942087554e-6,1.9573727248534795e-6,4.5986397925966e-6
13.61,0.00113,0.480716289995901,1.1588067600885429e-6,1.158832232258435e-6,4.5986397925966e-6
13.61,0.00113,0.789648183294706,5.087171074698815e-7,5.0873268145331e-7,4.5986397925966e-6
13.61,0.00113,1.297114881182717,1.4661990474534558e-7,1.4662554357693896e-7,4.5986397925966e-6
13.61,0.00113,2.1307045980472066,2.434279255457242e-8,2.434370656904104e-8,4.5986397925966e-6
13.61,0.00113,3.5000000000000004,1.7014914941677527e-9,1.7015036811370557e-9,4.5986397925966e-6
13.61,0.00113,3.8,7.605421296715997e-10,7.605490095075056e-10,4.5986397925966e-6
13.61,0.00113,3.98,1.9806158136203125e-10,1.9806133131862264e-10,4.5986397925966e-6
13.61,0.00113,3.9998,1.9399736389994393e-11,1.939969705417089e-11,4.5986397925966e-6
13.61,0.0037,1.0000000000000001e-7,4.549891491681817e-6,4.549891560479902e-6,4.549949648929623e-6
13.61,0.0037,1.6426491045299075e-7,4.549867332694846e-6,4.549867401511312e-6,4.549949648929623e-6
13.61,0.0037,2.698296080612907e-7,4.549833137821331e-6,4.549833206616782e-6,4.549949648929623e-6
13.61,0.0037,4.432353640575351e-7,4.549784737987546e-6,4.549784806827336e-6,4.549949648929623e-6
13.61,0.0037,7.280801738650976e-7,4.54971623213155e-6,4.549716300938625e-6,4.549949648929623e-6
13.61,0.0037,1.1959802456254818e-6,4.549619267558491e-6,4.549619336425538e-6,4.549949648929623e-6
13.61,0.0037,1.9645758795121526e-6,4.549482021135318e-6,4.549482090000378e-6,4.549949648929623e-6
13.61,0.0037,3.227108809261693e-6,4.549287756771565e-6,4.549287825647798e-6,4.549949648929623e-6
13.61,0.0037,5.301007395754297e-6,4.549012782530062e-6,4.549012851549324e-6,4.549949648929623e-6
13.61,0.0037,8.707695051742211e-6,4.548623556499129e-6,4.548623625337245e-6,4.549949648929623e-6
13.61,0.0037,1.4303687479263852e-5,4.5480725844590345e-6,4.548072653784423e-6,4.549949648929623e-6
13.61,0.0037,2.3495939429288417e-5,4.54729259980854e-6,4.547292668653056e-6,4.549949648929623e-6
13.61,0.0037,3.8595583863609565e-5,4.546188294885892e-6,4.546188364673023e-6,4.549949648929623e-6
13.61,0.0037,6.33990012723672e-5,4.544624547501095e-6,4.544624616808116e-6,4.549949648929623e-6
13.61,0.0037,0.00010414231266814445,4.5424095993361515e-6,4.542409669562857e-6,4.549949648929623e-6
13.61,0.0037,0.00017106927664800093,4.5392708947468725e-6,4.539270965727233e-6,4.549949648929623e-6
13.61,0.0037,0.00028100679409841776,4.534820102760026e-6,4.5348201729100125e-6,4.549949648929623e-6
13.61,0.0037,0.00046159555869258604,4.528501897048103e-6,4.528501972357583e-6,4.549949648929623e-6
13.61,0.0037,0.0007582395311413588,4.519517751843325e-6,4.519517821161031e-6,4.549949648929623e-6
13.61,0.0037,0.00124552148684853,4.5067101961160364e-6,4.506710281197477e-6,4.549949648929623e-6
13.61,0.0037,0.002045954755044497,4.4883826085678175e-6,4.488382681342511e-6,4.549949648929623e-6
13.61,0.0037,0.0033607857462825456,4.462011283108671e-6,4.46201138789769e-6,4.549949648929623e-6
13.61,0.0037,0.005520591696647901,4.423775210691754e-6,4.423775313806298e-6,4.549949648929623e-6
13.61,0.0037,0.009068395006973916,4.367780722482163e-6,4.36778085509927e-6,4.549949648929623e-6
13.61,0.0037,0.01489619093772919,4.284800757154376e-6,4.2848009959548445e-6,4.549949648929623e-6
13.61,0.0037,0.024469214704767362,4.16033890817802e-6,4.160339037689298e-6,4.549949648929623e-6
13.61,0.0037,0.04019433362333615,3.972069332773197e-6,3.972069964848599e-6,4.549949648929623e-6
13.61,0.0037,0.06602518613354949,3.6877300104120795e-6,3.6877301278057405e-6,4.549949648929623e-6
13.61,0.0037,0.1084562128786955,3.267330722971271e-6,3.267331852948618e-6,4.549949648929623e-6
13.61,0.0037,0.17815550096589414,2.678409873658651e-6,2.6784103132329697e-6,4.549949648929623e-6
13.61,0.0037,0.292646974128703,1.934463729620663e-6,1.9344644446839427e-6,4.549949648929623e-6
13.61,0.0037,0.480716289995901,1.1443981447615288e-6,1.1443984892438234e-6,4.549949648929623e-6
13.61,0.0037,0.789648183294706,5.017699764795827e-7,5.017699180053456e-7,4.549949648929623e-6
13.61,0.0037,1.297114881182717,1.44331891861814e-7,1.4433164632674906e-7,4.549949648929623e-6
13.61,0.0037,2.1307045980472066,2.3891133068480084e-8,2.3891124122802508e-8,4.549949648929623e-6
13.61,0.0037,3.5000000000000004,1.6632969927261057e-9,1.6632765510729285e-9,4.549949648929623e-6
13.61,0.0037,3.8,7.429719224794196e-10,7.429719129947875e-10,4.549949648929623e-6
13.61,0.0037,3.98,1.9341565343105985e-10,1.9341504574355474e-10,4.549949648929623e-6
13.61,0.0037,3.9998,1.8943953938494836e-11,1.8943884758882824e-11,4.549949648929623e-6
13.61,0.0127,1.0000000000000001e-7,4.3847951315694435e-6,4.384795194189661e-6,4.384851354032665e-6
13.61,0.0127,1.6426491045299075e-7,4.384771776307296e-6,4.38477183891702e-6,4.384851354032665e-6
13.61,0.0127,2.698296080612907e-7,4.38473871903373e-6,4.384738781671707e-6,4.384851354032665e-6
13.61,0.0127,4.432353640575351e-7,4.384691929371931e-6,4.384691991980469e-6,4.384851354032665e-6
13.61,0.0127,7.280801738650976e-7,4.384625702576273e-6,4.384625765240781e-6,4.384851354032665e-6
13.61,0.0127,1.1959802456254818e-6,4.384531963827984e-6,4.38453202646031e-6,4.384851354032665e-6
13.61,0.0127,1.9645758795121526e-6,4.384399283321648e-6,4.384399346009556e-6,4.384851354032665e-6
13.61,0.0127,3.227108809261693e-6,4.384211481731277e-6,4.384211544452025e-6,4.384851354032665e-6
13.61,0.0127,5.301007395754297e-6,4.3839456552735414e-6,4.3839457179503636e-6,4.384851354032665e-6
13.61,0.0127,8.707695051742211e-6,4.383569377837811e-6,4.383569440768612e-6,4.384851354032665e-6
13.61,0.0127,1.4303687479263852e-5,4.383036735073845e-6,4.383036797689448e-6,4.384851354032665e-6
13.61,0.0127,2.3495939429288417e-5,4.382282697814131e-6,4.3822827611233034e-6,4.384851354032665e-6
13.61,0.0127,3.8595583863609565e-5,4.381215128189629e-6,4.381215190903907e-6,4.384851354032665e-6
13.61,0.0127,6.33990012723672e-5,4.379703397190649e-6,4.379703460994269e-6,4.384851354032665e-6
13.61,0.0127,0.00010414231266814445,4.377562121223651e-6,4.377562184739789e-6,4.384851354032665e-6
13.61,0.0127,0.00017106927664800093,4.374527801438223e-6,4.3745278655348e-6,4.384851354032665e-6
13.61,0.0127,0.00028100679409841776,4.37022500213771e-6,4.370225068169506e-6,4.384851354032665e-6
13.61,0.0127,0.00046159555869258604,4.364116818912521e-6,4.364116882447582e-6,4.384851354032665e-6
13.61,0.0127,0.0007582395311413588,4.355431175576346e-6,4.3554312478255e-6,4.384851354032665e-6
13.61,0.0127,0.00124552148684853,4.343048856766385e-6,4.3430489195002186e-6,4.384851354032665e-6
13.61,0.0127,0.002045954755044497,4.325329149220027e-6,4.325329235216067e-6,4.384851354032665e-6
13.61,0.0127,0.0033607857462825456,4.299831191131471e-6,4.299831262836219e-6,4.384851354032665e-6
13.61,0.0127,0.005520591696647901,4.262858844864196e-6,4.26285895629323e-6,4.384851354032665e-6
13.61,0.0127,0.009068395006973916,4.208710198676333e-6,4.208710328911266e-6,4.384851354032665e-6
13.61,0.0127,0.01489619093772919,4.1284574863090684e-6,4.128457619269904e-6,4.384851354032665e-6
13.61,0.0127,0.024469214704767362,4.008074713461771e-6,4.008075070121524e-6,4.384851354032665e-6
13.61,0.0127,0.04019433362333615,3.8259657713933984e-6,3.825965860421121e-6,4.384851354032665e-6
13.61,0.0127,0.06602518613354949,3.5509445595026418e-6,3.55094541284271e-6,4.384851354032665e-6
13.61,0.0127,0.1084562128786955,3.144420954921641e-6,3.144421101706551e-6,4.384851354032665e-6
13.61,0.0127,0.17815550096589414,2.575258234042207e-6,2.5752592839116623e-6,4.384851354032665e-6
13.61,0.0127,0.292646974128703,1.8570386432211201e-6,1.8570390955885755e-6,4.384851354032665e-6
13.61,0.0127,0.480716289995901,1.0957076440394583e-6,1.0957078455400228e-6,4.384851354032665e-6
13.61,0.0127,0.789648183294706,4.783490925046627e-7,4.783490439818224e-7,4.384851354032665e-6
13.61,0.0127,1.297114881182717,1.3664809638810824e-7,1.366480452688175e-7,4.384851354032665e-6
13.61,0.0127,2.1307045980472066,2.2383422182602494e-8,2.2383284136326734e-8,4.384851354032665e-6
13.61,0.0127,3.5000000000000004,1.5368274500364302e-9,1.536827138168482e-9,4.384851354032665e-6
13.61,0.0127,3.8,6.848742428614327e-10,6.848672888563746e-10,4.384851354032665e-6
13.61,0.0127,3.98,1.7806507381992495e-10,1.780643871531569e-10,4.384851354032665e-6
13.61,0.0127,3.9998,1.7438126705923826e-11,1.7438077915085582e-11,4.384851354032665e-6
13.61,0.047,1.0000000000000001e-7,3.825359098987263e-6,3.825359166898545e-6,3.825408722087095e-6
13.61,0.047,1.6426491045299075e-7,3.825338485152928e-6,3.825338553068279e-6,3.825408722087095e-6
13.61,0.047,2.698296080612907e-7,3.825309308123048e-6,3.8253093760496105e-6,3.825408722087095e-6
13.61,0.047,4.432353640575351e-7,3.8252680106026955e-6,3.825268078514153e-6,3.825408722087095e-6
13.61,0.047,7.280801738650976e-7,3.8252095574624614e-6,3.825209625421247e-6,3.825408722087095e-6
13.61,0.047,1.1959802456254818e-6,3.825126821692639e-6,3.8251268895989315e-6,3.825408722087095e-6
13.61,0.047,1.9645758795121526e-6,3.825009715091642e-6,3.825009783101722e-6,3.825408722087095e-6
13.61,0.047,3.227108809261693e-6,3.824843957406339e-6,3.8248440253469135e-6,3.825408722087095e-6
13.61,0.047,5.301007395754297e-6,3.824609333176889e-6,3.824609401239725e-6,3.825408722087095e-6
13.61,0.047,8.707695051742211e-6,3.824277222198099e-6,3.824277290286183e-6,3.825408722087095e-6
13.61,0.047,1.4303687479263852e-5,3.823807098938211e-6,3.8238071669994376e-6,3.825408722087095e-6
13.61,0.047,2.3495939429288417e-5,3.8231415659831035e-6,3.823141634444893e-6,3.825408722087095e-6
13.61,0.047,3.8595583863609565e-5,3.822199297510103e-6,3.822199365461191e-6,3.825408722087095e-6
13.61,0.047,6.33990012723672e-5,3.82086499074504e-6,3.820865059926758e-6,3.825408722087095e-6
13.61,0.047,0.00010414231266814445,3.818975006641691e-6,3.818975074675617e-6,3.825408722087095e-6
13.61,0.047,0.00017106927664800093,3.816296740403966e-6,3.81629681065058e-6,3.825408722087095e-6
13.61,0.047,0.00028100679409841776,3.8124987458226358e-6,3.8124988151920422e-6,3.825408722087095e-6
13.61,0.047,0.00046159555869258604,3.8071069648731523e-6,3.807107036111557e-6,3.825408722087095e-6
13.61,0.047,0.0007582395311413588,3.7994395625894787e-6,3.7994396368963872e-6,3.825408722087095e-6
13.61,0.047,0.00124552148684853,3.7885078628144694e-6,3.788507933677813e-6,3.825408722087095e-6
13.61,0.047,0.002045954755044497,3.772861962446128e-6,3.7728620514062954e-6,3.825408722087095e-6
13.61,0.047,0.0033607857462825456,3.750343811298607e-6,3.7503438800158135e-6,3.825408722087095e-6
13.61,0.047,0.005520591696647901,3.7176836809463582e-6,3.717683809034663e-6,3.825408722087095e-6
13.61,0.047,0.009068395006973916,3.6698346726273837e-6,3.6698347599897275e-6,3.825408722087095e-6
13.61,0.047,0.01489619093772919,3.598891622986906e-6,3.598891832123383e-6,3.825408722087095e-6
13.61,0.047,0.024469214704767362,3.4924359081280147e-6,3.4924361361626774e-6,3.825408722087095e-6
13.61,0.047,0.04019433362333615,3.331364112335989e-6,3.3313643905023958e-6,3.825408722087095e-6
13.61,0.047,0.06602518613354949,3.0881615694471285e-6,3.0881622494132954e-6,3.825408722087095e-6
13.61,0.047,0.1084562128786955,2.729003199929288e-6,2.729003366653963e-6,3.825408722087095e-6
13.61,0.047,0.17815550096589414,2.227224562159499e-6,2.227225666131856e-6,3.825408722087095e-6
13.61,0.047,0.292646974128703,1.596583418710014e-6,1.5965835459575115e-6,3.825408722087095e-6
13.61,0.047,0.480716289995901,9.327451585748657e-7,9.327454824244775e-7,3.825408722087095e-6
13.61,0.047,0.789648183294706,4.0063000120336754e-7,4.0063002152177164e-7,3.825408722087095e-6
13.61,0.047,1.297114881182717,1.1150611842385921e-7,1.1150596432243251e-7,3.825408722087095e-6
13.61,0.047,2.1307045980472066,1.75564820319213e-8,1.755640568265899e-8,3.825408722087095e-6
13.61,0.047,3.5000000000000004,1.1436523794148943e-9,1.143649623676368e-9,3.825408722087095e-6
13.61,0.047,3.8,5.051610729481542e-10,5.051559214022582e-10,3.825408722087095e-6
13.61,0.047,3.98,1.307110699320168e-10,1.3071109778122304e-10,3.825408722087095e-6
13.61,0.047,3.9998,1.279423889273244e-11,1.2794250641877976e-11,3.825408722087095e-6
13.61,0.173,1.0000000000000001e-7,2.444048833314596e-6,2.4440488516001255e-6,2.444081808172228e-6
13.61,0.173,1.6426491045299075e-7,2.444035135292253e-6,2.4440351535703773e-6,2.444081808172228e-6
13.61,0.173,2.698296080612907e-7,2.444015746970641e-6,2.4440157652621534e-6,2.444081808172228e-6
13.61,0.173,4.432353640575351e-7,2.4439883045013755e-6,2.443988322789721e-6,2.444081808172228e-6
13.61,0.173,7.280801738650976e-7,2.4439494620007395e-6,2.443949480295057e-6,2.444081808172228e-6
13.61,0.173,1.1959802456254818e-6,2.443894483505645e-6,2.4438945018232757e-6,2.444081808172228e-6
13.61,0.173,1.9645758795121526e-6,2.44381666529503e-6,2.443816683581653e-6,2.444081808172228e-6
13.61,0.173,3.227108809261693e-6,2.443706517939932e-6,2.443706536318214e-6,2.444081808172228e-6
13.61,0.173,5.301007395754297e-6,2.4435506078832557e-6,2.4435506261627316e-6,2.444081808172228e-6
13.61,0.173,8.707695051742211e-6,2.443329916226285e-6,2.4433299346993874e-6,2.444081808172228e-6
13.61,0.173,1.4303687479263852e-5,2.4430175121370895e-6,2.443017530488465e-6,2.444081808172228e-6
13.61,0.173,2.3495939429288417e-5,2.4425752515556043e-6,2.4425752701232285e-6,2.444081808172228e-6
13.61,0.173,3.8595583863609565e-5,2.441949085846798e-6,2.441949104489735e-6,2.444081808172228e-6
13.61,0.173,6.33990012723672e-5,2.4410623794194086e-6,2.441062397976954e-6,2.444081808172228e-6
13.61,0.173,0.00010414231266814445,2.4398063565010057e-6,2.439806375883319e-6,2.444081808172228e-6
13.61,0.173,0.00017106927664800093,2.438026367376478e-6,2.4380263857289054e-6,2.444081808172228e-6
13.61,0.173,0.00028100679409841776,2.4355019798130893e-6,2.4355020006870478e-6,2.444081808172228e-6
13.61,0.173,0.00046159555869258604,2.4319177709733936e-6,2.431917789585404e-6,2.444081808172228e-6
13.61,0.173,0.0007582395311413588,2.4268197612975523e-6,2.4268197846766734e-6,2.444081808172228e-6
13.61,0.173,0.00124552148684853,2.419549029471525e-6,2.419549051389871e-6,2.444081808172228e-6
13.61,0.173,0.002045954755044497,2.409137979392412e-6,2.409138005851894e-6,2.444081808172228e-6
13.61,0.173,0.0033607857462825456,2.3941440027938205e-6,2.3941440391017637e-6,2.444081808172228e-6
13.61,0.173,0.005520591696647901,2.3723771335650077e-6,2.3723771598417083e-6,2.444081808172228e-6
13.61,0.173,0.009068395006973916,2.3404507991545532e-6,2.3404508853008495e-6,2.444081808172228e-6
13.61,0.173,0.01489619093772919,2.293054034232048e-6,2.2930540541030497e-6,2.444081808172228e-6
13.61,0.173,0.024469214704767362,2.2218466943042977e-6,2.2218469084130403e-6,2.444081808172228e-6
13.61,0.173,0.04019433362333615,2.114043527315045e-6,2.114043609691236e-6,2.444081808172228e-6
13.61,0.173,0.06602518613354949,1.9514032757188677e-6,1.9514036512031273e-6,2.444081808172228e-6
13.61,0.173,0.1084562128786955,1.7120293620959503e-6,1.7120297343472875e-6,2.444081808172228e-6
13.61,0.173,0.17815550096589414,1.3801412443146105e-6,1.380141521205617e-6,2.444081808172228e-6
13.61,0.173,0.292646974128703,9.68948600827064e-7,9.689491135718598e-7,2.444081808172228e-6
13.61,0.173,0.480716289995901,5.466781361069859e-7,5.466781642710516e-7,2.444081808172228e-6
13.61,0.173,0.789648183294706,2.2172068167714287e-7,2.2172064069362826e-7,2.444081808172228e-6
13.61,0.173,1.297114881182717,5.629055660394457e-8,5.629056301495459e-8,2.444081808172228e-6
13.61,0.173,2.1307045980472066,7.700706228603037e-9,7.700647018741418e-9,2.444081808172228e-6
13.61,0.173,3.5000000000000004,4.154257226298765e-10,4.154221218089439e-10,2.444081808172228e-6
13.61,0.173,3.8,1.777515352358189e-10,1.777496956666414e-10,2.444081808172228e-6
13.61,0.173,3.98,4.521007984367834e-11,4.5209514351691524e-11,2.444081808172228e-6
13.61,0.173,3.9998,4.4172842358333764e-12,4.4172326155674e-12,2.444081808172228e-6
13.61,0.61,1.0000000000000001e-7,8.171400645917891e-7,8.171400542828381e-7,8.171523306834274e-7
13.61,0.61,1.6426491045299075e-7,8.171349691564148e-7,8.171349588443335e-7,8.171523306834274e-7
13.61,0.61,2.698296080612907e-7,8.171277570224708e-7,8.171277467170224e-7,8.171523306834274e-7
13.61,0.61,4.432353640575351e-7,8.171175488738112e-7,8.171175385638004e-7,8.171523306834274e-7
13.61,0.61,7.280801738650976e-7,8.171031000878378e-7,8.1710308978648e-7,8.171523306834274e-7
13.61,0.61,1.1959802456254818e-6,8.170826489422842e-7,8.170826386414789e-7,8.171523306834274e-7
13.61,0.61,1.9645758795121526e-6,8.170537017107402e-7,8.170536914108411e-7,8.171523306834274e-7
13.61,0.61,3.227108809261693e-6,8.170127283581689e-7,8.170127180811258e-7,8.171523306834274e-7
13.61,0.61,5.301007395754297e-6,8.169547315342094e-7,8.169547212294053e-7,8.171523306834274e-7
13.61,0.61,8.707695051742211e-6,8.168726358543731e-7,8.16872625623712e-7,8.171523306834274e-7
13.61,0.61,1.4303687479263852e-5,8.167564219560451e-7,8.167564116558114e-7,8.171523306834274e-7
13.61,0.61,2.3495939429288417e-5,8.165918973544598e-7,8.16591887192718e-7,8.171523306834274e-7
13.61,0.61,3.8595583863609565e-5,8.163589488062327e-7,8.163589385818046e-7,8.171523306834274e-7
13.61,0.61,6.33990012723672e-5,8.160290508580543e-7,8.160290407604469e-7,8.171523306834274e-7
13.61,0.61,0.00010414231266814445,8.155616993843652e-7,8.155616894167329e-7,8.171523306834274e-7
13.61,0.61,0.00017106927664800093,8.148992743131994e-7,8.148992642040174e-7,8.171523306834274e-7
13.61,0.61,0.00028100679409841776,8.139595710160812e-7,8.13959561682943e-7,8.171523306834274e-7
13.61,0.61,0.00046159555869258604,8.126247981980798e-7,8.126247879885946e-7,8.171523306834274e-7
13.61,0.61,0.0007582395311413588,8.107250776893678e-7,8.107250697070207e-7,8.171523306834274e-7
13.61,0.61,0.00124552148684853,8.080131318965773e-7,8.080131222509695e-7,8.171523306834274e-7
13.61,0.61,0.002045954755044497,8.041244347815126e-7,8.041244293381192e-7,8.171523306834274e-7
13.61,0.61,0.0033607857462825456,7.985128688832009e-7,7.985128634615104e-7,8.171523306834274e-7
13.61,0.61,0.005520591696647901,7.903449031888127e-7,7.903449010690275e-7,8.171523306834274e-7
13.61,0.61,0.009068395006973916,7.783251558657478e-7,7.783251688271629e-7,8.171523306834274e-7
13.61,0.61,0.01489619093772919,7.604166493374023e-7,7.60416646298791e-7,8.171523306834274e-7
13.61,0.61,0.024469214704767362,7.334282159093826e-7,7.334282857991377e-7,8.171523306834274e-7
13.61,0.61,0.04019433362333615,6.925268400246481e-7,6.925268365195475e-7,8.171523306834274e-7
13.61,0.61,0.06602518613354949,6.310306883729378e-7,6.310308550615367e-7,8.171523306834274e-7
13.61,0.61,0.1084562128786955,5.415459595259102e-7,5.415460246437616e-7,8.171523306834274e-7
13.61,0.61,0.17815550096589414,4.204630584602352e-7,4.2046322854246426e-7,8.171523306834274e-7
13.61,0.61,0.292646974128703,2.770075979863416e-7,2.7700773954997433e-7,8.171523306834274e-7
13.61,0.61,0.480716289995901,1.4051141311249688e-7,1.4051144036462983e-7,8.171523306834274e-7
13.61,0.61,0.789648183294706,4.7817687263137324e-8,4.7817693884736624e-8,8.171523306834274e-7
13.61,0.61,1.297114881182717,9.147047254240189e-9,9.147047857094957e-9,8.171523306834274e-7
13.61,0.61,2.1307045980472066,8.065650296918972e-10,8.06555499260133e-10,8.171523306834274e-7
13.61,0.61,3.5000000000000004,2.3744956220584488e-11,2.3744786333551157e-11,8.171523306834274e-7
13.61,0.61,3.8,9.167842605860545e-12,9.16748740146059e-12,8.171523306834274e-7
13.61,0.61,3.98,2.207096089924708e-12,2.207030299484138e-12,8.171523306834274e-7
13.61,0.61,3.9998,2.1441468320736802e-13,2.144091211032111e-13,8.171523306834274e-7
13.61,1.73,1.0000000000000001e-7,1.9924780324847157e-7,1.9924780419252343e-7,1.9925135258904187e-7
13.61,1.73,1.6426491045299075e-7,1.992463288221709e-7,1.992463297667531e-7,1.9925135258904187e-7
13.61,1.73,2.698296080612907e-7,1.9924424190199883e-7,1.9924424284527184e-7,1.9925135258904187e-7
13.61,1.73,4.432353640575351e-7,1.9924128804477592e-7,1.9924128899060147e-7,1.9925135258904187e-7
13.61,1.73,7.280801738650976e-7,1.992371070981497e-7,1.9923710804233356e-7,1.9925135258904187e-7
13.61,1.73,1.1959802456254818e-6,1.992311892729679e-7,1.9923119021993858e-7,1.9925135258904187e-7
13.61,1.73,1.9645758795121526e-6,1.9922281294785752e-7,1.9922281389577789e-7,1.9925135258904187e-7
13.61,1.73,3.227108809261693e-6,1.9921095659153816e-7,1.9921095753814324e-7,1.9925135258904187e-7
13.61,1.73,5.301007395754297e-6,1.9919417399186986e-7,1.9919417494899126e-7,1.9925135258904187e-7
13.61,1.73,8.707695051742211e-6,1.9917041741348507e-7,1.9917041835707421e-7,1.9925135258904187e-7
13.61,1.73,1.4303687479263852e-5,1.9913678674464295e-7,1.9913678771879514e-7,1.9925135258904187e-7
13.61,1.73,2.3495939429288417e-5,1.9908917318898185e-7,1.9908917413514637e-7,1.9925135258904187e-7
13.61,1.73,3.8595583863609565e-5,1.9902175211597588e-7,1.990217531131806e-7,1.9925135258904187e-7
13.61,1.73,6.33990012723672e-5,1.9892625886536682e-7,1.989262598440648e-7,1.9925135258904187e-7
13.61,1.73,0.00010414231266814445,1.9879094944744354e-7,1.9879095045999474e-7,1.9925135258904187e-7
13.61,1.73,0.00017106927664800093,1.9859909781273446e-7,1.9859909889902545e-7,1.9925135258904187e-7
13.61,1.73,0.00028100679409841776,1.9832679914816484e-7,1.9832680013733884e-7,1.9925135258904187e-7
13.61,1.73,0.00046159555869258604,1.979397091932301e-7,1.979397105516371e-7,1.9925135258904187e-7
13.61,1.73,0.0007582395311413588,1.973881055200835e-7,1.9738810645696605e-7,1.9925135258904187e-7
13.61,1.73,0.00124552148684853,1.965992215463243e-7,1.9659922351826117e-7,1.9925135258904187e-7
13.61,1.73,0.002045954755044497,1.954650288590473e-7,1.9546503012365973e-7,1.9925135258904187e-7
13.61,1.73,0.0033607857462825456,1.938223049529109e-7,1.938223081077018e-7,1.9925135258904187e-7
13.61,1.73,0.005520591696647901,1.9141969828295969e-7,1.9141970196654782e-7,1.9925135258904187e-7
13.61,1.73,0.009068395006973916,1.878637759298777e-7,1.8786378028324315e-7,1.9925135258904187e-7
13.61,1.73,0.01489619093772919,1.82534735770853e-7,1.8253474950312603e-7,1.9925135258904187e-7
13.61,1.73,0.024469214704767362,1.7447042341740479e-7,1.7447042595075762e-7,1.9925135258904187e-7
13.61,1.73,0.04019433362333615,1.6225662749152212e-7,1.6225666659185805e-7,1.9925135258904187e-7
13.61,1.73,0.06602518613354949,1.4407751867559425e-7,1.440775222904733e-7,1.9925135258904187e-7
13.61,1.73,0.1084562128786955,1.1831010814171078e-7,1.183101705755518e-7,1.9925135258904187e-7
13.61,1.73,0.17815550096589414,8.521143220003829e-8,8.521145823789259e-8,1.9925135258904187e-7
13.61,1.73,0.292646974128703,4.944970779974112e-8,4.944973971231359e-8,1.9925135258904187e-7
13.61,1.73,0.480716289995901,2.0287919787241742e-8,2.028793825507861e-8,1.9925135258904187e-7
13.61,1.73,0.789648183294706,4.861846187320861e-9,4.861846615452239e-9,1.9925135258904187e-7
13.61,1.73,1.297114881182717,5.25615682083084e-10,5.256149000625029e-10,1.9925135258904187e-7
13.61,1.73,2.1307045980472066,1.8770489049147235e-11,1.877049091046962e-11,1.9925135258904187e-7
13.61,1.73,3.5000000000000004,1.4892870345070657e-13,1.4889488945413393e-13,1.9925135258904187e-7
13.61,1.73,3.8,4.5805977062850916e-14,4.5806296453103226e-14,1.9925135258904187e-7
13.61,1.73,3.98,9.787497982275264e-15,9.787764203843477e-15,1.9925135258904187e-7
13.61,1.73,3.9998,9.392533785126803e-16,9.39271397037202e-16,1.9925135258904187e-7
13.61,4.71,1.0000000000000001e-7,4.011090011239726e-8,4.0110517208194103e-8,4.0111800008662366e-8
13.61,4.71,1.6426491045299075e-7,4.011052628734756e-8,4.0110143394471524e-8,4.0111800008662366e-8
13.61,4.71,2.698296080612907e-7,4.0109997170387244e-8,4.010961427813412e-8,4.0111800008662366e-8
13.61,4.71,4.432353640575351e-7,4.010924824907996e-8,4.0108865359456734e-8,4.0111800008662366e-8
13.61,4.71,7.280801738650976e-7,4.0108188208029013e-8,4.010780532091193e-8,4.0111800008662366e-8
13.61,4.71,1.1959802456254818e-6,4.010668778945721e-8,4.0106304906936923e-8,4.0111800008662366e-8
13.61,4.71,1.9645758795121526e-6,4.0104564019513906e-8,4.010418114311955e-8,4.0111800008662366e-8
13.61,4.71,3.227108809261693e-6,4.010155786628595e-8,4.0101174997326164e-8,4.0111800008662366e-8
13.61,4.71,5.301007395754297e-6,4.009730258061278e-8,4.009691972597785e-8,4.0111800008662366e-8
13.61,4.71,8.707695051742211e-6,4.0091278802805626e-8,4.009089596052958e-8,4.0111800008662366e-8
13.61,4.71,1.4303687479263852e-5,4.008275083217124e-8,4.008236802030843e-8,4.0111800008662366e-8
13.61,4.71,2.3495939429288417e-5,4.0070675995492585e-8,4.007029320873865e-8,4.0111800008662366e-8
13.61,4.71,3.8595583863609565e-5,4.0053575402542855e-8,4.005319267198028e-8,4.0111800008662366e-8
13.61,4.71,6.33990012723672e-5,4.002934884851077e-8,4.0028966176889864e-8,4.0111800008662366e-8
13.61,4.71,0.00010414231266814445,3.99950080023739e-8,3.999462542040664e-8,4.0111800008662366e-8
13.61,4.71,0.00017106927664800093,3.994628810603043e-8,3.994590566164523e-8,4.0111800008662366e-8
13.61,4.71,0.00028100679409841776,3.987707510639586e-8,3.9876692779265495e-8,4.0111800008662366e-8
13.61,4.71,0.00046159555869258604,3.977854476746682e-8,3.977816272860113e-8,4.0111800008662366e-8
13.61,4.71,0.0007582395311413588,3.963783863037189e-8,3.963745668257103e-8,4.0111800008662366e-8
13.61,4.71,0.00124552148684853,3.9435973483099694e-8,3.9435591988468803e-8,4.0111800008662366e-8
13.61,4.71,0.002045954755044497,3.914445579755372e-8,3.9144074152263146e-8,4.0111800008662366e-8
13.61,4.71,0.0033607857462825456,3.871969982925748e-8,3.871931822038345e-8,4.0111800008662366e-8
13.61,4.71,0.005520591696647901,3.809381491460689e-8,3.809343213299395e-8,4.0111800008662366e-8
13.61,4.71,0.009068395006973916,3.715984781898527e-8,3.715946148274094e-8,4.0111800008662366e-8
13.61,4.71,0.01489619093772919,3.575015281063839e-8,3.5749762366698274e-8,4.0111800008662366e-8
13.61,4.71,0.024469214704767362,3.3611407416942535e-8,3.361100107541833e-8,4.0111800008662366e-8
13.61,4.71,0.04019433362333615,3.039645551582996e-8,3.039604165538615e-8,4.0111800008662366e-8
13.61,4.71,0.06602518613354949,2.573245152190461e-8,2.5732011992404608e-8,4.0111800008662366e-8
13.61,4.71,0.1084562128786955,1.947652312282958e-8,1.9476099899028045e-8,4.0111800008662366e-8
13.61,4.71,0.17815550096589414,1.221584606735786e-8,1.2215470472543205e-8,4.0111800008662366e-8
13.61,4.71,0.292646974128703,5.61729300842306e-9,5.6170415921391024e-9,4.0111800008662366e-8
13.61,4.71,0.480716289995901,1.56323430854805e-9,1.563128848692481e-9,4.0111800008662366e-8
13.61,4.71,0.789648183294706,1.971096897992828e-10,1.9708855704502331e-10,4.0111800008662366e-8
13.61,4.71,1.297114881182717,7.44219692347551e-12,7.440937758804272e-12,4.0111800008662366e-8
13.61,4.71,2.1307045980472066,4.873351060570064e-14,4.872047417858882e-14,4.0111800008662366e-8
13.61,4.71,3.5000000000000004,2.8590309838105693e-17,2.8521815461030853e-17,4.0111800008662366e-8
13.61,4.71,3.8,5.461264003585597e-18,5.459479632979332e-18,4.0111800008662366e-8
13.61,4.71,3.98,9.148277265424368e-19,9.161678448347198e-19,4.0111800008662366e-8
13.61,4.71,3.9998,8.567954026678985e-20,8.581364873229563e-20,4.0111800008662366e-8
14.13,0.00113,1.0000000000000001e-7,2.0621972610122447e-5,2.0621974336337036e-5,2.062243920751698e-5
14.13,0.00113,1.6426491045299075e-7,2.062177878129202e-5,2.062178050948193e-5,2.062243920751698e-5
14.13,0.00113,2.698296080612907e-7,2.0621504433313077e-5,2.0621506163929433e-5,2.062243920751698e-5
14.13,0.00113,4.432353640575351e-7,2.0621116116277104e-5,2.0621117850720452e-5,2.062243920751698e-5
14.13,0.00113,7.280801738650976e-7,2.0620566482737742e-5,2.0620568222307432e-5,2.062243920751698e-5
14.13,0.00113,1.1959802456254818e-6,2.0619788511686975e-5,2.0619790258480826e-5,2.062243920751698e-5
14.13,0.00113,1.9645758795121526e-6,2.061868732936976e-5,2.061868908701885e-5,2.062243920751698e-5
14.13,0.00113,3.227108809261693e-6,2.0617128623777105e-5,2.061713039512725e-5,2.062243920751698e-5
14.13,0.00113,5.301007395754297e-6,2.061492222667702e-5,2.0614924020528135e-5,2.062243920751698e-5
14.13,0.00113,8.707695051742211e-6,2.0611798830383592e-5,2.061180065141468e-5,2.062243920751698e-5
14.13,0.00113,1.4303687479263852e-5,2.060737692981604e-5,2.0607378795665002e-5,2.062243920751698e-5
14.13,0.00113,2.3495939429288417e-5,2.0601115799275064e-5,2.060111772192901e-5,2.062243920751698e-5
14.13,0.00113,3.8595583863609565e-5,2.059224841033703e-5,2.059225041909305e-5,2.062243920751698e-5
14.13,0.00113,6.33990012723672e-5,2.0579685305920787e-5,2.057968743643062e-5,2.062243920751698e-5
14.13,0.00113,0.00010414231266814445,2.0561875922327002e-5,2.0561878216935164e-5,2.062243920751698e-5
14.13,0.00113,0.00017106927664800093,2.0536606525136547e-5,2.0536609082469808e-5,2.062243920751698e-5
14.13,0.00113,0.00028100679409841776,2.0500701617278443e-5,2.0500704498622295e-5,2.062243920751698e-5
14.13,0.00113,0.00046159555869258604,2.0449574309460415e-5,2.044957775845282e-5,2.062243920751698e-5
14.13,0.00113,0.0007582395311413588,2.037653320741766e-5,2.037653735980724e-5,2.062243920751698e-5
14.13,0.00113,0.00124552148684853,2.0271685727362428e-5,2.027169111482752e-5,2.062243920751698e-5
14.13,0.00113,0.002045954755044497,2.0120159869105622e-5,2.012016698069247e-5,2.062243920751698e-5
14.13,0.00113,0.0033607857462825456,1.9899174614233683e-5,1.9899184495394047e-5,2.062243920751698e-5
14.13,0.00113,0.005520591696647901,1.9573225440961493e-5,1.9573240047024688e-5,2.062243920751698e-5
14.13,0.00113,0.009068395006973916,1.9086452436315402e-5,1.9086473489858493e-5,2.062243920751698e-5
14.13,0.00113,0.01489619093772919,1.8351709411180164e-5,1.8351743566409177e-5,2.062243920751698e-5
14.13,0.00113,0.024469214704767362,1.7238699847219707e-5,1.72387491252519e-5,2.062243920751698e-5
14.13,0.00113,0.04019433362333615,1.5572640138207744e-5,1.5572718244418143e-5,2.062243920751698e-5
14.13,0.00113,0.06602518613354949,1.3174699402065008e-5,1.317480434394679e-5,2.062243920751698e-5
14.13,0.00113,0.1084562128786955,9.996413952298917e-6,9.996545509651467e-6,2.062243920751698e-5
14.13,0.00113,0.17815550096589414,6.357082550968287e-6,6.357214275766966e-6,2.062243920751698e-5
14.13,0.00113,0.292646974128703,3.0660587583341395e-6,3.0661533550647805e-6,2.062243920751698e-5
14.13,0.00113,0.480716289995901,9.79139714512611e-7,9.79182751388721e-7,2.062243920751698e-5
14.13,0.00113,0.789648183294706,1.7581565134448517e-7,1.7582583640631492e-7,2.062243920751698e-5
14.13,0.00113,1.297114881182717,1.5080172658396985e-8,1.5081142818965568e-8,2.062243920751698e-5
14.13,0.00113,2.1307045980472066,5.495625586564789e-10,5.495978927835248e-10,2.062243920751698e-5
14.13,0.00113,3.5000000000000004,7.336186020085198e-12,7.335864881056518e-12,2.062243920751698e-5
14.13,0.00113,3.8,2.5672615892772684e-12,2.56715244978154e-12,2.062243920751698e-5
14.13,0.00113,3.98,5.889755058561814e-13,5.889798817344357e-13,2.062243920751698e-5
14.13,0.00113,3.9998,5.694197380670933e-14,5.694253365562266e-14,2.062243920751698e-5
14.13,0.0037,1.0000000000000001e-7,2.040434242766987e-5,2.0404342441653985e-5,2.040480449979777e-5
14.13,0.0037,1.6426491045299075e-7,2.04041504786756e-5,2.0404150492782806e-5,2.040480449979777e-5
14.13,0.0037,2.698296080612907e-7,2.040387879144109e-5,2.0403878805538927e-5,2.040480449979777e-5
14.13,0.0037,4.432353640575351e-7,2.0403494240467208e-5,2.0403494254597784e-5,2.040480449979777e-5
14.13,0.0037,7.280801738650976e-7,2.0402949937497945e-5,2.040294995190124e-5,2.040480449979777e-5
14.13,0.0037,1.1959802456254818e-6,2.0402179511510578e-5,2.0402179525571088e-5,2.040480449979777e-5
14.13,0.0037,1.9645758795121526e-6,2.0401089008845298e-5,2.0401089023859397e-5,2.040480449979777e-5
14.13,0.0037,3.227108809261693e-6,2.039954542003585e-5,2.039954543409981e-5,2.040480449979777e-5
14.13,0.0037,5.301007395754297e-6,2.039736042101485e-5,2.0397360436953953e-5,2.040480449979777e-5
14.13,0.0037,8.707695051742211e-6,2.0394267315569858e-5,2.0394267330513955e-5,2.040480449979777e-5
14.13,0.0037,1.4303687479263852e-5,2.0389888297731014e-5,2.0389888314549642e-5,2.040480449979777e-5
14.13,0.0037,2.3495939429288417e-5,2.038368788396098e-5,2.0383687902056655e-5,2.040480449979777e-5
14.13,0.0037,3.8595583863609565e-5,2.0374906480203693e-5,2.037490649687855e-5,2.040480449979777e-5
14.13,0.0037,6.33990012723672e-5,2.036246518500669e-5,2.036246521079299e-5,2.040480449979777e-5
14.13,0.0037,0.00010414231266814445,2.034482844938147e-5,2.0344828464457972e-5,2.040480449979777e-5
14.13,0.0037,0.00017106927664800093,2.031980395672129e-5,2.0319803997829724e-5,2.040480449979777e-5
14.13,0.0037,0.00028100679409841776,2.0284246892719283e-5,2.0284246912816776e-5,2.040480449979777e-5
14.13,0.0037,0.00046159555869258604,2.0233614603956047e-5,2.0233614670933714e-5,2.040480449979777e-5
14.13,0.0037,0.0007582395311413588,2.016128005612951e-5,2.0161280116326123e-5,2.040480449979777e-5
14.13,0.0037,0.00124552148684853,2.005744548095939e-5,2.0057445580103885e-5,2.040480449979777e-5
14.13,0.0037,0.002045954755044497,1.9907380810491526e-5,1.9907381038201213e-5,2.040480449979777e-5
14.13,0.0037,0.0033607857462825456,1.9688521451344488e-5,1.9688521550401457e-5,2.040480449979777e-5
14.13,0.0037,0.005520591696647901,1.9365698914116294e-5,1.936569970641323e-5,2.040480449979777e-5
14.13,0.0037,0.009068395006973916,1.888358134814474e-5,1.8883581433223994e-5,2.040480449979777e-5
14.13,0.0037,0.01489619093772919,1.8155849862675373e-5,1.815585201182173e-5,2.040480449979777e-5
14.13,0.0037,0.024469214704767362,1.7053462682568454e-5,1.7053463631078703e-5,2.040480449979777e-5
14.13,0.0037,0.04019433362333615,1.540337872948581e-5,1.540338230326337e-5,2.040480449979777e-5
14.13,0.0037,0.06602518613354949,1.3028721361828757e-5,1.3028725264956132e-5,2.040480449979777e-5
14.13,0.0037,0.1084562128786955,9.882064949182696e-6,9.882067178287455e-6,2.040480449979777e-5
14.13,0.0037,0.17815550096589414,6.280518370532943e-6,6.280522622800818e-6,2.040480449979777e-5
14.13,0.0037,0.292646974128703,3.0260431915065973e-6,3.0260433261697074e-6,2.040480449979777e-5
14.13,0.0037,0.480716289995901,9.64745913107435e-7,9.647458561352959e-7,2.040480449979777e-5
14.13,0.0037,0.789648183294706,1.7276777221885817e-7,1.7276775979379058e-7,2.040480449979777e-5
14.13,0.0037,1.297114881182717,1.4757613445947924e-8,1.4757561435142833e-8,2.040480449979777e-5
14.13,0.0037,2.1307045980472066,5.345676557817539e-10,5.345652940844071e-10,2.040480449979777e-5
14.13,0.0037,3.5000000000000004,7.080117969651206e-12,7.079920866547451e-12,2.040480449979777e-5
14.13,0.0037,3.8,2.4745146363448338e-12,2.474405327966258e-12,2.040480449979777e-5
14.13,0.0037,3.98,5.673255237058509e-13,5.673454858791735e-13,2.040480449979777e-5
14.13,0.0037,3.9998,5.484517836869756e-14,5.484760412976338e-14,2.040480449979777e-5
14.13,0.0127,1.0000000000000001e-7,1.966633957922206e-5,1.9666339583378528e-5,1.966678627906293e-5
14.13,0.0127,1.6426491045299075e-7,1.966615401601309e-5,1.966615402009969e-5,1.966678627906293e-5
14.13,0.0127,2.698296080612907e-7,1.966589136730187e-5,1.966589137151107e-5,1.966678627906293e-5
14.13,0.0127,4.432353640575351e-7,1.966551960960487e-5,1.966551961386278e-5,1.966678627906293e-5
14.13,0.0127,7.280801738650976e-7,1.9664993414531663e-5,1.9664993418728813e-5,1.966678627906293e-5
14.13,0.0127,1.1959802456254818e-6,1.9664248619054072e-5,1.9664248623728264e-5,1.966678627906293e-5
14.13,0.0127,1.9645758795121526e-6,1.9663194395068667e-5,1.966319439914555e-5,1.966678627906293e-5
14.13,0.0127,3.227108809261693e-6,1.9661702157838444e-5,1.9661702163275315e-5,1.966678627906293e-5
14.13,0.0127,5.301007395754297e-6,1.965958984791495e-5,1.9659589852142674e-5,1.966678627906293e-5
14.13,0.0127,8.707695051742211e-6,1.965659964025792e-5,1.965659964671009e-5,1.966678627906293e-5
14.13,0.0127,1.4303687479263852e-5,1.9652366294791693e-5,1.9652366300499208e-5,1.966678627906293e-5
14.13,0.0127,2.3495939429288417e-5,1.9646372135667162e-5,1.9646372142759216e-5,1.966678627906293e-5
14.13,0.0127,3.8595583863609565e-5,1.9637882823563343e-5,1.9637882833863063e-5,1.966678627906293e-5
14.13,0.0127,6.33990012723672e-5,1.9625855314984754e-5,1.9625855321072313e-5,1.966678627906293e-5
14.13,0.0127,0.00010414231266814445,1.960880506709284e-5,1.9608805087903698e-5,1.966678627906293e-5
14.13,0.0127,0.00017106927664800093,1.958461252233411e-5,1.958461252665628e-5,1.966678627906293e-5
14.13,0.0127,0.00028100679409841776,1.9550237101986554e-5,1.955023714290966e-5,1.966678627906293e-5
14.13,0.0127,0.00046159555869258604,1.950128643575971e-5,1.950128645199847e-5,1.966678627906293e-5
14.13,0.0127,0.0007582395311413588,1.9431352150374e-5,1.9431352223301253e-5,1.966678627906293e-5
14.13,0.0127,0.00124552148684853,1.9330958630251314e-5,1.933095871855388e-5,1.966678627906293e-5
14.13,0.0127,0.002045954755044497,1.9185858084751685e-5,1.9185858186211883e-5,1.966678627906293e-5
14.13,0.0127,0.0033607857462825456,1.8974221382724613e-5,1.8974221758963174e-5,1.966678627906293e-5
14.13,0.0127,0.005520591696647901,1.866202203938736e-5,1.8662022094015255e-5,1.966678627906293e-5
14.13,0.0127,0.009068395006973916,1.8195722897055216e-5,1.819572415690265e-5,1.966678627906293e-5
14.13,0.0127,0.01489619093772919,1.749181664462577e-5,1.7491816766297397e-5,1.966678627906293e-5
14.13,0.0127,0.024469214704767362,1.6425524933946303e-5,1.6425527839818406e-5,1.966678627906293e-5
14.13,0.0127,0.04019433362333615,1.4829724510793231e-5,1.48297261655297e-5,1.966678627906293e-5
14.13,0.0127,0.06602518613354949,1.2534166460126647e-5,1.2534169850522956e-5,1.966678627906293e-5
14.13,0.0127,0.1084562128786955,9.494919049705645e-6,9.494923350688448e-6,1.966678627906293e-5
14.13,0.0127,0.17815550096589414,6.021590742764634e-6,6.02159160348881e-6,1.966678627906293e-5
14.13,0.0127,0.292646974128703,2.890977525672029e-6,2.890979153439006e-6,1.966678627906293e-5
14.13,0.0127,0.480716289995901,9.163200001539246e-7,9.163200187169976e-7,1.966678627906293e-5
14.13,0.0127,0.789648183294706,1.6256858586490869e-7,1.6256837090177224e-7,1.966678627906293e-5
14.13,0.0127,1.297114881182717,1.368739178159733e-8,1.3687386188420849e-8,1.966678627906293e-5
14.13,0.0127,2.1307045980472066,4.854446586134793e-10,4.854382052107969e-10,1.966678627906293e-5
14.13,0.0127,3.5000000000000004,6.255131057408968e-12,6.254844045529407e-12,1.966678627906293e-5
14.13,0.0127,3.8,2.1765128729919973e-12,2.176504146647186e-12,1.966678627906293e-5
14.13,0.0127,3.98,4.978604287584617e-13,4.978435008809603e-13,1.966678627906293e-5
14.13,0.0127,3.9998,4.811847148731123e-14,4.8116742703927004e-14,1.966678627906293e-5
14.13,0.047,1.0000000000000001e-7,1.7164815951789703e-5,1.716481603724369e-5,1.7165210218243518e-5
14.13,0.047,1.6426491045299075e-7,1.716465216987865e-5,1.7164652255229625e-5,1.7165210218243518e-5
14.13,0.047,2.698296080612907e-7,1.7164420350699832e-5,1.7164420436259436e-5,1.7165210218243518e-5
14.13,0.047,4.432353640575351e-7,1.7164092229640307e-5,1.7164092315051982e-5,1.7165210218243518e-5
14.13,0.047,7.280801738650976e-7,1.7163627798864684e-5,1.7163627884539495e-5,1.7165210218243518e-5
14.13,0.047,1.1959802456254818e-6,1.71629704266107e-5,1.7162970512304835e-5,1.7165210218243518e-5
14.13,0.047,1.9645758795121526e-6,1.716203994576832e-5,1.7162040031458338e-5,1.7165210218243518e-5
14.13,0.047,3.227108809261693e-6,1.716072286397646e-5,1.7160722950402246e-5,1.7165210218243518e-5
14.13,0.047,5.301007395754297e-6,1.7158858489915564e-5,1.715885857539538e-5,1.7165210218243518e-5
14.13,0.047,8.707695051742211e-6,1.71562192575292e-5,1.7156219345374363e-5,1.7165210218243518e-5
14.13,0.047,1.4303687479263852e-5,1.7152482788415777e-5,1.7152482873975025e-5,1.7165210218243518e-5
14.13,0.047,2.3495939429288417e-5,1.7147192148449394e-5,1.7147192238365448e-5,1.7165210218243518e-5
14.13,0.047,3.8595583863609565e-5,1.7139699142991537e-5,1.713969923088443e-5,1.7165210218243518e-5
14.13,0.047,6.33990012723672e-5,1.7129083043852046e-5,1.712908313556446e-5,1.7165210218243518e-5
14.13,0.047,0.00010414231266814445,1.711403330159719e-5,1.7114033397732705e-5,1.7165210218243518e-5
14.13,0.047,0.00017106927664800093,1.7092678569274794e-5,1.7092678660092504e-5,1.7165210218243518e-5
14.13,0.047,0.00028100679409841776,1.7062333886430633e-5,1.7062334004065206e-5,1.7165210218243518e-5
14.13,0.047,0.00046159555869258604,1.7019119660743168e-5,1.7019119747306994e-5,1.7165210218243518e-5
14.13,0.047,0.0007582395311413588,1.695737373188342e-5,1.6957373899326828e-5,1.7165210218243518e-5
14.13,0.047,0.00124552148684853,1.6868720123459902e-5,1.6868720230527177e-5,1.7165210218243518e-5
14.13,0.047,0.002045954755044497,1.6740557712543068e-5,1.674055798176396e-5,1.7165210218243518e-5
14.13,0.047,0.0033607857462825456,1.6553569274242267e-5,1.655356955262778e-5,1.7165210218243518e-5
14.13,0.047,0.005520591696647901,1.6277629834342704e-5,1.6277630235508905e-5,1.7165210218243518e-5
14.13,0.047,0.009068395006973916,1.58653344899523e-5,1.5865335513209583e-5,1.7165210218243518e-5
14.13,0.047,0.01489619093772919,1.52427813918955e-5,1.5242781726754232e-5,1.7165210218243518e-5
14.13,0.047,0.024469214704767362,1.4299747432579355e-5,1.4299750429955323e-5,1.7165210218243518e-5
14.13,0.047,0.04019433362333615,1.2889275149092978e-5,1.28892754578303e-5,1.7165210218243518e-5
14.13,0.047,0.06602518613354949,1.086358767034042e-5,1.0863592602044275e-5,1.7165210218243518e-5
14.13,0.047,0.1084562128786955,8.190269636012358e-6,8.190271421511116e-6,1.7165210218243518e-5
14.13,0.047,0.17815550096589414,5.152589158903431e-6,5.152591650564334e-6,1.7165210218243518e-5
14.13,0.047,0.292646974128703,2.4408355017230255e-6,2.4408366407526073e-6,1.7165210218243518e-5
14.13,0.047,0.480716289995901,7.568230970746174e-7,7.568230620446121e-7,1.7165210218243518e-5
14.13,0.047,0.789648183294706,1.2962446773870018e-7,1.2962431690908659e-7,1.7165210218243518e-5
14.13,0.047,1.297114881182717,1.0335451761114893e-8,1.0335450329617553e-8,1.7165210218243518e-5
14.13,0.047,2.1307045980472066,3.3847452446627956e-10,3.3846909536616527e-10,1.7165210218243518e-5
14.13,0.047,3.5000000000000004,3.929947700091483e-12,3.929884017040628e-12,1.7165210218243518e-5
14.13,0.047,3.8,1.3446463044523671e-12,1.344587412351164e-12,1.7165210218243518e-5
14.13,0.047,3.98,3.0491557280618696e-13,3.0490057286758863e-13,1.7165210218243518e-5
14.13,0.047,3.9998,2.944407199405212e-14,2.9442755443148314e-14,1.7165210218243518e-5
14.13,0.173,1.0000000000000001e-7,1.0982233852525254e-5,1.0982233837512454e-5,1.0982495845045965e-5
14.13,0.173,1.6426491045299075e-7,1.0982125018395099e-5,1.0982125003423515e-5,1.0982495845045965e-5
14.13,0.173,2.698296080612907e-7,1.0981970973028133e-5,1.0981970958001652e-5,1.0982495845045965e-5
14.13,0.173,4.432353640575351e-7,1.0981752934345482e-5,1.0981752919495068e-5,1.0982495845045965e-5
14.13,0.173,7.280801738650976e-7,1.0981444316733917e-5,1.098144430168829e-5,1.0982495845045965e-5
14.13,0.173,1.1959802456254818e-6,1.0981007487669456e-5,1.0981007473013164e-5,1.0982495845045965e-5
14.13,0.173,1.9645758795121526e-6,1.0980389174764031e-5,1.0980389159845858e-5,1.0982495845045965e-5
14.13,0.173,3.227108809261693e-6,1.0979513959691735e-5,1.0979513945238861e-5,1.0982495845045965e-5
14.13,0.173,5.301007395754297e-6,1.0978275057600554e-5,1.0978275043234423e-5,1.0982495845045965e-5
14.13,0.173,8.707695051742211e-6,1.0976521239188397e-5,1.0976521224741581e-5,1.0982495845045965e-5
14.13,0.173,1.4303687479263852e-5,1.0974038258609797e-5,1.0974038245651321e-5,1.0982495845045965e-5
14.13,0.173,2.3495939429288417e-5,1.097052242705626e-5,1.0970522412209137e-5,1.0982495845045965e-5
14.13,0.173,3.8595583863609565e-5,1.0965542894490745e-5,1.096554288427863e-5,1.0982495845045965e-5
14.13,0.173,6.33990012723672e-5,1.0958487559172798e-5,1.0958487544625283e-5,1.0982495845045965e-5
14.13,0.173,0.00010414231266814445,1.0948484942875265e-5,1.0948484936844899e-5,1.0982495845045965e-5
14.13,0.173,0.00017106927664800093,1.0934290166956864e-5,1.0934290157505557e-5,1.0982495845045965e-5
14.13,0.173,0.00028100679409841776,1.0914116068380118e-5,1.091411606656043e-5,1.0982495845045965e-5
14.13,0.173,0.00046159555869258604,1.0885378124609035e-5,1.088537813479454e-5,1.0982495845045965e-5
14.13,0.173,0.0007582395311413588,1.0844299847422516e-5,1.0844299844582907e-5,1.0982495845045965e-5
14.13,0.173,0.00124552148684853,1.0785286091381445e-5,1.078528616289714e-5,1.0982495845045965e-5
14.13,0.173,0.002045954755044497,1.0699903741871625e-5,1.0699903728864503e-5,1.0982495845045965e-5
14.13,0.173,0.0033607857462825456,1.0575200097738593e-5,1.0575200338209432e-5,1.0982495845045965e-5
14.13,0.173,0.005520591696647901,1.0390944646710788e-5,1.0390944706493797e-5,1.0982495845045965e-5
14.13,0.173,0.009068395006973916,1.01152915889009e-5,1.0115292169940965e-5,1.0982495845045965e-5
14.13,0.173,0.01489619093772919,9.698698161053978e-6,9.698698791328468e-6,1.0982495845045965e-5
14.13,0.173,0.024469214704767362,9.067764250366467e-6,9.067765065020467e-6,1.0982495845045965e-5
14.13,0.173,0.04019433362333615,8.126229842145406e-6,8.126232155185128e-6,1.0982495845045965e-5
14.13,0.173,0.06602518613354949,6.781856373289605e-6,6.781856670541026e-6,1.0982495845045965e-5
14.13,0.173,0.1084562128786955,5.027893182115527e-6,5.027896614314826e-6,1.0982495845045965e-5
14.13,0.173,0.17815550096589414,3.0748583988359657e-6,3.074858547996793e-6,1.0982495845045965e-5
14.13,0.173,0.292646974128703,1.3894990379165053e-6,1.3894998873829113e-6,1.0982495845045965e-5
14.13,0.173,0.480716289995901,3.9874805528589636e-7,3.987481088746747e-7,1.0982495845045965e-5
14.13,0.173,0.789648183294706,6.031557789141743e-8,6.031552463894771e-8,1.0982495845045965e-5
14.13,0.173,1.297114881182717,3.9664562445783866e-9,3.966446872932971e-9,1.0982495845045965e-5
14.13,0.173,2.1307045980472066,9.782403545381751e-11,9.782341897141064e-11,1.0982495845045965e-5
14.13,0.173,3.5000000000000004,7.810956309141711e-13,7.8099834733247e-13,1.0982495845045965e-5
14.13,0.173,3.8,2.514817831517371e-13,2.514888261054315e-13,1.0982495845045965e-5
14.13,0.173,3.98,5.526854090872694e-14,5.526920546229243e-14,1.0982495845045965e-5
14.13,0.173,3.9998,5.319981935669048e-15,5.3200118513810185e-15,1.0982495845045965e-5
14.13,0.61,1.0000000000000001e-7,3.683587303483571e-6,3.683587248418869e-6,3.683684760307415e-6
14.13,0.61,1.6426491045299075e-7,3.683546818981212e-6,3.6835467639156607e-6,3.683684760307415e-6
14.13,0.61,2.698296080612907e-7,3.683489516603047e-6,3.6834894615422245e-6,3.683684760307415e-6
14.13,0.61,4.432353640575351e-7,3.683408409654595e-6,3.6834083546354583e-6,3.683684760307415e-6
14.13,0.61,7.280801738650976e-7,3.6832936085556346e-6,3.6832935534854424e-6,3.683684760307415e-6
14.13,0.61,1.1959802456254818e-6,3.683131114224957e-6,3.683131059298198e-6,3.683684760307415e-6
14.13,0.61,1.9645758795121526e-6,3.6829011092714343e-6,3.682901054204839e-6,3.683684760307415e-6
14.13,0.61,3.227108809261693e-6,3.682575537138825e-6,3.6825754823518955e-6,3.683684760307415e-6
14.13,0.61,5.301007395754297e-6,3.6821146705894713e-6,3.682114615660054e-6,3.683684760307415e-6
14.13,0.61,8.707695051742211e-6,3.681462243260748e-6,3.6814621886079167e-6,3.683684760307415e-6
14.13,0.61,1.4303687479263852e-5,3.680538532811405e-6,3.6805384783599308e-6,3.683684760307415e-6
14.13,0.61,2.3495939429288417e-5,3.679230511867978e-6,3.679230457200802e-6,3.683684760307415e-6
14.13,0.61,3.8595583863609565e-5,3.6773777750423153e-6,3.6773777217367587e-6,3.683684760307415e-6
14.13,0.61,6.33990012723672e-5,3.6747523234635637e-6,3.674752268583642e-6,3.683684760307415e-6
14.13,0.61,0.00010414231266814445,3.6710292939760165e-6,3.6710292428919427e-6,3.683684760307415e-6
14.13,0.61,0.00017106927664800093,3.665744084932989e-6,3.6657440308363995e-6,3.683684760307415e-6
14.13,0.61,0.00028100679409841776,3.658228542562564e-6,3.6582284950441513e-6,3.683684760307415e-6
14.13,0.61,0.00046159555869258604,3.647513975585034e-6,3.6475139271461285e-6,3.683684760307415e-6
14.13,0.61,0.0007582395311413588,3.6321800262142535e-6,3.6321799827457885e-6,3.683684760307415e-6
14.13,0.61,0.00124552148684853,3.610112903113605e-6,3.610112877074395e-6,3.683684760307415e-6
14.13,0.61,0.002045954755044497,3.5781099252212624e-6,3.5781098809973948e-6,3.683684760307415e-6
14.13,0.61,0.0033607857462825456,3.531226069316387e-6,3.531226117649628e-6,3.683684760307415e-6
14.13,0.61,0.005520591696647901,3.461708477623019e-6,3.4617084303465505e-6,3.683684760307415e-6
14.13,0.61,0.009068395006973916,3.357353936399088e-6,3.3573541736390672e-6,3.683684760307415e-6
14.13,0.61,0.01489619093772919,3.199323942301155e-6,3.199324016830252e-6,3.683684760307415e-6
14.13,0.61,0.024469214704767362,2.9603248171169265e-6,2.9603253070414892e-6,3.683684760307415e-6
14.13,0.61,0.04019433362333615,2.606482035921739e-6,2.606482642741182e-6,3.683684760307415e-6
14.13,0.61,0.06602518613354949,2.110644305553875e-6,2.110644708542777e-6,3.683684760307415e-6
14.13,0.61,0.1084562128786955,1.486588191917414e-6,1.486589321100241e-6,3.683684760307415e-6
14.13,0.61,0.17815550096589414,8.339158581259474e-7,8.339158991964257e-7,3.683684760307415e-6
14.13,0.61,0.292646974128703,3.263219805612324e-7,3.2632232333885085e-7,3.683684760307415e-6
14.13,0.61,0.480716289995901,7.390930602234816e-8,7.390931883037669e-8,3.683684760307415e-6
14.13,0.61,0.789648183294706,7.631987150767925e-9,7.631980266300345e-9,3.683684760307415e-6
14.13,0.61,1.297114881182717,2.762336926077126e-10,2.762333730812959e-10,3.683684760307415e-6
14.13,0.61,2.1307045980472066,2.794770117351377e-12,2.794731743278482e-12,3.683684760307415e-6
14.13,0.61,3.5000000000000004,6.649496040790453e-15,6.647546137215977e-15,3.683684760307415e-6
14.13,0.61,3.8,1.7508832510984904e-15,1.7508873912757826e-15,3.683684760307415e-6
14.13,0.61,3.98,3.4736191799350467e-16,3.473030272063649e-16,3.683684760307415e-6
14.13,0.61,3.9998,3.3092571165781997e-17,3.308636159680481e-17,3.683684760307415e-6
14.13,1.73,1.0000000000000001e-7,9.013899359050143e-7,9.013899400899748e-7,9.014181362155151e-7
14.13,1.73,1.6426491045299075e-7,9.013782212066749e-7,9.013782253975074e-7,9.014181362155151e-7
14.13,1.73,2.698296080612907e-7,9.013616400214582e-7,9.01361644213351e-7,9.014181362155151e-7
14.13,1.73,4.432353640575351e-7,9.013381706209036e-7,9.013381748113681e-7,9.014181362155151e-7
14.13,1.73,7.280801738650976e-7,9.013049512327578e-7,9.013049554426517e-7,9.014181362155151e-7
14.13,1.73,1.1959802456254818e-6,9.012579308153043e-7,9.012579349996834e-7,9.014181362155151e-7
14.13,1.73,1.9645758795121526e-6,9.011913744159915e-7,9.011913786598015e-7,9.014181362155151e-7
14.13,1.73,3.227108809261693e-6,9.010971622624778e-7,9.010971664494175e-7,9.014181362155151e-7
14.13,1.73,5.301007395754297e-6,9.009637958860895e-7,9.009638001764502e-7,9.014181362155151e-7
14.13,1.73,8.707695051742211e-6,9.0077498727107e-7,9.007749915164362e-7,9.014181362155151e-7
14.13,1.73,1.4303687479263852e-5,9.00507652600303e-7,9.005076569223945e-7,9.014181362155151e-7
14.13,1.73,2.3495939429288417e-5,9.001290515299178e-7,9.001290559694771e-7,9.014181362155151e-7
14.13,1.73,3.8595583863609565e-5,8.995926908191911e-7,8.995926950969512e-7,9.014181362155151e-7
14.13,1.73,6.33990012723672e-5,8.988324209079258e-7,8.98832425805371e-7,9.014181362155151e-7
14.13,1.73,0.00010414231266814445,8.977538473348322e-7,8.977538514999389e-7,9.014181362155151e-7
14.13,1.73,0.00017106927664800093,8.962216658545687e-7,8.962216716465587e-7,9.014181362155151e-7
14.13,1.73,0.00028100679409841776,8.940406421488634e-7,8.940406467243803e-7,9.014181362155151e-7
14.13,1.73,0.00046159555869258604,8.909263818463136e-7,8.909263891024658e-7,9.014181362155151e-7
14.13,1.73,0.0007582395311413588,8.864592201028495e-7,8.864592275939148e-7,9.014181362155151e-7
14.13,1.73,0.00124552148684853,8.800096109872813e-7,8.800096196947507e-7,9.014181362155151e-7
14.13,1.73,0.002045954755044497,8.706151930826698e-7,8.706152127707525e-7,9.014181362155151e-7
14.13,1.73,0.0033607857462825456,8.567779237918625e-7,8.567779305828899e-7,9.014181362155151e-7
14.13,1.73,0.005520591696647901,8.361388717157005e-7,8.361389307788324e-7,9.014181362155151e-7
14.13,1.73,0.009068395006973916,8.050003013875875e-7,8.050003081141797e-7,9.014181362155151e-7
14.13,1.73,0.01489619093772919,7.577687656311243e-7,7.577689066110472e-7,9.014181362155151e-7
14.13,1.73,0.024469214704767362,6.867534782251137e-7,6.867535505671288e-7,9.014181362155151e-7
14.13,1.73,0.04019433362333615,5.836087068659647e-7,5.836089000416682e-7,9.014181362155151e-7
14.13,1.73,0.06602518613354949,4.448498876962157e-7,4.448501279680865e-7,9.014181362155151e-7
14.13,1.73,0.1084562128786955,2.827738786636019e-7,2.827739605272718e-7,9.014181362155151e-7
14.13,1.73,0.17815550096589414,1.334997060398945e-7,1.3349989895241057e-7,9.014181362155151e-7
14.13,1.73,0.292646974128703,3.920099786352091e-8,3.920099888589373e-8,9.014181362155151e-7
14.13,1.73,0.480716289995901,5.531244218486292e-9,5.5312516548741245e-9,9.014181362155151e-7
14.13,1.73,0.789648183294706,2.647445316188525e-10,2.647445743087683e-10,9.014181362155151e-7
14.13,1.73,1.297114881182717,2.8284551410016097e-12,2.8284451729984864e-12,9.014181362155151e-7
14.13,1.73,2.1307045980472066,4.4417031715476644e-15,4.44162699057915e-15,9.014181362155151e-7
14.13,1.73,3.5000000000000004,7.4531434430881365e-19,7.439237351270987e-19,9.014181362155151e-7
14.13,1.73,3.8,1.2338974597272232e-19,1.2300797382748846e-19,9.014181362155151e-7
14.13,1.73,3.98,1.941412607574547e-20,1.9449923296349044e-20,9.014181362155151e-7
14.13,1.73,3.9998,1.8077692308299444e-21,1.8123040147554283e-21,9.014181362155151e-7
14.13,4.71,1.0000000000000001e-7,1.819536712719168e-7,1.8195192430183233e-7,1.8196082115556171e-7
14.13,4.71,1.6426491045299075e-7,1.8195070112853663e-7,1.819489541714693e-7,1.8196082115556171e-7
14.13,4.71,2.698296080612907e-7,1.8194649712562775e-7,1.819447501809234e-7,1.8196082115556171e-7
14.13,4.71,4.432353640575351e-7,1.8194054665547792e-7,1.8193879972634032e-7,1.8196082115556171e-7
14.13,4.71,7.280801738650976e-7,1.8193212409921659e-7,1.819303771989371e-7,1.8196082115556171e-7
14.13,4.71,1.1959802456254818e-6,1.819202022489002e-7,1.8191845537457497e-7,1.8196082115556171e-7
14.13,4.71,1.9645758795121526e-6,1.819033268150118e-7,1.8190158000260422e-7,1.8196082115556171e-7
14.13,4.71,3.227108809261693e-6,1.8187943853202416e-7,1.818776917718596e-7,1.8196082115556171e-7
14.13,4.71,5.301007395754297e-6,1.81845620746312e-7,1.8184387410305042e-7,1.8196082115556171e-7
14.13,4.71,8.707695051742211e-6,1.8179774074370213e-7,1.817959942234392e-7,1.8196082115556171e-7
14.13,4.71,1.4303687479263852e-5,1.8172993889971799e-7,1.817281925750857e-7,1.8196082115556171e-7
14.13,4.71,2.3495939429288417e-5,1.8163389845801644e-7,1.816321524267674e-7,1.8196082115556171e-7
14.13,4.71,3.8595583863609565e-5,1.814977959596432e-7,1.8149605022695816e-7,1.8196082115556171e-7
14.13,4.71,6.33990012723672e-5,1.8130478017263367e-7,1.8130303508986407e-7,1.8196082115556171e-7
14.13,4.71,0.00010414231266814445,1.8103074125310995e-7,1.8102899661298648e-7,1.8196082115556171e-7
14.13,4.71,0.00017106927664800093,1.8064098451744192e-7,1.806392411108463e-7,1.8196082115556171e-7
14.13,4.71,0.00028100679409841776,1.8008516365556125e-7,1.8008342092909572e-7,1.8196082115556171e-7
14.13,4.71,0.00046159555869258604,1.792893640947351e-7,1.7928762298239166e-7,1.8196082115556171e-7
14.13,4.71,0.0007582395311413588,1.781434027800988e-7,1.781416624740613e-7,1.8196082115556171e-7
14.13,4.71,0.00124552148684853,1.7648000367020575e-7,1.7647826263429173e-7,1.8196082115556171e-7
14.13,4.71,0.002045954755044497,1.7404033954013766e-7,1.7403859796467916e-7,1.8196082115556171e-7
14.13,4.71,0.0033607857462825456,1.7041788387797552e-7,1.7041612687720928e-7,1.8196082115556171e-7
14.13,4.71,0.005520591696647901,1.6497226345452696e-7,1.6497049762619052e-7,1.8196082115556171e-7
14.13,4.71,0.009068395006973916,1.5671639266222164e-7,1.5671456765440058e-7,1.8196082115556171e-7
14.13,4.71,0.01489619093772919,1.4422910950111789e-7,1.4422724890215514e-7,1.8196082115556171e-7
14.13,4.71,0.024469214704767362,1.2577944923435156e-7,1.2577749330405472e-7,1.8196082115556171e-7
14.13,4.71,0.04019433362333615,1.0008752912677471e-7,1.0008556252529414e-7,1.8196082115556171e-7
14.13,4.71,0.06602518613354949,6.821548159812376e-8,6.821367617617308e-8,1.8196082115556171e-7
14.13,4.71,0.1084562128786955,3.589744511691678e-8,3.5896050910999613e-8,1.8196082115556171e-7
14.13,4.71,0.17815550096589414,1.2352349974844605e-8,1.2351655419875039e-8,1.8196082115556171e-7
14.13,4.71,0.292646974128703,2.1446355682280564e-9,2.144442072983505e-9,1.8196082115556171e-7
14.13,4.71,0.480716289995901,1.271436817865621e-10,1.271260666792053e-10,1.8196082115556171e-7
14.13,4.71,0.789648183294706,1.4729943321639284e-12,1.472663035923552e-12,1.8196082115556171e-7
14.13,4.71,1.297114881182717,1.5994387917830669e-15,1.5988623909186491e-15,1.8196082115556171e-7
14.13,4.71,2.1307045980472066,6.960491085589577e-20,6.955343947342622e-20,1.8196082115556171e-7
14.13,4.71,3.5000000000000004,5.471606068073052e-26,5.38808998661174e-26,1.8196082115556171e-7
14.13,4.71,3.8,3.273380328875649e-27,3.1799001267610257e-27,1.8196082115556171e-7
14.13,4.71,3.98,3.111578250366058e-28,3.150356262199021e-28,1.8196082115556171e-7
14.13,4.71,3.9998,2.762589912688812e-29,2.813287168410521e-29,1.8196082115556171e-7
14.69,0.00113,1.0000000000000001e-7,0.00010422150498101867,0.00010422151370632865,0.00010422585296477375
14.69,0.00113,1.6426491045299075e-7,0.00010421969877656406,0.00010421970751984387,0.00010422585296477375
14.69,0.00113,2.698296080612907e-7,0.00010421714223406625,0.00010421715100227853,0.00010422585296477375
14.69,0.00113,4.432353640575351e-7,0.00010421352362115962,0.00010421353242326607,0.00010422585296477375
14.69,0.00113,7.280801738650976e-7,0.00010420840166175768,0.00010420841051635137,0.00010422585296477375
14.69,0.00113,1.1959802456254818e-6,0.00010420115166032983,0.00010420116057988186,0.00010422585296477375
14.69,0.00113,1.9645758795121526e-6,0.00010419088916509486,0.00010419089819218472,0.00010422585296477375
14.69,0.00113,3.227108809261693e-6,0.0001041763617358766,0.00010417637089409891,0.00010422585296477375
14.69,0.00113,5.301007395754297e-6,0.0001041557953312533,0.0001041558047006929,0.00010422585296477375
14.69,0.00113,8.707695051742211e-6,0.00010412667592988666,0.00010412668557537623,0.00010422585296477375
14.69,0.00113,1.4303687479263852e-5,0.00010408543828058671,0.0001040854483289007,0.00010422585296477375
14.69,0.00113,2.3495939429288417e-5,0.00010402702051510834,0.00010402703115327434,0.00010422585296477375
14.69,0.00113,3.8595583863609565e-5,0.00010394422294202203,0.00010394423434877034,0.00010422585296477375
14.69,0.00113,6.33990012723672e-5,0.0001038267765902022,0.00010382678925431684,0.00010422585296477375
14.69,0.00113,0.00010414231266814445,0.00010365997257278327,0.00010365998677210912,0.00010422585296477375
14.69,0.00113,0.00017106927664800093,0.00010342260945507576,0.00010342262631018747,0.00010422585296477375
14.69,0.00113,0.00028100679409841776,0.00010308384979294917,0.00010308387000408698,0.00010422585296477375
14.69,0.00113,0.00046159555869258604,0.00010259828042236324,0.00010259830625004839,0.00010422585296477375
14.69,0.00113,0.0007582395311413588,0.00010189794855684106,0.00010189798252589515,0.00010422585296477375
14.69,0.00113,0.00124552148684853,0.00010087927211213981,0.00010087931834853604,0.00010422585296477375
14.69,0.00113,0.002045954755044497,9.938143896879963e-5,9.938150703526213e-5,0.00010422585296477375
14.69,0.00113,0.0033607857462825456,9.715162120894082e-5,9.715171768281963e-5,0.00010422585296477375
14.69,0.00113,0.005520591696647901,9.379313965641725e-5,9.379329575725792e-5,0.00010422585296477375
14.69,0.00113,0.009068395006973916,8.870247067678111e-5,8.870269663926954e-5,0.00010422585296477375
14.69,0.00113,0.01489619093772919,8.103642933884131e-5,8.103678941592373e-5,0.00010422585296477375
14.69,0.00113,0.024469214704767362,6.983792256061657e-5,6.983842287034584e-5,0.00010422585296477375
14.69,0.00113,0.04019433362333615,5.457528388305664e-5,5.4575933388943324e-5,0.00010422585296477375
14.69,0.00113,0.06602518613354949,3.6283589287649945e-5,3.628429412495289e-5,0.00010422585296477375
14.69,0.00113,0.1084562128786955,1.8599766523189542e-5,1.860031990838132e-5,0.00010422585296477375
14.69,0.00113,0.17815550096589414,6.370767758675878e-6,6.371058122340718e-6,0.00010422585296477375
14.69,0.00113,0.292646974128703,1.2033977921707254e-6,1.2034750539179294e-6,0.00010422585296477375
14.69,0.00113,0.480716289995901,9.987365956459891e-8,9.988204087865419e-8,0.00010422585296477375
14.69,0.00113,0.789648183294706,2.9192999589406685e-9,2.91960074757927e-9,0.00010422585296477375
14.69,0.00113,1.297114881182717,2.5876964458241378e-11,2.587978287467122e-11,0.00010422585296477375
14.69,0.00113,2.1307045980472066,6.812114033571388e-14,6.81277002503616e-14,0.00010422585296477375
14.69,0.00113,3.5000000000000004,5.71002800176509e-17,5.708585372034805e-17,0.00010422585296477375
14.69,0.00113,3.8,1.3372292333430321e-17,1.3362847524353397e-17,0.00010422585296477375
14.69,0.00113,3.98,2.5145100162608027e-18,2.5148968828380374e-18,0.00010422585296477375
14.69,0.00113,3.9998,2.383240696630104e-19,2.383932806504045e-19,0.00010422585296477375
14.69,0.0037,1.0000000000000001e-7,0.00010312448223338278,0.00010312448230790096,0.0001031287880484946
14.69,0.0037,1.6426491045299075e-7,0.00010312269354626406,0.00010312269362166648,0.0001031287880484946
14.69,0.0037,2.698296080612907e-7,0.00010312016179816844,0.00010312016187388507,0.0001031287880484946
14.69,0.0037,4.432353640575351e-7,0.00010311657827999117,0.00010311657835539636,0.0001031287880484946
14.69,0.0037,7.280801738650976e-7,0.00010311150599520439,0.0001031115060738438,0.0001031287880484946
14.69,0.0037,1.1959802456254818e-6,0.00010310432630654704,0.00010310432638125314,0.0001031287880484946
14.69,0.0037,1.9645758795121526e-6,0.00010309416333934467,0.00010309416342340813,0.0001031287880484946
14.69,0.0037,3.227108809261693e-6,0.00010307977679854127,0.00010307977687440249,0.0001031287880484946
14.69,0.0037,5.301007395754297e-6,0.00010305940984450012,0.00010305940993603183,0.0001031287880484946
14.69,0.0037,8.707695051742211e-6,0.00010303057282965186,0.00010303057291595058,0.0001031287880484946
14.69,0.0037,1.4303687479263852e-5,0.0001029897350613026,0.00010298973515838653,0.0001031287880484946
14.69,0.0037,2.3495939429288417e-5,0.00010293188372077799,0.0001029318838396976,0.0001031287880484946
14.69,0.0037,3.8595583863609565e-5,0.00010284988884659579,0.00010284988893892031,0.0001031287880484946
14.69,0.0037,6.33990012723672e-5,0.00010273358084684803,0.00010273358104262,0.0001031287880484946
14.69,0.0037,0.00010414231266814445,0.00010256839301516114,0.00010256839309795104,0.0001031287880484946
14.69,0.0037,0.00017106927664800093,0.00010233332850378084,0.00010233332885566163,0.0001031287880484946
14.69,0.0037,0.00028100679409841776,0.00010199784671496017,0.00010199784689025395,0.0001031287880484946
14.69,0.0037,0.00046159555869258604,0.0001015169702082563,0.00010151697083513064,0.0001031287880484946
14.69,0.0037,0.0007582395311413588,0.0001008233955233286,0.00010082339627316586,0.0001031287880484946
14.69,0.0037,0.00124552148684853,9.98145258909258e-5,9.98145268266561e-5,0.0001031287880484946
14.69,0.0037,0.002045954755044497,9.83310726843029e-5,9.83310757919873e-5,0.0001031287880484946
14.69,0.0037,0.0033607857462825456,9.612259837187378e-5,9.612259910284162e-5,0.0001031287880484946
14.69,0.0037,0.005520591696647901,9.279618371925159e-5,9.279619388147423e-5,0.0001031287880484946
14.69,0.0037,0.009068395006973916,8.775408949538737e-5,8.775409096399406e-5,0.0001031287880484946
14.69,0.0037,0.01489619093772919,8.016143928808847e-5,8.016146119661998e-5,0.0001031287880484946
14.69,0.0037,0.024469214704767362,6.907124191817911e-5,6.90712539372535e-5,0.0001031287880484946
14.69,0.0037,0.04019433362333615,5.395936493364165e-5,5.3959387317943935e-5,0.0001031287880484946
14.69,0.0037,0.06602518613354949,3.58552060394668e-5,3.585522963157596e-5,0.0001031287880484946
14.69,0.0037,0.1084562128786955,1.836393174834525e-5,1.8363936196726737e-5,0.0001031287880484946
14.69,0.0037,0.17815550096589414,6.28078220680019e-6,6.280787179572231e-6,0.0001031287880484946
14.69,0.0037,0.292646974128703,1.1835658123401452e-6,1.1835658335244642e-6,0.0001031287880484946
14.69,0.0037,0.480716289995901,9.785366316787147e-8,9.785351293756834e-8,0.0001031287880484946
14.69,0.0037,0.789648183294706,2.8435264531073736e-9,2.843524935908992e-9,0.0001031287880484946
14.69,0.0037,1.297114881182717,2.4990781106639596e-11,2.4990681201337924e-11,0.0001031287880484946
14.69,0.0037,2.1307045980472066,6.50265857443009e-14,6.502611967717519e-14,0.0001031287880484946
14.69,0.0037,3.5000000000000004,5.372075966221587e-17,5.3704144651700175e-17,0.0001031287880484946
14.69,0.0037,3.8,1.2551583611719654e-17,1.2543806593645621e-17,0.0001031287880484946
14.69,0.0037,3.98,2.3574687792462198e-18,2.3583081407635302e-18,0.0001031287880484946
14.69,0.0037,3.9998,2.234143455887742e-19,2.235257750651682e-19,0.0001031287880484946
14.69,0.0127,1.0000000000000001e-7,9.94041237493247e-5,9.94041237745199e-5,9.940828631796246e-5
14.69,0.0127,1.6426491045299075e-7,9.940239456842833e-5,9.940239459311667e-5,9.940828631796246e-5
14.69,0.0127,2.698296080612907e-7,9.939994704668107e-5,9.939994707225375e-5,9.940828631796246e-5
14.69,0.0127,4.432353640575351e-7,9.939648274496974e-5,9.93964827713545e-5,9.940828631796246e-5
14.69,0.0127,7.280801738650976e-7,9.939157920439266e-5,9.939157922968965e-5,9.940828631796246e-5
14.69,0.0127,1.1959802456254818e-6,9.938463836758902e-5,9.938463839786758e-5,9.940828631796246e-5
14.69,0.0127,1.9645758795121526e-6,9.937481349627223e-5,9.937481352055233e-5,9.940828631796246e-5
14.69,0.0127,3.227108809261693e-6,9.936090555233154e-5,9.936090558940312e-5,9.940828631796246e-5
14.69,0.0127,5.301007395754297e-6,9.934121613063346e-5,9.934121615740641e-5,9.940828631796246e-5
14.69,0.0127,8.707695051742211e-6,9.931333838153398e-5,9.931333842701469e-5,9.940828631796246e-5
14.69,0.0127,1.4303687479263852e-5,9.927385900828197e-5,9.92738590507776e-5,9.940828631796246e-5
14.69,0.0127,2.3495939429288417e-5,9.921793181553108e-5,9.921793186486607e-5,9.940828631796246e-5
14.69,0.0127,3.8595583863609565e-5,9.91386637191816e-5,9.91386638079706e-5,9.940828631796246e-5
14.69,0.0127,6.33990012723672e-5,9.902622272970084e-5,9.902622276748641e-5,9.940828631796246e-5
14.69,0.0127,0.00010414231266814445,9.886652515338582e-5,9.886652534972813e-5,9.940828631796246e-5
14.69,0.0127,0.00017106927664800093,9.863926918140891e-5,9.863926921130561e-5,9.940828631796246e-5
14.69,0.0127,0.00028100679409841776,9.8314922728325e-5,9.831492314465408e-5,9.940828631796246e-5
14.69,0.0127,0.00046159555869258604,9.784998877506595e-5,9.784998897729066e-5,9.940828631796246e-5
14.69,0.0127,0.0007582395311413588,9.717937018256612e-5,9.717937097275761e-5,9.940828631796246e-5
14.69,0.0127,0.00124552148684853,9.620381842685565e-5,9.620381963285096e-5,9.940828631796246e-5
14.69,0.0127,0.002045954755044497,9.476922235343536e-5,9.47692234112155e-5,9.940828631796246e-5
14.69,0.0127,0.0033607857462825456,9.263326840911724e-5,9.263327352134197e-5,9.940828631796246e-5
14.69,0.0127,0.005520591696647901,8.941581573744326e-5,8.941581605900298e-5,9.940828631796246e-5
14.69,0.0127,0.009068395006973916,8.453878086611632e-5,8.453879591592035e-5,9.940828631796246e-5
14.69,0.0127,0.01489619093772919,7.71955088126602e-5,7.719551102436671e-5,9.940828631796246e-5
14.69,0.0127,0.024469214704767362,6.64732858850605e-5,6.647331127167747e-5,9.940828631796246e-5
14.69,0.0127,0.04019433362333615,5.1873441183891127e-5,5.187345593781914e-5,9.940828631796246e-5
14.69,0.0127,0.06602518613354949,3.440580282516929e-5,3.4405817884212864e-5,9.940828631796246e-5
14.69,0.0127,0.1084562128786955,1.7567321861359078e-5,1.7567335782616653e-5,9.940828631796246e-5
14.69,0.0127,0.17815550096589414,5.977684826265295e-6,5.977685355418853e-6,9.940828631796246e-5
14.69,0.0127,0.292646974128703,1.1170839809704024e-6,1.117083979291897e-6,9.940828631796246e-5
14.69,0.0127,0.480716289995901,9.113505137866154e-8,9.11350541016498e-8,9.940828631796246e-5
14.69,0.0127,0.789648183294706,2.594593872910102e-9,2.594586223701365e-9,9.940828631796246e-5
14.69,0.0127,1.297114881182717,2.2132198689062102e-11,2.2132177860815394e-11,9.940828631796246e-5
14.69,0.0127,2.1307045980472066,5.5291814744114643e-14,5.5290935295607316e-14,9.940828631796246e-5
14.69,0.0127,3.5000000000000004,4.341729789017882e-17,4.340231860531379e-17,9.940828631796246e-5
14.69,0.0127,3.8,1.0061901904002907e-17,1.0061889982606616e-17,9.940828631796246e-5
14.69,0.0127,3.98,1.8822524016662607e-18,1.881794083774542e-18,9.940828631796246e-5
14.69,0.0127,3.9998,1.783076951365196e-19,1.7826016992891519e-19,9.940828631796246e-5
14.69,0.047,1.0000000000000001e-7,8.679052004444223e-5,8.679052047972456e-5,8.67941940131754e-5
14.69,0.047,1.6426491045299075e-7,8.678899383354582e-5,8.678899426786347e-5,8.67941940131754e-5
14.69,0.047,2.698296080612907e-7,8.678683359979126e-5,8.678683403598706e-5,8.67941940131754e-5
14.69,0.047,4.432353640575351e-7,8.67837759340539e-5,8.678377636908866e-5,8.67941940131754e-5
14.69,0.047,7.280801738650976e-7,8.677944796396282e-5,8.677944840104148e-5,8.67941940131754e-5
14.69,0.047,1.1959802456254818e-6,8.677332182842042e-5,8.677332226628444e-5,8.67941940131754e-5
14.69,0.047,1.9645758795121526e-6,8.676465017102948e-5,8.676465060793646e-5,8.67941940131754e-5
14.69,0.047,3.227108809261693e-6,8.675237467824638e-5,8.675237512304009e-5,8.67941940131754e-5
14.69,0.047,5.301007395754297e-6,8.673499626192722e-5,8.673499669685776e-5,8.67941940131754e-5
14.69,0.047,8.707695051742211e-6,8.671039049395353e-5,8.671039095168155e-5,8.67941940131754e-5
14.69,0.047,1.4303687479263852e-5,8.667554451697348e-5,8.6675544954415e-5,8.67941940131754e-5
14.69,0.047,2.3495939429288417e-5,8.662618050153476e-5,8.662618097741542e-5,8.67941940131754e-5
14.69,0.047,3.8595583863609565e-5,8.655621339651381e-5,8.65562138598401e-5,8.67941940131754e-5
14.69,0.047,6.33990012723672e-5,8.645696289151297e-5,8.6456963381827e-5,8.67941940131754e-5
14.69,0.047,0.00010414231266814445,8.631599313516143e-5,8.631599368700738e-5,8.67941940131754e-5
14.69,0.047,0.00017106927664800093,8.611537375972609e-5,8.611537423797409e-5,8.67941940131754e-5
14.69,0.047,0.00028100679409841776,8.582901420006412e-5,8.582901499682779e-5,8.67941940131754e-5
14.69,0.047,0.00046159555869258604,8.541847037941337e-5,8.541847082655679e-5,8.67941940131754e-5
14.69,0.047,0.0007582395311413588,8.482617770884863e-5,8.482617912355706e-5,8.67941940131754e-5
14.69,0.047,0.00124552148684853,8.396432228307006e-5,8.39643230802893e-5,8.67941940131754e-5
14.69,0.047,0.002045954755044497,8.269647974340586e-5,8.269648242318823e-5,8.67941940131754e-5
14.69,0.047,0.0033607857462825456,8.080809423859698e-5,8.08080975252831e-5,8.67941940131754e-5
14.69,0.047,0.005520591696647901,7.796268325455139e-5,7.796268711884129e-5,8.67941940131754e-5
14.69,0.047,0.009068395006973916,7.364928301167307e-5,7.364929531766191e-5,8.67941940131754e-5
14.69,0.047,0.01489619093772919,6.715746594553982e-5,6.715746812887553e-5,8.67941940131754e-5
14.69,0.047,0.024469214704767362,5.769095491615131e-5,5.769098236360019e-5,8.67941940131754e-5
14.69,0.047,0.04019433362333615,4.4836296992045745e-5,4.483629989328911e-5,8.67941940131754e-5
14.69,0.047,0.06602518613354949,2.953310670063123e-5,2.9533130742046235e-5,8.67941940131754e-5
14.69,0.047,0.1084562128786955,1.4905273859011386e-5,1.4905280280241087e-5,8.67941940131754e-5
14.69,0.047,0.17815550096589414,4.9751631333392725e-6,4.975165362415036e-6,8.67941940131754e-5
14.69,0.047,0.292646974128703,9.009613179622726e-7,9.009614304948741e-7,8.67941940131754e-5
14.69,0.047,0.480716289995901,6.990503423324129e-8,6.990500752580313e-8,8.67941940131754e-5
14.69,0.047,0.789648183294706,1.8422143535891997e-9,1.8422088466893972e-9,8.67941940131754e-5
14.69,0.047,1.297114881182717,1.4038578562722559e-11,1.4038578024597846e-11,8.67941940131754e-5
14.69,0.047,2.1307045980472066,3.006802370844482e-14,3.006743963420217e-14,8.67941940131754e-5
14.69,0.047,3.5000000000000004,1.947655371037718e-17,1.947483665384991e-17,8.67941940131754e-5
14.69,0.047,3.8,4.3759590107652285e-18,4.373809343992049e-18,8.67941940131754e-5
14.69,0.047,3.98,8.0616803130046365e-19,8.057122285930289e-19,8.67941940131754e-5
14.69,0.047,3.9998,7.625390025534965e-20,7.621389354737071e-20,8.67941940131754e-5
14.69,0.173,1.0000000000000001e-7,5.559125030074591e-5,5.559125022765897e-5,5.5593691676293926e-5
14.69,0.173,1.6426491045299075e-7,5.559023612331731e-5,5.5590236050707716e-5,5.5593691676293926e-5
14.69,0.173,2.698296080612907e-7,5.558880063264116e-5,5.558880055940213e-5,5.5593691676293926e-5
14.69,0.173,4.432353640575351e-7,5.558676879022722e-5,5.5586768718724234e-5,5.5593691676293926e-5
14.69,0.173,7.280801738650976e-7,5.5583892816624254e-5,5.55838927433135e-5,5.5593691676293926e-5
14.69,0.173,1.1959802456254818e-6,5.5579821936916685e-5,5.557982186709007e-5,5.5593691676293926e-5
14.69,0.173,1.9645758795121526e-6,5.557405950989253e-5,5.557405943805209e-5,5.5593691676293926e-5
14.69,0.173,3.227108809261693e-6,5.556590223780727e-5,5.556590216953097e-5,5.5593691676293926e-5
14.69,0.173,5.301007395754297e-6,5.555435387168918e-5,5.555435380538205e-5,5.5593691676293926e-5
14.69,0.173,8.707695051742211e-6,5.55380024981063e-5,5.553800242933977e-5,5.5593691676293926e-5
14.69,0.173,1.4303687479263852e-5,5.551484556055103e-5,5.55148455077566e-5,5.5593691676293926e-5
14.69,0.173,2.3495939429288417e-5,5.548203929900267e-5,5.548203922656503e-5,5.5593691676293926e-5
14.69,0.173,3.8595583863609565e-5,5.543553765398412e-5,5.543553762724479e-5,5.5593691676293926e-5
14.69,0.173,6.33990012723672e-5,5.536956692051637e-5,5.536956685462567e-5,5.5593691676293926e-5
14.69,0.173,0.00010414231266814445,5.527585105892838e-5,5.527585107268423e-5,5.5593691676293926e-5
14.69,0.173,0.00017106927664800093,5.514244827463462e-5,5.514244826964232e-5,5.5593691676293926e-5
14.69,0.173,0.00028100679409841776,5.49519632103585e-5,5.495196326642067e-5,5.5593691676293926e-5
14.69,0.173,0.00046159555869258604,5.467872709932944e-5,5.4678727337604696e-5,5.5593691676293926e-5
14.69,0.173,0.0007582395311413588,5.428423639046818e-5,5.428423642704822e-5,5.5593691676293926e-5
14.69,0.173,0.00124552148684853,5.37096411172168e-5,5.370964216487806e-5,5.5593691676293926e-5
14.69,0.173,0.002045954755044497,5.2863360463572055e-5,5.2863360414813844e-5,5.5593691676293926e-5
14.69,0.173,0.0033607857462825456,5.160125940047933e-5,5.160126259187806e-5,5.5593691676293926e-5
14.69,0.173,0.005520591696647901,4.9697592756729194e-5,4.9697593941090424e-5,5.5593691676293926e-5
14.69,0.173,0.009068395006973916,4.681133430356615e-5,4.6811340773167466e-5,5.5593691676293926e-5
14.69,0.173,0.01489619093772919,4.2474480555187894e-5,4.247448830019754e-5,5.5593691676293926e-5
14.69,0.173,0.024469214704767362,3.618035498337929e-5,3.6180361140817123e-5,5.5593691676293926e-5
14.69,0.173,0.04019433362333615,2.771668992382575e-5,2.771670754550192e-5,5.5593691676293926e-5
14.69,0.173,0.06602518613354949,1.781702705574733e-5,1.7817027854504784e-5,5.5593691676293926e-5
14.69,0.173,0.1084562128786955,8.632159149712917e-6,8.632168820751805e-6,5.5593691676293926e-5
14.69,0.173,0.17815550096589414,2.692552163510482e-6,2.6925524895737223e-6,5.5593691676293926e-5
14.69,0.173,0.292646974128703,4.364845279869139e-7,4.3648455670695287e-7,5.5593691676293926e-5
14.69,0.173,0.480716289995901,2.8369111622849514e-8,2.83691007020534e-8,5.5593691676293926e-5
14.69,0.173,0.789648183294706,5.68690829274095e-10,5.686897862666262e-10,5.5593691676293926e-5
14.69,0.173,1.297114881182717,2.9017226860501287e-12,2.9017120961299254e-12,5.5593691676293926e-5
14.69,0.173,2.1307045980472066,3.583671283781531e-15,3.5836549300759654e-15,5.5593691676293926e-5
14.69,0.173,3.5000000000000004,1.1597810222867806e-18,1.1584308561862085e-18,5.5593691676293926e-5
14.69,0.173,3.8,2.3277052215679453e-19,2.3286063802988813e-19,5.5593691676293926e-5
14.69,0.173,3.98,4.056581152694985e-20,4.0598957272954976e-20,5.5593691676293926e-5
14.69,0.173,3.9998,3.816174236900118e-21,3.819217955449013e-21,5.5593691676293926e-5
14.69,0.61,1.0000000000000001e-7,1.8692854564188307e-5,1.8692854286401893e-5,1.869376271538122e-5
14.69,0.61,1.6426491045299075e-7,1.869247730633402e-5,1.869247702857623e-5,1.869376271538122e-5
14.69,0.61,2.698296080612907e-7,1.869194332576971e-5,1.8691943047998952e-5,1.869376271538122e-5
14.69,0.61,4.432353640575351e-7,1.869118750943061e-5,1.8691187232112665e-5,1.869376271538122e-5
14.69,0.61,7.280801738650976e-7,1.8690117683622205e-5,1.8690117405756685e-5,1.869376271538122e-5
14.69,0.61,1.1959802456254818e-6,1.868860335697548e-5,1.8688603080494812e-5,1.869376271538122e-5
14.69,0.61,1.9645758795121526e-6,1.8686459766632047e-5,1.868645948889939e-5,1.869376271538122e-5
14.69,0.61,3.227108809261693e-6,1.8683425250271707e-5,1.8683424974990356e-5,1.869376271538122e-5
14.69,0.61,5.301007395754297e-6,1.8679129111776895e-5,1.867912883552822e-5,1.869376271538122e-5
14.69,0.61,8.707695051742211e-6,1.867304589665294e-5,1.8673045622381316e-5,1.869376271538122e-5
14.69,0.61,1.4303687479263852e-5,1.8664430128828997e-5,1.8664429857348832e-5,1.869376271538122e-5
14.69,0.61,2.3495939429288417e-5,1.865222271691418e-5,1.8652222442185087e-5,1.869376271538122e-5
14.69,0.61,3.8595583863609565e-5,1.8634915768263624e-5,1.863491550805531e-5,1.869376271538122e-5
14.69,0.61,6.33990012723672e-5,1.861035527044195e-5,1.8610354994089293e-5,1.869376271538122e-5
14.69,0.61,0.00010414231266814445,1.8575448803472953e-5,1.8575448565816606e-5,1.869376271538122e-5
14.69,0.61,0.00017106927664800093,1.8525723995381584e-5,1.852572373036387e-5,1.869376271538122e-5
14.69,0.61,0.00028100679409841776,1.845464522970622e-5,1.845464503090015e-5,1.869376271538122e-5
14.69,0.61,0.00046159555869258604,1.8352527946945425e-5,1.8352527755157643e-5,1.869376271538122e-5
14.69,0.61,0.0007582395311413588,1.8204771456710793e-5,1.820477130262139e-5,1.869376271538122e-5
14.69,0.61,0.00124552148684853,1.7988940343884015e-5,1.798894045556501e-5,1.869376271538122e-5
14.69,0.61,0.002045954755044497,1.766996970174027e-5,1.7669969521694233e-5,1.869376271538122e-5
14.69,0.61,0.0033607857462825456,1.7192606884411056e-5,1.719260796261543e-5,1.869376271538122e-5
14.69,0.61,0.005520591696647901,1.6470771783569084e-5,1.647077163421394e-5,1.869376271538122e-5
14.69,0.61,0.009068395006973916,1.5376686726817156e-5,1.5376689740717144e-5,1.869376271538122e-5
14.69,0.61,0.01489619093772919,1.3742413134852724e-5,1.3742414529367675e-5,1.869376271538122e-5
14.69,0.61,0.024469214704767362,1.1407036295059238e-5,1.1407040369253162e-5,1.869376271538122e-5
14.69,0.61,0.04019433362333615,8.361887643328228e-6,8.36189241561346e-6,1.869376271538122e-5
14.69,0.61,0.06602518613354949,4.989348546733542e-6,4.989350075241077e-6,1.869376271538122e-5
14.69,0.61,0.1084562128786955,2.1337216480823864e-6,2.1337246323179944e-6,1.869376271538122e-5
14.69,0.61,0.17815550096589414,5.411630704927523e-7,5.411631069622768e-7,1.869376271538122e-5
14.69,0.61,0.292646974128703,6.251028686305157e-8,6.251033156145757e-8,1.869376271538122e-5
14.69,0.61,0.480716289995901,2.356191350330351e-9,2.356191709120182e-9,1.869376271538122e-5
14.69,0.61,0.789648183294706,2.0206562250577568e-11,2.0206505115789077e-11,1.869376271538122e-5
14.69,0.61,1.297114881182717,2.9203986869475535e-14,2.920392021747623e-14,1.869376271538122e-5
14.69,0.61,2.1307045980472066,6.211537737876365e-18,6.2115537793256946e-18,1.869376271538122e-5
14.69,0.61,3.5000000000000004,2.0857192181280867e-22,2.0803510121896306e-22,1.869376271538122e-5
14.69,0.61,3.8,2.8619033200957253e-23,2.865315183539951e-23,1.869376271538122e-5
14.69,0.61,3.98,4.142383762790595e-24,4.148682449147021e-24,1.869376271538122e-5
14.69,0.61,3.9998,3.8275613772475745e-25,3.833039137186248e-25,1.869376271538122e-5
14.69,1.73,1.0000000000000001e-7,4.586968856703999e-6,4.5869688779967155e-6,4.587231641483845e-6
14.69,1.73,1.6426491045299075e-7,4.586859692085639e-6,4.586859713424153e-6,4.587231641483845e-6
14.69,1.73,2.698296080612907e-7,4.586705177136093e-6,4.586705198499716e-6,4.587231641483845e-6
14.69,1.73,4.432353640575351e-7,4.586486469633107e-6,4.586486490960663e-6,4.587231641483845e-6
14.69,1.73,7.280801738650976e-7,4.5861768957599605e-6,4.586176917292897e-6,4.587231641483845e-6
14.69,1.73,1.1959802456254818e-6,4.585738691089082e-6,4.5857387123615906e-6,4.587231641483845e-6
14.69,1.73,1.9645758795121526e-6,4.585118380370084e-6,4.585118402207406e-6,4.587231641483845e-6
14.69,1.73,3.227108809261693e-6,4.584240221231955e-6,4.584240242573349e-6,4.587231641483845e-6
14.69,1.73,5.301007395754297e-6,4.582996886156486e-6,4.5829969083851165e-6,4.587231641483845e-6
14.69,1.73,8.707695051742211e-6,4.581236187306626e-6,4.581236209277003e-6,4.587231641483845e-6
14.69,1.73,1.4303687479263852e-5,4.578742092507205e-6,4.5787421149422055e-6,4.587231641483845e-6
14.69,1.73,2.3495939429288417e-5,4.57520742118991e-6,4.575207445124546e-6,4.587231641483845e-6
14.69,1.73,3.8595583863609565e-5,4.570194236743087e-6,4.570194258658087e-6,4.587231641483845e-6
14.69,1.73,6.33990012723672e-5,4.563075678599567e-6,4.56307570722446e-6,4.587231641483845e-6
14.69,1.73,0.00010414231266814445,4.552949076177714e-6,4.552949097314179e-6,4.587231641483845e-6
14.69,1.73,0.00017106927664800093,4.538503301558591e-6,4.538503339987662e-6,4.587231641483845e-6
14.69,1.73,0.00028100679409841776,4.5178110036208484e-6,4.517811030969976e-6,4.587231641483845e-6
14.69,1.73,0.00046159555869258604,4.487994546986054e-6,4.487994602763261e-6,4.587231641483845e-6
14.69,1.73,0.0007582395311413588,4.444677500462915e-6,4.444677568594625e-6,4.587231641483845e-6
14.69,1.73,0.00124552148684853,4.381077451563621e-6,4.38107752243807e-6,4.587231641483845e-6
14.69,1.73,0.002045954755044497,4.286533389368249e-6,4.286533625200757e-6,4.587231641483845e-6
14.69,1.73,0.0033607857462825456,4.14426907513908e-6,4.1442691133923655e-6,4.587231641483845e-6
14.69,1.73,0.005520591696647901,3.928539026901578e-6,3.928539724424285e-6,4.587231641483845e-6
14.69,1.73,0.009068395006973916,3.6026760021135852e-6,3.602676085385206e-6,4.587231641483845e-6
14.69,1.73,0.01489619093772919,3.1231738762570107e-6,3.123175182144405e-6,4.587231641483845e-6
14.69,1.73,0.024469214704767362,2.4609777403697523e-6,2.460978436626133e-6,4.587231641483845e-6
14.69,1.73,0.04019433362333615,1.6513062359979503e-6,1.6513072737872542e-6,4.587231641483845e-6
14.69,1.73,0.06602518613354949,8.488099148344889e-7,8.488109315849475e-7,4.587231641483845e-6
14.69,1.73,0.1084562128786955,2.8293393546894305e-7,2.829340459507677e-7,4.587231641483845e-6
14.69,1.73,0.17815550096589414,4.747913832943261e-8,4.747925178057089e-8,4.587231641483845e-6
14.69,1.73,0.292646974128703,2.78276351299854e-9,2.7827636095802784e-9,4.587231641483845e-6
14.69,1.73,0.480716289995901,3.493559316305962e-11,3.49355863651112e-11,4.587231641483845e-6
14.69,1.73,0.789648183294706,5.2623978590740026e-14,5.2623956346746835e-14,4.587231641483845e-6
14.69,1.73,1.297114881182717,5.4042564050050026e-18,5.4042319821838444e-18,4.587231641483845e-6
14.69,1.73,2.1307045980472066,2.577520004059411e-23,2.5770884952685012e-23,4.587231641483845e-6
14.69,1.73,3.5000000000000004,5.391101893279645e-30,5.315244280041154e-30,4.587231641483845e-6
14.69,1.73,3.8,2.9913751179053307e-31,2.908908926771894e-31,4.587231641483845e-6
14.69,1.73,3.98,2.7867433247326905e-32,2.820655781526512e-32,4.587231641483845e-6
14.69,1.73,3.9998,2.4710512559472295e-33,2.515323981375347e-33,4.587231641483845e-6
14.69,4.71,1.0000000000000001e-7,9.279010803601011e-7,9.278921310655964e-7,9.279677067140633e-7
14.69,4.71,1.6426491045299075e-7,9.278734026222393e-7,9.27864453414883e-7,9.279677067140633e-7
14.69,4.71,2.698296080612907e-7,9.27834226465304e-7,9.278252773790642e-7,9.279677067140633e-7
14.69,4.71,4.432353640575351e-7,9.277787741994003e-7,9.277698252563279e-7,9.279677067140633e-7
14.69,4.71,7.280801738650976e-7,9.277002819304937e-7,9.276913332668745e-7,9.279677067140633e-7
14.69,4.71,1.1959802456254818e-6,9.275891725101073e-7,9.275802240908228e-7,9.279677067140633e-7
14.69,4.71,1.9645758795121526e-6,9.274318823912483e-7,9.274229345581926e-7,9.279677067140633e-7
14.69,4.71,3.227108809261693e-6,9.272091953944423e-7,9.272002480694975e-7,9.279677067140633e-7
14.69,4.71,5.301007395754297e-6,9.268938712659394e-7,9.268849250188166e-7,9.279677067140633e-7
14.69,4.71,8.707695051742211e-6,9.264472597256186e-7,9.264383146739836e-7,9.279677067140633e-7
14.69,4.71,1.4303687479263852e-5,9.258144421171995e-7,9.258054988131153e-7,9.279677067140633e-7
14.69,4.71,2.3495939429288417e-5,9.249172084930245e-7,9.249082679744487e-7,9.279677067140633e-7
14.69,4.71,3.8595583863609565e-5,9.236437951135487e-7,9.23634857077378e-7,9.279677067140633e-7
14.69,4.71,6.33990012723672e-5,9.218336583171111e-7,9.218247261734462e-7,9.279677067140633e-7
14.69,4.71,0.00010414231266814445,9.192544251262784e-7,9.192454959375164e-7,9.279677067140633e-7
14.69,4.71,0.00017106927664800093,9.155661346847839e-7,9.155572153841223e-7,9.279677067140633e-7
14.69,4.71,0.00028100679409841776,9.102642683653511e-7,9.102553507778069e-7,9.279677067140633e-7
14.69,4.71,0.00046159555869258604,9.025867983080582e-7,9.02577886792137e-7,9.279677067140633e-7
14.69,4.71,0.0007582395311413588,8.913604537960629e-7,8.91351533930928e-7,9.279677067140633e-7
14.69,4.71,0.00124552148684853,8.747482802503553e-7,8.74739314033944e-7,9.279677067140633e-7
14.69,4.71,0.002045954755044497,8.49853308604306e-7,8.498442950346357e-7,9.279677067140633e-7
14.69,4.71,0.0033607857462825456,8.121674472996679e-7,8.12158178218245e-7,9.279677067140633e-7
14.69,4.71,0.005520591696647901,7.550334045261942e-7,7.550240007643576e-7,9.279677067140633e-7
14.69,4.71,0.009068395006973916,6.69828128756643e-7,6.698181623436133e-7,9.279677067140633e-7
14.69,4.71,0.01489619093772919,5.486900841848678e-7,5.486801302162229e-7,9.279677067140633e-7
14.69,4.71,0.024469214704767362,3.9254689898906065e-7,3.925372660211998e-7,9.279677067140633e-7
14.69,4.71,0.04019433362333615,2.236761474802063e-7,2.2366841483528471e-7,9.279677067140633e-7
14.69,4.71,0.06602518613354949,8.739434850440205e-8,8.738993893190613e-8,9.279677067140633e-7
14.69,4.71,0.1084562128786955,1.845044171973735e-8,1.8448972672385344e-8,9.279677067140633e-7
14.69,4.71,0.17815550096589414,1.4538262621028534e-9,1.4536504372345447e-9,9.279677067140633e-7
14.69,4.71,0.292646974128703,2.4549013690517293e-11,2.454412556317179e-11,9.279677067140633e-7
14.69,4.71,0.480716289995901,4.0386737399904894e-14,4.0373960871633495e-14,9.279677067140633e-7
14.69,4.71,0.789648183294706,2.3159901844017533e-18,2.314805475030057e-18,9.279677067140633e-7
14.69,4.71,1.297114881182717,1.4369545033380815e-24,1.4357897188181157e-24,9.279677067140633e-7
14.69,4.71,2.1307045980472066,3.32759166336319e-33,3.320227072566153e-33,9.279677067140633e-7
14.69,4.71,3.5000000000000004,1.5540848716706783e-44,1.4572222787919542e-44,9.279677067140633e-7
14.69,4.71,3.8,1.1121215473671278e-46,9.572127075362727e-47,9.279677067140633e-7
14.69,4.71,3.98,3.714723486881673e-48,3.87957700069673e-48,9.279677067140633e-7
14.69,4.71,3.9998,3.0075692987187705e-49,3.2239357921761113e-49,9.279677067140633e-7
15.19,0.00113,1.0000000000000001e-7,0.0004439629079921976,0.00044396294523789485,0.0004439948069531054
15.19,0.00113,1.6426491045299075e-7,0.0004439496566051923,0.0004439496939852184,0.0004439948069531054
15.19,0.00113,2.698296080612907e-7,0.00044393090006147044,0.00044393093761837366,0.0004439948069531054
15.19,0.00113,4.432353640575351e-7,0.0004439043509087945,0.0004439043887464852,0.0004439948069531054
15.19,0.00113,7.280801738650976e-7,0.00044386677072718195,0.0004438668089085414,0.0004439948069531054
15.19,0.00113,1.1959802456254818e-6,0.0004438135741264797,0.00044381361287609914,0.0004439948069531054
15.19,0.00113,1.9645758795121526e-6,0.0004437382670021472,0.00044373830645606696,0.0004439948069531054
15.19,0.00113,3.227108809261693e-6,0.0004436316486198243,0.0004436316891775611,0.0004439948069531054
15.19,0.00113,5.301007395754297e-6,0.00044348067585753216,0.0004434807179058304,0.0004439948069531054
15.19,0.00113,8.707695051742211e-6,0.00044326684126677894,0.0004432668854139721,0.0004439948069531054
15.19,0.00113,1.4303687479263852e-5,0.0004429638451774994,0.00044296389250418795,0.0004439948069531054
15.19,0.00113,2.3495939429288417e-5,0.0004425342292746431,0.00044253428063666025,0.0004439948069531054
15.19,0.00113,3.8595583863609565e-5,0.0004419244544780879,0.0004419245125797446,0.0004439948069531054
15.19,0.00113,6.33990012723672e-5,0.0004410575926547091,0.0004410576589873047,0.0004439948069531054
15.19,0.00113,0.00010414231266814445,0.00043982225322192545,0.0004398223336853128,0.0004439948069531054
15.19,0.00113,0.00017106927664800093,0.00043805538759764996,0.0004380554864496495,0.0004439948069531054
15.19,0.00113,0.00028100679409841776,0.0004355148726891279,0.00043551500136220064,0.0004439948069531054
15.19,0.00113,0.00046159555869258604,0.00043183477024074556,0.0004318349444196369,0.0004439948069531054
15.19,0.00113,0.0007582395311413588,0.00042645139981161106,0.0004264516392322516,0.0004439948069531054
15.19,0.00113,0.00124552148684853,0.000418482296777352,0.00041848265906702174,0.0004439948069531054
15.19,0.00113,0.002045954755044497,0.00040653738522751937,0.00040653789981607235,0.0004439948069531054
15.19,0.00113,0.0033607857462825456,0.0003884600745593205,0.0003884609137050464,0.0004439948069531054
15.19,0.00113,0.005520591696647901,0.00036108542182522745,0.0003610866307278726,0.0004439948069531054
15.19,0.00113,0.009068395006973916,0.0003203641585660641,0.00032036601825400756,0.0004439948069531054
15.19,0.00113,0.01489619093772919,0.00026271573557869226,0.00026271822519796786,0.0004439948069531054
15.19,0.00113,0.024469214704767362,0.00018882437211425657,0.000188827302001815,0.0004439948069531054
15.19,0.00113,0.04019433362333615,0.00010925343886229551,0.00010925623095256932,0.0004439948069531054
15.19,0.00113,0.06602518613354949,4.466358514031368e-5,4.466532409101515e-5,0.0004439948069531054
15.19,0.00113,0.1084562128786955,1.0674851502216085e-5,1.067549310802871e-5,0.0004439948069531054
15.19,0.00113,0.17815550096589414,1.1572308095058489e-6,1.157329723639715e-6,0.0004439948069531054
15.19,0.00113,0.292646974128703,4.209649239759353e-8,4.21012874918129e-8,0.0004439948069531054
15.19,0.00113,0.480716289995901,3.826857077398443e-10,3.827405670497653e-10,0.0004439948069531054
15.19,0.00113,0.789648183294706,7.106831661039114e-13,7.107987145733387e-13,0.0004439948069531054
15.19,0.00113,1.297114881182717,2.612975030389447e-16,2.6134196320825314e-16,0.0004439948069531054
15.19,0.00113,2.1307045980472066,2.2136808122140518e-20,2.214050709522241e-20,0.0004439948069531054
15.19,0.00113,3.5000000000000004,5.592684359647655e-25,5.574798978279646e-25,0.0004439948069531054
15.19,0.00113,3.8,7.793748937951166e-26,7.80509556260332e-26,0.0004439948069531054
15.19,0.00113,3.98,1.1426583046647227e-26,1.146245012075356e-26,0.0004439948069531054
15.19,0.00113,3.9998,1.0573131716552082e-27,1.0606067914919786e-27,0.0004439948069531054
15.19,0.0037,1.0000000000000001e-7,0.00043929767904587964,0.0004392976793716417,0.0004393292686369607
15.19,0.0037,1.6426491045299075e-7,0.00043928455617616173,0.0004392845564944969,0.0004393292686369607
15.19,0.0037,2.698296080612907e-7,0.0004392659815404873,0.0004392659818729665,0.0004393292686369607
15.19,0.0037,4.432353640575351e-7,0.0004392396898704504,0.0004392396901982175,0.0004393292686369607
15.19,0.0037,7.280801738650976e-7,0.0004392024741516487,0.000439202474488878,0.0004393292686369607
15.19,0.0037,1.1959802456254818e-6,0.0004391497934603704,0.0004391497938166454,0.0004393292686369607
15.19,0.0037,1.9645758795121526e-6,0.0004390752166640201,0.000439075216996572,0.0004393292686369607
15.19,0.0037,3.227108809261693e-6,0.0004389696322364968,0.0004389696326549157,0.0004393292686369607
15.19,0.0037,5.301007395754297e-6,0.00043882012349801425,0.0004388201238224501,0.0004393292686369607
15.19,0.0037,8.707695051742211e-6,0.0004386083623672329,0.00043860836289183903,0.0004393292686369607
15.19,0.0037,1.4303687479263852e-5,0.0004383083039555179,0.0004383083043455176,0.0004393292686369607
15.19,0.0037,2.3495939429288417e-5,0.0004378828525985938,0.0004378828532574755,0.0004393292686369607
15.19,0.0037,3.8595583863609565e-5,0.0004372789870485702,0.0004372789877511747,0.0004393292686369607
15.19,0.0037,6.33990012723672e-5,0.00043642052214789683,0.0004364205228841683,0.0004393292686369607
15.19,0.0037,0.00010414231266814445,0.0004351971408842022,0.0004351971425657934,0.0004393292686369607
15.19,0.0037,0.00017106927664800093,0.00043344736159648474,0.0004334473621892653,0.0004393292686369607
15.19,0.0037,0.00028100679409841776,0.0004309313793706375,0.0004309313837852152,0.0004393292686369607
15.19,0.0037,0.00046159555869258604,0.0004272867442625918,0.00042728674519427085,0.0004393292686369607
15.19,0.0037,0.0007582395311413588,0.00042195512551393774,0.00042195513664734606,0.0004393292686369607
15.19,0.0037,0.00124552148684853,0.0004140624072114854,0.0004140624149076485,0.0004393292686369607
15.19,0.0037,0.002045954755044497,0.0004022316663969475,0.0004022316886537671,0.0004393292686369607
15.19,0.0037,0.0033607857462825456,0.000384326854372065,0.0003843268952011691,0.0004393292686369607
15.19,0.0037,0.005520591696647901,0.0003572137470358453,0.0003572137713722567,0.0004393292686369607
15.19,0.0037,0.009068395006973916,0.0003168841755778598,0.0003168842969852517,0.0004393292686369607
15.19,0.0037,0.01489619093772919,0.000259799037150537,0.0002597990459835099,0.0004393292686369607
15.19,0.0037,0.024469214704767362,0.00018665113968569321,0.00018665130390229756,0.0004393292686369607
15.19,0.0037,0.04019433362333615,0.00010792102671718737,0.00010792105338101215,0.0004393292686369607
15.19,0.0037,0.06602518613354949,4.406772936338622e-5,4.406777563086466e-5,0.0004393292686369607
15.19,0.0037,0.1084562128786955,1.0512259378082779e-5,1.0512266600391918e-5,0.0004393292686369607
15.19,0.0037,0.17815550096589414,1.136046611748799e-6,1.136046530707695e-6,0.0004393292686369607
15.19,0.0037,0.292646974128703,4.112022052459077e-8,4.1120162264037096e-8,0.0004393292686369607
15.19,0.0037,0.480716289995901,3.7095137451899165e-10,3.7095123262128045e-10,0.0004393292686369607
15.19,0.0037,0.789648183294706,6.812129322456685e-13,6.812100452644036e-13,0.0004393292686369607
15.19,0.0037,1.297114881182717,2.4665836602614267e-16,2.466583366056984e-16,0.0004393292686369607
15.19,0.0037,2.1307045980472066,2.049412609033288e-20,2.0493934101854057e-20,0.0004393292686369607
15.19,0.0037,3.5000000000000004,5.059900305783783e-25,5.057581265911055e-25,0.0004393292686369607
15.19,0.0037,3.8,7.024924580111972e-26,7.015084614694941e-26,0.0004393292686369607
15.19,0.0037,3.98,1.0280836946393255e-26,1.0262299176489184e-26,0.0004393292686369607
15.19,0.0037,3.9998,9.511325050918851e-28,9.49489887159245e-28,0.0004393292686369607
15.19,0.0127,1.0000000000000001e-7,0.00042347567194291427,0.0004234756720471888,0.000423506210607667
15.19,0.0127,1.6426491045299075e-7,0.0004234629856452059,0.0004234629857609903,0.000423506210607667
15.19,0.0127,2.698296080612907e-7,0.0004234450289494744,0.0004234450290549397,0.000423506210607667
15.19,0.0127,4.432353640575351e-7,0.0004234196119456252,0.0004234196120699735,0.000423506210607667
15.19,0.0127,7.280801738650976e-7,0.00042338363430382154,0.00042338363442159094,0.000423506210607667
15.19,0.0127,1.1959802456254818e-6,0.0004233327061526886,0.0004233327062822688,0.000423506210607667
15.19,0.0127,1.9645758795121526e-6,0.0004232606102753211,0.0004232606104308518,0.000423506210607667
15.19,0.0127,3.227108809261693e-6,0.0004231585381865942,0.00042315853830737836,0.000423506210607667
15.19,0.0127,5.301007395754297e-6,0.00042301400273276853,0.00042301400297109384,0.000423506210607667
15.19,0.0127,8.707695051742211e-6,0.00042280928514811536,0.0004228092852537819,0.000423506210607667
15.19,0.0127,1.4303687479263852e-5,0.0004225192060501378,0.00042251920643100315,0.000423506210607667
15.19,0.0127,2.3495939429288417e-5,0.000422107901731815,0.0004221079019221637,0.000423506210607667
15.19,0.0127,3.8595583863609565e-5,0.0004215241100966734,0.0004215241106601924,0.000423506210607667
15.19,0.0127,6.33990012723672e-5,0.0004206941700452217,0.00042069417067488107,0.000423506210607667
15.19,0.0127,0.00010414231266814445,0.00041951141185907545,0.00041951141251997425,0.000423506210607667
15.19,0.0127,0.00017106927664800093,0.0004178196775224603,0.0004178196796333472,0.000423506210607667
15.19,0.0127,0.00028100679409841776,0.0004153870386961557,0.0004153870390599161,0.000423506210607667
15.19,0.0127,0.00046159555869258604,0.0004118628987626215,0.00041186290527453386,0.000423506210607667
15.19,0.0127,0.0007582395311413588,0.00040670710677892665,0.000406707107453291,0.000423506210607667
15.19,0.0127,0.00124552148684853,0.0003990739202021109,0.0003990739374749662,0.000423506210607667
15.19,0.0127,0.002045954755044497,0.00038763111777334147,0.0003876311288861817,0.000423506210607667
15.19,0.0127,0.0033607857462825456,0.00037031245920372087,0.000370312491553442,0.000423506210607667
15.19,0.0127,0.005520591696647901,0.0003440880856530946,0.00034408814395244994,0.000423506210607667
15.19,0.0127,0.009068395006973916,0.0003050893679697803,0.0003050893951610807,0.000423506210607667
15.19,0.0127,0.01489619093772919,0.0002499176457072107,0.0002499177874595506,0.000423506210607667
15.19,0.0127,0.024469214704767362,0.00017929399138359332,0.00017929399338696868,0.000423506210607667
15.19,0.0127,0.04019433362333615,0.00010341613419683983,0.00010341625002416434,0.000423506210607667
15.19,0.0127,0.06602518613354949,4.205757901054896e-5,4.20575896830273e-5,0.000423506210607667
15.19,0.0127,0.1084562128786955,9.96581113949138e-6,9.965818729153864e-6,0.000423506210607667
15.19,0.0127,0.17815550096589414,1.0653008461012362e-6,1.0653010349415808e-6,0.000423506210607667
15.19,0.0127,0.292646974128703,3.7893743365177955e-8,3.7893711299477054e-8,0.000423506210607667
15.19,0.0127,0.480716289995901,3.3280039089298517e-10,3.3279940131131686e-10,0.000423506210607667
15.19,0.0127,0.789648183294706,5.876850961151751e-13,5.876849489373551e-13,0.000423506210607667
15.19,0.0127,1.297114881182717,2.0171137940318324e-16,2.0171058186417853e-16,0.000423506210607667
15.19,0.0127,2.1307045980472066,1.5657920446814094e-20,1.565785533127813e-20,0.000423506210607667
15.19,0.0127,3.5000000000000004,3.566924296528157e-25,3.5518862756722316e-25,0.000423506210607667
15.19,0.0127,3.8,4.8876503499520034e-26,4.8834796940959005e-26,0.000423506210607667
15.19,0.0127,3.98,7.107971749926299e-27,7.147844400058724e-27,0.000423506210607667
15.19,0.0127,3.9998,6.571989656657917e-28,6.612339902987467e-28,0.000423506210607667
15.19,0.047,1.0000000000000001e-7,0.0003698237407641789,0.0003698237426163417,0.0003698506948204571
15.19,0.047,1.6426491045299075e-7,0.0003698125435717892,0.00036981254542996683,0.0003698506948204571
15.19,0.047,2.698296080612907e-7,0.00036979669461035413,0.0003697966964607179,0.0003698506948204571
15.19,0.047,4.432353640575351e-7,0.0003697742610103183,0.0003697742628804829,0.0003698506948204571
15.19,0.047,7.280801738650976e-7,0.0003697425063340182,0.000369742508184653,0.0003698506948204571
15.19,0.047,1.1959802456254818e-6,0.00036969755593827496,0.0003696975578258221,0.0003698506948204571
15.19,0.047,1.9645758795121526e-6,0.00036963392225942943,0.0003696339241286503,0.0003698506948204571
15.19,0.047,3.227108809261693e-6,0.0003695438304729346,0.0003695438323749146,0.0003698506948204571
15.19,0.047,5.301007395754297e-6,0.0003694162585358037,0.000369416260469661,0.0003698506948204571
15.19,0.047,8.707695051742211e-6,0.00036923556608716844,0.0003692355679800414,0.0003698506948204571
15.19,0.047,1.4303687479263852e-5,0.0003689795261012942,0.0003689795281904234,0.0003698506948204571
15.19,0.047,2.3495939429288417e-5,0.0003686164774045102,0.0003686164792604131,0.0003698506948204571
15.19,0.047,3.8595583863609565e-5,0.0003681011591891989,0.00036810116158411877,0.0003698506948204571
15.19,0.047,6.33990012723672e-5,0.00036736852186511424,0.0003673685238368917,0.0003698506948204571
15.19,0.047,0.00010414231266814445,0.0003663243410574325,0.0003663243439604706,0.0003698506948204571
15.19,0.047,0.00017106927664800093,0.00036483062744174425,0.00036483063029488667,0.0003698506948204571
15.19,0.047,0.00028100679409841776,0.0003626823404708794,0.0003626823439585546,0.0003698506948204571
15.19,0.047,0.00046159555869258604,0.00035956935813040214,0.0003595693646738458,0.0003698506948204571
15.19,0.047,0.0007582395311413588,0.0003550136254560427,0.0003550136287021566,0.0003698506948204571
15.19,0.047,0.00124552148684853,0.00034826633764847175,0.00034826635651060263,0.0003698506948204571
15.19,0.047,0.002045954755044497,0.0003381480084699665,0.0003381480115900101,0.0003698506948204571
15.19,0.047,0.0033607857462825456,0.0003228308483092373,0.00032283089569804744,0.0003698506948204571
15.19,0.047,0.005520591696647901,0.0002996411412478556,0.0002996411645990674,0.0003698506948204571
15.19,0.047,0.009068395006973916,0.00026518526984651935,0.00026518534454575995,0.0003698506948204571
15.19,0.047,0.01489619093772919,0.00021653925744148493,0.000216539345864668,0.0003698506948204571
15.19,0.047,0.024469214704767362,0.00015450931486553243,0.00015450935954188506,0.0003698506948204571
15.19,0.047,0.04019433362333615,8.831066975232813e-5,8.831076875864713e-5,0.0003698506948204571
15.19,0.047,0.06602518613354949,3.537108181806777e-5,3.537108465620819e-5,0.0003698506948204571
15.19,0.047,0.1084562128786955,8.172823447033825e-6,8.17283275027334e-6,0.0003698506948204571
15.19,0.047,0.17815550096589414,8.384552824027599e-7,8.384554010962731e-7,0.0003698506948204571
15.19,0.047,0.292646974128703,2.7930209863935192e-8,2.7930165705512342e-8,0.0003698506948204571
15.19,0.047,0.480716289995901,2.2170227483847357e-10,2.2170193029852724e-10,0.0003698506948204571
15.19,0.047,0.789648183294706,3.37684300860917e-13,3.37683615753832e-13,0.0003698506948204571
15.19,0.047,1.297114881182717,9.467655751047395e-17,9.46762644690268e-17,0.0003698506948204571
15.19,0.047,2.1307045980472066,5.680434154063203e-21,5.680465681163191e-21,0.0003698506948204571
15.19,0.047,3.5000000000000004,9.53488291690573e-26,9.49312929296647e-26,0.0003698506948204571
15.19,0.047,3.8,1.2429486247240623e-26,1.2449520974154227e-26,0.0003698506948204571
15.19,0.047,3.98,1.7646987187665886e-27,1.7738613620917324e-27,0.0003698506948204571
15.19,0.047,3.9998,1.6279055062712174e-28,1.6365470228975861e-28,0.0003698506948204571
15.19,0.173,1.0000000000000001e-7,0.00023705077595743233,0.00023705077564698787,0.00023706868710449843
15.19,0.173,1.6426491045299075e-7,0.0002370433353403443,0.00023704333503399302,0.00023706868710449843
15.19,0.173,2.698296080612907e-7,0.0002370328035761228,0.00023703280327024977,0.00023706868710449843
15.19,0.173,4.432353640575351e-7,0.00023701789623766618,0.00023701789593144404,0.00023706868710449843
15.19,0.173,7.280801738650976e-7,0.00023699679489158943,0.00023699679459745037,0.00023706868710449843
15.19,0.173,1.1959802456254818e-6,0.00023696692469050545,0.00023696692438084915,0.00023706868710449843
15.19,0.173,1.9645758795121526e-6,0.00023692463883292684,0.00023692463856138805,0.00023706868710449843
15.19,0.173,3.227108809261693e-6,0.0002368647702577286,0.0002368647699497442,0.00023706868710449843
15.19,0.173,5.301007395754297e-6,0.00023677999328964802,0.00023677999305080896,0.00023706868710449843
15.19,0.173,8.707695051742211e-6,0.00023665991150900249,0.00023665991123933972,0.00023706868710449843
15.19,0.173,1.4303687479263852e-5,0.00023648974748334382,0.0002364897472722011,0.00023706868710449843
15.19,0.173,2.3495939429288417e-5,0.00023624844553344802,0.00023624844539833127,0.00023706868710449843
15.19,0.173,3.8595583863609565e-5,0.00023590589266615466,0.00023590589243820213,0.00023706868710449843
15.19,0.173,6.33990012723672e-5,0.0002354187819682954,0.0002354187821875941,0.00023706868710449843
15.19,0.173,0.00010414231266814445,0.00023472432505079838,0.00023472432475040917,0.00023706868710449843
15.19,0.173,0.00017106927664800093,0.0002337304527811501,0.00023373045383601112,0.00023706868710449843
15.19,0.173,0.00028100679409841776,0.0002323001351808784,0.00023230013522778856,0.00023706868710449843
15.19,0.173,0.00046159555869258604,0.00023022572446283952,0.00023022572723209128,0.00023706868710449843
15.19,0.173,0.0007582395311413588,0.00022718653761465528,0.00022718654061079006,0.00023706868710449843
15.19,0.173,0.00124552148684853,0.00022267964064092373,0.0002226796454829047,0.00023706868710449843
15.19,0.173,0.002045954755044497,0.00021591302735466333,0.00021591304312592233,0.00023706868710449843
15.19,0.173,0.0033607857462825456,0.00020566324981675566,0.00020566325288466758,0.00023706868710449843
15.19,0.173,0.005520591696647901,0.00019015625620011153,0.0001901563049107475,0.00023706868710449843
15.19,0.173,0.009068395006973916,0.00016718849589898886,0.00016718849809676956,0.00023706868710449843
15.19,0.173,0.01489619093772919,0.00013499644102008782,0.00013499652094403774,0.00023706868710449843
15.19,0.173,0.024469214704767362,9.450632930753432e-5,9.45063565274778e-5,0.00023706868710449843
15.19,0.173,0.04019433362333615,5.230755607998798e-5,5.230759797684604e-5,0.00023706868710449843
15.19,0.173,0.06602518613354949,1.985630939637311e-5,1.9856330012637275e-5,0.00023706868710449843
15.19,0.173,0.1084562128786955,4.1985501082706675e-6,4.198551372850516e-6,0.00023706868710449843
15.19,0.173,0.17815550096589414,3.7266610593376644e-7,3.726662413403166e-7,0.00023706868710449843
15.19,0.173,0.292646974128703,9.847435133464308e-9,9.847435459616014e-9,0.00023706868710449843
15.19,0.173,0.480716289995901,5.463905333514082e-11,5.4638847207285786e-11,0.00023706868710449843
15.19,0.173,0.789648183294706,4.918222513464519e-14,4.918220010721943e-14,0.00023706868710449843
15.19,0.173,1.297114881182717,6.688823084758747e-18,6.688800222885913e-18,0.00023706868710449843
15.19,0.173,2.1307045980472066,1.5895266111751301e-22,1.5894662216001794e-22,0.00023706868710449843
15.19,0.173,3.5000000000000004,8.84324700467342e-28,8.801515565711095e-28,0.00023706868710449843
15.19,0.173,3.8,9.606671007482853e-29,9.534636176936269e-29,0.00023706868710449843
15.19,0.173,3.98,1.2494758715341894e-29,1.2556459793843246e-29,0.00023706868710449843
15.19,0.173,3.9998,1.1431060239265971e-30,1.1507050049683648e-30,0.00023706868710449843
15.19,0.61,1.0000000000000001e-7,7.983955664879362e-5,7.983955546446238e-5,7.9846219304592e-5
15.19,0.61,1.6426491045299075e-7,7.983678884946726e-5,7.983678766753317e-5,7.9846219304592e-5
15.19,0.61,2.698296080612907e-7,7.983287117532574e-5,7.983286999210668e-5,7.9846219304592e-5
15.19,0.61,4.432353640575351e-7,7.982732581469595e-5,7.982732463392871e-5,7.9846219304592e-5
15.19,0.61,7.280801738650976e-7,7.981947628021946e-5,7.981947510094761e-5,7.9846219304592e-5
15.19,0.61,1.1959802456254818e-6,7.98083646326536e-5,7.980836345179324e-5,7.9846219304592e-5
15.19,0.61,1.9645758795121526e-6,7.979263400445732e-5,7.979263283455135e-5,7.9846219304592e-5
15.19,0.61,3.227108809261693e-6,7.977036160903635e-5,7.977036042630141e-5,7.9846219304592e-5
15.19,0.61,5.301007395754297e-6,7.973882076752788e-5,7.973881961493606e-5,7.9846219304592e-5
15.19,0.61,8.707695051742211e-6,7.969414045359901e-5,7.969413927641984e-5,7.9846219304592e-5
15.19,0.61,1.4303687479263852e-5,7.963081531579239e-5,7.963081418781486e-5,7.9846219304592e-5
15.19,0.61,2.3495939429288417e-5,7.954099424348851e-5,7.954099310491533e-5,7.9846219304592e-5
15.19,0.61,3.8595583863609565e-5,7.941343417550484e-5,7.94134330687932e-5,7.9846219304592e-5
15.19,0.61,6.33990012723672e-5,7.923193465256563e-5,7.92319336436394e-5,7.9846219304592e-5
15.19,0.61,0.00010414231266814445,7.897294273656817e-5,7.897294161847804e-5,7.9846219304592e-5
15.19,0.61,0.00017106927664800093,7.860179278424398e-5,7.860179214625418e-5,7.9846219304592e-5
15.19,0.61,0.00028100679409841776,7.80666476886886e-5,7.806664654879822e-5,7.9846219304592e-5
15.19,0.61,0.00046159555869258604,7.728853861559185e-5,7.728853893817173e-5,7.9846219304592e-5
15.19,0.61,0.0007582395311413588,7.614490197144158e-5,7.614490144990862e-5,7.9846219304592e-5
15.19,0.61,0.00124552148684853,7.44429597772852e-5,7.44429619802016e-5,7.9846219304592e-5
15.19,0.61,0.002045954755044497,7.18797046899819e-5,7.187970812384307e-5,7.9846219304592e-5
15.19,0.61,0.0033607857462825456,6.799222457021492e-5,6.799222807990946e-5,7.9846219304592e-5
15.19,0.61,0.005520591696647901,6.212844829995346e-5,6.212846422123774e-5,7.9846219304592e-5
15.19,0.61,0.009068395006973916,5.3535362202443075e-5,5.353536298553181e-5,7.9846219304592e-5
15.19,0.61,0.01489619093772919,4.176623532585667e-5,4.17662664695884e-5,7.9846219304592e-5
15.19,0.61,0.024469214704767362,2.7581492182438918e-5,2.758149459314812e-5,7.9846219304592e-5
15.19,0.61,0.04019433362333615,1.383761928308721e-5,1.3837638022763568e-5,7.9846219304592e-5
15.19,0.61,0.06602518613354949,4.458937067384934e-6,4.458940745127552e-6,7.9846219304592e-5
15.19,0.61,0.1084562128786955,7.19043531829189e-7,7.190442846723325e-7,7.9846219304592e-5
15.19,0.61,0.17815550096589414,4.097022016129575e-8,4.0970261594199055e-8,7.9846219304592e-5
15.19,0.61,0.292646974128703,5.308796989542486e-10,5.308796245147686e-10,7.9846219304592e-5
15.19,0.61,0.480716289995901,9.692621119869045e-13,9.692584103788197e-13,7.9846219304592e-5
15.19,0.61,0.789648183294706,1.6689330152786026e-16,1.6689340134628e-16,7.9846219304592e-5
15.19,0.61,1.297114881182717,2.251215498000058e-21,2.251207622385775e-21,7.9846219304592e-5
15.19,0.61,2.1307045980472066,2.646757033282689e-27,2.646523033753267e-27,7.9846219304592e-5
15.19,0.61,3.5000000000000004,3.852092585069641e-34,3.7769736856769692e-34,7.9846219304592e-5
15.19,0.61,3.8,2.2521349899895386e-35,2.2207453499859923e-35,7.9846219304592e-5
15.19,0.61,3.98,2.1742166654211626e-36,2.2327100372913392e-36,7.9846219304592e-5
15.19,0.61,3.9998,1.9348893171115105e-37,1.9955805598978825e-37,7.9846219304592e-5
15.19,1.73,1.0000000000000001e-7,1.962715954003206e-5,1.9627159631330077e-5,1.9629087465526952e-5
15.19,1.73,1.6426491045299075e-7,1.9626358635429163e-5,1.9626358726238244e-5,1.9629087465526952e-5
15.19,1.73,2.698296080612907e-7,1.962522498915772e-5,1.9625225080855415e-5,1.9629087465526952e-5
15.19,1.73,4.432353640575351e-7,1.9623620325466163e-5,1.9623620416748576e-5,1.9629087465526952e-5
15.19,1.73,7.280801738650976e-7,1.9621348859660432e-5,1.9621348951634356e-5,1.9629087465526952e-5
15.19,1.73,1.1959802456254818e-6,1.961813332039987e-5,1.9618133413267996e-5,1.9629087465526952e-5
15.19,1.73,1.9645758795121526e-6,1.9613580898689255e-5,1.9613580990291843e-5,1.9629087465526952e-5
15.19,1.73,3.227108809261693e-6,1.960713479623171e-5,1.960713489272077e-5,1.9629087465526952e-5
15.19,1.73,5.301007395754297e-6,1.9598005070235045e-5,1.9598005160848773e-5,1.9629087465526952e-5
15.19,1.73,8.707695051742211e-6,1.9585069458798247e-5,1.9585069561729366e-5,1.9629087465526952e-5
15.19,1.73,1.4303687479263852e-5,1.9566730134801925e-5,1.9566730228143743e-5,1.9629087465526952e-5
15.19,1.73,2.3495939429288417e-5,1.9540704622693424e-5,1.9540704734260026e-5,1.9629087465526952e-5
15.19,1.73,3.8595583863609565e-5,1.9503716079117155e-5,1.950371619004122e-5,1.9629087465526952e-5
15.19,1.73,6.33990012723672e-5,1.9451025392808564e-5,1.9451025509932007e-5,1.9629087465526952e-5
15.19,1.73,0.00010414231266814445,1.93757070249969e-5,1.9375707198170592e-5,1.9629087465526952e-5
15.19,1.73,0.00017106927664800093,1.9267498117829286e-5,1.926749822219006e-5,1.9629087465526952e-5
15.19,1.73,0.00028100679409841776,1.91109244364124e-5,1.911092480034149e-5,1.9629087465526952e-5
15.19,1.73,0.00046159555869258604,1.8882203180547514e-5,1.8882203279191833e-5,1.9629087465526952e-5
15.19,1.73,0.0007582395311413588,1.854414924147838e-5,1.8544150094091467e-5,1.9629087465526952e-5
15.19,1.73,0.00124552148684853,1.8038131284999808e-5,1.803813177432269e-5,1.9629087465526952e-5
15.19,1.73,0.002045954755044497,1.7272712485626822e-5,1.7272714107870188e-5,1.9629087465526952e-5
15.19,1.73,0.0033607857462825456,1.6111958102142828e-5,1.6111960626575565e-5,1.9629087465526952e-5
15.19,1.73,0.005520591696647901,1.437684003594361e-5,1.43768416231844e-5,1.9629087465526952e-5
15.19,1.73,0.009068395006973916,1.1895494501260136e-5,1.1895501386610607e-5,1.9629087465526952e-5
15.19,1.73,0.01489619093772919,8.659845222455558e-6,8.659845381049963e-6,1.9629087465526952e-5
15.19,1.73,0.024469214704767362,5.0866001656368335e-6,5.086607563205908e-6,1.9629087465526952e-5
15.19,1.73,0.04019433362333615,2.0965248241796053e-6,2.096525379684157e-6,1.9629087465526952e-5
15.19,1.73,0.06602518613354949,4.870168872749587e-7,4.870180068776655e-7,1.9629087465526952e-5
15.19,1.73,0.1084562128786955,4.5717058433397606e-8,4.571713233146878e-8,1.9629087465526952e-5
15.19,1.73,0.17815550096589414,1.0721008502482122e-9,1.072102007994784e-9,1.9629087465526952e-5
15.19,1.73,0.292646974128703,3.2966351832007793e-12,3.296636422600755e-12,1.9629087465526952e-5
15.19,1.73,0.480716289995901,6.174055008171488e-16,6.174051160479883e-16,1.9629087465526952e-5
15.19,1.73,0.789648183294706,3.3198014073501782e-21,3.319771879210941e-21,1.9629087465526952e-5
15.19,1.73,1.297114881182717,3.057181311432837e-28,3.0571814792483877e-28,1.9629087465526952e-5
15.19,1.73,2.1307045980472066,4.437340444269263e-37,4.436971158409218e-37,1.9629087465526952e-5
15.19,1.73,3.5000000000000004,1.4924089331821741e-47,1.4993212056069247e-47,1.9629087465526952e-5
15.19,1.73,3.8,1.9590246187927657e-49,1.9274910360996463e-49,1.9629087465526952e-5
15.19,1.73,3.98,9.096400614041086e-51,9.149856857883594e-51,1.9629087465526952e-5
15.19,1.73,3.9998,7.58383730364954e-52,7.641641297803003e-52,1.9629087465526952e-5
15.19,4.71,1.0000000000000001e-7,3.9759521730649706e-6,3.975913712175326e-6,3.97644098025123e-6
15.19,4.71,1.6426491045299075e-7,3.975749108479916e-6,3.975710648059018e-6,3.97644098025123e-6
15.19,4.71,2.698296080612907e-7,3.9754616755335345e-6,3.9754232161487776e-6,3.97644098025123e-6
15.19,4.71,4.432353640575351e-7,3.975054808903286e-6,3.975016350616174e-6,3.97644098025123e-6
15.19,4.71,7.280801738650976e-7,3.974478853407005e-6,3.974440396890391e-6,3.97644098025123e-6
15.19,4.71,1.1959802456254818e-6,3.973663473043734e-6,3.973625019152877e-6,3.97644098025123e-6
15.19,4.71,1.9645758795121526e-6,3.972508991245262e-6,3.972470540205173e-6,3.97644098025123e-6
15.19,4.71,3.227108809261693e-6,3.9708740466798105e-6,3.970835601555693e-6,3.97644098025123e-6
15.19,4.71,5.301007395754297e-6,3.968557925434875e-6,3.968519485150032e-6,3.97644098025123e-6
15.19,4.71,8.707695051742211e-6,3.965275117096088e-6,3.965236688705672e-6,3.97644098025123e-6
15.19,4.71,1.4303687479263852e-5,3.9606183351807915e-6,3.960579916531802e-6,3.97644098025123e-6
15.19,4.71,2.3495939429288417e-5,3.9540040628108675e-6,3.953965664106581e-6,3.97644098025123e-6
15.19,4.71,3.8595583863609565e-5,3.944590921350139e-6,3.944552543458807e-6,3.97644098025123e-6
15.19,4.71,6.33990012723672e-5,3.931154491328731e-6,3.9311161366636135e-6,3.97644098025123e-6
15.19,4.71,0.00010414231266814445,3.91189027874076e-6,3.911851964254408e-6,3.97644098025123e-6
15.19,4.71,0.00017106927664800093,3.884095453769468e-6,3.884057127950992e-6,3.97644098025123e-6
15.19,4.71,0.00028100679409841776,3.843644711870278e-6,3.843606436290436e-6,3.97644098025123e-6
15.19,4.71,0.00046159555869258604,3.784123699996277e-6,3.784085237381648e-6,3.97644098025123e-6
15.19,4.71,0.0007582395311413588,3.695431336174938e-6,3.69539278535139e-6,3.97644098025123e-6
15.19,4.71,0.00124552148684853,3.5616958266733955e-6,3.56165658524659e-6,3.97644098025123e-6
15.19,4.71,0.002045954755044497,3.358749870695268e-6,3.3587097797662016e-6,3.97644098025123e-6
15.19,4.71,0.0033607857462825456,3.052875921866683e-6,3.0528345514729475e-6,3.97644098025123e-6
15.19,4.71,0.005520591696647901,2.606177734768022e-6,2.6061343819397903e-6,3.97644098025123e-6
15.19,4.71,0.009068395006973916,1.9993699894699573e-6,1.9993281615649918e-6,3.97644098025123e-6
15.19,4.71,0.01489619093772919,1.2801409553243743e-6,1.2801025390369654e-6,3.97644098025123e-6
15.19,4.71,0.024469214704767362,6.056894932795033e-7,6.056643497345885e-7,3.97644098025123e-6
15.19,4.71,0.04019433362333615,1.7394782228167814e-7,1.739364785948469e-7,3.97644098025123e-6
15.19,4.71,0.06602518613354949,2.2184475151670796e-8,2.2182291357463193e-8,3.97644098025123e-6
15.19,4.71,0.1084562128786955,7.733931683816755e-10,7.732710475238082e-10,3.97644098025123e-6
15.19,4.71,0.17815550096589414,3.5569391032132694e-12,3.556031261994465e-12,3.97644098025123e-6
15.19,4.71,0.292646974128703,7.651904610196527e-16,7.648763014387783e-16,3.97644098025123e-6
15.19,4.71,0.480716289995901,1.9850692174547002e-21,1.983744756359562e-21,3.97644098025123e-6
15.19,4.71,0.789648183294706,1.3196267709151858e-29,1.3182089584240982e-29,3.97644098025123e-6
15.19,4.71,1.297114881182717,5.44422520191729e-41,5.435177482363874e-41,3.97644098025123e-6
15.19,4.71,2.1307045980472066,6.060585413356509e-56,6.044213668774152e-56,3.97644098025123e-6
15.19,4.71,3.5000000000000004,1.98281053328687e-74,1.995648614460739e-74,3.97644098025123e-6
15.19,4.71,3.8,8.26903218066567e-78,8.431885091415028e-78,3.97644098025123e-6
15.19,4.71,3.98,6.445427498474272e-80,7.911872411491298e-80,3.97644098025123e-6
15.19,4.71,3.9998,4.619268511320268e-81,5.714882137766438e-81,3.97644098025123e-6
15.67,0.00113,1.0000000000000001e-7,0.0017877409429049623,0.0017877425747921491,0.001787957039760072
15.67,0.00113,1.6426491045299075e-7,0.0017876511700769258,0.0017876527943449937,0.001787957039760072
15.67,0.00113,2.698296080612907e-7,0.001787524098877307,0.0017875257123746125,0.001787957039760072
15.67,0.00113,4.432353640575351e-7,0.0017873442273450633,0.0017873458256615438,0.001787957039760072
15.67,0.00113,7.280801738650976e-7,0.0017870896035839324,0.0017870911801559429,0.001787957039760072
15.67,0.00113,1.1959802456254818e-6,0.0017867291331382978,0.0017867306793685428,0.001787957039760072
15.67,0.00113,1.9645758795121526e-6,0.0017862187509002387,0.0017862202533260446,0.001787957039760072
15.67,0.00113,3.227108809261693e-6,0.0017854959645420981,0.0017854974058540555,0.001787957039760072
15.67,0.00113,5.301007395754297e-6,0.0017844720453038018,0.0017844733984233268,0.001787957039760072
15.67,0.00113,8.707695051742211e-6,0.0017830207830299366,0.0017830220115002027,0.001787957039760072
15.67,0.00113,1.4303687479263852e-5,0.0017809621459106634,0.001780963195295277,0.001787957039760072
15.67,0.00113,2.3495939429288417e-5,0.0017780382249235748,0.0017780390150337105,0.001787957039760072
15.67,0.00113,3.8595583863609565e-5,0.0017738771861812387,0.0017738776033834253,0.001787957039760072
15.67,0.00113,6.33990012723672e-5,0.0017679380212928806,0.0017679378795714747,0.001787957039760072
15.67,0.00113,0.00010414231266814445,0.0017594236408716058,0.0017594226805946328,0.001787957039760072
15.67,0.00113,0.00017106927664800093,0.0017471406095280512,0.0017471383692524308,0.001787957039760072
15.67,0.00113,0.00028100679409841776,0.0017292683565070237,0.001729264158774439,0.001787957039760072
15.67,0.00113,0.00046159555869258604,0.0017029779873418201,0.0017029706178655099,0.001787957039760072
15.67,0.00113,0.0007582395311413588,0.00166381813288793,0.001663805666513234,0.001787957039760072
15.67,0.00113,0.00124552148684853,0.0016048002325388326,0.001604779570850627,0.001787957039760072
15.67,0.00113,0.002045954755044497,0.001515291046067641,0.0015152572650208398,0.001787957039760072
15.67,0.00113,0.0033607857462825456,0.0013804574726930178,0.0013804048582738927,0.001787957039760072
15.67,0.00113,0.005520591696647901,0.0011835800840905568,0.0011835022413253203,0.001787957039760072
15.67,0.00113,0.009068395006973916,0.0009158529641411596,0.0009157515323913719,0.001787957039760072
15.67,0.00113,0.01489619093772919,0.0005970677416193062,0.0005969567173573741,0.001787957039760072
15.67,0.00113,0.024469214704767362,0.0002939153594475695,0.0002938257798276121,0.001787957039760072
15.67,0.00113,0.04019433362333615,9.238301349929646e-5,9.233763377034844e-5,0.001787957039760072
15.67,0.00113,0.06602518613354949,1.4530834710919745e-5,1.4519594735672514e-5,0.001787957039760072
15.67,0.00113,0.1084562128786955,8.237107450066894e-7,8.227381906292301e-7,0.001787957039760072
15.67,0.00113,0.17815550096589414,1.135802435573018e-8,1.1338307690926582e-8,0.001787957039760072
15.67,0.00113,0.292646974128703,2.578590621279899e-11,2.572287497168295e-11,0.001787957039760072
15.67,0.00113,0.480716289995901,7.319506370523876e-15,7.295592084036678e-15,0.001787957039760072
15.67,0.00113,0.789648183294706,2.456477766423177e-19,2.446227940237999e-19,0.001787957039760072
15.67,0.00113,1.297114881182717,1.1748031726751195e-24,1.168812493664587e-24,0.001787957039760072
15.67,0.00113,2.1307045980472066,1.1396831583374068e-30,1.1329104682128615e-30,0.001787957039760072
15.67,0.00113,3.5000000000000004,3.3374213344245057e-37,3.2930580594942404e-37,0.001787957039760072
15.67,0.00113,3.8,2.3486061621310585e-38,2.351185387971888e-38,0.001787957039760072
15.67,0.00113,3.98,2.4921947391448704e-39,2.507517742927554e-39,0.001787957039760072
15.67,0.00113,3.9998,2.2376078526196565e-40,2.2511853238770302e-40,0.001787957039760072
15.67,0.0037,1.0000000000000001e-7,0.0017689777741428272,0.0017689792460845112,0.0017691917752006797
15.67,0.0037,1.6426491045299075e-7,0.001768888871964063,0.0017688903391952688,0.0017691917752006797
15.67,0.0037,2.698296080612907e-7,0.001768763033140285,0.0017687644935383293,0.0017691917752006797
15.67,0.0037,4.432353640575351e-7,0.0017685849060429472,0.0017685863569288007,0.0017691917752006797
15.67,0.0037,7.280801738650976e-7,0.0017683327516466265,0.0017683341889481153,0.0017691917752006797
15.67,0.0037,1.1959802456254818e-6,0.001767975776998695,0.001767977194990788,0.0017691917752006797
15.67,0.0037,1.9645758795121526e-6,0.0017674703442065564,0.001767471735150047,0.0017691917752006797
15.67,0.0037,3.227108809261693e-6,0.0017667545666859188,0.0017667559183730452,0.0017691917752006797
15.67,0.0037,5.301007395754297e-6,0.0017657405754511258,0.001765741872786829,0.0017691917752006797
15.67,0.0037,8.707695051742211e-6,0.001764303382690124,0.001764304600190049,0.0017691917752006797
15.67,0.0037,1.4303687479263852e-5,0.0017622646988334075,0.00176226580487829,0.0017691917752006797
15.67,0.0037,2.3495939429288417e-5,0.0017593691078018278,0.0017593700497645027,0.0017691917752006797
15.67,0.0037,3.8595583863609565e-5,0.0017552483636177835,0.001755249068955601,0.0017691917752006797
15.67,0.0037,6.33990012723672e-5,0.0017493666654110158,0.0017493670216887835,0.0017691917752006797
15.67,0.0037,0.00010414231266814445,0.0017409345710418104,0.0017409343954862156,0.0017691917752006797
15.67,0.0037,0.00017106927664800093,0.0017287700482593793,0.0017287690777458206,0.0017691917752006797
15.67,0.0037,0.00028100679409841776,0.0017110698437066171,0.0017110675779539856,0.0017691917752006797
15.67,0.0037,0.00046159555869258604,0.0016850318646440406,0.0016850276098033664,0.0017691917752006797
15.67,0.0037,0.0007582395311413588,0.001646246837909535,0.0016462392118587463,0.0017691917752006797
15.67,0.0037,0.00124552148684853,0.0015877924813000183,0.0015877795675350596,0.0017691917752006797
15.67,0.0037,0.002045954755044497,0.0014991375788700819,0.0014991161409804463,0.0017691917752006797
15.67,0.0037,0.0033607857462825456,0.0013655954903191783,0.001365561456398053,0.0017691917752006797
15.67,0.0037,0.005520591696647901,0.0011706240431951108,0.0011705739836378325,0.0017691917752006797
15.67,0.0037,0.009068395006973916,0.0009055456525048208,0.000905479150662475,0.0017691917752006797
15.67,0.0037,0.01489619093772919,0.0005900367770734025,0.0005899647544625273,0.0017691917752006797
15.67,0.0037,0.024469214704767362,0.0002901969602304718,0.00029013813078769345,0.0017691917752006797
15.67,0.0037,0.04019433362333615,9.107975409435636e-5,9.105004706932449e-5,0.0017691917752006797
15.67,0.0037,0.06602518613354949,1.4291010231097962e-5,1.4283615821266013e-5,0.0017691917752006797
15.67,0.0037,0.1084562128786955,8.069069234747106e-7,8.062636092890081e-7,0.0017691917752006797
15.67,0.0037,0.17815550096589414,1.1055998230083524e-8,1.104286743194187e-8,0.0017691917752006797
15.67,0.0037,0.292646974128703,2.4855780842163586e-11,2.481360943263578e-11,0.0017691917752006797
15.67,0.0037,0.480716289995901,6.955004849899086e-15,6.938852157820509e-15,0.0017691917752006797
15.67,0.0037,0.789648183294706,2.288669541568583e-19,2.2817381014108286e-19,0.0017691917752006797
15.67,0.0037,1.297114881182717,1.0673949093838085e-24,1.0633438741461296e-24,0.0017691917752006797
15.67,0.0037,2.1307045980472066,1.0048892159543268e-30,1.0002655368737739e-30,0.0017691917752006797
15.67,0.0037,3.5000000000000004,2.8447760013643643e-37,2.791543063893111e-37,0.0017691917752006797
15.67,0.0037,3.8,1.9907526856225512e-38,1.9696469629785446e-38,0.0017691917752006797
15.67,0.0037,3.98,2.1068214079968992e-39,2.1489294235327686e-39,0.0017691917752006797
15.67,0.0037,3.9998,1.8911364984364896e-40,1.9348838830607588e-40,0.0017691917752006797
15.67,0.0127,1.0000000000000001e-7,0.0017053409221569672,0.0017053423293759014,0.0017055478038115216
15.67,0.0127,1.6426491045299075e-7,0.0017052549775657569,0.001705256380642719,0.0017055478038115216
15.67,0.0127,2.698296080612907e-7,0.0017051333251117216,0.0017051347225070963,0.0017055478038115216
15.67,0.0127,4.432353640575351e-7,0.0017049611238450393,0.0017049625129416798,0.0017055478038115216
15.67,0.0127,7.280801738650976e-7,0.001704717357862067,0.0017047187355058355,0.0017055478038115216
15.67,0.0127,1.1959802456254818e-6,0.00170437225841656,0.0017043736195394537,0.0017055478038115216
15.67,0.0127,1.9645758795121526e-6,0.0017038836388705498,0.0017038849766979423,0.0017055478038115216
15.67,0.0127,3.227108809261693e-6,0.0017031916703629708,0.0017031929752746886,0.0017055478038115216
15.67,0.0127,5.301007395754297e-6,0.0017022114045963026,0.0017022126618366103,0.0017055478038115216
15.67,0.0127,8.707695051742211e-6,0.0017008220061432004,0.0017008231970993045,0.0017055478038115216
15.67,0.0127,1.4303687479263852e-5,0.0016988511040226643,0.0016988521967705853,0.0017055478038115216
15.67,0.0127,2.3495939429288417e-5,0.001696051751136226,0.0016960527068116825,0.0017055478038115216
15.67,0.0127,3.8595583863609565e-5,0.001692067890646861,0.0016920686402898137,0.0017055478038115216
15.67,0.0127,6.33990012723672e-5,0.0016863814138446207,0.0016863818653970175,0.0017055478038115216
15.67,0.0127,0.00010414231266814445,0.0016782288610286242,0.001678228859185974,0.0017055478038115216
15.67,0.0127,0.00017106927664800093,0.0016664669462955414,0.0016664662433753998,0.0017055478038115216
15.67,0.0127,0.00028100679409841776,0.0016493512633865555,0.0016493494787720962,0.0017055478038115216
15.67,0.0127,0.00046159555869258604,0.0016241708030619601,0.0016241672126633797,0.0017055478038115216
15.67,0.0127,0.0007582395311413588,0.0015866593591401374,0.0015866529648307906,0.0017055478038115216
15.67,0.0127,0.00124552148684853,0.001530119898069026,0.0015301086971064024,0.0017055478038115216
15.67,0.0127,0.002045954755044497,0.0014443678817132395,0.001444349441113765,0.0017055478038115216
15.67,0.0127,0.0033607857462825456,0.0013152141312132604,0.0013151845676997655,0.0017055478038115216
15.67,0.0127,0.005520591696647901,0.0011267178856358686,0.0011266741887607768,0.0017055478038115216
15.67,0.0127,0.009068395006973916,0.0008706351009173647,0.0008705776312736807,0.0017055478038115216
15.67,0.0127,0.01489619093772919,0.0005662460056398966,0.0005661829040494548,0.0017055478038115216
15.67,0.0127,0.024469214704767362,0.000277635807605354,0.0002775851331331794,0.0017055478038115216
15.67,0.0127,0.04019433362333615,8.668973507768075e-5,8.666394909825942e-5,0.0017055478038115216
15.67,0.0127,0.06602518613354949,1.3487087436323928e-5,1.3480753585599687e-5,0.0017055478038115216
15.67,0.0127,0.1084562128786955,7.510382589212753e-7,7.504926534033852e-7,0.0017055478038115216
15.67,0.0127,0.17815550096589414,1.0065227467432423e-8,1.0054283838930969e-8,0.0017055478038115216
15.67,0.0127,0.292646974128703,2.186812131650704e-11,2.1833959008656857e-11,0.0017055478038115216
15.67,0.0127,0.480716289995901,5.819970561326009e-15,5.8074704719952166e-15,0.0017055478038115216
15.67,0.0127,0.789648183294706,1.7878984317285933e-19,1.7828408854611385e-19,0.0017055478038115216
15.67,0.0127,1.297114881182717,7.637319383775614e-25,7.6100831776075825e-25,0.0017055478038115216
15.67,0.0127,2.1307045980472066,6.474058562041358e-31,6.445976389611595e-31,0.0017055478038115216
15.67,0.0127,3.5000000000000004,1.6281283111861957e-37,1.6237204996147166e-37,0.0017055478038115216
15.67,0.0127,3.8,1.1172515539433645e-38,1.1027793411806415e-38,0.0017055478038115216
15.67,0.0127,3.98,1.1713726321762396e-39,1.1633902281814987e-39,0.0017055478038115216
15.67,0.0127,3.9998,1.050549024230647e-40,1.0447956840511665e-40,0.0017055478038115216
15.67,0.047,1.0000000000000001e-7,0.0014895257279625659,0.0014895269249995307,0.001489708326016255
15.67,0.047,1.6426491045299075e-7,0.001489449871421907,0.0014894510648935347,0.001489708326016255
15.67,0.047,2.698296080612907e-7,0.0014893424982823896,0.0014893436867700843,0.001489708326016255
15.67,0.047,4.432353640575351e-7,0.0014891905094786087,0.0014891916907410214,0.001489708326016255
15.67,0.047,7.280801738650976e-7,0.0014889753556251862,0.001488976526956479,0.001489708326016255
15.67,0.047,1.1959802456254818e-6,0.0014886707614900148,0.0014886719182837797,0.001489708326016255
15.67,0.047,1.9645758795121526e-6,0.001488239490627347,0.0014882406274056177,0.001489708326016255
15.67,0.047,3.227108809261693e-6,0.0014876287331049142,0.0014876298407960925,0.001489708326016255
15.67,0.047,5.301007395754297e-6,0.0014867635033388104,0.0014867645701280665,0.001489708326016255
15.67,0.047,8.707695051742211e-6,0.0014855371304739586,0.0014855381388132354,0.001489708326016255
15.67,0.047,1.4303687479263852e-5,0.0014837974339208945,0.001483798357361096,0.001489708326016255
15.67,0.047,2.3495939429288417e-5,0.0014813263593481817,0.0014813271629530852,0.001489708326016255
15.67,0.047,3.8595583863609565e-5,0.0014778094388258653,0.0014778100617594502,0.001489708326016255
15.67,0.047,6.33990012723672e-5,0.0014727889378722747,0.0014727893034443963,0.001489708326016255
15.67,0.047,0.00010414231266814445,0.0014655900798708017,0.0014655900430879947,0.001489708326016255
15.67,0.047,0.00017106927664800093,0.001455201862472091,0.0014552012252361443,0.001489708326016255
15.67,0.047,0.00028100679409841776,0.001440080849004678,0.0014400792460488741,0.001489708326016255
15.67,0.047,0.00046159555869258604,0.0014178271799399776,0.0014178240273787757,0.001489708326016255
15.67,0.047,0.0007582395311413588,0.0013846634672029321,0.0013846578229151536,0.001489708326016255
15.67,0.047,0.00124552148684853,0.0013346622287010333,0.0013346523917660137,0.001489708326016255
15.67,0.047,0.002045954755044497,0.001258822661754811,0.001258806514722931,0.001489708326016255
15.67,0.047,0.0033607857462825456,0.0011446515642941025,0.0011446255493206888,0.001489708326016255
15.67,0.047,0.005520591696647901,0.0009782505071809103,0.0009782125307914997,0.001489708326016255
15.67,0.047,0.009068395006973916,0.0007528244892417796,0.000752774267056203,0.001489708326016255
15.67,0.047,0.01489619093772919,0.00048624054454388213,0.0004861863139441402,0.001489708326016255
15.67,0.047,0.024469214704767362,0.00023564774672156188,0.00023560440377285447,0.001489708326016255
15.67,0.047,0.04019433362333615,7.21662952466442e-5,7.214473561079671e-5,0.001489708326016255
15.67,0.047,0.06602518613354949,1.0874016241643624e-5,1.0868877797590012e-5,0.001489708326016255
15.67,0.047,0.1084562128786955,5.747460860095312e-7,5.743253018784414e-7,0.001489708326016255
15.67,0.047,0.17815550096589414,7.086255863309671e-9,7.078478817919307e-9,0.001489708326016255
15.67,0.047,0.292646974128703,1.3534173433436242e-11,1.3512826755954819e-11,0.001489708326016255
15.67,0.047,0.480716289995901,2.9810333734441585e-15,2.9745406750770523e-15,0.001489708326016255
15.67,0.047,0.789648183294706,7.060623624217169e-20,7.040359889276796e-20,0.001489708326016255
15.67,0.047,1.297114881182717,2.1625026679159356e-25,2.154657773805192e-25,0.001489708326016255
15.67,0.047,2.1307045980472066,1.2313877137740085e-31,1.2258653616956807e-31,0.001489708326016255
15.67,0.047,3.5000000000000004,1.9754031532800342e-38,1.9600737125528157e-38,0.001489708326016255
15.67,0.047,3.8,1.2581567793663534e-39,1.2312668959808796e-39,0.001489708326016255
15.67,0.047,3.98,1.2728934803315289e-40,1.2722009148022525e-40,0.001489708326016255
15.67,0.047,3.9998,1.1378688220072259e-41,1.1412574340167502e-41,0.001489708326016255
15.67,0.173,1.0000000000000001e-7,0.0009552532109881139,0.0009552538928080044,0.000955374548667139
15.67,0.173,1.6426491045299075e-7,0.0009552028036576292,0.0009552034830990404,0.000955374548667139
15.67,0.173,2.698296080612907e-7,0.0009551314531031449,0.0009551321292426973,0.000955374548667139
15.67,0.173,4.432353640575351e-7,0.0009550304545906683,0.0009550311260103498,0.000955374548667139
15.67,0.173,7.280801738650976e-7,0.0009548874811965308,0.0009548881459070527,0.000955374548667139
15.67,0.173,1.1959802456254818e-6,0.0009546850711703461,0.0009546857265063407,0.000955374548667139
15.67,0.173,1.9645758795121526e-6,0.0009543984768009704,0.0009543991185019075,0.000955374548667139
15.67,0.173,3.227108809261693e-6,0.0009539925967997642,0.0009539932197260306,0.000955374548667139
15.67,0.173,5.301007395754297e-6,0.0009534175830008047,0.0009534181783032984,0.000955374548667139
15.67,0.173,8.707695051742211e-6,0.0009526025075597668,0.0009526030645701809,0.000955374548667139
15.67,0.173,1.4303687479263852e-5,0.0009514461465859602,0.0009514466473770027,0.000955374548667139
15.67,0.173,2.3495939429288417e-5,0.0009498033831051759,0.0009498038035199099,0.000955374548667139
15.67,0.173,3.8595583863609565e-5,0.0009474647741538539,0.0009474650772353163,0.000955374548667139
15.67,0.173,6.33990012723672e-5,0.000944125126227464,0.0009441252526925263,0.000955374548667139
15.67,0.173,0.00010414231266814445,0.0009393338826167767,0.0009393337498541011,0.000955374548667139
15.67,0.173,0.00017106927664800093,0.0009324147877464967,0.000932414238645961,0.000955374548667139
15.67,0.173,0.00028100679409841776,0.0009223334652393322,0.0009223322880621109,0.000955374548667139
15.67,0.173,0.00046159555869258604,0.0009074789424053354,0.0009074767054297107,0.000955374548667139
15.67,0.173,0.0007582395311413588,0.0008853138904102114,0.0008853099858993262,0.000955374548667139
15.67,0.173,0.00124552148684853,0.000851862522566441,0.0008518558497423237,0.000955374548667139
15.67,0.173,0.002045954755044497,0.000801120373521814,0.0008011093506835517,0.000955374548667139
15.67,0.173,0.0033607857462825456,0.0007248649643770883,0.0007248477021586768,0.000955374548667139
15.67,0.173,0.005520591696647901,0.0006142726334795799,0.0006142471444906275,0.000955374548667139
15.67,0.173,0.009068395006973916,0.00046595252802540004,0.0004659199844338011,0.000955374548667139
15.67,0.173,0.01489619093772919,0.0002936918309879683,0.00029365709446067443,0.000955374548667139
15.67,0.173,0.024469214704767362,0.00013661444596904087,0.00013658801930706518,0.000955374548667139
15.67,0.173,0.04019433362333615,3.907773807801771e-5,3.906543882735672e-5,0.000955374548667139
15.67,0.173,0.06602518613354949,5.2610757239982525e-6,5.258447810321903e-6,0.000955374548667139
15.67,0.173,0.1084562128786955,2.3138795647092968e-7,2.312087557859543e-7,0.000955374548667139
15.67,0.173,0.17815550096589414,2.1254482017047694e-9,2.1229735024194223e-9,0.000955374548667139
15.67,0.173,0.292646974128703,2.5721912177822e-12,2.567851255686453e-12,0.000955374548667139
15.67,0.173,0.480716289995901,2.890751081892076e-16,2.8840110749390216e-16,0.000955374548667139
15.67,0.173,0.789648183294706,2.7019730777406042e-21,2.693608565283055e-21,0.000955374548667139
15.67,0.173,1.297114881182717,2.502847425537297e-27,2.4930171587101467e-27,0.000955374548667139
15.67,0.173,2.1307045980472066,3.386754640197543e-34,3.370828793359591e-34,0.000955374548667139
15.67,0.173,3.5000000000000004,1.0641691766536878e-41,1.0549776262709194e-41,0.000955374548667139
15.67,0.173,3.8,5.160310779396593e-43,5.1748806432931054e-43,0.000955374548667139
15.67,0.173,3.98,4.58117960575437e-44,4.622297385519476e-44,0.000955374548667139
15.67,0.173,3.9998,4.0467556419593465e-45,4.083692288790506e-45,0.000955374548667139
15.67,0.61,1.0000000000000001e-7,0.0003221093717566598,0.0003221095364502642,0.0003221545074882377
15.67,0.61,1.6426491045299075e-7,0.000322090620864543,0.0003220907846764667,0.0003221545074882377
15.67,0.61,2.698296080612907e-7,0.0003220640791638316,0.0003220642417658287,0.0003221545074882377
15.67,0.61,4.432353640575351e-7,0.00032202650827298267,0.0003220266691180996,0.0003221545074882377
15.67,0.61,7.280801738650976e-7,0.0003219733219430745,0.0003219734803358533,0.0003221545074882377
15.67,0.61,1.1959802456254818e-6,0.00032189802277647443,0.0003218981776788511,0.0003221545074882377
15.67,0.61,1.9645758795121526e-6,0.0003217914006702083,0.00032179155057354534,0.0003221545074882377
15.67,0.61,3.227108809261693e-6,0.0003216403886279829,0.00032164053156408424,0.0003221545074882377
15.67,0.61,5.301007395754297e-6,0.0003214264216244218,0.0003214265543411175,0.0003221545074882377
15.67,0.61,8.707695051742211e-6,0.0003211230655978426,0.0003211231841869402,0.0003221545074882377
15.67,0.61,1.4303687479263852e-5,0.0003206925554962439,0.0003206926530815081,0.0003221545074882377
15.67,0.61,2.3495939429288417e-5,0.00032008066455991446,0.00032008073254646813,0.0003221545074882377
15.67,0.61,3.8595583863609565e-5,0.00031920894851272976,0.00031920897225699293,0.0003221545074882377
15.67,0.61,6.33990012723672e-5,0.000317962733650404,0.00031796269190584607,0.0003221545074882377
15.67,0.61,0.00010414231266814445,0.00031617201342796933,0.0003161718730074612,0.0003221545074882377
15.67,0.61,0.00017106927664800093,0.0003135803259390026,0.00031358002835392174,0.0003221545074882377
15.67,0.61,0.00028100679409841776,0.000309793316669289,0.00030979277858467826,0.0003221545074882377
15.67,0.61,0.00046159555869258604,0.0003041942094864089,0.0003041932619751439,0.0003221545074882377
15.67,0.61,0.0007582395311413588,0.0002958106252165389,0.00029580904313716464,0.0003221545074882377
15.67,0.61,0.00124552148684853,0.00028312755435106537,0.00028312489838617214,0.0003221545074882377
15.67,0.61,0.002045954755044497,0.000263898238699814,0.0002638939716790122,0.0003221545074882377
15.67,0.61,0.0033607857462825456,0.00023518018764990143,0.00023517360292736435,0.0003221545074882377
15.67,0.61,0.005520591696647901,0.00019419271769560318,0.00019418335373645672,0.0003221545074882377
15.67,0.61,0.009068395006973916,0.00014093206089689617,0.00014092062227061893,0.0003221545074882377
15.67,0.61,0.01489619093772919,8.243024815128053e-5,8.241895824097963e-5,0.0003221545074882377
15.67,0.61,0.024469214704767362,3.3826307241894664e-5,3.381874679489764e-5,0.0003221545074882377
15.67,0.61,0.04019433362333615,7.85525779785586e-6,7.852389088637213e-6,0.0003221545074882377
15.67,0.61,0.06602518613354949,7.49680636031059e-7,7.492457379499823e-7,0.0003221545074882377
15.67,0.61,0.1084562128786955,1.8783772408630953e-8,1.876673665606658e-8,0.0003221545074882377
15.67,0.61,0.17815550096589414,6.976905797856257e-11,6.967295397484985e-11,0.0003221545074882377
15.67,0.61,0.292646974128703,2.0495900694422988e-14,2.0454525079328903e-14,0.0003221545074882377
15.67,0.61,0.480716289995901,2.7805503152232354e-19,2.7726785534588496e-19,0.0003221545074882377
15.67,0.61,0.789648183294706,1.336966660054813e-25,1.3318720830391298e-25,0.0003221545074882377
15.67,0.61,1.297114881182717,2.5614554176929488e-33,2.5489166521955364e-33,0.0003221545074882377
15.67,0.61,2.1307045980472066,3.063694723842321e-42,3.045122268249395e-42,0.0003221545074882377
15.67,0.61,3.5000000000000004,4.21988171400117e-52,4.206885648233949e-52,0.0003221545074882377
15.67,0.61,3.8,8.088824026316195e-54,7.979531887301113e-54,0.0003221545074882377
15.67,0.61,3.98,4.579722522116752e-55,4.6113627878011954e-55,0.0003221545074882377
15.67,0.61,3.9998,3.8864585517504005e-56,3.9210605134466334e-56,0.0003221545074882377
15.67,1.73,1.0000000000000001e-7,7.92885963155008e-5,7.928862169699247e-5,7.930165697174726e-5
15.67,1.73,1.6426491045299075e-7,7.928317039672037e-5,7.92831955333579e-5,7.930165697174726e-5
15.67,1.73,2.698296080612907e-7,7.927548995168594e-5,7.927551473007547e-5,7.930165697174726e-5
15.67,1.73,4.432353640575351e-7,7.926461770470627e-5,7.92646419903603e-5,7.930165697174726e-5
15.67,1.73,7.280801738650976e-7,7.92492260864034e-5,7.924924965842325e-5,7.930165697174726e-5
15.67,1.73,1.1959802456254818e-6,7.922743389441605e-5,7.922745646476966e-5,7.930165697174726e-5
15.67,1.73,1.9645758795121526e-6,7.91965735693588e-5,7.919659471871014e-5,7.930165697174726e-5
15.67,1.73,3.227108809261693e-6,7.915285834942381e-5,7.915287744824669e-5,7.930165697174726e-5
15.67,1.73,5.301007395754297e-6,7.909090346099425e-5,7.909091970347713e-5,7.930165697174726e-5
15.67,1.73,8.707695051742211e-6,7.900303135843335e-5,7.900304337289019e-5,7.930165697174726e-5
15.67,1.73,1.4303687479263852e-5,7.887825099233247e-5,7.887825711984629e-5,7.930165697174726e-5
15.67,1.73,2.3495939429288417e-5,7.870073230706398e-5,7.870072956949674e-5,7.930165697174726e-5
15.67,1.73,3.8595583863609565e-5,7.844747568301417e-5,7.844746019902779e-5,7.930165697174726e-5
15.67,1.73,6.33990012723672e-5,7.8084658665519e-5,7.808462373430924e-5,7.930165697174726e-5
15.67,1.73,0.00010414231266814445,7.756175719333216e-5,7.756169242789043e-5,7.930165697174726e-5
15.67,1.73,0.00017106927664800093,7.680188645117207e-5,7.680177552178821e-5,7.930165697174726e-5
15.67,1.73,0.00028100679409841776,7.568582049884658e-5,7.568563290590236e-5,7.930165697174726e-5
15.67,1.73,0.00046159555869258604,7.402606099927953e-5,7.40257541539253e-5,7.930165697174726e-5
15.67,1.73,0.0007582395311413588,7.15275201576103e-5,7.15270079563261e-5,7.930165697174726e-5
15.67,1.73,0.00124552148684853,6.773762457672399e-5,6.773680248525657e-5,7.930165697174726e-5
15.67,1.73,0.002045954755044497,6.201324245211216e-5,6.201193440254789e-5,7.930165697174726e-5
15.67,1.73,0.0033607857462825456,5.3596358660335446e-5,5.3594423452903034e-5,7.930165697174726e-5
15.67,1.73,0.005520591696647901,4.1997382724292875e-5,4.199479795244685e-5,7.930165697174726e-5
15.67,1.73,0.009068395006973916,2.788320699669589e-5,2.788029746893276e-5,7.930165697174726e-5
15.67,1.73,0.01489619093772919,1.4036600529046373e-5,1.4034180031179473e-5,7.930165697174726e-5
15.67,1.73,0.024469214704767362,4.482479432549838e-6,4.481195560780271e-6,7.930165697174726e-5
15.67,1.73,0.04019433362333615,6.864764109085769e-7,6.861594397101165e-7,7.930165697174726e-5
15.67,1.73,0.06602518613354949,3.295264961851984e-8,3.292809795665154e-8,7.930165697174726e-5
15.67,1.73,0.1084562128786955,2.6750385553117477e-10,2.6719034389631733e-10,7.930165697174726e-5
15.67,1.73,0.17815550096589414,1.5981565444638206e-13,1.5952691243830165e-13,7.930165697174726e-5
15.67,1.73,0.292646974128703,2.5879788399655468e-18,2.5809936307097088e-18,7.930165697174726e-5
15.67,1.73,0.480716289995901,4.201985029097775e-25,4.185678011793837e-25,7.930165697174726e-5
15.67,1.73,0.789648183294706,3.381346419055933e-34,3.363337486325948e-34,7.930165697174726e-5
15.67,1.73,1.297114881182717,1.1637782266873948e-45,1.1556380534632386e-45,7.930165697174726e-5
15.67,1.73,2.1307045980472066,2.7471335955220377e-59,2.7221495782044707e-59,7.930165697174726e-5
15.67,1.73,3.5000000000000004,1.0931058188139914e-74,9.00078305268515e-75,7.930165697174726e-5
15.67,1.73,3.8,2.2112462909585784e-77,2.108941841506917e-77,7.930165697174726e-5
15.67,1.73,3.98,4.048532397712923e-79,5.81404498352031e-79,7.930165697174726e-5
15.67,1.73,3.9998,3.1187766030416232e-80,4.640077600690911e-80,7.930165697174726e-5
15.67,4.71,1.0000000000000001e-7,1.6077977469616084e-5,1.6077824051080318e-5,1.6081288897757575e-5
15.67,4.71,1.6426491045299075e-7,1.6076601730467326e-5,1.6076448254278253e-5,1.6081288897757575e-5
15.67,4.71,2.698296080612907e-7,1.6074654305967496e-5,1.607450074523584e-5,1.6081288897757575e-5
15.67,4.71,4.432353640575351e-7,1.6071897462851138e-5,1.6071743785746056e-5,1.6081288897757575e-5
15.67,4.71,7.280801738650976e-7,1.606799438813983e-5,1.6067840542635633e-5,1.6081288897757575e-5
15.67,4.71,1.1959802456254818e-6,1.6062467617378955e-5,1.606231353433266e-5,1.6081288897757575e-5
15.67,4.71,1.9645758795121526e-6,1.6054639672217338e-5,1.6054485252912707e-5,1.6081288897757575e-5
15.67,4.71,3.227108809261693e-6,1.60435478705127e-5,1.604339296179682e-5,1.6081288897757575e-5
15.67,4.71,5.301007395754297e-6,1.6027821152335318e-5,1.6027665561665027e-5,1.6081288897757575e-5
15.67,4.71,8.707695051742211e-6,1.6005500026044523e-5,1.600534341386263e-5,1.6081288897757575e-5
15.67,4.71,1.4303687479263852e-5,1.5973769302863947e-5,1.5973611255257355e-5,1.6081288897757575e-5
15.67,4.71,2.3495939429288417e-5,1.5928553263447023e-5,1.5928393017955864e-5,1.6081288897757575e-5
15.67,4.71,3.8595583863609565e-5,1.5863887152834813e-5,1.5863723671571012e-5,1.6081288897757575e-5
15.67,4.71,6.33990012723672e-5,1.5770915108714208e-5,1.5770746572732166e-5,1.6081288897757575e-5
15.67,4.71,0.00010414231266814445,1.5636254158407306e-5,1.5636077576288293e-5,1.6081288897757575e-5
15.67,4.71,0.00017106927664800093,1.543928758146156e-5,1.543909821648219e-5,1.6081288897757575e-5
15.67,4.71,0.00028100679409841776,1.5147721831200636e-5,1.5147510529689507e-5,1.6081288897757575e-5
15.67,4.71,0.00046159555869258604,1.4710621258835012e-5,1.4710375341984666e-5,1.6081288897757575e-5
15.67,4.71,0.0007582395311413588,1.404876314886157e-5,1.4048457772577194e-5,1.6081288897757575e-5
15.67,4.71,0.00124552148684853,1.3045364938238186e-5,1.3044972049605175e-5,1.6081288897757575e-5
15.67,4.71,0.002045954755044497,1.1549877436666451e-5,1.1549357837140201e-5,1.6081288897757575e-5
15.67,4.71,0.0033607857462825456,9.42723401588117e-6,9.42657487677761e-6,1.6081288897757575e-5
15.67,4.71,0.005520591696647901,6.700802739901713e-6,6.700055221683164e-6,1.6081288897757575e-5
15.67,4.71,0.009068395006973916,3.7723134931283323e-6,3.7716292420882303e-6,1.6081288897757575e-5
15.67,4.71,0.01489619093772919,1.4400281358467988e-6,1.4396070955563414e-6,1.6081288897757575e-5
15.67,4.71,0.024469214704767362,2.9013751287863157e-7,2.899986395089752e-7,1.6081288897757575e-5
15.67,4.71,0.04019433362333615,2.0725608960706248e-8,2.0709672627723365e-8,1.6081288897757575e-5
15.67,4.71,0.06602518613354949,2.8271297124015265e-10,2.8236091959361253e-10,1.6081288897757575e-5
15.67,4.71,0.1084562128786955,2.900726869611974e-13,2.8949751101623766e-13,1.6081288897757575e-5
15.67,4.71,0.17815550096589414,5.910612644545721e-18,5.8921470304242826e-18,1.6081288897757575e-5
15.67,4.71,0.292646974128703,4.146072713318177e-25,4.1260881220771444e-25,1.6081288897757575e-5
15.67,4.71,0.480716289995901,1.32426302562429e-35,1.3146910151192905e-35,1.6081288897757575e-5
15.67,4.71,0.789648183294706,2.9253401909201006e-50,2.8948073997722617e-50,1.6081288897757575e-5
15.67,4.71,1.297114881182717,1.4098734578351117e-69,1.389483090415058e-69,1.6081288897757575e-5
15.67,4.71,2.1307045980472066,1.5347466279785484e-93,1.5032507068325786e-93,1.6081288897757575e-5
15.67,4.71,3.5000000000000004,1.2631596649609197e-121,7.177225612564072e-122,1.6081288897757575e-5
15.67,4.71,3.8,1.2752319006137995e-126,9.928144334755789e-127,1.6081288897757575e-5
15.67,4.71,3.98,1.3832673748712233e-129,4.267037546463765e-129,1.6081288897757575e-5
15.67,4.71,3.9998,8.434543439206927e-131,2.9347211640294815e-130,1.6081288897757575e-5
