12.013,0.00113,1.0000000000000001e-7,9.646575370593502e-8,9.646068896558499e-8,9.646604354897211e-8
12.013,0.00113,1.6426491045299075e-7,9.646563330306027e-8,9.646056856372863e-8,9.646604354897211e-8
12.013,0.00113,2.698296080612907e-7,9.646546288394329e-8,9.646039814601188e-8,9.646604354897211e-8
12.013,0.00113,4.432353640575351e-7,9.646522167143504e-8,9.646015693540339e-8,9.646604354897211e-8
12.013,0.00113,7.280801738650976e-7,9.646488025734768e-8,9.645981552429162e-8,9.646604354897211e-8
12.013,0.00113,1.1959802456254818e-6,9.64643970169765e-8,9.645933228752198e-8,9.646604354897211e-8
12.013,0.00113,1.9645758795121526e-6,9.646371303407667e-8,9.645864831074547e-8,9.646604354897211e-8
12.013,0.00113,3.227108809261693e-6,9.646274491738379e-8,9.645768020130551e-8,9.646604354897211e-8
12.013,0.00113,5.301007395754297e-6,9.64613746324739e-8,9.645630992837526e-8,9.646604354897211e-8
12.013,0.00113,8.707695051742211e-6,9.645943510833635e-8,9.645437041957777e-8,9.646604354897211e-8
12.013,0.00113,1.4303687479263852e-5,9.645668986165865e-8,9.645162519544928e-8,9.646604354897211e-8
12.013,0.00113,2.3495939429288417e-5,9.645280414962214e-8,9.64477395162473e-8,9.646604354897211e-8
12.013,0.00113,3.8595583863609565e-5,9.644730412263796e-8,9.644223953138579e-8,9.646604354897211e-8
12.013,0.00113,6.33990012723672e-5,9.64395189704475e-8,9.643445444825188e-8,9.646604354897211e-8
12.013,0.00113,0.00010414231266814445,9.642849894737046e-8,9.642343450686146e-8,9.646604354897211e-8
12.013,0.00113,0.00017106927664800093,9.64128991438204e-8,9.640783484276452e-8,9.646604354897211e-8
12.013,0.00113,0.00028100679409841776,9.639081451843282e-8,9.638575038644926e-8,9.646604354897211e-8
12.013,0.00113,0.00046159555869258604,9.635954536444482e-8,9.635448150080054e-8,9.646604354897211e-8
12.013,0.00113,0.0007582395311413588,9.631526300884948e-8,9.631019950804214e-8,9.646604354897211e-8
12.013,0.00113,0.00124552148684853,9.625253138954308e-8,9.624746839307032e-8,9.646604354897211e-8
12.013,0.00113,0.002045954755044497,9.616361819541761e-8,9.615855598327347e-8,9.646604354897211e-8
12.013,0.00113,0.0033607857462825456,9.603749403122655e-8,9.603243278332731e-8,9.646604354897211e-8
12.013,0.00113,0.005520591696647901,9.58583595015388e-8,9.585329993658134e-8,9.646604354897211e-8
12.013,0.00113,0.009068395006973916,9.560343939553489e-8,9.559838183072891e-8,9.646604354897211e-8
12.013,0.00113,0.01489619093772919,9.523960566937276e-8,9.523455169120474e-8,9.646604354897211e-8
12.013,0.00113,0.024469214704767362,9.471807558786366e-8,9.471302632407977e-8,9.646604354897211e-8
12.013,0.00113,0.04019433362333615,9.396588053905188e-8,9.396083920538706e-8,9.646604354897211e-8
12.013,0.00113,0.06602518613354949,9.28718921058172e-8,9.28668637682007e-8,9.646604354897211e-8
12.013,0.00113,0.1084562128786955,9.126388507398516e-8,9.125887685170396e-8,9.646604354897211e-8
12.013,0.00113,0.17815550096589414,8.887186376213164e-8,8.88668973709698e-8,9.646604354897211e-8
12.013,0.00113,0.292646974128703,8.527376492027884e-8,8.526886477053944e-8,9.646604354897211e-8
12.013,0.00113,0.480716289995901,7.98286730652045e-8,7.982391938402613e-8,9.646604354897211e-8
12.013,0.00113,0.789648183294706,7.16309035216463e-8,7.162640939245331e-8,9.646604354897211e-8
12.013,0.00113,1.297114881182717,5.95647585256559e-8,5.956076752430156e-8,9.646604354897211e-8
12.013,0.00113,2.1307045980472066,4.246767680295378e-8,4.2464581343905705e-8,9.646604354897211e-8
12.013,0.00113,3.5000000000000004,1.7383803632403195e-8,1.7382399195882657e-8,9.646604354897211e-8
12.013,0.00113,3.8,1.0476723954196073e-8,1.0475861346086331e-8,9.646604354897211e-8
12.013,0.00113,3.98,3.2201018445053306e-9,3.2198341989050678e-9,9.646604354897211e-8
12.013,0.00113,3.9998,3.210111345636908e-10,3.209844139237742e-10,9.646604354897211e-8
12.013,0.0037,1.0000000000000001e-7,9.586534519524602e-8,9.586029675243287e-8,9.586563399691503e-8
12.013,0.0037,1.6426491045299075e-7,9.586522522496277e-8,9.586017678199084e-8,9.586563399691503e-8
12.013,0.0037,2.698296080612907e-7,9.586505541813883e-8,9.586000697516673e-8,9.586563399691503e-8
12.013,0.0037,4.432353640575351e-7,9.58648150722742e-8,9.585976662894536e-8,9.586563399691503e-8
12.013,0.0037,7.280801738650976e-7,9.586447488483979e-8,9.585942644150173e-8,9.586563399691503e-8
12.013,0.0037,1.1959802456254818e-6,9.586399338068043e-8,9.585894493677096e-8,9.586563399691503e-8
12.013,0.0037,1.9645758795121526e-6,9.58633118552239e-8,9.585826341099711e-8,9.586563399691503e-8
12.013,0.0037,3.227108809261693e-6,9.586234721680624e-8,9.585729877193668e-8,9.586563399691503e-8
12.013,0.0037,5.301007395754297e-6,9.586098185505459e-8,9.585593340875353e-8,9.586563399691503e-8
12.013,0.0037,8.707695051742211e-6,9.585904929915044e-8,9.585400085251262e-8,9.586563399691503e-8
12.013,0.0037,1.4303687479263852e-5,9.585631391526855e-8,9.585126546463663e-8,9.586563399691503e-8
12.013,0.0037,2.3495939429288417e-5,9.585244216289353e-8,9.584739371245268e-8,9.586563399691503e-8
12.013,0.0037,3.8595583863609565e-5,9.584696189403203e-8,9.584191343589368e-8,9.586563399691503e-8
12.013,0.0037,6.33990012723672e-5,9.583920470652665e-8,9.583415624701248e-8,9.586563399691503e-8
12.013,0.0037,0.00010414231266814445,9.582822426234583e-8,9.582317579207287e-8,9.586563399691503e-8
12.013,0.0037,0.00017106927664800093,9.581268047331316e-8,9.58076319918842e-8,9.586563399691503e-8
12.013,0.0037,0.00028100679409841776,9.579067511826484e-8,9.578562662715308e-8,9.586563399691503e-8
12.013,0.0037,0.00046159555869258604,9.575951813470883e-8,9.575446960361718e-8,9.586563399691503e-8
12.013,0.0037,0.0007582395311413588,9.571539448000152e-8,9.57103459477416e-8,9.586563399691503e-8
12.013,0.0037,0.00124552148684853,9.565288734007084e-8,9.56478387110838e-8,9.586563399691503e-8
12.013,0.0037,0.002045954755044497,9.556429155091293e-8,9.555924292442514e-8,9.586563399691503e-8
12.013,0.0037,0.0033607857462825456,9.543861593473457e-8,9.543356714045613e-8,9.586563399691503e-8
12.013,0.0037,0.005520591696647901,9.52601147571669e-8,9.52550658969346e-8,9.586563399691503e-8
12.013,0.0037,0.009068395006973916,9.500608788466577e-8,9.500103882536384e-8,9.586563399691503e-8
12.013,0.0037,0.01489619093772919,9.464351185053539e-8,9.463846242145887e-8,9.586563399691503e-8
12.013,0.0037,0.024469214704767362,9.412374893457203e-8,9.411869955793075e-8,9.586563399691503e-8
12.013,0.0037,0.04019433362333615,9.337403121615077e-8,9.336898075866583e-8,9.586563399691503e-8
12.013,0.0037,0.06602518613354949,9.228351001371119e-8,9.227846136001307e-8,9.586563399691503e-8
12.013,0.0037,0.1084562128786955,9.0680361957308e-8,9.067531334007589e-8,9.586563399691503e-8
12.013,0.0037,0.17815550096589414,8.829521279052918e-8,8.829017606763306e-8,9.586563399691503e-8
12.013,0.0037,0.292646974128703,8.47070893495187e-8,8.47020770671195e-8,9.586563399691503e-8
12.013,0.0037,0.480716289995901,7.927727933069923e-8,7.927234251983557e-8,9.586563399691503e-8
12.013,0.0037,0.789648183294706,7.110497005336118e-8,7.110022361705283e-8,9.586563399691503e-8
12.013,0.0037,1.297114881182717,5.908531256200691e-8,5.908099163232209e-8,9.586563399691503e-8
12.013,0.0037,2.1307045980472066,4.2079059514354317e-8,4.2075632147198114e-8,9.586563399691503e-8
12.013,0.0037,3.5000000000000004,1.7196680255845136e-8,1.7195103187204078e-8,9.586563399691503e-8
12.013,0.0037,3.8,1.0360578991713532e-8,1.0359606615749678e-8,9.586563399691503e-8
12.013,0.0037,3.98,3.183798635897448e-9,3.1834971136109455e-9,9.586563399691503e-8
12.013,0.0037,3.9998,3.173855146169318e-10,3.1735542641173206e-10,9.586563399691503e-8
12.013,0.0127,1.0000000000000001e-7,9.380410694705521e-8,9.379913220252381e-8,9.380439218027768e-8
12.013,0.0127,1.6426491045299075e-7,9.380398845912962e-8,9.379901371459526e-8,9.380439218027768e-8
12.013,0.0127,2.698296080612907e-7,9.38038207504448e-8,9.379884600569364e-8,9.380439218027768e-8
12.013,0.0127,4.432353640575351e-7,9.380358337430012e-8,9.379860862959848e-8,9.380439218027768e-8
12.013,0.0127,7.280801738650976e-7,9.380324739022623e-8,9.379827264510491e-8,9.380439218027768e-8
12.013,0.0127,1.1959802456254818e-6,9.380277183552821e-8,9.379779709040574e-8,9.380439218027768e-8
12.013,0.0127,1.9645758795121526e-6,9.380209873096989e-8,9.379712398528737e-8,9.380439218027768e-8
12.013,0.0127,3.227108809261693e-6,9.380114601152491e-8,9.379617126533365e-8,9.380439218027768e-8
12.013,0.0127,5.301007395754297e-6,9.379979751991083e-8,9.379482277332438e-8,9.380439218027768e-8
12.013,0.0127,8.707695051742211e-6,9.379788884197878e-8,9.379291409331156e-8,9.380439218027768e-8
12.013,0.0127,1.4303687479263852e-5,9.379518725482526e-8,9.379021250648418e-8,9.380439218027768e-8
12.013,0.0127,2.3495939429288417e-5,9.379136333783735e-8,9.378638858438024e-8,9.380439218027768e-8
12.013,0.0127,3.8595583863609565e-5,9.37859507738193e-8,9.378097602131121e-8,9.380439218027768e-8
12.013,0.0127,6.33990012723672e-5,9.377828941232932e-8,9.377331465135207e-8,9.380439218027768e-8
12.013,0.0127,0.00010414231266814445,9.37674445920607e-8,9.376246982882707e-8,9.380439218027768e-8
12.013,0.0127,0.00017106927664800093,9.375209274578446e-8,9.374711797325261e-8,9.380439218027768e-8
12.013,0.0127,0.00028100679409841776,9.373035902184069e-8,9.372538423200766e-8,9.380439218027768e-8
12.013,0.0127,0.00046159555869258604,9.369958640292267e-8,9.369461161038229e-8,9.380439218027768e-8
12.013,0.0127,0.0007582395311413588,9.365600654724469e-8,9.365103169861678e-8,9.380439218027768e-8
12.013,0.0127,0.00124552148684853,9.359426858397587e-8,9.358929374836577e-8,9.380439218027768e-8
12.013,0.0127,0.002045954755044497,9.350676034324796e-8,9.350178538833749e-8,9.380439218027768e-8
12.013,0.0127,0.0033607857462825456,9.338262153962039e-8,9.337764659395017e-8,9.380439218027768e-8
12.013,0.0127,0.005520591696647901,9.320629017370968e-8,9.320131505018494e-8,9.380439218027768e-8
12.013,0.0127,0.009068395006973916,9.295532307118057e-8,9.295034783115236e-8,9.380439218027768e-8
12.013,0.0127,0.01489619093772919,9.259705448281809e-8,9.259207912359646e-8,9.380439218027768e-8
12.013,0.0127,0.024469214704767362,9.208334233991955e-8,9.20783664000745e-8,9.380439218027768e-8
12.013,0.0127,0.04019433362333615,9.134210402626429e-8,9.133712868461983e-8,9.380439218027768e-8
12.013,0.0127,0.06602518613354949,9.026344527096354e-8,9.025846879589793e-8,9.380439218027768e-8
12.013,0.0127,0.1084562128786955,8.86769136707601e-8,8.86719420330238e-8,9.380439218027768e-8
12.013,0.0127,0.17815550096589414,8.63152592701568e-8,8.631029331927614e-8,9.380439218027768e-8
12.013,0.0127,0.292646974128703,8.276125257051413e-8,8.27563167277425e-8,9.380439218027768e-8
12.013,0.0127,0.480716289995901,7.738378963874891e-8,7.737892647501068e-8,9.380439218027768e-8
12.013,0.0127,0.789648183294706,6.929894050669175e-8,6.92942619594502e-8,9.380439218027768e-8
12.013,0.0127,1.297114881182717,5.7439431851300866e-8,5.743518422322071e-8,9.380439218027768e-8
12.013,0.0127,2.1307045980472066,4.074632701381671e-8,4.074296054919407e-8,9.380439218027768e-8
12.013,0.0127,3.5000000000000004,1.6556394615965336e-8,1.655484577612299e-8,9.380439218027768e-8
12.013,0.0127,3.8,9.963371799585575e-9,9.962422501283578e-9,9.380439218027768e-8
12.013,0.0127,3.98,3.059683821402334e-9,3.0593880556038342e-9,9.380439218027768e-8
12.013,0.0127,3.9998,3.0499053893473993e-10,3.049610156663969e-10,9.380439218027768e-8
12.013,0.047,1.0000000000000001e-7,8.650107693309021e-8,8.649638566802396e-8,8.65013496137833e-8
12.013,0.047,1.6426491045299075e-7,8.65009636595728e-8,8.649627239449137e-8,8.65013496137833e-8
12.013,0.047,2.698296080612907e-7,8.650080333139678e-8,8.64961120662706e-8,8.65013496137833e-8
12.013,0.047,4.432353640575351e-7,8.650057640167275e-8,8.649588513663281e-8,8.65013496137833e-8
12.013,0.047,7.280801738650976e-7,8.650025520352815e-8,8.649556393824542e-8,8.65013496137833e-8
12.013,0.047,1.1959802456254818e-6,8.649980057691952e-8,8.649510931194672e-8,8.65013496137833e-8
12.013,0.047,1.9645758795121526e-6,8.649915709408191e-8,8.649446582858957e-8,8.65013496137833e-8
12.013,0.047,3.227108809261693e-6,8.649824630132585e-8,8.649355503633671e-8,8.65013496137833e-8
12.013,0.047,5.301007395754297e-6,8.649695715280345e-8,8.649226588724897e-8,8.65013496137833e-8
12.013,0.047,8.707695051742211e-6,8.649513246894864e-8,8.649044120350067e-8,8.65013496137833e-8
12.013,0.047,1.4303687479263852e-5,8.649254976632885e-8,8.648785850113065e-8,8.65013496137833e-8
12.013,0.047,2.3495939429288417e-5,8.64888941164127e-8,8.648420284932256e-8,8.65013496137833e-8
12.013,0.047,3.8595583863609565e-5,8.648371971205215e-8,8.647902844781425e-8,8.65013496137833e-8
12.013,0.047,6.33990012723672e-5,8.647639542797104e-8,8.64717041575151e-8,8.65013496137833e-8
12.013,0.047,0.00010414231266814445,8.646602767413703e-8,8.646133641080829e-8,8.65013496137833e-8
12.013,0.047,0.00017106927664800093,8.64513509906301e-8,8.644665971707751e-8,8.65013496137833e-8
12.013,0.047,0.00028100679409841776,8.64305727143298e-8,8.642588144843507e-8,8.65013496137833e-8
12.013,0.047,0.00046159555869258604,8.640115203054735e-8,8.639646075786618e-8,8.65013496137833e-8
12.013,0.047,0.0007582395311413588,8.63594847877217e-8,8.63547935059775e-8,8.65013496137833e-8
12.013,0.047,0.00124552148684853,8.630045188608064e-8,8.629576062219025e-8,8.65013496137833e-8
12.013,0.047,0.002045954755044497,8.621676784693092e-8,8.621207651662088e-8,8.65013496137833e-8
12.013,0.047,0.0033607857462825456,8.609803187771898e-8,8.609334062739949e-8,8.65013496137833e-8
12.013,0.047,0.005520591696647901,8.592932626361576e-8,8.592463483836695e-8,8.65013496137833e-8
12.013,0.047,0.009068395006973916,8.568910741844668e-8,8.568441615066399e-8,8.65013496137833e-8
12.013,0.047,0.01489619093772919,8.53459590226349e-8,8.534126749289136e-8,8.65013496137833e-8
12.013,0.047,0.024469214704767362,8.485346480613044e-8,8.484877338585132e-8,8.65013496137833e-8
12.013,0.047,0.04019433362333615,8.414191935985163e-8,8.413722810144167e-8,8.65013496137833e-8
12.013,0.047,0.06602518613354949,8.310472808707969e-8,8.310003674930577e-8,8.65013496137833e-8
12.013,0.047,0.1084562128786955,8.157617843259324e-8,8.157149143057181e-8,8.65013496137833e-8
12.013,0.047,0.17815550096589414,7.929642552015641e-8,7.929174329041635e-8,8.65013496137833e-8
12.013,0.047,0.292646974128703,7.586153444613728e-8,7.585688385092201e-8,8.65013496137833e-8
12.013,0.047,0.480716289995901,7.066800379965043e-8,7.066341775288757e-8,8.65013496137833e-8
12.013,0.047,0.789648183294706,6.28939267266709e-8,6.288952654137808e-8,8.65013496137833e-8
12.013,0.047,1.297114881182717,5.160971526793862e-8,5.160572595715905e-8,8.65013496137833e-8
12.013,0.047,2.1307045980472066,3.6044455198773385e-8,3.604131285132268e-8,8.65013496137833e-8
12.013,0.047,3.5000000000000004,1.4317007805778025e-8,1.4315579727133444e-8,8.65013496137833e-8
12.013,0.047,3.8,8.576956010292228e-9,8.57608142194225e-9,8.65013496137833e-8
12.013,0.047,3.98,2.626999798828088e-9,2.626728014643729e-9,8.65013496137833e-8
12.013,0.047,3.9998,2.617854717155804e-10,2.6175835403620854e-10,8.65013496137833e-8
12.013,0.173,1.0000000000000001e-7,6.567207327594706e-8,6.566842844219133e-8,6.567231121600117e-8
12.013,0.173,1.6426491045299075e-7,6.567197443393178e-8,6.566832960022007e-8,6.567231121600117e-8
12.013,0.173,2.698296080612907e-7,6.567183453219913e-8,6.566818969837508e-8,6.567231121600117e-8
12.013,0.173,4.432353640575351e-7,6.567163651419225e-8,6.566799168037962e-8,6.567231121600117e-8
12.013,0.173,7.280801738650976e-7,6.567135623786095e-8,6.566771140396445e-8,6.567231121600117e-8
12.013,0.173,1.1959802456254818e-6,6.567095953219381e-8,6.566731469808938e-8,6.567231121600117e-8
12.013,0.173,1.9645758795121526e-6,6.567039803087583e-8,6.566675319689001e-8,6.567231121600117e-8
12.013,0.173,3.227108809261693e-6,6.56696032749017e-8,6.566595844013605e-8,6.567231121600117e-8
12.013,0.173,5.301007395754297e-6,6.566847836464327e-8,6.56648335304249e-8,6.567231121600117e-8
12.013,0.173,8.707695051742211e-6,6.566688614244104e-8,6.566324130663749e-8,6.567231121600117e-8
12.013,0.173,1.4303687479263852e-5,6.566463246227895e-8,6.566098762720327e-8,6.567231121600117e-8
12.013,0.173,2.3495939429288417e-5,6.566144250063308e-8,6.565779766362094e-8,6.567231121600117e-8
12.013,0.173,3.8595583863609565e-5,6.565692720617251e-8,6.565328236830393e-8,6.567231121600117e-8
12.013,0.173,6.33990012723672e-5,6.565053576544625e-8,6.564689092712431e-8,6.567231121600117e-8
12.013,0.173,0.00010414231266814445,6.564148821511633e-8,6.563784336985734e-8,6.567231121600117e-8
12.013,0.173,0.00017106927664800093,6.562867981626814e-8,6.562503497568113e-8,6.567231121600117e-8
12.013,0.173,0.00028100679409841776,6.561054515013265e-8,6.560690028984998e-8,6.567231121600117e-8
12.013,0.173,0.00046159555869258604,6.558486450455758e-8,6.558121965605685e-8,6.567231121600117e-8
12.013,0.173,0.0007582395311413588,6.554848701626467e-8,6.55448421335562e-8,6.567231121600117e-8
12.013,0.173,0.00124552148684853,6.549693252426855e-8,6.54932876451889e-8,6.567231121600117e-8
12.013,0.173,0.002045954755044497,6.542381414623539e-8,6.542016922891861e-8,6.567231121600117e-8
12.013,0.173,0.0033607857462825456,6.531999063627799e-8,6.531634565027816e-8,6.567231121600117e-8
12.013,0.173,0.005520591696647901,6.517230122976983e-8,6.516865623251853e-8,6.567231121600117e-8
12.013,0.173,0.009068395006973916,6.49616367359553e-8,6.495799140950013e-8,6.567231121600117e-8
12.013,0.173,0.01489619093772919,6.465992497301387e-8,6.465627970101041e-8,6.567231121600117e-8
12.013,0.173,0.024469214704767362,6.422530070274504e-8,6.422165445166844e-8,6.567231121600117e-8
12.013,0.173,0.04019433362333615,6.359421704845298e-8,6.35905708230554e-8,6.567231121600117e-8
12.013,0.173,0.06602518613354949,6.266850073444995e-8,6.266485278197817e-8,6.567231121600117e-8
12.013,0.173,0.1084562128786955,6.12945787324043e-8,6.12909308841578e-8,6.567231121600117e-8
12.013,0.173,0.17815550096589414,5.923245308350335e-8,5.922880868640107e-8,6.567231121600117e-8
12.013,0.173,0.292646974128703,5.611708691703125e-8,5.611345491783724e-8,6.567231121600117e-8
12.013,0.173,0.480716289995901,5.143293793436928e-8,5.142936439462789e-8,6.567231121600117e-8
12.013,0.173,0.789648183294706,4.456373026283569e-8,4.4560297105976675e-8,6.567231121600117e-8
12.013,0.173,1.297114881182717,3.5026693317702806e-8,3.502361665843555e-8,6.567231121600117e-8
12.013,0.173,2.1307045980472066,2.2900676941399664e-8,2.2898314207936386e-8,6.567231121600117e-8
12.013,0.173,3.5000000000000004,8.278066989749687e-9,8.277042210031084e-9,6.567231121600117e-8
12.013,0.173,3.8,4.8685085703432905e-9,4.867888999495826e-9,6.567231121600117e-8
12.013,0.173,3.98,1.4752520269916227e-9,1.4750607080558234e-9,6.567231121600117e-8
12.013,0.173,3.9998,1.4684064446317722e-10,1.468215566687299e-10,6.567231121600117e-8
12.013,0.61,1.0000000000000001e-7,3.134902663340302e-8,3.1348166529154536e-8,3.1349215736251186e-8
12.013,0.61,1.6426491045299075e-7,3.134894807868079e-8,3.1348087965850284e-8,3.1349215736251186e-8
12.013,0.61,2.698296080612907e-7,3.1348836891689695e-8,3.1347976777942425e-8,3.1349215736251186e-8
12.013,0.61,4.432353640575351e-7,3.1348679516646593e-8,3.1347819401245075e-8,3.1349215736251186e-8
12.013,0.61,7.280801738650976e-7,3.1348456766458095e-8,3.1347596648473516e-8,3.1349215736251186e-8
12.013,0.61,1.1959802456254818e-6,3.134814148324746e-8,3.1347281361803774e-8,3.1349215736251186e-8
12.013,0.61,1.9645758795121526e-6,3.134769522680292e-8,3.134683510041998e-8,3.1349215736251186e-8
12.013,0.61,3.227108809261693e-6,3.1347063586817715e-8,3.134620345313654e-8,3.1349215736251186e-8
12.013,0.61,5.301007395754297e-6,3.134616954649683e-8,3.1345309403344605e-8,3.1349215736251186e-8
12.013,0.61,8.707695051742211e-6,3.134490408635551e-8,3.134404392810005e-8,3.1349215736251186e-8
12.013,0.61,1.4303687479263852e-5,3.134311287786615e-8,3.134225270096243e-8,3.1349215736251186e-8
12.013,0.61,2.3495939429288417e-5,3.1340577433721325e-8,3.133971722679331e-8,3.1349215736251186e-8
12.013,0.61,3.8595583863609565e-5,3.1336988391564526e-8,3.133612814627431e-8,3.1349215736251186e-8
12.013,0.61,6.33990012723672e-5,3.1331907616973166e-8,3.1331047313697695e-8,3.1349215736251186e-8
12.013,0.61,0.00010414231266814445,3.1324714375940875e-8,3.1323853991579615e-8,3.1349215736251186e-8
12.013,0.61,0.00017106927664800093,3.131452872190728e-8,3.131366822638468e-8,3.1349215736251186e-8
12.013,0.61,0.00028100679409841776,3.1300102099923016e-8,3.12992414327583e-8,3.1349215736251186e-8
12.013,0.61,0.00046159555869258604,3.127966036511828e-8,3.127879948095189e-8,3.1349215736251186e-8
12.013,0.61,0.0007582395311413588,3.125067683570683e-8,3.124981559516976e-8,3.1349215736251186e-8
12.013,0.61,0.00124552148684853,3.12095406240612e-8,3.1208678937831235e-8,3.1349215736251186e-8
12.013,0.61,0.002045954755044497,3.115106453256986e-8,3.115020211870444e-8,3.1349215736251186e-8
12.013,0.61,0.0033607857462825456,3.106774021843549e-8,3.106687681688428e-8,3.1349215736251186e-8
12.013,0.61,0.005520591696647901,3.094858331826709e-8,3.094771840202172e-8,3.1349215736251186e-8
12.013,0.61,0.009068395006973916,3.0777295957646665e-8,3.077642865782003e-8,3.1349215736251186e-8
12.013,0.61,0.01489619093772919,3.052927645651199e-8,3.052840580454811e-8,3.1349215736251186e-8
12.013,0.61,0.024469214704767362,3.0166696087438275e-8,3.016581922267619e-8,3.1349215736251186e-8
12.013,0.61,0.04019433362333615,2.9630476140162765e-8,2.9629591146593517e-8,3.1349215736251186e-8
12.013,0.61,0.06602518613354949,2.8827852172754065e-8,2.882695116085366e-8,3.1349215736251186e-8
12.013,0.61,0.1084562128786955,2.7615482401411032e-8,2.7614560852715445e-8,3.1349215736251186e-8
12.013,0.61,0.17815550096589414,2.5783929969394683e-8,2.5782974972240486e-8,3.1349215736251186e-8
12.013,0.61,0.292646974128703,2.3065874692830956e-8,2.3064882435844542e-8,3.1349215736251186e-8
12.013,0.61,0.480716289995901,1.922091611435714e-8,1.9219901509105852e-8,3.1349215736251186e-8
12.013,0.61,0.789648183294706,1.426520254057277e-8,1.4264217863955062e-8,3.1349215736251186e-8
12.013,0.61,1.297114881182717,8.797973266877678e-9,8.797137577149157e-9,3.1349215736251186e-8
12.013,0.61,2.1307045980472066,4.022500897851114e-9,4.021952408741749e-9,3.1349215736251186e-8
12.013,0.61,3.5000000000000004,9.000735384737449e-10,8.998873949094608e-10,3.1349215736251186e-8
12.013,0.61,3.8,4.843639998125219e-10,4.84257964983069e-10,3.1349215736251186e-8
12.013,0.61,3.98,1.3951214579821762e-10,1.394801025801589e-10,3.1349215736251186e-8
12.013,0.61,3.9998,1.3810788046138194e-11,1.3807599418577694e-11,3.1349215736251186e-8
12.013,1.73,1.0000000000000001e-7,1.189895453577231e-8,1.189896126382372e-8,1.1899228208202208e-8
12.013,1.73,1.6426491045299075e-7,1.1898953526254457e-8,1.1898960226751602e-8,1.1899228208202208e-8
12.013,1.73,2.698296080612907e-7,1.1898839420853466e-8,1.1898846149767897e-8,1.1899228208202208e-8
12.013,1.73,4.432353640575351e-7,1.1898677914501428e-8,1.1898684638319079e-8,1.1899228208202208e-8
12.013,1.73,7.280801738650976e-7,1.1898449315508304e-8,1.1898456035999426e-8,1.1899228208202208e-8
12.013,1.73,1.1959802456254818e-6,1.1898125750805662e-8,1.1898132466279297e-8,1.1899228208202208e-8
12.013,1.73,1.9645758795121526e-6,1.1897667765630239e-8,1.1897674474188093e-8,1.1899228208202208e-8
12.013,1.73,3.227108809261693e-6,1.1897019508460256e-8,1.1897026207310807e-8,1.1899228208202208e-8
12.013,1.73,5.301007395754297e-6,1.1896101910618389e-8,1.189610859508285e-8,1.1899228208202208e-8
12.013,1.73,8.707695051742211e-6,1.1894803020905602e-8,1.189480968647427e-8,1.1899228208202208e-8
12.013,1.73,1.4303687479263852e-5,1.1892964298392606e-8,1.1892970934549665e-8,1.1899228208202208e-8
12.013,1.73,2.3495939429288417e-5,1.1890361150186793e-8,1.1890367748669304e-8,1.1899228208202208e-8
12.013,1.73,3.8595583863609565e-5,1.1886675246272902e-8,1.1886681786310376e-8,1.1899228208202208e-8
12.013,1.73,6.33990012723672e-5,1.1881455022022534e-8,1.1881461484327262e-8,1.1899228208202208e-8
12.013,1.73,0.00010414231266814445,1.1874059074128131e-8,1.1874065421933864e-8,1.1899228208202208e-8
12.013,1.73,0.00017106927664800093,1.1863574486788359e-8,1.1863580670337864e-8,1.1899228208202208e-8
12.013,1.73,0.00028100679409841776,1.1848697798606846e-8,1.1848703756244373e-8,1.1899228208202208e-8
12.013,1.73,0.00046159555869258604,1.1827559045124329e-8,1.182756465018415e-8,1.1899228208202208e-8
12.013,1.73,0.0007582395311413588,1.1797456666829435e-8,1.179746180926149e-8,1.1899228208202208e-8
12.013,1.73,0.00124552148684853,1.1754448598746019e-8,1.1754452972070072e-8,1.1899228208202208e-8
12.013,1.73,0.002045954755044497,1.1692704740691783e-8,1.1692708084393207e-8,1.1899228208202208e-8
12.013,1.73,0.0033607857462825456,1.1603456012931898e-8,1.1603457615428326e-8,1.1899228208202208e-8
12.013,1.73,0.005520591696647901,1.1473261118237513e-8,1.1473260130734006e-8,1.1899228208202208e-8
12.013,1.73,0.009068395006973916,1.1281155005191073e-8,1.1281149834598876e-8,1.1899228208202208e-8
12.013,1.73,0.01489619093772919,1.0994123660137249e-8,1.0994111291422683e-8,1.1899228208202208e-8
12.013,1.73,0.024469214704767362,1.0560616980293092e-8,1.0560594246933279e-8,1.1899228208202208e-8
12.013,1.73,0.04019433362333615,9.903512530355302e-9,9.903470772530692e-9,1.1899228208202208e-8
12.013,1.73,0.06602518613354949,8.919412914916672e-9,8.919348353862367e-9,1.1899228208202208e-8
12.013,1.73,0.1084562128786955,7.503187967059611e-9,7.5030894443315e-9,1.1899228208202208e-8
12.013,1.73,0.17815550096589414,5.629746436314814e-9,5.629622847177586e-9,1.1899228208202208e-8
12.013,1.73,0.292646974128703,3.4990598848103133e-9,3.4989308005514973e-9,1.1899228208202208e-8
12.013,1.73,0.480716289995901,1.6081960700906035e-9,1.6080997223769672e-9,1.1899228208202208e-8
12.013,1.73,0.789648183294706,4.63740128571797e-10,4.6369696629164835e-10,1.1899228208202208e-8
12.013,1.73,1.297114881182717,6.739795848863484e-11,6.738880189200928e-11,1.1899228208202208e-8
12.013,1.73,2.1307045980472066,3.812949491292887e-12,3.812276288967009e-12,1.1899228208202208e-8
12.013,1.73,3.5000000000000004,5.855784594154877e-14,5.855155199565018e-14,1.1899228208202208e-8
12.013,1.73,3.8,2.0185705706200955e-14,2.0180801021051094e-14,1.1899228208202208e-8
12.013,1.73,3.98,4.576626856706167e-15,4.5755493413010526e-15,1.1899228208202208e-8
12.013,1.73,3.9998,4.418622637453357e-16,4.417614252868589e-16,1.1899228208202208e-8
12.013,4.71,1.0000000000000001e-7,4.531939015181868e-9,4.531922128261751e-9,4.532491225479574e-9
12.013,4.71,1.6426491045299075e-7,4.531939015181868e-9,4.531922128261751e-9,4.532491225479574e-9
12.013,4.71,2.698296080612907e-7,4.531913043802622e-9,4.531895883694777e-9,4.532491225479574e-9
12.013,4.71,4.432353640575351e-7,4.531672849772856e-9,4.531655919543229e-9,4.532491225479574e-9
12.013,4.71,7.280801738650976e-7,4.531332860086341e-9,4.5313158723837364e-9,4.532491225479574e-9
12.013,4.71,1.1959802456254818e-6,4.530851596309307e-9,4.530834528220397e-9,4.532491225479574e-9
12.013,4.71,1.9645758795121526e-6,4.5301703202700175e-9,4.530153138463671e-9,4.532491225479574e-9
12.013,4.71,3.227108809261693e-6,4.5292058265320454e-9,4.529188483780601e-9,4.532491225479574e-9
12.013,4.71,5.301007395754297e-6,4.527840192741048e-9,4.527822620351894e-9,4.532491225479574e-9
12.013,4.71,8.707695051742211e-6,4.525906163649839e-9,4.525888267288324e-9,4.532491225479574e-9
12.013,4.71,1.4303687479263852e-5,4.5231662198703385e-9,4.52314785763983e-9,4.532491225479574e-9
12.013,4.71,2.3495939429288417e-5,4.519282408401063e-9,4.519263386002276e-9,4.532491225479574e-9
12.013,4.71,3.8595583863609565e-5,4.513772440370871e-9,4.513752461098924e-9,4.532491225479574e-9
12.013,4.71,6.33990012723672e-5,4.5059449300605555e-9,4.5059235710204655e-9,4.532491225479574e-9
12.013,4.71,0.00010414231266814445,4.49480209058139e-9,4.49477870378628e-9,4.532491225479574e-9
12.013,4.71,0.00017106927664800093,4.478890107775013e-9,4.4788636957614185e-9,4.532491225479574e-9
12.013,4.71,0.00028100679409841776,4.456062931290148e-9,4.456031948920908e-9,4.532491225479574e-9
12.013,4.71,0.00046159555869258604,4.42309975900393e-9,4.423061604127015e-9,4.532491225479574e-9
12.013,4.71,0.0007582395311413588,4.375074267909823e-9,4.375024828744769e-9,4.532491225479574e-9
12.013,4.71,0.00124552148684853,4.304313005470625e-9,4.304244990596213e-9,4.532491225479574e-9
12.013,4.71,0.002045954755044497,4.198724926046975e-9,4.198626785516568e-9,4.532491225479574e-9
12.013,4.71,0.0033607857462825456,4.0393471526519556e-9,4.0391994837628744e-9,4.532491225479574e-9
12.013,4.71,0.005520591696647901,3.79749301357835e-9,3.797267703136994e-9,4.532491225479574e-9
12.013,4.71,0.009068395006973916,3.4337652830546447e-9,3.433426908681049e-9,4.532491225479574e-9
12.013,4.71,0.01489619093772919,2.905663692217265e-9,2.9051823671715e-9,4.532491225479574e-9
12.013,4.71,0.024469214704767362,2.196526725757735e-9,2.1959185432674645e-9,4.532491225479574e-9
12.013,4.71,0.04019433362333615,1.3727763982420482e-9,1.3721419025624163e-9,4.532491225479574e-9
12.013,4.71,0.06602518613354949,6.24999927717608e-10,6.24524960284281e-10,4.532491225479574e-9
12.013,4.71,0.1084562128786955,1.6930254145485148e-10,1.6909216037490598e-10,4.532491225479574e-9
12.013,4.71,0.17815550096589414,1.9889046211659173e-11,1.9849216712894222e-11,4.532491225479574e-9
12.013,4.71,0.292646974128703,6.280739814622904e-13,6.260730684927764e-13,4.532491225479574e-9
12.013,4.71,0.480716289995901,2.677994387407567e-15,2.6646849881309152e-15,4.532491225479574e-9
12.013,4.71,0.789648183294706,6.1626813217362095e-19,6.116194863210372e-19,4.532491225479574e-9
12.013,4.71,1.297114881182717,2.600877587364363e-24,2.5721462871287898e-24,4.532491225479574e-9
12.013,4.71,2.1307045980472066,7.116725512331813e-32,7.004010440744413e-32,4.532491225479574e-9
12.013,4.71,3.5000000000000004,6.351020389031386e-42,6.286902905992218e-42,4.532491225479574e-9
12.013,4.71,3.8,7.644449305226701e-44,7.116077793068708e-44,4.532491225479574e-9
12.013,4.71,3.98,3.310413452551309e-45,3.2301474735431394e-45,4.532491225479574e-9
12.013,4.71,3.9998,2.7408798626205436e-46,2.692153254510715e-46,4.532491225479574e-9
12.53,0.00113,1.0000000000000001e-7,4.206024876879903e-7,4.206025121670571e-7,4.2060417689448194e-7
12.53,0.00113,1.6426491045299075e-7,4.206017859793659e-7,4.206018104643983e-7,4.2060417689448194e-7
12.53,0.00113,2.698296080612907e-7,4.2060079277561606e-7,4.2060081727059695e-7,4.2060417689448194e-7
12.53,0.00113,4.432353640575351e-7,4.2059938698707507e-7,4.2059941149411363e-7,4.2060417689448194e-7
12.53,0.00113,7.280801738650976e-7,4.2059739722187576e-7,4.2059742174835473e-7,4.2060417689448194e-7
12.53,0.00113,1.1959802456254818e-6,4.2059458088914105e-7,4.2059460544100867e-7,4.2060417689448194e-7
12.53,0.00113,1.9645758795121526e-6,4.205905946202846e-7,4.205906192089271e-7,4.2060417689448194e-7
12.53,0.00113,3.227108809261693e-6,4.205849524003219e-7,4.2058497704287133e-7,4.2060417689448194e-7
12.53,0.00113,5.301007395754297e-6,4.2057696630019057e-7,4.2057699101207823e-7,4.2060417689448194e-7
12.53,0.00113,8.707695051742211e-6,4.205656625740062e-7,4.205656873983629e-7,4.2060417689448194e-7
12.53,0.00113,1.4303687479263852e-5,4.205496628683376e-7,4.205496878282946e-7,4.2060417689448194e-7
12.53,0.00113,2.3495939429288417e-5,4.2052701600638747e-7,4.205270411921804e-7,4.2060417689448194e-7
12.53,0.00113,3.8595583863609565e-5,4.204949597138779e-7,4.2049498517998874e-7,4.2060417689448194e-7
12.53,0.00113,6.33990012723672e-5,4.204495829516967e-7,4.204496088521982e-7,4.2060417689448194e-7
12.53,0.00113,0.00010414231266814445,4.20385347037935e-7,4.2038537353393237e-7,4.2060417689448194e-7
12.53,0.00113,0.00017106927664800093,4.202944057004448e-7,4.202944330154874e-7,4.2060417689448194e-7
12.53,0.00113,0.00028100679409841776,4.2016563782813505e-7,4.201656664073878e-7,4.2060417689448194e-7
12.53,0.00113,0.00046159555869258604,4.1998326750225986e-7,4.199832976491836e-7,4.2060417689448194e-7
12.53,0.00113,0.0007582395311413588,4.197248863361315e-7,4.197249191133852e-7,4.2060417689448194e-7
12.53,0.00113,0.00124552148684853,4.193585999865684e-7,4.1935863594864947e-7,4.2060417689448194e-7
12.53,0.00113,0.002045954755044497,4.188388698914032e-7,4.1883891115984007e-7,4.2060417689448194e-7
12.53,0.00113,0.0033607857462825456,4.181003683133004e-7,4.1810041650239683e-7,4.2060417689448194e-7
12.53,0.00113,0.005520591696647901,4.1704872690130195e-7,4.1704878567592973e-7,4.2060417689448194e-7
12.53,0.00113,0.009068395006973916,4.155462857188914e-7,4.1554636047564507e-7,4.2060417689448194e-7
12.53,0.00113,0.01489619093772919,4.133895827415928e-7,4.133896792700127e-7,4.2060417689448194e-7
12.53,0.00113,0.024469214704767362,4.10272975064956e-7,4.1027311086921143e-7,4.2060417689448194e-7
12.53,0.00113,0.04019433362333615,4.057290545386271e-7,4.057292394579391e-7,4.2060417689448194e-7
12.53,0.00113,0.06602518613354949,3.9903167049469066e-7,3.9903195479101457e-7,4.2060417689448194e-7
12.53,0.00113,0.1084562128786955,3.890446070816384e-7,3.8904501758921077e-7,4.2060417689448194e-7
12.53,0.00113,0.17815550096589414,3.74010574223716e-7,3.7401121517511873e-7,4.2060417689448194e-7
12.53,0.00113,0.292646974128703,3.513345321862329e-7,3.5133548185320124e-7,4.2060417689448194e-7
12.53,0.00113,0.480716289995901,3.1758487877728987e-7,3.175862146789339e-7,4.2060417689448194e-7
12.53,0.00113,0.789648183294706,2.692465082821058e-7,2.69248257327477e-7,4.2060417689448194e-7
12.53,0.00113,1.297114881182717,2.0490507150565158e-7,2.0490695852812348e-7,4.2060417689448194e-7
12.53,0.00113,2.1307045980472066,1.2825102893649693e-7,1.282525566420327e-7,4.2060417689448194e-7
12.53,0.00113,3.5000000000000004,4.403887419058757e-8,4.403950039954693e-8,4.2060417689448194e-7
12.53,0.00113,3.8,2.5676793097962738e-8,2.5677146725376612e-8,4.2060417689448194e-7
12.53,0.00113,3.98,7.743044132954026e-9,7.74315443729907e-9,4.2060417689448194e-7
12.53,0.00113,3.9998,7.703138953696609e-10,7.703249217964018e-10,4.2060417689448194e-7
12.53,0.0037,1.0000000000000001e-7,4.1750224174216657e-7,4.175022419242643e-7,4.175039248795618e-7
12.53,0.0037,1.6426491045299075e-7,4.175015425546867e-7,4.1750154273658086e-7,4.175039248795618e-7
12.53,0.0037,2.698296080612907e-7,4.1750055291938165e-7,4.1750055310165266e-7,4.175039248795618e-7
12.53,0.0037,4.432353640575351e-7,4.174991521816398e-7,4.174991523642397e-7,4.175039248795618e-7
12.53,0.0037,7.280801738650976e-7,4.174971695653704e-7,4.17497169747576e-7,4.175039248795618e-7
12.53,0.0037,1.1959802456254818e-6,4.174943633512669e-7,4.174943635354895e-7,4.175039248795618e-7
12.53,0.0037,1.9645758795121526e-6,4.174903914043576e-7,4.1749039158621875e-7,4.175039248795618e-7
12.53,0.0037,3.227108809261693e-6,4.174847694556992e-7,4.174847696427573e-7,4.175039248795618e-7
12.53,0.0037,5.301007395754297e-6,4.1747681204752885e-7,4.1747681223049564e-7,4.175039248795618e-7
12.53,0.0037,8.707695051742211e-6,4.1746554893171924e-7,4.1746554912231753e-7,4.175039248795618e-7
12.53,0.0037,1.4303687479263852e-5,4.1744960670527407e-7,4.17449606894642e-7,4.175039248795618e-7
12.53,0.0037,2.3495939429288417e-5,4.1742704119755425e-7,4.1742704138993195e-7,4.175039248795618e-7
12.53,0.0037,3.8595583863609565e-5,4.173951000491987e-7,4.1739510025635127e-7,4.175039248795618e-7
12.53,0.0037,6.33990012723672e-5,4.173498862509883e-7,4.173498864394965e-7,4.175039248795618e-7
12.53,0.0037,0.00010414231266814445,4.172858809705262e-7,4.1728588121422055e-7,4.175039248795618e-7
12.53,0.0037,0.00017106927664800093,4.171952660116439e-7,4.1719526619864133e-7,4.175039248795618e-7
12.53,0.0037,0.00028100679409841776,4.1706695995926e-7,4.1706696026075904e-7,4.175039248795618e-7
12.53,0.0037,0.00046159555869258604,4.168852429851784e-7,4.168852432210099e-7,4.175039248795618e-7
12.53,0.0037,0.0007582395311413588,4.166277858834376e-7,4.166277862467624e-7,4.175039248795618e-7
12.53,0.0037,0.00124552148684853,4.1626280592654335e-7,4.162628063545052e-7,4.175039248795618e-7
12.53,0.0037,0.002045954755044497,4.157449215555131e-7,4.1574492192769626e-7,4.175039248795618e-7
12.53,0.0037,0.0033607857462825456,4.1500902520874176e-7,4.150090261631863e-7,4.175039248795618e-7
12.53,0.0037,0.005520591696647901,4.139610560204803e-7,4.1396105629326637e-7,4.175039248795618e-7
12.53,0.0037,0.009068395006973916,4.124637812344308e-7,4.1246378345111184e-7,4.175039248795618e-7
12.53,0.0037,0.01489619093772919,4.1031432906337194e-7,4.103143296590879e-7,4.175039248795618e-7
12.53,0.0037,0.024469214704767362,4.0720786980296617e-7,4.072078746762055e-7,4.175039248795618e-7
12.53,0.0037,0.04019433362333615,4.026781236682081e-7,4.0267812774781906e-7,4.175039248795618e-7
12.53,0.0037,0.06602518613354949,3.960005573803235e-7,3.9600056589405724e-7,4.175039248795618e-7
12.53,0.0037,0.1084562128786955,3.8604146603614624e-7,3.8604148486554545e-7,4.175039248795618e-7
12.53,0.0037,0.17815550096589414,3.710480082309619e-7,3.7104801570402295e-7,4.175039248795618e-7
12.53,0.0037,0.292646974128703,3.4843418072663433e-7,3.484342293857882e-7,4.175039248795618e-7
12.53,0.0037,0.480716289995901,3.1478799440701834e-7,3.1478799753964534e-7,4.175039248795618e-7
12.53,0.0037,0.789648183294706,2.6663512337701347e-7,2.666351593560541e-7,4.175039248795618e-7
12.53,0.0037,1.297114881182717,2.0263332398980034e-7,2.026333273423384e-7,4.175039248795618e-7
12.53,0.0037,2.1307045980472066,1.2656843071140042e-7,1.265684000934892e-7,4.175039248795618e-7
12.53,0.0037,3.5000000000000004,4.334073027957203e-8,4.334071414483532e-8,4.175039248795618e-7
12.53,0.0037,3.8,2.5256555301093256e-8,2.5256542638039812e-8,4.175039248795618e-7
12.53,0.0037,3.98,7.614031808935594e-9,7.614027268621052e-9,4.175039248795618e-7
12.53,0.0037,3.9998,7.574545705914406e-10,7.574541548957209e-10,4.175039248795618e-7
12.53,0.0127,1.0000000000000001e-7,4.068857983196605e-7,4.068857983645976e-7,4.068874606601371e-7
12.53,0.0127,1.6426491045299075e-7,4.068851077713643e-7,4.068851078167704e-7,4.068874606601371e-7
12.53,0.0127,2.698296080612907e-7,4.0688413036401654e-7,4.068841304093202e-7,4.068874606601371e-7
12.53,0.0127,4.432353640575351e-7,4.0688274693380206e-7,4.06882746979302e-7,4.068874606601371e-7
12.53,0.0127,7.280801738650976e-7,4.068807888147063e-7,4.06880788861052e-7,4.068874606601371e-7
12.53,0.0127,1.1959802456254818e-6,4.06878017274022e-7,4.0687801731923847e-7,4.068874606601371e-7
12.53,0.0127,1.9645758795121526e-6,4.068740944039912e-7,4.06874094452479e-7,4.068874606601371e-7
12.53,0.0127,3.227108809261693e-6,4.068685419188081e-7,4.068685419637773e-7,4.068874606601371e-7
12.53,0.0127,5.301007395754297e-6,4.0686068282907174e-7,4.068606828808701e-7,4.068874606601371e-7
12.53,0.0127,8.707695051742211e-6,4.068495588723486e-7,4.068495589198869e-7,4.068874606601371e-7
12.53,0.0127,1.4303687479263852e-5,4.068338136091614e-7,4.068338136641445e-7,4.068874606601371e-7
12.53,0.0127,2.3495939429288417e-5,4.0681152687659996e-7,4.0681152693435617e-7,4.068874606601371e-7
12.53,0.0127,3.8595583863609565e-5,4.067799802901792e-7,4.0677998034447006e-7,4.068874606601371e-7
12.53,0.0127,6.33990012723672e-5,4.067353249156872e-7,4.0673532499846246e-7,4.068874606601371e-7
12.53,0.0127,0.00010414231266814445,4.066721099363627e-7,4.0667210998329583e-7,4.068874606601371e-7
12.53,0.0127,0.00017106927664800093,4.0658261335805325e-7,4.0658261348729227e-7,4.068874606601371e-7
12.53,0.0127,0.00028100679409841776,4.064558897787885e-7,4.0645588983427374e-7,4.068874606601371e-7
12.53,0.0127,0.00046159555869258604,4.0627641154651726e-7,4.0627641173979774e-7,4.068874606601371e-7
12.53,0.0127,0.0007582395311413588,4.060221207189037e-7,4.060221208655109e-7,4.068874606601371e-7
12.53,0.0127,0.00124552148684853,4.0566161689905166e-7,4.0566161713918867e-7,4.068874606601371e-7
12.53,0.0127,0.002045954755044497,4.051500562197419e-7,4.0515005666973195e-7,4.068874606601371e-7
12.53,0.0127,0.0033607857462825456,4.044230849279458e-7,4.044230851144583e-7,4.068874606601371e-7
12.53,0.0127,0.005520591696647901,4.0338769441246557e-7,4.0338769565556725e-7,4.068874606601371e-7
12.53,0.0127,0.009068395006973916,4.019081128589624e-7,4.019081129157246e-7,4.068874606601371e-7
12.53,0.0127,0.01489619093772919,3.997834853897399e-7,3.997834884806013e-7,4.068874606601371e-7
12.53,0.0127,0.024469214704767362,3.967117584480803e-7,3.9671175950834866e-7,4.068874606601371e-7
12.53,0.0127,0.04019433362333615,3.9223050153620206e-7,3.922305080651865e-7,4.068874606601371e-7
12.53,0.0127,0.06602518613354949,3.856207011877996e-7,3.8562070916142665e-7,4.068874606601371e-7
12.53,0.0127,0.1084562128786955,3.757572472224603e-7,3.757572561441714e-7,4.068874606601371e-7
12.53,0.0127,0.17815550096589414,3.6090261539206806e-7,3.609026459030421e-7,4.068874606601371e-7
12.53,0.0127,0.292646974128703,3.385021139920186e-7,3.3850211678347177e-7,4.068874606601371e-7
12.53,0.0127,0.480716289995901,3.0521195535068235e-7,3.052120066260207e-7,4.068874606601371e-7
12.53,0.0127,0.789648183294706,2.5769950180989196e-7,2.576995053757603e-7,4.068874606601371e-7
12.53,0.0127,1.297114881182717,1.9487137792263e-7,1.9487137318163134e-7,4.068874606601371e-7
12.53,0.0127,2.1307045980472066,1.2083660836303172e-7,1.208365976546496e-7,4.068874606601371e-7
12.53,0.0127,3.5000000000000004,4.097430989419411e-8,4.097429465140806e-8,4.068874606601371e-7
12.53,0.0127,3.8,2.3833584778071895e-8,2.3833579446120545e-8,4.068874606601371e-7
12.53,0.0127,3.98,7.177444992792461e-9,7.1774437873713355e-9,4.068874606601371e-7
12.53,0.0127,3.9998,7.13940558526238e-10,7.139403890304413e-10,4.068874606601371e-7
12.53,0.047,1.0000000000000001e-7,3.696299301719291e-7,3.6962993172935034e-7,3.6963151935622305e-7
12.53,0.047,1.6426491045299075e-7,3.696292700132155e-7,3.696292715712485e-7,3.6963151935622305e-7
12.53,0.047,2.698296080612907e-7,3.696283356194808e-7,3.696283371769961e-7,3.6963151935622305e-7
12.53,0.047,4.432353640575351e-7,3.6962701307099864e-7,3.6962701462954573e-7,3.6963151935622305e-7
12.53,0.047,7.280801738650976e-7,3.696251411242456e-7,3.6962514268246124e-7,3.6963151935622305e-7
12.53,0.047,1.1959802456254818e-6,3.696224915522919e-7,3.696224931112405e-7,3.6963151935622305e-7
12.53,0.047,1.9645758795121526e-6,3.696187413171747e-7,3.696187428774823e-7,3.6963151935622305e-7
12.53,0.047,3.227108809261693e-6,3.6961343317953546e-7,3.69613434738279e-7,3.6963151935622305e-7
12.53,0.047,5.301007395754297e-6,3.69605919938426e-7,3.696059215032364e-7,3.6963151935622305e-7
12.53,0.047,8.707695051742211e-6,3.6959528549227196e-7,3.695952870506443e-7,3.6963151935622305e-7
12.53,0.047,1.4303687479263852e-5,3.6958023307194963e-7,3.695802346442605e-7,3.6963151935622305e-7
12.53,0.047,2.3495939429288417e-5,3.695589269622663e-7,3.6955892852543096e-7,3.6963151935622305e-7
12.53,0.047,3.8595583863609565e-5,3.695287682835212e-7,3.6952876986463533e-7,3.6963151935622305e-7
12.53,0.047,6.33990012723672e-5,3.694860771968454e-7,3.694860787801631e-7,3.6963151935622305e-7
12.53,0.047,0.00010414231266814445,3.6942564210510595e-7,3.694256436898749e-7,3.6963151935622305e-7
12.53,0.047,0.00017106927664800093,3.6934007933878556e-7,3.693400809738699e-7,3.6963151935622305e-7
12.53,0.047,0.00028100679409841776,3.69218921761378e-7,3.6921892333757225e-7,3.6963151935622305e-7
12.53,0.047,0.00046159555869258604,3.6904731732354556e-7,3.690473190620602e-7,3.6963151935622305e-7
12.53,0.047,0.0007582395311413588,3.6880416139053034e-7,3.6880416298227444e-7,3.6963151935622305e-7
12.53,0.047,0.00124552148684853,3.684593964789017e-7,3.6845939838361587e-7,3.6963151935622305e-7
12.53,0.047,0.002045954755044497,3.67970065789546e-7,3.679700675695164e-7,3.6963151935622305e-7
12.53,0.047,0.0033607857462825456,3.6727445787531024e-7,3.672744599770311e-7,3.6963151935622305e-7
12.53,0.047,0.005520591696647901,3.6628324595482227e-7,3.662832484528103e-7,3.6963151935622305e-7
12.53,0.047,0.009068395006973916,3.6486575712673384e-7,3.648657593063576e-7,3.6963151935622305e-7
12.53,0.047,0.01489619093772919,3.6282815241659367e-7,3.6282815714860787e-7,3.6963151935622305e-7
12.53,0.047,0.024469214704767362,3.598779985090843e-7,3.5987800054465284e-7,3.6963151935622305e-7
12.53,0.047,0.04019433362333615,3.5556616621359706e-7,3.555661769487511e-7,3.6963151935622305e-7
12.53,0.047,0.06602518613354949,3.49192751620813e-7,3.4919275637839806e-7,3.6963151935622305e-7
12.53,0.047,0.1084562128786955,3.396627632845515e-7,3.3966278506514075e-7,3.6963151935622305e-7
12.53,0.047,0.17815550096589414,3.25293617329374e-7,3.2529363888826147e-7,3.6963151935622305e-7
12.53,0.047,0.292646974128703,3.036456606396599e-7,3.036456863393038e-7,3.6963151935622305e-7
12.53,0.047,0.480716289995901,2.716288454114516e-7,2.7162889365313065e-7,3.6963151935622305e-7
12.53,0.047,0.789648183294706,2.2643548851843117e-7,2.264354976361548e-7,3.6963151935622305e-7
12.53,0.047,1.297114881182717,1.6787031599546635e-7,1.6787031615256867e-7,3.6963151935622305e-7
12.53,0.047,2.1307045980472066,1.0112615948866888e-7,1.0112616211573707e-7,3.6963151935622305e-7
12.53,0.047,3.5000000000000004,3.298973773111725e-8,3.2989715864801394e-8,3.6963151935622305e-7
12.53,0.047,3.8,1.9050917528198393e-8,1.905091742292882e-8,3.6963151935622305e-7
12.53,0.047,3.98,5.713383334077198e-9,5.713380350607086e-9,3.6963151935622305e-7
12.53,0.047,3.9998,5.680555478993782e-10,5.680552103769936e-10,3.6963151935622305e-7
12.53,0.173,1.0000000000000001e-7,2.671782244744494e-7,2.6717822427358805e-7,2.671796111901939e-7
12.53,0.173,1.6426491045299075e-7,2.67177648422548e-7,2.671776482216299e-7,2.671796111901939e-7
12.53,0.173,2.698296080612907e-7,2.6717683307411733e-7,2.6717683287374766e-7,2.671796111901939e-7
12.53,0.173,4.432353640575351e-7,2.6717567902303266e-7,2.6717567882203444e-7,2.671796111901939e-7
12.53,0.173,7.280801738650976e-7,2.671740455682993e-7,2.6717404536883026e-7,2.671796111901939e-7
12.53,0.173,1.1959802456254818e-6,2.671717335587384e-7,2.671717333580242e-7,2.671796111901939e-7
12.53,0.173,1.9645758795121526e-6,2.6716846110974165e-7,2.6716846091149523e-7,2.671796111901939e-7
12.53,0.173,3.227108809261693e-6,2.6716382922915945e-7,2.671638290302771e-7,2.671796111901939e-7
12.53,0.173,5.301007395754297e-6,2.671572731560076e-7,2.671572729586665e-7,2.671796111901939e-7
12.53,0.173,8.707695051742211e-6,2.671479934666637e-7,2.6714799327305794e-7,2.671796111901939e-7
12.53,0.173,1.4303687479263852e-5,2.6713485852009525e-7,2.671348583221604e-7,2.671796111901939e-7
12.53,0.173,2.3495939429288417e-5,2.671162662817661e-7,2.6711626609933476e-7,2.671796111901939e-7
12.53,0.173,3.8595583863609565e-5,2.670899485275326e-7,2.670899483290787e-7,2.671796111901939e-7
12.53,0.173,6.33990012723672e-5,2.670526932085605e-7,2.6705269304451246e-7,2.671796111901939e-7
12.53,0.173,0.00010414231266814445,2.6699995033787093e-7,2.669999501526057e-7,2.671796111901939e-7
12.53,0.173,0.00017106927664800093,2.669252715598756e-7,2.669252714171688e-7,2.671796111901939e-7
12.53,0.173,0.00028100679409841776,2.668195110493569e-7,2.6681951091702034e-7,2.671796111901939e-7
12.53,0.173,0.00046159555869258604,2.666696813101333e-7,2.6666968117605596e-7,2.671796111901939e-7
12.53,0.173,0.0007582395311413588,2.664573044016049e-7,2.664573044080406e-7,2.671796111901939e-7
12.53,0.173,0.00124552148684853,2.661560137325669e-7,2.6615601357775316e-7,2.671796111901939e-7
12.53,0.173,0.002045954755044497,2.657280190597501e-7,2.6572801936804704e-7,2.671796111901939e-7
12.53,0.173,0.0033607857462825456,2.6511880155224576e-7,2.651188014567087e-7,2.671796111901939e-7
12.53,0.173,0.005520591696647901,2.6424897202504934e-7,2.6424897291307164e-7,2.671796111901939e-7
12.53,0.173,0.009068395006973916,2.6300145565894827e-7,2.6300145624170244e-7,2.671796111901939e-7
12.53,0.173,0.01489619093772919,2.612008291454281e-7,2.612008309199911e-7,2.671796111901939e-7
12.53,0.173,0.024469214704767362,2.5857946074240683e-7,2.5857946444283877e-7,2.671796111901939e-7
12.53,0.173,0.04019433362333615,2.547220969167148e-7,2.5472209911979056e-7,2.671796111901939e-7
12.53,0.173,0.06602518613354949,2.489781564324435e-7,2.489781704543075e-7,2.671796111901939e-7
12.53,0.173,0.1084562128786955,2.4033548792454354e-7,2.403354893417567e-7,2.671796111901939e-7
12.53,0.173,0.17815550096589414,2.2727912692258642e-7,2.272791603998629e-7,2.671796111901939e-7
12.53,0.173,0.292646974128703,2.0775297370716303e-7,2.0775298430687325e-7,2.671796111901939e-7
12.53,0.173,0.480716289995901,1.7954247061556835e-7,1.7954250332129967e-7,2.671796111901939e-7
12.53,0.173,0.789648183294706,1.415968074966573e-7,1.4159682523264458e-7,2.671796111901939e-7
12.53,0.173,1.297114881182717,9.63893914561172e-8,9.638938698350454e-8,2.671796111901939e-7
12.53,0.173,2.1307045980472066,5.1350013220152016e-8,5.1349987397485264e-8,2.671796111901939e-7
12.53,0.173,3.5000000000000004,1.4263278925273729e-8,1.4263278334427038e-8,2.671796111901939e-7
12.53,0.173,3.8,7.997409058762788e-9,7.997400961143233e-9,2.671796111901939e-7
12.53,0.173,3.98,2.3584011716759276e-9,2.3584011951602246e-9,2.671796111901939e-7
12.53,0.173,3.9998,2.340602610389103e-10,2.3406027028708604e-10,2.671796111901939e-7
12.53,0.61,1.0000000000000001e-7,1.1733105706700887e-7,1.1733105558853041e-7,1.1733215915948544e-7
12.53,0.61,1.6426491045299075e-7,1.1733059924932353e-7,1.1733059776848382e-7,1.1733215915948544e-7
12.53,0.61,2.698296080612907e-7,1.1732995125004027e-7,1.1732994976950143e-7,1.1733215915948544e-7
12.53,0.61,4.432353640575351e-7,1.1732903406520034e-7,1.1732903258465012e-7,1.1733215915948544e-7
12.53,0.61,7.280801738650976e-7,1.1732773587049178e-7,1.1732773439122265e-7,1.1733215915948544e-7
12.53,0.61,1.1959802456254818e-6,1.173258983854075e-7,1.1732589690545151e-7,1.1733215915948544e-7
12.53,0.61,1.9645758795121526e-6,1.1732329757031397e-7,1.1732329609336493e-7,1.1733215915948544e-7
12.53,0.61,3.227108809261693e-6,1.1731961629880529e-7,1.1731961482093158e-7,1.1733215915948544e-7
12.53,0.61,5.301007395754297e-6,1.1731440566382948e-7,1.1731440419050207e-7,1.1733215915948544e-7
12.53,0.61,8.707695051742211e-6,1.173070301776501e-7,1.1730702870584374e-7,1.1733215915948544e-7
12.53,0.61,1.4303687479263852e-5,1.1729659013309088e-7,1.1729658866458251e-7,1.1733215915948544e-7
12.53,0.61,2.3495939429288417e-5,1.1728181154300624e-7,1.1728181008552098e-7,1.1733215915948544e-7
12.53,0.61,3.8595583863609565e-5,1.1726088997214987e-7,1.1726088851018904e-7,1.1733215915948544e-7
12.53,0.61,6.33990012723672e-5,1.1723126861529e-7,1.1723126718677408e-7,1.1733215915948544e-7
12.53,0.61,0.00010414231266814445,1.1718932219694145e-7,1.1718932075239041e-7,1.1733215915948544e-7
12.53,0.61,0.00017106927664800093,1.1712990508522174e-7,1.1712990370799368e-7,1.1733215915948544e-7
12.53,0.61,0.00028100679409841776,1.1704570169336058e-7,1.1704570030990225e-7,1.1733215915948544e-7
12.53,0.61,0.00046159555869258604,1.1692628489747853e-7,1.1692628360103377e-7,1.1733215915948544e-7
12.53,0.61,0.0007582395311413588,1.167567348171035e-7,1.1675673360955563e-7,1.1733215915948544e-7
12.53,0.61,0.00124552148684853,1.1651557904232197e-7,1.1651557786663959e-7,1.1733215915948544e-7
12.53,0.61,0.002045954755044497,1.1617165494910235e-7,1.1617165420991816e-7,1.1733215915948544e-7
12.53,0.61,0.0033607857462825456,1.1567920886507251e-7,1.1567920792949588e-7,1.1733215915948544e-7
12.53,0.61,0.005520591696647901,1.1497004210439887e-7,1.1497004259555876e-7,1.1733215915948544e-7
12.53,0.61,0.009068395006973916,1.1394066153083371e-7,1.1394066162739863e-7,1.1733215915948544e-7
12.53,0.61,0.01489619093772919,1.1243110512856876e-7,1.1243110866494766e-7,1.1733215915948544e-7
12.53,0.61,0.024469214704767362,1.1019068526313673e-7,1.1019069004212739e-7,1.1733215915948544e-7
12.53,0.61,0.04019433362333615,1.0682608379215073e-7,1.0682609335454838e-7,1.1733215915948544e-7
12.53,0.61,0.06602518613354949,1.0173501953401935e-7,1.0173503999787432e-7,1.1733215915948544e-7
12.53,0.61,0.1084562128786955,9.405919083277739e-8,9.405920863787913e-8,1.1733215915948544e-7
12.53,0.61,0.17815550096589414,8.27685695228327e-8,8.276861813913303e-8,1.1733215915948544e-7
12.53,0.61,0.292646974128703,6.71141788149854e-8,6.711420862068331e-8,1.1733215915948544e-7
12.53,0.61,0.480716289995901,4.76781037319963e-8,4.76781517793612e-8,1.1733215915948544e-7
12.53,0.61,0.789648183294706,2.7558542287588483e-8,2.7558571341305578e-8,1.1733215915948544e-7
12.53,0.61,1.297114881182717,1.1727629324590399e-8,1.1727635592343863e-8,1.1733215915948544e-7
12.53,0.61,2.1307045980472066,3.2266972614826404e-9,3.2266964031713047e-9,1.1733215915948544e-7
12.53,0.61,3.5000000000000004,3.9455062955660556e-10,3.945504907418242e-10,1.1733215915948544e-7
12.53,0.61,3.8,1.9212955492088648e-10,1.9212895410950449e-10,1.1733215915948544e-7
12.53,0.61,3.98,5.2377688057169e-11,5.237774452237608e-11,1.1733215915948544e-7
12.53,0.61,3.9998,5.154900871183854e-12,5.154905642010809e-12,1.1733215915948544e-7
12.53,1.73,1.0000000000000001e-7,4.4338510069897027e-8,4.4338510354792264e-8,4.4339718211418836e-8
12.53,1.73,1.6426491045299075e-7,4.4338117360708746e-8,4.4338117627582716e-8,4.4339718211418836e-8
12.53,1.73,2.698296080612907e-7,4.433745234969808e-8,4.433745263489476e-8,4.4339718211418836e-8
12.53,1.73,4.432353640575351e-7,4.43365110801183e-8,4.4336511366020494e-8,4.4339718211418836e-8
12.53,1.73,7.280801738650976e-7,4.4335178781324476e-8,4.4335179066963064e-8,4.4339718211418836e-8
12.53,1.73,1.1959802456254818e-6,4.433329299189645e-8,4.433329327936842e-8,4.4339718211418836e-8
12.53,1.73,1.9645758795121526e-6,4.43306237299954e-8,4.4330624016212536e-8,4.4339718211418836e-8
12.53,1.73,3.227108809261693e-6,4.432684540227766e-8,4.432684569248698e-8,4.4339718211418836e-8
12.53,1.73,5.301007395754297e-6,4.4321496988499106e-8,4.432149727732372e-8,4.4339718211418836e-8
12.53,1.73,8.707695051742211e-6,4.431392556086152e-8,4.431392585498037e-8,4.4339718211418836e-8
12.53,1.73,1.4303687479263852e-5,4.430320605517458e-8,4.430320635187397e-8,4.4339718211418836e-8
12.53,1.73,2.3495939429288417e-5,4.4288027067447465e-8,4.4288027366024064e-8,4.4339718211418836e-8
12.53,1.73,3.8595583863609565e-5,4.4266527752229294e-8,4.4266528067780295e-8,4.4339718211418836e-8
12.53,1.73,6.33990012723672e-5,4.4236063705123373e-8,4.4236064009413494e-8,4.4339718211418836e-8
12.53,1.73,0.00010414231266814445,4.419286834604506e-8,4.419286870088345e-8,4.4339718211418836e-8
12.53,1.73,0.00017106927664800093,4.413155770701511e-8,4.413155803468451e-8,4.4339718211418836e-8
12.53,1.73,0.00028100679409841776,4.4044394918302154e-8,4.404439534861481e-8,4.4339718211418836e-8
12.53,1.73,0.00046159555869258604,4.392017532354773e-8,4.392017575372635e-8,4.4339718211418836e-8
12.53,1.73,0.0007582395311413588,4.3742494402092e-8,4.374249497165339e-8,4.4339718211418836e-8
12.53,1.73,0.00124552148684853,4.348698485520385e-8,4.348698565841534e-8,4.4339718211418836e-8
12.53,1.73,0.002045954755044497,4.3116806183130925e-8,4.311680700516129e-8,4.4339718211418836e-8
12.53,1.73,0.0033607857462825456,4.2575191046017216e-8,4.257519310116324e-8,4.4339718211418836e-8
12.53,1.73,0.005520591696647901,4.177324562576833e-8,4.1773247075331764e-8,4.4339718211418836e-8
12.53,1.73,0.009068395006973916,4.057094149412324e-8,4.057094707540388e-8,4.4339718211418836e-8
12.53,1.73,0.01489619093772919,3.875113885485553e-8,3.875114332889064e-8,4.4339718211418836e-8
12.53,1.73,0.024469214704767362,3.599561631054994e-8,3.599562852296478e-8,4.4339718211418836e-8
12.53,1.73,0.04019433362333615,3.1898658480172625e-8,3.1898672857561336e-8,4.4339718211418836e-8
12.53,1.73,0.06602518613354949,2.610560084402074e-8,2.610561775491575e-8,4.4339718211418836e-8
12.53,1.73,0.1084562128786955,1.8697590860099616e-8,1.8697616449842247e-8,4.4339718211418836e-8
12.53,1.73,0.17815550096589414,1.0753260120282157e-8,1.0753271791046406e-8,4.4339718211418836e-8
12.53,1.73,0.292646974128703,4.350392225475863e-9,4.350404466594766e-9,4.4339718211418836e-8
12.53,1.73,0.480716289995901,1.021160674017427e-9,1.0211630999292998e-9,4.4339718211418836e-8
12.53,1.73,0.789648183294706,1.0729894723222633e-10,1.07299255555146e-10,4.4339718211418836e-8
12.53,1.73,1.297114881182717,3.7009033693984044e-12,3.700917261925658e-12,4.4339718211418836e-8
12.53,1.73,2.1307045980472066,3.081963144093248e-14,3.081932980222613e-14,4.4339718211418836e-8
12.53,1.73,3.5000000000000004,4.760214875131113e-17,4.7585284063971e-17,4.4339718211418836e-8
12.53,1.73,3.8,1.1487671410023961e-17,1.1486342341343186e-17,4.4339718211418836e-8
12.53,1.73,3.98,2.178210570408429e-18,2.1772890267492656e-18,4.4339718211418836e-8
12.53,1.73,3.9998,2.0656854521371285e-19,2.0647702532676275e-19,4.4339718211418836e-8
12.53,4.71,1.0000000000000001e-7,1.694781494455954e-8,1.6947747792380968e-8,1.6950252720184e-8
12.53,4.71,1.6426491045299075e-7,1.694781494455954e-8,1.6947747792380968e-8,1.6950252720184e-8
12.53,4.71,2.698296080612907e-7,1.69468830002419e-8,1.6946815726235914e-8,1.6950252720184e-8
12.53,4.71,4.432353640575351e-7,1.694548305058437e-8,1.694541554541193e-8,1.6950252720184e-8
12.53,4.71,7.280801738650976e-7,1.6943501363943593e-8,1.694343355732829e-8,1.6950252720184e-8
12.53,4.71,1.1959802456254818e-6,1.694069603870322e-8,1.6940627808028254e-8,1.6950252720184e-8
12.53,4.71,1.9645758795121526e-6,1.6936724371076925e-8,1.693665553299219e-8,1.6950252720184e-8
12.53,4.71,3.227108809261693e-6,1.6931100579223668e-8,1.6931030887127832e-8,1.6950252720184e-8
12.53,4.71,5.301007395754297e-6,1.6923135458184466e-8,1.6923064541330057e-8,1.6950252720184e-8
12.53,4.71,8.707695051742211e-6,1.6911849829732145e-8,1.691177717521127e-8,1.6950252720184e-8
12.53,4.71,1.4303687479263852e-5,1.6895849509031563e-8,1.6895774360778204e-8,1.6950252720184e-8
12.53,4.71,2.3495939429288417e-5,1.6873142758582892e-8,1.6873064008729206e-8,1.6950252720184e-8
12.53,4.71,3.8595583863609565e-5,1.6840869783022634e-8,1.684078582558172e-8,1.6950252720184e-8
12.53,4.71,6.33990012723672e-5,1.6794893880090587e-8,1.6794802183100808e-8,1.6950252720184e-8
12.53,4.71,0.00010414231266814445,1.672916831478652e-8,1.6729065158823387e-8,1.6950252720184e-8
12.53,4.71,0.00017106927664800093,1.663472948623679e-8,1.663460859313897e-8,1.6950252720184e-8
12.53,4.71,0.00028100679409841776,1.649805651537466e-8,1.6497908145503787e-8,1.6950252720184e-8
12.53,4.71,0.00046159555869258604,1.6298359162587815e-8,1.6298166373367204e-8,1.6950252720184e-8
12.53,4.71,0.0007582395311413588,1.6003117461456418e-8,1.6002852399508013e-8,1.6950252720184e-8
12.53,4.71,0.00124552148684853,1.5561043175635928e-8,1.556065960306977e-8,1.6950252720184e-8
12.53,4.71,0.002045954755044497,1.4892164119711781e-8,1.489158707022318e-8,1.6950252720184e-8
12.53,4.71,0.0033607857462825456,1.3877708490822391e-8,1.3876835560330254e-8,1.6950252720184e-8
12.53,4.71,0.005520591696647901,1.2361719347497052e-8,1.2360421435162834e-8,1.6950252720184e-8
12.53,4.71,0.009068395006973916,1.0196029520018611e-8,1.0194242340401642e-8,1.6950252720184e-8
12.53,4.71,0.01489619093772919,7.379108810395811e-9,7.376940566013741e-9,1.6950252720184e-8
12.53,4.71,0.024469214704767362,4.28518796114886e-9,4.2831011199139036e-9,1.6950252720184e-8
12.53,4.71,0.04019433362333615,1.7259580759763487e-9,1.7245742352754368e-9,1.6950252720184e-8
12.53,4.71,0.06602518613354949,3.8187573401016384e-10,3.8137623173627996e-10,1.6950252720184e-8
12.53,4.71,0.1084562128786955,3.221872901959706e-11,3.2150833149814445e-11,1.6950252720184e-8
12.53,4.71,0.17815550096589414,5.952749188831539e-13,5.932751940916339e-13,1.6950252720184e-8
12.53,4.71,0.292646974128703,1.077444260481822e-15,1.0717981062203133e-15,1.6950252720184e-8
12.53,4.71,0.480716289995901,6.46333998297242e-20,6.411789546344972e-20,1.6950252720184e-8
12.53,4.71,0.789648183294706,3.5047457852670034e-26,3.4636523543398153e-26,1.6950252720184e-8
12.53,4.71,1.297114881182717,4.728668756217949e-35,4.650583910160013e-35,1.6950252720184e-8
12.53,4.71,2.1307045980472066,6.398183238008569e-47,6.260028803515704e-47,1.6950252720184e-8
12.53,4.71,3.5000000000000004,7.2396660781004045e-62,6.551913919225728e-62,1.6950252720184e-8
12.53,4.71,3.8,1.254297623336008e-64,1.3844793151359669e-64,1.6950252720184e-8
12.53,4.71,3.98,2.0481990783119397e-66,2.7593848410609186e-66,1.6950252720184e-8
12.53,4.71,3.9998,1.5610486358095236e-67,2.1198986944990824e-67,1.6950252720184e-8
13.07,0.00113,1.0000000000000001e-7,1.7713570329349201e-6,1.7713571494425495e-6,1.7713676807048756e-6
13.07,0.00113,1.6426491045299075e-7,1.771352609772296e-6,1.7713527263182558e-6,1.7713676807048756e-6
13.07,0.00113,2.698296080612907e-7,1.7713463491917606e-6,1.7713464657987309e-6,1.7713676807048756e-6
13.07,0.00113,4.432353640575351e-7,1.7713374879104901e-6,1.7713376045983952e-6,1.7713676807048756e-6
13.07,0.00113,7.280801738650976e-7,1.771324945564099e-6,1.7713250623671597e-6,1.7713676807048756e-6
13.07,0.00113,1.1959802456254818e-6,1.771307192977587e-6,1.7713073099522465e-6,1.7713676807048756e-6
13.07,0.00113,1.9645758795121526e-6,1.7712820657004759e-6,1.7712821828928685e-6,1.7713676807048756e-6
13.07,0.00113,3.227108809261693e-6,1.7712465000494225e-6,1.7712466175982188e-6,1.7713676807048756e-6
13.07,0.00113,5.301007395754297e-6,1.7711961594233414e-6,1.7711962774014991e-6,1.7713676807048756e-6
13.07,0.00113,8.707695051742211e-6,1.7711249052083656e-6,1.7711250238972534e-6,1.7713676807048756e-6
13.07,0.00113,1.4303687479263852e-5,1.7710240474821798e-6,1.771024167063485e-6,1.7713676807048756e-6
13.07,0.00113,2.3495939429288417e-5,1.7708812835139555e-6,1.770881404455815e-6,1.7713676807048756e-6
13.07,0.00113,3.8595583863609565e-5,1.7706791931565061e-6,1.770679315994941e-6,1.7713676807048756e-6
13.07,0.00113,6.33990012723672e-5,1.7703931043053825e-6,1.770393229706724e-6,1.7713676807048756e-6
13.07,0.00113,0.00010414231266814445,1.769988060506462e-6,1.7699881899180167e-6,1.7713676807048756e-6
13.07,0.00113,0.00017106927664800093,1.769414503677804e-6,1.7694146380149301e-6,1.7713676807048756e-6
13.07,0.00113,0.00028100679409841776,1.7686021067099912e-6,1.7686022493187134e-6,1.7713676807048756e-6
13.07,0.00113,0.00046159555869258604,1.7674509174337532e-6,1.7674510701007077e-6,1.7713676807048756e-6
13.07,0.00113,0.0007582395311413588,1.76581854315842e-6,1.7658187122977365e-6,1.7713676807048756e-6
13.07,0.00113,0.00124552148684853,1.7635013966095562e-6,1.7635015875056565e-6,1.7713676807048756e-6
13.07,0.00113,0.002045954755044497,1.760206821803068e-6,1.7602070450734053e-6,1.7713676807048756e-6
13.07,0.00113,0.0033607857462825456,1.7555108184517424e-6,1.7555110910753604e-6,1.7713676807048756e-6
13.07,0.00113,0.005520591696647901,1.7487923603007993e-6,1.7487926984634584e-6,1.7713676807048756e-6
13.07,0.00113,0.009068395006973916,1.7391287465900466e-6,1.7391292025961783e-6,1.7713676807048756e-6
13.07,0.00113,0.01489619093772919,1.7251253453262554e-6,1.7251259478767113e-6,1.7713676807048756e-6
13.07,0.00113,0.024469214704767362,1.704636222649591e-6,1.7046371175657486e-6,1.7713676807048756e-6
13.07,0.00113,0.04019433362333615,1.6743127984847735e-6,1.6743140750967057e-6,1.7713676807048756e-6
13.07,0.00113,0.06602518613354949,1.6289168388951894e-6,1.628918819905967e-6,1.7713676807048756e-6
13.07,0.00113,0.1084562128786955,1.5604236308448926e-6,1.5604266445384008e-6,1.7713676807048756e-6
13.07,0.00113,0.17815550096589414,1.4573014497077755e-6,1.457305893730058e-6,1.7713676807048756e-6
13.07,0.00113,0.292646974128703,1.305280017222159e-6,1.3052865221725216e-6,1.7713676807048756e-6
13.07,0.00113,0.480716289995901,1.0923956576548352e-6,1.0924037847518829e-6,1.7713676807048756e-6
13.07,0.00113,0.789648183294706,8.211293318708561e-7,8.211382925429813e-7,1.7713676807048756e-6
13.07,0.00113,1.297114881182717,5.232806393777992e-7,5.23288286808213e-7,1.7713676807048756e-6
13.07,0.00113,2.1307045980472066,2.573571301300434e-7,2.5736137764056193e-7,1.7713676807048756e-6
13.07,0.00113,3.5000000000000004,6.595959301898952e-8,6.596066319345201e-8,1.7713676807048756e-6
13.07,0.00113,3.8,3.654291216050576e-8,3.654347244883416e-8,1.7713676807048756e-6
13.07,0.00113,3.98,1.0706875018787385e-8,1.070703612171903e-8,1.7713676807048756e-6
13.07,0.00113,3.9998,1.0618840572993448e-9,1.0619000930074782e-9,1.7713676807048756e-6
13.07,0.0037,1.0000000000000001e-7,1.7566000366132165e-6,1.756600037657337e-6,1.7566106461271506e-6
13.07,0.0037,1.6426491045299075e-7,1.7565956293424022e-6,1.7565956303876763e-6,1.7566106461271506e-6
13.07,0.0037,2.698296080612907e-7,1.756589391255234e-6,1.7565893922990555e-6,1.7566106461271506e-6
13.07,0.0037,4.432353640575351e-7,1.756580561811199e-6,1.756580562861528e-6,1.7566106461271506e-6
13.07,0.0037,7.280801738650976e-7,1.756568064527376e-6,1.756568065570135e-6,1.7566106461271506e-6
13.07,0.0037,1.1959802456254818e-6,1.7565503757225595e-6,1.756550376781584e-6,1.7566106461271506e-6
13.07,0.0037,1.9645758795121526e-6,1.7565253387220867e-6,1.756525339768607e-6,1.7566106461271506e-6
13.07,0.0037,3.227108809261693e-6,1.7564899008482504e-6,1.7564899019177885e-6,1.7566106461271506e-6
13.07,0.0037,5.301007395754297e-6,1.7564397410766979e-6,1.7564397421437019e-6,1.7566106461271506e-6
13.07,0.0037,8.707695051742211e-6,1.7563687428393291e-6,1.756368743913258e-6,1.7566106461271506e-6
13.07,0.0037,1.4303687479263852e-5,1.756268247413793e-6,1.7562682485366547e-6,1.7566106461271506e-6
13.07,0.0037,2.3495939429288417e-5,1.7561259962213054e-6,1.7561259972818282e-6,1.7566106461271506e-6
13.07,0.0037,3.8595583863609565e-5,1.7559246315882306e-6,1.75592463282397e-6,1.7566106461271506e-6
13.07,0.0037,6.33990012723672e-5,1.75563956979136e-6,1.7556395708494834e-6,1.7566106461271506e-6
13.07,0.0037,0.00010414231266814445,1.7552359793723425e-6,1.7552359807820204e-6,1.7566106461271506e-6
13.07,0.0037,0.00017106927664800093,1.7546644789462256e-6,1.754664480162767e-6,1.7566106461271506e-6
13.07,0.0037,0.00028100679409841776,1.7538549910071756e-6,1.753854992590587e-6,1.7566106461271506e-6
13.07,0.0037,0.00046159555869258604,1.7527079155905124e-6,1.7527079174042537e-6,1.7566106461271506e-6
13.07,0.0037,0.0007582395311413588,1.7510813561648766e-6,1.7510813577399964e-6,1.7566106461271506e-6
13.07,0.0037,0.00124552148684853,1.7487724227120784e-6,1.7487724260953482e-6,1.7566106461271506e-6
13.07,0.0037,0.002045954755044497,1.7454894357338668e-6,1.7454894369892784e-6,1.7566106461271506e-6
13.07,0.0037,0.0033607857462825456,1.7408097561529188e-6,1.7408097631064999e-6,1.7566106461271506e-6
13.07,0.0037,0.005520591696647901,1.7341142445347406e-6,1.7341142468420345e-6,1.7566106461271506e-6
13.07,0.0037,0.009068395006973916,1.72448280129481e-6,1.7244828154611262e-6,1.7566106461271506e-6
13.07,0.0037,0.01489619093772919,1.7105243753116012e-6,1.7105243878873604e-6,1.7566106461271506e-6
13.07,0.0037,0.024469214704767362,1.6900980220731542e-6,1.690098046360522e-6,1.7566106461271506e-6
13.07,0.0037,0.04019433362333615,1.6598624257744248e-6,1.6598624837704296e-6,1.7566106461271506e-6
13.07,0.0037,0.06602518613354949,1.6145910085899114e-6,1.614591031419261e-6,1.7566106461271506e-6
13.07,0.0037,0.1084562128786955,1.5462806247385445e-6,1.5462808026524402e-6,1.7566106461271506e-6
13.07,0.0037,0.17815550096589414,1.4434447019459555e-6,1.4434447152793702e-6,1.7566106461271506e-6
13.07,0.0037,0.292646974128703,1.2919106498799815e-6,1.2919109089288983e-6,1.7566106461271506e-6
13.07,0.0037,0.480716289995901,1.0799081504087348e-6,1.079908216956396e-6,1.7566106461271506e-6
13.07,0.0037,0.789648183294706,8.102175009778527e-7,8.1021748992154e-7,1.7566106461271506e-6
13.07,0.0037,1.297114881182717,5.148898324259098e-7,5.148897264518198e-7,1.7566106461271506e-6
13.07,0.0037,2.1307045980472066,2.522651926764885e-7,2.5226510400759523e-7,1.7566106461271506e-6
13.07,0.0037,3.5000000000000004,6.435301062017864e-8,6.435294029798434e-8,1.7566106461271506e-6
13.07,0.0037,3.8,3.5623717570670185e-8,3.5623703125610853e-8,1.7566106461271506e-6
13.07,0.0037,3.98,1.0432752191125677e-8,1.043274046288476e-8,1.7566106461271506e-6
13.07,0.0037,3.9998,1.0346461206561096e-9,1.0346449614920312e-9,1.7566106461271506e-6
13.07,0.0127,1.0000000000000001e-7,1.7062528511849863e-6,1.706252852556942e-6,1.7062633296073528e-6
13.07,0.0127,1.6426491045299075e-7,1.706248498370497e-6,1.7062484997429302e-6,1.7062633296073528e-6
13.07,0.0127,2.698296080612907e-7,1.7062423373611425e-6,1.7062423387363665e-6,1.7062633296073528e-6
13.07,0.0127,4.432353640575351e-7,1.7062336170134695e-6,1.7062336183849293e-6,1.7062633296073528e-6
13.07,0.0127,7.280801738650976e-7,1.7062212741451295e-6,1.7062212755269742e-6,1.7062633296073528e-6
13.07,0.0127,1.1959802456254818e-6,1.7062038039004271e-6,1.706203805271191e-6,1.7062633296073528e-6
13.07,0.0127,1.9645758795121526e-6,1.7061790762499907e-6,1.7061790776419011e-6,1.7062633296073528e-6
13.07,0.0127,3.227108809261693e-6,1.7061440762289266e-6,1.7061440776080267e-6,1.7062633296073528e-6
13.07,0.0127,5.301007395754297e-6,1.7060945361893266e-6,1.7060945375904062e-6,1.7062633296073528e-6
13.07,0.0127,8.707695051742211e-6,1.7060244151066533e-6,1.7060244165180243e-6,1.7062633296073528e-6
13.07,0.0127,1.4303687479263852e-5,1.7059251611700905e-6,1.7059251625675615e-6,1.7062633296073528e-6
13.07,0.0127,2.3495939429288417e-5,1.7057846670937509e-6,1.7057846685830237e-6,1.7062633296073528e-6
13.07,0.0127,3.8595583863609565e-5,1.7055857892758221e-6,1.7055857906493705e-6,1.7062633296073528e-6
13.07,0.0127,6.33990012723672e-5,1.705304246835244e-6,1.7053042484666448e-6,1.7062633296073528e-6
13.07,0.0127,0.00010414231266814445,1.7049056366059876e-6,1.704905638009511e-6,1.7062633296073528e-6
13.07,0.0127,0.00017106927664800093,1.7043411826224464e-6,1.704341184442807e-6,1.7062633296073528e-6
13.07,0.0127,0.00028100679409841776,1.7035416625439855e-6,1.7035416642350523e-6,1.7062633296073528e-6
13.07,0.0127,0.00046159555869258604,1.7024086829708628e-6,1.7024086849101296e-6,1.7062633296073528e-6
13.07,0.0127,0.0007582395311413588,1.7008020468275163e-6,1.7008020494420337e-6,1.7062633296073528e-6
13.07,0.0127,0.00124552148684853,1.6985212517947202e-6,1.6985212535300898e-6,1.7062633296073528e-6
13.07,0.0127,0.002045954755044497,1.6952779611094698e-6,1.6952779660294535e-6,1.7062633296073528e-6
13.07,0.0127,0.0033607857462825456,1.6906541930837516e-6,1.6906541944483424e-6,1.7062633296073528e-6
13.07,0.0127,0.005520591696647901,1.6840372595635455e-6,1.6840372695959733e-6,1.7062633296073528e-6
13.07,0.0127,0.009068395006973916,1.6745159468667382e-6,1.6745159512655005e-6,1.7062633296073528e-6
13.07,0.0127,0.01489619093772919,1.6607114252335694e-6,1.660711444641771e-6,1.7062633296073528e-6
13.07,0.0127,0.024469214704767362,1.640499770921616e-6,1.6404997957488286e-6,1.7062633296073528e-6
13.07,0.0127,0.04019433362333615,1.6105644789252795e-6,1.6105645057859794e-6,1.7062633296073528e-6
13.07,0.0127,0.06602518613354949,1.5657189505601355e-6,1.5657190508806148e-6,1.7062633296073528e-6
13.07,0.0127,0.1084562128786955,1.4980345182855265e-6,1.498034528067044e-6,1.7062633296073528e-6
13.07,0.0127,0.17815550096589414,1.3961814960537109e-6,1.3961817294357391e-6,1.7062633296073528e-6
13.07,0.0127,0.292646974128703,1.246327605505184e-6,1.2463276255240986e-6,1.7062633296073528e-6
13.07,0.0127,0.480716289995901,1.0373747194693036e-6,1.037374876176238e-6,1.7062633296073528e-6
13.07,0.0127,0.789648183294706,7.731344578897164e-7,7.731344778201495e-7,1.7062633296073528e-6
13.07,0.0127,1.297114881182717,4.86496012039315e-7,4.86495887333236e-7,1.7062633296073528e-6
13.07,0.0127,2.1307045980472066,2.3515305777715237e-7,2.3515290216316057e-7,1.7062633296073528e-6
13.07,0.0127,3.5000000000000004,5.900453719750692e-8,5.900452412690924e-8,1.7062633296073528e-6
13.07,0.0127,3.8,3.256893555309291e-8,3.256890689167155e-8,1.7062633296073528e-6
13.07,0.0127,3.98,9.522654532781329e-9,9.52265426491373e-9,1.7062633296073528e-6
13.07,0.0127,3.9998,9.442248306263596e-10,9.442247852121855e-10,1.7062633296073528e-6
13.07,0.047,1.0000000000000001e-7,1.5319358571902915e-6,1.5319358676939875e-6,1.531945874479029e-6
13.07,0.047,1.6426491045299075e-7,1.5319316959338138e-6,1.5319317064406898e-6,1.531945874479029e-6
13.07,0.047,2.698296080612907e-7,1.5319258060568165e-6,1.5319258165628023e-6,1.531945874479029e-6
13.07,0.047,4.432353640575351e-7,1.5319174694713176e-6,1.5319174799793913e-6,1.531945874479029e-6
13.07,0.047,7.280801738650976e-7,1.5319056697815603e-6,1.5319056802942003e-6,1.531945874479029e-6
13.07,0.047,1.1959802456254818e-6,1.5318889683530953e-6,1.5318889788604476e-6,1.531945874479029e-6
13.07,0.047,1.9645758795121526e-6,1.5318653288846617e-6,1.5318653394114618e-6,1.531945874479029e-6
13.07,0.047,3.227108809261693e-6,1.531831869070412e-6,1.5318318795769097e-6,1.531945874479029e-6
13.07,0.047,5.301007395754297e-6,1.5317845090189074e-6,1.5317845195689878e-6,1.531945874479029e-6
13.07,0.047,8.707695051742211e-6,1.5317174734343247e-6,1.5317174839568733e-6,1.531945874479029e-6
13.07,0.047,1.4303687479263852e-5,1.5316225865672707e-6,1.5316225971440826e-6,1.531945874479029e-6
13.07,0.047,2.3495939429288417e-5,1.5314882732912463e-6,1.531488283878465e-6,1.531945874479029e-6
13.07,0.047,3.8595583863609565e-5,1.5312981429525153e-6,1.5312981535391592e-6,1.531945874479029e-6
13.07,0.047,6.33990012723672e-5,1.5310289797778496e-6,1.5310289905281242e-6,1.531945874479029e-6
13.07,0.047,0.00010414231266814445,1.530647886766376e-6,1.530647897326156e-6,1.531945874479029e-6
13.07,0.047,0.00017106927664800093,1.5301082166675093e-6,1.5301082277371817e-6,1.531945874479029e-6
13.07,0.047,0.00028100679409841776,1.529343753214497e-6,1.5293437638334941e-6,1.531945874479029e-6
13.07,0.047,0.00046159555869258604,1.5282603426250978e-6,1.528260354190539e-6,1.531945874479029e-6
13.07,0.047,0.0007582395311413588,1.526723755683021e-6,1.5267237668992402e-6,1.531945874479029e-6
13.07,0.047,0.00124552148684853,1.524541866956796e-6,1.5245418790670036e-6,1.531945874479029e-6
13.07,0.047,0.002045954755044497,1.521438050882796e-6,1.521438064251248e-6,1.531945874479029e-6
13.07,0.047,0.0033607857462825456,1.5170106100343048e-6,1.5170106222857104e-6,1.531945874479029e-6
13.07,0.047,0.005520591696647901,1.5106693500567376e-6,1.5106693698038346e-6,1.531945874479029e-6
13.07,0.047,0.009068395006973916,1.5015339306035127e-6,1.5015339424987119e-6,1.531945874479029e-6
13.07,0.047,0.01489619093772919,1.4882678280570326e-6,1.488267864783181e-6,1.531945874479029e-6
13.07,0.047,0.024469214704767362,1.4688059380621995e-6,1.4688059584738758e-6,1.531945874479029e-6
13.07,0.047,0.04019433362333615,1.439917923775132e-6,1.4399179948983604e-6,1.531945874479029e-6
13.07,0.047,0.06602518613354949,1.3965584222079183e-6,1.396558498844094e-6,1.531945874479029e-6
13.07,0.047,0.1084562128786955,1.3310689274141456e-6,1.3310690253582945e-6,1.531945874479029e-6
13.07,0.047,0.17815550096589414,1.2327019190589683e-6,1.2327021410156376e-6,1.531945874479029e-6
13.07,0.047,0.292646974128703,1.0888989504725775e-6,1.088899007960383e-6,1.531945874479029e-6
13.07,0.047,0.480716289995901,8.910552401761394e-7,8.910554478446223e-7,1.531945874479029e-6
13.07,0.047,0.789648183294706,6.466737096621083e-7,6.466737469438504e-7,1.531945874479029e-6
13.07,0.047,1.297114881182717,3.912468222960141e-7,3.9124666291102795e-7,1.531945874479029e-6
13.07,0.047,2.1307045980472066,1.7923673543513522e-7,1.7923668170342694e-7,1.531945874479029e-6
13.07,0.047,3.5000000000000004,4.213500049347807e-8,4.213496555567114e-8,1.531945874479029e-6
13.07,0.047,3.8,2.299588188305651e-8,2.2995870935451108e-8,1.531945874479029e-6
13.07,0.047,3.98,6.681048189575415e-9,6.681045916947305e-9,1.531945874479029e-6
13.07,0.047,3.9998,6.620130703559135e-10,6.620127662089535e-10,1.531945874479029e-6
13.07,0.173,1.0000000000000001e-7,1.0734059222392936e-6,1.073405928510914e-6,1.0734146632852819e-6
13.07,0.173,1.6426491045299075e-7,1.073402291142411e-6,1.0734022974120006e-6,1.0734146632852819e-6
13.07,0.173,2.698296080612907e-7,1.0733971516561735e-6,1.0733971579305626e-6,1.0734146632852819e-6
13.07,0.173,4.432353640575351e-7,1.0733898771770278e-6,1.0733898834475635e-6,1.0734146632852819e-6
13.07,0.173,7.280801738650976e-7,1.0733795807954059e-6,1.0733795870734822e-6,1.0734146632852819e-6
13.07,0.173,1.1959802456254818e-6,1.0733650071490284e-6,1.0733650134254011e-6,1.0734146632852819e-6
13.07,0.173,1.9645758795121526e-6,1.0733443793332964e-6,1.0733443856138851e-6,1.0734146632852819e-6
13.07,0.173,3.227108809261693e-6,1.0733151821756731e-6,1.07331518846861e-6,1.0734146632852819e-6
13.07,0.173,5.301007395754297e-6,1.0732738553851741e-6,1.0732738616634514e-6,1.0734146632852819e-6
13.07,0.173,8.707695051742211e-6,1.0732153590143996e-6,1.0732153653419928e-6,1.0734146632852819e-6
13.07,0.173,1.4303687479263852e-5,1.073132557907832e-6,1.0731325641847395e-6,1.0734146632852819e-6
13.07,0.173,2.3495939429288417e-5,1.0730153492933942e-6,1.0730153556770047e-6,1.0734146632852819e-6
13.07,0.173,3.8595583863609565e-5,1.072849425340834e-6,1.0728494316603253e-6,1.0734146632852819e-6
13.07,0.173,6.33990012723672e-5,1.0726145157025297e-6,1.0726145221486001e-6,1.0734146632852819e-6
13.07,0.173,0.00010414231266814445,1.0722818864661451e-6,1.0722818929517498e-6,1.0734146632852819e-6
13.07,0.173,0.00017106927664800093,1.0718107696905909e-6,1.0718107761551595e-6,1.0734146632852819e-6
13.07,0.173,0.00028100679409841776,1.0711432415757203e-6,1.0711432484861918e-6,1.0734146632852819e-6
13.07,0.173,0.00046159555869258604,1.0701968216492232e-6,1.0701968280425904e-6,1.0734146632852819e-6
13.07,0.173,0.0007582395311413588,1.068853664994694e-6,1.068853672794103e-6,1.0734146632852819e-6
13.07,0.173,0.00124552148684853,1.0669445432558054e-6,1.066944549845993e-6,1.0734146632852819e-6
13.07,0.173,0.002045954755044497,1.0642246321604292e-6,1.0642246415694463e-6,1.0734146632852819e-6
13.07,0.173,0.0033607857462825456,1.060336033237176e-6,1.0603360418399355e-6,1.0734146632852819e-6
13.07,0.173,0.005520591696647901,1.0547482548357938e-6,1.05474826654677e-6,1.0734146632852819e-6
13.07,0.173,0.009068395006973916,1.0466615273527591e-6,1.0466615448335657e-6,1.0734146632852819e-6
13.07,0.173,0.01489619093772919,1.0348478411492995e-6,1.034847853827378e-6,1.0734146632852819e-6
13.07,0.173,0.024469214704767362,1.0173920199152364e-6,1.0173920677144466e-6,1.0734146632852819e-6
13.07,0.173,0.04019433362333615,9.91289825150002e-7,9.912898358943796e-7,1.0734146632852819e-6
13.07,0.173,0.06602518613354949,9.5189883842178e-7,9.51898955638629e-7,1.0734146632852819e-6
13.07,0.173,0.1084562128786955,8.92420575574114e-7,8.924206211145384e-7,1.0734146632852819e-6
13.07,0.173,0.17815550096589414,8.04108849599423e-7,8.041090169687887e-7,1.0734146632852819e-6
13.07,0.173,0.292646974128703,6.788577139580888e-7,6.788578505597418e-7,1.0734146632852819e-6
13.07,0.173,0.480716289995901,5.163413533755564e-7,5.163414135412685e-7,1.0734146632852819e-6
13.07,0.173,0.789648183294706,3.344484756517081e-7,3.3444847669321765e-7,1.0734146632852819e-6
13.07,0.173,1.297114881182717,1.7118601056860106e-7,1.7118601233869862e-7,1.0734146632852819e-6
13.07,0.173,2.1307045980472066,6.251108612367746e-8,6.251097414622853e-8,1.0734146632852819e-6
13.07,0.173,3.5000000000000004,1.1205665300932574e-8,1.120566381887702e-8,1.0734146632852819e-6
13.07,0.173,3.8,5.840757175517744e-9,5.840744676862651e-9,1.0734146632852819e-6
13.07,0.173,3.98,1.653972309802575e-9,1.653970981355529e-9,1.0734146632852819e-6
13.07,0.173,3.9998,1.6344157160347795e-10,1.6344147555431295e-10,1.0734146632852819e-6
13.07,0.61,1.0000000000000001e-7,4.608716888581899e-7,4.608716849871044e-7,4.608786358078193e-7
13.07,0.61,1.6426491045299075e-7,4.6086880303795075e-7,4.608687991671835e-7,4.608786358078193e-7
13.07,0.61,2.698296080612907e-7,4.608647184167157e-7,4.608647145500592e-7,4.608786358078193e-7
13.07,0.61,4.432353640575351e-7,4.608589369897776e-7,4.6085893312094683e-7,4.608786358078193e-7
13.07,0.61,7.280801738650976e-7,4.6085075385897376e-7,4.6085074999959964e-7,4.608786358078193e-7
13.07,0.61,1.1959802456254818e-6,4.608391712630787e-7,4.608391674010121e-7,4.608786358078193e-7
13.07,0.61,1.9645758795121526e-6,4.608227768636908e-7,4.6082277301561036e-7,4.608786358078193e-7
13.07,0.61,3.227108809261693e-6,4.6079957139633077e-7,4.607995675536779e-7,4.608786358078193e-7
13.07,0.61,5.301007395754297e-6,4.6076672455698456e-7,4.607667207238831e-7,4.608786358078193e-7
13.07,0.61,8.707695051742211e-6,4.607202290937215e-7,4.607202252964184e-7,4.608786358078193e-7
13.07,0.61,1.4303687479263852e-5,4.6065441031815817e-7,4.6065440650575944e-7,4.608786358078193e-7
13.07,0.61,2.3495939429288417e-5,4.6056122984405616e-7,4.605612261375296e-7,4.608786358078193e-7
13.07,0.61,3.8595583863609565e-5,4.6042929551150063e-7,4.604292917557187e-7,4.608786358078193e-7
13.07,0.61,6.33990012723672e-5,4.6024244968245136e-7,4.6024244613424506e-7,4.608786358078193e-7
13.07,0.61,0.00010414231266814445,4.5997774789011887e-7,4.5997774432837963e-7,4.608786358078193e-7
13.07,0.61,0.00017106927664800093,4.5960254608355677e-7,4.5960254277859234e-7,4.608786358078193e-7
13.07,0.61,0.00028100679409841776,4.590702636999075e-7,4.5907026067920235e-7,4.608786358078193e-7
13.07,0.61,0.00046159555869258604,4.583141374756637e-7,4.58314134522697e-7,4.608786358078193e-7
13.07,0.61,0.0007582395311413588,4.572378448419063e-7,4.572378431980311e-7,4.608786358078193e-7
13.07,0.61,0.00124552148684853,4.5570110371778426e-7,4.557011014627345e-7,4.608786358078193e-7
13.07,0.61,0.002045954755044497,4.5349697875234464e-7,4.534969805494324e-7,4.608786358078193e-7
13.07,0.61,0.0033607857462825456,4.503152139635621e-7,4.503152146791338e-7,4.608786358078193e-7
13.07,0.61,0.005520591696647901,4.4568194046897986e-7,4.4568195057930503e-7,4.608786358078193e-7
13.07,0.61,0.009068395006973916,4.388604703820388e-7,4.3886048435758466e-7,4.608786358078193e-7
13.07,0.61,0.01489619093772919,4.28692928413701e-7,4.28692955545333e-7,4.608786358078193e-7
13.07,0.61,0.024469214704767362,4.1336902357066505e-7,4.1336908473732864e-7,4.608786358078193e-7
13.07,0.61,0.04019433362333615,3.901598047154181e-7,3.9015985820423257e-7,4.608786358078193e-7
13.07,0.61,0.06602518613354949,3.5532773121156143e-7,3.553278986988807e-7,4.608786358078193e-7
13.07,0.61,0.1084562128786955,3.04821401083869e-7,3.0482150418187285e-7,4.608786358078193e-7
13.07,0.61,0.17815550096589414,2.3685202251653195e-7,2.368522627669157e-7,4.608786358078193e-7
13.07,0.61,0.292646974128703,1.5684257186422952e-7,1.568427259320621e-7,4.608786358078193e-7
13.07,0.61,0.480716289995901,8.098854964753049e-8,8.098865945780735e-8,4.608786358078193e-7
13.07,0.61,0.789648183294706,2.8972951247119485e-8,2.897299384774703e-8,4.608786358078193e-7
13.07,0.61,1.297114881182717,6.2555625804451305e-9,6.255570900175855e-9,4.608786358078193e-7
13.07,0.61,2.1307045980472066,7.122936323850585e-10,7.122901283840701e-10,4.608786358078193e-7
13.07,0.61,3.5000000000000004,3.251414316617298e-11,3.251420731068556e-11,4.608786358078193e-7
13.07,0.61,3.8,1.36180998149572e-11,1.3617904591885904e-11,4.608786358078193e-7
13.07,0.61,3.98,3.426637526089064e-12,3.4266251092424068e-12,4.608786358078193e-7
13.07,0.61,3.9998,3.344358247740893e-13,3.344352245891839e-13,4.608786358078193e-7
13.07,1.73,1.0000000000000001e-7,1.7533195455988186e-7,1.753319554984629e-7,1.7533908383945107e-7
13.07,1.73,1.6426491045299075e-7,1.7532899297369068e-7,1.7532899408949144e-7,1.7533908383945107e-7
13.07,1.73,2.698296080612907e-7,1.7532480108021212e-7,1.7532480219240082e-7,1.7533908383945107e-7
13.07,1.73,4.432353640575351e-7,1.7531886774412358e-7,1.753188688621425e-7,1.7533908383945107e-7
13.07,1.73,7.280801738650976e-7,1.7531046942637712e-7,1.7531047054044303e-7,1.7533908383945107e-7
13.07,1.73,1.1959802456254818e-6,1.7529858185316968e-7,1.7529858297968043e-7,1.7533908383945107e-7
13.07,1.73,1.9645758795121526e-6,1.7528175486589518e-7,1.7528175598835211e-7,1.7533908383945107e-7
13.07,1.73,3.227108809261693e-6,1.7525793499553968e-7,1.7525793613400498e-7,1.7533908383945107e-7
13.07,1.73,5.301007395754297e-6,1.752242136782957e-7,1.752242148256576e-7,1.7533908383945107e-7
13.07,1.73,8.707695051742211e-6,1.7517646939088285e-7,1.75176470542695e-7,1.7533908383945107e-7
13.07,1.73,1.4303687479263852e-5,1.7510885776397228e-7,1.7510885896995238e-7,1.7533908383945107e-7
13.07,1.73,2.3495939429288417e-5,1.7501308232510714e-7,1.7501308349421597e-7,1.7533908383945107e-7
13.07,1.73,3.8595583863609565e-5,1.7487734541977449e-7,1.7487734674472018e-7,1.7533908383945107e-7
13.07,1.73,6.33990012723672e-5,1.7468482595153657e-7,1.74684827193592e-7,1.7533908383945107e-7
13.07,1.73,0.00010414231266814445,1.7441144286432682e-7,1.7441144440762524e-7,1.7533908383945107e-7
13.07,1.73,0.00017106927664800093,1.7402251262851867e-7,1.7402251417594466e-7,1.7533908383945107e-7
13.07,1.73,0.00028100679409841776,1.7346764300068282e-7,1.7346764492225962e-7,1.7533908383945107e-7
13.07,1.73,0.00046159555869258604,1.7267272976931473e-7,1.7267273237060397e-7,1.7533908383945107e-7
13.07,1.73,0.0007582395311413588,1.7152708173214585e-7,1.7152708431163836e-7,1.7533908383945107e-7
13.07,1.73,0.00124552148684853,1.6986227755848296e-7,1.6986228358290053e-7,1.7533908383945107e-7
13.07,1.73,0.002045954755044497,1.6741721797124825e-7,1.6741722228169434e-7,1.7533908383945107e-7
13.07,1.73,0.0033607857462825456,1.6378150259951078e-7,1.6378151844094667e-7,1.7533908383945107e-7
13.07,1.73,0.005520591696647901,1.583098024574944e-7,1.583098156638722e-7,1.7533908383945107e-7
13.07,1.73,0.009068395006973916,1.5001375583586775e-7,1.5001379207710006e-7,1.7533908383945107e-7
13.07,1.73,0.01489619093772919,1.3749175252029364e-7,1.374917984237677e-7,1.7533908383945107e-7
13.07,1.73,0.024469214704767362,1.1909639847120691e-7,1.1909645549118388e-7,1.7533908383945107e-7
13.07,1.73,0.04019433362333615,9.3765069697737e-8,9.376517085906832e-8,1.7533908383945107e-7
13.07,1.73,0.06602518613354949,6.291764239429187e-8,6.291769419153586e-8,1.7533908383945107e-7
13.07,1.73,0.1084562128786955,3.247032783721059e-8,3.247041079092575e-8,1.7533908383945107e-7
13.07,1.73,0.17815550096589414,1.1006309682634558e-8,1.1006330733148427e-8,1.7533908383945107e-7
13.07,1.73,0.292646974128703,1.946115748230823e-9,1.9461233166372505e-9,1.7533908383945107e-7
13.07,1.73,0.480716289995901,1.3134467013544731e-10,1.3134521679050849e-10,1.7533908383945107e-7
13.07,1.73,0.789648183294706,2.3186119626373934e-12,2.3186208258317828e-12,1.7533908383945107e-7
13.07,1.73,1.297114881182717,7.310241731642566e-15,7.310266519405571e-15,1.7533908383945107e-7
13.07,1.73,2.1307045980472066,3.116308147449938e-18,3.116345169272497e-18,1.7533908383945107e-7
13.07,1.73,3.5000000000000004,1.6468620313603155e-22,1.641454062497724e-22,1.7533908383945107e-7
13.07,1.73,3.8,2.3535972827307788e-23,2.3567213713722537e-23,1.7533908383945107e-7
13.07,1.73,3.98,3.463272333716983e-24,3.4735339781186096e-24,1.7533908383945107e-7
13.07,1.73,3.9998,3.2047289129706126e-25,3.2142064384491617e-25,1.7533908383945107e-7
13.07,4.71,1.0000000000000001e-7,6.722281093415756e-8,6.722253831834328e-8,6.723430763386467e-8
13.07,4.71,1.6426491045299075e-7,6.721930070106803e-8,6.721902725708115e-8,6.723430763386467e-8
13.07,4.71,2.698296080612907e-7,6.721306596071675e-8,6.721279186838542e-8,6.723430763386467e-8
13.07,4.71,4.432353640575351e-7,6.720424028228174e-8,6.720396486003531e-8,6.723430763386467e-8
13.07,4.71,7.280801738650976e-7,6.719174609777435e-8,6.71914687702577e-8,6.723430763386467e-8
13.07,4.71,1.1959802456254818e-6,6.717405656984915e-8,6.717377656551204e-8,6.723430763386467e-8
13.07,4.71,1.9645758795121526e-6,6.714900687067665e-8,6.7148723033223e-8,6.723430763386467e-8
13.07,4.71,3.227108809261693e-6,6.711352443184566e-8,6.711323516483025e-8,6.723430763386467e-8
13.07,4.71,5.301007395754297e-6,6.706324125112864e-8,6.70629442179035e-8,6.723430763386467e-8
13.07,4.71,8.707695051742211e-6,6.699193209249667e-8,6.699162388817235e-8,6.723430763386467e-8
13.07,4.71,1.4303687479263852e-5,6.689069065235803e-8,6.689036640148351e-8,6.723430763386467e-8
13.07,4.71,2.3495939429288417e-5,6.67467014297434e-8,6.674635354005318e-8,6.723430763386467e-8
13.07,4.71,3.8595583863609565e-5,6.654136933683437e-8,6.654098684809014e-8,6.723430763386467e-8
13.07,4.71,6.33990012723672e-5,6.624739791929287e-8,6.624696266978448e-8,6.723430763386467e-8
13.07,4.71,0.00010414231266814445,6.582410281147839e-8,6.58235870794742e-8,6.723430763386467e-8
13.07,4.71,0.00017106927664800093,6.520972714654826e-8,6.520908338536914e-8,6.723430763386467e-8
13.07,4.71,0.00028100679409841776,6.430872198046032e-8,6.430787208026844e-8,6.723430763386467e-8
13.07,4.71,0.00046159555869258604,6.297100331291118e-8,6.296981630204576e-8,6.723430763386467e-8
13.07,4.71,0.0007582395311413588,6.096007027305943e-8,6.095832602869681e-8,6.723430763386467e-8
13.07,4.71,0.00124552148684853,5.79110667353798e-8,5.79084409914244e-8,6.723430763386467e-8
13.07,4.71,0.002045954755044497,5.32978000158814e-8,5.329381871498447e-8,6.723430763386467e-8
13.07,4.71,0.0033607857462825456,4.647718351092904e-8,4.647140990203913e-8,6.723430763386467e-8
13.07,4.71,0.005520591696647901,3.6968929974526426e-8,3.6961213414413835e-8,6.723430763386467e-8
13.07,4.71,0.009068395006973916,2.5158042621740645e-8,2.51492911837994e-8,6.723430763386467e-8
13.07,4.71,0.01489619093772919,1.3174077192566445e-8,1.3166480562569703e-8,6.723430763386467e-8
13.07,4.71,0.024469214704767362,4.4678118962548516e-9,4.463574958616396e-9,6.723430763386467e-8
13.07,4.71,0.04019433362333615,7.448710841482015e-10,7.437221002599358e-10,6.723430763386467e-8
13.07,4.71,0.06602518613354949,3.962719826025352e-11,3.952837272602712e-11,6.723430763386467e-8
13.07,4.71,0.1084562128786955,3.481880274872863e-13,3.4680770357536617e-13,6.723430763386467e-8
13.07,4.71,0.17815550096589414,1.9349624882240146e-16,1.9229509965716545e-16,6.723430763386467e-8
13.07,4.71,0.292646974128703,1.847786006580433e-21,1.8303052834294115e-21,6.723430763386467e-8
13.07,4.71,0.480716289995901,6.241460957523929e-29,6.154463009906087e-29,6.723430763386467e-8
13.07,4.71,0.789648183294706,1.5054649970250136e-39,1.4757941609490017e-39,6.723430763386467e-8
13.07,4.71,1.297114881182717,8.031030896926665e-54,7.81735632833781e-54,6.723430763386467e-8
13.07,4.71,2.1307045980472066,6.983912974616256e-72,6.750999990916563e-72,6.723430763386467e-8
13.07,4.71,3.5000000000000004,1.9756297514241307e-93,1.4387774923530793e-93,6.723430763386467e-8
13.07,4.71,3.8,2.6784363176701156e-97,3.202286036725445e-97,6.723430763386467e-8
13.07,4.71,3.98,1.1678029972799424e-99,2.806954263005913e-99,6.723430763386467e-8
13.07,4.71,3.9998,7.980734489602755e-101,2.005225639322847e-100,6.723430763386467e-8
13.61,0.00113,1.0000000000000001e-7,7.014006519670862e-6,7.014007108017787e-6,7.0140736369979e-6
13.61,0.00113,1.6426491045299075e-7,7.013978638613662e-6,7.013979227221469e-6,7.0140736369979e-6
13.61,0.00113,2.698296080612907e-7,7.013939175508833e-6,7.013939764475865e-6,7.0140736369979e-6
13.61,0.00113,4.432353640575351e-7,7.013883319013765e-6,7.013883908531843e-6,7.0140736369979e-6
13.61,0.00113,7.280801738650976e-7,7.013804259017304e-6,7.013804849219659e-6,7.0140736369979e-6
13.61,0.00113,1.1959802456254818e-6,7.013692356202334e-6,7.013692947538543e-6,7.0140736369979e-6
13.61,0.00113,1.9645758795121526e-6,7.0135339664622e-6,7.0135345591693045e-6,7.0140736369979e-6
13.61,0.00113,3.227108809261693e-6,7.013309776564805e-6,7.013310371504843e-6,7.0140736369979e-6
13.61,0.00113,5.301007395754297e-6,7.012992447504469e-6,7.012993045317894e-6,7.0140736369979e-6
13.61,0.00113,8.707695051742211e-6,7.0125432767381545e-6,7.012543878795706e-6,7.0140736369979e-6
13.61,0.00113,1.4303687479263852e-5,7.011907468972064e-6,7.01190807713472e-6,7.0140736369979e-6
13.61,0.00113,2.3495939429288417e-5,7.011007431161433e-6,7.011008047326222e-6,7.0140736369979e-6
13.61,0.00113,3.8595583863609565e-5,7.009733256612819e-6,7.009733885593901e-6,7.0140736369979e-6
13.61,0.00113,6.33990012723672e-5,7.007929198055165e-6,7.00792984259375e-6,7.0140736369979e-6
13.61,0.00113,0.00010414231266814445,7.0053743904323505e-6,7.005375061044178e-6,7.0140736369979e-6
13.61,0.00113,0.00017106927664800093,7.001755271498121e-6,7.001755974247349e-6,7.0140736369979e-6
13.61,0.00113,0.00028100679409841776,6.996625889715932e-6,6.996626643565136e-6,7.0140736369979e-6
13.61,0.00113,0.00046159555869258604,6.9893502745802415e-6,6.989351097834364e-6,7.0140736369979e-6
13.61,0.00113,0.0007582395311413588,6.979017702162336e-6,6.9790186244441996e-6,7.0140736369979e-6
13.61,0.00113,0.00124552148684853,6.964315951234688e-6,6.964317028220367e-6,7.0140736369979e-6
13.61,0.00113,0.002045954755044497,6.943337543855342e-6,6.943338819111729e-6,7.0140736369979e-6
13.61,0.00113,0.0033607857462825456,6.913276014031521e-6,6.913277646091004e-6,7.0140736369979e-6
13.61,0.00113,0.005520591696647901,6.869937843700386e-6,6.869939917245698e-6,7.0140736369979e-6
13.61,0.00113,0.009068395006973916,6.806943738559938e-6,6.806946661292069e-6,7.0140736369979e-6
13.61,0.00113,0.01489619093772919,6.7144179787290085e-6,6.714422047245047e-6,7.0140736369979e-6
13.61,0.00113,0.024469214704767362,6.576893525583273e-6,6.576899622144237e-6,7.0140736369979e-6
13.61,0.00113,0.04019433362333615,6.370223000312065e-6,6.370232310745272e-6,7.0140736369979e-6
13.61,0.00113,0.06602518613354949,6.057885870909703e-6,6.057899661532765e-6,7.0140736369979e-6
13.61,0.00113,0.1084562128786955,5.5891504658561665e-6,5.589171901223503e-6,7.0140736369979e-6
13.61,0.00113,0.17815550096589414,4.906323589513369e-6,4.9063523282998895e-6,7.0140736369979e-6
13.61,0.00113,0.292646974128703,3.974398832632379e-6,3.974436130036135e-6,7.0140736369979e-6
13.61,0.00113,0.480716289995901,2.8407751009521996e-6,2.8408137086386554e-6,7.0140736369979e-6
13.61,0.00113,0.789648183294706,1.687870361144163e-6,1.6879011163632073e-6,7.0140736369979e-6
13.61,0.00113,1.297114881182717,7.764897760975583e-7,7.765068505110617e-7,7.0140736369979e-6
13.61,0.00113,2.1307045980472066,2.537164508226357e-7,2.537220073044361e-7,7.0140736369979e-6
13.61,0.00113,3.5000000000000004,4.162932382282049e-8,4.162991409730851e-8,7.0140736369979e-6
13.61,0.00113,3.8,2.147091375775154e-8,2.147120177259169e-8,7.0140736369979e-6
13.61,0.00113,3.98,6.047776776748788e-9,6.0478458348120634e-9,7.0140736369979e-6
13.61,0.00113,3.9998,5.973011886217238e-10,5.97307930658836e-10,7.0140736369979e-6
13.61,0.0037,1.0000000000000001e-7,6.953077583798599e-6,6.9530776927528585e-6,6.953144459982168e-6
13.61,0.0037,1.6426491045299075e-7,6.953049802913966e-6,6.953049911889292e-6,6.953144459982168e-6
13.61,0.0037,2.698296080612907e-7,6.9530104815939196e-6,6.953010590544957e-6,6.953144459982168e-6
13.61,0.0037,4.432353640575351e-7,6.9529548257816125e-6,6.9529549347834305e-6,6.953144459982168e-6
13.61,0.0037,7.280801738650976e-7,6.952876049831997e-6,6.952876158795965e-6,6.953144459982168e-6
13.61,0.0037,1.1959802456254818e-6,6.9527645490567205e-6,6.952764658089277e-6,6.953144459982168e-6
13.61,0.0037,1.9645758795121526e-6,6.952606728361308e-6,6.952606837391054e-6,6.953144459982168e-6
13.61,0.0037,3.227108809261693e-6,6.952383343882071e-6,6.952383452923935e-6,6.953144459982168e-6
13.61,0.0037,5.301007395754297e-6,6.9520671547892695e-6,6.952067263994438e-6,6.953144459982168e-6
13.61,0.0037,8.707695051742211e-6,6.9516195974790915e-6,6.951619706474646e-6,6.953144459982168e-6
13.61,0.0037,1.4303687479263852e-5,6.950986073268446e-6,6.950986182821182e-6,6.953144459982168e-6
13.61,0.0037,2.3495939429288417e-5,6.95008926729496e-6,6.950089376292919e-6,6.953144459982168e-6
13.61,0.0037,3.8595583863609565e-5,6.948819666376418e-6,6.948819776448809e-6,6.953144459982168e-6
13.61,0.0037,6.33990012723672e-5,6.9470220797034345e-6,6.947022189219516e-6,6.953144459982168e-6
13.61,0.0037,0.00010414231266814445,6.9444764286861685e-6,6.944476539236039e-6,6.953144459982168e-6
13.61,0.0037,0.00017106927664800093,6.9408702616967485e-6,6.94087037308069e-6,6.953144459982168e-6
13.61,0.0037,0.00028100679409841776,6.935759193594165e-6,6.935759304002773e-6,6.953144459982168e-6
13.61,0.0037,0.00046159555869258604,6.928509458926076e-6,6.928509575022839e-6,6.953144459982168e-6
13.61,0.0037,0.0007582395311413588,6.918213429364091e-6,6.918213538757542e-6,6.953144459982168e-6
13.61,0.0037,0.00124552148684853,6.903563212830377e-6,6.903563339056446e-6,6.953144459982168e-6
13.61,0.0037,0.002045954755044497,6.882657355197377e-6,6.882657468076176e-6,6.953144459982168e-6
13.61,0.0037,0.0033607857462825456,6.852697723600791e-6,6.8526978690038475e-6,6.953144459982168e-6
13.61,0.0037,0.005520591696647901,6.809502272622617e-6,6.809502415567947e-6,6.953144459982168e-6
13.61,0.0037,0.009068395006973916,6.746707526942947e-6,6.746707697979455e-6,6.953144459982168e-6
13.61,0.0037,0.01489619093772919,6.654460020571334e-6,6.654460295516434e-6,6.953144459982168e-6
13.61,0.0037,0.024469214704767362,6.517325952814956e-6,6.5173261189163485e-6,6.953144459982168e-6
13.61,0.0037,0.04019433362333615,6.311213728296194e-6,6.311214396284977e-6,6.953144459982168e-6
13.61,0.0037,0.06602518613354949,5.9997112663449376e-6,5.999711418107106e-6,6.953144459982168e-6
13.61,0.0037,0.1084562128786955,5.53232027128985e-6,5.532321476492864e-6,6.953144459982168e-6
13.61,0.0037,0.17815550096589414,4.851847775024694e-6,4.851848271434316e-6,6.953144459982168e-6
13.61,0.0037,0.292646974128703,3.924224475174522e-6,3.924225215521053e-6,6.953144459982168e-6
13.61,0.0037,0.480716289995901,2.798107519734523e-6,2.7981078103655736e-6,6.953144459982168e-6
13.61,0.0037,0.789648183294706,1.656449416870232e-6,1.6564491875720746e-6,6.953144459982168e-6
13.61,0.0037,1.297114881182717,7.581064481795357e-7,7.581056940892726e-7,6.953144459982168e-6
13.61,0.0037,2.1307045980472066,2.460583877718884e-7,2.460583571719428e-7,6.953144459982168e-6
13.61,0.0037,3.5000000000000004,4.006954681151491e-8,4.0069475404796975e-8,6.953144459982168e-6
13.61,0.0037,3.8,2.0641220756103636e-8,2.0641218842287094e-8,6.953144459982168e-6
13.61,0.0037,3.98,5.810171978202463e-9,5.810166733541503e-9,6.953144459982168e-6
13.61,0.0037,3.9998,5.737935853828233e-10,5.737930206647141e-10,6.953144459982168e-6
13.61,0.0127,1.0000000000000001e-7,6.745720405405895e-6,6.745720507743388e-6,6.745786455265284e-6
13.61,0.0127,1.6426491045299075e-7,6.745692967781684e-6,6.745693070106712e-6,6.745786455265284e-6
13.61,0.0127,2.698296080612907e-7,6.745654132314231e-6,6.745654234672256e-6,6.745786455265284e-6
13.61,0.0127,4.432353640575351e-7,6.7455991641796525e-6,6.745599266502853e-6,6.745786455265284e-6
13.61,0.0127,7.280801738650976e-7,6.745521361570558e-6,6.745521463959168e-6,6.745786455265284e-6
13.61,0.0127,1.1959802456254818e-6,6.745411238460496e-6,6.745411340810773e-6,6.745786455265284e-6
13.61,0.0127,1.9645758795121526e-6,6.74525536770409e-6,6.745255470118948e-6,6.745786455265284e-6
13.61,0.0127,3.227108809261693e-6,6.745034743140703e-6,6.7450348455930915e-6,6.745786455265284e-6
13.61,0.0127,5.301007395754297e-6,6.74472246035669e-6,6.744722562756035e-6,6.745786455265284e-6
13.61,0.0127,8.707695051742211e-6,6.744280431844312e-6,6.744280534539641e-6,6.745786455265284e-6
13.61,0.0127,1.4303687479263852e-5,6.7436547326315215e-6,6.743654834954129e-6,6.745786455265284e-6
13.61,0.0127,2.3495939429288417e-5,6.742769001071086e-6,6.742769104201965e-6,6.745786455265284e-6
13.61,0.0127,3.8595583863609565e-5,6.741515072354301e-6,6.7415151747825246e-6,6.745786455265284e-6
13.61,0.0127,6.33990012723672e-5,6.739739662340317e-6,6.739739766030344e-6,6.745786455265284e-6
13.61,0.0127,0.00010414231266814445,6.737225387070701e-6,6.7372254904109655e-6,6.745786455265284e-6
13.61,0.0127,0.00017106927664800093,6.733663599891882e-6,6.7336637038775005e-6,6.745786455265284e-6
13.61,0.0127,0.00028100679409841776,6.728615281507133e-6,6.7286153876807335e-6,6.745786455265284e-6
13.61,0.0127,0.00046159555869258604,6.721454218755337e-6,6.721454322006815e-6,6.745786455265284e-6
13.61,0.0127,0.0007582395311413588,6.711283382882611e-6,6.711283495826229e-6,6.745786455265284e-6
13.61,0.0127,0.00124552148684853,6.696809699306862e-6,6.696809801514533e-6,6.745786455265284e-6
13.61,0.0127,0.002045954755044497,6.676152320155487e-6,6.676152447262668e-6,6.745786455265284e-6
13.61,0.0127,0.0033607857462825456,6.646541596813726e-6,6.646541708205637e-6,6.745786455265284e-6
13.61,0.0127,0.005520591696647901,6.6038346633883835e-6,6.603834815213944e-6,6.745786455265284e-6
13.61,0.0127,0.009068395006973916,6.54172202124433e-6,6.541722191307431e-6,6.745786455265284e-6
13.61,0.0127,0.01489619093772919,6.450426133275846e-6,6.450426304470038e-6,6.745786455265284e-6
13.61,0.0127,0.024469214704767362,6.314626842682352e-6,6.314627240350399e-6,6.745786455265284e-6
13.61,0.0127,0.04019433362333615,6.110424307958442e-6,6.1104244311843595e-6,6.745786455265284e-6
13.61,0.0127,0.06602518613354949,5.8017819063220964e-6,5.801782825898538e-6,6.745786455265284e-6
13.61,0.0127,0.1084562128786955,5.3390135580321545e-6,5.33901373741358e-6,6.745786455265284e-6
13.61,0.0127,0.17815550096589414,4.666669334932097e-6,4.666670475962188e-6,6.745786455265284e-6
13.61,0.0127,0.292646974128703,3.753932590587864e-6,3.7539330938019037e-6,6.745786455265284e-6
13.61,0.0127,0.480716289995901,2.653770732517127e-6,2.6537708226011136e-6,6.745786455265284e-6
13.61,0.0127,0.789648183294706,1.5508039459444492e-6,1.5508036015614758e-6,6.745786455265284e-6
13.61,0.0127,1.297114881182717,6.968976322401642e-7,6.96897481326942e-7,6.745786455265284e-6
13.61,0.0127,2.1307045980472066,2.2090367785478086e-7,2.209032523751926e-7,6.745786455265284e-6
13.61,0.0127,3.5000000000000004,3.502727300692893e-8,3.502727049901444e-8,6.745786455265284e-6
13.61,0.0127,3.8,1.7966203722378985e-8,1.7966176187128458e-8,6.745786455265284e-6
13.61,0.0127,3.98,5.045237965272718e-9,5.0452355725947235e-9,6.745786455265284e-6
13.61,0.0127,3.9998,4.981261581974446e-10,4.981259916223767e-10,6.745786455265284e-6
13.61,0.047,1.0000000000000001e-7,6.033885893995702e-6,6.0338860008118285e-6,6.033949037139911e-6
13.61,0.047,1.6426491045299075e-7,6.033859663839616e-6,6.0338597706616e-6,6.033949037139911e-6
13.61,0.047,2.698296080612907e-7,6.033822537428567e-6,6.033822644265818e-6,6.033949037139911e-6
13.61,0.047,4.432353640575351e-7,6.0337699882986805e-6,6.03377009511812e-6,6.033949037139911e-6
13.61,0.047,7.280801738650976e-7,6.033695609552471e-6,6.033695716434117e-6,6.033949037139911e-6
13.61,0.047,1.1959802456254818e-6,6.033590332571085e-6,6.033590439388723e-6,6.033949037139911e-6
13.61,0.047,1.9645758795121526e-6,6.033441320987859e-6,6.033441427941508e-6,6.033949037139911e-6
13.61,0.047,3.227108809261693e-6,6.03323040478185e-6,6.033230511652683e-6,6.033949037139911e-6
13.61,0.047,5.301007395754297e-6,6.0329318628967335e-6,6.032931969931007e-6,6.033949037139911e-6
13.61,0.047,8.707695051742211e-6,6.0325092824812145e-6,6.0325093895587964e-6,6.033949037139911e-6
13.61,0.047,1.4303687479263852e-5,6.031911108255308e-6,6.031911215314607e-6,6.033949037139911e-6
13.61,0.047,2.3495939429288417e-5,6.031064331224176e-6,6.031064438814515e-6,6.033949037139911e-6
13.61,0.047,3.8595583863609565e-5,6.02986552872423e-6,6.029865635698301e-6,6.033949037139911e-6
13.61,0.047,6.33990012723672e-5,6.028168121440258e-6,6.028168230017092e-6,6.033949037139911e-6
13.61,0.047,0.00010414231266814445,6.025764199319885e-6,6.0257643065094495e-6,6.033949037139911e-6
13.61,0.047,0.00017106927664800093,6.022358489426598e-6,6.0223585994865455e-6,6.033949037139911e-6
13.61,0.047,0.00028100679409841776,6.017530823617341e-6,6.01753093270213e-6,6.033949037139911e-6
13.61,0.047,0.00046159555869258604,6.010681502487431e-6,6.0106816140538225e-6,6.033949037139911e-6
13.61,0.047,0.0007582395311413588,6.000950669395138e-6,6.000950784972314e-6,6.033949037139911e-6
13.61,0.047,0.00124552148684853,5.98709713201094e-6,5.987097243720216e-6,6.033949037139911e-6
13.61,0.047,0.002045954755044497,5.967312031132863e-6,5.967312164950805e-6,6.033949037139911e-6
13.61,0.047,0.0033607857462825456,5.938924925868674e-6,5.938925036649866e-6,6.033949037139911e-6
13.61,0.047,0.005520591696647901,5.89792890510198e-6,5.897929085792689e-6,6.033949037139911e-6
13.61,0.047,0.009068395006973916,5.838201142683876e-6,5.838201279144819e-6,6.033949037139911e-6
13.61,0.047,0.01489619093772919,5.750226663288053e-6,5.750226941789943e-6,6.033949037139911e-6
13.61,0.047,0.024469214704767362,5.619081712851154e-6,5.6190820207030785e-6,6.033949037139911e-6
13.61,0.047,0.04019433362333615,5.42154976201222e-6,5.421550139555566e-6,6.033949037139911e-6
13.61,0.047,0.06602518613354949,5.122968972943578e-6,5.122969832599847e-6,6.033949037139911e-6
13.61,0.047,0.1084562128786955,4.6766844653781065e-6,4.676684758401141e-6,6.033949037139911e-6
13.61,0.047,0.17815550096589414,4.033772906785512e-6,4.0337742919204405e-6,6.033949037139911e-6
13.61,0.047,0.292646974128703,3.1754030660028973e-6,3.175403356182741e-6,6.033949037139911e-6
13.61,0.047,0.480716289995901,2.169609892825613e-6,2.1696101642457056e-6,6.033949037139911e-6
13.61,0.047,0.789648183294706,1.2045796764177112e-6,1.204579670899577e-6,6.033949037139911e-6
13.61,0.047,1.297114881182717,5.035689211514295e-7,5.035685305339134e-7,6.033949037139911e-6
13.61,0.047,2.1307045980472066,1.4537557493982888e-7,1.4537534357624272e-7,6.033949037139911e-6
13.61,0.047,3.5000000000000004,2.07523188156885e-8,2.0752310571087357e-8,6.033949037139911e-6
13.61,0.047,3.8,1.0466055355917375e-8,1.046603898626851e-8,6.033949037139911e-6
13.61,0.047,3.98,2.911981730197937e-9,2.9119815264267838e-9,6.033949037139911e-6
13.61,0.047,3.9998,2.8722400953652925e-10,2.87224000904242e-10,6.033949037139911e-6
13.61,0.173,1.0000000000000001e-7,4.203009572778519e-6,4.203009592826319e-6,4.20306467124053e-6
13.61,0.173,1.6426491045299075e-7,4.202986684432194e-6,4.202986704468194e-6,4.20306467124053e-6
13.61,0.173,2.698296080612907e-7,4.2029542880316515e-6,4.202954308090794e-6,4.20306467124053e-6
13.61,0.173,4.432353640575351e-7,4.202908433767428e-6,4.202908453822422e-6,4.20306467124053e-6
13.61,0.173,7.280801738650976e-7,4.202843530924466e-6,4.202843550991035e-6,4.20306467124053e-6
13.61,0.173,1.1959802456254818e-6,4.202751666072108e-6,4.202751686179862e-6,4.20306467124053e-6
13.61,0.173,1.9645758795121526e-6,4.20262163780821e-6,4.202621657867364e-6,4.20306467124053e-6
13.61,0.173,3.227108809261693e-6,4.202437590029433e-6,4.2024376102462355e-6,4.20306467124053e-6
13.61,0.173,5.301007395754297e-6,4.202177076304543e-6,4.2021770963626556e-6,4.20306467124053e-6
13.61,0.173,8.707695051742211e-6,4.201808317544051e-6,4.201808337934746e-6,4.20306467124053e-6
13.61,0.173,1.4303687479263852e-5,4.20128631447248e-6,4.201286334672626e-6,4.20306467124053e-6
13.61,0.173,2.3495939429288417e-5,4.200547331487805e-6,4.200547352067476e-6,4.20306467124053e-6
13.61,0.173,3.8595583863609565e-5,4.199501057954385e-6,4.199501078685759e-6,4.20306467124053e-6
13.61,0.173,6.33990012723672e-5,4.198019442888599e-6,4.1980194635141815e-6,4.20306467124053e-6
13.61,0.173,0.00010414231266814445,4.195920733333272e-6,4.19592075538916e-6,4.20306467124053e-6
13.61,0.173,0.00017106927664800093,4.1929465290098e-6,4.192946549421403e-6,4.20306467124053e-6
13.61,0.173,0.00028100679409841776,4.1887285234646285e-6,4.188728548195501e-6,4.20306467124053e-6
13.61,0.173,0.00046159555869258604,4.182739716945061e-6,4.1827397380609505e-6,4.20306467124053e-6
13.61,0.173,0.0007582395311413588,4.174221664856686e-6,4.174221694160279e-6,4.20306467124053e-6
13.61,0.173,0.00124552148684853,4.1620736658081796e-6,4.16207369303608e-6,4.20306467124053e-6
13.61,0.173,0.002045954755044497,4.144679718000704e-6,4.14467975333446e-6,4.20306467124053e-6
13.61,0.173,0.0033607857462825456,4.119631310434543e-6,4.119631363006932e-6,4.20306467124053e-6
13.61,0.173,0.005520591696647901,4.083274193869283e-6,4.083274231205026e-6,4.20306467124053e-6
13.61,0.173,0.009068395006973916,4.029962302599181e-6,4.029962441050018e-6,4.20306467124053e-6
13.61,0.173,0.01489619093772919,3.9508527702662006e-6,3.950852803605124e-6,4.20306467124053e-6
13.61,0.173,0.024469214704767362,3.832085292110701e-6,3.832085646733777e-6,4.20306467124053e-6
13.61,0.173,0.04019433362333615,3.65246773538859e-6,3.6524678866692784e-6,4.20306467124053e-6
13.61,0.173,0.06602518613354949,3.3818636406833603e-6,3.3818642541679017e-6,4.20306467124053e-6
13.61,0.173,0.1084562128786955,2.9841984311038336e-6,2.9841990402053497e-6,4.20306467124053e-6
13.61,0.173,0.17815550096589414,2.433227005785279e-6,2.4332274384269267e-6,4.20306467124053e-6
13.61,0.173,0.292646974128703,1.7485689406973136e-6,1.7485695795535421e-6,4.20306467124053e-6
13.61,0.173,0.480716289995901,1.035689716803902e-6,1.0356898032484679e-6,4.20306467124053e-6
13.61,0.173,0.789648183294706,4.6442262316381306e-7,4.644223712594784e-7,4.20306467124053e-6
13.61,0.173,1.297114881182717,1.4376371546240234e-7,1.4376373220282005e-7,4.20306467124053e-6
13.61,0.173,2.1307045980472066,2.8137385667936975e-8,2.8137280944617574e-8,4.20306467124053e-6
13.61,0.173,3.5000000000000004,2.599969368872607e-9,2.599963426323336e-9,4.20306467124053e-6
13.61,0.173,3.8,1.2243589054365138e-9,1.2243566574659418e-9,4.20306467124053e-6
13.61,0.173,3.98,3.2821621179634947e-10,3.2821541266615744e-10,4.20306467124053e-6
13.61,0.173,3.9998,3.224705957420168e-11,3.224698584593423e-11,4.20306467124053e-6
13.61,0.61,1.0000000000000001e-7,1.8127594857861532e-6,1.8127594664025365e-6,1.8128032753396818e-6
13.61,0.61,1.6426491045299075e-7,1.8127412951958387e-6,1.8127412758052407e-6,1.8128032753396818e-6
13.61,0.61,2.698296080612907e-7,1.8127155479738353e-6,1.8127155286128531e-6,1.8128032753396818e-6
13.61,0.61,4.432353640575351e-7,1.8126791048686471e-6,1.8126790854997576e-6,1.8128032753396818e-6
13.61,0.61,7.280801738650976e-7,1.8126275223343731e-6,1.812627503008285e-6,1.8128032753396818e-6
13.61,0.61,1.1959802456254818e-6,1.8125545104207886e-6,1.8125544911135113e-6,1.8128032753396818e-6
13.61,0.61,1.9645758795121526e-6,1.8124511650808815e-6,1.8124511458007027e-6,1.8128032753396818e-6
13.61,0.61,3.227108809261693e-6,1.8123048806874728e-6,1.812304861522875e-6,1.8128032753396818e-6
13.61,0.61,5.301007395754297e-6,1.812097808773716e-6,1.8120977895578266e-6,1.8128032753396818e-6
13.61,0.61,8.707695051742211e-6,1.8118046718957194e-6,1.8118046530139636e-6,1.8128032753396818e-6
13.61,0.61,1.4303687479263852e-5,1.8113896588331858e-6,1.811389639798975e-6,1.8128032753396818e-6
13.61,0.61,2.3495939429288417e-5,1.8108020061959672e-6,1.8108019878006998e-6,1.8128032753396818e-6
13.61,0.61,3.8595583863609565e-5,1.8099696908788092e-6,1.8099696724573469e-6,1.8128032753396818e-6
13.61,0.61,6.33990012723672e-5,1.8087903820110769e-6,1.8087903643461958e-6,1.8128032753396818e-6
13.61,0.61,0.00010414231266814445,1.8071183669379191e-6,1.8071183501820573e-6,1.8128032753396818e-6
13.61,0.61,0.00017106927664800093,1.8047454578583477e-6,1.8047454412196067e-6,1.8128032753396818e-6
13.61,0.61,0.00028100679409841776,1.8013726885431424e-6,1.801372675862829e-6,1.8128032753396818e-6
13.61,0.61,0.00046159555869258604,1.796567521157905e-6,1.7965675065598906e-6,1.8128032753396818e-6
13.61,0.61,0.0007582395311413588,1.7896975647209282e-6,1.7896975617254826e-6,1.8128032753396818e-6
13.61,0.61,0.00124552148684853,1.779825188113156e-6,1.7798251821072898e-6,1.8128032753396818e-6
13.61,0.61,0.002045954755044497,1.7655359721899803e-6,1.765535991745486e-6,1.8128032753396818e-6
13.61,0.61,0.0033607857462825456,1.7446557099656412e-6,1.7446557411868937e-6,1.8128032753396818e-6
13.61,0.61,0.005520591696647901,1.7137869511105094e-6,1.7137870172800734e-6,1.8128032753396818e-6
13.61,0.61,0.009068395006973916,1.667583336210962e-6,1.6675835037005046e-6,1.8128032753396818e-6
13.61,0.61,0.01489619093772919,1.5977426673939373e-6,1.5977428123112489e-6,1.8128032753396818e-6
13.61,0.61,0.024469214704767362,1.4920205595981082e-6,1.4920210790517111e-6,1.8128032753396818e-6
13.61,0.61,0.04019433362333615,1.334520429606232e-6,1.3345207546779251e-6,1.8128032753396818e-6
13.61,0.61,0.06602518613354949,1.110424211476987e-6,1.1104251511209811e-6,1.8128032753396818e-6
13.61,0.61,0.1084562128786955,8.197865551597452e-7,8.197872231961573e-7,1.8128032753396818e-6
13.61,0.61,0.17815550096589414,4.989338376792978e-7,4.989345422517245e-7,1.8128032753396818e-6
13.61,0.61,0.292646974128703,2.2487657647517464e-7,2.248769847289102e-7,1.8128032753396818e-6
13.61,0.61,0.480716289995901,6.503004410621753e-8,6.503016845582862e-8,1.8128032753396818e-6
13.61,0.61,0.789648183294706,1.0192784428481441e-8,1.0192798667188213e-8,1.8128032753396818e-6
13.61,0.61,1.297114881182717,7.364493167437086e-10,7.364518064438984e-10,1.8128032753396818e-6
13.61,0.61,2.1307045980472066,2.2033754266238616e-11,2.2033503697592527e-11,1.8128032753396818e-6
13.61,0.61,3.5000000000000004,2.4102315500199617e-13,2.410202379245365e-13,1.8128032753396818e-6
13.61,0.61,3.8,8.203295819275171e-14,8.202959368530549e-14,1.8128032753396818e-6
13.61,0.61,3.98,1.8559181306473517e-14,1.8558256904889256e-14,1.8128032753396818e-6
13.61,0.61,3.9998,1.7917687120048073e-15,1.7916868120535224e-15,1.8128032753396818e-6
13.61,1.73,1.0000000000000001e-7,6.93848739439378e-7,6.938487437917914e-7,6.938936784546768e-7
13.61,1.73,1.6426491045299075e-7,6.938300710539426e-7,6.938300754162535e-7,6.938936784546768e-7
13.61,1.73,2.698296080612907e-7,6.938036471633648e-7,6.938036515135768e-7,6.938936784546768e-7
13.61,1.73,4.432353640575351e-7,6.937662453879491e-7,6.937662497769321e-7,6.938936784546768e-7
13.61,1.73,7.280801738650976e-7,6.937133038518404e-7,6.937133082290554e-7,6.938936784546768e-7
13.61,1.73,1.1959802456254818e-6,6.936383635836304e-7,6.936383680092036e-7,6.938936784546768e-7
13.61,1.73,1.9645758795121526e-6,6.935322777875683e-7,6.935322822436359e-7,6.938936784546768e-7
13.61,1.73,3.227108809261693e-6,6.933820892284303e-7,6.933820936941144e-7,6.938936784546768e-7
13.61,1.73,5.301007395754297e-6,6.931694335362425e-7,6.931694381751211e-7,6.938936784546768e-7
13.61,1.73,8.707695051742211e-6,6.92868261767873e-7,6.92868266286616e-7,6.938936784546768e-7
13.61,1.73,1.4303687479263852e-5,6.924415777166699e-7,6.924415827182196e-7,6.938936784546768e-7
13.61,1.73,2.3495939429288417e-5,6.918367325829539e-7,6.918367373316704e-7,6.938936784546768e-7
13.61,1.73,3.8595583863609565e-5,6.909785723314124e-7,6.909785779722477e-7,6.938936784546768e-7
13.61,1.73,6.33990012723672e-5,6.897593180357131e-7,6.897593237055705e-7,6.938936784546768e-7
13.61,1.73,0.00010414231266814445,6.880233391937524e-7,6.880233458754941e-7,6.938936784546768e-7
13.61,1.73,0.00017106927664800093,6.855437001622222e-7,6.855437088460765e-7,6.938936784546768e-7
13.61,1.73,0.00028100679409841776,6.819850720193149e-7,6.819850804232567e-7,6.938936784546768e-7
13.61,1.73,0.00046159555869258604,6.768435941236168e-7,6.768436121860461e-7,6.938936784546768e-7
13.61,1.73,0.0007582395311413588,6.693476780189865e-7,6.693476911809758e-7,6.938936784546768e-7
13.61,1.73,0.00124552148684853,6.582944674275941e-7,6.582945123521481e-7,6.938936784546768e-7
13.61,1.73,0.002045954755044497,6.417888711116452e-7,6.417889098523585e-7,6.938936784546768e-7
13.61,1.73,0.0033607857462825456,6.168646890590652e-7,6.168647936880393e-7,6.938936784546768e-7
13.61,1.73,0.005520591696647901,5.790587686766624e-7,5.790589093966038e-7,6.938936784546768e-7
13.61,1.73,0.009068395006973916,5.223143960210436e-7,5.223145764755789e-7,6.938936784546768e-7
13.61,1.73,0.01489619093772919,4.4028969519479634e-7,4.402900562985315e-7,6.938936784546768e-7
13.61,1.73,0.024469214704767362,3.3100178663783e-7,3.310019881352708e-7,6.938936784546768e-7
13.61,1.73,0.04019433362333615,2.0553038629608652e-7,2.0553081887179335e-7,6.938936784546768e-7
13.61,1.73,0.06602518613354949,9.327653474682954e-8,9.32766736368612e-8,6.938936784546768e-7
13.61,1.73,0.1084562128786955,2.5639302778292338e-8,2.5639402360101543e-8,6.938936784546768e-7
13.61,1.73,0.17815550096589414,3.241410425288591e-9,3.241423339395315e-9,6.938936784546768e-7
13.61,1.73,0.292646974128703,1.2944725980846617e-10,1.2944787937835267e-10,6.938936784546768e-7
13.61,1.73,0.480716289995901,1.0311011777713675e-12,1.0311064855236252e-12,6.938936784546768e-7
13.61,1.73,0.789648183294706,1.0209964934247555e-15,1.021004029548282e-15,6.938936784546768e-7
13.61,1.73,1.297114881182717,8.788112123525645e-20,8.788156062205837e-20,6.938936784546768e-7
13.61,1.73,2.1307045980472066,5.884054195203335e-25,5.88413874191536e-25,6.938936784546768e-7
13.61,1.73,3.5000000000000004,3.6617743255517237e-31,3.6016648653672935e-31,6.938936784546768e-7
13.61,1.73,3.8,2.607859065528187e-32,2.6099925244345766e-32,6.938936784546768e-7
13.61,1.73,3.98,2.7561914556119613e-33,2.8271692611747512e-33,6.938936784546768e-7
13.61,1.73,3.9998,2.472892339576495e-34,2.541247569250025e-34,6.938936784546768e-7
13.61,4.71,1.0000000000000001e-7,2.6666930958816986e-7,2.6666820489560265e-7,2.6673614254981814e-7
13.61,4.71,1.6426491045299075e-7,2.6664154275675823e-7,2.6664043462874636e-7,2.6673614254981814e-7
13.61,4.71,2.698296080612907e-7,2.6660223624985823e-7,2.666011221071202e-7,2.6673614254981814e-7
13.61,4.71,4.432353640575351e-7,2.665465897535655e-7,2.665454672131768e-7,2.6673614254981814e-7
13.61,4.71,7.280801738650976e-7,2.6646780032161586e-7,2.664666657702904e-7,2.6673614254981814e-7
13.61,4.71,1.1959802456254818e-6,2.66356219590819e-7,2.6635506804554296e-7,2.6673614254981814e-7
13.61,4.71,1.9645758795121526e-6,2.6619814724776676e-7,2.66196971458215e-7,2.6673614254981814e-7
13.61,4.71,3.227108809261693e-6,2.6597409284761487e-7,2.659728822906356e-7,2.6673614254981814e-7
13.61,4.71,5.301007395754297e-6,2.6565624826916e-7,2.65654988030644e-7,2.6673614254981814e-7
13.61,4.71,8.707695051742211e-6,2.652047630551304e-7,2.652034301457018e-7,2.6673614254981814e-7
13.61,4.71,1.4303687479263852e-5,2.645621554516319e-7,2.6456071719249235e-7,2.6673614254981814e-7
13.61,4.71,2.3495939429288417e-5,2.636447318037427e-7,2.636431349920146e-7,2.6673614254981814e-7
13.61,4.71,3.8595583863609565e-5,2.6232906326827067e-7,2.623272280888092e-7,2.6673614254981814e-7
13.61,4.71,6.33990012723672e-5,2.604301170003927e-7,2.6042790898362605e-7,2.6673614254981814e-7
13.61,4.71,0.00010414231266814445,2.576652166340165e-7,2.576624165772462e-7,2.6673614254981814e-7
13.61,4.71,0.00017106927664800093,2.535944750039454e-7,2.5359071558852726e-7,2.6673614254981814e-7
13.61,4.71,0.00028100679409841776,2.4752491630518335e-7,2.475195678006527e-7,2.6673614254981814e-7
13.61,4.71,0.00046159555869258604,2.3836831673288995e-7,2.3836040795110907e-7,2.6673614254981814e-7
13.61,4.71,0.0007582395311413588,2.244717041381425e-7,2.244596848581607e-7,2.6673614254981814e-7
13.61,4.71,0.00124552148684853,2.0354301524265237e-7,2.0352506781935217e-7,2.6673614254981814e-7
13.61,4.71,0.002045954755044497,1.7304783909732912e-7,1.7302224329171294e-7,2.6673614254981814e-7
13.61,4.71,0.0033607857462825456,1.3181754747366765e-7,1.3178494309285402e-7,2.6673614254981814e-7
13.61,4.71,0.005520591696647901,8.337022953626481e-8,8.333585491110481e-8,2.6673614254981814e-7
13.61,4.71,0.009068395006973916,3.861589798927825e-8,3.8589537921978196e-8,2.6673614254981814e-7
13.61,4.71,0.01489619093772919,1.0684590052357316e-8,1.067264181406685e-8,2.6673614254981814e-7
13.61,4.71,0.024469214704767362,1.2750179901683209e-9,1.2726904842074535e-9,2.6673614254981814e-7
13.61,4.71,0.04019433362333615,3.9347604648859464e-11,3.9231993065340687e-11,2.6673614254981814e-7
13.61,4.71,0.06602518613354949,1.4369922981207322e-13,1.4302501730403863e-13,2.6673614254981814e-7
13.61,4.71,0.1084562128786955,1.9767342905930827e-17,1.9622240333610764e-17,2.6673614254981814e-7
13.61,4.71,0.17815550096589414,2.1405624318309134e-23,2.1165540675206403e-23,2.6673614254981814e-7
13.61,4.71,0.292646974128703,2.6735778119784927e-32,2.629272395120507e-32,2.6673614254981814e-7
13.61,4.71,0.480716289995901,5.315536083825893e-45,5.19062274351669e-45,2.6673614254981814e-7
13.61,4.71,0.789648183294706,3.737347249655292e-62,3.6183966772612092e-62,2.6673614254981814e-7
13.61,4.71,1.297114881182717,5.784041204511942e-84,5.545702677712808e-84,2.6673614254981814e-7
13.61,4.71,2.1307045980472066,4.1953512653952175e-110,3.978381930476777e-110,2.6673614254981814e-7
13.61,4.71,3.5000000000000004,7.596762858596566e-140,4.0635593978791984e-140,2.6673614254981814e-7
13.61,4.71,3.8,4.6271944964572735e-145,4.1516107912238315e-145,2.6673614254981814e-7
13.61,4.71,3.98,3.882079764865676e-148,1.498590770386301e-147,2.6673614254981814e-7
13.61,4.71,3.9998,2.3190305642913455e-149,1.008041893419709e-148,2.6673614254981814e-7
14.13,0.00113,1.0000000000000001e-7,2.600583834974249e-5,2.600584020198338e-5,2.6006233531468968e-5
14.13,0.00113,1.6426491045299075e-7,2.6005674187960548e-5,2.600567604188781e-5,2.6006233531468968e-5
14.13,0.00113,2.698296080612907e-7,2.600544183155674e-5,2.600544368755802e-5,2.6006233531468968e-5
14.13,0.00113,4.432353640575351e-7,2.6005112951138557e-5,2.6005114810407782e-5,2.6006233531468968e-5
14.13,0.00113,7.280801738650976e-7,2.6004647447948553e-5,2.6004649311597237e-5,2.6006233531468968e-5
14.13,0.00113,1.1959802456254818e-6,2.600398856330033e-5,2.600399043312038e-5,2.6006233531468968e-5
14.13,0.00113,1.9645758795121526e-6,2.600305595449966e-5,2.6003057833587198e-5,2.6006233531468968e-5
14.13,0.00113,3.227108809261693e-6,2.600173588999361e-5,2.6001737780789357e-5,2.6006233531468968e-5
14.13,0.00113,5.301007395754297e-6,2.59998673612798e-5,2.599986927127172e-5,2.6006233531468968e-5
14.13,0.00113,8.707695051742211e-6,2.5997222402171934e-5,2.599722433538164e-5,2.6006233531468968e-5
14.13,0.00113,1.4303687479263852e-5,2.59934781790533e-5,2.5993480150460478e-5,2.6006233531468968e-5
14.13,0.00113,2.3495939429288417e-5,2.598817736550258e-5,2.598817938534852e-5,2.6006233531468968e-5
14.13,0.00113,3.8595583863609565e-5,2.5980671780419218e-5,2.5980673873512166e-5,2.6006233531468968e-5
14.13,0.00113,6.33990012723672e-5,2.597004199100847e-5,2.5970044187471303e-5,2.6006233531468968e-5
14.13,0.00113,0.00010414231266814445,2.5954982124111718e-5,2.5954984459613485e-5,2.6006233531468968e-5
14.13,0.00113,0.00017106927664800093,2.593363372601909e-5,2.593363628238361e-5,2.6006233531468968e-5
14.13,0.00113,0.00028100679409841776,2.5903343772847912e-5,2.59033466012302e-5,2.6006233531468968e-5
14.13,0.00113,0.00046159555869258604,2.586030728152732e-5,2.5860310577584e-5,2.6006233531468968e-5
14.13,0.00113,0.0007582395311413588,2.579902959118592e-5,2.5799033464566877e-5,2.6006233531468968e-5
14.13,0.00113,0.00124552148684853,2.5711498448889058e-5,2.57115033062013e-5,2.6006233531468968e-5
14.13,0.00113,0.002045954755044497,2.558587617645401e-5,2.5585882387680796e-5,2.6006233531468968e-5
14.13,0.00113,0.0033607857462825456,2.5404383645355623e-5,2.5404391974624558e-5,2.6006233531468968e-5
14.13,0.00113,0.005520591696647901,2.5139823813227075e-5,2.5139835663042878e-5,2.6006233531468968e-5
14.13,0.00113,0.009068395006973916,2.4749888850870754e-5,2.474990550573157e-5,2.6006233531468968e-5
14.13,0.00113,0.01489619093772919,2.4168178247392943e-5,2.4168204541837887e-5,2.6006233531468968e-5
14.13,0.00113,0.024469214704767362,2.3291419045392103e-5,2.329145704386128e-5,2.6006233531468968e-5
14.13,0.00113,0.04019433362333615,2.1965739813702288e-5,2.1965801267501497e-5,2.6006233531468968e-5
14.13,0.00113,0.06602518613354949,1.9985270585774265e-5,1.9985358417060245e-5,2.6006233531468968e-5
14.13,0.00113,0.1084562128786955,1.7138093589234453e-5,1.7138217036639485e-5,2.6006233531468968e-5
14.13,0.00113,0.17815550096589414,1.3355061861429736e-5,1.335521223546331e-5,2.6006233531468968e-5
14.13,0.00113,0.292646974128703,8.965366390999264e-6,8.965515068024677e-6,2.6006233531468968e-5
14.13,0.00113,0.480716289995901,4.830846467721071e-6,4.830957496042732e-6,2.6006233531468968e-5
14.13,0.00113,0.789648183294706,1.9268966265308334e-6,1.926953367274496e-6,2.6006233531468968e-5
14.13,0.00113,1.297114881182717,5.279732730042129e-7,5.279894344645861e-7,2.6006233531468968e-5
14.13,0.00113,2.1307045980472066,9.390485852847438e-8,9.390749640065723e-8,2.6006233531468968e-5
14.13,0.00113,3.5000000000000004,8.352822697125387e-9,8.352898918684266e-9,2.6006233531468968e-5
14.13,0.00113,3.8,3.933130589143423e-9,3.933151692675319e-9,2.6006233531468968e-5
14.13,0.00113,3.98,1.0549964922582786e-9,1.0550013593210057e-9,2.6006233531468968e-5
14.13,0.00113,3.9998,1.0366212136510808e-10,1.0366257903802195e-10,2.6006233531468968e-5
14.13,0.0037,1.0000000000000001e-7,2.5780576702750754e-5,2.5780576782382632e-5,2.5780970464644498e-5
14.13,0.0037,1.6426491045299075e-7,2.578041313077587e-5,2.5780413210512723e-5,2.5780970464644498e-5
14.13,0.0037,2.698296080612907e-7,2.5780181609187145e-5,2.5780181688916086e-5,2.5780970464644498e-5
14.13,0.0037,4.432353640575351e-7,2.577985391036755e-5,2.5779853990124624e-5,2.5780970464644498e-5
14.13,0.0037,7.280801738650976e-7,2.5779390079609976e-5,2.5779390159599634e-5,2.5780970464644498e-5
14.13,0.0037,1.1959802456254818e-6,2.577873356211007e-5,2.5778733641808077e-5,2.5780970464644498e-5
14.13,0.0037,1.9645758795121526e-6,2.577780430373179e-5,2.5777804384242046e-5,2.5780970464644498e-5
14.13,0.0037,3.227108809261693e-6,2.5776488981308486e-5,2.57764890610106e-5,2.5780970464644498e-5
14.13,0.0037,5.301007395754297e-6,2.577462716427697e-5,2.5774627245574194e-5,2.5780970464644498e-5
14.13,0.0037,8.707695051742211e-6,2.577199170425695e-5,2.577199178470899e-5,2.5780970464644498e-5
14.13,0.0037,1.4303687479263852e-5,2.5768260924676777e-5,2.5768261006716997e-5,2.5780970464644498e-5
14.13,0.0037,2.3495939429288417e-5,2.5762979135714227e-5,2.576297921883176e-5,2.5780970464644498e-5
14.13,0.0037,3.8595583863609565e-5,2.5755500470276447e-5,2.5755500552182592e-5,2.5780970464644498e-5
14.13,0.0037,6.33990012723672e-5,2.5744908765385154e-5,2.5744908854904574e-5,2.5780970464644498e-5
14.13,0.0037,0.00010414231266814445,2.572990276398952e-5,2.572990284454873e-5,2.5780970464644498e-5
14.13,0.0037,0.00017106927664800093,2.5708630519867114e-5,2.570863062167864e-5,2.5780970464644498e-5
14.13,0.0037,0.00028100679409841776,2.56784481636976e-5,2.5678448248313962e-5,2.5780970464644498e-5
14.13,0.0037,0.00046159555869258604,2.563556355182199e-5,2.5635563672885285e-5,2.5780970464644498e-5
14.13,0.0037,0.0007582395311413588,2.5574499955694858e-5,2.557450007073882e-5,2.5780970464644498e-5
14.13,0.0037,0.00124552148684853,2.5487270034306705e-5,2.5487270176410014e-5,2.5780970464644498e-5
14.13,0.0037,0.002045954755044497,2.5362070516604602e-5,2.5362070749523358e-5,2.5780970464644498e-5
14.13,0.0037,0.0033607857462825456,2.518116961676562e-5,2.5181169755360297e-5,2.5780970464644498e-5
14.13,0.0037,0.005520591696647901,2.4917435769280512e-5,2.4917436385166964e-5,2.5780970464644498e-5
14.13,0.0037,0.009068395006973916,2.452865436343527e-5,2.452865449156775e-5,2.5780970464644498e-5
14.13,0.0037,0.01489619093772919,2.3948568024045618e-5,2.3948569602441767e-5,2.5780970464644498e-5
14.13,0.0037,0.024469214704767362,2.3074154489804165e-5,2.3074155244838997e-5,2.5780970464644498e-5
14.13,0.0037,0.04019433362333615,2.1752049437490225e-5,2.1752052246592528e-5,2.5780970464644498e-5
14.13,0.0037,0.06602518613354949,1.9777491087892537e-5,1.9777494373372925e-5,2.5780970464644498e-5
14.13,0.0037,0.1084562128786955,1.694089530327848e-5,1.694089735812664e-5,2.5780970464644498e-5
14.13,0.0037,0.17815550096589414,1.3177226775810112e-5,1.3177231163065689e-5,2.5780970464644498e-5
14.13,0.0037,0.292646974128703,8.820344864446257e-6,8.820345023983435e-6,2.5780970464644498e-5
14.13,0.0037,0.480716289995901,4.731800956277161e-6,4.731799793326307e-6,2.5780970464644498e-5
14.13,0.0037,0.789648183294706,1.8754583948905196e-6,1.8754582662287884e-6,2.5780970464644498e-5
14.13,0.0037,1.297114881182717,5.095069206437425e-7,5.095059685099822e-7,2.5780970464644498e-5
14.13,0.0037,2.1307045980472066,8.966553573567628e-8,8.96653959830247e-8,2.5780970464644498e-5
14.13,0.0037,3.5000000000000004,7.885655637494322e-9,7.885649964134153e-9,2.5780970464644498e-5
14.13,0.0037,3.8,3.7067423659033127e-9,3.706736910009873e-9,2.5780970464644498e-5
14.13,0.0037,3.98,9.933507472968039e-10,9.933516829831892e-10,2.5780970464644498e-5
14.13,0.0037,3.9998,9.759543865960319e-11,9.759555376610665e-11,2.5780970464644498e-5
14.13,0.0127,1.0000000000000001e-7,2.5014277614765026e-5,2.5014277675659618e-5,2.5014666511330693e-5
14.13,0.0127,1.6426491045299075e-7,2.5014116063876474e-5,2.501411612471009e-5,2.5014666511330693e-5
14.13,0.0127,2.698296080612907e-7,2.5013887402940623e-5,2.50138874638807e-5,2.5014666511330693e-5
14.13,0.0127,4.432353640575351e-7,2.5013563753093113e-5,2.50135638140753e-5,2.5014666511330693e-5
14.13,0.0127,7.280801738650976e-7,2.5013105653241834e-5,2.5013105714170855e-5,2.5014666511330693e-5
14.13,0.0127,1.1959802456254818e-6,2.5012457247220986e-5,2.501245730856426e-5,2.5014666511330693e-5
14.13,0.0127,1.9645758795121526e-6,2.5011539469689106e-5,2.5011539530511872e-5,2.5014666511330693e-5
14.13,0.0127,3.227108809261693e-6,2.5010240396881278e-5,2.501024045888511e-5,2.5014666511330693e-5
14.13,0.0127,5.301007395754297e-6,2.5008401578626013e-5,2.500840163957688e-5,2.5014666511330693e-5
14.13,0.0127,8.707695051742211e-6,2.5005798668849123e-5,2.5005798731726936e-5,2.5014666511330693e-5
14.13,0.0127,1.4303687479263852e-5,2.5002113955672632e-5,2.50021140178992e-5,2.5014666511330693e-5
14.13,0.0127,2.3495939429288417e-5,2.499689735707112e-5,2.4996897420481937e-5,2.5014666511330693e-5
14.13,0.0127,3.8595583863609565e-5,2.498951093461255e-5,2.4989511000767536e-5,2.5014666511330693e-5
14.13,0.0127,6.33990012723672e-5,2.4979049728333582e-5,2.4979049790837146e-5,2.5014666511330693e-5
14.13,0.0127,0.00010414231266814445,2.4964228295512845e-5,2.4964228370456863e-5,2.5014666511330693e-5
14.13,0.0127,0.00017106927664800093,2.4943216981024638e-5,2.4943217041983546e-5,2.5014666511330693e-5
14.13,0.0127,0.00028100679409841776,2.4913403267824092e-5,2.4913403358741143e-5,2.5014666511330693e-5
14.13,0.0127,0.00046159555869258604,2.4871038971136705e-5,2.4871039041630554e-5,2.5014666511330693e-5
14.13,0.0127,0.0007582395311413588,2.48107087312439e-5,2.4810708845286245e-5,2.5014666511330693e-5
14.13,0.0127,0.00124552148684853,2.472451040916645e-5,2.4724510533594566e-5,2.5014666511330693e-5
14.13,0.0127,0.002045954755044497,2.4600758314587923e-5,2.4600758445800374e-5,2.5014666511330693e-5
14.13,0.0127,0.0033607857462825456,2.442188229525599e-5,2.4421882622578003e-5,2.5014666511330693e-5
14.13,0.0127,0.005520591696647901,2.4160974168593492e-5,2.4160974262949635e-5,2.5014666511330693e-5
14.13,0.0127,0.009068395006973916,2.377613747379273e-5,2.3776138423024745e-5,2.5014666511330693e-5
14.13,0.0127,0.01489619093772919,2.3201604811304297e-5,2.3201604950432457e-5,2.5014666511330693e-5
14.13,0.0127,0.024469214704767362,2.2335217411951634e-5,2.2335219632881278e-5,2.5014666511330693e-5
14.13,0.0127,0.04019433362333615,2.1025369852573473e-5,2.1025371193110553e-5,2.5014666511330693e-5
14.13,0.0127,0.06602518613354949,1.9071160538415594e-5,1.907116341934084e-5,2.5014666511330693e-5
14.13,0.0127,0.1084562128786955,1.627113320171913e-5,1.6271137201947432e-5,2.5014666511330693e-5
14.13,0.0127,0.17815550096589414,1.2574490055757091e-5,1.2574490902686036e-5,2.5014666511330693e-5
14.13,0.0127,0.292646974128703,8.330945485915571e-6,8.330947109662723e-6,2.5014666511330693e-5
14.13,0.0127,0.480716289995901,4.400170825096039e-6,4.400170870787022e-6,2.5014666511330693e-5
14.13,0.0127,0.789648183294706,1.7053804177467313e-6,1.7053787247364915e-6,2.5014666511330693e-5
14.13,0.0127,1.297114881182717,4.495312190398552e-7,4.4953109444123675e-7,2.5014666511330693e-5
14.13,0.0127,2.1307045980472066,7.620571318619016e-8,7.62054770456875e-8,2.5014666511330693e-5
14.13,0.0127,3.5000000000000004,6.438345132347797e-9,6.438329819069317e-9,2.5014666511330693e-5
14.13,0.0127,3.8,3.008020632620617e-9,3.0080211101903768e-9,2.5014666511330693e-5
14.13,0.0127,3.98,8.034749529964205e-10,8.034742449529549e-10,2.5014666511330693e-5
14.13,0.0127,3.9998,7.8913373586447e-11,7.891329825747082e-11,2.5014666511330693e-5
14.13,0.047,1.0000000000000001e-7,2.2386860581135903e-5,2.238686069462101e-5,2.238723236320545e-5
14.13,0.047,1.6426491045299075e-7,2.2386706139708883e-5,2.238670625310128e-5,2.238723236320545e-5
14.13,0.047,2.698296080612907e-7,2.2386487541527317e-5,2.2386487655122767e-5,2.238723236320545e-5
14.13,0.047,4.432353640575351e-7,2.2386178134509143e-5,2.2386178247974146e-5,2.238723236320545e-5
14.13,0.047,7.280801738650976e-7,2.2385740193910952e-5,2.2385740307636797e-5,2.238723236320545e-5
14.13,0.047,1.1959802456254818e-6,2.2385120321097856e-5,2.2385120434859954e-5,2.238723236320545e-5
14.13,0.047,1.9645758795121526e-6,2.238424292888396e-5,2.238424304266764e-5,2.238723236320545e-5
14.13,0.047,3.227108809261693e-6,2.238300101593558e-5,2.2383001130448483e-5,2.238723236320545e-5
14.13,0.047,5.301007395754297e-6,2.2381243098012665e-5,2.2381243211685886e-5,2.238723236320545e-5
14.13,0.047,8.707695051742211e-6,2.2378754685682316e-5,2.2378754801651928e-5,2.238723236320545e-5
14.13,0.047,1.4303687479263852e-5,2.2375232011454104e-5,2.2375232125377915e-5,2.238723236320545e-5
14.13,0.047,2.3495939429288417e-5,2.237024471500977e-5,2.237024483315738e-5,2.238723236320545e-5
14.13,0.047,3.8595583863609565e-5,2.236318273790086e-5,2.2363182854357323e-5,2.238723236320545e-5
14.13,0.047,6.33990012723672e-5,2.2353180505431807e-5,2.2353180625705186e-5,2.238723236320545e-5
14.13,0.047,0.00010414231266814445,2.23390081529142e-5,2.2339008277650227e-5,2.238723236320545e-5
14.13,0.047,0.00017106927664800093,2.2318914324417846e-5,2.2318914444783772e-5,2.238723236320545e-5
14.13,0.047,0.00028100679409841776,2.229039654252006e-5,2.2290396687734878e-5,2.238723236320545e-5
14.13,0.047,0.00046159555869258604,2.224986072418708e-5,2.2249860842858887e-5,2.238723236320545e-5
14.13,0.047,0.0007582395311413588,2.2192106266940675e-5,2.2192106456741046e-5,2.238723236320545e-5
14.13,0.047,0.00124552148684853,2.2109528455345775e-5,2.2109528596265e-5,2.238723236320545e-5
14.13,0.047,0.002045954755044497,2.1990850709191657e-5,2.1990850985915383e-5,2.238723236320545e-5
14.13,0.047,0.0033607857462825456,2.181906314808363e-5,2.1819063438032184e-5,2.238723236320545e-5
14.13,0.047,0.005520591696647901,2.156802968361611e-5,2.1568030081142595e-5,2.238723236320545e-5
14.13,0.047,0.009068395006973916,2.1196955393128307e-5,2.1196956306249072e-5,2.238723236320545e-5
14.13,0.047,0.01489619093772919,2.064179018066951e-5,2.0641790587883687e-5,2.238723236320545e-5
14.13,0.047,0.024469214704767362,1.980347642060932e-5,1.980347909073072e-5,2.238723236320545e-5
14.13,0.047,0.04019433362333615,1.853689382091263e-5,1.8536894362196166e-5,2.238723236320545e-5
14.13,0.047,0.06602518613354949,1.665558931473004e-5,1.665559416194045e-5,2.238723236320545e-5
14.13,0.047,0.1084562128786955,1.3988476789294202e-5,1.3988479028148188e-5,2.238723236320545e-5
14.13,0.047,0.17815550096589414,1.0536723585220684e-5,1.0536726608942697e-5,2.238723236320545e-5
14.13,0.047,0.292646974128703,6.703527301681494e-6,6.703528901321855e-6,2.238723236320545e-5
14.13,0.047,0.480716289995901,3.329730612711066e-6,3.3297305253036754e-6,2.238723236320545e-5
14.13,0.047,0.789648183294706,1.181633978933266e-6,1.1816329185848909e-6,2.238723236320545e-5
14.13,0.047,1.297114881182717,2.7665313386296645e-7,2.7665314492234477e-7,2.238723236320545e-5
14.13,0.047,2.1307045980472066,4.048601893305985e-8,4.048582642066738e-8,2.238723236320545e-5
14.13,0.047,3.5000000000000004,2.9209546228898848e-9,2.920950809869878e-9,2.238723236320545e-5
14.13,0.047,3.8,1.3324625120165302e-9,1.332461028026075e-9,2.238723236320545e-5
14.13,0.047,3.98,3.514027366214238e-10,3.514021369527352e-10,2.238723236320545e-5
14.13,0.047,3.9998,3.446702502350551e-11,3.446697025450606e-11,2.238723236320545e-5
14.13,0.173,1.0000000000000001e-7,1.563781734655941e-5,1.563781731889721e-5,1.5638141762228494e-5
14.13,0.173,1.6426491045299075e-7,1.563768258138042e-5,1.563768255377262e-5,1.5638141762228494e-5
14.13,0.173,2.698296080612907e-7,1.5637491832981744e-5,1.5637491805310614e-5,1.5638141762228494e-5
14.13,0.173,4.432353640575351e-7,1.5637221844471314e-5,1.563722181702485e-5,1.5638141762228494e-5
14.13,0.173,7.280801738650976e-7,1.56368396964805e-5,1.56368396688018e-5,1.5638141762228494e-5
14.13,0.173,1.1959802456254818e-6,1.5636298791473304e-5,1.5636298764289855e-5,1.5638141762228494e-5
14.13,0.173,1.9645758795121526e-6,1.5635533167526047e-5,1.5635533140037267e-5,1.5638141762228494e-5
14.13,0.173,3.227108809261693e-6,1.563444944453987e-5,1.5634449417653645e-5,1.5638141762228494e-5
14.13,0.173,5.301007395754297e-6,1.5632915412321132e-5,1.5632915385579913e-5,1.5638141762228494e-5
14.13,0.173,8.707695051742211e-6,1.563074384944184e-5,1.5630743822654086e-5,1.5638141762228494e-5
14.13,0.173,1.4303687479263852e-5,1.56276695551516e-5,1.5627669530278835e-5,1.5638141762228494e-5
14.13,0.173,2.3495939429288417e-5,1.5623316692317772e-5,1.5623316665219548e-5,1.5638141762228494e-5
14.13,0.173,3.8595583863609565e-5,1.5617152230574287e-5,1.561715220934078e-5,1.5638141762228494e-5
14.13,0.173,6.33990012723672e-5,1.5608419300165613e-5,1.5608419273813066e-5,1.5638141762228494e-5
14.13,0.173,0.00010414231266814445,1.559604119083966e-5,1.5596041175225757e-5,1.5638141762228494e-5
14.13,0.173,0.00017106927664800093,1.55784817839691e-5,1.557848176461175e-5,1.5638141762228494e-5
14.13,0.173,0.00028100679409841776,1.5553539957866144e-5,1.5553539948343606e-5,1.5638141762228494e-5
14.13,0.173,0.00046159555869258604,1.5518041277831416e-5,1.551804128363748e-5,1.5638141762228494e-5
14.13,0.173,0.0007582395311413588,1.54673651279875e-5,1.5467365119534294e-5,1.5638141762228494e-5
14.13,0.173,0.00124552148684853,1.5394700617700468e-5,1.539470069887318e-5,1.5638141762228494e-5
14.13,0.173,0.002045954755044497,1.5289846108369998e-5,1.5289846094386057e-5,1.5638141762228494e-5
14.13,0.173,0.0033607857462825456,1.5137237627337882e-5,1.5137237911814008e-5,1.5638141762228494e-5
14.13,0.173,0.005520591696647901,1.4912706367380143e-5,1.4912706454871961e-5,1.5638141762228494e-5
14.13,0.173,0.009068395006973916,1.457829802998468e-5,1.4578298732160128e-5,1.5638141762228494e-5
14.13,0.173,0.01489619093772919,1.4074680276406552e-5,1.4074681068051266e-5,1.5638141762228494e-5
14.13,0.173,0.024469214704767362,1.331228540296297e-5,1.3312286453127727e-5,1.5638141762228494e-5
14.13,0.173,0.04019433362333615,1.2167843426786019e-5,1.2167846276247676e-5,1.5638141762228494e-5
14.13,0.173,0.06602518613354949,1.0505640480681032e-5,1.0505641073773416e-5,1.5638141762228494e-5
14.13,0.173,0.1084562128786955,8.258739019978081e-6,8.258743154975742e-6,1.5638141762228494e-5
14.13,0.173,0.17815550096589414,5.5877095946433865e-6,5.587710112457786e-6,1.5638141762228494e-5
14.13,0.173,0.292646974128703,3.003369579247554e-6,3.0033702767632344e-6,1.5638141762228494e-5
14.13,0.173,0.480716289995901,1.1576908114164401e-6,1.1576908619298232e-6,1.5638141762228494e-5
14.13,0.173,0.789648183294706,2.862498737943827e-7,2.862496474402122e-7,1.5638141762228494e-5
14.13,0.173,1.297114881182717,4.133473398889514e-8,4.133466240962157e-8,1.5638141762228494e-5
14.13,0.173,2.1307045980472066,3.3214665127432073e-9,3.3214587440492704e-9,1.5638141762228494e-5
14.13,0.173,3.5000000000000004,1.2534302328028599e-10,1.2534147110034813e-10,1.5638141762228494e-5
14.13,0.173,3.8,5.189679157110357e-11,5.189701042835112e-11,1.5638141762228494e-5
14.13,0.173,3.98,1.3004122327292812e-11,1.3004189825184403e-11,1.5638141762228494e-5
14.13,0.173,3.9998,1.2687362207887009e-12,1.268742048942602e-12,1.5638141762228494e-5
14.13,0.61,1.0000000000000001e-7,6.789115530093251e-6,6.789115457084709e-6,6.789373360067286e-6
14.13,0.61,1.6426491045299075e-7,6.789008424590499e-6,6.789008351604251e-6,6.789373360067286e-6
14.13,0.61,2.698296080612907e-7,6.788856825247232e-6,6.788856752308224e-6,6.789373360067286e-6
14.13,0.61,4.432353640575351e-7,6.788642247095829e-6,6.788642174316319e-6,6.789373360067286e-6
14.13,0.61,7.280801738650976e-7,6.788338523882185e-6,6.788338451037199e-6,6.789373360067286e-6
14.13,0.61,1.1959802456254818e-6,6.787908613947838e-6,6.787908541581488e-6,6.789373360067286e-6
14.13,0.61,1.9645758795121526e-6,6.787300075031706e-6,6.7873000024349896e-6,6.789373360067286e-6
14.13,0.61,3.227108809261693e-6,6.7864386496183635e-6,6.786438577962365e-6,6.789373360067286e-6
14.13,0.61,5.301007395754297e-6,6.785219163581652e-6,6.785219091830477e-6,6.789373360067286e-6
14.13,0.61,8.707695051742211e-6,6.783492594047029e-6,6.783492523436543e-6,6.789373360067286e-6
14.13,0.61,1.4303687479263852e-5,6.78104765201734e-6,6.781047582523366e-6,6.789373360067286e-6
14.13,0.61,2.3495939429288417e-5,6.777584459731709e-6,6.777584390497464e-6,6.789373360067286e-6
14.13,0.61,3.8595583863609565e-5,6.772676724408397e-6,6.7726766600673315e-6,6.789373360067286e-6
14.13,0.61,6.33990012723672e-5,6.765716937262786e-6,6.765716870426227e-6,6.789373360067286e-6
14.13,0.61,0.00010414231266814445,6.755836040413985e-6,6.755835986781339e-6,6.789373360067286e-6
14.13,0.61,0.00017106927664800093,6.741783732979273e-6,6.741783674983752e-6,6.789373360067286e-6
14.13,0.61,0.00028100679409841776,6.72174631994516e-6,6.721746287567149e-6,6.789373360067286e-6
14.13,0.61,0.00046159555869258604,6.69306246655851e-6,6.6930624419793504e-6,6.789373360067286e-6
14.13,0.61,0.0007582395311413588,6.651767896577505e-6,6.651767905070199e-6,6.789373360067286e-6
14.13,0.61,0.00124552148684853,6.591850140754488e-6,6.591850233776745e-6,6.789373360067286e-6
14.13,0.61,0.002045954755044497,6.504017708272972e-6,6.504017793248664e-6,6.789373360067286e-6
14.13,0.61,0.0033607857462825456,6.373698454148736e-6,6.373698922940883e-6,6.789373360067286e-6
14.13,0.61,0.005520591696647901,6.177974368651902e-6,6.177974668909607e-6,6.789373360067286e-6
14.13,0.61,0.009068395006973916,5.8815702951909975e-6,5.881571683331882e-6,6.789373360067286e-6
14.13,0.61,0.01489619093772919,5.433726422982469e-6,5.4337276274621095e-6,6.789373360067286e-6
14.13,0.61,0.024469214704767362,4.77240337684833e-6,4.77240600032971e-6,6.789373360067286e-6
14.13,0.61,0.04019433362333615,3.8502965542531004e-6,3.8502996650418216e-6,6.789373360067286e-6
14.13,0.61,0.06602518613354949,2.698942829629743e-6,2.6989454393430787e-6,6.789373360067286e-6
14.13,0.61,0.1084562128786955,1.5076848583667766e-6,1.5076877666639026e-6,6.789373360067286e-6
14.13,0.61,0.17815550096589414,5.914136909654953e-7,5.914146882339226e-7,6.789373360067286e-6
14.13,0.61,0.292646974128703,1.373328971088125e-7,1.3733322411413448e-7,6.789373360067286e-6
14.13,0.61,0.480716289995901,1.5392341170552743e-8,1.539239017101887e-8,6.789373360067286e-6
14.13,0.61,0.789648183294706,6.806512145098151e-10,6.806524056382773e-10,6.789373360067286e-6
14.13,0.61,1.297114881182717,1.0315848565574401e-11,1.0315884048233487e-11,6.789373360067286e-6
14.13,0.61,2.1307045980472066,5.2171739757981724e-14,5.217136960958622e-14,6.789373360067286e-6
14.13,0.61,3.5000000000000004,9.142188632958319e-17,9.13965799408373e-17,6.789373360067286e-6
14.13,0.61,3.8,2.3956049062891252e-17,2.3957879558712373e-17,6.789373360067286e-6
14.13,0.61,3.98,4.7609207562044035e-18,4.760785575183261e-18,6.789373360067286e-6
14.13,0.61,3.9998,4.537150170415413e-19,4.536933684799281e-19,6.789373360067286e-6
14.13,1.73,1.0000000000000001e-7,2.6108868932896633e-6,2.610886909517455e-6,2.6111514929303754e-6
14.13,1.73,1.6426491045299075e-7,2.610776972303684e-6,2.610776988605477e-6,2.6111514929303754e-6
14.13,1.73,2.698296080612907e-7,2.6106213835696523e-6,2.6106213999080213e-6,2.6111514929303754e-6
14.13,1.73,4.432353640575351e-7,2.6104011488231034e-6,2.6104011651858817e-6,2.6111514929303754e-6
14.13,1.73,7.280801738650976e-7,2.6100893962773765e-6,2.610089412877202e-6,2.6111514929303754e-6
14.13,1.73,1.1959802456254818e-6,2.6096480689286914e-6,2.6096480853643442e-6,2.6111514929303754e-6
14.13,1.73,1.9645758795121526e-6,2.609023249252954e-6,2.6090232663626926e-6,2.6111514929303754e-6
14.13,1.73,3.227108809261693e-6,2.608138505020912e-6,2.6081385217471008e-6,2.6111514929303754e-6
14.13,1.73,5.301007395754297e-6,2.6068853881462287e-6,2.6068854061014718e-6,2.6111514929303754e-6
14.13,1.73,8.707695051742211e-6,2.605109801304105e-6,2.6051098191626206e-6,2.6111514929303754e-6
14.13,1.73,1.4303687479263852e-5,2.6025922891420434e-6,2.6025923082909985e-6,2.6111514929303754e-6
14.13,1.73,2.3495939429288417e-5,2.599019235563112e-6,2.5990192567137925e-6,2.6111514929303754e-6
14.13,1.73,3.8595583863609565e-5,2.593940125407623e-6,2.5939401461297303e-6,2.6111514929303754e-6
14.13,1.73,6.33990012723672e-5,2.586702839056259e-6,2.5867028688759794e-6,2.6111514929303754e-6
14.13,1.73,0.00010414231266814445,2.576353258448516e-6,2.576353282906673e-6,2.6111514929303754e-6
14.13,1.73,0.00017106927664800093,2.5614753147956324e-6,2.561475367002332e-6,2.6111514929303754e-6
14.13,1.73,0.00028100679409841776,2.539930040476625e-6,2.539930085476897e-6,2.6111514929303754e-6
14.13,1.73,0.00046159555869258604,2.508424144684265e-6,2.5084242514433273e-6,2.6111514929303754e-6
14.13,1.73,0.0007582395311413588,2.461802161104029e-6,2.4618023024327834e-6,2.6111514929303754e-6
14.13,1.73,0.00124552148684853,2.3919368794445106e-6,2.391937092810633e-6,2.6111514929303754e-6
14.13,1.73,0.002045954755044497,2.2861914256622734e-6,2.286191904825818e-6,2.6111514929303754e-6
14.13,1.73,0.0033607857462825456,2.125931628180168e-6,2.1259319890206597e-6,2.6111514929303754e-6
14.13,1.73,0.005520591696647901,1.8870828492022874e-6,1.8870840599551616e-6,2.6111514929303754e-6
14.13,1.73,0.009068395006973916,1.547809648607593e-6,1.5478102994925014e-6,2.6111514929303754e-6
14.13,1.73,0.01489619093772919,1.110862086766339e-6,1.1108637801769142e-6,2.6111514929303754e-6
14.13,1.73,0.024469214704767362,6.380869362525581e-7,6.380878759628493e-7,2.6111514929303754e-6
14.13,1.73,0.04019433362333615,2.5451014532473974e-7,2.545108601960258e-7,2.6111514929303754e-6
14.13,1.73,0.06602518613354949,5.6645228827678173e-8,5.6645465153863516e-8,2.6111514929303754e-6
14.13,1.73,0.1084562128786955,5.097880722361574e-9,5.097902320539849e-9,2.6111514929303754e-6
14.13,1.73,0.17815550096589414,1.190267632158996e-10,1.190275267864034e-10,2.6111514929303754e-6
14.13,1.73,0.292646974128703,4.1532366356477813e-13,4.153268415548361e-13,2.6111514929303754e-6
14.13,1.73,0.480716289995901,1.210759659497629e-16,1.2107649708482704e-16,2.6111514929303754e-6
14.13,1.73,0.789648183294706,1.858916590430282e-21,1.8589384583839153e-21,2.6111514929303754e-6
14.13,1.73,1.297114881182717,1.2608697827463535e-27,1.260887438090343e-27,2.6111514929303754e-6
14.13,1.73,2.1307045980472066,4.537672131581253e-35,4.536418743985515e-35,2.6111514929303754e-6
14.13,1.73,3.5000000000000004,1.3786814362900569e-43,1.3400833015302755e-43,2.6111514929303754e-6
14.13,1.73,3.8,4.223184615270111e-45,4.027756430618829e-45,2.6111514929303754e-6
14.13,1.73,3.98,2.9879287114233532e-46,3.0707947195169202e-46,2.6111514929303754e-6
14.13,1.73,3.9998,2.5856412914840206e-47,2.6836701445630854e-47,2.6111514929303754e-6
14.13,4.71,1.0000000000000001e-7,1.0052988583853928e-6,1.0052946174623101e-6,1.0056923881998e-6
14.13,4.71,1.6426491045299075e-7,1.005135340004406e-6,1.005131074586872e-6,1.0056923881998e-6
14.13,4.71,2.698296080612907e-7,1.0049038387767502e-6,1.0048995382842972e-6,1.0056923881998e-6
14.13,4.71,4.432353640575351e-7,1.0045760418391376e-6,1.0045716914370654e-6,1.0056923881998e-6
14.13,4.71,7.280801738650976e-7,1.0041117827158079e-6,1.0041073617109414e-6,1.0056923881998e-6
14.13,4.71,1.1959802456254818e-6,1.0034540010516486e-6,1.0034494785020944e-6,1.0056923881998e-6
14.13,4.71,1.9645758795121526e-6,1.002521464859035e-6,1.0025167983816393e-6,1.0056923881998e-6
14.13,4.71,3.227108809261693e-6,1.0011981526891728e-6,1.0011932767212528e-6,1.0056923881998e-6
14.13,4.71,5.301007395754297e-6,9.993175349501634e-7,9.993123572664081e-7,1.0056923881998e-6
14.13,4.71,8.707695051742211e-6,9.966388458783534e-7,9.966332213580267e-7,1.0056923881998e-6
14.13,4.71,1.4303687479263852e-5,9.928103926334623e-7,9.928041013443504e-7,1.0056923881998e-6
14.13,4.71,2.3495939429288417e-5,9.873112922930206e-7,9.873039839849496e-7,1.0056923881998e-6
14.13,4.71,3.8595583863609565e-5,9.79356650783871e-7,9.793477410322683e-7,1.0056923881998e-6
14.13,4.71,6.33990012723672e-5,9.677408367033787e-7,9.677293890279034e-7,1.0056923881998e-6
14.13,4.71,0.00010414231266814445,9.505793849116842e-7,9.5056373682317e-7,1.0056923881998e-6
14.13,4.71,0.00017106927664800093,9.24900007764803e-7,9.248775644933556e-7,1.0056923881998e-6
14.13,4.71,0.00028100679409841776,8.860603741001941e-7,8.860267498335616e-7,1.0056923881998e-6
14.13,4.71,0.00046159555869258604,8.27134021640657e-7,8.270831928465551e-7,1.0056923881998e-6
14.13,4.71,0.0007582395311413588,7.389273027990567e-7,7.388518715257673e-7,1.0056923881998e-6
14.13,4.71,0.00124552148684853,6.124322875219075e-7,6.123274778153434e-7,1.0056923881998e-6
14.13,4.71,0.002045954755044497,4.4672826088373263e-7,4.466005508841914e-7,1.0056923881998e-6
14.13,4.71,0.0033607857462825456,2.6259986662946097e-7,2.624745916527165e-7,1.0056923881998e-6
14.13,4.71,0.005520591696647901,1.0761989589194558e-7,1.0753536293267583e-7,1.0056923881998e-6
14.13,4.71,0.009068395006973916,2.431119418433243e-8,2.427978622186116e-8,1.0056923881998e-6
14.13,4.71,0.01489619093772919,2.078604071985786e-9,2.074242221848874e-9,1.0056923881998e-6
14.13,4.71,0.024469214704767362,3.722619883809349e-11,3.7099916379978794e-11,1.0056923881998e-6
14.13,4.71,0.04019433362333615,5.632983025325381e-14,5.602498844122122e-14,1.0056923881998e-6
14.13,4.71,0.06602518613354949,1.889702384011436e-18,1.873658243603893e-18,1.0056923881998e-6
14.13,4.71,0.1084562128786955,2.215348660150237e-25,2.1865214136612464e-25,1.0056923881998e-6
14.13,4.71,0.17815550096589414,9.08470376669651e-36,8.90940342140505e-36,1.0056923881998e-6
14.13,4.71,0.292646974128703,1.1438679904935428e-50,1.1124572220348264e-50,1.0056923881998e-6
14.13,4.71,0.480716289995901,6.370535942837688e-71,6.132262606434649e-71,1.0056923881998e-6
14.13,4.71,0.789648183294706,7.437882571728639e-97,7.076113014020611e-97,1.0056923881998e-6
14.13,4.71,1.297114881182717,3.8787365488126907e-128,3.643308211606359e-128,1.0056923881998e-6
14.13,4.71,2.1307045980472066,6.306967624956516e-164,5.804407628875908e-164,1.0056923881998e-6
14.13,4.71,3.5000000000000004,3.6448663747606246e-203,1.9732493351389094e-203,1.0056923881998e-6
14.13,4.71,3.8,6.294423576867475e-210,1.6470197340366884e-210,1.0056923881998e-6
14.13,4.71,3.98,7.693371988727862e-214,1.049896830191241e-213,1.0056923881998e-6
14.13,4.71,3.9998,3.92627007580124e-215,6.468983986278639e-215,1.0056923881998e-6
14.69,0.00113,1.0000000000000001e-7,0.00010684775859109312,0.00010684776587110696,0.00010685042537118119
14.69,0.00113,1.6426491045299075e-7,0.00010684665078514482,0.00010684665807626865,0.00010685042537118119
14.69,0.00113,2.698296080612907e-7,0.00010684508278002854,0.00010684509008656937,0.00010685042537118119
14.69,0.00113,4.432353640575351e-7,0.00010684286339426859,0.00010684287072177348,0.00010685042537118119
14.69,0.00113,7.280801738650976e-7,0.00010683972201319986,0.00010683972937313993,0.00010685042537118119
14.69,0.00113,1.1959802456254818e-6,0.00010683527557219819,0.00010683528297232522,0.00010685042537118119
14.69,0.00113,1.9645758795121526e-6,0.00010682898179894478,0.00010682898926548529,0.00010685042537118119
14.69,0.00113,3.227108809261693e-6,0.00010682007297357348,0.00010682008052119298,0.00010685042537118119
14.69,0.00113,5.301007395754297e-6,0.00010680746203822925,0.00010680746971617734,0.00010685042537118119
14.69,0.00113,8.707695051742211e-6,0.00010678960939809669,0.00010678961724639782,0.00010685042537118119
14.69,0.00113,1.4303687479263852e-5,0.00010676433369580343,0.00010676434179222303,0.00010685042537118119
14.69,0.00113,2.3495939429288417e-5,0.00010672854240810966,0.00010672855086686165,0.00010685042537118119
14.69,0.00113,3.8595583863609565e-5,0.00010667784699253322,0.00010667785592281629,0.00010685042537118119
14.69,0.00113,6.33990012723672e-5,0.00010660601025252417,0.00010660601994716628,0.00010685042537118119
14.69,0.00113,0.00010414231266814445,0.0001065041465907702,0.00010650415721797759,0.00010685042537118119
14.69,0.00113,0.00017106927664800093,0.00010635955153640464,0.00010635956374388299,0.00010685042537118119
14.69,0.00113,0.00028100679409841776,0.0001061539616552109,0.00010615397584932959,0.00010685042537118119
14.69,0.00113,0.00046159555869258604,0.00010586091415614119,0.00010586093157208319,0.00010685042537118119
14.69,0.00113,0.0007582395311413588,0.00010544164098276984,0.00010544166297125211,0.00010685042537118119
14.69,0.00113,0.00124552148684853,0.00010483851691027483,0.0001048385456042256,0.00010685042537118119
14.69,0.00113,0.002045954755044497,0.00010396437304508784,0.00010396441318594414,0.00010685042537118119
14.69,0.00113,0.0033607857462825456,0.0001026848915237438,0.00010268494657166906,0.00010685042537118119
14.69,0.00113,0.005520591696647901,0.00010078998526747676,0.00010079007065124821,0.00010685042537118119
14.69,0.00113,0.009068395006973916,9.794979681106619e-5,9.794991955063902e-5,0.00010685042537118119
14.69,0.00113,0.01489619093772919,9.365622683778842e-5,9.36564248422318e-5,0.00010685042537118119
14.69,0.00113,0.024469214704767362,8.71736148251717e-5,8.717390710726108e-5,0.00010685042537118119
14.69,0.00113,0.04019433362333615,7.758393110342291e-5,7.758436043864973e-5,0.00010685042537118119
14.69,0.00113,0.06602518613354949,6.41201581590397e-5,6.412073720141919e-5,0.00010685042537118119
14.69,0.00113,0.1084562128786955,4.701522388260487e-5,4.701587478354833e-5,0.00010685042537118119
14.69,0.00113,0.17815550096589414,2.8616553646876142e-5,2.861715779129071e-5,0.00010685042537118119
14.69,0.00113,0.292646974128703,1.3241258084404607e-5,1.3241649936584148e-5,0.00010685042537118119
14.69,0.00113,0.480716289995901,4.211215196625703e-6,4.2113744754787395e-6,0.00010685042537118119
14.69,0.00113,0.789648183294706,8.396094761377078e-7,8.396475494454765e-7,0.00010685042537118119
14.69,0.00113,1.297114881182717,9.942271851401136e-8,9.942721085689924e-8,0.00010685042537118119
14.69,0.00113,2.1307045980472066,6.996684331336188e-9,6.996930108368305e-9,0.00010685042537118119
14.69,0.00113,3.5000000000000004,2.552836397908911e-10,2.5528509705963606e-10,0.00010685042537118119
14.69,0.00113,3.8,1.0603947421720172e-10,1.0603848290280183e-10,0.00010685042537118119
14.69,0.00113,3.98,2.663802106418937e-11,2.6637834579318774e-11,0.00010685042537118119
14.69,0.00113,3.9998,2.5996796552608734e-12,2.5996645894056683e-12,0.00010685042537118119
14.69,0.0037,1.0000000000000001e-7,0.00010593154398561218,0.00010593154405561606,0.00010593420118435598
14.69,0.0037,1.6426491045299075e-7,0.00010593044015980204,0.00010593044023035274,0.00010593420118435598
14.69,0.0037,2.698296080612907e-7,0.00010592887778817503,0.00010592887785892232,0.00010593420118435598
14.69,0.0037,4.432353640575351e-7,0.00010592666637603497,0.00010592666644659333,0.00010593420118435598
14.69,0.0037,7.280801738650976e-7,0.00010592353628074443,0.00010592353635330106,0.00010593420118435598
14.69,0.0037,1.1959802456254818e-6,0.0001059191058133916,0.00010591910588353074,0.00010593420118435598
14.69,0.0037,1.9645758795121526e-6,0.00010591283464861627,0.00010591283472452477,0.00010593420118435598
14.69,0.0037,3.227108809261693e-6,0.00010590395782175573,0.00010590395789262894,0.00010593420118435598
14.69,0.0037,5.301007395754297e-6,0.00010589139217347343,0.00010589139225397403,0.00010593420118435598
14.69,0.0037,8.707695051742211e-6,0.00010587360362419159,0.00010587360370149475,0.00010593420118435598
14.69,0.0037,1.4303687479263852e-5,0.0001058484186166457,0.00010584841870049514,0.00010593420118435598
14.69,0.0037,2.3495939429288417e-5,0.00010581275565405667,0.00010581275575108579,0.00010593420118435598
14.69,0.0037,3.8595583863609565e-5,0.00010576224177009993,0.0001057622418509628,0.00010593420118435598
14.69,0.0037,6.33990012723672e-5,0.00010569066174723288,0.00010569066188895311,0.00010593420118435598
14.69,0.0037,0.00010414231266814445,0.00010558916095085268,0.00010558916102616471,0.00010593420118435598
14.69,0.0037,0.00017106927664800093,0.00010544507842279468,0.0001054450786483995,0.00010593420118435598
14.69,0.0037,0.00028100679409841776,0.00010524021166786413,0.00010524021179394557,0.00010593420118435598
14.69,0.0037,0.00046159555869258604,0.0001049481828438945,0.00010494818320016793,0.00010593420118435598
14.69,0.0037,0.0007582395311413588,0.00010453034164324552,0.00010453034205333496,0.00010593420118435598
14.69,0.0037,0.00124552148684853,0.00010392922515875487,0.0001039292256423469,0.00010593420118435598
14.69,0.0037,0.002045954755044497,0.00010305788791185983,0.00010305788941121751,0.00010593420118435598
14.69,0.0037,0.0033607857462825456,0.00010178232324609991,0.0001017823236285073,0.00010593420118435598
14.69,0.0037,0.005520591696647901,9.989289713977626e-5,9.989290201155852e-5,0.00010593420118435598
14.69,0.0037,0.009068395006973916,9.70604799493659e-5,9.706048071915815e-5,0.00010593420118435598
14.69,0.0037,0.01489619093772919,9.277832521524094e-5,9.277833693113535e-5,0.00010593420118435598
14.69,0.0037,0.024469214704767362,8.631363234790886e-5,8.63136394446697e-5,0.00010593420118435598
14.69,0.0037,0.04019433362333615,7.675465329432787e-5,7.675466854252672e-5,0.00010593420118435598
14.69,0.0037,0.06602518613354949,6.334704118528316e-5,6.334706094794998e-5,0.00010593420118435598
14.69,0.0037,0.1084562128786955,4.634359787411751e-5,4.63436028174193e-5,0.00010593420118435598
14.69,0.0037,0.17815550096589414,2.8107223079847076e-5,2.8107231350776495e-5,0.00010593420118435598
14.69,0.0037,0.292646974128703,1.293532265489498e-5,1.2935322682664118e-5,0.00010593420118435598
14.69,0.0037,0.480716289995901,4.081936308772877e-6,4.081932573884064e-6,0.00010593420118435598
14.69,0.0037,0.789648183294706,8.052678375800444e-7,8.052676001228512e-7,0.00010593420118435598
14.69,0.0037,1.297114881182717,9.408322202912812e-8,9.408299949025348e-8,0.00010593420118435598
14.69,0.0037,2.1307045980472066,6.516329428376689e-9,6.516306385774987e-9,0.00010593420118435598
14.69,0.0037,3.5000000000000004,2.338307590777029e-10,2.3383078703586e-10,0.00010593420118435598
14.69,0.0037,3.8,9.689313238266957e-11,9.68926541798023e-11,0.00010593420118435598
14.69,0.0037,3.98,2.4309621084111336e-11,2.430973484761947e-11,0.00010593420118435598
14.69,0.0037,3.9998,2.372134525044098e-12,2.3721501583653985e-12,0.00010593420118435598
14.69,0.0127,1.0000000000000001e-7,0.000102813994992836,0.00010281399501993089,0.0001028166193592749
14.69,0.0127,1.6426491045299075e-7,0.0001028129048057264,0.0001028129048325022,0.0001028166193592749
14.69,0.0127,2.698296080612907e-7,0.00010281136173831946,0.00010281136176565254,0.0001028166193592749
14.69,0.0127,4.432353640575351e-7,0.00010280917764929437,0.0001028091776771388,0.0001028166193592749
14.69,0.0127,7.280801738650976e-7,0.00010280608622683933,0.00010280608625399848,0.0001028166193592749
14.69,0.0127,1.1959802456254818e-6,0.00010280171049615415,0.0001028017105264492,0.0001028166193592749
14.69,0.0127,1.9645758795121526e-6,0.00010279551680343534,0.0001027955168299547,0.0001028166193592749
14.69,0.0127,3.227108809261693e-6,0.00010278674962509559,0.00010278674965964899,0.0001028166193592749
14.69,0.0127,5.301007395754297e-6,0.00010277433916045977,0.0001027743391885452,0.0001028166193592749
14.69,0.0127,8.707695051742211e-6,0.00010275677022815361,0.00010275677026791602,0.0001028166193592749
14.69,0.0127,1.4303687479263852e-5,0.00010273189599763349,0.00010273189603549565,0.0001028166193592749
14.69,0.0127,2.3495939429288417e-5,0.00010269667275225166,0.00010269667279421504,0.0001028166193592749
14.69,0.0127,3.8595583863609565e-5,0.00010264678089108531,0.00010264678095705099,0.0001028166193592749
14.69,0.0127,6.33990012723672e-5,0.00010257608049124659,0.00010257608052583131,0.0001028166193592749
14.69,0.0127,0.00010414231266814445,0.00010247582297242629,0.00010247582310026404,0.0001028166193592749
14.69,0.0127,0.00017106927664800093,0.00010233349638254674,0.00010233349641239106,0.0001028166193592749
14.69,0.0127,0.00028100679409841776,0.00010213110683520079,0.00010213110707786733,0.0001028166193592749
14.69,0.0127,0.00046159555869258604,0.0001018425671423347,0.00010184256726446552,0.0001028166193592749
14.69,0.0127,0.0007582395311413588,0.00010142962959586713,0.00010142963001096628,0.0001028166193592749
14.69,0.0127,0.00124552148684853,0.00010083538578501624,0.00010083538639664288,0.0001028166193592749
14.69,0.0127,0.002045954755044497,9.997365273676771e-5,9.997365325796595e-5,0.0001028166193592749
14.69,0.0127,0.0033607857462825456,9.87114854492727e-5,9.871148791898645e-5,0.0001028166193592749
14.69,0.0127,0.005520591696647901,9.68407973103266e-5,9.684079747701193e-5,0.0001028166193592749
14.69,0.0127,0.009068395006973916,9.40349552086906e-5,9.403496288758264e-5,0.0001028166193592749
14.69,0.0127,0.01489619093772919,8.979188551605701e-5,8.979188670227375e-5,0.0001028166193592749
14.69,0.0127,0.024469214704767362,8.338872841733194e-5,8.338874370919794e-5,0.0001028166193592749
14.69,0.0127,0.04019433362333615,7.393562920567473e-5,7.393563937417705e-5,0.0001028166193592749
14.69,0.0127,0.06602518613354949,6.072231119691221e-5,6.072232376383504e-5,0.0001028166193592749
14.69,0.0127,0.1084562128786955,4.407006435822465e-5,4.407008011216804e-5,0.0001028166193592749
14.69,0.0127,0.17815550096589414,2.6393076939502603e-5,2.639307756982664e-5,0.0001028166193592749
14.69,0.0127,0.292646974128703,1.1916176850387427e-5,1.1916174859435961e-5,0.0001028166193592749
14.69,0.0127,0.480716289995901,3.6581188611050023e-6,3.6581188824297903e-6,0.0001028166193592749
14.69,0.0127,0.789648183294706,6.952049818659848e-7,6.9520385508089e-7,0.0001028166193592749
14.69,0.0127,1.297114881182717,7.746357437217179e-8,7.746353207398054e-8,0.0001028166193592749
14.69,0.0127,2.1307045980472066,5.072208852612786e-9,5.072177699499893e-9,0.0001028166193592749
14.69,0.0127,3.5000000000000004,1.716201980434985e-10,1.716186987758318e-10,0.0001028166193592749
14.69,0.0127,3.8,7.050887071733976e-11,7.050929235514386e-11,0.0001028166193592749
14.69,0.0127,3.98,1.7611369345349663e-11,1.7611404388408412e-11,0.0001028166193592749
14.69,0.0127,3.9998,1.7177276906075734e-12,1.7177295815421726e-12,0.0001028166193592749
14.69,0.047,1.0000000000000001e-7,9.211530154198224e-5,9.211530188176837e-5,9.211781041605084e-5
14.69,0.047,1.6426491045299075e-7,9.21142593309384e-5,9.211425967009674e-5,9.211781041605084e-5
14.69,0.047,2.698296080612907e-7,9.211278416882535e-5,9.21127845093094e-5,9.211781041605084e-5
14.69,0.047,4.432353640575351e-7,9.211069619258268e-5,9.211069653233574e-5,9.211781041605084e-5
14.69,0.047,7.280801738650976e-7,9.210774080688012e-5,9.210774114811507e-5,9.211781041605084e-5
14.69,0.047,1.1959802456254818e-6,9.210355761907141e-5,9.210355796096506e-5,9.211781041605084e-5
14.69,0.047,1.9645758795121526e-6,9.209763644256316e-5,9.209763678397739e-5,9.211781041605084e-5
14.69,0.047,3.227108809261693e-6,9.208925496192477e-5,9.208925530895284e-5,9.211781041605084e-5
14.69,0.047,5.301007395754297e-6,9.207739036249816e-5,9.207739070316526e-5,9.211781041605084e-5
14.69,0.047,8.707695051742211e-6,9.206059392868185e-5,9.206059428528346e-5,9.211781041605084e-5
14.69,0.047,1.4303687479263852e-5,9.203681281923177e-5,9.203681316280265e-5,9.211781041605084e-5
14.69,0.047,2.3495939429288417e-5,9.200313615642399e-5,9.200313652670206e-5,9.211781041605084e-5
14.69,0.047,3.8595583863609565e-5,9.195543192965324e-5,9.195543229283831e-5,9.211781041605084e-5
14.69,0.047,6.33990012723672e-5,9.188782478665246e-5,9.188782516910813e-5,9.211781041605084e-5
14.69,0.047,0.00010414231266814445,9.179193857237375e-5,9.179193899680742e-5,9.211781041605084e-5
14.69,0.047,0.00017106927664800093,9.165578410417813e-5,9.165578448460044e-5,9.211781041605084e-5
14.69,0.047,0.00028100679409841776,9.146209835877672e-5,9.146209893799334e-5,9.211781041605084e-5
14.69,0.047,0.00046159555869258604,9.118581041288584e-5,9.118581078991443e-5,9.211781041605084e-5
14.69,0.047,0.0007582395311413588,9.079007632514933e-5,9.079007726174567e-5,9.211781041605084e-5
14.69,0.047,0.00124552148684853,9.021991424607247e-5,9.021991485586634e-5,9.211781041605084e-5
14.69,0.047,0.002045954755044497,8.939178070278699e-5,8.939178235674226e-5,9.211781041605084e-5
14.69,0.047,0.0033607857462825456,8.817639937485973e-5,8.817640142322492e-5,9.211781041605084e-5
14.69,0.047,0.005520591696647901,8.637105781755042e-5,8.637106032401067e-5,9.211781041605084e-5
14.69,0.047,0.009068395006973916,8.365794465172977e-5,8.365795219081308e-5,9.211781041605084e-5
14.69,0.047,0.01489619093772919,7.955194921804478e-5,7.95519513980799e-5,9.211781041605084e-5
14.69,0.047,0.024469214704767362,7.336714655288717e-5,7.336716584018585e-5,9.211781041605084e-5
14.69,0.047,0.04019433362333615,6.42957625749004e-5,6.429576647229706e-5,9.211781041605084e-5
14.69,0.047,0.06602518613354949,5.179125172387881e-5,5.17912749742439e-5,9.211781041605084e-5
14.69,0.047,0.1084562128786955,3.6420120360919636e-5,3.6420130005137495e-5,9.211781041605084e-5
14.69,0.047,0.17815550096589414,2.0751749409923998e-5,2.0751754079565868e-5,9.211781041605084e-5
14.69,0.047,0.292646974128703,8.688912085248783e-6,8.688912086895648e-6,9.211781041605084e-5
14.69,0.047,0.480716289995901,2.3936200546396386e-6,2.393619753986051e-6,9.211781041605084e-5
14.69,0.047,0.789648183294706,3.929279101607701e-7,3.9292728835890286e-7,9.211781041605084e-5
14.69,0.047,1.297114881182717,3.636860709633092e-8,3.636861093213503e-8,9.211781041605084e-5
14.69,0.047,2.1307045980472066,1.9117128439280872e-9,1.911695095113962e-9,9.211781041605084e-5
14.69,0.047,3.5000000000000004,5.1362382041084e-11,5.136206455064986e-11,9.211781041605084e-5
14.69,0.047,3.8,2.0406150066629713e-11,2.040619835908021e-11,9.211781041605084e-5
14.69,0.047,3.98,5.009022171651946e-12,5.008998282519273e-12,9.211781041605084e-5
14.69,0.047,3.9998,4.876803028099768e-13,4.876778219121236e-13,9.211781041605084e-5
14.69,0.173,1.0000000000000001e-7,6.455308467516144e-5,6.455308455425573e-5,6.455527391060608e-5
14.69,0.173,1.6426491045299075e-7,6.455217524307105e-5,6.455217512261597e-5,6.455527391060608e-5
14.69,0.173,2.698296080612907e-7,6.455088801566679e-5,6.455088789467938e-5,6.455527391060608e-5
14.69,0.173,4.432353640575351e-7,6.45490660399408e-5,6.45490659205551e-5,6.455527391060608e-5
14.69,0.173,7.280801738650976e-7,6.454648714496331e-5,6.454648702402141e-5,6.455527391060608e-5
14.69,0.173,1.1959802456254818e-6,6.454283682573786e-5,6.454283670800807e-5,6.455527391060608e-5
14.69,0.173,1.9645758795121526e-6,6.45376698314814e-5,6.45376697120761e-5,6.455527391060608e-5
14.69,0.173,3.227108809261693e-6,6.453035572568978e-5,6.453035560965385e-5,6.455527391060608e-5
14.69,0.173,5.301007395754297e-6,6.452000166782042e-5,6.45200015537996e-5,6.455527391060608e-5
14.69,0.173,8.707695051742211e-6,6.450534274577694e-5,6.450534262991574e-5,6.455527391060608e-5
14.69,0.173,1.4303687479263852e-5,6.448458590889672e-5,6.448458580775474e-5,6.455527391060608e-5
14.69,0.173,2.3495939429288417e-5,6.445518717049887e-5,6.445518705263517e-5,6.455527391060608e-5
14.69,0.173,3.8595583863609565e-5,6.441353200639039e-5,6.441353192978473e-5,6.455527391060608e-5
14.69,0.173,6.33990012723672e-5,6.435447354071635e-5,6.435447343122653e-5,6.455527391060608e-5
14.69,0.173,0.00010414231266814445,6.427065810529311e-5,6.427065806640738e-5,6.455527391060608e-5
14.69,0.173,0.00017106927664800093,6.415152547744421e-5,6.415152542520114e-5,6.455527391060608e-5
14.69,0.173,0.00028100679409841776,6.398179733440722e-5,6.39817973362701e-5,6.455527391060608e-5
14.69,0.173,0.00046159555869258604,6.373913624962097e-5,6.373913640631517e-5,6.455527391060608e-5
14.69,0.173,0.0007582395311413588,6.339042420926203e-5,6.339042421184515e-5,6.455527391060608e-5
14.69,0.173,0.00124552148684853,6.288570692367561e-5,6.288570773933398e-5,6.455527391060608e-5
14.69,0.173,0.002045954755044497,6.214820983722467e-5,6.214820982816865e-5,6.455527391060608e-5
14.69,0.173,0.0033607857462825456,6.10580039912448e-5,6.105800655999652e-5,6.455527391060608e-5
14.69,0.173,0.005520591696647901,5.942647251717495e-5,5.942647363410251e-5,6.455527391060608e-5
14.69,0.173,0.009068395006973916,5.696098562487143e-5,5.696099117538737e-5,6.455527391060608e-5
14.69,0.173,0.01489619093772919,5.3230554108838834e-5,5.323056112922721e-5,6.455527391060608e-5
14.69,0.173,0.024469214704767362,4.767668920798352e-5,4.767669543640845e-5,6.455527391060608e-5
14.69,0.173,0.04019433362333615,3.9779719759963524e-5,3.9779737218874075e-5,6.455527391060608e-5
14.69,0.173,0.06602518613354949,2.953852331925017e-5,2.9538525536828056e-5,6.455527391060608e-5
14.69,0.173,0.1084562128786955,1.8206063511634196e-5,1.8206075213254615e-5,6.455527391060608e-5
14.69,0.173,0.17815550096589414,8.436610557144121e-6,8.436611933833667e-6,6.455527391060608e-5
14.69,0.173,0.292646974128703,2.5895042778030754e-6,2.5895036568386626e-6,6.455527391060608e-5
14.69,0.173,0.480716289995901,4.5815484395186826e-7,4.581547187883003e-7,6.455527391060608e-5
14.69,0.173,0.789648183294706,4.1516541356100165e-8,4.151650108713421e-8,6.455527391060608e-5
14.69,0.173,1.297114881182717,1.8196636435381052e-9,1.8196598439699018e-9,6.455527391060608e-5
14.69,0.173,2.1307045980472066,3.958647650257191e-11,3.958633234203925e-11,6.455527391060608e-5
14.69,0.173,3.5000000000000004,4.171614896559671e-13,4.1713951952030246e-13,6.455527391060608e-5
14.69,0.173,3.8,1.4467398822750829e-13,1.446769805809895e-13,6.455527391060608e-5
14.69,0.173,3.98,3.312382494912891e-14,3.312515783503341e-14,6.455527391060608e-5
14.69,0.173,3.9998,3.20206865424203e-15,3.2021906353608273e-15,6.455527391060608e-5
14.69,0.61,1.0000000000000001e-7,2.8187126421839617e-5,2.818712611807223e-5,2.8188866325409605e-5
14.69,0.61,1.6426491045299075e-7,2.8186403638850135e-5,2.818640333530264e-5,2.8188866325409605e-5
14.69,0.61,2.698296080612907e-7,2.8185380587346867e-5,2.8185380284007987e-5,2.8188866325409605e-5
14.69,0.61,4.432353640575351e-7,2.8183932508344716e-5,2.8183932206205062e-5,2.8188866325409605e-5
14.69,0.61,7.280801738650976e-7,2.8181882784080553e-5,2.81818824813602e-5,2.8188866325409605e-5
14.69,0.61,1.1959802456254818e-6,2.8178981352680105e-5,2.8178981053282666e-5,2.8188866325409605e-5
14.69,0.61,1.9645758795121526e-6,2.8174874100923575e-5,2.81748738000691e-5,2.8188866325409605e-5
14.69,0.61,3.227108809261693e-6,2.8169059416838573e-5,2.8169059122043674e-5,2.8188866325409605e-5
14.69,0.61,5.301007395754297e-6,2.8160826408745267e-5,2.8160826114013112e-5,2.8188866325409605e-5
14.69,0.61,8.707695051742211e-6,2.8149166816116704e-5,2.8149166527969834e-5,2.8188866325409605e-5
14.69,0.61,1.4303687479263852e-5,2.8132648881958393e-5,2.8132648603215913e-5,2.8188866325409605e-5
14.69,0.61,2.3495939429288417e-5,2.8109235608592526e-5,2.8109235329376013e-5,2.8188866325409605e-5
14.69,0.61,3.8595583863609565e-5,2.807602039734746e-5,2.8076020155318156e-5,2.8188866325409605e-5
14.69,0.61,6.33990012723672e-5,2.802883732544464e-5,2.8028837064423093e-5,2.8188866325409605e-5
14.69,0.61,0.00010414231266814445,2.796167608116139e-5,2.7961675918491352e-5,2.8188866325409605e-5
14.69,0.61,0.00017106927664800093,2.786578331091601e-5,2.7865783124142287e-5,2.8188866325409605e-5
14.69,0.61,0.00028100679409841776,2.7728245898123288e-5,2.7728245903228674e-5,2.8188866325409605e-5
14.69,0.61,0.00046159555869258604,2.752970028531801e-5,2.7529700393151716e-5,2.8188866325409605e-5
14.69,0.61,0.0007582395311413588,2.72405611738015e-5,2.724056151396763e-5,2.8188866325409605e-5
14.69,0.61,0.00124552148684853,2.681480308528818e-5,2.681480426175989e-5,2.8188866325409605e-5
14.69,0.61,0.002045954755044497,2.617999893667488e-5,2.617999990113956e-5,2.8188866325409605e-5
14.69,0.61,0.0033607857462825456,2.5222687563546615e-5,2.522269192018427e-5,2.8188866325409605e-5
14.69,0.61,0.005520591696647901,2.377130780517152e-5,2.377131064276492e-5,2.8188866325409605e-5
14.69,0.61,0.009068395006973916,2.1589860239962366e-5,2.158987069051583e-5,2.8188866325409605e-5
14.69,0.61,0.01489619093772919,1.842117993486648e-5,1.8421188882691e-5,2.8188866325409605e-5
14.69,0.61,0.024469214704767362,1.4152590390372029e-5,1.4152604453194692e-5,2.8188866325409605e-5
14.69,0.61,0.04019433362333615,9.143107586118866e-6,9.143121512925966e-6,2.8188866325409605e-5
14.69,0.61,0.06602518613354949,4.468170820015903e-6,4.468178044956172e-6,2.8188866325409605e-5
14.69,0.61,0.1084562128786955,1.4147901004989997e-6,1.4147942251864293e-6,2.8188866325409605e-5
14.69,0.61,0.17815550096589414,2.3539915837697113e-7,2.3539984080695863e-7,2.8188866325409605e-5
14.69,0.61,0.292646974128703,1.5997540747245006e-8,1.599758139373884e-8,2.8188866325409605e-5
14.69,0.61,0.480716289995901,3.452884568182094e-10,3.4529008986048337e-10,2.8188866325409605e-5
14.69,0.61,0.789648183294706,1.97771491985061e-12,1.9777216416455945e-12,2.8188866325409605e-5
14.69,0.61,1.297114881182717,2.8874881711756937e-15,2.887504552157113e-15,2.8188866325409605e-5
14.69,0.61,2.1307045980472066,1.2064547324221707e-18,1.2064558713096404e-18,2.8188866325409605e-5
14.69,0.61,3.5000000000000004,1.7565883062394285e-22,1.7545411709528006e-22,2.8188866325409605e-5
14.69,0.61,3.8,3.215568258752967e-23,3.217175399984963e-23,2.8188866325409605e-5
14.69,0.61,3.98,5.374611394165962e-24,5.377109653188445e-24,2.8188866325409605e-5
14.69,0.61,3.9998,5.036139912380843e-25,5.038181437031546e-25,2.8188866325409605e-5
14.69,1.73,1.0000000000000001e-7,1.0884173736848722e-5,1.0884173804114068e-5,1.0885959347826268e-5
14.69,1.73,1.6426491045299075e-7,1.0883431922768592e-5,1.0883431990473101e-5,1.0885959347826268e-5
14.69,1.73,2.698296080612907e-7,1.0882381877289392e-5,1.0882381945345873e-5,1.0885959347826268e-5
14.69,1.73,4.432353640575351e-7,1.0880895459355678e-5,1.0880895527424117e-5,1.0885959347826268e-5
14.69,1.73,7.280801738650976e-7,1.0878791168567756e-5,1.0878791238411205e-5,1.0885959347826268e-5
14.69,1.73,1.1959802456254818e-6,1.087581181442027e-5,1.0875811883002274e-5,1.0885959347826268e-5
14.69,1.73,1.9645758795121526e-6,1.0871592700076621e-5,1.087159277333687e-5,1.0885959347826268e-5
14.69,1.73,3.227108809261693e-6,1.0865616119225214e-5,1.0865616190137997e-5,1.0885959347826268e-5
14.69,1.73,5.301007395754297e-6,1.0857145900264775e-5,1.0857145979162267e-5,1.0885959347826268e-5
14.69,1.73,8.707695051742211e-6,1.0845132433257944e-5,1.0845132512808784e-5,1.0885959347826268e-5
14.69,1.73,1.4303687479263852e-5,1.0828073146440284e-5,1.0828073233529118e-5,1.0885959347826268e-5
14.69,1.73,2.3495939429288417e-5,1.0803804006030913e-5,1.0803804111203304e-5,1.0885959347826268e-5
14.69,1.73,3.8595583863609565e-5,1.0769181025664319e-5,1.0769181124867935e-5,1.0885959347826268e-5
14.69,1.73,6.33990012723672e-5,1.0719581098491806e-5,1.0719581275582892e-5,1.0885959347826268e-5
14.69,1.73,0.00010414231266814445,1.0648098902822615e-5,1.0648099038343221e-5,1.0885959347826268e-5
14.69,1.73,0.00017106927664800093,1.0544227654970573e-5,1.054422802811162e-5,1.0885959347826268e-5
14.69,1.73,0.00028100679409841776,1.0391676981489707e-5,1.0391677320106505e-5,1.0885959347826268e-5
14.69,1.73,0.00046159555869258604,1.016483270538445e-5,1.0164833541696386e-5,1.0885959347826268e-5
14.69,1.73,0.0007582395311413588,9.823389961995969e-6,9.823391185439722e-6,1.0885959347826268e-5
14.69,1.73,0.00124552148684853,9.305541691940772e-6,9.305543287362062e-6,1.0885959347826268e-5
14.69,1.73,0.002045954755044497,8.523453326527856e-6,8.523457099946862e-6,1.0885959347826268e-5
14.69,1.73,0.0033607857462825456,7.373526080527068e-6,7.373528424720357e-6,1.0885959347826268e-5
14.69,1.73,0.005520591696647901,5.788450810469547e-6,5.788457998784686e-6,1.0885959347826268e-5
14.69,1.73,0.009068395006973916,3.857728312498466e-6,3.857731592970327e-6,1.0885959347826268e-5
14.69,1.73,0.01489619093772919,1.9580417395766927e-6,1.9580470847611013e-6,1.0885959347826268e-5
14.69,1.73,0.024469214704767362,6.370148281620049e-7,6.370166587855148e-7,1.0885959347826268e-5
14.69,1.73,0.04019433362333615,1.0186621986359201e-7,1.0186668717665283e-7,1.0885959347826268e-5
14.69,1.73,0.06602518613354949,5.412149278802472e-9,5.412186122823457e-9,1.0885959347826268e-5
14.69,1.73,0.1084562128786955,5.5572351218312365e-11,5.557272543738338e-11,1.0885959347826268e-5
14.69,1.73,0.17815550096589414,5.600300655323265e-14,5.600340376438635e-14,1.0885959347826268e-5
14.69,1.73,0.292646974128703,2.6918140337845447e-18,2.691847524580375e-18,1.0885959347826268e-5
14.69,1.73,0.480716289995901,3.44432883860276e-24,3.4443526437671646e-24,1.0885959347826268e-5
14.69,1.73,0.789648183294706,9.251103784764971e-32,9.251265687466276e-32,1.0885959347826268e-5
14.69,1.73,1.297114881182717,6.41316971511484e-41,6.413352251104058e-41,1.0885959347826268e-5
14.69,1.73,2.1307045980472066,2.017210412838874e-51,2.0158724103257566e-51,1.0885959347826268e-5
14.69,1.73,3.5000000000000004,5.89888035916538e-63,5.586988768382629e-63,1.0885959347826268e-5
14.69,1.73,3.8,5.9437258729516276e-65,5.329501713974455e-65,1.0885959347826268e-5
14.69,1.73,3.98,2.4567112181779426e-66,2.5699564010946466e-66,1.0885959347826268e-5
14.69,1.73,3.9998,2.0285945572822692e-67,2.1656645874046027e-67,1.0885959347826268e-5
14.69,4.71,1.0000000000000001e-7,4.197235359395232e-6,4.197217288496195e-6,4.199891303525226e-6
14.69,4.71,1.6426491045299075e-7,4.196131491797322e-6,4.196113253805725e-6,4.199891303525226e-6
14.69,4.71,2.698296080612907e-7,4.194568335334216e-6,4.1945498598651696e-6,4.199891303525226e-6
14.69,4.71,4.432353640575351e-7,4.192354159449097e-6,4.192335344745482e-6,4.199891303525226e-6
14.69,4.71,7.280801738650976e-7,4.189216401985969e-6,4.18919710604426e-6,4.199891303525226e-6
14.69,4.71,1.1959802456254818e-6,4.184766619575982e-6,4.184746626645397e-6,4.199891303525226e-6
14.69,4.71,1.9645758795121526e-6,4.178449095872912e-6,4.178428106585958e-6,4.199891303525226e-6
14.69,4.71,3.227108809261693e-6,4.169464240337635e-6,4.169441781748629e-6,4.199891303525226e-6
14.69,4.71,5.301007395754297e-6,4.156651948059084e-6,4.156627333370792e-6,4.199891303525226e-6
14.69,4.71,8.707695051742211e-6,4.138309426435064e-6,4.1382815437693155e-6,4.199891303525226e-6
14.69,4.71,1.4303687479263852e-5,4.11189903139576e-6,4.111866118204389e-6,4.199891303525226e-6
14.69,4.71,2.3495939429288417e-5,4.073569223718416e-6,4.073528394243963e-6,4.199891303525226e-6
14.69,4.71,3.8595583863609565e-5,4.017361530965595e-6,4.017307806815577e-6,4.199891303525226e-6
14.69,4.71,6.33990012723672e-5,3.933916622459631e-6,3.933842032555739e-6,4.199891303525226e-6
14.69,4.71,0.00010414231266814445,3.8084832920629917e-6,3.8083739493275257e-6,4.199891303525226e-6
14.69,4.71,0.00017106927664800093,3.6182923633982737e-6,3.618128190326741e-6,4.199891303525226e-6
14.69,4.71,0.00028100679409841776,3.330469143332661e-6,3.3302208266685418e-6,4.199891303525226e-6
14.69,4.71,0.00046159555869258604,2.904738942046806e-6,2.904378215139032e-6,4.199891303525226e-6
14.69,4.71,0.0007582395311413588,2.310792422734748e-6,2.3103113884970393e-6,4.199891303525226e-6
14.69,4.71,0.00124552148684853,1.5722077212367043e-6,1.571660143081841e-6,4.199891303525226e-6
14.69,4.71,0.002045954755044497,8.220096738251403e-7,8.215354049257025e-7,4.199891303525226e-6
14.69,4.71,0.0033607857462825456,2.7713810492351675e-7,2.768737001601689e-7,4.199891303525226e-6
14.69,4.71,0.005520591696647901,4.535644776406557e-8,4.528578603452099e-8,4.199891303525226e-6
14.69,4.71,0.009068395006973916,2.2874686889117805e-9,2.281654463354812e-9,4.199891303525226e-6
14.69,4.71,0.01489619093772919,1.737562761037708e-11,1.7304465648296947e-11,4.199891303525226e-6
14.69,4.71,0.024469214704767362,6.613693522770907e-15,6.570420301039931e-15,4.199891303525226e-6
14.69,4.71,0.04019433362333615,2.4814132499843265e-20,2.4559216232894605e-20,4.199891303525226e-6
14.69,4.71,0.06602518613354949,9.631603356290371e-29,9.479940212545429e-29,4.199891303525226e-6
14.69,4.71,0.1084562128786955,2.2927934498593174e-41,2.2392040809883815e-41,4.199891303525226e-6
14.69,4.71,0.17815550096589414,1.6399659511729815e-59,1.5852968636252197e-59,4.199891303525226e-6
14.69,4.71,0.292646974128703,3.053859515676812e-84,2.9152803539401584e-84,4.199891303525226e-6
14.69,4.71,0.480716289995901,5.404775180159187e-116,5.085267121906038e-116,4.199891303525226e-6
14.69,4.71,0.789648183294706,2.1277359536650074e-154,1.9705558307671115e-154,4.199891303525226e-6
14.69,4.71,1.297114881182717,1.9569937354021786e-198,1.781154007670284e-198,4.199891303525226e-6
14.69,4.71,2.1307045980472066,8.452799297804993e-247,8.02704293695089e-247,4.199891303525226e-6
14.69,4.71,3.5000000000000004,3.0020362992650207e-298,1.0065729549407001e-295,4.199891303525226e-6
14.69,4.71,3.8,5.350105841477471e-307,9.391204896204619e-301,4.199891303525226e-6
14.69,4.71,3.98,5.34082854598e-312,1.3392593571137857e-302,4.199891303525226e-6
14.69,4.71,3.9998,2.2162122291e-313,1.1164706578422386e-303,4.199891303525226e-6
15.19,0.00113,1.0000000000000001e-7,0.0003784158725076803,0.0003784158981285692,0.000378430539335848
15.19,0.00113,1.6426491045299075e-7,0.0003784097797365253,0.000378409805419616,0.000378430539335848
15.19,0.00113,2.698296080612907e-7,0.000378401155897046,0.00037840118166207975,0.000378430539335848
15.19,0.00113,4.432353640575351e-7,0.0003783889494500216,0.0003783889753450035,0.000378430539335848
15.19,0.00113,7.280801738650976e-7,0.0003783716718883429,0.0003783716979425402,0.000378430539335848
15.19,0.00113,1.1959802456254818e-6,0.0003783472160207598,0.00037834724233776234,0.000378430539335848
15.19,0.00113,1.9645758795121526e-6,0.000378312598514644,0.0003783126251576533,0.000378430539335848
15.19,0.00113,3.227108809261693e-6,0.00037826359490681337,0.00037826362205973434,0.000378430539335848
15.19,0.00113,5.301007395754297e-6,0.0003781942216680858,0.000378194249509212,0.000378430539335848
15.19,0.00113,8.707695051742211e-6,0.00037809600010048843,0.0003780960289089487,0.000378430539335848
15.19,0.00113,1.4303687479263852e-5,0.00037795690764146544,0.00037795693790897405,0.000378430539335848
15.19,0.00113,2.3495939429288417e-5,0.0003777598782237349,0.0003777599103413992,0.000378430539335848
15.19,0.00113,3.8595583863609565e-5,0.00037748064549864376,0.00037748068066655776,0.000378430539335848
15.19,0.00113,6.33990012723672e-5,0.0003770846144767173,0.00037708465336719804,0.000378430539335848
15.19,0.00113,0.00010414231266814445,0.0003765222680157317,0.0003765223131282956,0.000378430539335848
15.19,0.00113,0.00017106927664800093,0.00037572230763310187,0.00037572236077499386,0.000378430539335848
15.19,0.00113,0.00028100679409841776,0.0003745811875702497,0.0003745812532705308,0.000378430539335848
15.19,0.00113,0.00046159555869258604,0.0003729467373274321,0.0003729468215995954,0.000378430539335848
15.19,0.00113,0.0007582395311413588,0.0003705918682928068,0.00037059197857002214,0.000378430539335848
15.19,0.00113,0.00124552148684853,0.00036717150121684256,0.00036717165784414294,0.000378430539335848
15.19,0.00113,0.002045954755044497,0.00036215157718254667,0.0003621517920770047,0.000378430539335848
15.19,0.00113,0.0033607857462825456,0.0003546944333313349,0.00035469476886906517,0.000378430539335848
15.19,0.00113,0.005520591696647901,0.00034348617713472865,0.00034348666162660176,0.000378430539335848
15.19,0.00113,0.009068395006973916,0.00032651979396233316,0.0003265205665005456,0.000378430539335848
15.19,0.00113,0.01489619093772919,0.00030095435775755343,0.0003009555021229435,0.000378430539335848
15.19,0.00113,0.024469214704767362,0.00026343944963606424,0.000263441084079512,0.000378430539335848
15.19,0.00113,0.04019433362333615,0.00021170662787446892,0.00021170880192760027,0.000378430539335848
15.19,0.00113,0.06602518613354949,0.00014813388078211562,0.0001481362104989568,0.000378430539335848
15.19,0.00113,0.1084562128786955,8.35031763515768e-5,8.350521243673949e-5,0.000378430539335848
15.19,0.00113,0.17815550096589414,3.417551529120365e-5,3.4176703198489224e-5,0.000378430539335848
15.19,0.00113,0.292646974128703,8.990688794418184e-6,8.991102759353729e-6,0.000378430539335848
15.19,0.00113,0.480716289995901,1.3542129077175182e-6,1.3542908210258918e-6,0.000378430539335848
15.19,0.00113,0.789648183294706,1.0843979948669921e-7,1.08446764497381e-7,0.000378430539335848
15.19,0.00113,1.297114881182717,4.59774373188037e-9,4.598042404056992e-9,0.000378430539335848
15.19,0.00113,2.1307045980472066,1.1025407922006979e-10,1.1025995421430978e-10,0.000378430539335848
15.19,0.00113,3.5000000000000004,1.455287440875076e-12,1.4552564729402033e-12,0.000378430539335848
15.19,0.00113,3.8,5.258347036898847e-13,5.258412115598958e-13,0.000378430539335848
15.19,0.00113,3.98,1.230261813058698e-13,1.2302804314186777e-13,0.000378430539335848
15.19,0.00113,3.9998,1.1919487508939565e-14,1.191963332050543e-14,0.000378430539335848
15.19,0.0037,1.0000000000000001e-7,0.00037519527590967324,0.00037519527613722635,0.00037520989004233215
15.19,0.0037,1.6426491045299075e-7,0.00037518920502840317,0.00037518920525252814,0.00037520989004233215
15.19,0.0037,2.698296080612907e-7,0.0003751806121717577,0.0003751806124024262,0.00037520989004233215
15.19,0.0037,4.432353640575351e-7,0.0003751684495774477,0.0003751684498059482,0.00037520989004233215
15.19,0.0037,7.280801738650976e-7,0.0003751512340838137,0.00037515123431669094,0.00037520989004233215
15.19,0.0037,1.1959802456254818e-6,0.0003751268660645751,0.00037512686630624363,0.00037520989004233215
15.19,0.0037,1.9645758795121526e-6,0.00037509237289229267,0.0003750923731230381,0.00037520989004233215
15.19,0.0037,3.227108809261693e-6,0.00037504354525071305,0.0003750435455208644,0.00037520989004233215
15.19,0.0037,5.301007395754297e-6,0.0003749744210378041,0.0003749744212649032,0.00037520989004233215
15.19,0.0037,8.707695051742211e-6,0.0003748765518569312,0.0003748765521747733,0.00037520989004233215
15.19,0.0037,1.4303687479263852e-5,0.0003747379579744091,0.000374737958231178,0.00037520989004233215
15.19,0.0037,2.3495939429288417e-5,0.00037454163381069375,0.0003745416341854047,0.00037520989004233215
15.19,0.0037,3.8595583863609565e-5,0.0003742633983415458,0.0003742633987330459,0.00037520989004233215
15.19,0.0037,6.33990012723672e-5,0.0003738687767191063,0.0003738687771182046,0.00037520989004233215
15.19,0.0037,0.00010414231266814445,0.00037330842052097604,0.00037330842129773773,0.00037520989004233215
15.19,0.0037,0.00017106927664800093,0.0003725112673256439,0.00037251126765562,0.00037520989004233215
15.19,0.0037,0.00028100679409841776,0.00037137410003350334,0.0003713741017592081,0.00037520989004233215
15.19,0.0037,0.00046159555869258604,0.00036974520307805306,0.00036974520352304265,0.00037520989004233215
15.19,0.0037,0.0007582395311413588,0.0003673981143922749,0.00036739811824507026,0.00037520989004233215
15.19,0.0037,0.00124552148684853,0.000363988618034106,0.0003639886207019624,0.00037520989004233215
15.19,0.0037,0.002045954755044497,0.00035898386558104564,0.00035898387307834573,0.00037520989004233215
15.19,0.0037,0.0033607857462825456,0.0003515479879729025,0.0003515480020687309,0.00037520989004233215
15.19,0.0037,0.005520591696647901,0.0003403700678137288,0.00034037007690626857,0.00037520989004233215
15.19,0.0037,0.009068395006973916,0.00032344882437781964,0.0003234488739281199,0.00037520989004233215
15.19,0.0037,0.01489619093772919,0.0002979557141644631,0.0002979557183343918,0.00037520989004233215
15.19,0.0037,0.024469214704767362,0.00026056739299116914,0.00026056748988665827,0.00037520989004233215
15.19,0.0037,0.04019433362333615,0.0002090680929040367,0.00020906811466074192,0.00037520989004233215
15.19,0.0037,0.06602518613354949,0.00014591091482176862,0.00014591097733938424,0.00037520989004233215
15.19,0.0037,0.1084562128786955,8.191472190301645e-5,8.19147434317256e-5,0.00037520989004233215
15.19,0.0037,0.17815550096589414,3.3317476595924265e-5,3.3317474052087176e-5,0.00037520989004233215
15.19,0.0037,0.292646974128703,8.686298955290986e-6,8.686292946881708e-6,0.00037520989004233215
15.19,0.0037,0.480716289995901,1.2923448106469125e-6,1.292344569696881e-6,0.00037520989004233215
15.19,0.0037,0.789648183294706,1.0186426376554317e-7,1.0186406430309966e-7,0.00037520989004233215
15.19,0.0037,1.297114881182717,4.237631647699228e-9,4.2376311553604335e-9,0.00037520989004233215
15.19,0.0037,2.1307045980472066,9.944590565223814e-11,9.944468581715225e-11,0.00037520989004233215
15.19,0.0037,3.5000000000000004,1.2835830154903928e-12,1.2835588320190322e-12,0.00037520989004233215
15.19,0.0037,3.8,4.623091611063262e-13,4.623149786303446e-13,0.00037520989004233215
15.19,0.0037,3.98,1.079872032400336e-13,1.0798658996368862e-13,0.00037520989004233215
15.19,0.0037,3.9998,1.0460685176788087e-14,1.0460606444731985e-14,0.00037520989004233215
15.19,0.0127,1.0000000000000001e-7,0.0003642344226249154,0.000364234422701542,0.00036424885618636786
15.19,0.0127,1.6426491045299075e-7,0.00036422842675348685,0.00036422842683554913,0.00036424885618636786
15.19,0.0127,2.698296080612907e-7,0.0003642199400653672,0.00036421994014255467,0.00036424885618636786
15.19,0.0127,4.432353640575351e-7,0.000364207927740588,0.00036420792782668535,0.00036424885618636786
15.19,0.0127,7.280801738650976e-7,0.0003641909249345669,0.00036419092501755455,0.00036424885618636786
15.19,0.0127,1.1959802456254818e-6,0.00036416685794353834,0.00036416685803207423,0.00036424885618636786
15.19,0.0127,1.9645758795121526e-6,0.0003641327908227612,0.0003641327909234758,0.00036424885618636786
15.19,0.0127,3.227108809261693e-6,0.000364084566158278,0.0003640845662426182,0.00036424885618636786
15.19,0.0127,5.301007395754297e-6,0.0003640162952687607,0.00036401629540789546,0.00036424885618636786
15.19,0.0127,8.707695051742211e-6,0.0003639196335829346,0.00036391963366018057,0.00036424885618636786
15.19,0.0127,1.4303687479263852e-5,0.0003637827481105027,0.0003637827483137633,0.00036424885618636786
15.19,0.0127,2.3495939429288417e-5,0.00036358884050464703,0.0003635888406202714,0.00036424885618636786
15.19,0.0127,3.8595583863609565e-5,0.0003633140220327047,0.00036331402231134477,0.00036424885618636786
15.19,0.0127,6.33990012723672e-5,0.000362924229340112,0.0003629242296428882,0.00036424885618636786
15.19,0.0127,0.00010414231266814445,0.00036237069173325974,0.0003623706920366987,0.00036424885618636786
15.19,0.0127,0.00017106927664800093,0.0003615831548017743,0.0003615831556711333,0.00036424885618636786
15.19,0.0127,0.00028100679409841776,0.00036045952579662964,0.0003604595259654855,0.00036424885618636786
15.19,0.0127,0.00046159555869258604,0.0003588496443334147,0.0003588496467009803,0.00036424885618636786
15.19,0.0127,0.0007582395311413588,0.0003565291882160085,0.00035652918848507137,0.00036424885618636786
15.19,0.0127,0.00124552148684853,0.00035315688739503585,0.0003531568932734208,0.00036424885618636786
15.19,0.0127,0.002045954755044497,0.0003482040232185597,0.00034820402701948806,0.00036424885618636786
15.19,0.0127,0.0033607857462825456,0.00034084085748853674,0.0003408408689439466,0.00036424885618636786
15.19,0.0127,0.005520591696647901,0.0003297666929706544,0.0003297667148724109,0.00036424885618636786
15.19,0.0127,0.009068395006973916,0.00031300008759907553,0.00031300009898166625,0.00036424885618636786
15.19,0.0127,0.01489619093772919,0.0002877555831736255,0.0002877556517984562,0.00036424885618636786
15.19,0.0127,0.024469214704767362,0.00025080420049080097,0.000250804201361233,0.00036424885618636786
15.19,0.0127,0.04019433362333615,0.0002001131369841425,0.00020011323261724917,0.00036424885618636786
15.19,0.0127,0.06602518613354949,0.00013839321816987358,0.00013839323255530048,0.00036424885618636786
15.19,0.0127,0.1084562128786955,7.658018548012552e-5,7.65802065023644e-5,0.00036424885618636786
15.19,0.0127,0.17815550096589414,3.0470544663211896e-5,3.04705451481544e-5,0.00036424885618636786
15.19,0.0127,0.292646974128703,7.695158464118216e-6,7.695155272909337e-6,0.00036424885618636786
15.19,0.0127,0.480716289995901,1.0961729565799704e-6,1.0961714796702485e-6,0.00036424885618636786
15.19,0.0127,0.789648183294706,8.172073797452291e-8,8.172072550694737e-8,0.00036424885618636786
15.19,0.0127,1.297114881182717,3.1793082705098185e-9,3.1792995436328027e-9,0.00036424885618636786
15.19,0.0127,2.1307045980472066,6.913783847819223e-11,6.913785389827955e-11,0.00036424885618636786
15.19,0.0127,3.5000000000000004,8.246668179574903e-13,8.246478763806118e-13,0.00036424885618636786
15.19,0.0127,3.8,2.936811532775511e-13,2.93679325920605e-13,0.00036424885618636786
15.19,0.0127,3.98,6.820538035789433e-14,6.820864971486566e-14,0.00036424885618636786
15.19,0.0127,3.9998,6.603165130201218e-15,6.603506371277277e-15,0.00036424885618636786
15.19,0.047,1.0000000000000001e-7,0.0003265913769317001,0.0003265913781286288,0.00032660517530803723
15.19,0.047,1.6426491045299075e-7,0.00032658564491782867,0.00032658564611800253,0.00032660517530803723
15.19,0.047,2.698296080612907e-7,0.0003265775316918596,0.0003265775328882719,0.00032660517530803723
15.19,0.047,4.432353640575351e-7,0.00032656604795952804,0.00032656604916639646,0.00032660517530803723
15.19,0.047,7.280801738650976e-7,0.0003265497933074094,0.0003265497945047692,0.00032660517530803723
15.19,0.047,1.1959802456254818e-6,0.00032652678521378136,0.0003265267864306416,0.00032660517530803723
15.19,0.047,1.9645758795121526e-6,0.0003264942167610787,0.0003264942179695312,0.00032660517530803723
15.19,0.047,3.227108809261693e-6,0.00032644811308744925,0.00032644811431383164,0.00032660517530803723
15.19,0.047,5.301007395754297e-6,0.00032638284373011605,0.00032638284497444746,0.00032660517530803723
15.19,0.047,8.707695051742211e-6,0.0003262904292267572,0.00032629043045285096,0.00032660517530803723
15.19,0.047,1.4303687479263852e-5,0.00032615955252664636,0.0003261595538540583,0.00032660517530803723
15.19,0.047,2.3495939429288417e-5,0.0003259741436918373,0.00032597414490862626,0.00032660517530803723
15.19,0.047,3.8595583863609565e-5,0.0003257113409212968,0.0003257113424044929,0.00032660517530803723
15.19,0.047,6.33990012723672e-5,0.00032533852561402983,0.0003253385269046191,0.00032660517530803723
15.19,0.047,0.00010414231266814445,0.00032480895340601554,0.0003248089551281304,0.00032660517530803723
15.19,0.047,0.00017106927664800093,0.0003240551996122545,0.00032405520132307964,0.00032660517530803723
15.19,0.047,0.00028100679409841776,0.0003229791004817876,0.0003229791024630701,0.00032660517530803723
15.19,0.047,0.00046159555869258604,0.0003214359140080719,0.00032143591724279177,0.00032660517530803723
15.19,0.047,0.0007582395311413588,0.0003192087461565993,0.00031920874814985275,0.00032660517530803723
15.19,0.047,0.00124552148684853,0.00031596651706638194,0.0003159665251208947,0.00032660517530803723
15.19,0.047,0.002045954755044497,0.00031119478343812074,0.0003111947858081363,0.00032660517530803723
15.19,0.047,0.0033607857462825456,0.00030408515914448015,0.00030408517945624094,0.00032660517530803723
15.19,0.047,0.005520591696647901,0.00029337327158425285,0.00029337328361932,0.00032660517530803723
15.19,0.047,0.009068395006973916,0.0002771501551855052,0.00027715019321213226,0.00032660517530803723
15.19,0.047,0.01489619093772919,0.00025279102638075596,0.0002527910779719719,0.00032660517530803723
15.19,0.047,0.024469214704767362,0.00021742060215468878,0.00021742063750997817,0.00032660517530803723
15.19,0.047,0.04019433362333615,0.00016968222838020553,0.0001696823221893992,0.00032660517530803723
15.19,0.047,0.06602518613354949,0.00011319345322422508,0.00011319346466530242,0.00032660517530803723
15.19,0.047,0.1084562128786955,5.916643862403709e-5,5.916646876445815e-5,0.00032660517530803723
15.19,0.047,0.17815550096589414,2.1589806453669624e-5,2.1589809885202023e-5,0.00032660517530803723
15.19,0.047,0.292646974128703,4.811253304694982e-6,4.811249876736549e-6,0.00032660517530803723
15.19,0.047,0.480716289995901,5.779336777329752e-7,5.779333326585838e-7,0.00032660517530803723
15.19,0.047,0.789648183294706,3.464746480164856e-8,3.464743712120947e-8,0.00032660517530803723
15.19,0.047,1.297114881182717,1.0375408878787832e-9,1.0375389143091325e-9,0.00032660517530803723
15.19,0.047,2.1307045980472066,1.676180889159807e-11,1.6761750310047606e-11,0.00032660517530803723
15.19,0.047,3.5000000000000004,1.468151419359306e-13,1.4680714515962383e-13,0.00032660517530803723
15.19,0.047,3.8,5.001813614983049e-14,5.0019271129058455e-14,0.00032660517530803723
15.19,0.047,3.98,1.1358536406561649e-14,1.1359185399739679e-14,0.00032660517530803723
15.19,0.047,3.9998,1.097149156560227e-15,1.0972103468650402e-15,0.00032660517530803723
15.19,0.173,1.0000000000000001e-7,0.0002293981724784525,0.000229398172056308,0.00022941021290789519
15.19,0.173,1.6426491045299075e-7,0.00022939317071617293,0.00022939317029690274,0.00022941021290789519
15.19,0.173,2.698296080612907e-7,0.00022938609107781276,0.00022938609065903731,0.00022941021290789519
15.19,0.173,4.432353640575351e-7,0.00022937607025664796,0.00022937606983788105,0.00022941021290789519
15.19,0.173,7.280801738650976e-7,0.00022936188613651795,0.00022936188572620793,0.00022941021290789519
15.19,0.173,1.1959802456254818e-6,0.000229341808498586,0.00022934180807835506,0.00022941021290789519
15.19,0.173,1.9645758795121526e-6,0.00022931338739914817,0.000229313387005137,0.00022941021290789519
15.19,0.173,3.227108809261693e-6,0.0002292731529277641,0.00022927315251034916,0.00022941021290789519
15.19,0.173,5.301007395754297e-6,0.0002292161886287583,0.00022921618825876542,0.00022941021290789519
15.19,0.173,8.707695051742211e-6,0.00022913552406736445,0.00022913552367878306,0.00022941021290789519
15.19,0.173,1.4303687479263852e-5,0.00022902126684574926,0.00022902126649818137,0.00022941021290789519
15.19,0.173,2.3495939429288417e-5,0.0002288593556794094,0.0002288593553849829,0.00022941021290789519
15.19,0.173,3.8595583863609565e-5,0.00022862975475024708,0.00022862975440015988,0.00022941021290789519
15.19,0.173,6.33990012723672e-5,0.00022830380856617022,0.00022830380850510413,0.00022941021290789519
15.19,0.173,0.00010414231266814445,0.00022784030438642575,0.00022784030401174778,0.00022941021290789519
15.19,0.173,0.00017106927664800093,0.00022717948701284383,0.00022717948746240783,0.00022941021290789519
15.19,0.173,0.00028100679409841776,0.00022623373171812996,0.00022623373159677033,0.00022941021290789519
15.19,0.173,0.00046159555869258604,0.00022487262531569377,0.00022487262675912866,0.00022941021290789519
15.19,0.173,0.0007582395311413588,0.0002228985752031538,0.00022289857683186213,0.00022941021290789519
15.19,0.173,0.00124552148684853,0.0002200065488988704,0.00022000655165424165,0.00022941021290789519
15.19,0.173,0.002045954755044497,0.00021571856025165607,0.00021571856931015915,0.00022941021290789519
15.19,0.173,0.0033607857462825456,0.0002092830520922231,0.00020928305456836428,0.00022941021290789519
15.19,0.173,0.005520591696647901,0.00019954206027781497,0.00019954209058904354,0.00022941021290789519
15.19,0.173,0.009068395006973916,0.00018482329478684947,0.00018482329842248527,0.00022941021290789519
15.19,0.173,0.01489619093772919,0.00016306200557323033,0.00016306206462419549,0.00022941021290789519
15.19,0.173,0.024469214704767362,0.00013261808992528628,0.00013261811633785147,0.00022941021290789519
15.19,0.173,0.04019433362333615,9.43307098748216e-5,9.433075507727669e-5,0.00022941021290789519
15.19,0.173,0.06602518613354949,5.41408613627289e-5,5.414089317929824e-5,0.00022941021290789519
15.19,0.173,0.1084562128786955,2.2344535015444736e-5,2.234453953751018e-5,0.00022941021290789519
15.19,0.173,0.17815550096589414,5.708721916609395e-6,5.708721561700955e-6,0.00022941021290789519
15.19,0.173,0.292646974128703,7.627940595817783e-7,7.627942188402085e-7,0.00022941021290789519
15.19,0.173,0.480716289995901,4.586755142870615e-8,4.58674650003275e-8,0.00022941021290789519
15.19,0.173,0.789648183294706,1.1425033734772785e-9,1.14250338587483e-9,0.00022941021290789519
15.19,0.173,1.297114881182717,1.1997606962090895e-11,1.1997581658615524e-11,0.00022941021290789519
15.19,0.173,2.1307045980472066,5.928079238592958e-14,5.92805751622002e-14,0.00022941021290789519
15.19,0.173,3.5000000000000004,1.4997677004768843e-16,1.4996698076689941e-16,0.00022941021290789519
15.19,0.173,3.8,4.269695863503282e-17,4.269033241751575e-17,0.00022941021290789519
15.19,0.173,3.98,8.86341950578623e-18,8.864494519088873e-18,0.00022941021290789519
15.19,0.173,3.9998,8.484407047270369e-19,8.4857973243412725e-19,0.00022941021290789519
15.19,0.61,1.0000000000000001e-7,0.00010057871941745342,0.00010057871833101443,0.00010058828863848007
15.19,0.61,1.6426491045299075e-7,0.00010057474414693528,0.00010057474306484333,0.00010058828863848007
15.19,0.61,2.698296080612907e-7,0.00010056911732651685,0.000100569116243859,0.00010058828863848007
15.19,0.61,4.432353640575351e-7,0.0001005611526369349,0.00010056115155961646,0.00010058828863848007
15.19,0.61,7.280801738650976e-7,0.00010054987832735742,0.00010054987725476452,0.00010058828863848007
15.19,0.61,1.1959802456254818e-6,0.00010053391821934093,0.0001005339171481259,0.00010058828863848007
15.19,0.61,1.9645758795121526e-6,0.00010051132273370493,0.0001005113216834718,0.00010058828863848007
15.19,0.61,3.227108809261693e-6,0.00010047932848893935,0.00010047932742767784,0.00010058828863848007
15.19,0.61,5.301007395754297e-6,0.00010043401524792812,0.00010043401424088376,0.00010058828863848007
15.19,0.61,8.707695051742211e-6,0.00010036981410990692,0.00010036981308278509,0.00010058828863848007
15.19,0.61,1.4303687479263852e-5,0.00010027879750046465,0.00010027879656752215,0.00010058828863848007
15.19,0.61,2.3495939429288417e-5,0.00010014964357991026,0.00010014964266517771,0.00010058828863848007
15.19,0.61,3.8595583863609565e-5,9.996610374664711e-5,9.996610293006744e-5,0.00010058828863848007
15.19,0.61,6.33990012723672e-5,9.970469055422335e-5,9.970468996200365e-5,0.00010058828863848007
15.19,0.61,0.00010414231266814445,9.933110521709995e-5,9.933110458833421e-5,0.00010058828863848007
15.19,0.61,0.00017106927664800093,9.879457022821239e-5,9.879457053583466e-5,0.00010058828863848007
15.19,0.61,0.00028100679409841776,9.801861687121536e-5,9.801861675926831e-5,0.00010058828863848007
15.19,0.61,0.00046159555869258604,9.688587952351851e-5,9.688588226785023e-5,0.00010058828863848007
15.19,0.61,0.0007582395311413588,9.521309527087594e-5,9.521309772819894e-5,0.00010058828863848007
15.19,0.61,0.00124552148684853,9.271156132290653e-5,9.271156968361282e-5,0.00010058828863848007
15.19,0.61,0.002045954755044497,8.893096435695847e-5,8.89309773368901e-5,0.00010058828863848007
15.19,0.61,0.0033607857462825456,8.320024113391144e-5,8.32002583038484e-5,0.00010058828863848007
15.19,0.61,0.005520591696647901,7.462870936235364e-5,7.462874963219388e-5,0.00010058828863848007
15.19,0.61,0.009068395006973916,6.233738945574707e-5,6.233741484406562e-5,0.00010058828863848007
15.19,0.61,0.01489619093772919,4.6198021083325014e-5,4.6198086959413385e-5,0.00010058828863848007
15.19,0.61,0.024469214704767362,2.8094497919726177e-5,2.809452834207864e-5,0.00010058828863848007
15.19,0.61,0.04019433362333615,1.2421323979920526e-5,1.2421356916406839e-5,0.00010058828863848007
15.19,0.61,0.06602518613354949,3.3407001455002835e-6,3.340709662331906e-6,0.00010058828863848007
15.19,0.61,0.1084562128786955,4.2815427783611637e-7,4.2815573484593093e-7,0.00010058828863848007
15.19,0.61,0.17815550096589414,1.9377488507552186e-8,1.9377560018865073e-8,0.00010058828863848007
15.19,0.61,0.292646974128703,2.2723111622994698e-10,2.2723232254047615e-10,0.00010058828863848007
15.19,0.61,0.480716289995901,5.450048962682646e-13,5.450067516237748e-13,0.00010058828863848007
15.19,0.61,0.789648183294706,2.475423749427898e-16,2.4754455748499063e-16,0.00010058828863848007
15.19,0.61,1.297114881182717,2.3873013818052727e-20,2.3873202941745617e-20,0.00010058828863848007
15.19,0.61,2.1307045980472066,6.327843213938159e-25,6.327815284231726e-25,0.00010058828863848007
15.19,0.61,3.5000000000000004,6.218963951030193e-30,6.189223378071951e-30,0.00010058828863848007
15.19,0.61,3.8,7.645637969461465e-31,7.620240123460855e-31,0.00010058828863848007
15.19,0.61,3.98,1.057845919227096e-31,1.0644949858685871e-31,0.00010058828863848007
15.19,0.61,3.9998,9.735392013099237e-33,9.806566037462074e-33,0.00010058828863848007
15.19,1.73,1.0000000000000001e-7,3.8951028122356515e-5,3.89510283643395e-5,3.896084894919119e-5
15.19,1.73,1.6426491045299075e-7,3.894694789306841e-5,3.8946948133254196e-5,3.896084894919119e-5
15.19,1.73,2.698296080612907e-7,3.894117194185657e-5,3.894117218759586e-5,3.896084894919119e-5
15.19,1.73,4.432353640575351e-7,3.893299486251437e-5,3.8932995107551705e-5,3.896084894919119e-5
15.19,1.73,7.280801738650976e-7,3.892141694430684e-5,3.8921417194981736e-5,3.896084894919119e-5
15.19,1.73,1.1959802456254818e-6,3.890502029538671e-5,3.8905020553693887e-5,3.896084894919119e-5
15.19,1.73,1.9645758795121526e-6,3.888179147425662e-5,3.8881791730342415e-5,3.896084894919119e-5
15.19,1.73,3.227108809261693e-6,3.884886590859522e-5,3.8848866197287106e-5,3.896084894919119e-5
15.19,1.73,5.301007395754297e-6,3.880215612701968e-5,3.880215639369313e-5,3.896084894919119e-5
15.19,1.73,8.707695051742211e-6,3.873580366791204e-5,3.8735804019781235e-5,3.896084894919119e-5
15.19,1.73,1.4303687479263852e-5,3.8641356180167505e-5,3.8641356500777885e-5,3.896084894919119e-5
15.19,1.73,2.3495939429288417e-5,3.8506503191194726e-5,3.850650366907157e-5,3.896084894919119e-5
15.19,1.73,3.8595583863609565e-5,3.831308227520548e-5,3.831308282037159e-5,3.896084894919119e-5
15.19,1.73,6.33990012723672e-5,3.803385309891819e-5,3.803385381890195e-5,3.896084894919119e-5
15.19,1.73,0.00010414231266814445,3.7627180549347965e-5,3.762718192142249e-5,3.896084894919119e-5
15.19,1.73,0.00017106927664800093,3.702825283251898e-5,3.702825400787491e-5,3.896084894919119e-5
15.19,1.73,0.00028100679409841776,3.613497550283134e-5,3.613497950994062e-5,3.896084894919119e-5
15.19,1.73,0.00046159555869258604,3.4787156905611196e-5,3.478715956957995e-5,3.896084894919119e-5
15.19,1.73,0.0007582395311413588,3.274200748538607e-5,3.2742017595493373e-5,3.896084894919119e-5
15.19,1.73,0.00124552148684853,2.966448111279545e-5,2.9664490045923094e-5,3.896084894919119e-5
15.19,1.73,0.002045954755044497,2.5188319373413136e-5,2.518833661726852e-5,3.896084894919119e-5
15.19,1.73,0.0033607857462825456,1.915537718045951e-5,1.915539834573376e-5,3.896084894919119e-5
15.19,1.73,0.005520591696647901,1.2098619061752952e-5,1.209863380785754e-5,3.896084894919119e-5
15.19,1.73,0.009068395006973916,5.612990458626945e-6,5.61300848682788e-6,3.896084894919119e-5
15.19,1.73,0.01489619093772919,1.5735764265375547e-6,1.5735799209178522e-6,3.896084894919119e-5
15.19,1.73,0.024469214704767362,1.9715642102478618e-7,1.97157771837202e-7,3.896084894919119e-5
15.19,1.73,0.04019433362333615,7.051664139089586e-9,7.051704649357429e-9,3.896084894919119e-5
15.19,1.73,0.06602518613354949,3.844662738954683e-11,3.8446971844313284e-11,3.896084894919119e-5
15.19,1.73,0.1084562128786955,1.4368981752623087e-14,1.4369128137582863e-14,3.896084894919119e-5
15.19,1.73,0.17815550096589414,1.5322747685282998e-19,1.5322910187930138e-19,3.896084894919119e-5
15.19,1.73,0.292646974128703,2.2083427788470256e-26,2.2083636721443043e-26,3.896084894919119e-5
15.19,1.73,0.480716289995901,2.9937200257408493e-35,2.9937853181390255e-35,3.896084894919119e-5
15.19,1.73,0.789648183294706,4.530079013415306e-46,4.5301799651678154e-46,3.896084894919119e-5
15.19,1.73,1.297114881182717,1.4398469224575988e-58,1.4398918198845144e-58,3.896084894919119e-5
15.19,1.73,2.1307045980472066,2.2647811435328937e-72,2.2644965549069475e-72,3.896084894919119e-5
15.19,1.73,3.5000000000000004,4.097519867430048e-87,4.13298682330307e-87,3.896084894919119e-5
15.19,1.73,3.8,1.2531595334042024e-89,1.2367125585316146e-89,3.896084894919119e-5
15.19,1.73,3.98,2.8711750264166445e-91,3.023742985536235e-91,3.896084894919119e-5
15.19,1.73,3.9998,2.254928001563643e-92,2.3820456580481593e-92,3.896084894919119e-5
15.19,4.71,1.0000000000000001e-7,1.5035411729792818e-5,1.5035345661984122e-5,1.5050021826262943e-5
15.19,4.71,1.6426491045299075e-7,1.502933692926646e-5,1.5029269933105891e-5,1.5050021826262943e-5
15.19,4.71,2.698296080612907e-7,1.5020731356957292e-5,1.5020663049926149e-5,1.5050021826262943e-5
15.19,4.71,4.432353640575351e-7,1.5008534516240859e-5,1.50084643238121e-5,1.5050021826262943e-5
15.19,4.71,7.280801738650976e-7,1.4991233898021896e-5,1.4991161003693765e-5,1.5050021826262943e-5
15.19,4.71,1.1959802456254818e-6,1.4966663209819628e-5,1.4966586407587579e-5,1.5050021826262943e-5
15.19,4.71,1.9645758795121526e-6,1.493170026593731e-5,1.4931617713147012e-5,1.5050021826262943e-5
15.19,4.71,3.227108809261693e-6,1.4881804381816252e-5,1.488171335871587e-5,1.5050021826262943e-5
15.19,4.71,5.301007395754297e-6,1.481028935449703e-5,1.4810185353124068e-5,1.5050021826262943e-5
15.19,4.71,8.707695051742211e-6,1.4707150721006734e-5,1.4707026862631407e-5,1.5050021826262943e-5
15.19,4.71,1.4303687479263852e-5,1.455713571549599e-5,1.4556979949359719e-5,1.5050021826262943e-5
15.19,4.71,2.3495939429288417e-5,1.4336550255332482e-5,1.4336343220514202e-5,1.5050021826262943e-5
15.19,4.71,3.8595583863609565e-5,1.4008093587354035e-5,1.4007801946833143e-5,1.5050021826262943e-5
15.19,4.71,6.33990012723672e-5,1.351309749476604e-5,1.3512667386568178e-5,1.5050021826262943e-5
15.19,4.71,0.00010414231266814445,1.2761926797308388e-5,1.2761278236161963e-5,1.5050021826262943e-5
15.19,4.71,0.00017106927664800093,1.1628508228494762e-5,1.1627531494194534e-5,1.5050021826262943e-5
15.19,4.71,0.00028100679409841776,9.968243756982078e-6,9.966849311242397e-6,1.5050021826262943e-5
15.19,4.71,0.00046159555869258604,7.69943273259333e-6,7.697621297147037e-6,1.5050021826262943e-5
15.19,4.71,0.0007582395311413588,4.982880984503421e-6,4.980930147759766e-6,1.5050021826262943e-5
15.19,4.71,0.00124552148684853,2.3952033184866263e-6,2.3936454443762244e-6,1.5050021826262943e-5
15.19,4.71,0.002045954755044497,7.020579735179273e-7,7.013063372995081e-7,1.5050021826262943e-5
15.19,4.71,0.0033607857462825456,9.116343169083308e-8,9.10036630359199e-8,1.5050021826262943e-5
15.19,4.71,0.005520591696647901,3.1427338373009354e-9,3.1337547612926173e-9,1.5050021826262943e-5
15.19,4.71,0.009068395006973916,1.280778489491347e-11,1.2748774241841504e-11,1.5050021826262943e-5
15.19,4.71,0.01489619093772919,1.768613334641984e-15,1.7555574111777425e-15,1.5050021826262943e-5
15.19,4.71,0.024469214704767362,1.288327180241166e-21,1.2733812526679487e-21,1.5050021826262943e-5
15.19,4.71,0.04019433362333615,3.6453975744632965e-31,3.5802877680368307e-31,1.5050021826262943e-5
15.19,4.71,0.06602518613354949,1.4345749219984834e-45,1.3963656270106205e-45,1.5050021826262943e-5
15.19,4.71,0.1084562128786955,2.020740760716674e-66,1.943611002206332e-66,1.5050021826262943e-5
15.19,4.71,0.17815550096589414,4.454027112436235e-95,4.2211312920973744e-95,1.5050021826262943e-5
15.19,4.71,0.292646974128703,3.3231221899218083e-132,3.095662140378167e-132,1.5050021826262943e-5
15.19,4.71,0.480716289995901,1.685053987559426e-177,1.5403837852833212e-177,1.5050021826262943e-5
15.19,4.71,0.789648183294706,8.05821353806886e-230,7.153598329048237e-230,1.5050021826262943e-5
15.19,4.71,1.297114881182717,1.3025276880651017e-287,3.521441999798023e-286,1.5050021826262943e-5
15.19,4.71,2.1307045980472066,0.0,1.29865552375637e-299,1.5050021826262943e-5
15.19,4.71,3.5000000000000004,0.0,3.4153338576190785e-300,1.5050021826262943e-5
15.19,4.71,3.8,0.0,2.4482962297228965e-300,1.5050021826262943e-5
15.19,4.71,3.98,0.0,8.170888076417323e-301,1.5050021826262943e-5
15.19,4.71,3.9998,0.0,8.211615828406449e-302,1.5050021826262943e-5
15.67,0.00113,1.0000000000000001e-7,0.0012767823600549745,0.0012767838617843876,0.0012768577081060774
15.67,0.00113,1.6426491045299075e-7,0.0012767510593257724,0.0012767525595939778,0.0012768577081060774
15.67,0.00113,2.698296080612907e-7,0.0012767067552438875,0.0012767082534496047,0.0012768577081060774
15.67,0.00113,4.432353640575351e-7,0.0012766440450666299,0.0012766455403777452,0.0012768577081060774
15.67,0.00113,7.280801738650976e-7,0.0012765552803342347,0.0012765567714640375,0.0012768577081060774
15.67,0.00113,1.1959802456254818e-6,0.0012764296321931092,0.0012764311175670533,0.0012768577081060774
15.67,0.00113,1.9645758795121526e-6,0.0012762517661404434,0.0012762532430959244,0.0012768577081060774
15.67,0.00113,3.227108809261693e-6,0.0012759999609931452,0.0012760014263937416,0.0012768577081060774
15.67,0.00113,5.301007395754297e-6,0.0012756434345396652,0.0012756448831286694,0.0012768577081060774
15.67,0.00113,8.707695051742211e-6,0.0012751385313214088,0.0012751399564389443,0.0012768577081060774
15.67,0.00113,1.4303687479263852e-5,0.0012744232663278565,0.0012744246579054388,0.0012768577081060774
15.67,0.00113,2.3495939429288417e-5,0.0012734094672959037,0.0012734108107105113,0.0012768577081060774
15.67,0.00113,3.8595583863609565e-5,0.00127197135496538,0.0012719726308162364,0.0012768577081060774
15.67,0.00113,6.33990012723672e-5,0.001269928728626343,0.0012699299044126103,0.0012768577081060774
15.67,0.00113,0.00010414231266814445,0.0012670217656256713,0.0012670228015973593,0.0012768577081060774
15.67,0.00113,0.00017106927664800093,0.0012628723947164986,0.0012628732179908516,0.0012768577081060774
15.67,0.00113,0.00028100679409841776,0.0012569235477816563,0.0012569240653741108,0.0012768577081060774
15.67,0.00113,0.00046159555869258604,0.0012483411755513007,0.0012483412184443462,0.0012768577081060774
15.67,0.00113,0.0007582395311413588,0.0012358532535000108,0.0012358525694264623,0.0012768577081060774
15.67,0.00113,0.00124552148684853,0.0012174845783791356,0.0012174827560529219,0.0012768577081060774
15.67,0.00113,0.002045954755044497,0.001190131490673708,0.0011901277931889063,0.0012768577081060774
15.67,0.00113,0.0033607857462825456,0.001148933836171094,0.0011489272781369233,0.0012768577081060774
15.67,0.00113,0.005520591696647901,0.0010865284393515176,0.001086517137739843,0.0012768577081060774
15.67,0.00113,0.009068395006973916,0.00099271273246671,0.0009926948992756495,0.0012768577081060774
15.67,0.00113,0.01489619093772919,0.0008561011735044577,0.0008560744086499711,0.0012768577081060774
15.67,0.00113,0.024469214704767362,0.0006707758162491354,0.0006707405682173956,0.0012768577081060774
15.67,0.00113,0.04019433362333615,0.0004497565735088174,0.00044971750696733826,0.0012768577081060774
15.67,0.00113,0.06602518613354949,0.0002362013285949545,0.00023616832410846924,0.0012768577081060774
15.67,0.00113,0.1084562128786955,8.614612963693556e-5,8.612746969085772e-5,0.0012768577081060774
15.67,0.00113,0.17815550096589414,1.888033232967355e-5,1.88742468377368e-5,0.0012768577081060774
15.67,0.00113,0.292646974128703,2.1536031766091515e-6,2.1526151780994228e-6,0.0012768577081060774
15.67,0.00113,0.480716289995901,1.1550420945259814e-7,1.1543308187866709e-7,0.0012768577081060774
15.67,0.00113,0.789648183294706,2.8516656374494435e-9,2.8494175515794694e-9,0.0012768577081060774
15.67,0.00113,1.297114881182717,3.46737244940086e-11,3.4640535345620366e-11,0.0012768577081060774
15.67,0.00113,2.1307045980472066,2.3600265904907057e-13,2.357419490625128e-13,0.0012768577081060774
15.67,0.00113,3.5000000000000004,9.496898890427034e-16,9.4856580673838e-16,0.0012768577081060774
15.67,0.00113,3.8,2.9161796017910684e-16,2.913176477597438e-16,0.0012768577081060774
15.67,0.00113,3.98,6.290255510344173e-17,6.283515581233807e-17,0.0012768577081060774
15.67,0.00113,3.9998,6.0446129944054354e-18,6.0380639205272706e-18,0.0012768577081060774
15.67,0.0037,1.0000000000000001e-7,0.0012659795222690505,0.001265980921205824,0.0012660545996089569
15.67,0.0037,1.6426491045299075e-7,0.001265948333993345,0.001265949732224118,0.0012660545996089569
15.67,0.0037,2.698296080612907e-7,0.0012659041890765229,0.0012659055862506484,0.0012660545996089569
15.67,0.0037,4.432353640575351e-7,0.0012658417041770814,0.0012658430999131025,0.0012660545996089569
15.67,0.0037,7.280801738650976e-7,0.001265753258291797,0.001265754651953763,0.0012660545996089569
15.67,0.0037,1.1959802456254818e-6,0.0012656280614200717,0.0012656294521258705,0.0012660545996089569
15.67,0.0037,1.9645758795121526e-6,0.0012654508340310463,0.0012654522206686082,0.0012660545996089569
15.67,0.0037,3.227108809261693e-6,0.0012651999327022135,0.001265201313284463,0.0012660545996089569
15.67,0.0037,5.301007395754297e-6,0.0012648446851791135,0.0012648460576933965,0.0012660545996089569
15.67,0.0037,8.707695051742211e-6,0.0012643415914012546,0.0012643429516939716,0.0012660545996089569
15.67,0.0037,1.4303687479263852e-5,0.001263628885788153,0.0012636302297009275,0.0012660545996089569
15.67,0.0037,2.3495939429288417e-5,0.0012626187055196692,0.001262620025023276,0.0012660545996089569
15.67,0.0037,3.8595583863609565e-5,0.0012611857068687503,0.0012611869921908124,0.0012660545996089569
15.67,0.0037,6.33990012723672e-5,0.0012591503003999884,0.001259151536589412,0.0012660545996089569
15.67,0.0037,0.00010414231266814445,0.0012562535180202512,0.0012562546806900016,0.0012660545996089569
15.67,0.0037,0.00017106927664800093,0.001252118477043634,0.0012521195373084051,0.0012660545996089569
15.67,0.0037,0.00028100679409841776,0.0012461897528232677,0.0012461906481593481,0.0012660545996089569
15.67,0.0037,0.00046159555869258604,0.0012376355582841888,0.0012376362235298796,0.0012660545996089569
15.67,0.0037,0.0007582395311413588,0.0012251869905077811,0.0012251872650112048,0.0012660545996089569
15.67,0.0037,0.00124552148684853,0.0012068732523851657,0.0012068729481653827,0.0012660545996089569
15.67,0.0037,0.002045954755044497,0.0011795973215952857,0.0011795960423261634,0.0012660545996089569
15.67,0.0037,0.0033607857462825456,0.0011385103539179244,0.0011385075065929115,0.0012660545996089569
15.67,0.0037,0.005520591696647901,0.0010762715780415976,0.0010762663566827241,0.0012660545996089569
15.67,0.0037,0.009068395006973916,0.0009827274495686133,0.0009827184317303503,0.0012660545996089569
15.67,0.0037,0.01489619093772919,0.0008465987619995628,0.0008465853240112904,0.0012660545996089569
15.67,0.0037,0.024469214704767362,0.0006621673373772521,0.0006621488442896285,0.0012660545996089569
15.67,0.0037,0.04019433362333615,0.00044271218248682844,0.0004426917815337166,0.0012660545996089569
15.67,0.0037,0.06602518613354949,0.00023144387751283777,0.0002314264381689277,0.0012660545996089569
15.67,0.0037,0.1084562128786955,8.382391038809781e-5,8.381397623624876e-5,0.0012660545996089569
15.67,0.0037,0.17815550096589414,1.818511003373564e-5,1.8181846241617163e-5,0.0012660545996089569
15.67,0.0037,0.292646974128703,2.0453348103711326e-6,2.044804133749876e-6,0.0012660545996089569
15.67,0.0037,0.480716289995901,1.0771646674000813e-7,1.0767773095999926e-7,0.0012660545996089569
15.67,0.0037,0.789648183294706,2.601095591527313e-9,2.5998728805225768e-9,0.0012660545996089569
15.67,0.0037,1.297114881182717,3.0831499839460805e-11,3.081340570751839e-11,0.0012660545996089569
15.67,0.0037,2.1307045980472066,2.040628893957915e-13,2.0392848553153073e-13,0.0012660545996089569
15.67,0.0037,3.5000000000000004,7.978758791901203e-16,7.974720081836757e-16,0.0012660545996089569
15.67,0.0037,3.8,2.4399269893501796e-16,2.4388859239209695e-16,0.0012660545996089569
15.67,0.0037,3.98,5.252167872046677e-17,5.2509544699936094e-17,0.0012660545996089569
15.67,0.0037,3.9998,5.046022745167208e-18,5.044947325507154e-18,0.0012660545996089569
15.67,0.0127,1.0000000000000001e-7,0.00122920755775161,0.0012292088899042743,0.0012292817074480921
15.67,0.0127,1.6426491045299075e-7,0.0012291767548189994,0.0012291780863901173,0.0012292817074480921
15.67,0.0127,2.698296080612907e-7,0.001229133155310988,0.0012291344861244363,0.0012292817074480921
15.67,0.0127,4.432353640575351e-7,0.0012290714423674298,0.0012290727720181214,0.0012292817074480921
15.67,0.0127,7.280801738650976e-7,0.0012289840890690141,0.0012289854171820202,0.0012292817074480921
15.67,0.0127,1.1959802456254818e-6,0.001228860438549663,0.0012288617643830342,0.0012292817074480921
15.67,0.0127,1.9645758795121526e-6,0.0012286853996442768,0.0012286867222988346,0.0012292817074480921
15.67,0.0127,3.227108809261693e-6,0.0012284375953779258,0.001228438913589526,0.0012292817074480921
15.67,0.0127,5.301007395754297e-6,0.0012280867302536462,0.0012280880418757305,0.0012292817074480921
15.67,0.0127,8.707695051742211e-6,0.0012275898366414814,0.0012275911395229855,0.0012292817074480921
15.67,0.0127,1.4303687479263852e-5,0.0012268859007219194,0.0012268871900999177,0.0012292817074480921
15.67,0.0127,2.3495939429288417e-5,0.0012258881196906051,0.001225889391387178,0.0012292817074480921
15.67,0.0127,3.8595583863609565e-5,0.0012244726414923802,0.0012244738858836963,0.0012292817074480921
15.67,0.0127,6.33990012723672e-5,0.0012224619696882828,0.001222463176703611,0.0012292817074480921
15.67,0.0127,0.00010414231266814445,0.001219600060997444,0.0012196012122296376,0.0012292817074480921
15.67,0.0127,0.00017106927664800093,0.0012155140983378346,0.001215515166220933,0.0012292817074480921
15.67,0.0127,0.00028100679409841776,0.0012096542743496193,0.0012096552229783324,0.0012292817074480921
15.67,0.0127,0.00046159555869258604,0.001201196526776746,0.0012011972762064728,0.0012292817074480921
15.67,0.0127,0.0007582395311413588,0.0011888826033691897,0.0011888830741260611,0.0012292817074480921
15.67,0.0127,0.00124552148684853,0.0011707567410908595,0.0011707567053237731,0.0012292817074480921
15.67,0.0127,0.002045954755044497,0.0011437446174932628,0.001143743852095375,0.0012292817074480921
15.67,0.0127,0.0033607857462825456,0.001103036289210768,0.001103034227790945,0.0012292817074480921
15.67,0.0127,0.005520591696647901,0.0010413685998418637,0.0010413645828853035,0.0012292817074480921
15.67,0.0127,0.009068395006973916,0.000948758696765463,0.0009487518089721493,0.0012292817074480921
15.67,0.0127,0.01489619093772919,0.0008142979244012614,0.0008142870759775924,0.0012292817074480921
15.67,0.0127,0.024469214704767362,0.0006329610755720287,0.0006329467528826341,0.0012292817074480921
15.67,0.0127,0.04019433362333615,0.00041891201313705857,0.0004188957413333985,0.0012292817074480921
15.67,0.0127,0.06602518613354949,0.00021549930837433165,0.0002154858005011528,0.0012292817074480921
15.67,0.0127,0.1084562128786955,7.614799308572595e-5,7.614041769651346e-5,0.0012292817074480921
15.67,0.0127,0.17815550096589414,1.5935939655789416e-5,1.593351581669865e-5,0.0012292817074480921
15.67,0.0127,0.292646974128703,1.70557429508081e-6,1.7051952719375705e-6,0.0012292817074480921
15.67,0.0127,0.480716289995901,8.423086227855409e-8,8.420475468068714e-8,0.0012292817074480921
15.67,0.0127,0.789648183294706,1.8810759385377668e-9,1.8802985441575855e-9,0.0012292817074480921
15.67,0.0127,1.297114881182717,2.0382426519524484e-11,2.0371861137409157e-11,0.0012292817074480921
15.67,0.0127,2.1307045980472066,1.2224486754420124e-13,1.2217171514064925e-13,0.0012292817074480921
15.67,0.0127,3.5000000000000004,4.318759188594223e-16,4.3172957608592117e-16,0.0012292817074480921
15.67,0.0127,3.8,1.3016124865440315e-16,1.3012370503863163e-16,0.0012292817074480921
15.67,0.0127,3.98,2.7816248334409585e-17,2.7807926955303383e-17,0.0012292817074480921
15.67,0.0127,3.9998,2.6705060124141283e-18,2.669722937018402e-18,0.0012292817074480921
15.67,0.047,1.0000000000000001e-7,0.0011028484991282934,0.0011028496151192571,0.0011029193857074282
15.67,0.047,1.6426491045299075e-7,0.0011028190516917823,0.0011028201671619982,0.0011029193857074282
15.67,0.047,2.698296080612907e-7,0.0011027773707287364,0.0011027784854867528,0.0011029193857074282
15.67,0.047,4.432353640575351e-7,0.0011027183732296364,0.001102719486914832,0.0011029193857074282
15.67,0.047,7.280801738650976e-7,0.0011026348632124604,0.0011026359754967546,0.0011029193857074282
15.67,0.047,1.1959802456254818e-6,0.0011025166520933468,0.0011025177622161803,0.0011029193857074282
15.67,0.047,1.9645758795121526e-6,0.0011023493112249786,0.00110235041852013,0.0011029193857074282
15.67,0.047,3.227108809261693e-6,0.0011021124007048982,0.0011021135037419245,0.0011029193857074282
15.67,0.047,5.301007395754297e-6,0.0011017769498933576,0.001101778047080813,0.0011029193857074282
15.67,0.047,8.707695051742211e-6,0.0011013018630687608,0.0011013029519305456,0.0011029193857074282
15.67,0.047,1.4303687479263852e-5,0.0011006287686228225,0.0011006298452472174,0.0011029193857074282
15.67,0.047,2.3495939429288417e-5,0.001099674587604605,0.0010996756477765453,0.0011029193857074282
15.67,0.047,3.8595583863609565e-5,0.0010983207043943164,0.0010983217389269034,0.0011029193857074282
15.67,0.047,6.33990012723672e-5,0.0010963969618058734,0.0010963979626415017,0.0011029193857074282
15.67,0.047,0.00010414231266814445,0.0010936575559669986,0.0010936585029346834,0.0011029193857074282
15.67,0.047,0.00017106927664800093,0.0010897438699922454,0.0010897447429709412,0.0011029193857074282
15.67,0.047,0.00028100679409841776,0.0010841256551755842,0.0010841264111678848,0.0011029193857074282
15.67,0.047,0.00046159555869258604,0.001076005645482976,0.0010760062226277344,0.0011029193857074282
15.67,0.047,0.0007582395311413588,0.0010641624130413167,0.0010641627180510002,0.0011029193857074282
15.67,0.047,0.00124552148684853,0.0010466921914771864,0.001046692020302866,0.0011029193857074282
15.67,0.047,0.002045954755044497,0.0010205999316855404,0.001020599075863095,0.0011029193857074282
15.67,0.047,0.0033607857462825456,0.000981214633946197,0.0009812124987545873,0.0011029193857074282
15.67,0.047,0.005520591696647901,0.0009215580412351762,0.0009215541728535136,0.0011029193857074282
15.67,0.047,0.009068395006973916,0.0008322853164187776,0.00083227861216186,0.0011029193857074282
15.67,0.047,0.01489619093772919,0.0007038754182933697,0.0007038654183626514,0.0011029193857074282
15.67,0.047,0.024469214704767362,0.0005338501840375695,0.0005338370904313306,0.0011029193857074282
15.67,0.047,0.04019433362333615,0.0003394276923482807,0.0003394136145242225,0.0011029193857074282
15.67,0.047,0.06602518613354949,0.00016385207741018566,0.00016384109961174994,0.0011029193857074282
15.67,0.047,0.1084562128786955,5.254050224573639e-5,5.253492176913746e-5,0.0011029193857074282
15.67,0.047,0.17815550096589414,9.545366722767104e-6,9.543817509316484e-6,0.0011029193857074282
15.67,0.047,0.292646974128703,8.40900678057676e-7,8.407023811816068e-7,0.0011029193857074282
15.67,0.047,0.480716289995901,3.2290638708537315e-8,3.227995814602909e-8,0.0011029193857074282
15.67,0.047,0.789648183294706,5.313992716360217e-10,5.311659193136278e-10,0.0011029193857074282
15.67,0.047,1.297114881182717,4.056847958863784e-12,4.054602665755538e-12,0.0011029193857074282
15.67,0.047,2.1307045980472066,1.6573589403022028e-14,1.656306685291069e-14,0.0011029193857074282
15.67,0.047,3.5000000000000004,3.940607957508652e-17,3.9394004653784415e-17,0.0011029193857074282
15.67,0.047,3.8,1.1218402538225306e-17,1.1214625161098583e-17,0.0011029193857074282
15.67,0.047,3.98,2.3306191755599453e-18,2.3302292924550338e-18,0.0011029193857074282
15.67,0.047,3.9998,2.2311970375822827e-19,2.230908995638908e-19,0.0011029193857074282
15.67,0.173,1.0000000000000001e-7,0.0007760308478297719,0.00077603146045465,0.0007760927033799784
15.67,0.173,1.6426491045299075e-7,0.0007760051518368741,0.0007760057640072344,0.0007760927033799784
15.67,0.173,2.698296080612907e-7,0.0007759687805506946,0.0007759693921112137,0.0007760927033799784
15.67,0.173,4.432353640575351e-7,0.0007759172980774075,0.00077591790875242,0.0007760927033799784
15.67,0.173,7.280801738650976e-7,0.0007758444241282222,0.0007758450335381289,0.0007760927033799784
15.67,0.173,1.1959802456254818e-6,0.0007757412656540186,0.000775741873341216,0.0007760927033799784
15.67,0.173,1.9645758795121526e-6,0.0007755952264829033,0.0007755958315599684,0.0007760927033799784
15.67,0.173,3.227108809261693e-6,0.0007753884576266716,0.0007753890593039713,0.0007760927033799784
15.67,0.173,5.301007395754297e-6,0.0007750956493957428,0.0007750962457999705,0.0007760927033799784
15.67,0.173,8.707695051742211e-6,0.0007746808738842262,0.000774681463369454,0.0007760927033799784
15.67,0.173,1.4303687479263852e-5,0.00077409304332216,0.0007740936223287536,0.0007760927033799784
15.67,0.173,2.3495939429288417e-5,0.0007732593213254649,0.0007732598857670391,0.0007760927033799784
15.67,0.173,3.8595583863609565e-5,0.0007720754456708882,0.0007720759891799732,0.0007760927033799784
15.67,0.173,6.33990012723672e-5,0.0007703912720169187,0.000770391783858463,0.0007760927033799784
15.67,0.173,0.00010414231266814445,0.000767988703180715,0.000767989171668613,0.0007760927033799784
15.67,0.173,0.00017106927664800093,0.000764547124334557,0.0007645475211298806,0.0007760927033799784
15.67,0.173,0.00028100679409841776,0.0007595878521518587,0.0007595881514966088,0.0007760927033799784
15.67,0.173,0.00046159555869258604,0.000752383012959969,0.0007523831416577401,0.0007760927033799784
15.67,0.173,0.0007582395311413588,0.0007418051133566106,0.0007418049935570271,0.0007760927033799784
15.67,0.173,0.00124552148684853,0.0007260836373816241,0.0007260830904925565,0.0007760927033799784
15.67,0.173,0.002045954755044497,0.0007024374706120583,0.0007024362312316252,0.0007760927033799784
15.67,0.173,0.0033607857462825456,0.0006666112912524374,0.0006666090021451701,0.0007760927033799784
15.67,0.173,0.005520591696647901,0.0006125727321031248,0.0006125686896083782,0.0007760927033799784
15.67,0.173,0.009068395006973916,0.0005332131721035606,0.0005332070964291951,0.0007760927033799784
15.67,0.173,0.01489619093772919,0.00042382472998719255,0.00042381607263798594,0.0007760927033799784
15.67,0.173,0.024469214704767362,0.0002899932298242213,0.00028998342022067185,0.0007760927033799784
15.67,0.173,0.04019433362333615,0.0001559880006473566,0.00015597918443575095,0.0007760927033799784
15.67,0.173,0.06602518613354949,5.785316542194353e-5,5.7847911209993436e-5,0.0007760927033799784
15.67,0.173,0.1084562128786955,1.2436459720742284e-5,1.2434693258097657e-5,0.0007760927033799784
15.67,0.173,0.17815550096589414,1.266892024541608e-6,1.266620361501907e-6,0.0007760927033799784
15.67,0.173,0.292646974128703,5.0617297006457966e-8,5.06014743162921e-8,0.0007760927033799784
15.67,0.173,0.480716289995901,7.045907354954715e-10,7.042872488620439e-10,0.0007760927033799784
15.67,0.173,0.789648183294706,3.4119090272132025e-12,3.4099552236547242e-12,0.0007760927033799784
15.67,0.173,1.297114881182717,6.451334753652532e-15,6.4466958915703976e-15,0.0007760927033799784
15.67,0.173,2.1307045980472066,5.739566531911451e-18,5.734739018607958e-18,0.0007760927033799784
15.67,0.173,3.5000000000000004,2.806078097994728e-21,2.804485749529339e-21,0.0007760927033799784
15.67,0.173,3.8,6.341600566354637e-22,6.342298330074489e-22,0.0007760927033799784
15.67,0.173,3.98,1.1765691537576806e-22,1.1766112089791304e-22,0.0007760927033799784
15.67,0.173,3.9998,1.1138413423291325e-23,1.1138688766444717e-23,0.0007760927033799784
15.67,0.61,1.0000000000000001e-7,0.0003413418577992396,0.00034134199417175663,0.00034139101833130563
15.67,0.61,1.6426491045299075e-7,0.00034132143480580156,0.0003413215708298753,0.00034139101833130563
15.67,0.61,2.698296080612907e-7,0.0003412925261783437,0.000341292661751055,0.00034139101833130563
15.67,0.61,4.432353640575351e-7,0.00034125160461080623,0.00034125173949728816,0.00034139101833130563
15.67,0.61,7.280801738650976e-7,0.00034119367453551484,0.0003411938084902016,0.00034139101833130563
15.67,0.61,1.1959802456254818e-6,0.0003411116583522895,0.00034111179097159373,0.00034139101833130563
15.67,0.61,1.9645758795121526e-6,0.0003409955228057842,0.00034099565348109863,0.00034139101833130563
15.67,0.61,3.227108809261693e-6,0.0003408310314428617,0.0003408311595071972,0.00034139101833130563
15.67,0.61,5.301007395754297e-6,0.0003405979541781616,0.00034059807820566244,0.00034139101833130563
15.67,0.61,8.707695051742211e-6,0.0003402674783296589,0.0003402675971197731,0.00034139101833130563
15.67,0.61,1.4303687479263852e-5,0.00033979842369596415,0.00033979853420897864,0.00034139101833130563
15.67,0.61,2.3495939429288417e-5,0.0003391316236521979,0.00033913172310897645,0.00034139101833130563
15.67,0.61,3.8595583863609565e-5,0.0003381814130892699,0.00033818149543431554,0.00034139101833130563
15.67,0.61,6.33990012723672e-5,0.0003368224128435421,0.00033682247018540246,0.00034139101833130563
15.67,0.61,0.00010414231266814445,0.0003348684618828822,0.0003348684821975619,0.00034139101833130563
15.67,0.61,0.00017106927664800093,0.00033203823729322565,0.0003320381959766132,0.00034139101833130563
15.67,0.61,0.00028100679409841776,0.0003278984323486498,0.00032789830373011574,0.00034139101833130563
15.67,0.61,0.00046159555869258604,0.00032177065633257616,0.0003217703649155896,0.00034139101833130563
15.67,0.61,0.0007582395311413588,0.00031258598107388456,0.0003125854622752013,0.00034139101833130563
15.67,0.61,0.00124552148684853,0.00029868486093789586,0.0002986839224967603,0.00034139101833130563
15.67,0.61,0.002045954755044497,0.0002776283181262231,0.0002776267903180581,0.00034139101833130563
15.67,0.61,0.0033607857462825456,0.0002462872651915789,0.00024628487235054406,0.00034139101833130563
15.67,0.61,0.005520591696647901,0.00020187631981730898,0.00020187288537310496,0.00034139101833130563
15.67,0.61,0.009068395006973916,0.000144885636797462,0.00014488151919036293,0.00034139101833130563
15.67,0.61,0.01489619093772919,8.347306162421236e-5,8.346899103051416e-5,0.00034139101833130563
15.67,0.61,0.024469214704767362,3.372488580766191e-5,3.3722238824013286e-5,0.00034139101833130563
15.67,0.61,0.04019433362333615,7.817770399514136e-6,7.816765597808324e-6,0.00034139101833130563
15.67,0.61,0.06602518613354949,7.867809371464176e-7,7.866218860758014e-7,0.00034139101833130563
15.67,0.61,0.1084562128786955,2.421472616676414e-8,2.4207197575396055e-8,0.00034139101833130563
15.67,0.61,0.17815550096589414,1.5645916109236872e-10,1.5638680396611254e-10,0.00034139101833130563
15.67,0.61,0.292646974128703,1.5585539097249666e-13,1.557524712765444e-13,0.00034139101833130563
15.67,0.61,0.480716289995901,2.0951144882340352e-17,2.0932345488086345e-17,0.00034139101833130563
15.67,0.61,0.789648183294706,4.1890665119321447e-22,4.1841449265582013e-22,0.00034139101833130563
15.67,0.61,1.297114881182717,1.6591796983470414e-27,1.656743382024338e-27,0.00034139101833130563
15.67,0.61,2.1307045980472066,1.886397927277371e-33,1.8831384528323765e-33,0.00034139101833130563
15.67,0.61,3.5000000000000004,8.751330669022623e-40,8.745288041618431e-40,0.00034139101833130563
15.67,0.61,3.8,6.770475758607271e-41,6.749896840464195e-41,0.00034139101833130563
15.67,0.61,3.98,7.528326050459756e-42,7.522617274768957e-42,0.00034139101833130563
15.67,0.61,3.9998,6.788835405292514e-43,6.787131977420685e-43,0.00034139101833130563
15.67,1.73,1.0000000000000001e-7,0.00013249215054361317,0.00013249216966320574,0.00013254260562957888
15.67,1.73,1.6426491045299075e-7,0.00013247118577324897,0.00013247120457434954,0.00013254260562957888
15.67,1.73,2.698296080612907e-7,0.00013244150512430993,0.00013244152342923722,0.00013254260562957888
15.67,1.73,4.432353640575351e-7,0.0001323994789884985,0.0001323994966472423,0.00013254260562957888
15.67,1.73,7.280801738650976e-7,0.00013233995854348082,0.00013233997522426347,0.00013254260562957888
15.67,1.73,1.1959802456254818e-6,0.0001322556302320312,0.0001322556455627794,0.00013254260562957888
15.67,1.73,1.9645758795121526e-6,0.00013213608422587693,0.00013213609763485727,0.00013254260562957888
15.67,1.73,3.227108809261693e-6,0.00013196645652150584,0.00013196646705548849,0.00013254260562957888
15.67,1.73,5.301007395754297e-6,0.00013172542106063389,0.00013172542773490906,0.00013254260562957888
15.67,1.73,8.707695051742211e-6,0.00013138216340234863,0.0001313821638504772,0.00013254260562957888
15.67,1.73,1.4303687479263852e-5,0.00013089170966018354,0.00013089170188069747,0.00013254260562957888
15.67,1.73,2.3495939429288417e-5,0.0001301875234548549,0.00013018750182349973,0.00013254260562957888
15.67,1.73,3.8595583863609565e-5,0.00012916947765566103,0.00012916943648272791,0.00013254260562957888
15.67,1.73,6.33990012723672e-5,0.0001276839898259337,0.0001276839160563262,0.00013254260562957888
15.67,1.73,0.00010414231266814445,0.00012549128405400212,0.00012549115784721775,0.00013254260562957888
15.67,1.73,0.00017106927664800093,0.00012221332014200647,0.00012221311281924944,0.00013254260562957888
15.67,1.73,0.00028100679409841776,0.00011725891541697602,0.00011725856130076418,0.00013254260562957888
15.67,1.73,0.00046159555869258604,0.00010974214267355679,0.00010974159211668612,0.00013254260562957888
15.67,1.73,0.0007582395311413588,9.84738804326376e-5,9.847299031232694e-5,0.00013254260562957888
15.67,1.73,0.00124552148684853,8.224948058340272e-5,8.224824552722112e-5,0.00013254260562957888
15.67,1.73,0.002045954755044497,6.0819283865922306e-5,6.081769171352491e-5,0.00013254260562957888
15.67,1.73,0.0033607857462825456,3.663408614643108e-5,3.6632488257408135e-5,0.00013254260562957888
15.67,1.73,0.005520591696647901,1.5697337979607736e-5,1.5696201371629438e-5,0.00013254260562957888
15.67,1.73,0.009068395006973916,3.856231472005732e-6,3.8557664199263794e-6,0.00013254260562957888
15.67,1.73,0.01489619093772919,3.885324298086935e-7,3.884574097225376e-7,0.00013254260562957888
15.67,1.73,0.024469214704767362,9.72000452052481e-9,9.716937062159017e-9,0.00013254260562957888
15.67,1.73,0.04019433362333615,2.963122216419995e-11,2.961656233788951e-11,0.00013254260562957888
15.67,1.73,0.06602518613354949,4.361013553032946e-15,4.357670857196544e-15,0.00013254260562957888
15.67,1.73,0.1084562128786955,1.0846487849193468e-20,1.0833978593413646e-20,0.00013254260562957888
15.67,1.73,0.17815550096589414,1.765378584525484e-28,1.7624487521646336e-28,0.00013254260562957888
15.67,1.73,0.292646974128703,1.0961001662587864e-38,1.0935882172131524e-38,0.00013254260562957888
15.67,1.73,0.480716289995901,2.830192958308277e-51,2.8215913763687415e-51,0.00013254260562957888
15.67,1.73,0.789648183294706,5.971406161026166e-66,5.948313917098383e-66,0.00013254260562957888
15.67,1.73,1.297114881182717,2.8076691637791813e-82,2.7943975396916986e-82,0.00013254260562957888
15.67,1.73,2.1307045980472066,8.257856326336257e-100,8.208431199169463e-100,0.00013254260562957888
15.67,1.73,3.5000000000000004,3.6326677754217513e-118,2.8425028915082783e-118,0.00013254260562957888
15.67,1.73,3.8,2.8754629866367425e-121,2.7076559282161478e-121,0.00013254260562957888
15.67,1.73,3.98,3.3216558964228944e-123,5.4008677266019465e-123,0.00013254260562957888
15.67,1.73,3.9998,2.4639366789772544e-124,4.198331593137101e-124,0.00013254260562957888
15.67,4.71,1.0000000000000001e-7,5.1174657317924986e-5,5.117442754314713e-5,5.124973911189763e-5
15.67,4.71,1.6426491045299075e-7,5.114341666102209e-5,5.114318162109843e-5,5.124973911189763e-5
15.67,4.71,2.698296080612907e-7,5.1099133361017155e-5,5.1098890721076775e-5,5.124973911189763e-5
15.67,4.71,4.432353640575351e-7,5.103630782550914e-5,5.103605433976072e-5,5.124973911189763e-5
15.67,4.71,7.280801738650976e-7,5.0947055595900725e-5,5.094678629788134e-5,5.124973911189763e-5
15.67,4.71,1.1959802456254818e-6,5.081999695338818e-5,5.081970450833655e-5,5.124973911189763e-5
15.67,4.71,1.9645758795121526e-6,5.063854886161127e-5,5.0638221983551345e-5,5.124973911189763e-5
15.67,4.71,3.227108809261693e-6,5.037822741639576e-5,5.037784790172528e-5,5.124973911189763e-5
15.67,4.71,5.301007395754297e-6,5.000227752122966e-5,5.000181687428863e-5,5.124973911189763e-5
15.67,4.71,8.707695051742211e-6,4.945446321320727e-5,4.94538717179378e-5,5.124973911189763e-5
15.67,4.71,1.4303687479263852e-5,4.8647158312408054e-5,4.864635686161613e-5,5.124973911189763e-5
15.67,4.71,2.3495939429288417e-5,4.744224489479541e-5,4.744109448255697e-5,5.124973911189763e-5
15.67,4.71,3.8595583863609565e-5,4.5623059903810665e-5,4.5621345800672726e-5,5.124973911189763e-5
15.67,4.71,6.33990012723672e-5,4.286186394863045e-5,4.2859258877008586e-5,5.124973911189763e-5
15.67,4.71,0.00010414231266814445,3.870893362406089e-5,3.870502848277966e-5,5.124973911189763e-5
15.67,4.71,0.00017106927664800093,3.268091099471394e-5,3.267539322874086e-5,5.124973911189763e-5
15.67,4.71,0.00028100679409841776,2.4595555314691607e-5,2.458856892574597e-5,5.124973911189763e-5
15.67,4.71,0.00046159555869258604,1.5232834070450534e-5,1.5225634708320049e-5,5.124973911189763e-5
15.67,4.71,0.0007582395311413588,6.8012958569036315e-6,6.795951538564608e-6,5.124973911189763e-5
15.67,4.71,0.00124552148684853,1.763066968844614e-6,1.7607905114557397e-6,5.124973911189763e-5
15.67,4.71,0.002045954755044497,1.8682469329179131e-7,1.8642896514607002e-7,5.124973911189763e-5
15.67,4.71,0.0033607857462825456,4.6068770439138516e-9,4.590986867398867e-9,5.124973911189763e-5
15.67,4.71,0.005520591696647901,1.0822048345829167e-11,1.0761671585218416e-11,5.124973911189763e-5
15.67,4.71,0.009068395006973916,6.05184207857939e-16,5.997668322266698e-16,5.124973911189763e-5
15.67,4.71,0.01489619093772919,1.0050959309966084e-22,9.90900929996357e-23,5.124973911189763e-5
15.67,4.71,0.024469214704767362,2.574374709229543e-33,2.5180961470834453e-33,5.124973911189763e-5
15.67,4.71,0.04019433362333615,2.1542652826222472e-49,2.0835574674060254e-49,5.124973911189763e-5
15.67,4.71,0.06602518613354949,7.38430021165659e-73,7.034024458655921e-73,5.124973911189763e-5
15.67,4.71,0.1084562128786955,1.9592835410273875e-105,1.8306833773040286e-105,5.124973911189763e-5
15.67,4.71,0.17815550096589414,4.147794337135048e-148,3.788272644336497e-148,5.124973911189763e-5
15.67,4.71,0.292646974128703,9.820409302348816e-201,8.750373181376556e-201,5.124973911189763e-5
15.67,4.71,0.480716289995901,4.2932104915029785e-262,3.6883756292570954e-262,5.124973911189763e-5
15.67,4.71,0.789648183294706,0.0,4.1706747619947754e-300,5.124973911189763e-5
15.67,4.71,1.297114881182717,0.0,5.922768665132035e-300,5.124973911189763e-5
15.67,4.71,2.1307045980472066,0.0,6.83708485644615e-300,5.124973911189763e-5
15.67,4.71,3.5000000000000004,0.0,3.887597253623052e-300,5.124973911189763e-5
15.67,4.71,3.8,0.0,2.506442015680535e-300,5.124973911189763e-5
15.67,4.71,3.98,0.0,8.011589148311625e-301,5.124973911189763e-5
15.67,4.71,3.9998,0.0,8.02088040422805e-302,5.124973911189763e-5
