12.013,0.00113,1.0000000000000001e-7,3.462304592114858e-7,3.46223611525303e-7,3.4623241466521025e-7
12.013,0.00113,1.6426491045299075e-7,3.4622964690163437e-7,3.4622279921983213e-7,3.4623241466521025e-7
12.013,0.00113,2.698296080612907e-7,3.462284971518036e-7,3.462216494759221e-7,3.4623241466521025e-7
12.013,0.00113,4.432353640575351e-7,3.462268697860863e-7,3.46220022118029e-7,3.4623241466521025e-7
12.013,0.00113,7.280801738650976e-7,3.462245663972549e-7,3.462177187422041e-7,3.4623241466521025e-7
12.013,0.00113,1.1959802456254818e-6,3.4622130615540583e-7,3.462144585146498e-7,3.4623241466521025e-7
12.013,0.00113,1.9645758795121526e-6,3.462166915651726e-7,3.462098439515736e-7,3.4623241466521025e-7
12.013,0.00113,3.227108809261693e-6,3.4621015999322816e-7,3.46203312408521e-7,3.4623241466521025e-7
12.013,0.00113,5.301007395754297e-6,3.4620091504840693e-7,3.4619406751616805e-7,3.4623241466521025e-7
12.013,0.00113,8.707695051742211e-6,3.461878294300025e-7,3.461809819611174e-7,3.4623241466521025e-7
12.013,0.00113,1.4303687479263852e-5,3.461693073573023e-7,3.461624599837381e-7,3.4623241466521025e-7
12.013,0.00113,2.3495939429288417e-5,3.461430897107482e-7,3.4613624247833044e-7,3.4623241466521025e-7
12.013,0.00113,3.8595583863609565e-5,3.4610597790529133e-7,3.460991308432478e-7,3.4623241466521025e-7
12.013,0.00113,6.33990012723672e-5,3.460534423231612e-7,3.460465955662445e-7,3.4623241466521025e-7
12.013,0.00113,0.00010414231266814445,3.459790664120625e-7,3.459722199781667e-7,3.4623241466521025e-7
12.013,0.00113,0.00017106927664800093,3.458737560598689e-7,3.4586691024582715e-7,3.4623241466521025e-7
12.013,0.00113,0.00028100679409841776,3.457246119662017e-7,3.4571776683643736e-7,3.4623241466521025e-7
12.013,0.00113,0.00046159555869258604,3.4551331435642694e-7,3.4550647039713154e-7,3.4623241466521025e-7
12.013,0.00113,0.0007582395311413588,3.4521379385446884e-7,3.4520695143670293e-7,3.4623241466521025e-7
12.013,0.00113,0.00124552148684853,3.4478884026607627e-7,3.4478199997150036e-7,3.4623241466521025e-7
12.013,0.00113,0.002045954755044497,3.441850963624889e-7,3.44178259599002e-7,3.4623241466521025e-7
12.013,0.00113,0.0033607857462825456,3.4332552890768127e-7,3.4331869606339207e-7,3.4623241466521025e-7
12.013,0.00113,0.005520591696647901,3.420978393160138e-7,3.4209101456125577e-7,3.4623241466521025e-7
12.013,0.00113,0.009068395006973916,3.4033615142128963e-7,3.4032933494856567e-7,3.4623241466521025e-7
12.013,0.00113,0.01489619093772919,3.3779134477931887e-7,3.3778454667998706e-7,3.4623241466521025e-7
12.013,0.00113,0.024469214704767362,3.3408216615633587e-7,3.340753900421234e-7,3.4623241466521025e-7
12.013,0.00113,0.04019433362333615,3.2861470014512563e-7,3.2860796574969865e-7,3.4623241466521025e-7
12.013,0.00113,0.06602518613354949,3.204539541690539e-7,3.2044729072695216e-7,3.4623241466521025e-7
12.013,0.00113,0.1084562128786955,3.081374478000285e-7,3.081308843309064e-7,3.4623241466521025e-7
12.013,0.00113,0.17815550096589414,2.8946517180465643e-7,2.894588458792105e-7,3.4623241466521025e-7
12.013,0.00113,0.292646974128703,2.6144815971365485e-7,2.614421243108763e-7,3.4623241466521025e-7
12.013,0.00113,0.480716289995901,2.2093407266942886e-7,2.209287096375989e-7,3.4623241466521025e-7
12.013,0.00113,0.789648183294706,1.6683105380141384e-7,1.6682654887112745e-7,3.4623241466521025e-7
12.013,0.00113,1.297114881182717,1.0425963467943435e-7,1.0425637732728654e-7,3.4623241466521025e-7
12.013,0.00113,2.1307045980472066,4.707434761223067e-8,4.707240028679229e-8,3.4623241466521025e-7
12.013,0.00113,3.5000000000000004,9.730783546628792e-9,9.730080099164917e-9,3.4623241466521025e-7
12.013,0.00113,3.8,5.120078172423324e-9,5.11965827559834e-9,3.4623241466521025e-7
12.013,0.00113,3.98,1.4544275616743347e-9,1.4543030021254374e-9,3.4623241466521025e-7
12.013,0.00113,3.9998,1.4375752517239909e-10,1.4374502996778603e-10,3.4623241466521025e-7
12.013,0.0037,1.0000000000000001e-7,3.4300624982648837e-7,3.429994364134627e-7,3.430081866695603e-7
12.013,0.0037,1.6426491045299075e-7,3.4300544524763886e-7,3.4299863183112794e-7,3.430081866695603e-7
12.013,0.0037,2.698296080612907e-7,3.4300430644033023e-7,3.4299749302039893e-7,3.430081866695603e-7
12.013,0.0037,4.432353640575351e-7,3.430026945627526e-7,3.429958811355779e-7,3.430081866695603e-7
12.013,0.0037,7.280801738650976e-7,3.430004130959822e-7,3.429935996618877e-7,3.430081866695603e-7
12.013,0.0037,1.1959802456254818e-6,3.4299718388286243e-7,3.4299037043522786e-7,3.430081866695603e-7
12.013,0.0037,1.9645758795121526e-6,3.4299261321111844e-7,3.4298579974761805e-7,3.430081866695603e-7
12.013,0.0037,3.227108809261693e-6,3.4298614380219236e-7,3.429793303149351e-7,3.430081866695603e-7
12.013,0.0037,5.301007395754297e-6,3.4297698684445213e-7,3.4297017332005775e-7,3.430081866695603e-7
12.013,0.0037,8.707695051742211e-6,3.4296402576613874e-7,3.4295721220051636e-7,3.430081866695603e-7
12.013,0.0037,1.4303687479263852e-5,3.4294567997425934e-7,3.4293886632664654e-7,3.430081866695603e-7
12.013,0.0037,2.3495939429288417e-5,3.429197118504167e-7,3.429128981259777e-7,3.430081866695603e-7
12.013,0.0037,3.8595583863609565e-5,3.428829532524575e-7,3.428761393656143e-7,3.430081866695603e-7
12.013,0.0037,6.33990012723672e-5,3.428309176746169e-7,3.428241036218188e-7,3.430081866695603e-7
12.013,0.0037,0.00010414231266814445,3.427572496380176e-7,3.4275043529044396e-7,3.430081866695603e-7
12.013,0.0037,0.00017106927664800093,3.4265294159363414e-7,3.426461268554713e-7,3.430081866695603e-7
12.013,0.0037,0.00028100679409841776,3.425052170340578e-7,3.424984017825108e-7,3.430081866695603e-7
12.013,0.0037,0.00046159555869258604,3.4229593059897505e-7,3.422891144358808e-7,3.430081866695603e-7
12.013,0.0037,0.0007582395311413588,3.419992611555297e-7,3.4199244407629885e-7,3.430081866695603e-7
12.013,0.0037,0.00124552148684853,3.4157835294560145e-7,3.415715338754106e-7,3.430081866695603e-7
12.013,0.0037,0.002045954755044497,3.409803572068269e-7,3.4097353627771905e-7,3.430081866695603e-7
12.013,0.0037,0.0033607857462825456,3.401289752615797e-7,3.4012215031104476e-7,3.430081866695603e-7
12.013,0.0037,0.005520591696647901,3.3891298031305307e-7,3.3890615078589265e-7,3.430081866695603e-7
12.013,0.0037,0.009068395006973916,3.3716808116841913e-7,3.371612437911822e-7,3.430081866695603e-7
12.013,0.0037,0.01489619093772919,3.3464754103468274e-7,3.346406907158214e-7,3.430081866695603e-7
12.013,0.0037,0.024469214704767362,3.30973759682123e-7,3.309668942483799e-7,3.430081866695603e-7
12.013,0.0037,0.04019433362333615,3.255585180828571e-7,3.2555161488857915e-7,3.430081866695603e-7
12.013,0.0037,0.06602518613354949,3.1747579107546427e-7,3.174688596537583e-7,3.430081866695603e-7
12.013,0.0037,0.1084562128786955,3.052770953958082e-7,3.05270075892622e-7,3.430081866695603e-7
12.013,0.0037,0.17815550096589414,2.867833548205434e-7,2.8677629657243576e-7,3.430081866695603e-7
12.013,0.0037,0.292646974128703,2.590336645135364e-7,2.590265431565798e-7,3.430081866695603e-7
12.013,0.0037,0.480716289995901,2.1890426597496252e-7,2.1889728862692936e-7,3.430081866695603e-7
12.013,0.0037,0.789648183294706,1.6531045576885355e-7,1.6530406429244305e-7,3.430081866695603e-7
12.013,0.0037,1.297114881182717,1.033198266868502e-7,1.0331469414163625e-7,3.430081866695603e-7
12.013,0.0037,2.1307045980472066,4.6655315720301275e-8,4.665215154615775e-8,3.430081866695603e-7
12.013,0.0037,3.5000000000000004,9.644818111191437e-9,9.64385695522461e-9,3.430081866695603e-7
12.013,0.0037,3.8,5.074845246932858e-9,5.074264938751854e-9,3.430081866695603e-7
12.013,0.0037,3.98,1.4415757609516726e-9,1.441410528057272e-9,3.430081866695603e-7
12.013,0.0037,3.9998,1.4248719495897438e-10,1.4247084586906378e-10,3.430081866695603e-7
12.013,0.0127,1.0000000000000001e-7,3.320457224320955e-7,3.320391116387751e-7,3.3204759603270296e-7
12.013,0.0127,1.6426491045299075e-7,3.320449441246314e-7,3.3203833332883157e-7,3.3204759603270296e-7
12.013,0.0127,2.698296080612907e-7,3.3204384250205153e-7,3.3203723170134774e-7,3.3204759603270296e-7
12.013,0.0127,4.432353640575351e-7,3.3204228325605856e-7,3.3203567245075316e-7,3.3204759603270296e-7
12.013,0.0127,7.280801738650976e-7,3.3204007628453564e-7,3.3203346546949396e-7,3.3204759603270296e-7
12.013,0.0127,1.1959802456254818e-6,3.3203695251281874e-7,3.3203034168789606e-7,3.3204759603270296e-7
12.013,0.0127,1.9645758795121526e-6,3.3203253108428344e-7,3.3202592024170955e-7,3.3204759603270296e-7
12.013,0.0127,3.227108809261693e-6,3.320262729168732e-7,3.320196620511716e-7,3.3204759603270296e-7
12.013,0.0127,5.301007395754297e-6,3.320174149556218e-7,3.320108040593237e-7,3.3204759603270296e-7
12.013,0.0127,8.707695051742211e-6,3.3200487708772606e-7,3.3199826613811107e-7,3.3204759603270296e-7
12.013,0.0127,1.4303687479263852e-5,3.3198713033088385e-7,3.319805193272961e-7,3.3204759603270296e-7
12.013,0.0127,2.3495939429288417e-5,3.319620101316206e-7,3.319553990149061e-7,3.3204759603270296e-7
12.013,0.0127,3.8595583863609565e-5,3.3192645179834965e-7,3.319198405753682e-7,3.3204759603270296e-7
12.013,0.0127,6.33990012723672e-5,3.318761153277877e-7,3.3186950388950436e-7,3.3204759603270296e-7
12.013,0.0127,0.00010414231266814445,3.3180485277957627e-7,3.3179824110045643e-7,3.3204759603270296e-7
12.013,0.0127,0.00017106927664800093,3.3170395076147555e-7,3.316973387000948e-7,3.3204759603270296e-7
12.013,0.0127,0.00028100679409841776,3.315610500377469e-7,3.3155443740572844e-7,3.3204759603270296e-7
12.013,0.0127,0.00046159555869258604,3.3135859793656006e-7,3.313519846385745e-7,3.3204759603270296e-7
12.013,0.0127,0.0007582395311413588,3.310716168931142e-7,3.3106500228747254e-7,3.3204759603270296e-7
12.013,0.0127,0.00124552148684853,3.306644555700941e-7,3.3065783972998773e-7,3.3204759603270296e-7
12.013,0.0127,0.002045954755044497,3.300859930265398e-7,3.3007937441624666e-7,3.3204759603270296e-7
12.013,0.0127,0.0033607857462825456,3.292624266598435e-7,3.2925580533055487e-7,3.3204759603270296e-7
12.013,0.0127,0.005520591696647901,3.280861716171016e-7,3.280795447570356e-7,3.3204759603270296e-7
12.013,0.0127,0.009068395006973916,3.2639832233668486e-7,3.2639168827574796e-7,3.3204759603270296e-7
12.013,0.0127,0.01489619093772919,3.239602413054915e-7,3.239535964431706e-7,3.3204759603270296e-7
12.013,0.0127,0.024469214704767362,3.2040674033200873e-7,3.2040007426860737e-7,3.3204759603270296e-7
12.013,0.0127,0.04019433362333615,3.151689550132343e-7,3.15162268355241e-7,3.3204759603270296e-7
12.013,0.0127,0.06602518613354949,3.0735132898886884e-7,3.073445834925852e-7,3.3204759603270296e-7
12.013,0.0127,0.1084562128786955,2.9555293970354434e-7,2.955461590713255e-7,3.3204759603270296e-7
12.013,0.0127,0.17815550096589414,2.7766584742854737e-7,2.7765896397048637e-7,3.3204759603270296e-7
12.013,0.0127,0.292646974128703,2.5082453456137453e-7,2.508176500077504e-7,3.3204759603270296e-7
12.013,0.0127,0.480716289995901,2.1200246001144733e-7,2.1199569221264729e-7,3.3204759603270296e-7
12.013,0.0127,0.789648183294706,1.6013943258021895e-7,1.6013319817341012e-7,3.3204759603270296e-7
12.013,0.0127,1.297114881182717,1.0012337805041852e-7,1.0011842088923555e-7,3.3204759603270296e-7
12.013,0.0127,2.1307045980472066,4.522994214751472e-8,4.522691044485392e-8,3.3204759603270296e-7
12.013,0.0127,3.5000000000000004,9.352416860126664e-9,9.351433263748975e-9,3.3204759603270296e-7
12.013,0.0127,3.8,4.9209971949592455e-9,4.920461164500437e-9,3.3204759603270296e-7
12.013,0.0127,3.98,1.3978649183334163e-9,1.3976967896826096e-9,3.3204759603270296e-7
12.013,0.0127,3.9998,1.3816663100056385e-10,1.3814988508620268e-10,3.3204759603270296e-7
12.013,0.047,1.0000000000000001e-7,2.945625847315635e-7,2.94556671498028e-7,2.9456424234392e-7
12.013,0.047,1.6426491045299075e-7,2.945618961472087e-7,2.9455598291107096e-7,2.9456424234392e-7
12.013,0.047,2.698296080612907e-7,2.945609215194351e-7,2.9455500827947784e-7,2.9456424234392e-7
12.013,0.047,4.432353640575351e-7,2.9455954202298063e-7,2.945536287785259e-7,2.9456424234392e-7
12.013,0.047,7.280801738650976e-7,2.9455758947067096e-7,2.945516762176297e-7,2.9456424234392e-7
12.013,0.047,1.1959802456254818e-6,2.9455482580673893e-7,2.945489125455209e-7,2.9456424234392e-7
12.013,0.047,1.9645758795121526e-6,2.945509140796971e-7,2.9454500080107465e-7,2.9456424234392e-7
12.013,0.047,3.227108809261693e-6,2.9454537735291306e-7,2.945394640571925e-7,2.9456424234392e-7
12.013,0.047,5.301007395754297e-6,2.9453754053661084e-7,2.9453162720890877e-7,2.9456424234392e-7
12.013,0.047,8.707695051742211e-6,2.9452644803403914e-7,2.945205346665845e-7,2.9456424234392e-7
12.013,0.047,1.4303687479263852e-5,2.945107471256874e-7,2.945048337025547e-7,2.9456424234392e-7
12.013,0.047,2.3495939429288417e-5,2.944885227920486e-7,2.9448260927640375e-7,2.9456424234392e-7
12.013,0.047,3.8595583863609565e-5,2.944570636493512e-7,2.9445115003639106e-7,2.9456424234392e-7
12.013,0.047,6.33990012723672e-5,2.9441253003377175e-7,2.9440661622034504e-7,2.9456424234392e-7
12.013,0.047,0.00010414231266814445,2.943494827948657e-7,2.943435687947301e-7,2.9456424234392e-7
12.013,0.047,0.00017106927664800093,2.9426021314730974e-7,2.942542987575878e-7,2.9456424234392e-7
12.013,0.047,0.00028100679409841776,2.9413378691744274e-7,2.941278721110037e-7,2.9456424234392e-7
12.013,0.047,0.00046159555869258604,2.939546755596833e-7,2.939487600503541e-7,2.9456424234392e-7
12.013,0.047,0.0007582395311413588,2.93700782390704e-7,2.936948658818261e-7,2.9456424234392e-7
12.013,0.047,0.00124552148684853,2.9334056922387235e-7,2.933346514778216e-7,2.9456424234392e-7
12.013,0.047,0.002045954755044497,2.928288155254451e-7,2.9282289539057046e-7,2.9456424234392e-7
12.013,0.047,0.0033607857462825456,2.9210024226600853e-7,2.9209431983657756e-7,2.9456424234392e-7
12.013,0.047,0.005520591696647901,2.910597003156984e-7,2.910537724332046e-7,2.9456424234392e-7
12.013,0.047,0.009068395006973916,2.895666723681733e-7,2.895607393814402e-7,2.9456424234392e-7
12.013,0.047,0.01489619093772919,2.874101719080852e-7,2.8740422709405684e-7,2.9456424234392e-7
12.013,0.047,0.024469214704767362,2.8426738173300714e-7,2.8426142250389397e-7,2.9456424234392e-7
12.013,0.047,0.04019433362333615,2.796355044224356e-7,2.796295212855202e-7,2.9456424234392e-7
12.013,0.047,0.06602518613354949,2.7272299067710317e-7,2.7271696341667516e-7,2.9456424234392e-7
12.013,0.047,0.1084562128786955,2.6229129629618e-7,2.6228523249742806e-7,2.9456424234392e-7
12.013,0.047,0.17815550096589414,2.464754562478889e-7,2.464692950978495e-7,2.9456424234392e-7
12.013,0.047,0.292646974128703,2.2273607343410133e-7,2.2272993461156754e-7,2.9456424234392e-7
12.013,0.047,0.480716289995901,1.8837980864310552e-7,1.8837372649707517e-7,2.9456424234392e-7
12.013,0.047,0.789648183294706,1.424326969150369e-7,1.424271455326242e-7,2.9456424234392e-7
12.013,0.047,1.297114881182717,8.917189953513333e-8,8.91674471174775e-8,2.9456424234392e-7
12.013,0.047,2.1307045980472066,4.034419159322752e-8,4.034143979720683e-8,2.9456424234392e-7
12.013,0.047,3.5000000000000004,8.350346128069858e-9,8.34946682007211e-9,2.9456424234392e-7
12.013,0.047,3.8,4.3938299086213825e-9,4.3933321627320864e-9,2.9456424234392e-7
12.013,0.047,3.98,1.2481023621434167e-9,1.2479497726278896e-9,2.9456424234392e-7
12.013,0.047,3.9998,1.2336363378934953e-10,1.2334850371924837e-10,2.9456424234392e-7
12.013,0.173,1.0000000000000001e-7,1.9918448855035422e-7,1.9918037074795262e-7,1.9918559900937175e-7
12.013,0.173,1.6426491045299075e-7,1.9918402725752272e-7,1.9917990945375717e-7,1.9918559900937175e-7
12.013,0.173,2.698296080612907e-7,1.991833743399862e-7,1.9917925653347328e-7,1.9918559900937175e-7
12.013,0.173,4.432353640575351e-7,1.9918245019495846e-7,1.9917833238535285e-7,1.9918559900937175e-7
12.013,0.173,7.280801738650976e-7,1.991811421513954e-7,1.991770243369468e-7,1.9918559900937175e-7
12.013,0.173,1.1959802456254818e-6,1.991792907322906e-7,1.9917517291056814e-7,1.9918559900937175e-7
12.013,0.173,1.9645758795121526e-6,1.9917667020902582e-7,1.991725523789388e-7,1.9918559900937175e-7
12.013,0.173,3.227108809261693e-6,1.991729610750809e-7,1.9916884322872747e-7,1.9918559900937175e-7
12.013,0.173,5.301007395754297e-6,1.9916771107871256e-7,1.9916359321704335e-7,1.9918559900937175e-7
12.013,0.173,8.707695051742211e-6,1.9916028005355549e-7,1.9915616215918663e-7,1.9918559900937175e-7
12.013,0.173,1.4303687479263852e-5,1.9914976179747412e-7,1.991456438706925e-7,1.9918559900937175e-7
12.013,0.173,2.3495939429288417e-5,1.991348734213081e-7,1.991307554347758e-7,1.9918559900937175e-7
12.013,0.173,3.8595583863609565e-5,1.9911379855357124e-7,1.9910968049124938e-7,1.9918559900937175e-7
12.013,0.173,6.33990012723672e-5,1.9908396500296948e-7,1.990798468368619e-7,1.9918559900937175e-7
12.013,0.173,0.00010414231266814445,1.9904172913060397e-7,1.9903761078795282e-7,1.9918559900937175e-7
12.013,0.173,0.00017106927664800093,1.9898192699920326e-7,1.9897780847444842e-7,1.9918559900937175e-7
12.013,0.173,0.00028100679409841776,1.9889723430541815e-7,1.9889311539818918e-7,1.9918559900937175e-7
12.013,0.173,0.00046159555869258604,1.9877724973686706e-7,1.987731304749045e-7,1.9918559900937175e-7
12.013,0.173,0.0007582395311413588,1.9860717373472182e-7,1.9860305372443573e-7,1.9918559900937175e-7
12.013,0.173,0.00124552148684853,1.9836588581327783e-7,1.9836176498926334e-7,1.9918559900937175e-7
12.013,0.173,0.002045954755044497,1.980231083745586e-7,1.9801898617172047e-7,1.9918559900937175e-7
12.013,0.173,0.0033607857462825456,1.975351454561546e-7,1.9753102120001634e-7,1.9918559900937175e-7
12.013,0.173,0.005520591696647901,1.9683833094685955e-7,1.9683420417165596e-7,1.9918559900937175e-7
12.013,0.173,0.009068395006973916,1.9583868842360207e-7,1.9583455627137788e-7,1.9918559900937175e-7
12.013,0.173,0.01489619093772919,1.9439519540570666e-7,1.9439105832693448e-7,1.9918559900937175e-7
12.013,0.173,0.024469214704767362,1.922922122866451e-7,1.9228806154804508e-7,1.9918559900937175e-7
12.013,0.173,0.04019433362333615,1.8919402506924482e-7,1.8918986256665632e-7,1.9918559900937175e-7
12.013,0.173,0.06602518613354949,1.8457213179015918e-7,1.8456793928750017e-7,1.9918559900937175e-7
12.013,0.173,0.1084562128786955,1.7759888392618455e-7,1.775946598277172e-7,1.9918559900937175e-7
12.013,0.173,0.17815550096589414,1.6702502600480317e-7,1.6702076474529515e-7,1.9918559900937175e-7
12.013,0.173,0.292646974128703,1.5114016076391454e-7,1.5113586106302845e-7,1.9918559900937175e-7
12.013,0.173,0.480716289995901,1.2810477806427345e-7,1.2810059097688173e-7,1.9918559900937175e-7
12.013,0.173,0.789648183294706,9.718427431970813e-8,9.718036823930731e-8,1.9918559900937175e-7
12.013,0.173,1.297114881182717,6.113277115611368e-8,6.112965140640381e-8,1.9918559900937175e-7
12.013,0.173,2.1307045980472066,2.7814649907239313e-8,2.7812716987782435e-8,1.9918559900937175e-7
12.013,0.173,3.5000000000000004,5.781447045424976e-9,5.7808137214883275e-9,1.9918559900937175e-7
12.013,0.173,3.8,3.0429510227413007e-9,3.0426017651641715e-9,1.9918559900937175e-7
12.013,0.173,3.98,8.644422022455169e-10,8.643353585025819e-10,1.9918559900937175e-7
12.013,0.173,3.9998,8.544272007794727e-11,8.54320354846828e-11,1.9918559900937175e-7
12.013,0.61,1.0000000000000001e-7,7.785239468131963e-8,7.785064708578193e-8,7.785281719081744e-8
12.013,0.61,1.6426491045299075e-7,7.785221916777653e-8,7.785047155440546e-8,7.785281719081744e-8
12.013,0.61,2.698296080612907e-7,7.785197074452113e-8,7.78502231310002e-8,7.785281719081744e-8
12.013,0.61,4.432353640575351e-7,7.785161912415144e-8,7.784987150962143e-8,7.785281719081744e-8
12.013,0.61,7.280801738650976e-7,7.785112143741156e-8,7.78493738209137e-8,7.785281719081744e-8
12.013,0.61,1.1959802456254818e-6,7.785041700626782e-8,7.784866938742502e-8,7.785281719081744e-8
12.013,0.61,1.9645758795121526e-6,7.784941994524657e-8,7.784767232298743e-8,7.785281719081744e-8
12.013,0.61,3.227108809261693e-6,7.784800868830609e-8,7.784626106052784e-8,7.785281719081744e-8
12.013,0.61,5.301007395754297e-6,7.784601116276792e-8,7.784426352909776e-8,7.785281719081744e-8
12.013,0.61,8.707695051742211e-6,7.784318379902846e-8,7.78414361532301e-8,7.785281719081744e-8
12.013,0.61,1.4303687479263852e-5,7.783918180841295e-8,7.783743415155395e-8,7.785281719081744e-8
12.013,0.61,2.3495939429288417e-5,7.78335170858942e-8,7.783176940529616e-8,7.785281719081744e-8
12.013,0.61,3.8595583863609565e-5,7.782549856036251e-8,7.782375085544094e-8,7.785281719081744e-8
12.013,0.61,6.33990012723672e-5,7.781414761757342e-8,7.78123998701015e-8,7.785281719081744e-8
12.013,0.61,0.00010414231266814445,7.779807805113375e-8,7.779633024587108e-8,7.785281719081744e-8
12.013,0.61,0.00017106927664800093,7.777532537711987e-8,7.777357749861565e-8,7.785281719081744e-8
12.013,0.61,0.00028100679409841776,7.774310351187559e-8,7.774135549904276e-8,7.785281719081744e-8
12.013,0.61,0.00046159555869258604,7.769745647979671e-8,7.769570833692663e-8,7.785281719081744e-8
12.013,0.61,0.0007582395311413588,7.763275675694269e-8,7.763100832674655e-8,7.785281719081744e-8
12.013,0.61,0.00124552148684853,7.7540976030923e-8,7.753922733527169e-8,7.785281719081744e-8
12.013,0.61,0.002045954755044497,7.74106110735096e-8,7.740886181662126e-8,7.785281719081744e-8
12.013,0.61,0.0033607857462825456,7.722507302277749e-8,7.722332311802956e-8,7.785281719081744e-8
12.013,0.61,0.005520591696647901,7.696021657364903e-8,7.695846561714525e-8,7.785281719081744e-8
12.013,0.61,0.009068395006973916,7.658044990277219e-8,7.6578697186007e-8,7.785281719081744e-8
12.013,0.61,0.01489619093772919,7.603245110707509e-8,7.603069641673473e-8,7.785281719081744e-8
12.013,0.61,0.024469214704767362,7.523482476544215e-8,7.523306513144507e-8,7.785281719081744e-8
12.013,0.61,0.04019433362333615,7.406102279798661e-8,7.405925924892571e-8,7.785281719081744e-8
12.013,0.61,0.06602518613354949,7.231187086552878e-8,7.231009509862333e-8,7.785281719081744e-8
12.013,0.61,0.1084562128786955,6.967481870794827e-8,6.967303454062379e-8,7.785281719081744e-8
12.013,0.61,0.17815550096589414,6.56751663424795e-8,6.567336409901858e-8,7.785281719081744e-8
12.013,0.61,0.292646974128703,5.965358768983506e-8,5.965177992811817e-8,7.785281719081744e-8
12.013,0.61,0.480716289995901,5.0874939589396906e-8,5.0873168459527896e-8,7.785281719081744e-8
12.013,0.61,0.789648183294706,3.8973460129656923e-8,3.897180401788752e-8,7.785281719081744e-8
12.013,0.61,1.297114881182717,2.487071417571311e-8,2.486937026155173e-8,7.785281719081744e-8
12.013,0.61,2.1307045980472066,1.1528451931097269e-8,1.1527594574960406e-8,7.785281719081744e-8
12.013,0.61,3.5000000000000004,2.440023732371854e-9,2.4397318273472854e-9,7.785281719081744e-8
12.013,0.61,3.8,1.2871072860926263e-9,1.2869471095283436e-9,7.785281719081744e-8
12.013,0.61,3.98,3.6603607678496276e-10,3.65985956468975e-10,7.785281719081744e-8
12.013,0.61,3.9998,3.6183434158550105e-11,3.6178430088803296e-11,7.785281719081744e-8
12.013,1.73,1.0000000000000001e-7,2.45127402762563e-8,2.4512111645917375e-8,2.4512919303951917e-8
12.013,1.73,1.6426491045299075e-7,2.4512739615863993e-8,2.4512110967508465e-8,2.4512919303951917e-8
12.013,1.73,2.698296080612907e-7,2.451266497209076e-8,2.4512036343219626e-8,2.4512919303951917e-8
12.013,1.73,4.432353640575351e-7,2.4512559320672685e-8,2.4511930689734878e-8,2.4512919303951917e-8
12.013,1.73,7.280801738650976e-7,2.45124097806913e-8,2.4511781149371178e-8,2.4512919303951917e-8
12.013,1.73,1.1959802456254818e-6,2.4512198120240977e-8,2.45115694881781e-8,2.4512919303951917e-8
12.013,1.73,1.9645758795121526e-6,2.4511898533377046e-8,2.4511269900385306e-8,2.4512919303951917e-8
12.013,1.73,3.227108809261693e-6,2.4511474493312335e-8,2.4510845859060266e-8,2.4512919303951917e-8
12.013,1.73,5.301007395754297e-6,2.451087429776199e-8,2.4510245661307786e-8,2.4512919303951917e-8
12.013,1.73,8.707695051742211e-6,2.451002476230202e-8,2.4509396123693924e-8,2.4512919303951917e-8
12.013,1.73,1.4303687479263852e-5,2.450882229047266e-8,2.4508193647097327e-8,2.4512919303951917e-8
12.013,1.73,2.3495939429288417e-5,2.4507120226457422e-8,2.4506491578935802e-8,2.4512919303951917e-8
12.013,1.73,3.8595583863609565e-5,2.4504710935908813e-8,2.4504082279289545e-8,2.4512919303951917e-8
12.013,1.73,6.33990012723672e-5,2.4501300401716226e-8,2.4500671735592786e-8,2.4512919303951917e-8
12.013,1.73,0.00010414231266814445,2.4496472172526114e-8,2.4495843490484274e-8,2.4512919303951917e-8
12.013,1.73,0.00017106927664800093,2.448963612141164e-8,2.4489007416279544e-8,2.4512919303951917e-8
12.013,1.73,0.00028100679409841776,2.4479955435138355e-8,2.4479326703091068e-8,2.4512919303951917e-8
12.013,1.73,0.00046159555869258604,2.4466242187339223e-8,2.4465613401490677e-8,2.4512919303951917e-8
12.013,1.73,0.0007582395311413588,2.4446807104574362e-8,2.4446178270677173e-8,2.4512919303951917e-8
12.013,1.73,0.00124552148684853,2.4419241548414495e-8,2.4418612600915587e-8,2.4512919303951917e-8
12.013,1.73,0.002045954755044497,2.438009715388741e-8,2.437946810342336e-8,2.4512919303951917e-8
12.013,1.73,0.0033607857462825456,2.4324406941476585e-8,2.4323777671186765e-8,2.4512919303951917e-8
12.013,1.73,0.005520591696647901,2.4244953523414647e-8,2.424432398584392e-8,2.4512919303951917e-8
12.013,1.73,0.009068395006973916,2.413112169626167e-8,2.413049174962421e-8,2.4512919303951917e-8
12.013,1.73,0.01489619093772919,2.3967051735244952e-8,2.3966421021861036e-8,2.4512919303951917e-8
12.013,1.73,0.024469214704767362,2.3728605175103197e-8,2.372797371068864e-8,2.4512919303951917e-8
12.013,1.73,0.04019433362333615,2.3378346597740186e-8,2.3377712959927663e-8,2.4512919303951917e-8
12.013,1.73,0.06602518613354949,2.285740786646675e-8,2.2856772853353137e-8,2.4512919303951917e-8
12.013,1.73,0.1084562128786955,2.2073176179445242e-8,2.2072536446831042e-8,2.4512919303951917e-8
12.013,1.73,0.17815550096589414,2.0883737722369655e-8,2.088309615924856e-8,2.4512919303951917e-8
12.013,1.73,0.292646974128703,1.908776797599628e-8,1.908712464194747e-8,2.4512919303951917e-8
12.013,1.73,0.480716289995901,1.6448722114019235e-8,1.644808918057294e-8,2.4512919303951917e-8
12.013,1.73,0.789648183294706,1.2814953226598437e-8,1.2814364520246902e-8,2.4512919303951917e-8
12.013,1.73,1.297114881182717,8.394166404960841e-9,8.393671699703085e-9,2.4512919303951917e-8
12.013,1.73,2.1307045980472066,4.038517368365312e-9,4.038188984734193e-9,2.4512919303951917e-8
12.013,1.73,3.5000000000000004,8.939232395483057e-10,8.938121351259464e-10,2.4512919303951917e-8
12.013,1.73,3.8,4.749566473767964e-10,4.748892376732538e-10,2.4512919303951917e-8
12.013,1.73,3.98,1.356005093390908e-10,1.3558096167202636e-10,2.4512919303951917e-8
12.013,1.73,3.9998,1.3409911564450788e-11,1.3407975590015478e-11,2.4512919303951917e-8
12.013,4.71,1.0000000000000001e-7,7.006187099208793e-9,7.005925409441571e-9,7.0062520145785935e-9
12.013,4.71,1.6426491045299075e-7,7.006187099208793e-9,7.005925409441571e-9,7.0062520145785935e-9
12.013,4.71,2.698296080612907e-7,7.006184046236432e-9,7.005922324903967e-9,7.0062520145785935e-9
12.013,4.71,4.432353640575351e-7,7.006155811667133e-9,7.0058941223132625e-9,7.0062520145785935e-9
12.013,4.71,7.280801738650976e-7,7.0061158482061436e-9,7.005854159130365e-9,7.0062520145785935e-9
12.013,4.71,1.1959802456254818e-6,7.0060592835204685e-9,7.0057975949584955e-9,7.0062520145785935e-9
12.013,4.71,1.9645758795121526e-6,7.005979221185425e-9,7.005717533373397e-9,7.0062520145785935e-9
12.013,4.71,3.227108809261693e-6,7.005865899744329e-9,7.005604213029007e-9,7.0062520145785935e-9
12.013,4.71,5.301007395754297e-6,7.0057055022806565e-9,7.005443816979978e-9,7.0062520145785935e-9
12.013,4.71,8.707695051742211e-6,7.005478471120743e-9,7.005216788107391e-9,7.0062520145785935e-9
12.013,4.71,1.4303687479263852e-5,7.005157121629605e-9,7.0048954413803e-9,7.0062520145785935e-9
12.013,4.71,2.3495939429288417e-5,7.004702262870582e-9,7.0044405872151685e-9,7.0062520145785935e-9
12.013,4.71,3.8595583863609565e-5,7.004058410128458e-9,7.003796740175725e-9,7.0062520145785935e-9
12.013,4.71,6.33990012723672e-5,7.003146998764263e-9,7.002885337645765e-9,7.0062520145785935e-9
12.013,4.71,0.00010414231266814445,7.001856756436549e-9,7.001595107397666e-9,7.0062520145785935e-9
12.013,4.71,0.00017106927664800093,7.000030024456429e-9,6.9997683920336035e-9,7.0062520145785935e-9
12.013,4.71,0.00028100679409841776,6.997443280553808e-9,6.997181673654889e-9,7.0062520145785935e-9
12.013,4.71,0.00046159555869258604,6.993779308607522e-9,6.993517733242476e-9,7.0062520145785935e-9
12.013,4.71,0.0007582395311413588,6.9885872212009126e-9,6.988325698432481e-9,7.0062520145785935e-9
12.013,4.71,0.00124552148684853,6.98122457407186e-9,6.980963114060777e-9,7.0062520145785935e-9
12.013,4.71,0.002045954755044497,6.9707725757882575e-9,6.970511219449901e-9,7.0062520145785935e-9
12.013,4.71,0.0033607857462825456,6.955909875914166e-9,6.955648650574842e-9,7.0062520145785935e-9
12.013,4.71,0.005520591696647901,6.934720711086433e-9,6.934459680966066e-9,7.0062520145785935e-9
12.013,4.71,0.009068395006973916,6.904395842152885e-9,6.904135094207049e-9,7.0062520145785935e-9
12.013,4.71,0.01489619093772919,6.860753836320267e-9,6.860493441474123e-9,7.0062520145785935e-9
12.013,4.71,0.024469214704767362,6.7974572241973165e-9,6.797197457872052e-9,7.0062520145785935e-9
12.013,4.71,0.04019433362333615,6.704715127523068e-9,6.70445601097137e-9,7.0062520145785935e-9
12.013,4.71,0.06602518613354949,6.5671622295286494e-9,6.5669045754963125e-9,7.0062520145785935e-9
12.013,4.71,0.1084562128786955,6.3605747969034725e-9,6.360318738337137e-9,7.0062520145785935e-9
12.013,4.71,0.17815550096589414,6.047466271342323e-9,6.047213912879629e-9,7.0062520145785935e-9
12.013,4.71,0.292646974128703,5.573326180086119e-9,5.57307987925886e-9,7.0062520145785935e-9
12.013,4.71,0.480716289995901,4.870142444305641e-9,4.869907896217392e-9,7.0062520145785935e-9
12.013,4.71,0.789648183294706,3.883006787163573e-9,3.882796359990623e-9,7.0062520145785935e-9
12.013,4.71,1.297114881182717,2.639971024160299e-9,2.6397995418461488e-9,7.0062520145785935e-9
12.013,4.71,2.1307045980472066,1.344297012141294e-9,1.3441847706321626e-9,7.0062520145785935e-9
12.013,4.71,3.5000000000000004,3.215198958470391e-10,3.2148115558967693e-10,7.0062520145785935e-9
12.013,4.71,3.8,1.7324586435773725e-10,1.7322238987258585e-10,7.0062520145785935e-9
12.013,4.71,3.98,4.985443200644708e-11,4.984756389625356e-11,7.0062520145785935e-9
12.013,4.71,3.9998,4.9344142984010565e-12,4.933733695363991e-12,7.0062520145785935e-9
12.53,0.00113,1.0000000000000001e-7,1.0385330925758215e-6,1.038533169308031e-6,1.0385416349029682e-6
12.53,0.00113,1.6426491045299075e-7,1.0385295440285585e-6,1.0385296207906406e-6,1.0385416349029682e-6
12.53,0.00113,2.698296080612907e-7,1.0385245213841743e-6,1.0385245981961408e-6,1.0385416349029682e-6
12.53,0.00113,4.432353640575351e-7,1.0385174122850583e-6,1.0385174891574197e-6,1.0385416349029682e-6
12.53,0.00113,7.280801738650976e-7,1.0385073499863794e-6,1.0385074269562152e-6,1.0385416349029682e-6
12.53,0.00113,1.1959802456254818e-6,1.0384931076693104e-6,1.0384931847663752e-6,1.0385416349029682e-6
12.53,0.00113,1.9645758795121526e-6,1.038472948834795e-6,1.0384730261161834e-6,1.0385416349029682e-6
12.53,0.00113,3.227108809261693e-6,1.03844441551196e-6,1.038444493063636e-6,1.0385416349029682e-6
12.53,0.00113,5.301007395754297e-6,1.038404028399595e-6,1.0384041062986564e-6,1.0385416349029682e-6
12.53,0.00113,8.707695051742211e-6,1.038346862243764e-6,1.0383469407071178e-6,1.0385416349029682e-6
12.53,0.00113,1.4303687479263852e-5,1.038265944364118e-6,1.0382660235068831e-6,1.0385416349029682e-6
12.53,0.00113,2.3495939429288417e-5,1.0381514022702587e-6,1.038151482547017e-6,1.0385416349029682e-6
12.53,0.00113,3.8595583863609565e-5,1.0379892547865108e-6,1.0379893364695338e-6,1.0385416349029682e-6
12.53,0.00113,6.33990012723672e-5,1.0377596955276544e-6,1.0377597793947111e-6,1.0385416349029682e-6
12.53,0.00113,0.00010414231266814445,1.0374346509123374e-6,1.0374347377764862e-6,1.0385416349029682e-6
12.53,0.00113,0.00017106927664800093,1.0369742957778403e-6,1.0369743867719062e-6,1.0385416349029682e-6
12.53,0.00113,0.00028100679409841776,1.0363220588303361e-6,1.0363221562349263e-6,1.0385416349029682e-6
12.53,0.00113,0.00046159555869258604,1.0353974137539316e-6,1.0353975191181535e-6,1.0385416349029682e-6
12.53,0.00113,0.0007582395311413588,1.0340853680630341e-6,1.034085486989313e-6,1.0385416349029682e-6
12.53,0.00113,0.00124552148684853,1.0322209156383928e-6,1.0322210510370876e-6,1.0385416349029682e-6
12.53,0.00113,0.002045954755044497,1.029565594821197e-6,1.0295657585080204e-6,1.0385416349029682e-6
12.53,0.00113,0.0033607857462825456,1.0257712955559794e-6,1.0257714967013644e-6,1.0385416349029682e-6
12.53,0.00113,0.005520591696647901,1.0203228941921753e-6,1.0203231550436993e-6,1.0385416349029682e-6
12.53,0.00113,0.009068395006973916,1.0124450881415618e-6,1.0124454432426627e-6,1.0385416349029682e-6
12.53,0.00113,0.01489619093772919,1.0009487367973492e-6,1.0009492243773107e-6,1.0385416349029682e-6
12.53,0.00113,0.024469214704767362,9.839783239051052e-7,9.839790689779899e-7,1.0385416349029682e-6
12.53,0.00113,0.04019433362333615,9.586124028148117e-7,9.586134692113399e-7,1.0385416349029682e-6
12.53,0.00113,0.06602518613354949,9.202949197785964e-7,9.202966710416178e-7,1.0385416349029682e-6
12.53,0.00113,0.1084562128786955,8.622314585444143e-7,8.622340267533234e-7,1.0385416349029682e-6
12.53,0.00113,0.17815550096589414,7.75377001806324e-7,7.753809656139006e-7,1.0385416349029682e-6
12.53,0.00113,0.292646974128703,6.507015895856837e-7,6.507070234806358e-7,1.0385416349029682e-6
12.53,0.00113,0.480716289995901,4.864946804236126e-7,4.865011664212726e-7,1.0385416349029682e-6
12.53,0.00113,0.789648183294706,3.009304769243312e-7,3.009368217610357e-7,1.0385416349029682e-6
12.53,0.00113,1.297114881182717,1.3750238290665863e-7,1.3750654879355345e-7,1.0385416349029682e-6
12.53,0.00113,2.1307045980472066,3.909200141915272e-8,3.909338831301336e-8,1.0385416349029682e-6
12.53,0.00113,3.5000000000000004,4.423840301986409e-9,4.42398881502016e-9,1.0385416349029682e-6
12.53,0.00113,3.8,2.0974207646611033e-9,2.097449506327448e-9,1.0385416349029682e-6
12.53,0.00113,3.98,5.624607775742211e-10,5.624721358450998e-10,1.0385416349029682e-6
12.53,0.00113,3.9998,5.5255757999241455e-11,5.525694214340736e-11,1.0385416349029682e-6
12.53,0.0037,1.0000000000000001e-7,1.0288584508943919e-6,1.0288584516697703e-6,1.0288669119215925e-6
12.53,0.0037,1.6426491045299075e-7,1.028854936119743e-6,1.028854936894087e-6,1.0288669119215925e-6
12.53,0.0037,2.698296080612907e-7,1.0288499612774093e-6,1.0288499620536532e-6,1.0288669119215925e-6
12.53,0.0037,4.432353640575351e-7,1.0288429198377795e-6,1.0288429206156528e-6,1.0288669119215925e-6
12.53,0.0037,7.280801738650976e-7,1.0288329533051089e-6,1.0288329540809705e-6,1.0288669119215925e-6
12.53,0.0037,1.1959802456254818e-6,1.0288188465366015e-6,1.028818847322565e-6,1.0288669119215925e-6
12.53,0.0037,1.9645758795121526e-6,1.0287988795600443e-6,1.0287988803340986e-6,1.0288669119215925e-6
12.53,0.0037,3.227108809261693e-6,1.028770617797941e-6,1.0287706185980507e-6,1.0288669119215925e-6
12.53,0.0037,5.301007395754297e-6,1.0287306150629214e-6,1.0287306158423374e-6,1.0288669119215925e-6
12.53,0.0037,8.707695051742211e-6,1.028673992976809e-6,1.0286739937945175e-6,1.0288669119215925e-6
12.53,0.0037,1.4303687479263852e-5,1.028593845221791e-6,1.028593846033112e-6,1.0288669119215925e-6
12.53,0.0037,2.3495939429288417e-5,1.028480393270193e-6,1.0284803940964768e-6,1.0288669119215925e-6
12.53,0.0037,3.8595583863609565e-5,1.0283197890168147e-6,1.0283197899174454e-6,1.0288669119215925e-6
12.53,0.0037,6.33990012723672e-5,1.0280924145966144e-6,1.0280924154025595e-6,1.0288669119215925e-6
12.53,0.0037,0.00010414231266814445,1.0277704636511577e-6,1.0277704647375992e-6,1.0288669119215925e-6
12.53,0.0037,0.00017106927664800093,1.027314490132067e-6,1.0273144909284537e-6,1.0288669119215925e-6
12.53,0.0037,0.00028100679409841776,1.026668461345544e-6,1.0266684627353491e-6,1.0288669119215925e-6
12.53,0.0037,0.00046159555869258604,1.0257526178023667e-6,1.0257526188514526e-6,1.0288669119215925e-6
12.53,0.0037,0.0007582395311413588,1.0244530623959846e-6,1.024453064141466e-6,1.0288669119215925e-6
12.53,0.0037,0.00124552148684853,1.0226063615286323e-6,1.022606363651066e-6,1.0288669119215925e-6
12.53,0.0037,0.002045954755044497,1.0199763276188535e-6,1.0199763294874988e-6,1.0288669119215925e-6
12.53,0.0037,0.0033607857462825456,1.0162181733951772e-6,1.0162181788598526e-6,1.0288669119215925e-6
12.53,0.0037,0.005520591696647901,1.0108216979827545e-6,1.010821699300548e-6,1.0288669119215925e-6
12.53,0.0037,0.009068395006973916,1.0030190181515854e-6,1.0030190329774605e-6,1.0288669119215925e-6
12.53,0.0037,0.01489619093772919,9.916323882703366e-7,9.916323918630745e-7,1.0288669119215925e-6
12.53,0.0037,0.024469214704767362,9.74824088432118e-7,9.748241249537197e-7,1.0288669119215925e-6
12.53,0.0037,0.04019433362333615,9.497006841000004e-7,9.497007146644652e-7,1.0288669119215925e-6
12.53,0.0037,0.06602518613354949,9.117496974449256e-7,9.11749761819023e-7,1.0288669119215925e-6
12.53,0.0037,0.1084562128786955,8.542412697270218e-7,8.542414076283836e-7,1.0288669119215925e-6
12.53,0.0037,0.17815550096589414,7.68215051301336e-7,7.682151008850559e-7,1.0288669119215925e-6
12.53,0.0037,0.292646974128703,6.447222530788165e-7,6.447225545940825e-7,1.0288669119215925e-6
12.53,0.0037,0.480716289995901,4.82058496525802e-7,4.820585104001043e-7,1.0288669119215925e-6
12.53,0.0037,0.789648183294706,2.9821360539150675e-7,2.9821375820988645e-7,1.0288669119215925e-6
12.53,0.0037,1.297114881182717,1.3627214256143785e-7,1.3627214821169751e-7,1.0288669119215925e-6
12.53,0.0037,2.1307045980472066,3.8741439284168225e-8,3.874130136604934e-8,1.0288669119215925e-6
12.53,0.0037,3.5000000000000004,4.382849065967259e-9,4.382809307136029e-9,1.0288669119215925e-6
12.53,0.0037,3.8,2.077807909607869e-9,2.077782832254209e-9,1.0288669119215925e-6
12.53,0.0037,3.98,5.571723948079598e-10,5.571639699822592e-10,1.0288669119215925e-6
12.53,0.0037,3.9998,5.473592035427473e-11,5.473514951962563e-11,1.0288669119215925e-6
12.53,0.0127,1.0000000000000001e-7,9.95970578307898e-7,9.959705786366332e-7,9.959787630627336e-7
12.53,0.0127,1.6426491045299075e-7,9.95967178298883e-7,9.95967178629931e-7,9.959787630627336e-7
12.53,0.0127,2.698296080612907e-7,9.959623658968241e-7,9.959623662273493e-7,9.959787630627336e-7
12.53,0.0127,4.432353640575351e-7,9.959555543767361e-7,9.959555547082271e-7,9.959787630627336e-7
12.53,0.0127,7.280801738650976e-7,9.959459132748023e-7,9.959459136104385e-7,9.959787630627336e-7
12.53,0.0127,1.1959802456254818e-6,9.959322671255592e-7,9.959322674556276e-7,9.959787630627336e-7
12.53,0.0127,1.9645758795121526e-6,9.959129521180826e-7,9.959129524642355e-7,9.959787630627336e-7
12.53,0.0127,3.227108809261693e-6,9.95885613169921e-7,9.958856134987231e-7,9.959787630627336e-7
12.53,0.0127,5.301007395754297e-6,9.95846916620687e-7,9.958469169830971e-7,9.959787630627336e-7
12.53,0.0127,8.707695051742211e-6,9.957921433847305e-7,9.95792143726107e-7,9.959787630627336e-7
12.53,0.0127,1.4303687479263852e-5,9.957146126564051e-7,9.957146130344537e-7,9.959787630627336e-7
12.53,0.0127,2.3495939429288417e-5,9.956048652106779e-7,9.956048656023728e-7,9.959787630627336e-7
12.53,0.0127,3.8595583863609565e-5,9.954495051401324e-7,9.954495055146834e-7,9.959787630627336e-7
12.53,0.0127,6.33990012723672e-5,9.952295552053254e-7,9.952295557212138e-7,9.959787630627336e-7
12.53,0.0127,0.00010414231266814445,9.949181171186022e-7,9.949181174562638e-7,9.959787630627336e-7
12.53,0.0127,0.00017106927664800093,9.944770331271477e-7,9.944770338781688e-7,9.959787630627336e-7
12.53,0.0127,0.00028100679409841776,9.938521007877894e-7,9.938521011675007e-7,9.959787630627336e-7
12.53,0.0127,0.00046159555869258604,9.929661664030246e-7,9.929661674957557e-7,9.959787630627336e-7
12.53,0.0127,0.0007582395311413588,9.91709055105976e-7,9.91709055964013e-7,9.959787630627336e-7
12.53,0.0127,0.00124552148684853,9.899226768831783e-7,9.899226782767176e-7,9.959787630627336e-7
12.53,0.0127,0.002045954755044497,9.87378571596454e-7,9.873785742079591e-7,9.959787630627336e-7
12.53,0.0127,0.0033607857462825456,9.837432427872783e-7,9.837432439666508e-7,9.959787630627336e-7
12.53,0.0127,0.005520591696647901,9.78523216794972e-7,9.785232247088622e-7,9.959787630627336e-7
12.53,0.0127,0.009068395006973916,9.70975820167177e-7,9.709758205315998e-7,9.959787630627336e-7
12.53,0.0127,0.01489619093772919,9.599620246355326e-7,9.599620467005012e-7,9.959787630627336e-7
12.53,0.0127,0.024469214704767362,9.437045771377305e-7,9.437045848001909e-7,9.959787630627336e-7
12.53,0.0127,0.04019433362333615,9.194052211682477e-7,9.194052704363412e-7,9.959787630627336e-7
12.53,0.0127,0.06602518613354949,8.826995469421842e-7,8.826996062602192e-7,9.959787630627336e-7
12.53,0.0127,0.1084562128786955,8.270770876179607e-7,8.270771513989662e-7,9.959787630627336e-7
12.53,0.0127,0.17815550096589414,7.438653136844034e-7,7.43865518396169e-7,9.959787630627336e-7
12.53,0.0127,0.292646974128703,6.243915897229036e-7,6.243916063329033e-7,9.959787630627336e-7
12.53,0.0127,0.480716289995901,4.669731068615322e-7,4.669733811985623e-7,9.959787630627336e-7
12.53,0.0127,0.789648183294706,2.8897372117234264e-7,2.8897373533312114e-7,9.959787630627336e-7
12.53,0.0127,1.297114881182717,1.3208808622484988e-7,1.3208804180916496e-7,9.959787630627336e-7
12.53,0.0127,2.1307045980472066,3.7549545615629594e-8,3.754951018769852e-8,9.959787630627336e-7
12.53,0.0127,3.5000000000000004,4.243621054462076e-9,4.243582178430103e-9,9.959787630627336e-7
12.53,0.0127,3.8,2.0112082989493425e-9,2.0111965023132192e-9,9.959787630627336e-7
12.53,0.0127,3.98,5.392171109862752e-10,5.392154833479582e-10,9.959787630627336e-7
12.53,0.0127,3.9998,5.2970978307614803e-11,5.297074485197934e-11,9.959787630627336e-7
12.53,0.047,1.0000000000000001e-7,8.835063243673307e-7,8.835063282317403e-7,8.835135655854862e-7
12.53,0.047,1.6426491045299075e-7,8.835033163106012e-7,8.835033201777123e-7,8.835135655854862e-7
12.53,0.047,2.698296080612907e-7,8.834990586812075e-7,8.834990625458164e-7,8.835135655854862e-7
12.53,0.047,4.432353640575351e-7,8.834930323917315e-7,8.834930362608558e-7,8.835135655854862e-7
12.53,0.047,7.280801738650976e-7,8.834845027141372e-7,8.834845065815052e-7,8.835135655854862e-7
12.53,0.047,1.1959802456254818e-6,8.834724296905885e-7,8.834724335609155e-7,8.835135655854862e-7
12.53,0.047,1.9645758795121526e-6,8.834553413144556e-7,8.834553451904492e-7,8.835135655854862e-7
12.53,0.047,3.227108809261693e-6,8.834311539979232e-7,8.8343115786603e-7,8.835135655854862e-7
12.53,0.047,5.301007395754297e-6,8.83396918387141e-7,8.833969222818676e-7,8.835135655854862e-7
12.53,0.047,8.707695051742211e-6,8.833484594183191e-7,8.833484632821709e-7,8.835135655854862e-7
12.53,0.047,1.4303687479263852e-5,8.832798664630609e-7,8.832798703884441e-7,8.835135655854862e-7
12.53,0.047,2.3495939429288417e-5,8.831827707891823e-7,8.831827746697951e-7,8.835135655854862e-7
12.53,0.047,3.8595583863609565e-5,8.830453208477284e-7,8.830453248063504e-7,8.835135655854862e-7
12.53,0.047,6.33990012723672e-5,8.828507272765327e-7,8.828507312393985e-7,8.835135655854862e-7
12.53,0.047,0.00010414231266814445,8.825751930378227e-7,8.825751969993726e-7,8.835135655854862e-7
12.53,0.047,0.00017106927664800093,8.821849601493411e-7,8.821849643326539e-7,8.835135655854862e-7
12.53,0.047,0.00028100679409841776,8.816320767592706e-7,8.816320806522518e-7,8.835135655854862e-7
12.53,0.047,0.00046159555869258604,8.808482882294618e-7,8.808482928704701e-7,8.835135655854862e-7
12.53,0.047,0.0007582395311413588,8.79736131269638e-7,8.797361351750653e-7,8.835135655854862e-7
12.53,0.047,0.00124552148684853,8.781557638104166e-7,8.781557692365325e-7,8.835135655854862e-7
12.53,0.047,0.002045954755044497,8.759051131569722e-7,8.759051178986894e-7,8.835135655854862e-7
12.53,0.047,0.0033607857462825456,8.726892359832103e-7,8.726892424335813e-7,8.835135655854862e-7
12.53,0.047,0.005520591696647901,8.680717701393171e-7,8.680717787658759e-7,8.835135655854862e-7
12.53,0.047,0.009068395006973916,8.613961077886986e-7,8.613961144928072e-7,8.835135655854862e-7
12.53,0.047,0.01489619093772919,8.516553895255203e-7,8.516554120977927e-7,8.835135655854862e-7
12.53,0.047,0.024469214704767362,8.372787667155179e-7,8.372787711083625e-7,8.835135655854862e-7
12.53,0.047,0.04019433362333615,8.157928860819891e-7,8.157929475048335e-7,8.835135655854862e-7
12.53,0.047,0.06602518613354949,7.833388883062992e-7,7.833389064213105e-7,8.835135655854862e-7
12.53,0.047,0.1084562128786955,7.34155744898425e-7,7.341558681369127e-7,8.835135655854862e-7
12.53,0.047,0.17815550096589414,6.605551720220858e-7,6.605552807102378e-7,8.835135655854862e-7
12.53,0.047,0.292646974128703,5.548116007801177e-7,5.548117184287536e-7,8.835135655854862e-7
12.53,0.047,0.480716289995901,4.1532362734859346e-7,4.1532383911542263e-7,8.835135655854862e-7
12.53,0.047,0.789648183294706,2.5732457627178673e-7,2.573245859073435e-7,8.835135655854862e-7
12.53,0.047,1.297114881182717,1.177550548253189e-7,1.1775502558896918e-7,8.835135655854862e-7
12.53,0.047,2.1307045980472066,3.3470986403690375e-8,3.347098347096331e-8,8.835135655854862e-7
12.53,0.047,3.5000000000000004,3.768893960899207e-9,3.7688372421860466e-9,8.835135655854862e-7
12.53,0.047,3.8,1.7843180940590324e-9,1.7843165277901938e-9,8.835135655854862e-7
12.53,0.047,3.98,4.780782870958781e-10,4.780732465262576e-10,8.835135655854862e-7
12.53,0.047,3.9998,4.696157345105654e-11,4.696100952662944e-11,8.835135655854862e-7
12.53,0.173,1.0000000000000001e-7,5.973853636336923e-7,5.973853627742981e-7,5.973902146327429e-7
12.53,0.173,1.6426491045299075e-7,5.973833484920768e-7,5.973833476324173e-7,5.973902146327429e-7
12.53,0.173,2.698296080612907e-7,5.973804962433372e-7,5.973804953855187e-7,5.973902146327429e-7
12.53,0.173,4.432353640575351e-7,5.973764591432381e-7,5.973764582830928e-7,5.973902146327429e-7
12.53,0.173,7.280801738650976e-7,5.973707449868397e-7,5.973707441318723e-7,5.973902146327429e-7
12.53,0.173,1.1959802456254818e-6,5.973626570915527e-7,5.973626562319894e-7,5.973902146327429e-7
12.53,0.173,1.9645758795121526e-6,5.973512093396197e-7,5.973512084883437e-7,5.973902146327429e-7
12.53,0.173,3.227108809261693e-6,5.973350059076363e-7,5.973350050536586e-7,5.973902146327429e-7
12.53,0.173,5.301007395754297e-6,5.973120709864856e-7,5.973120701372113e-7,5.973902146327429e-7
12.53,0.173,8.707695051742211e-6,5.972796076544733e-7,5.972796068173064e-7,5.973902146327429e-7
12.53,0.173,1.4303687479263852e-5,5.972336563293234e-7,5.972336554756221e-7,5.973902146327429e-7
12.53,0.173,2.3495939429288417e-5,5.971686107540416e-7,5.971686099527536e-7,5.973902146327429e-7
12.53,0.173,3.8595583863609565e-5,5.970765315847272e-7,5.970765307244602e-7,5.973902146327429e-7
12.53,0.173,6.33990012723672e-5,5.969461717990234e-7,5.969461710559041e-7,5.973902146327429e-7
12.53,0.173,0.00010414231266814445,5.967615903630896e-7,5.967615895397239e-7,5.973902146327429e-7
12.53,0.173,0.00017106927664800093,5.965001744635033e-7,5.965001737834464e-7,5.973902146327429e-7
12.53,0.173,0.00028100679409841776,5.961298053038114e-7,5.961298046501217e-7,5.973902146327429e-7
12.53,0.173,0.00046159555869258604,5.956047689586614e-7,5.956047682850067e-7,5.973902146327429e-7
12.53,0.173,0.0007582395311413588,5.948597974372808e-7,5.948597972559952e-7,5.973902146327429e-7
12.53,0.173,0.00124552148684853,5.938012614169794e-7,5.938012606111866e-7,5.973902146327429e-7
12.53,0.173,0.002045954755044497,5.922939041793439e-7,5.9229390510236e-7,5.973902146327429e-7
12.53,0.173,0.0033607857462825456,5.901403833416223e-7,5.901403826263161e-7,5.973902146327429e-7
12.53,0.173,0.005520591696647901,5.870488823589299e-7,5.870488855925243e-7,5.973902146327429e-7
12.53,0.173,0.009068395006973916,5.825805549602452e-7,5.825805567753861e-7,5.973902146327429e-7
12.53,0.173,0.01489619093772919,5.760628577569041e-7,5.760628646247968e-7,5.973902146327429e-7
12.53,0.173,0.024469214704767362,5.664469459602128e-7,5.664469609977352e-7,5.973902146327429e-7
12.53,0.173,0.04019433362333615,5.520812476182537e-7,5.52081254976632e-7,5.973902146327429e-7
12.53,0.173,0.06602518613354949,5.303864108299656e-7,5.303864701829741e-7,5.973902146327429e-7
12.53,0.173,0.1084562128786955,4.975011787621837e-7,4.975011778321928e-7,5.973902146327429e-7
12.53,0.173,0.17815550096589414,4.4824098554630986e-7,4.4824112229936166e-7,5.973902146327429e-7
12.53,0.173,0.292646974128703,3.7731192658607346e-7,3.773119551230083e-7,5.973902146327429e-7
12.53,0.173,0.480716289995901,2.833834647978191e-7,2.833835931984345e-7,5.973902146327429e-7
12.53,0.173,0.789648183294706,1.7635443051070718e-7,1.7635449116159485e-7,5.973902146327429e-7
12.53,0.173,1.297114881182717,8.106590999911395e-8,8.106589301297794e-8,5.973902146327429e-7
12.53,0.173,2.1307045980472066,2.3063887937609202e-8,2.3063818602991236e-8,5.973902146327429e-7
12.53,0.173,3.5000000000000004,2.570941648318543e-9,2.5709376497040946e-9,5.973902146327429e-7
12.53,0.173,3.8,1.2133185001165833e-9,1.213299795655775e-9,5.973902146327429e-7
12.53,0.173,3.98,3.2445901441040266e-10,3.244587680887353e-10,5.973902146327429e-7
12.53,0.173,3.9998,3.1864769312942905e-11,3.186476400179903e-11,5.973902146327429e-7
12.53,0.61,1.0000000000000001e-7,2.3353707145694124e-7,2.335370685022179e-7,2.3353891717399976e-7
12.53,0.61,1.6426491045299075e-7,2.3353630473218653e-7,2.335363017733237e-7,2.3353891717399976e-7
12.53,0.61,2.698296080612907e-7,2.3353521950344134e-7,2.3353521654482517e-7,2.3353891717399976e-7
12.53,0.61,4.432353640575351e-7,2.3353368346043842e-7,2.3353368050143724e-7,2.3353891717399976e-7
12.53,0.61,7.280801738650976e-7,2.335315093283701e-7,2.3353150637099266e-7,2.3353891717399976e-7
12.53,0.61,1.1959802456254818e-6,2.3352843203270845e-7,2.3352842907344828e-7,2.3353891717399976e-7
12.53,0.61,1.9645758795121526e-6,2.3352407637482246e-7,2.3352407341955622e-7,2.3353891717399976e-7
12.53,0.61,3.227108809261693e-6,2.3351791127219312e-7,2.3351790831390543e-7,2.3353891717399976e-7
12.53,0.61,5.301007395754297e-6,2.3350918497212043e-7,2.3350918201935635e-7,2.3353891717399976e-7
12.53,0.61,8.707695051742211e-6,2.334968333123424e-7,2.3349683035916554e-7,2.3353891717399976e-7
12.53,0.61,1.4303687479263852e-5,2.334793497797098e-7,2.3347934682785483e-7,2.3353891717399976e-7
12.53,0.61,2.3495939429288417e-5,2.3345460137786376e-7,2.3345459843848979e-7,2.3353891717399976e-7
12.53,0.61,3.8595583863609565e-5,2.334195675197373e-7,2.3341956456441674e-7,2.3353891717399976e-7
12.53,0.61,6.33990012723672e-5,2.3336996934913186e-7,2.3336996643756228e-7,2.3353891717399976e-7
12.53,0.61,0.00010414231266814445,2.3329974257354752e-7,2.3329973961801264e-7,2.3353891717399976e-7
12.53,0.61,0.00017106927664800093,2.332002856503864e-7,2.332002827818326e-7,2.3353891717399976e-7
12.53,0.61,0.00028100679409841776,2.3305938296713974e-7,2.3305938005233938e-7,2.3353891717399976e-7
12.53,0.61,0.00046159555869258604,2.328596524122828e-7,2.3285964958758536e-7,2.3353891717399976e-7
12.53,0.61,0.0007582395311413588,2.325762855915459e-7,2.3257628283332072e-7,2.3353891717399976e-7
12.53,0.61,0.00124552148684853,2.3217371298572492e-7,2.3217371015908402e-7,2.3353891717399976e-7
12.53,0.61,0.002045954755044497,2.316005907200785e-7,2.316005884017791e-7,2.3353891717399976e-7
12.53,0.61,0.0033607857462825456,2.3078208738278203e-7,2.3078208446177676e-7,2.3353891717399976e-7
12.53,0.61,0.005520591696647901,2.296077019113986e-7,2.2960770070218398e-7,2.3353891717399976e-7
12.53,0.61,0.009068395006973916,2.2791153315468678e-7,2.279115305378325e-7,2.3353891717399976e-7
12.53,0.61,0.01489619093772919,2.254397609293799e-7,2.2543976214254918e-7,2.3353891717399976e-7
12.53,0.61,0.024469214704767362,2.2179703438477867e-7,2.2179703516077453e-7,2.3353891717399976e-7
12.53,0.61,0.04019433362333615,2.1636080009457422e-7,2.163608044685376e-7,2.3353891717399976e-7
12.53,0.61,0.06602518613354949,2.081563632107206e-7,2.0815637906337794e-7,2.3353891717399976e-7
12.53,0.61,0.1084562128786955,1.9571439102322405e-7,1.9571439338201374e-7,2.3353891717399976e-7
12.53,0.61,0.17815550096589414,1.7703025021600288e-7,1.7703030127375438e-7,2.3353891717399976e-7
12.53,0.61,0.292646974128703,1.4997054420149434e-7,1.4997054217826697e-7,2.3353891717399976e-7
12.53,0.61,0.480716289995901,1.1375612012000764e-7,1.1375618616997818e-7,2.3353891717399976e-7
12.53,0.61,0.789648183294706,7.179665834318206e-8,7.179667079438008e-8,2.3353891717399976e-7
12.53,0.61,1.297114881182717,3.356522985845538e-8,3.3565226303371854e-8,2.3353891717399976e-7
12.53,0.61,2.1307045980472066,9.667711491576042e-9,9.667694429498858e-9,2.3353891717399976e-7
12.53,0.61,3.5000000000000004,1.0666675130409588e-9,1.0666601769174489e-9,2.3353891717399976e-7
12.53,0.61,3.8,5.007703046228741e-10,5.007639324297866e-10,2.3353891717399976e-7
12.53,0.61,3.98,1.3346323310734534e-10,1.3346312995414437e-10,2.3353891717399976e-7
12.53,0.61,3.9998,1.3102338659820714e-11,1.3102313671568332e-11,2.3353891717399976e-7
12.53,1.73,1.0000000000000001e-7,7.364239832151488e-8,7.364239872573696e-8,7.36429907220996e-8
12.53,1.73,1.6426491045299075e-7,7.364220576127103e-8,7.364220615662391e-8,7.36429907220996e-8
12.53,1.73,2.698296080612907e-7,7.364187968245299e-8,7.364188008673361e-8,7.36429907220996e-8
12.53,1.73,4.432353640575351e-7,7.364141814747669e-8,7.364141855202414e-8,7.36429907220996e-8
12.53,1.73,7.280801738650976e-7,7.364076488595855e-8,7.36407652902649e-8,7.36429907220996e-8
12.53,1.73,1.1959802456254818e-6,7.363984025116654e-8,7.363984065621119e-8,7.36429907220996e-8
12.53,1.73,1.9645758795121526e-6,7.363853150770092e-8,7.363853191190626e-8,7.36429907220996e-8
12.53,1.73,3.227108809261693e-6,7.363667908248963e-8,7.363667948832606e-8,7.36429907220996e-8
12.53,1.73,5.301007395754297e-6,7.363405709946814e-8,7.363405750417461e-8,7.36429907220996e-8
12.53,1.73,8.707695051742211e-6,7.363034581699361e-8,7.363034622362745e-8,7.36429907220996e-8
12.53,1.73,1.4303687479263852e-5,7.362509258977135e-8,7.362509299673173e-8,7.36429907220996e-8
12.53,1.73,2.3495939429288417e-5,7.361765655497976e-8,7.361765696150896e-8,7.36429907220996e-8
12.53,1.73,3.8595583863609565e-5,7.360713020552856e-8,7.360713061824067e-8,7.36429907220996e-8
12.53,1.73,6.33990012723672e-5,7.359222807650556e-8,7.359222848110154e-8,7.36429907220996e-8
12.53,1.73,0.00010414231266814445,7.35711284925734e-8,7.357112891630916e-8,7.36429907220996e-8
12.53,1.73,0.00017106927664800093,7.35412479976575e-8,7.354124840304502e-8,7.36429907220996e-8
12.53,1.73,0.00028100679409841776,7.349891853470284e-8,7.349891897432945e-8,7.36429907220996e-8
12.53,1.73,0.00046159555869258604,7.343892261081137e-8,7.343892303574225e-8,7.36429907220996e-8
12.53,1.73,0.0007582395311413588,7.335381786480817e-8,7.335381831767916e-8,7.36429907220996e-8
12.53,1.73,0.00124552148684853,7.323294277119501e-8,7.323294326760906e-8,7.36429907220996e-8
12.53,1.73,0.002045954755044497,7.30609267600343e-8,7.306092720212016e-8,7.36429907220996e-8
12.53,1.73,0.0033607857462825456,7.281540682704023e-8,7.281540752668095e-8,7.36429907220996e-8
12.53,1.73,0.005520591696647901,7.246343589532224e-8,7.246343629285743e-8,7.36429907220996e-8
12.53,1.73,0.009068395006973916,7.195568570874396e-8,7.195568693024729e-8,7.36429907220996e-8
12.53,1.73,0.01489619093772919,7.12169066198154e-8,7.12169072357177e-8,7.36429907220996e-8
12.53,1.73,0.024469214704767362,7.01301638375278e-8,7.013016614635251e-8,7.36429907220996e-8
12.53,1.73,0.04019433362333615,6.851141979008996e-8,6.851142230643126e-8,7.36429907220996e-8
12.53,1.73,0.06602518613354949,6.60716206977476e-8,6.607162404229672e-8,7.36429907220996e-8
12.53,1.73,0.1084562128786955,6.23706392753406e-8,6.23706490762309e-8,7.36429907220996e-8
12.53,1.73,0.17815550096589414,5.6793736101219836e-8,5.6793737740608926e-8,7.36429907220996e-8
12.53,1.73,0.292646974128703,4.8646492321215476e-8,4.8646514681807924e-8,7.36429907220996e-8
12.53,1.73,0.480716289995901,3.756107465177516e-8,3.756107568539274e-8,7.36429907220996e-8
12.53,1.73,0.789648183294706,2.4359987007304174e-8,2.436000419357063e-8,7.36429907220996e-8
12.53,1.73,1.297114881182717,1.1829347887326817e-8,1.182935062720143e-8,7.36429907220996e-8
12.53,1.73,2.1307045980472066,3.5609347563139018e-9,3.5609253313972368e-9,7.36429907220996e-8
12.53,1.73,3.5000000000000004,4.049869114233367e-10,4.049817596644676e-10,7.36429907220996e-8
12.53,1.73,3.8,1.9037505523676082e-10,1.9037202853482835e-10,7.36429907220996e-8
12.53,1.73,3.98,5.074378944759762e-11,5.074259141746665e-11,7.36429907220996e-8
12.53,1.73,3.9998,4.98154494659475e-12,4.981433937431991e-12,7.36429907220996e-8
12.53,4.71,1.0000000000000001e-7,2.1137865944403934e-8,2.1137722448855138e-8,2.113808074862162e-8
12.53,4.71,1.6426491045299075e-7,2.1137865944403934e-8,2.1137722448855138e-8,2.113808074862162e-8
12.53,4.71,2.698296080612907e-7,2.113778383136434e-8,2.1137640338515084e-8,2.113808074862162e-8
12.53,4.71,4.432353640575351e-7,2.1137660489536923e-8,2.113751699650951e-8,2.113808074862162e-8
12.53,4.71,7.280801738650976e-7,2.1137485910247683e-8,2.1137342419260003e-8,2.113808074862162e-8
12.53,4.71,1.1959802456254818e-6,2.1137238808573157e-8,2.1137095320749615e-8,2.113808074862162e-8
12.53,4.71,1.9645758795121526e-6,2.1136889056999465e-8,2.113674557313709e-8,2.113808074862162e-8
12.53,4.71,3.227108809261693e-6,2.1136394011252523e-8,2.1136250533731704e-8,2.113808074862162e-8
12.53,4.71,5.301007395754297e-6,2.1135693308682407e-8,2.113554983928965e-8,2.113808074862162e-8
12.53,4.71,8.707695051742211e-6,2.113470150316718e-8,2.1134558046066702e-8,2.113808074862162e-8
12.53,4.71,1.4303687479263852e-5,2.1133297634317798e-8,2.1133154194225218e-8,2.113808074862162e-8
12.53,4.71,2.3495939429288417e-5,2.113131044947422e-8,2.1131167032849638e-8,2.113808074862162e-8
12.53,4.71,3.8595583863609565e-5,2.1128497454378697e-8,2.112835407325918e-8,2.113808074862162e-8
12.53,4.71,6.33990012723672e-5,2.112451518739242e-8,2.1124371851559564e-8,2.113808074862162e-8
12.53,4.71,0.00010414231266814445,2.1118876977380434e-8,2.1118733714189977e-8,2.113808074862162e-8
12.53,4.71,0.00017106927664800093,2.1110892773826568e-8,2.1110749601581003e-8,2.113808074862162e-8
12.53,4.71,0.00028100679409841776,2.109958312673237e-8,2.1099440098225782e-8,2.113808074862162e-8
12.53,4.71,0.00046159555869258604,2.1083555521566234e-8,2.108341268242647e-8,2.113808074862162e-8
12.53,4.71,0.0007582395311413588,2.1060825105185736e-8,2.106068254329132e-8,2.113808074862162e-8
12.53,4.71,0.00124552148684853,2.1028551643542812e-8,2.1028409483186506e-8,2.113808074862162e-8
12.53,4.71,0.002045954755044497,2.0982647089191908e-8,2.0982505460978095e-8,2.113808074862162e-8
12.53,4.71,0.0033607857462825456,2.0917177353535202e-8,2.091703658438349e-8,2.113808074862162e-8
12.53,4.71,0.005520591696647901,2.082342681885648e-8,2.0823287100910393e-8,2.113808074862162e-8
12.53,4.71,0.009068395006973916,2.0688396368395368e-8,2.068825849480353e-8,2.113808074862162e-8
12.53,4.71,0.01489619093772919,2.0492339172497804e-8,2.0492203556327647e-8,2.113808074862162e-8
12.53,4.71,0.024469214704767362,2.0204682869191437e-8,2.02045511687978e-8,2.113808074862162e-8
12.53,4.71,0.04019433362333615,1.9777390661766977e-8,1.9777264403913207e-8,2.113808074862162e-8
12.53,4.71,0.06602518613354949,1.9134802339327145e-8,1.9134684124214074e-8,2.113808074862162e-8
12.53,4.71,0.1084562128786955,1.8160420523011353e-8,1.81603163687562e-8,2.113808074862162e-8
12.53,4.71,0.17815550096589414,1.6687019459034946e-8,1.668693093478891e-8,2.113808074862162e-8
12.53,4.71,0.292646974128703,1.4512476484516839e-8,1.4512419333464605e-8,2.113808074862162e-8
12.53,4.71,0.480716289995901,1.1491852393862066e-8,1.1491821409683781e-8,2.113808074862162e-8
12.53,4.71,0.789648183294706,7.76243419305479e-9,7.762439694569983e-9,2.113808074862162e-8
12.53,4.71,1.297114881182717,4.012760454239481e-9,4.012780231168782e-9,2.113808074862162e-8
12.53,4.71,2.1307045980472066,1.3196310710624774e-9,1.319644739494336e-9,2.113808074862162e-8
12.53,4.71,3.5000000000000004,1.6649197114933114e-10,1.6649412812277942e-10,2.113808074862162e-8
12.53,4.71,3.8,7.950756648612708e-11,7.950867125560088e-11,2.113808074862162e-8
12.53,4.71,3.98,2.1368871585643044e-11,2.1369010382232293e-11,2.113808074862162e-8
12.53,4.71,3.9998,2.0995972789509047e-12,2.0996137017101154e-12,2.113808074862162e-8
13.07,0.00113,1.0000000000000001e-7,3.2411421613588723e-6,3.241142403089146e-6,3.241182007980932e-6
13.07,0.00113,1.6426491045299075e-7,3.2411256087556693e-6,3.2411258506279256e-6,3.241182007980932e-6
13.07,0.00113,2.698296080612907e-7,3.2411021800383647e-6,3.241102422136858e-6,3.241182007980932e-6
13.07,0.00113,4.432353640575351e-7,3.2410690187603716e-6,3.2410692611588415e-6,3.241182007980932e-6
13.07,0.00113,7.280801738650976e-7,3.2410220818078927e-6,3.2410223246331945e-6,3.241182007980932e-6
13.07,0.00113,1.1959802456254818e-6,3.2409556463462288e-6,3.24095588980792e-6,3.241182007980932e-6
13.07,0.00113,1.9645758795121526e-6,3.240861611812442e-6,3.2408618560807327e-6,3.241182007980932e-6
13.07,0.00113,3.227108809261693e-6,3.240728511638489e-6,3.240728757229224e-6,3.241182007980932e-6
13.07,0.00113,5.301007395754297e-6,3.2405401137192625e-6,3.2405403609006743e-6,3.241182007980932e-6
13.07,0.00113,8.707695051742211e-6,3.240273437858314e-6,3.240273687678128e-6,3.241182007980932e-6
13.07,0.00113,1.4303687479263852e-5,3.2398959458777973e-6,3.239896199007233e-6,3.241182007980932e-6
13.07,0.00113,2.3495939429288417e-5,3.2393615558803673e-6,3.2393618140636156e-6,3.241182007980932e-6
13.07,0.00113,3.8595583863609565e-5,3.238604981250392e-6,3.2386052464840865e-6,3.241182007980932e-6
13.07,0.00113,6.33990012723672e-5,3.2375336737473494e-6,3.2375339485163066e-6,3.241182007980932e-6
13.07,0.00113,0.00010414231266814445,3.2360163199142624e-6,3.2360166096678516e-6,3.241182007980932e-6
13.07,0.00113,0.00017106927664800093,3.233866335379397e-6,3.2338666435393e-6,3.241182007980932e-6
13.07,0.00113,0.00028100679409841776,3.230818006183931e-6,3.2308183455998408e-6,3.241182007980932e-6
13.07,0.00113,0.00046159555869258604,3.2264916270680093e-6,3.226492004555104e-6,3.241182007980932e-6
13.07,0.00113,0.0007582395311413588,3.2203417860267998e-6,3.2203422271866533e-6,3.241182007980932e-6
13.07,0.00113,0.00124552148684853,3.2115790988472054e-6,3.2115796250922054e-6,3.241182007980932e-6
13.07,0.00113,0.002045954755044497,3.199048847993901e-6,3.199049504539934e-6,3.241182007980932e-6
13.07,0.00113,0.0033607857462825456,3.1810377891839746e-6,3.1810386519177067e-6,3.241182007980932e-6
13.07,0.00113,0.005520591696647901,3.1549593465397006e-6,3.1549604895825833e-6,3.241182007980932e-6
13.07,0.00113,0.009068395006973916,3.116833990325982e-6,3.116835674047105e-6,3.241182007980932e-6
13.07,0.00113,0.01489619093772919,3.0604385796921524e-6,3.0604409387476684e-6,3.241182007980932e-6
13.07,0.00113,0.024469214704767362,2.975977214724413e-6,2.975981009139539e-6,3.241182007980932e-6
13.07,0.00113,0.04019433362333615,2.8482481938167163e-6,2.84825380932467e-6,3.241182007980932e-6
13.07,0.00113,0.06602518613354949,2.6548890262488794e-6,2.6548979173736073e-6,3.241182007980932e-6
13.07,0.00113,0.1084562128786955,2.36706898817144e-6,2.3670821044824726e-6,3.241182007980932e-6
13.07,0.00113,0.17815550096589414,1.958532844823705e-6,1.9585504261265532e-6,3.241182007980932e-6
13.07,0.00113,0.292646974128703,1.4314288649469573e-6,1.4314502662376734e-6,3.241182007980932e-6
13.07,0.00113,0.480716289995901,8.554090416264069e-7,8.55428355551333e-7,3.241182007980932e-6
13.07,0.00113,0.789648183294706,3.727970594949033e-7,3.7280974818888544e-7,3.241182007980932e-6
13.07,0.00113,1.297114881182717,1.0128270412793352e-7,1.0128742393385114e-7,3.241182007980932e-6
13.07,0.00113,2.1307045980472066,1.409898243810558e-8,1.4099628879302055e-8,3.241182007980932e-6
13.07,0.00113,3.5000000000000004,6.891889185621262e-10,6.891980758013154e-10,3.241182007980932e-6
13.07,0.00113,3.8,2.8673996190090506e-10,2.8673861604878997e-10,3.241182007980932e-6
13.07,0.00113,3.98,7.17471601536904e-11,7.17458922631867e-11,3.241182007980932e-6
13.07,0.00113,3.9998,6.997759267800275e-12,6.997640417429596e-12,3.241182007980932e-6
13.07,0.0037,1.0000000000000001e-7,3.210917052193799e-6,3.2109170564792526e-6,3.2109565195833353e-6
13.07,0.0037,1.6426491045299075e-7,3.2109006571268108e-6,3.2109006614165524e-6,3.2109565195833353e-6
13.07,0.0037,2.698296080612907e-7,3.2108774513878306e-6,3.2108774556721936e-6,3.2109565195833353e-6
13.07,0.0037,4.432353640575351e-7,3.210844605715983e-6,3.210844610024542e-6,3.2109565195833353e-6
13.07,0.0037,7.280801738650976e-7,3.210798115477099e-6,3.2107981197575027e-6,3.2109565195833353e-6
13.07,0.0037,1.1959802456254818e-6,3.2107323123026304e-6,3.210732316643581e-6,3.2109565195833353e-6
13.07,0.0037,1.9645758795121526e-6,3.210639172725588e-6,3.2106391770199967e-6,3.2109565195833353e-6
13.07,0.0037,3.227108809261693e-6,3.210507339309719e-6,3.2105073436898847e-6,3.2109565195833353e-6
13.07,0.0037,5.301007395754297e-6,3.2103207344380147e-6,3.2103207388087937e-6,3.2109565195833353e-6
13.07,0.0037,8.707695051742211e-6,3.2100565966286e-6,3.2100566010253115e-6,3.2109565195833353e-6
13.07,0.0037,1.4303687479263852e-5,3.209682697390926e-6,3.2096827019705466e-6,3.2109565195833353e-6
13.07,0.0037,2.3495939429288417e-5,3.2091533934294147e-6,3.2091533977764695e-6,3.2109565195833353e-6
13.07,0.0037,3.8595583863609565e-5,3.2084040195409562e-6,3.2084040245460993e-6,3.2109565195833353e-6
13.07,0.0037,6.33990012723672e-5,3.2073429084307514e-6,3.2073429127692173e-6,3.2109565195833353e-6
13.07,0.0037,0.00010414231266814445,3.2058399966990462e-6,3.2058400023754884e-6,3.2109565195833353e-6
13.07,0.0037,0.00017106927664800093,3.2037104764443423e-6,3.2037104813911447e-6,3.2109565195833353e-6
13.07,0.0037,0.00028100679409841776,3.2006911641283126e-6,3.2006911705283076e-6,3.2109565195833353e-6
13.07,0.0037,0.00046159555869258604,3.1964059716691486e-6,3.1964059790247615e-6,3.2109565195833353e-6
13.07,0.0037,0.0007582395311413588,3.1903146853730354e-6,3.1903146918754947e-6,3.2109565195833353e-6
13.07,0.0037,0.00124552148684853,3.1816354499359823e-6,3.1816354642818376e-6,3.2109565195833353e-6
13.07,0.0037,0.002045954755044497,3.169224571727072e-6,3.1692245769893606e-6,3.2109565195833353e-6
13.07,0.0037,0.0033607857462825456,3.151385182365987e-6,3.1513852150348235e-6,3.2109565195833353e-6
13.07,0.0037,0.005520591696647901,3.1255554634849265e-6,3.125555474013203e-6,3.2109565195833353e-6
13.07,0.0037,0.009068395006973916,3.0877940242469828e-6,3.0877940984718624e-6,3.2109565195833353e-6
13.07,0.0037,0.01489619093772919,3.0319374069022943e-6,3.0319374737146087e-6,3.2109565195833353e-6
13.07,0.0037,0.024469214704767362,2.9482835998034473e-6,2.948283731626578e-6,3.2109565195833353e-6
13.07,0.0037,0.04019433362333615,2.8217761442753404e-6,2.8217764535090294e-6,3.2109565195833353e-6
13.07,0.0037,0.06602518613354949,2.630264565194661e-6,2.6302646779894727e-6,3.2109565195833353e-6
13.07,0.0037,0.1084562128786955,2.3451867557618637e-6,2.34518758241463e-6,3.2109565195833353e-6
13.07,0.0037,0.17815550096589414,1.940519926569977e-6,1.940519977681026e-6,3.2109565195833353e-6
13.07,0.0037,0.292646974128703,1.4183584971672172e-6,1.4183594174180954e-6,3.2109565195833353e-6
13.07,0.0037,0.480716289995901,8.47661980825644e-7,8.476621659205453e-7,3.2109565195833353e-6
13.07,0.0037,0.789648183294706,3.6943362003354245e-7,3.694336715414134e-7,3.2109565195833353e-6
13.07,0.0037,1.297114881182717,1.0035461284180993e-7,1.003545432228505e-7,3.2109565195833353e-6
13.07,0.0037,2.1307045980472066,1.3961239659000232e-8,1.3961177384682045e-8,3.2109565195833353e-6
13.07,0.0037,3.5000000000000004,6.81464971002895e-10,6.814432833765307e-10,3.2109565195833353e-6
13.07,0.0037,3.8,2.834389442309844e-10,2.8343742062825214e-10,3.2109565195833353e-6
13.07,0.0037,3.98,7.090893149282149e-11,7.090728846985665e-11,3.2109565195833353e-6
13.07,0.0037,3.9998,6.915876917570062e-12,6.915711620031696e-12,3.2109565195833353e-6
13.07,0.0127,1.0000000000000001e-7,3.1081727515351797e-6,3.108172754369768e-6,3.108210930221939e-6
13.07,0.0127,1.6426491045299075e-7,3.1081568918056013e-6,3.1081568946419877e-6,3.108210930221939e-6
13.07,0.0127,2.698296080612907e-7,3.108134443788514e-6,3.1081344466350877e-6,3.108210930221939e-6
13.07,0.0127,4.432353640575351e-7,3.1081026706051463e-6,3.1081026734380933e-6,3.108210930221939e-6
13.07,0.0127,7.280801738650976e-7,3.1080576983822787e-6,3.108057701253186e-6,3.108210930221939e-6
13.07,0.0127,1.1959802456254818e-6,3.107994043837475e-6,3.10799404666812e-6,3.108210930221939e-6
13.07,0.0127,1.9645758795121526e-6,3.107903945490123e-6,3.107903948398074e-6,3.108210930221939e-6
13.07,0.0127,3.227108809261693e-6,3.1077764167540615e-6,3.107776419615604e-6,3.108210930221939e-6
13.07,0.0127,5.301007395754297e-6,3.1075959049914822e-6,3.10759590793366e-6,3.108210930221939e-6
13.07,0.0127,8.707695051742211e-6,3.1073403919530755e-6,3.1073403949334948e-6,3.108210930221939e-6
13.07,0.0127,1.4303687479263852e-5,3.106978701522643e-6,3.1069787044533065e-6,3.108210930221939e-6
13.07,0.0127,2.3495939429288417e-5,3.1064666808534514e-6,3.1064666841218445e-6,3.108210930221939e-6
13.07,0.0127,3.8595583863609565e-5,3.1057417764140192e-6,3.1057417792600495e-6,3.108210930221939e-6
13.07,0.0127,6.33990012723672e-5,3.1047153145183803e-6,3.104715318319584e-6,3.108210930221939e-6
13.07,0.0127,0.00010414231266814445,3.1032614796741448e-6,3.103261482636916e-6,3.108210930221939e-6
13.07,0.0127,0.00017106927664800093,3.101201500711767e-6,3.1012015052521358e-6,3.108210930221939e-6
13.07,0.0127,0.00028100679409841776,3.098280792833112e-6,3.0982807969064263e-6,3.108210930221939e-6
13.07,0.0127,0.00046159555869258604,3.0941355595801503e-6,3.0941355646802776e-6,3.108210930221939e-6
13.07,0.0127,0.0007582395311413588,3.088243251605327e-6,3.0882432594901e-6,3.108210930221939e-6
13.07,0.0127,0.00124552148684853,3.079847597200835e-6,3.079847601666462e-6,3.108210930221939e-6
13.07,0.0127,0.002045954755044497,3.0678423618228217e-6,3.0678423804408875e-6,3.108210930221939e-6
13.07,0.0127,0.0033607857462825456,3.0505863209530497e-6,3.050586323894038e-6,3.108210930221939e-6
13.07,0.0127,0.005520591696647901,3.0256017779536395e-6,3.025601823867973e-6,3.108210930221939e-6
13.07,0.0127,0.009068395006973916,2.9890769285005017e-6,2.9890769470451437e-6,3.108210930221939e-6
13.07,0.0127,0.01489619093772919,2.935051101250719e-6,2.9350512006540624e-6,3.108210930221939e-6
13.07,0.0127,0.024469214704767362,2.8541412961612605e-6,2.8541414245092204e-6,3.108210930221939e-6
13.07,0.0127,0.04019433362333615,2.7317845915579643e-6,2.7317847278307238e-6,3.108210930221939e-6
13.07,0.0127,0.06602518613354949,2.5465510577870026e-6,2.546551551061131e-6,3.108210930221939e-6
13.07,0.0127,0.1084562128786955,2.2707918137032963e-6,2.2707918558872748e-6,3.108210930221939e-6
13.07,0.0127,0.17815550096589414,1.8792751164287184e-6,1.8792760629260117e-6,3.108210930221939e-6
13.07,0.0127,0.292646974128703,1.373914413778117e-6,1.3739144806624957e-6,3.108210930221939e-6
13.07,0.0127,0.480716289995901,8.213173692889296e-7,8.213178572204273e-7,3.108210930221939e-6
13.07,0.0127,0.789648183294706,3.579971202804589e-7,3.5799719101785067e-7,3.108210930221939e-6
13.07,0.0127,1.297114881182717,9.72007944020668e-8,9.720068921056832e-8,3.108210930221939e-6
13.07,0.0127,2.1307045980472066,1.3493959814032957e-8,1.349388351781948e-8,3.108210930221939e-6
13.07,0.0127,3.5000000000000004,6.553499010204226e-10,6.553464423106235e-10,3.108210930221939e-6
13.07,0.0127,3.8,2.722855074903342e-10,2.7227819799679387e-10,3.108210930221939e-6
13.07,0.0127,3.98,6.807779252402395e-11,6.807782975593666e-11,3.108210930221939e-6
13.07,0.0127,3.9998,6.639328113410669e-12,6.639343138830607e-12,3.108210930221939e-6
13.07,0.047,1.0000000000000001e-7,2.7568573880524744e-6,2.7568574017213233e-6,2.7568911655088185e-6
13.07,0.047,1.6426491045299075e-7,2.756843356629099e-6,2.756843370308202e-6,2.7568911655088185e-6
13.07,0.047,2.698296080612907e-7,2.7568234964147676e-6,2.756823510090254e-6,2.7568911655088185e-6
13.07,0.047,4.432353640575351e-7,2.756795386037838e-6,2.7567953997194536e-6,2.7568911655088185e-6
13.07,0.047,7.280801738650976e-7,2.756755598205162e-6,2.7567556119009174e-6,2.7568911655088185e-6
13.07,0.047,1.1959802456254818e-6,2.7566992817478162e-6,2.7566992954239217e-6,2.7568911655088185e-6
13.07,0.047,1.9645758795121526e-6,2.756619569931455e-6,2.7566195836706608e-6,2.7568911655088185e-6
13.07,0.047,3.227108809261693e-6,2.7565067427115474e-6,2.7565067563786556e-6,2.7568911655088185e-6
13.07,0.047,5.301007395754297e-6,2.756347040378963e-6,2.756347054188159e-6,2.7568911655088185e-6
13.07,0.047,8.707695051742211e-6,2.7561209829986123e-6,2.756120996707623e-6,2.7568911655088185e-6
13.07,0.047,1.4303687479263852e-5,2.7558009885569844e-6,2.7558010024394915e-6,2.7568911655088185e-6
13.07,0.047,2.3495939429288417e-5,2.755347994428081e-6,2.755348008331629e-6,2.7568911655088185e-6
13.07,0.047,3.8595583863609565e-5,2.7547066588996327e-6,2.754706672781587e-6,2.7568911655088185e-6
13.07,0.047,6.33990012723672e-5,2.7537985320719114e-6,2.7537985464839216e-6,2.7568911655088185e-6
13.07,0.047,0.00010414231266814445,2.7525123058331467e-6,2.7525123195538086e-6,2.7568911655088185e-6
13.07,0.047,0.00017106927664800093,2.7506898253545634e-6,2.7506898407870056e-6,2.7568911655088185e-6
13.07,0.047,0.00028100679409841776,2.74810587137429e-6,2.748105885154966e-6,2.7568911655088185e-6
13.07,0.047,0.00046159555869258604,2.7444386235664897e-6,2.744438640640732e-6,2.7568911655088185e-6
13.07,0.047,0.0007582395311413588,2.739225854630941e-6,2.7392258702985706e-6,2.7568911655088185e-6
13.07,0.047,0.00124552148684853,2.7317986541961566e-6,2.7317986731523435e-6,2.7568911655088185e-6
13.07,0.047,0.002045954755044497,2.7211786924938017e-6,2.7211787162258344e-6,2.7568911655088185e-6
13.07,0.047,0.0033607857462825456,2.7059147266708887e-6,2.705914745617255e-6,2.7568911655088185e-6
13.07,0.047,0.005520591696647901,2.683816246328841e-6,2.683816297537683e-6,2.7568911655088185e-6
13.07,0.047,0.009068395006973916,2.651513811927732e-6,2.651513826347487e-6,2.7568911655088185e-6
13.07,0.047,0.01489619093772919,2.6037389721847545e-6,2.6037391010601394e-6,2.7568911655088185e-6
13.07,0.047,0.024469214704767362,2.5321977554695664e-6,2.53219780082989e-6,2.7568911655088185e-6
13.07,0.047,0.04019433362333615,2.4240124674320326e-6,2.4240127386428394e-6,2.7568911655088185e-6
13.07,0.047,0.06602518613354949,2.26021495007572e-6,2.2602152192087058e-6,2.7568911655088185e-6
13.07,0.047,0.1084562128786955,2.016280297285377e-6,2.0162806153394444e-6,2.7568911655088185e-6
13.07,0.047,0.17815550096589414,1.6696925852907193e-6,1.669693315436418e-6,2.7568911655088185e-6
13.07,0.047,0.292646974128703,1.2217721416689823e-6,1.2217722235419281e-6,2.7568911655088185e-6
13.07,0.047,0.480716289995901,7.311111302948297e-7,7.311116613292966e-7,2.7568911655088185e-6
13.07,0.047,0.789648183294706,3.1885131666949477e-7,3.1885132763908845e-7,2.7568911655088185e-6
13.07,0.047,1.297114881182717,8.64287533662988e-8,8.642862324065839e-8,2.7568911655088185e-6
13.07,0.047,2.1307045980472066,1.1907575118004723e-8,1.190755061556583e-8,2.7568911655088185e-6
13.07,0.047,3.5000000000000004,5.677486814405873e-10,5.677364873133652e-10,2.7568911655088185e-6
13.07,0.047,3.8,2.349617948770975e-10,2.349582543546824e-10,2.7568911655088185e-6
13.07,0.047,3.98,5.861637501619593e-11,5.861647165591703e-11,2.7568911655088185e-6
13.07,0.047,3.9998,5.715257426638412e-12,5.71526264104711e-12,2.7568911655088185e-6
13.07,0.173,1.0000000000000001e-7,1.8633289563675467e-6,1.8633289547736043e-6,1.863351584384541e-6
13.07,0.173,1.6426491045299075e-7,1.8633195565100729e-6,1.8633195549106127e-6,1.863351584384541e-6
13.07,0.173,2.698296080612907e-7,1.8633062518600035e-6,1.8633062502726256e-6,1.863351584384541e-6
13.07,0.173,4.432353640575351e-7,1.863287420305512e-6,1.8632874187076568e-6,1.863351584384541e-6
13.07,0.173,7.280801738650976e-7,1.8632607658541837e-6,1.8632607642751237e-6,1.863351584384541e-6
13.07,0.173,1.1959802456254818e-6,1.8632230386407052e-6,1.8632230370562428e-6,1.863351584384541e-6
13.07,0.173,1.9645758795121526e-6,1.8631696385485224e-6,1.8631696369735345e-6,1.863351584384541e-6
13.07,0.173,3.227108809261693e-6,1.8630940539998476e-6,1.863094052454827e-6,1.863351584384541e-6
13.07,0.173,5.301007395754297e-6,1.862987067216748e-6,1.8629870656309152e-6,1.863351584384541e-6
13.07,0.173,8.707695051742211e-6,1.8628356284282078e-6,1.8628356269661838e-6,1.863351584384541e-6
13.07,0.173,1.4303687479263852e-5,1.8626212603232316e-6,1.8626212587240317e-6,1.863351584384541e-6
13.07,0.173,2.3495939429288417e-5,1.862317794928734e-6,1.8623177935986499e-6,1.863351584384541e-6
13.07,0.173,3.8595583863609565e-5,1.8618881595122456e-6,1.8618881580040348e-6,1.863351584384541e-6
13.07,0.173,6.33990012723672e-5,1.8612798027295699e-6,1.8612798015359507e-6,1.863351584384541e-6
13.07,0.173,0.00010414231266814445,1.8604181653252597e-6,1.8604181642128865e-6,1.863351584384541e-6
13.07,0.173,0.00017106927664800093,1.8591973143408223e-6,1.8591973131433184e-6,1.863351584384541e-6
13.07,0.173,0.00028100679409841776,1.8574664106965553e-6,1.857466410641627e-6,1.863351584384541e-6
13.07,0.173,0.00046159555869258604,1.8550099477483856e-6,1.8550099462446753e-6,1.863351584384541e-6
13.07,0.173,0.0007582395311413588,1.8515184600132046e-6,1.8515184622831553e-6,1.863351584384541e-6
13.07,0.173,0.00124552148684853,1.8465442394750952e-6,1.8465442382431954e-6,1.863351584384541e-6
13.07,0.173,0.002045954755044497,1.8394327475356615e-6,1.8394327542969926e-6,1.863351584384541e-6
13.07,0.173,0.0033607857462825456,1.8292135523114886e-6,1.8292135564200172e-6,1.863351584384541e-6
13.07,0.173,0.005520591696647901,1.8144227472084093e-6,1.8144227605451838e-6,1.863351584384541e-6
13.07,0.173,0.009068395006973916,1.7928098133857233e-6,1.7928098440522155e-6,1.863351584384541e-6
13.07,0.173,0.01489619093772919,1.760856991717757e-6,1.7608570054697955e-6,1.863351584384541e-6
13.07,0.173,0.024469214704767362,1.7130251129566273e-6,1.7130252366312058e-6,1.863351584384541e-6
13.07,0.173,0.04019433362333615,1.6407027806016671e-6,1.6407027786864318e-6,1.863351584384541e-6
13.07,0.173,0.06602518613354949,1.5311655464327582e-6,1.5311658693568366e-6,1.863351584384541e-6
13.07,0.173,0.1084562128786955,1.3678439750544185e-6,1.3678440565683866e-6,1.863351584384541e-6
13.07,0.173,0.17815550096589414,1.1352195537020254e-6,1.1352199877483059e-6,1.863351584384541e-6
13.07,0.173,0.292646974128703,8.33319221837051e-7,8.333195363025306e-7,1.863351584384541e-6
13.07,0.173,0.480716289995901,5.005759582615141e-7,5.005760954081668e-7,1.863351584384541e-6
13.07,0.173,0.789648183294706,2.1889758609486638e-7,2.1889768574970786e-7,1.863351584384541e-6
13.07,0.173,1.297114881182717,5.9103004910150545e-8,5.91029928548332e-8,1.863351584384541e-6
13.07,0.173,2.1307045980472066,7.959333137622888e-9,7.959257960331525e-9,1.863351584384541e-6
13.07,0.173,3.5000000000000004,3.5791945321989594e-10,3.579186663457455e-10,1.863351584384541e-6
13.07,0.173,3.8,1.4624663861565468e-10,1.4624094899092557e-10,1.863351584384541e-6
13.07,0.173,3.98,3.6223667217085845e-11,3.622296625103175e-11,1.863351584384541e-6
13.07,0.173,3.9998,3.5292170835750216e-12,3.529163096311945e-12,1.863351584384541e-6
13.07,0.61,1.0000000000000001e-7,7.278153045691211e-7,7.278152957782565e-7,7.278239141185629e-7
13.07,0.61,1.6426491045299075e-7,7.27811728094435e-7,7.278117193031029e-7,7.278239141185629e-7
13.07,0.61,2.698296080612907e-7,7.278066659176818e-7,7.278066571302215e-7,7.278239141185629e-7
13.07,0.61,4.432353640575351e-7,7.277995008556091e-7,7.277994920637168e-7,7.278239141185629e-7
13.07,0.61,7.280801738650976e-7,7.277893593267549e-7,7.277893505441312e-7,7.278239141185629e-7
13.07,0.61,1.1959802456254818e-6,7.277750048209322e-7,7.277749960314981e-7,7.278239141185629e-7
13.07,0.61,1.9645758795121526e-6,7.277546870878592e-7,7.277546783108313e-7,7.278239141185629e-7
13.07,0.61,3.227108809261693e-6,7.277259286147583e-7,7.277259198374794e-7,7.278239141185629e-7
13.07,0.61,5.301007395754297e-6,7.276852222605621e-7,7.276852134852336e-7,7.278239141185629e-7
13.07,0.61,8.707695051742211e-6,7.276276029532359e-7,7.276275942081949e-7,7.278239141185629e-7
13.07,0.61,1.4303687479263852e-5,7.275460407070544e-7,7.275460319234399e-7,7.278239141185629e-7
13.07,0.61,2.3495939429288417e-5,7.274305797596013e-7,7.274305710784584e-7,7.278239141185629e-7
13.07,0.61,3.8595583863609565e-5,7.272671161513721e-7,7.272671073691468e-7,7.278239141185629e-7
13.07,0.61,6.33990012723672e-5,7.270356585538815e-7,7.27035649969056e-7,7.278239141185629e-7
13.07,0.61,0.00010414231266814445,7.26707846450414e-7,7.26707837765839e-7,7.278239141185629e-7
13.07,0.61,0.00017106927664800093,7.262433921083032e-7,7.262433836149373e-7,7.278239141185629e-7
13.07,0.61,0.00028100679409841776,7.255849438617481e-7,7.255849355338629e-7,7.278239141185629e-7
13.07,0.61,0.00046159555869258604,7.246505937243531e-7,7.246505852103071e-7,7.278239141185629e-7
13.07,0.61,0.0007582395311413588,7.233227895963393e-7,7.233227822145941e-7,7.278239141185629e-7
13.07,0.61,0.00124552148684853,7.214316064277652e-7,7.214315977107013e-7,7.278239141185629e-7
13.07,0.61,0.002045954755044497,7.187288967662335e-7,7.18728891605538e-7,7.278239141185629e-7
13.07,0.61,0.0033607857462825456,7.148472820702828e-7,7.148472740664302e-7,7.278239141185629e-7
13.07,0.61,0.005520591696647901,7.092334916595031e-7,7.092334910954067e-7,7.278239141185629e-7
13.07,0.61,0.009068395006973916,7.010383404222093e-7,7.010383393821115e-7,7.278239141185629e-7
13.07,0.61,0.01489619093772919,6.889358610444457e-7,6.889358665162302e-7,7.278239141185629e-7
13.07,0.61,0.024469214704767362,6.708373135154915e-7,6.708373441021205e-7,7.278239141185629e-7
13.07,0.61,0.04019433362333615,6.43485184884008e-7,6.434851867070217e-7,7.278239141185629e-7
13.07,0.61,0.06602518613354949,6.020264655924923e-7,6.020265833719922e-7,7.278239141185629e-7
13.07,0.61,0.1084562128786955,5.400233599450628e-7,5.400233538748576e-7,7.278239141185629e-7
13.07,0.61,0.17815550096589414,4.5113005069345477e-7,4.511302643714386e-7,7.278239141185629e-7
13.07,0.61,0.292646974128703,3.3443555174889103e-7,3.3443561051523657e-7,7.278239141185629e-7
13.07,0.61,0.480716289995901,2.0355969090723168e-7,2.035598086930002e-7,7.278239141185629e-7
13.07,0.61,0.789648183294706,9.021022396277613e-8,9.021027258447868e-8,7.278239141185629e-7
13.07,0.61,1.297114881182717,2.4402529060568003e-8,2.4402517410657447e-8,7.278239141185629e-7
13.07,0.61,2.1307045980472066,3.1607276858944333e-9,3.16070229208499e-9,7.278239141185629e-7
13.07,0.61,3.5000000000000004,1.2520599767259956e-10,1.2520581269453363e-10,7.278239141185629e-7
13.07,0.61,3.8,4.9671396389678136e-11,4.966851785728734e-11,7.278239141185629e-7
13.07,0.61,3.98,1.2098726534185364e-11,1.2098591658853363e-11,7.278239141185629e-7
13.07,0.61,3.9998,1.1766604146639227e-12,1.1766537434146635e-12,7.278239141185629e-7
13.07,1.73,1.0000000000000001e-7,2.2931889274561906e-7,2.293188941175372e-7,2.293214796583655e-7
13.07,1.73,1.6426491045299075e-7,2.2931781812183755e-7,2.2931781955787365e-7,2.293214796583655e-7
13.07,1.73,2.698296080612907e-7,2.2931629708918675e-7,2.2931629852365277e-7,2.293214796583655e-7
13.07,1.73,4.432353640575351e-7,2.2931414420290362e-7,2.2931414563911387e-7,2.293214796583655e-7
13.07,1.73,7.280801738650976e-7,2.2931109697873877e-7,2.2931109841299515e-7,2.293214796583655e-7
13.07,1.73,1.1959802456254818e-6,2.2930678388440537e-7,2.2930678532242327e-7,2.293214796583655e-7
13.07,1.73,1.9645758795121526e-6,2.2930067902686116e-7,2.2930068046236056e-7,2.293214796583655e-7
13.07,1.73,3.227108809261693e-6,2.2929203799887447e-7,2.2929203943864916e-7,2.293214796583655e-7
13.07,1.73,5.301007395754297e-6,2.2927980703557934e-7,2.2927980847641852e-7,2.293214796583655e-7
13.07,1.73,8.707695051742211e-6,2.2926249434167983e-7,2.292624957810456e-7,2.293214796583655e-7
13.07,1.73,1.4303687479263852e-5,2.2923798775556955e-7,2.292379892097958e-7,2.293214796583655e-7
13.07,1.73,2.3495939429288417e-5,2.2920329618670663e-7,2.2920329762157722e-7,2.293214796583655e-7
13.07,1.73,3.8595583863609565e-5,2.291541825441768e-7,2.2915418402358242e-7,2.293214796583655e-7
13.07,1.73,6.33990012723672e-5,2.2908464168610255e-7,2.2908464312370082e-7,2.293214796583655e-7
13.07,1.73,0.00010414231266814445,2.2898615587318984e-7,2.28986157387627e-7,2.293214796583655e-7
13.07,1.73,0.00017106927664800093,2.2884662829185085e-7,2.2884662977564653e-7,2.293214796583655e-7
13.07,1.73,0.00028100679409841776,2.2864884539060598e-7,2.286488469308292e-7,2.293214796583655e-7
13.07,1.73,0.00046159555869258604,2.2836823827314593e-7,2.2836823991675243e-7,2.293214796583655e-7
13.07,1.73,0.0007582395311413588,2.279695784338918e-7,2.2796957994307574e-7,2.293214796583655e-7
13.07,1.73,0.00124552148684853,2.2740200910087722e-7,2.274020111696265e-7,2.293214796583655e-7
13.07,1.73,0.002045954755044497,2.265913978568453e-7,2.2659139927522743e-7,2.293214796583655e-7
13.07,1.73,0.0033607857462825456,2.254282531935593e-7,2.2542825628108937e-7,2.293214796583655e-7
13.07,1.73,0.005520591696647901,2.2374814455769236e-7,2.2374814645507734e-7,2.293214796583655e-7
13.07,1.73,0.009068395006973916,2.2129941638822974e-7,2.2129942153161622e-7,2.293214796583655e-7
13.07,1.73,0.01489619093772919,2.1768993986909154e-7,2.1768994566000553e-7,2.293214796583655e-7
13.07,1.73,0.024469214704767362,2.123020038030286e-7,2.1230201102023464e-7,2.293214796583655e-7
13.07,1.73,0.04019433362333615,2.0416822481656414e-7,2.0416824660579415e-7,2.293214796583655e-7
13.07,1.73,0.06602518613354949,1.918302901914588e-7,1.918302941249206e-7,2.293214796583655e-7
13.07,1.73,0.1084562128786955,1.7330016865183987e-7,1.7330022669190238e-7,2.293214796583655e-7
13.07,1.73,0.17815550096589414,1.4647025431169815e-7,1.4647025807625281e-7,2.293214796583655e-7
13.07,1.73,0.292646974128703,1.1060518592954354e-7,1.1060526357175513e-7,2.293214796583655e-7
13.07,1.73,0.480716289995901,6.919110389326214e-8,6.919112920623678e-8,2.293214796583655e-7
13.07,1.73,0.789648183294706,3.1786274159803055e-8,3.17862954183599e-8,2.293214796583655e-7
13.07,1.73,1.297114881182717,8.908446408768736e-9,8.908449541177412e-9,2.293214796583655e-7
13.07,1.73,2.1307045980472066,1.157658806282832e-9,1.1576546358717136e-9,2.293214796583655e-7
13.07,1.73,3.5000000000000004,4.1677103737528807e-11,4.16740258433007e-11,2.293214796583655e-7
13.07,1.73,3.8,1.607500736323876e-11,1.607477262677028e-11,2.293214796583655e-7
13.07,1.73,3.98,3.851337770332568e-12,3.851038096827096e-12,2.293214796583655e-7
13.07,1.73,3.9998,3.738960836818822e-13,3.7386579060259665e-13,2.293214796583655e-7
13.07,4.71,1.0000000000000001e-7,6.580887189346441e-8,6.58084286846954e-8,6.580962154250182e-8
13.07,4.71,1.6426491045299075e-7,6.580864302353169e-8,6.580819979816919e-8,6.580962154250182e-8
13.07,4.71,2.698296080612907e-7,6.580823653875916e-8,6.580779333757188e-8,6.580962154250182e-8
13.07,4.71,4.432353640575351e-7,6.580766119592292e-8,6.580721800216765e-8,6.580962154250182e-8
13.07,4.71,7.280801738650976e-7,6.580684684832675e-8,6.580640366379867e-8,6.580962154250182e-8
13.07,4.71,1.1959802456254818e-6,6.580569420739319e-8,6.580525103762356e-8,6.580962154250182e-8
13.07,4.71,1.9645758795121526e-6,6.580406273371277e-8,6.580361958290914e-8,6.580962154250182e-8
13.07,4.71,3.227108809261693e-6,6.580175349375766e-8,6.580131037152668e-8,6.580962154250182e-8
13.07,4.71,5.301007395754297e-6,6.579848488551139e-8,6.579804180297769e-8,6.580962154250182e-8
13.07,4.71,8.707695051742211e-6,6.5793858258207e-8,6.579341523021521e-8,6.580962154250182e-8
13.07,4.71,1.4303687479263852e-5,6.578730919950776e-8,6.578686625432103e-8,6.580962154250182e-8
13.07,4.71,2.3495939429288417e-5,6.577803847102119e-8,6.57775956312164e-8,6.580962154250182e-8
13.07,4.71,3.8595583863609565e-5,6.576491398955132e-8,6.576447131885454e-8,6.580962154250182e-8
13.07,4.71,6.33990012723672e-5,6.574633149041219e-8,6.574588903173928e-8,6.580962154250182e-8
13.07,4.71,0.00010414231266814445,6.572001595262925e-8,6.571957382771285e-8,6.580962154250182e-8
13.07,4.71,0.00017106927664800093,6.568273748544244e-8,6.568229580196497e-8,6.580962154250182e-8
13.07,4.71,0.00028100679409841776,6.562990238504563e-8,6.562946134389358e-8,6.580962154250182e-8
13.07,4.71,0.00046159555869258604,6.555495924803309e-8,6.555451913943113e-8,6.580962154250182e-8
13.07,4.71,0.0007582395311413588,6.544852539945674e-8,6.54480865222323e-8,6.580962154250182e-8
13.07,4.71,0.00124552148684853,6.529707924746482e-8,6.529664234521373e-8,6.580962154250182e-8
13.07,4.71,0.002045954755044497,6.508095864940836e-8,6.508052417736534e-8,6.580962154250182e-8
13.07,4.71,0.0033607857462825456,6.477121653688943e-8,6.477078622747948e-8,6.580962154250182e-8
13.07,4.71,0.005520591696647901,6.432455121624173e-8,6.432412606741654e-8,6.580962154250182e-8
13.07,4.71,0.009068395006973916,6.36749669577176e-8,6.367455046869513e-8,6.580962154250182e-8
13.07,4.71,0.01489619093772919,6.271998346559272e-8,6.271957908906582e-8,6.580962154250182e-8
13.07,4.71,0.024469214704767362,6.129833346332787e-8,6.12979467244094e-8,6.580962154250182e-8
13.07,4.71,0.04019433362333615,5.9156452883051715e-8,5.915609711347883e-8,6.580962154250182e-8
13.07,4.71,0.06602518613354949,5.590698401529405e-8,5.590666339691105e-8,6.580962154250182e-8
13.07,4.71,0.1084562128786955,5.100483610425307e-8,5.100459021750972e-8,6.580962154250182e-8
13.07,4.71,0.17815550096589414,4.382315715636561e-8,4.3822980033366396e-8,6.580962154250182e-8
13.07,4.71,0.292646974128703,3.400039640231488e-8,3.4000340728874296e-8,6.580962154250182e-8
13.07,4.71,0.480716289995901,2.220609584000132e-8,2.2206121247796222e-8,6.580962154250182e-8
13.07,4.71,0.789648183294706,1.0885879791419775e-8,1.088594986232313e-8,6.580962154250182e-8
13.07,4.71,1.297114881182717,3.334759432978463e-9,3.3348085216351285e-9,6.580962154250182e-8
13.07,4.71,2.1307045980472066,4.788773850544813e-10,4.788893557366667e-10,6.580962154250182e-8
13.07,4.71,3.5000000000000004,1.8266707168243213e-11,1.8266227997840227e-11,6.580962154250182e-8
13.07,4.71,3.8,7.041075267153601e-12,7.041421204674524e-12,6.580962154250182e-8
13.07,4.71,3.98,1.6839054800020996e-12,1.6838564891093938e-12,6.580962154250182e-8
13.07,4.71,3.9998,1.6343645951271584e-13,1.634310499778871e-13,6.580962154250182e-8
13.61,0.00113,1.0000000000000001e-7,1.0111733580104944e-5,1.0111734329512347e-5,1.0111919449106192e-5
13.61,0.00113,1.6426491045299075e-7,1.0111656368519454e-5,1.0111657118642591e-5,1.0111919449106192e-5
13.61,0.00113,2.698296080612907e-7,1.0111547082315832e-5,1.0111547833424245e-5,1.0111919449106192e-5
13.61,0.00113,4.432353640575351e-7,1.0111392396971626e-5,1.0111393149592605e-5,1.0111919449106192e-5
13.61,0.00113,7.280801738650976e-7,1.0111173452208244e-5,1.0111174206705217e-5,1.0111919449106192e-5
13.61,0.00113,1.1959802456254818e-6,1.0110863551540981e-5,1.0110864309151403e-5,1.0111919449106192e-5
13.61,0.00113,1.9645758795121526e-6,1.011042490508734e-5,1.0110425666456708e-5,1.0111919449106192e-5
13.61,0.00113,3.227108809261693e-6,1.010980401674477e-5,1.0109804784246581e-5,1.0111919449106192e-5
13.61,0.00113,5.301007395754297e-6,1.01089251492762e-5,1.0108925924663616e-5,1.0111919449106192e-5
13.61,0.00113,8.707695051742211e-6,1.0107681061265877e-5,1.0107681848311116e-5,1.0111919449106192e-5
13.61,0.00113,1.4303687479263852e-5,1.0105919865398549e-5,1.010592066922756e-5,1.0111919449106192e-5
13.61,0.00113,2.3495939429288417e-5,1.0103426357712315e-5,1.0103427183538365e-5,1.0111919449106192e-5
13.61,0.00113,3.8595583863609565e-5,1.0099895432812097e-5,1.0099896293993114e-5,1.0111919449106192e-5
13.61,0.00113,6.33990012723672e-5,1.0094894099770541e-5,1.0094895003837983e-5,1.0111919449106192e-5
13.61,0.00113,0.00010414231266814445,1.0087806923521594e-5,1.0087807900033746e-5,1.0111919449106192e-5
13.61,0.00113,0.00017106927664800093,1.0077757037431613e-5,1.0077758103328249e-5,1.0111919449106192e-5
13.61,0.00113,0.00028100679409841776,1.0063490469641972e-5,1.0063491679603751e-5,1.0111919449106192e-5
13.61,0.00113,0.00046159555869258604,1.0043204024729818e-5,1.0043205432216975e-5,1.0111919449106192e-5
13.61,0.00113,0.0007582395311413588,1.0014283800222436e-5,1.0014285494551691e-5,1.0111919449106192e-5
13.61,0.00113,0.00124552148684853,9.9728979467854e-6,9.972900103333324e-6,1.0111919449106192e-5
13.61,0.00113,0.002045954755044497,9.913345639443393e-6,9.91334839697557e-6,1.0111919449106192e-5
13.61,0.00113,0.0033607857462825456,9.82699308332743e-6,9.826996991993871e-6,1.0111919449106192e-5
13.61,0.00113,0.005520591696647901,9.700517083736045e-6,9.700522427348068e-6,1.0111919449106192e-5
13.61,0.00113,0.009068395006973916,9.51304433226356e-6,9.513052621554712e-6,1.0111919449106192e-5
13.61,0.00113,0.01489619093772919,9.231747315292965e-6,9.23175956243554e-6,1.0111919449106192e-5
13.61,0.00113,0.024469214704767362,8.805994752516314e-6,8.80601400683843e-6,1.0111919449106192e-5
13.61,0.00113,0.04019433362333615,8.162482499400388e-6,8.162512204114779e-6,1.0111919449106192e-5
13.61,0.00113,0.06602518613354949,7.210174789014114e-6,7.2102169932690026e-6,1.0111919449106192e-5
13.61,0.00113,0.1084562128786955,5.875366231697666e-6,5.875425194982564e-6,1.0111919449106192e-5
13.61,0.00113,0.17815550096589414,4.1912522543969965e-6,4.19131685947587e-6,1.0111919449106192e-5
13.61,0.00113,0.292646974128703,2.414966674507334e-6,2.41502636127003e-6,1.0111919449106192e-5
13.61,0.00113,0.480716289995901,1.0008926143420852e-6,1.0009284616210797e-6,1.0111919449106192e-5
13.61,0.00113,0.789648183294706,2.5624812596153794e-7,2.5626061324705923e-7,1.0111919449106192e-5
13.61,0.00113,1.297114881182717,3.4047544434740555e-8,3.4049586707227695e-8,1.0111919449106192e-5
13.61,0.00113,2.1307045980472066,1.9978829377877145e-9,1.997992141761179e-9,1.0111919449106192e-5
13.61,0.00113,3.5000000000000004,4.098636929033737e-11,4.0984740215054803e-11,1.0111919449106192e-5
13.61,0.00113,3.8,1.5145855932073892e-11,1.5145760868784074e-11,1.0111919449106192e-5
13.61,0.00113,3.98,3.569170381513563e-12,3.569025913841674e-12,1.0111919449106192e-5
13.61,0.00113,3.9998,3.4599668657559774e-13,3.459813144013477e-13,1.0111919449106192e-5
13.61,0.0037,1.0000000000000001e-7,1.0017327507215167e-5,1.0017327514444995e-5,1.0017511607244066e-5
13.61,0.0037,1.6426491045299075e-7,1.0017251030476156e-5,1.0017251037764213e-5,1.0017511607244066e-5
13.61,0.0037,2.698296080612907e-7,1.001714278438318e-5,1.0017142791604732e-5,1.0017511607244066e-5
13.61,0.0037,4.432353640575351e-7,1.001698957122764e-5,1.0016989578589579e-5,1.0017511607244066e-5
13.61,0.0037,7.280801738650976e-7,1.0016772710230632e-5,1.0016772717489054e-5,1.0017511607244066e-5
13.61,0.0037,1.1959802456254818e-6,1.0016465758987544e-5,1.001646576643603e-5,1.0017511607244066e-5
13.61,0.0037,1.9645758795121526e-6,1.0016031287277157e-5,1.0016031294719466e-5,1.0017511607244066e-5
13.61,0.0037,3.227108809261693e-6,1.0015416308143526e-5,1.0015416315621531e-5,1.0017511607244066e-5
13.61,0.0037,5.301007395754297e-6,1.0014545805181995e-5,1.0014545813113838e-5,1.0017511607244066e-5
13.61,0.0037,8.707695051742211e-6,1.0013313557667267e-5,1.0013313565025178e-5,1.0017511607244066e-5
13.61,0.0037,1.4303687479263852e-5,1.0011569123935963e-5,1.0011569132843275e-5,1.0017511607244066e-5
13.61,0.0037,2.3495939429288417e-5,1.0009099348401744e-5,1.0009099355781283e-5,1.0017511607244066e-5
13.61,0.0037,3.8595583863609565e-5,1.0005602029935362e-5,1.0005602040329929e-5,1.0017511607244066e-5
13.61,0.0037,6.33990012723672e-5,1.0000648299610112e-5,1.0000648308475884e-5,1.0017511607244066e-5
13.61,0.0037,0.00010414231266814445,9.993628582097975e-6,9.993628593961671e-6,1.0017511607244066e-5
13.61,0.0037,0.00017106927664800093,9.98367436164205e-6,9.983674376004894e-6,1.0017511607244066e-5
13.61,0.0037,0.00028100679409841776,9.969543612894e-6,9.96954362463762e-6,1.0017511607244066e-5
13.61,0.0037,0.00046159555869258604,9.949450328356755e-6,9.94945035763072e-6,1.0017511607244066e-5
13.61,0.0037,0.0007582395311413588,9.920805539564389e-6,9.920805548587316e-6,1.0017511607244066e-5
13.61,0.0037,0.00124552148684853,9.879813985592417e-6,9.879814051069575e-6,1.0017511607244066e-5
13.61,0.0037,0.002045954755044497,9.82082934312577e-6,9.820829364644277e-6,1.0017511607244066e-5
13.61,0.0037,0.0033607857462825456,9.735300471161186e-6,9.73530061447531e-6,1.0017511607244066e-5
13.61,0.0037,0.005520591696647901,9.610031873045201e-6,9.610032010965135e-6,1.0017511607244066e-5
13.61,0.0037,0.009068395006973916,9.424350400175126e-6,9.424350652082262e-6,1.0017511607244066e-5
13.61,0.0037,0.01489619093772919,9.145743002208095e-6,9.145743654344557e-6,1.0017511607244066e-5
13.61,0.0037,0.024469214704767362,8.72406154384671e-6,8.724061765550973e-6,1.0017511607244066e-5
13.61,0.0037,0.04019433362333615,8.086695100999788e-6,8.086697061260345e-6,1.0017511607244066e-5
13.61,0.0037,0.06602518613354949,7.143451413877388e-6,7.143451559407608e-6,1.0017511607244066e-5
13.61,0.0037,0.1084562128786955,5.8212640233603915e-6,5.8212670050717845e-6,1.0017511607244066e-5
13.61,0.0037,0.17815550096589414,4.152905540381273e-6,4.152906408604454e-6,1.0017511607244066e-5
13.61,0.0037,0.292646974128703,2.392997494841478e-6,2.3929986041793993e-6,1.0017511607244066e-5
13.61,0.0037,0.480716289995901,9.917630860110507e-7,9.917633816450425e-7,1.0017511607244066e-5
13.61,0.0037,0.789648183294706,2.538403725763566e-7,2.5384028618481135e-7,1.0017511607244066e-5
13.61,0.0037,1.297114881182717,3.3697863399812416e-8,3.369776797525742e-8,1.0017511607244066e-5
13.61,0.0037,2.1307045980472066,1.9733321283105014e-9,1.9733293073283144e-9,1.0017511607244066e-5
13.61,0.0037,3.5000000000000004,4.03366726292277e-11,4.033443209464446e-11,1.0017511607244066e-5
13.61,0.0037,3.8,1.4895839829332045e-11,1.489590617706431e-11,1.0017511607244066e-5
13.61,0.0037,3.98,3.509002004784583e-12,3.5090455825341514e-12,1.0017511607244066e-5
13.61,0.0037,3.9998,3.401513478991478e-13,3.4015506189230933e-13,1.0017511607244066e-5
13.61,0.0127,1.0000000000000001e-7,9.696421377576845e-6,9.696421380497156e-6,9.696599466308107e-6
13.61,0.0127,1.6426491045299075e-7,9.696347397983058e-6,9.696347400870183e-6,9.696599466308107e-6
13.61,0.0127,2.698296080612907e-7,9.696242686379852e-6,9.696242689356518e-6,9.696599466308107e-6
13.61,0.0127,4.432353640575351e-7,9.696094475995654e-6,9.69609447887912e-6,9.696599466308107e-6
13.61,0.0127,7.280801738650976e-7,9.69588469602491e-6,9.695884699085864e-6,9.696599466308107e-6
13.61,0.0127,1.1959802456254818e-6,9.695587767474416e-6,9.695587770433598e-6,9.696599466308107e-6
13.61,0.0127,1.9645758795121526e-6,9.69516748231879e-6,9.695167485454467e-6,9.696599466308107e-6
13.61,0.0127,3.227108809261693e-6,9.694572583776605e-6,9.694572587016838e-6,9.696599466308107e-6
13.61,0.0127,5.301007395754297e-6,9.693730504964867e-6,9.693730508066456e-6,9.696599466308107e-6
13.61,0.0127,8.707695051742211e-6,9.692538493651936e-6,9.692538497560982e-6,9.696599466308107e-6
13.61,0.0127,1.4303687479263852e-5,9.690851020762787e-6,9.690851023671918e-6,9.696599466308107e-6
13.61,0.0127,2.3495939429288417e-5,9.688461891458931e-6,9.688461896580201e-6,9.696599466308107e-6
13.61,0.0127,3.8595583863609565e-5,9.685078773815963e-6,9.685078777043153e-6,9.696599466308107e-6
13.61,0.0127,6.33990012723672e-5,9.680286806162187e-6,9.680286812897533e-6,9.696599466308107e-6
13.61,0.0127,0.00010414231266814445,9.67349632549153e-6,9.673496331319999e-6,9.696599466308107e-6
13.61,0.0127,0.00017106927664800093,9.663867193526832e-6,9.663867201307274e-6,9.696599466308107e-6
13.61,0.0127,0.00028100679409841776,9.650197980604442e-6,9.650197994859881e-6,9.696599466308107e-6
13.61,0.0127,0.00046159555869258604,9.630761085296083e-6,9.630761091366653e-6,9.696599466308107e-6
13.61,0.0127,0.0007582395311413588,9.603052265880935e-6,9.603052302261076e-6,9.696599466308107e-6
13.61,0.0127,0.00124552148684853,9.56340058799666e-6,9.563400591271292e-6,9.696599466308107e-6
13.61,0.0127,0.002045954755044497,9.506344919488384e-6,9.506345008555885e-6,9.696599466308107e-6
13.61,0.0127,0.0033607857462825456,9.423614962051138e-6,9.423614998675549e-6,9.696599466308107e-6
13.61,0.0127,0.005520591696647901,9.302449104983085e-6,9.302449295213952e-6,9.696599466308107e-6
13.61,0.0127,0.009068395006973916,9.122854289175028e-6,9.12285455122352e-6,9.696599466308107e-6
13.61,0.0127,0.01489619093772919,8.853385954571366e-6,8.853386221341033e-6,9.696599466308107e-6
13.61,0.0127,0.024469214704767362,8.44553774234444e-6,8.445538824684145e-6,9.696599466308107e-6
13.61,0.0127,0.04019433362333615,7.829054797056208e-6,7.829054879368539e-6,9.696599466308107e-6
13.61,0.0127,0.06602518613354949,6.916612873907342e-6,6.9166153969763405e-6,9.696599466308107e-6
13.61,0.0127,0.1084562128786955,5.63732079727117e-6,5.6373210254847076e-6,9.696599466308107e-6
13.61,0.0127,0.17815550096589414,4.022520610251723e-6,4.022522918453942e-6,9.696599466308107e-6
13.61,0.0127,0.292646974128703,2.3182986390858927e-6,2.3182993354178906e-6,9.696599466308107e-6
13.61,0.0127,0.480716289995901,9.607290529169834e-7,9.607291831931577e-7,9.696599466308107e-6
13.61,0.0127,0.789648183294706,2.456631275139773e-7,2.456630338924248e-7,9.696599466308107e-6
13.61,0.0127,1.297114881182717,3.251293130758489e-8,3.2512905779625616e-8,9.696599466308107e-6
13.61,0.0127,2.1307045980472066,1.890513503582279e-9,1.890489700611513e-9,9.696599466308107e-6
13.61,0.0127,3.5000000000000004,3.8161270536482116e-11,3.816125423282921e-11,9.696599466308107e-6
13.61,0.0127,3.8,1.4059836627483858e-11,1.4059213061012046e-11,9.696599466308107e-6
13.61,0.0127,3.98,3.307957831976758e-12,3.30788387113047e-12,9.696599466308107e-6
13.61,0.0127,3.9998,3.2062145524391364e-13,3.206161416470308e-13,9.696599466308107e-6
13.61,0.047,1.0000000000000001e-7,8.59924773994388e-6,8.599247777326346e-6,8.599405298645699e-6
13.61,0.047,1.6426491045299075e-7,8.599182288702474e-6,8.599182326097439e-6,8.599405298645699e-6
13.61,0.047,2.698296080612907e-7,8.599089648232983e-6,8.599089685663129e-6,8.599405298645699e-6
13.61,0.047,4.432353640575351e-7,8.598958523517389e-6,8.59895856089893e-6,8.599405298645699e-6
13.61,0.047,7.280801738650976e-7,8.598772926955539e-6,8.598772964486486e-6,8.599405298645699e-6
13.61,0.047,1.1959802456254818e-6,8.598510228311019e-6,8.5985102656739e-6,8.599405298645699e-6
13.61,0.047,1.9645758795121526e-6,8.598138393648901e-6,8.5981384313397e-6,8.599405298645699e-6
13.61,0.047,3.227108809261693e-6,8.597612075144237e-6,8.597612112611524e-6,8.599405298645699e-6
13.61,0.047,5.301007395754297e-6,8.596867071606168e-6,8.596867109458722e-6,8.599405298645699e-6
13.61,0.047,8.707695051742211e-6,8.595812476511459e-6,8.595812514439334e-6,8.599405298645699e-6
13.61,0.047,1.4303687479263852e-5,8.594319538382243e-6,8.594319576218086e-6,8.599405298645699e-6
13.61,0.047,2.3495939429288417e-5,8.592205834839211e-6,8.592205873944328e-6,8.599405298645699e-6
13.61,0.047,3.8595583863609565e-5,8.589212739280936e-6,8.589212776740646e-6,8.599405298645699e-6
13.61,0.047,6.33990012723672e-5,8.584973227308558e-6,8.584973268709565e-6,8.599405298645699e-6
13.61,0.047,0.00010414231266814445,8.5789656393255e-6,8.578965676999917e-6,8.599405298645699e-6
13.61,0.047,0.00017106927664800093,8.570446748607826e-6,8.570446793501127e-6,8.599405298645699e-6
13.61,0.047,0.00028100679409841776,8.558353759888467e-6,8.558353801883886e-6,8.599405298645699e-6
13.61,0.047,0.00046159555869258604,8.54115852152721e-6,8.541158569910744e-6,8.599405298645699e-6
13.61,0.047,0.0007582395311413588,8.516646109014475e-6,8.516646168063468e-6,8.599405298645699e-6
13.61,0.047,0.00124552148684853,8.48157009861878e-6,8.481570145899321e-6,8.599405298645699e-6
13.61,0.047,0.002045954755044497,8.431101637900605e-6,8.431101751335943e-6,8.599405298645699e-6
13.61,0.047,0.0033607857462825456,8.357929197494544e-6,8.357929235872985e-6,8.599405298645699e-6
13.61,0.047,0.005520591696647901,8.250772303145888e-6,8.250772567501557e-6,8.599405298645699e-6
13.61,0.047,0.009068395006973916,8.091959443213143e-6,8.091959548833175e-6,8.599405298645699e-6
13.61,0.047,0.01489619093772919,7.85369378969074e-6,7.85369435124549e-6,8.599405298645699e-6
13.61,0.047,0.024469214704767362,7.493075526999646e-6,7.49307613568905e-6,8.599405298645699e-6
13.61,0.047,0.04019433362333615,6.947900931354228e-6,6.947901666008915e-6,8.599405298645699e-6
13.61,0.047,0.06602518613354949,6.140660613012779e-6,6.1406625788965385e-6,8.599405298645699e-6
13.61,0.047,0.1084562128786955,5.007942754259571e-6,5.0079430102249905e-6,8.599405298645699e-6
13.61,0.047,0.17815550096589414,3.5762809176368685e-6,3.5762833857080477e-6,8.599405298645699e-6
13.61,0.047,0.292646974128703,2.0626376080385553e-6,2.0626377054925334e-6,8.599405298645699e-6
13.61,0.047,0.480716289995901,8.546073681495932e-7,8.546076486715587e-7,8.599405298645699e-6
13.61,0.047,0.789648183294706,2.177909323264178e-7,2.1779090788539213e-7,8.599405298645699e-6
13.61,0.047,1.297114881182717,2.8506288852747726e-8,2.8506223137078014e-8,8.599405298645699e-6
13.61,0.047,2.1307045980472066,1.6149656800078272e-9,1.6149523564221075e-9,8.599405298645699e-6
13.61,0.047,3.5000000000000004,3.111431297027429e-11,3.111399663010912e-11,8.599405298645699e-6
13.61,0.047,3.8,1.1364859914411833e-11,1.1364301956894833e-11,8.599405298645699e-6
13.61,0.047,3.98,2.661557482952293e-12,2.6615757194512426e-12,8.599405298645699e-6
13.61,0.047,3.9998,2.578457679193023e-13,2.578495021595457e-13,8.599405298645699e-6
13.61,0.173,1.0000000000000001e-7,5.809572904000643e-6,5.80957289536767e-6,5.8096784549012494e-6
13.61,0.173,1.6426491045299075e-7,5.809529057250422e-6,5.809529048593633e-6,5.8096784549012494e-6
13.61,0.173,2.698296080612907e-7,5.809466996039622e-6,5.809466987425355e-6,5.8096784549012494e-6
13.61,0.173,4.432353640575351e-7,5.809379153675622e-6,5.809379145050926e-6,5.8096784549012494e-6
13.61,0.173,7.280801738650976e-7,5.80925481984471e-6,5.80925481123865e-6,5.8096784549012494e-6
13.61,0.173,1.1959802456254818e-6,5.809078834253859e-6,5.8090788257217455e-6,5.8096784549012494e-6
13.61,0.173,1.9645758795121526e-6,5.8088297369814914e-6,5.808829728349142e-6,5.8096784549012494e-6
13.61,0.173,3.227108809261693e-6,5.808477149044811e-6,5.808477140704753e-6,5.8096784549012494e-6
13.61,0.173,5.301007395754297e-6,5.807978061565891e-6,5.8079780529072914e-6,5.8096784549012494e-6
13.61,0.173,8.707695051742211e-6,5.807271575949402e-6,5.807271567909201e-6,5.8096784549012494e-6
13.61,0.173,1.4303687479263852e-5,5.806271442026863e-6,5.806271433592276e-6,5.8096784549012494e-6
13.61,0.173,2.3495939429288417e-5,5.804855457701689e-6,5.804855449958097e-6,5.8096784549012494e-6
13.61,0.173,3.8595583863609565e-5,5.80285037733335e-6,5.802850369826241e-6,5.8096784549012494e-6
13.61,0.173,6.33990012723672e-5,5.8000103532736705e-6,5.800010345484684e-6,5.8096784549012494e-6
13.61,0.173,0.00010414231266814445,5.795985979620804e-6,5.795985974506535e-6,5.8096784549012494e-6
13.61,0.173,0.00017106927664800093,5.790279495084107e-6,5.7902794865911415e-6,5.8096784549012494e-6
13.61,0.173,0.00028100679409841776,5.782179220756334e-6,5.78217922062803e-6,5.8096784549012494e-6
13.61,0.173,0.00046159555869258604,5.770662088050252e-6,5.770662080328611e-6,5.8096784549012494e-6
13.61,0.173,0.0007582395311413588,5.754245713257477e-6,5.754245721999552e-6,5.8096784549012494e-6
13.61,0.173,0.00124552148684853,5.730758281845862e-6,5.730758285563883e-6,5.8096784549012494e-6
13.61,0.173,0.002045954755044497,5.696971066344349e-6,5.69697108678866e-6,5.8096784549012494e-6
13.61,0.173,0.0033607857462825456,5.647998211460619e-6,5.647998268318188e-6,5.8096784549012494e-6
13.61,0.173,0.005520591696647901,5.576305598118066e-6,5.576305617520201e-6,5.8096784549012494e-6
13.61,0.173,0.009068395006973916,5.470093392018195e-6,5.470093635882432e-6,5.8096784549012494e-6
13.61,0.173,0.01489619093772919,5.310793383257585e-6,5.310793374029354e-6,5.8096784549012494e-6
13.61,0.173,0.024469214704767362,5.06970365535047e-6,5.069704347844286e-6,5.8096784549012494e-6
13.61,0.173,0.04019433362333615,4.705052852861642e-6,4.7050530517259844e-6,5.8096784549012494e-6
13.61,0.173,0.06602518613354949,4.16435823445127e-6,4.164359360127701e-6,5.8096784549012494e-6
13.61,0.173,0.1084562128786955,3.4035717883739274e-6,3.4035727984530946e-6,5.8096784549012494e-6
13.61,0.173,0.17815550096589414,2.4376971148132536e-6,2.437697732899162e-6,5.8096784549012494e-6
13.61,0.173,0.292646974128703,1.4101637003713175e-6,1.410164688359626e-6,5.8096784549012494e-6
13.61,0.173,0.480716289995901,5.844733754675125e-7,5.844733741297127e-7,5.8096784549012494e-6
13.61,0.173,0.789648183294706,1.4754927383507637e-7,1.475492160354022e-7,5.8096784549012494e-6
13.61,0.173,1.297114881182717,1.8661906271622325e-8,1.8661905559923697e-8,5.8096784549012494e-6
13.61,0.173,2.1307045980472066,9.720813002841231e-10,9.720670884155816e-10,5.8096784549012494e-6
13.61,0.173,3.5000000000000004,1.6031761212828887e-11,1.6031232768581883e-11,5.8096784549012494e-6
13.61,0.173,3.8,5.686958914801256e-12,5.68674997677464e-12,5.8096784549012494e-6
13.61,0.173,3.98,1.3111560790618575e-12,1.3110820576620376e-12,5.8096784549012494e-6
13.61,0.173,3.9998,1.268158058654025e-13,1.2680889954292383e-13,5.8096784549012494e-6
13.61,0.61,1.0000000000000001e-7,2.266932723574912e-6,2.266932694593304e-6,2.2669728837739506e-6
13.61,0.61,1.6426491045299075e-7,2.266916040686292e-6,2.2669160116942596e-6,2.2669728837739506e-6
13.61,0.61,2.698296080612907e-7,2.266892427531393e-6,2.266892398560834e-6,2.2669728837739506e-6
13.61,0.61,4.432353640575351e-7,2.2668590051281045e-6,2.2668589761422216e-6,2.2669728837739506e-6
13.61,0.61,7.280801738650976e-7,2.2668116984128624e-6,2.2668116694548096e-6,2.2669728837739506e-6
13.61,0.61,1.1959802456254818e-6,2.266744739207214e-6,2.2667447102502394e-6,2.2669728837739506e-6
13.61,0.61,1.9645758795121526e-6,2.266649962487818e-6,2.2666499335327763e-6,2.2669728837739506e-6
13.61,0.61,3.227108809261693e-6,2.266515809804055e-6,2.2665157809224217e-6,2.2669728837739506e-6
13.61,0.61,5.301007395754297e-6,2.2663259175200364e-6,2.266325888545392e-6,2.2669728837739506e-6
13.61,0.61,8.707695051742211e-6,2.2660571158833158e-6,2.2660570871487878e-6,2.2669728837739506e-6
13.61,0.61,1.4303687479263852e-5,2.2656765906880196e-6,2.2656765617211954e-6,2.2669728837739506e-6
13.61,0.61,2.3495939429288417e-5,2.2651378517636132e-6,2.265137823245661e-6,2.2669728837739506e-6
13.61,0.61,3.8595583863609565e-5,2.2643749947947376e-6,2.264374966062535e-6,2.2669728837739506e-6
13.61,0.61,6.33990012723672e-5,2.2632945074749603e-6,2.2632944791494268e-6,2.2669728837739506e-6
13.61,0.61,0.00010414231266814445,2.2617635107093436e-6,2.261763482797122e-6,2.2669728837739506e-6
13.61,0.61,0.00017106927664800093,2.2595927570964925e-6,2.259592728693445e-6,2.2669728837739506e-6
13.61,0.61,0.00028100679409841776,2.2565117793248697e-6,2.2565117534824828e-6,2.2669728837739506e-6
13.61,0.61,0.00046159555869258604,2.2521320046373585e-6,2.2521319757991875e-6,2.2669728837739506e-6
13.61,0.61,0.0007582395311413588,2.2458908935889914e-6,2.245890872275032e-6,2.2669728837739506e-6
13.61,0.61,0.00124552148684853,2.236965245135718e-6,2.236965217976426e-6,2.2669728837739506e-6
13.61,0.61,0.002045954755044497,2.2241330561043986e-6,2.224133043501687e-6,2.2669728837739506e-6
13.61,0.61,0.0033607857462825456,2.2055482156560545e-6,2.2055482027855515e-6,2.2669728837739506e-6
13.61,0.61,0.005520591696647901,2.1783683464734613e-6,2.1783683448124458e-6,2.2669728837739506e-6
13.61,0.61,0.009068395006973916,2.138145401469651e-6,2.138145452560855e-6,2.2669728837739506e-6
13.61,0.61,0.01489619093772919,2.07787410400472e-6,2.0778740950160413e-6,2.2669728837739506e-6
13.61,0.61,0.024469214704767362,1.9866834557609225e-6,1.9866836998357846e-6,2.2669728837739506e-6
13.61,0.61,0.04019433362333615,1.84860020799456e-6,1.8486001870446781e-6,2.2669728837739506e-6
13.61,0.61,0.06602518613354949,1.6431163135183373e-6,1.6431168530728605e-6,2.2669728837739506e-6
13.61,0.61,0.1084562128786955,1.351865749677195e-6,1.3518659312206018e-6,2.2669728837739506e-6
13.61,0.61,0.17815550096589414,9.775246877519453e-7,9.775251669970075e-7,2.2669728837739506e-6
13.61,0.61,0.292646974128703,5.720914861592613e-7,5.720918402959989e-7,2.2669728837739506e-6
13.61,0.61,0.480716289995901,2.3912199335174633e-7,2.3912203982585376e-7,2.2669728837739506e-6
13.61,0.61,0.789648183294706,5.971741692679493e-8,5.971743266679227e-8,2.2669728837739506e-6
13.61,0.61,1.297114881182717,7.061791192309698e-9,7.061790023317427e-9,2.2669728837739506e-6
13.61,0.61,2.1307045980472066,3.0345565442140147e-10,3.034506081761473e-10,2.2669728837739506e-6
13.61,0.61,3.5000000000000004,3.3733521092389834e-12,3.3733023252899053e-12,2.2669728837739506e-6
13.61,0.61,3.8,1.1071277675107405e-12,1.1069751177998262e-12,2.2669728837739506e-6
13.61,0.61,3.98,2.4483709410973954e-13,2.448093384137794e-13,2.2669728837739506e-6
13.61,0.61,3.9998,2.3578835563539335e-14,2.357648723956629e-14,2.2669728837739506e-6
13.61,1.73,1.0000000000000001e-7,7.134451488143679e-7,7.134451526615719e-7,7.134572157553777e-7
13.61,1.73,1.6426491045299075e-7,7.134401361056566e-7,7.134401399546543e-7,7.134572157553777e-7
13.61,1.73,2.698296080612907e-7,7.134330410610963e-7,7.134330449056371e-7,7.134572157553777e-7
13.61,1.73,4.432353640575351e-7,7.134229986357461e-7,7.134230024889556e-7,7.134572157553777e-7
13.61,1.73,7.280801738650976e-7,7.134087844022375e-7,7.13408788249857e-7,7.134572157553777e-7
13.61,1.73,1.1959802456254818e-6,7.133886652127768e-7,7.133886690698537e-7,7.134572157553777e-7
13.61,1.73,1.9645758795121526e-6,7.133601877624489e-7,7.13360191622726e-7,7.134572157553777e-7
13.61,1.73,3.227108809261693e-6,7.133198791761939e-7,7.13319883031963e-7,7.134572157553777e-7
13.61,1.73,5.301007395754297e-6,7.132628228869834e-7,7.132628267784447e-7,7.134572157553777e-7
13.61,1.73,8.707695051742211e-6,7.13182057574103e-7,7.131820614194923e-7,7.134572157553777e-7
13.61,1.73,1.4303687479263852e-5,7.130677246885148e-7,7.130677286376356e-7,7.134572157553777e-7
13.61,1.73,2.3495939429288417e-5,7.129058579229678e-7,7.129058617768423e-7,7.134572157553777e-7
13.61,1.73,3.8595583863609565e-5,7.126766609096779e-7,7.126766649365221e-7,7.134572157553777e-7
13.61,1.73,6.33990012723672e-5,7.123520493675639e-7,7.123520533311599e-7,7.134572157553777e-7
13.61,1.73,0.00010414231266814445,7.118921271958836e-7,7.118921312732757e-7,7.134572157553777e-7
13.61,1.73,0.00017106927664800093,7.112400984931835e-7,7.112401028185854e-7,7.134572157553777e-7
13.61,1.73,0.00028100679409841776,7.103148451158187e-7,7.103148491105771e-7,7.134572157553777e-7
13.61,1.73,0.00046159555869258604,7.089999399699289e-7,7.089999452019858e-7,7.134572157553777e-7
13.61,1.73,0.0007582395311413588,7.071270656668293e-7,7.071270694772469e-7,7.134572157553777e-7
13.61,1.73,0.00124552148684853,7.044503829687137e-7,7.044503902150279e-7,7.134572157553777e-7
13.61,1.73,0.002045954755044497,7.00605848784464e-7,7.006058536536625e-7,7.134572157553777e-7
13.61,1.73,0.0033607857462825456,6.950450522681294e-7,6.950450633374859e-7,7.134572157553777e-7
13.61,1.73,0.005520591696647901,6.869259574844987e-7,6.869259702237788e-7,7.134572157553777e-7
13.61,1.73,0.009068395006973916,6.749332135508733e-7,6.749332283941104e-7,7.134572157553777e-7
13.61,1.73,0.01489619093772919,6.569939474364555e-7,6.569939932356676e-7,7.134572157553777e-7
13.61,1.73,0.024469214704767362,6.298743651358768e-7,6.298743735162341e-7,7.134572157553777e-7
13.61,1.73,0.04019433362333615,5.887567174913792e-7,5.887568497955775e-7,7.134572157553777e-7
13.61,1.73,0.06602518613354949,5.272558931475154e-7,5.272559042113992e-7,7.134572157553777e-7
13.61,1.73,0.1084562128786955,4.3910990269474736e-7,4.3911012623131813e-7,7.134572157553777e-7
13.61,1.73,0.17815550096589414,3.235607676681511e-7,3.235608632891183e-7,7.134572157553777e-7
13.61,1.73,0.292646974128703,1.945104751602098e-7,1.9451060827297137e-7,7.134572157553777e-7
13.61,1.73,0.480716289995901,8.3952394856339e-8,8.395248330371608e-8,7.134572157553777e-7
13.61,1.73,0.789648183294706,2.1444665880035664e-8,2.1444669936239623e-8,7.134572157553777e-7
13.61,1.73,1.297114881182717,2.4601763238067677e-9,2.460174914224228e-9,7.134572157553777e-7
13.61,1.73,2.1307045980472066,8.823068697560726e-11,8.823067114383424e-11,7.134572157553777e-7
13.61,1.73,3.5000000000000004,6.050090691593628e-13,6.048219724628244e-13,7.134572157553777e-7
13.61,1.73,3.8,1.7863010177144638e-13,1.786316128763611e-13,7.134572157553777e-7
13.61,1.73,3.98,3.73067981378858e-14,3.7307035724841856e-14,7.134572157553777e-7
13.61,1.73,3.9998,3.57159930911416e-15,3.5715755378149645e-15,7.134572157553777e-7
13.61,4.71,1.0000000000000001e-7,2.0455613602622013e-7,2.0455476186418105e-7,2.045593608282811e-7
13.61,4.71,1.6426491045299075e-7,2.045547964167923e-7,2.0455342230776374e-7,2.045593608282811e-7
13.61,4.71,2.698296080612907e-7,2.0455290031906193e-7,2.0455152622984487e-7,2.045593608282811e-7
13.61,4.71,4.432353640575351e-7,2.0455021655717494e-7,2.045488425022671e-7,2.045593608282811e-7
13.61,4.71,7.280801738650976e-7,2.0454641791442012e-7,2.0454504390371955e-7,2.045593608282811e-7
13.61,4.71,1.1959802456254818e-6,2.0454104122568295e-7,2.0453966728132263e-7,2.045593608282811e-7
13.61,4.71,1.9645758795121526e-6,2.0453343087701142e-7,2.0453205702520597e-7,2.045593608282811e-7
13.61,4.71,3.227108809261693e-6,2.045226587999715e-7,2.0452128507478767e-7,2.045593608282811e-7
13.61,4.71,5.301007395754297e-6,2.0450741115181504e-7,2.0450603761955136e-7,2.045593608282811e-7
13.61,4.71,8.707695051742211e-6,2.0448582774017696e-7,2.0448445445287924e-7,2.045593608282811e-7
13.61,4.71,1.4303687479263852e-5,2.0445527432871827e-7,2.0445390143473685e-7,2.045593608282811e-7
13.61,4.71,2.3495939429288417e-5,2.0441201941190583e-7,2.0441064701171767e-7,2.045593608282811e-7
13.61,4.71,3.8595583863609565e-5,2.0435077457574675e-7,2.0434940295006866e-7,2.045593608282811e-7
13.61,4.71,6.33990012723672e-5,2.042640390796358e-7,2.0426266848225405e-7,2.045593608282811e-7
13.61,4.71,0.00010414231266814445,2.041411613026763e-7,2.0413979219327263e-7,2.045593608282811e-7
13.61,4.71,0.00017106927664800093,2.0396698607539773e-7,2.0396561913248102e-7,2.045593608282811e-7
13.61,4.71,0.00028100679409841776,2.0371988656266126e-7,2.0371852247046204e-7,2.045593608282811e-7
13.61,4.71,0.00046159555869258604,2.033688616233578e-7,2.0336750208422532e-7,2.045593608282811e-7
13.61,4.71,0.0007582395311413588,2.0286917568665746e-7,2.028678217731945e-7,2.045593608282811e-7
13.61,4.71,0.00124552148684853,2.021556563130534e-7,2.0215431185527017e-7,2.045593608282811e-7
13.61,4.71,0.002045954755044497,2.0113211720146695e-7,2.0113078458938248e-7,2.045593608282811e-7
13.61,4.71,0.0033607857462825456,1.9965423604872425e-7,1.9965292275207442e-7,2.045593608282811e-7
13.61,4.71,0.005520591696647901,1.9750132802184883e-7,1.9750004184077944e-7,2.045593608282811e-7
13.61,4.71,0.009068395006973916,1.9432973893516805e-7,1.943284916219749e-7,2.045593608282811e-7
13.61,4.71,0.01489619093772919,1.8959808153487217e-7,1.895969018431112e-7,2.045593608282811e-7
13.61,4.71,0.024469214704767362,1.8245728393849284e-7,1.824561823481544e-7,2.045593608282811e-7
13.61,4.71,0.04019433362333615,1.7162238646129835e-7,1.7162145270787573e-7,2.045593608282811e-7
13.61,4.71,0.06602518613354949,1.5532639626242992e-7,1.5532562870654861e-7,2.045593608282811e-7
13.61,4.71,0.1084562128786955,1.3165522591883973e-7,1.3165478365110404e-7,2.045593608282811e-7
13.61,4.71,0.17815550096589414,9.983142351083656e-8,9.983126915360289e-8,2.045593608282811e-7
13.61,4.71,0.292646974128703,6.276475800804378e-8,6.276488530978633e-8,2.045593608282811e-7
13.61,4.71,0.480716289995901,2.8920507053052707e-8,2.892074001921663e-8,2.045593608282811e-7
13.61,4.71,0.789648183294706,8.03453054154335e-9,8.034655411310793e-9,2.045593608282811e-7
13.61,4.71,1.297114881182717,9.974642746456128e-10,9.974940207388416e-10,2.045593608282811e-7
13.61,4.71,2.1307045980472066,3.562845510587695e-11,3.563021992320158e-11,2.045593608282811e-7
13.61,4.71,3.5000000000000004,1.8803282981055556e-13,1.8795924163140883e-13,2.045593608282811e-7
13.61,4.71,3.8,5.146697715159338e-14,5.147384509102783e-14,2.045593608282811e-7
13.61,4.71,3.98,1.0301397947579803e-14,1.0302916150124356e-14,2.045593608282811e-7
13.61,4.71,3.9998,9.818463229091915e-16,9.819710260986973e-16,2.045593608282811e-7
14.13,0.00113,1.0000000000000001e-7,3.0262838285081578e-5,3.0262840531909613e-5,3.0263657224389763e-5
14.13,0.00113,1.6426491045299075e-7,3.026249808968869e-5,3.026250033997994e-5,3.0263657224389763e-5
14.13,0.00113,2.698296080612907e-7,3.026201657181078e-5,3.0262018826355347e-5,3.0263657224389763e-5
14.13,0.00113,4.432353640575351e-7,3.026133502126172e-5,3.026133728251585e-5,3.0263657224389763e-5
14.13,0.00113,7.280801738650976e-7,3.0260370334215325e-5,3.0260372604456686e-5,3.0263657224389763e-5
14.13,0.00113,1.1959802456254818e-6,3.0259004873368744e-5,3.0259007156275467e-5,3.0263657224389763e-5
14.13,0.00113,1.9645758795121526e-6,3.0257072107435798e-5,3.0257074409376947e-5,3.0263657224389763e-5
14.13,0.00113,3.227108809261693e-6,3.0254336265677472e-5,3.0254338591640733e-5,3.0263657224389763e-5
14.13,0.00113,5.301007395754297e-6,3.025046349617792e-5,3.0250465861610065e-5,3.0263657224389763e-5
14.13,0.00113,8.707695051742211e-6,3.0244980941389393e-5,3.0244983354491392e-5,3.0263657224389763e-5
14.13,0.00113,1.4303687479263852e-5,3.0237218582439094e-5,3.0237221074212663e-5,3.0263657224389763e-5
14.13,0.00113,2.3495939429288417e-5,3.0226226402970314e-5,3.022622899447486e-5,3.0263657224389763e-5
14.13,0.00113,3.8595583863609565e-5,3.0210655967897954e-5,3.0210658710770568e-5,3.0263657224389763e-5
14.13,0.00113,6.33990012723672e-5,3.018859018572839e-5,3.018859314294471e-5,3.0263657224389763e-5
14.13,0.00113,0.00010414231266814445,3.0157296541478953e-5,3.0157299788061067e-5,3.0263657224389763e-5
14.13,0.00113,0.00017106927664800093,3.0112865083602293e-5,3.0112868795684794e-5,3.0263657224389763e-5
14.13,0.00113,0.00028100679409841776,3.0049668493825067e-5,3.0049672780880265e-5,3.0263657224389763e-5
14.13,0.00113,0.00046159555869258604,2.9959539421932468e-5,2.9959544727704173e-5,3.0263657224389763e-5
14.13,0.00113,0.0007582395311413588,2.9830485083651958e-5,2.9830491655334833e-5,3.0263657224389763e-5
14.13,0.00113,0.00124552148684853,2.964462615561338e-5,2.964463498719904e-5,3.0263657224389763e-5
14.13,0.00113,0.002045954755044497,2.937482187628668e-5,2.9374833885817775e-5,3.0263657224389763e-5
14.13,0.00113,0.0033607857462825456,2.8979101645596218e-5,2.8979118818911502e-5,3.0263657224389763e-5
14.13,0.00113,0.005520591696647901,2.839163945496263e-5,2.8391665507556808e-5,3.0263657224389763e-5
14.13,0.00113,0.009068395006973916,2.750903865393723e-5,2.750907673991036e-5,3.0263657224389763e-5
14.13,0.00113,0.01489619093772919,2.6172713345127125e-5,2.617277560961103e-5,3.0263657224389763e-5
14.13,0.00113,0.024469214704767362,2.415619027566087e-5,2.4156279283423523e-5,3.0263657224389763e-5
14.13,0.00113,0.04019433362333615,2.1187146151934077e-5,2.118728276253622e-5,3.0263657224389763e-5
14.13,0.00113,0.06602518613354949,1.7068471672650895e-5,1.706864542992569e-5,3.0263657224389763e-5
14.13,0.00113,0.1084562128786955,1.196332817764087e-5,1.1963525306531591e-5,3.0263657224389763e-5
14.13,0.00113,0.17815550096589414,6.722242718815049e-6,6.7224125751008306e-6,3.0263657224389763e-5
14.13,0.00113,0.292646974128703,2.700328521217261e-6,2.700426786223879e-6,3.0263657224389763e-5
14.13,0.00113,0.480716289995901,6.713734821542986e-7,6.714063742763803e-7,3.0263657224389763e-5
14.13,0.00113,0.789648183294706,8.856967185671275e-8,8.85751024078869e-8,3.0263657224389763e-5
14.13,0.00113,1.297114881182717,5.470884578994434e-9,5.4712292295395495e-9,3.0263657224389763e-5
14.13,0.00113,2.1307045980472066,1.5004262881991179e-10,1.5005121843750943e-10,3.0263657224389763e-5
14.13,0.00113,3.5000000000000004,1.6893488685721396e-12,1.6892633412670305e-12,3.0263657224389763e-5
14.13,0.00113,3.8,5.83421991009921e-13,5.833895107396652e-13,3.0263657224389763e-5
14.13,0.00113,3.98,1.3311411705421583e-13,1.331145794516624e-13,3.0263657224389763e-5
14.13,0.00113,3.9998,1.2862874359799405e-14,1.2862970073168583e-14,3.0263657224389763e-5
14.13,0.0037,1.0000000000000001e-7,2.9979936784346416e-5,2.9979936804708563e-5,2.998074792955739e-5
14.13,0.0037,1.6426491045299075e-7,2.997959982669853e-5,2.9979599847275823e-5,2.998074792955739e-5
14.13,0.0037,2.698296080612907e-7,2.997912289157663e-5,2.9979122912136234e-5,2.998074792955739e-5
14.13,0.0037,4.432353640575351e-7,2.9978447827559497e-5,2.997844784817503e-5,2.998074792955739e-5
14.13,0.0037,7.280801738650976e-7,2.9977492321750446e-5,2.997749234284259e-5,2.998074792955739e-5
14.13,0.0037,1.1959802456254818e-6,2.9976139856448084e-5,2.9976139876935005e-5,2.998074792955739e-5
14.13,0.0037,1.9645758795121526e-6,2.997422548532135e-5,2.9974225507478577e-5,2.998074792955739e-5
14.13,0.0037,3.227108809261693e-6,2.9971515681592864e-5,2.997151570207437e-5,2.998074792955739e-5
14.13,0.0037,5.301007395754297e-6,2.9967679770853515e-5,2.996767979462265e-5,2.998074792955739e-5
14.13,0.0037,8.707695051742211e-6,2.9962249396195643e-5,2.9962249418202365e-5,2.998074792955739e-5
14.13,0.0037,1.4303687479263852e-5,2.9954560916226672e-5,2.9954560941520777e-5,2.998074792955739e-5
14.13,0.0037,2.3495939429288417e-5,2.994367335778518e-5,2.994367338531262e-5,2.998074792955739e-5
14.13,0.0037,3.8595583863609565e-5,2.9928251122861318e-5,2.9928251147860377e-5,2.998074792955739e-5
14.13,0.0037,6.33990012723672e-5,2.9906395373591205e-5,2.990639541474925e-5,2.998074792955739e-5
14.13,0.0037,0.00010414231266814445,2.987539961915908e-5,2.9875399641200905e-5,2.998074792955739e-5
14.13,0.0037,0.00017106927664800093,2.9831391159866785e-5,2.9831391228802355e-5,2.998074792955739e-5
14.13,0.0037,0.00028100679409841776,2.9768796320687468e-5,2.976879635154286e-5,2.998074792955739e-5
14.13,0.0037,0.00046159555869258604,2.9679525667668992e-5,2.9679525785331735e-5,2.998074792955739e-5
14.13,0.0037,0.0007582395311413588,2.955170094407485e-5,2.955170104955457e-5,2.998074792955739e-5
14.13,0.0037,0.00124552148684853,2.936761378167606e-5,2.9367613962442473e-5,2.998074792955739e-5
14.13,0.0037,0.002045954755044497,2.910038327386157e-5,2.9100383702101534e-5,2.998074792955739e-5
14.13,0.0037,0.0033607857462825456,2.8708441099370714e-5,2.870844127803239e-5,2.998074792955739e-5
14.13,0.0037,0.005520591696647901,2.8126592352943756e-5,2.812659386587482e-5,2.998074792955739e-5
14.13,0.0037,0.009068395006973916,2.725243029642023e-5,2.7252430432992318e-5,2.998074792955739e-5
14.13,0.0037,0.01489619093772919,2.5928880544635335e-5,2.592888448480419e-5,2.998074792955739e-5
14.13,0.0037,0.024469214704767362,2.3931606631466453e-5,2.393160827228181e-5,2.998074792955739e-5
14.13,0.0037,0.04019433362333615,2.0990796024771504e-5,2.099080183055151e-5,2.998074792955739e-5
14.13,0.0037,0.06602518613354949,1.691101076809749e-5,1.6911016539929038e-5,2.998074792955739e-5
14.13,0.0037,0.1084562128786955,1.1853544551174887e-5,1.1853547172297328e-5,2.998074792955739e-5
14.13,0.0037,0.17815550096589414,6.66071960622359e-6,6.6607234814378825e-6,2.998074792955739e-5
14.13,0.0037,0.292646974128703,2.675373978860676e-6,2.6753739745098e-6,2.998074792955739e-5
14.13,0.0037,0.480716289995901,6.648951250019055e-7,6.648946684427932e-7,2.998074792955739e-5
14.13,0.0037,0.789648183294706,8.761709882664944e-8,8.761708172743217e-8,2.998074792955739e-5
14.13,0.0037,1.297114881182717,5.399207522810213e-9,5.399187918721407e-9,2.998074792955739e-5
14.13,0.0037,2.1307045980472066,1.4745525855186943e-10,1.4745460338508152e-10,2.998074792955739e-5
14.13,0.0037,3.5000000000000004,1.6501413147467452e-12,1.6501026477493136e-12,2.998074792955739e-5
14.13,0.0037,3.8,5.693036964440066e-13,5.692796087201019e-13,2.998074792955739e-5
14.13,0.0037,3.98,1.2982442997516716e-13,1.2982950558006156e-13,2.998074792955739e-5
14.13,0.0037,3.9998,1.2544312930613354e-14,1.254493555628752e-14,2.998074792955739e-5
14.13,0.0127,1.0000000000000001e-7,2.9018323515960273e-5,2.9018323523540164e-5,2.9019108175376725e-5
14.13,0.0127,1.6426491045299075e-7,2.901799756077311e-5,2.9017997568229404e-5,2.9019108175376725e-5
14.13,0.0127,2.698296080612907e-7,2.9017536198709796e-5,2.9017536206380794e-5,2.9019108175376725e-5
14.13,0.0127,4.432353640575351e-7,2.9016883177136412e-5,2.90168831848916e-5,2.9019108175376725e-5
14.13,0.0127,7.280801738650976e-7,2.9015958870881563e-5,2.9015958878528407e-5,2.9019108175376725e-5
14.13,0.0127,1.1959802456254818e-6,2.9014650566857588e-5,2.9014650575340016e-5,2.9019108175376725e-5
14.13,0.0127,1.9645758795121526e-6,2.9012798704704533e-5,2.901279871213376e-5,2.9019108175376725e-5
14.13,0.0127,3.227108809261693e-6,2.9010177383040926e-5,2.901017739285637e-5,2.9019108175376725e-5
14.13,0.0127,5.301007395754297e-6,2.9006466725208662e-5,2.9006466732890512e-5,2.9019108175376725e-5
14.13,0.0127,8.707695051742211e-6,2.9001213668293496e-5,2.900121367988244e-5,2.9019108175376725e-5
14.13,0.0127,1.4303687479263852e-5,2.899377624272287e-5,2.899377625298808e-5,2.9019108175376725e-5
14.13,0.0127,2.3495939429288417e-5,2.8983244205693797e-5,2.8983244218392308e-5,2.9019108175376725e-5
14.13,0.0127,3.8595583863609565e-5,2.8968325581735117e-5,2.8968325600094905e-5,2.9019108175376725e-5
14.13,0.0127,6.33990012723672e-5,2.8947183561692186e-5,2.894718357256977e-5,2.9019108175376725e-5
14.13,0.0127,0.00010414231266814445,2.8917200088549788e-5,2.8917200125730055e-5,2.9019108175376725e-5
14.13,0.0127,0.00017106927664800093,2.8874629048765813e-5,2.8874629056324332e-5,2.9019108175376725e-5
14.13,0.0127,0.00028100679409841776,2.8814079051482322e-5,2.8814079125756727e-5,2.9019108175376725e-5
14.13,0.0127,0.00046159555869258604,2.8727725424812286e-5,2.8727725453896667e-5,2.9019108175376725e-5
14.13,0.0127,0.0007582395311413588,2.8604079073045474e-5,2.8604079208869657e-5,2.9019108175376725e-5
14.13,0.0127,0.00124552148684853,2.842601251501719e-5,2.8426012680637084e-5,2.9019108175376725e-5
14.13,0.0127,0.002045954755044497,2.8167527782214305e-5,2.8167527974437302e-5,2.9019108175376725e-5
14.13,0.0127,0.0033607857462825456,2.7788423396884324e-5,2.7788424119281604e-5,2.9019108175376725e-5
14.13,0.0127,0.005520591696647901,2.7225648785133494e-5,2.722564888036469e-5,2.9019108175376725e-5
14.13,0.0127,0.009068395006973916,2.6380160798035828e-5,2.6380163179030836e-5,2.9019108175376725e-5
14.13,0.0127,0.01489619093772919,2.5100021456391873e-5,2.510002165850375e-5,2.9019108175376725e-5
14.13,0.0127,0.024469214704767362,2.3168157002879697e-5,2.3168162100762703e-5,2.9019108175376725e-5
14.13,0.0127,0.04019433362333615,2.0323292611910158e-5,2.032329532668037e-5,2.9019108175376725e-5
14.13,0.0127,0.06602518613354949,1.637568303023933e-5,1.637568796751308e-5,2.9019108175376725e-5
14.13,0.0127,0.1084562128786955,1.148029301605172e-5,1.1480298437232995e-5,2.9019108175376725e-5
14.13,0.0127,0.17815550096589414,6.451563055012108e-6,6.451563722162778e-6,2.9019108175376725e-5
14.13,0.0127,0.292646974128703,2.5905721351890277e-6,2.5905727624697487e-6,2.9019108175376725e-5
14.13,0.0127,0.480716289995901,6.429062580887974e-7,6.429062550265113e-7,2.9019108175376725e-5
14.13,0.0127,0.789648183294706,8.439251804092456e-8,8.439235764728175e-8,2.9019108175376725e-5
14.13,0.0127,1.297114881182717,5.1578079784644675e-9,5.157805299199475e-9,2.9019108175376725e-5
14.13,0.0127,2.1307045980472066,1.3881642999662623e-10,1.3881459482735128e-10,2.9019108175376725e-5
14.13,0.0127,3.5000000000000004,1.5208524716153825e-12,1.5207821526374175e-12,2.9019108175376725e-5
14.13,0.0127,3.8,5.228448696432263e-13,5.22848363931611e-13,2.9019108175376725e-5
14.13,0.0127,3.98,1.1901091582165054e-13,1.1900825695720925e-13,2.9019108175376725e-5
14.13,0.0127,3.9998,1.1497288781466144e-14,1.149699891940471e-14,2.9019108175376725e-5
14.13,0.047,1.0000000000000001e-7,2.573092911476281e-5,2.5730929225801542e-5,2.573162331881133e-5
14.13,0.047,1.6426491045299075e-7,2.573064073562848e-5,2.5730640846483704e-5,2.573162331881133e-5
14.13,0.047,2.698296080612907e-7,2.573023255930954e-5,2.573023267052944e-5,2.573162331881133e-5
14.13,0.047,4.432353640575351e-7,2.5729654817986188e-5,2.5729654928941575e-5,2.573162331881133e-5
14.13,0.047,7.280801738650976e-7,2.57288370657126e-5,2.572883717712567e-5,2.573162331881133e-5
14.13,0.047,1.1959802456254818e-6,2.57276795830645e-5,2.5727679694503713e-5,2.573162331881133e-5
14.13,0.047,1.9645758795121526e-6,2.5726041204049843e-5,2.5726041315470614e-5,2.573162331881133e-5
14.13,0.047,3.227108809261693e-6,2.5723722069803422e-5,2.572372218250491e-5,2.573162331881133e-5
14.13,0.047,5.301007395754297e-6,2.572043918047876e-5,2.572043929149036e-5,2.573162331881133e-5
14.13,0.047,8.707695051742211e-6,2.571579170558419e-5,2.571579182073754e-5,2.573162331881133e-5
14.13,0.047,1.4303687479263852e-5,2.5709211689466453e-5,2.570921180053962e-5,2.573162331881133e-5
14.13,0.047,2.3495939429288417e-5,2.5699893839616085e-5,2.5699893958337137e-5,2.573162331881133e-5
14.13,0.047,3.8595583863609565e-5,2.568669515914871e-5,2.568669527420162e-5,2.573162331881133e-5
14.13,0.047,6.33990012723672e-5,2.5667990675420916e-5,2.5667990797174015e-5,2.573162331881133e-5
14.13,0.047,0.00010414231266814445,2.5641464339768964e-5,2.564146446929228e-5,2.573162331881133e-5
14.13,0.047,0.00017106927664800093,2.560380232923581e-5,2.5603802449055024e-5,2.573162331881133e-5
14.13,0.047,0.00028100679409841776,2.5550235728608363e-5,2.555023589697999e-5,2.573162331881133e-5
14.13,0.047,0.00046159555869258604,2.5473843945467023e-5,2.5473844056500916e-5,2.573162331881133e-5
14.13,0.047,0.0007582395311413588,2.5364466656167575e-5,2.536446691773437e-5,2.573162331881133e-5
14.13,0.047,0.00124552148684853,2.5206959628061753e-5,2.5206959774918685e-5,2.573162331881133e-5
14.13,0.047,0.002045954755044497,2.497833913854689e-5,2.497833959423396e-5,2.573162331881133e-5
14.13,0.047,0.0033607857462825456,2.4643069651418392e-5,2.4643070120341904e-5,2.573162331881133e-5
14.13,0.047,0.005520591696647901,2.414542059722505e-5,2.414542129117667e-5,2.573162331881133e-5
14.13,0.047,0.009068395006973916,2.3397832354397117e-5,2.3397834205917746e-5,2.573162331881133e-5
14.13,0.047,0.01489619093772919,2.2265908998727988e-5,2.2265909503428013e-5,2.573162331881133e-5
14.13,0.047,0.024469214704767362,2.055739910377886e-5,2.0557404283660277e-5,2.573162331881133e-5
14.13,0.047,0.04019433362333615,1.8040255817223446e-5,1.8040256163808786e-5,2.573162331881133e-5
14.13,0.047,0.06602518613354949,1.4544338079678344e-5,1.4544345319005468e-5,2.573162331881133e-5
14.13,0.047,0.1084562128786955,1.020321526735131e-5,1.0203217442017354e-5,2.573162331881133e-5
14.13,0.047,0.17815550096589414,5.736105656402078e-6,5.736107861362399e-6,2.573162331881133e-5
14.13,0.047,0.292646974128703,2.300909793655096e-6,2.3009103326526644e-6,2.573162331881133e-5
14.13,0.047,0.480716289995901,5.681157730261714e-7,5.681156270954092e-7,2.573162331881133e-5
14.13,0.047,0.789648183294706,7.352933048926868e-8,7.352920049066512e-8,2.573162331881133e-5
14.13,0.047,1.297114881182717,4.359325453220685e-9,4.359324593998561e-9,2.573162331881133e-5
14.13,0.047,2.1307045980472066,1.1111600830334787e-10,1.1111425012336083e-10,2.573162331881133e-5
14.13,0.047,3.5000000000000004,1.1243965596256007e-12,1.1243769427421212e-12,2.573162331881133e-5
14.13,0.047,3.8,3.8144222270470134e-13,3.814307310582285e-13,2.573162331881133e-5
14.13,0.047,3.98,8.622703970670171e-14,8.622341477369462e-14,2.573162331881133e-5
14.13,0.047,3.9998,8.324247472371661e-15,8.323923737410613e-15,2.573162331881133e-5
14.13,0.173,1.0000000000000001e-7,1.737519599385611e-5,1.737519596734842e-5,1.737566105138776e-5
14.13,0.173,1.6426491045299075e-7,1.7375002804441482e-5,1.737500277800611e-5,1.737566105138776e-5
14.13,0.173,2.698296080612907e-7,1.7374729361162266e-5,1.7374729334628088e-5,1.737566105138776e-5
14.13,0.173,4.432353640575351e-7,1.737434232387321e-5,1.737434229764974e-5,1.737566105138776e-5
14.13,0.173,7.280801738650976e-7,1.7373794499915962e-5,1.737379447334335e-5,1.737566105138776e-5
14.13,0.173,1.1959802456254818e-6,1.7373019086055474e-5,1.7373019060170442e-5,1.737566105138776e-5
14.13,0.173,1.9645758795121526e-6,1.7371921513754e-5,1.7371921487398678e-5,1.737566105138776e-5
14.13,0.173,3.227108809261693e-6,1.737036789608869e-5,1.73703678705526e-5,1.737566105138776e-5
14.13,0.173,5.301007395754297e-6,1.736816865068046e-5,1.7368168625288036e-5,1.737566105138776e-5
14.13,0.173,8.707695051742211e-6,1.736505526302578e-5,1.7365055237475822e-5,1.737566105138776e-5
14.13,0.173,1.4303687479263852e-5,1.7360647268918473e-5,1.7360647245995935e-5,1.737566105138776e-5
14.13,0.173,2.3495939429288417e-5,1.7354405231089383e-5,1.7354405204776196e-5,1.737566105138776e-5
14.13,0.173,3.8595583863609565e-5,1.7345563529474143e-5,1.734556351139233e-5,1.737566105138776e-5
14.13,0.173,6.33990012723672e-5,1.7333033773730525e-5,1.733303374784404e-5,1.737566105138776e-5
14.13,0.173,0.00010414231266814445,1.731526486024335e-5,1.7315264849587864e-5,1.737566105138776e-5
14.13,0.173,0.00017106927664800093,1.72900378062163e-5,1.7290037789302383e-5,1.737566105138776e-5
14.13,0.173,0.00028100679409841776,1.72541600163797e-5,1.725416001327552e-5,1.737566105138776e-5
14.13,0.173,0.00046159555869258604,1.7202999944656864e-5,1.720299996341424e-5,1.737566105138776e-5
14.13,0.173,0.0007582395311413588,1.712976084062909e-5,1.7129760835219295e-5,1.737566105138776e-5
14.13,0.173,0.00124552148684853,1.702431738691127e-5,1.7024317520038126e-5,1.737566105138776e-5
14.13,0.173,0.002045954755044497,1.6871311721718372e-5,1.6871311694863975e-5,1.737566105138776e-5
14.13,0.173,0.0033607857462825456,1.6647010313096953e-5,1.6647010763657213e-5,1.737566105138776e-5
14.13,0.173,0.005520591696647901,1.6314197467824403e-5,1.6314197571146004e-5,1.737566105138776e-5
14.13,0.173,0.009068395006973916,1.5814370702316135e-5,1.5814371770449805e-5,1.737566105138776e-5
14.13,0.173,0.01489619093772919,1.5057570381915226e-5,1.5057571511638431e-5,1.737566105138776e-5
14.13,0.173,0.024469214704767362,1.3914574918648314e-5,1.3914576314978878e-5,1.737566105138776e-5
14.13,0.173,0.04019433362333615,1.222795131341575e-5,1.2227955189439956e-5,1.737566105138776e-5
14.13,0.173,0.06602518613354949,9.878569297373697e-6,9.87856966754617e-6,1.737566105138776e-5
14.13,0.173,0.1084562128786955,6.947658871019229e-6,6.947663631947066e-6,1.737566105138776e-5
14.13,0.173,0.17815550096589414,3.913319820783785e-6,3.913319933519569e-6,1.737566105138776e-5
14.13,0.173,0.292646974128703,1.566142050688954e-6,1.5661425895715585e-6,1.737566105138776e-5
14.13,0.173,0.480716289995901,3.8090733701804393e-7,3.8090731668555474e-7,1.737566105138776e-5
14.13,0.173,0.789648183294706,4.715438716988608e-8,4.7154329361127715e-8,1.737566105138776e-5
14.13,0.173,1.297114881182717,2.5314624411757925e-9,2.531455893624111e-9,1.737566105138776e-5
14.13,0.173,2.1307045980472066,5.375921248433277e-11,5.37588767055731e-11,1.737566105138776e-5
14.13,0.173,3.5000000000000004,4.137372978265489e-13,4.1369144318301727e-13,1.737566105138776e-5
14.13,0.173,3.8,1.339890267010815e-13,1.3399310647821324e-13,1.737566105138776e-5
14.13,0.173,3.98,2.956859577313269e-14,2.956944540656856e-14,1.737566105138776e-5
14.13,0.173,3.9998,2.847500292190618e-15,2.847566543791643e-15,1.737566105138776e-5
14.13,0.61,1.0000000000000001e-7,6.772449238437334e-6,6.772449151523703e-6,6.772626184364343e-6
14.13,0.61,1.6426491045299075e-7,6.772375733402636e-6,6.772375646486694e-6,6.772626184364343e-6
14.13,0.61,2.698296080612907e-7,6.772271693270427e-6,6.772271606362014e-6,6.772626184364343e-6
14.13,0.61,4.432353640575351e-7,6.7721244327749306e-6,6.77212434594066e-6,6.772626184364343e-6
14.13,0.61,7.280801738650976e-7,6.771915996091684e-6,6.771915909162542e-6,6.772626184364343e-6
14.13,0.61,1.1959802456254818e-6,6.771620966091418e-6,6.771620879419627e-6,6.772626184364343e-6
14.13,0.61,1.9645758795121526e-6,6.771203361827216e-6,6.771203274897229e-6,6.772626184364343e-6
14.13,0.61,3.227108809261693e-6,6.770612243282502e-6,6.77061215685406e-6,6.772626184364343e-6
14.13,0.61,5.301007395754297e-6,6.769775481302197e-6,6.769775394606323e-6,6.772626184364343e-6
14.13,0.61,8.707695051742211e-6,6.768590918985762e-6,6.768590832779521e-6,6.772626184364343e-6
14.13,0.61,1.4303687479263852e-5,6.766913814814087e-6,6.766913728955518e-6,6.772626184364343e-6
14.13,0.61,2.3495939429288417e-5,6.764538963996776e-6,6.7645388777211246e-6,6.772626184364343e-6
14.13,0.61,3.8595583863609565e-5,6.761175155242454e-6,6.761175071400891e-6,6.772626184364343e-6
14.13,0.61,6.33990012723672e-5,6.756408485101808e-6,6.756408398349723e-6,6.772626184364343e-6
14.13,0.61,0.00010414231266814445,6.7496492533364e-6,6.749649173389183e-6,6.772626184364343e-6
14.13,0.61,0.00017106927664800093,6.740054207778027e-6,6.740054122248532e-6,6.772626184364343e-6
14.13,0.61,0.00028100679409841776,6.7264108742261205e-6,6.726410800427292e-6,6.772626184364343e-6
14.13,0.61,0.00046159555869258604,6.706961875090094e-6,6.706961799328113e-6,6.772626184364343e-6
14.13,0.61,0.0007582395311413588,6.679131382758623e-6,6.679131315495157e-6,6.772626184364343e-6
14.13,0.61,0.00124552148684853,6.6390878608640965e-6,6.639087824278971e-6,6.772626184364343e-6
14.13,0.61,0.002045954755044497,6.5810293018055525e-6,6.581029230981996e-6,6.772626184364343e-6
14.13,0.61,0.0033607857462825456,6.496002461558589e-6,6.496002555276064e-6,6.772626184364343e-6
14.13,0.61,0.005520591696647901,6.3699766827502255e-6,6.369976599971625e-6,6.772626184364343e-6
14.13,0.61,0.009068395006973916,6.180869168882511e-6,6.1808695917835545e-6,6.772626184364343e-6
14.13,0.61,0.01489619093772919,5.894567245805349e-6,5.8945673647355465e-6,6.772626184364343e-6
14.13,0.61,0.024469214704767362,5.4615404569397885e-6,5.461541306275702e-6,6.772626184364343e-6
14.13,0.61,0.04019433362333615,4.819957710070403e-6,4.819958747931169e-6,6.772626184364343e-6
14.13,0.61,0.06602518613354949,3.919168872114982e-6,3.919169516533971e-6,6.772626184364343e-6
14.13,0.61,0.1084562128786955,2.7808811979140237e-6,2.780883113074182e-6,6.772626184364343e-6
14.13,0.61,0.17815550096589414,1.5811494504978525e-6,1.581149444532557e-6,6.772626184364343e-6
14.13,0.61,0.292646974128703,6.343966723752519e-7,6.343971912748065e-7,6.772626184364343e-6
14.13,0.61,0.480716289995901,1.5058461488347913e-7,1.5058462028889924e-7,6.772626184364343e-6
14.13,0.61,0.789648183294706,1.6970582853777665e-8,1.6970561652996485e-8,6.772626184364343e-6
14.13,0.61,1.297114881182717,7.193203478859641e-10,7.193193134153042e-10,6.772626184364343e-6
14.13,0.61,2.1307045980472066,9.513889907567022e-12,9.513760752300576e-12,6.772626184364343e-6
14.13,0.61,3.5000000000000004,3.39608416255998e-14,3.395362509710838e-14,6.772626184364343e-6
14.13,0.61,3.8,9.600380959264552e-15,9.600492450781014e-15,6.772626184364343e-6
14.13,0.61,3.98,1.974919589091944e-15,1.9747192465544114e-15,6.772626184364343e-6
14.13,0.61,3.9998,1.8883476439691454e-16,1.888131721969856e-16,6.772626184364343e-6
14.13,1.73,1.0000000000000001e-7,2.1287459369604395e-6,2.128745948407474e-6,2.128799103924766e-6
14.13,1.73,1.6426491045299075e-7,2.1287238509038574e-6,2.128723862361964e-6,2.128799103924766e-6
14.13,1.73,2.698296080612907e-7,2.128692589980395e-6,2.128692601440487e-6,2.128799103924766e-6
14.13,1.73,4.432353640575351e-7,2.128648342671525e-6,2.128648354128915e-6,2.128799103924766e-6
14.13,1.73,7.280801738650976e-7,2.1285857138464968e-6,2.128585725340504e-6,2.128799103924766e-6
14.13,1.73,1.1959802456254818e-6,2.128497066552095e-6,2.1284970779980004e-6,2.128799103924766e-6
14.13,1.73,1.9645758795121526e-6,2.128371589900246e-6,2.128371601458088e-6,2.128799103924766e-6
14.13,1.73,3.227108809261693e-6,2.128193978655296e-6,2.1281939901059945e-6,2.128799103924766e-6
14.13,1.73,5.301007395754297e-6,2.1279425618081797e-6,2.1279425734533563e-6,2.128799103924766e-6
14.13,1.73,8.707695051742211e-6,2.127586648031636e-6,2.1275866595920334e-6,2.128799103924766e-6
14.13,1.73,1.4303687479263852e-5,2.1270827554194843e-6,2.1270827671232833e-6,2.128799103924766e-6
14.13,1.73,2.3495939429288417e-5,2.1263692455892374e-6,2.126369257512054e-6,2.128799103924766e-6
14.13,1.73,3.8595583863609565e-5,2.125358662397816e-6,2.1253586740163404e-6,2.128799103924766e-6
14.13,1.73,6.33990012723672e-5,2.1239267394922352e-6,2.1239267522565664e-6,2.128799103924766e-6
14.13,1.73,0.00010414231266814445,2.1218965112411584e-6,2.1218965226480847e-6,2.128799103924766e-6
14.13,1.73,0.00017106927664800093,2.1190150963642103e-6,2.1190151107172285e-6,2.128799103924766e-6
14.13,1.73,0.00028100679409841776,2.114919257582654e-6,2.1149192697184358e-6,2.128799103924766e-6
14.13,1.73,0.00046159555869258604,2.10908327731532e-6,2.10908329411129e-6,2.128799103924766e-6
14.13,1.73,0.0007582395311413588,2.100738119590041e-6,2.1007381366932413e-6,2.128799103924766e-6
14.13,1.73,0.00124552148684853,2.0887427018886187e-6,2.08874272084616e-6,2.128799103924766e-6
14.13,1.73,0.002045954755044497,2.0713740034128617e-6,2.0713740405409267e-6,2.128799103924766e-6
14.13,1.73,0.0033607857462825456,2.0459802382796052e-6,2.0459802536755293e-6,2.128799103924766e-6
14.13,1.73,0.005520591696647901,2.0084120564446337e-6,2.0084121585975927e-6,2.128799103924766e-6
14.13,1.73,0.009068395006973916,1.9521311367600776e-6,1.952131151342939e-6,2.128799103924766e-6
14.13,1.73,0.01489619093772919,1.866974140660687e-6,1.8669743889284319e-6,2.128799103924766e-6
14.13,1.73,0.024469214704767362,1.737952766572294e-6,1.7379528988301138e-6,2.128799103924766e-6
14.13,1.73,0.04019433362333615,1.5456763852711427e-6,1.5456767617356898e-6,2.128799103924766e-6
14.13,1.73,0.06602518613354949,1.272428038465532e-6,1.2724285497902256e-6,2.128799103924766e-6
14.13,1.73,0.1084562128786955,9.198599458140566e-7,9.198601467502856e-7,2.128799103924766e-6
14.13,1.73,0.17815550096589414,5.363669744378259e-7,5.363675792588767e-7,2.128799103924766e-6
14.13,1.73,0.292646974128703,2.2097969758822155e-7,2.2097969879061642e-7,2.128799103924766e-6
14.13,1.73,0.480716289995901,5.283966509594347e-8,5.283973222016454e-8,2.128799103924766e-6
14.13,1.73,0.789648183294706,5.578331544281655e-9,5.57833227620286e-9,2.128799103924766e-6
14.13,1.73,1.297114881182717,1.8431375678669214e-10,1.8431322815685212e-10,2.128799103924766e-6
14.13,1.73,2.1307045980472066,1.316621388781961e-12,1.3166110723433249e-12,2.128799103924766e-6
14.13,1.73,3.5000000000000004,1.4399026561660718e-15,1.4390531077463723e-15,2.128799103924766e-6
14.13,1.73,3.8,3.235119938117446e-16,3.2319399664879034e-16,2.128799103924766e-6
14.13,1.73,3.98,5.910871422178651e-17,5.914135428629746e-17,2.128799103924766e-6
14.13,1.73,3.9998,5.584668719846207e-18,5.58884209248549e-18,2.128799103924766e-6
14.13,4.71,1.0000000000000001e-7,6.097361854805167e-7,6.097321011194646e-7,6.097503939627015e-7
14.13,4.71,1.6426491045299075e-7,6.097302831469635e-7,6.097261988659361e-7,6.097503939627015e-7
14.13,4.71,2.698296080612907e-7,6.097219289033562e-7,6.097178447235554e-7,6.097503939627015e-7
14.13,4.71,4.432353640575351e-7,6.097101041577052e-7,6.097060201173586e-7,6.097503939627015e-7
14.13,4.71,7.280801738650976e-7,6.096933671205395e-7,6.09689283291167e-7,6.097503939627015e-7
14.13,4.71,1.1959802456254818e-6,6.096696769178595e-7,6.096655933576208e-7,6.097503939627015e-7
14.13,4.71,1.9645758795121526e-6,6.096361445250102e-7,6.09632061395825e-7,6.097503939627015e-7
14.13,4.71,3.227108809261693e-6,6.095886799742257e-7,6.095845973853753e-7,6.097503939627015e-7
14.13,4.71,5.301007395754297e-6,6.095214924085689e-7,6.095174106703385e-7,6.097503939627015e-7
14.13,4.71,8.707695051742211e-6,6.094263810818146e-7,6.094223004654751e-7,6.097503939627015e-7
14.13,4.71,1.4303687479263852e-5,6.092917287093112e-7,6.092876497271823e-7,6.097503939627015e-7
14.13,4.71,2.3495939429288417e-5,6.091010695629576e-7,6.090969929347922e-7,6.097503939627015e-7
14.13,4.71,3.8595583863609565e-5,6.088310467507794e-7,6.088269732465742e-7,6.097503939627015e-7
14.13,4.71,6.33990012723672e-5,6.08448485060828e-7,6.084444164557765e-7,6.097503939627015e-7
14.13,4.71,0.00010414231266814445,6.079061679517301e-7,6.079021054677477e-7,6.097503939627015e-7
14.13,4.71,0.00017106927664800093,6.071366839933136e-7,6.071326314798304e-7,6.097503939627015e-7
14.13,4.71,0.00028100679409841776,6.060433326681043e-7,6.060392927473056e-7,6.097503939627015e-7
14.13,4.71,0.00046159555869258604,6.044864269275452e-7,6.044824067494425e-7,6.097503939627015e-7
14.13,4.71,0.0007582395311413588,6.022621693986968e-7,6.022581763263763e-7,6.097503939627015e-7
14.13,4.71,0.00124552148684853,5.990692043643346e-7,5.990652498375182e-7,6.097503939627015e-7
14.13,4.71,0.002045954755044497,5.944543170444496e-7,5.944504238137432e-7,6.097503939627015e-7
14.13,4.71,0.0033607857462825456,5.877228011542233e-7,5.877189837459965e-7,6.097503939627015e-7
14.13,4.71,0.005520591696647901,5.777907159805903e-7,5.777870437423822e-7,6.097503939627015e-7
14.13,4.71,0.009068395006973916,5.629495798847844e-7,5.629460701644748e-7,6.097503939627015e-7
14.13,4.71,0.01489619093772919,5.405266588463398e-7,5.405234857682937e-7,6.097503939627015e-7
14.13,4.71,0.024469214704767362,5.065099373983868e-7,5.06507162893019e-7,6.097503939627015e-7
14.13,4.71,0.04019433362333615,4.5548976696354266e-7,4.5548765704893604e-7,6.097503939627015e-7
14.13,4.71,0.06602518613354949,3.8190928185326033e-7,3.819080595600115e-7,6.097503939627015e-7
14.13,4.71,0.1084562128786955,2.843686037996533e-7,2.843682114358359e-7,6.097503939627015e-7
14.13,4.71,0.17815550096589414,1.7349767317970856e-7,1.7349822204332025e-7,6.097503939627015e-7
14.13,4.71,0.292646974128703,7.618070634845913e-8,7.618127574850522e-8,6.097503939627015e-7
14.13,4.71,0.480716289995901,1.9641278368061865e-8,1.9641645023303995e-8,6.097503939627015e-7
14.13,4.71,0.789648183294706,2.1852746337779655e-9,2.1853406120667623e-9,6.097503939627015e-7
14.13,4.71,1.297114881182717,6.736466672173457e-11,6.736792454718734e-11,6.097503939627015e-7
14.13,4.71,2.1307045980472066,3.1920544808816564e-13,3.1922304551570584e-13,6.097503939627015e-7
14.13,4.71,3.5000000000000004,1.137799181093068e-16,1.1359791796836616e-16,6.097503939627015e-7
14.13,4.71,3.8,1.9793460877060518e-17,1.9730714206327598e-17,6.097503939627015e-7
14.13,4.71,3.98,3.1631795079191615e-18,3.168710626284029e-18,6.097503939627015e-7
14.13,4.71,3.9998,2.9488876345252034e-19,2.9560209953816884e-19,6.097503939627015e-7
14.69,0.00113,1.0000000000000001e-7,9.86176228571609e-5,9.861763020473315e-5,9.862166711506175e-5
14.69,0.00113,1.6426491045299075e-7,9.86159428239517e-5,9.86159501882216e-5,9.862166711506175e-5
14.69,0.00113,2.698296080612907e-7,9.86135648669396e-5,9.861357225437644e-5,9.862166711506175e-5
14.69,0.00113,4.432353640575351e-7,9.861019902938516e-5,9.861020644831441e-5,9.862166711506175e-5
14.69,0.00113,7.280801738650976e-7,9.860543485969344e-5,9.86054423273955e-5,9.862166711506175e-5
14.69,0.00113,1.1959802456254818e-6,9.85986912987192e-5,9.859869882677372e-5,9.862166711506175e-5
14.69,0.00113,1.9645758795121526e-6,9.858914567445724e-5,9.858915330244036e-5,9.862166711506175e-5
14.69,0.00113,3.227108809261693e-6,9.857563302822914e-5,9.857564077804769e-5,9.862166711506175e-5
14.69,0.00113,5.301007395754297e-6,9.855650322756954e-5,9.85565111736557e-5,9.862166711506175e-5
14.69,0.00113,8.707695051742211e-6,9.852941783173411e-5,9.852942603431037e-5,9.862166711506175e-5
14.69,0.00113,1.4303687479263852e-5,9.849106056112366e-5,9.849106913799163e-5,9.862166711506175e-5
14.69,0.00113,2.3495939429288417e-5,9.843672297379206e-5,9.843673209874594e-5,9.862166711506175e-5
14.69,0.00113,3.8595583863609565e-5,9.835970794964247e-5,9.835971778869057e-5,9.862166711506175e-5
14.69,0.00113,6.33990012723672e-5,9.825046309855361e-5,9.825047410596105e-5,9.862166711506175e-5
14.69,0.00113,0.00010414231266814445,9.809530548739095e-5,9.809531792110355e-5,9.862166711506175e-5
14.69,0.00113,0.00017106927664800093,9.787451173731342e-5,9.787452663862631e-5,9.862166711506175e-5
14.69,0.00113,0.00028100679409841776,9.755939323582915e-5,9.755941125484117e-5,9.862166711506175e-5
14.69,0.00113,0.00046159555869258604,9.7107700980212e-5,9.710772421595379e-5,9.862166711506175e-5
14.69,0.00113,0.0007582395311413588,9.645622097370434e-5,9.645625176869041e-5,9.862166711506175e-5
14.69,0.00113,0.00124552148684853,9.550861634108197e-5,9.550865851859574e-5,9.862166711506175e-5
14.69,0.00113,0.002045954755044497,9.411540115287341e-5,9.41154635551515e-5,9.862166711506175e-5
14.69,0.00113,0.0033607857462825456,9.204179208482843e-5,9.20418807840937e-5,9.862166711506175e-5
14.69,0.00113,0.005520591696647901,8.892007010375042e-5,8.892021368746248e-5,9.862166711506175e-5
14.69,0.00113,0.009068395006973916,8.419236344909582e-5,8.419257130853105e-5,9.862166711506175e-5
14.69,0.00113,0.01489619093772919,7.708262701597915e-5,7.70829563748048e-5,9.862166711506175e-5
14.69,0.00113,0.024469214704767362,6.67152311708542e-5,6.671568710725297e-5,9.862166711506175e-5
14.69,0.00113,0.04019433362333615,5.2605702530843214e-5,5.260628899149296e-5,9.862166711506175e-5
14.69,0.00113,0.06602518613354949,3.5671341544418925e-5,3.567197296906975e-5,9.862166711506175e-5
14.69,0.00113,0.1084562128786955,1.9113403798887412e-5,1.9113905933559793e-5,9.862166711506175e-5
14.69,0.00113,0.17815550096589414,7.224540971766898e-6,7.224812391604867e-6,9.862166711506175e-5
14.69,0.00113,0.292646974128703,1.6856758273541147e-6,1.6857601141312577e-6,9.862166711506175e-5
14.69,0.00113,0.480716289995901,2.13655094193644e-7,2.1366768083646016e-7,9.862166711506175e-5
14.69,0.00113,0.789648183294706,1.3532212867671113e-8,1.3533099479219638e-8,9.862166711506175e-5
14.69,0.00113,1.297114881182717,4.252748686150016e-10,4.2530106034443044e-10,9.862166711506175e-5
14.69,0.00113,2.1307045980472066,7.119661884483749e-12,7.119978349432531e-12,9.862166711506175e-5
14.69,0.00113,3.5000000000000004,6.364920756162568e-14,6.364810789554171e-14,9.862166711506175e-5
14.69,0.00113,3.8,2.172387205889052e-14,2.1722258802445057e-14,9.862166711506175e-5
14.69,0.00113,3.98,4.9372547578048e-15,4.937107502483368e-15,9.862166711506175e-5
14.69,0.00113,3.9998,4.769391149203444e-16,4.769298595848118e-16,9.862166711506175e-5
14.69,0.0037,1.0000000000000001e-7,9.769428214982571e-5,9.769428221650917e-5,9.769828791727677e-5
14.69,0.0037,1.6426491045299075e-7,9.769261810601823e-5,9.76926181735213e-5,9.769828791727677e-5
14.69,0.0037,2.698296080612907e-7,9.7690262780777e-5,9.769026284856821e-5,9.769828791727677e-5
14.69,0.0037,4.432353640575351e-7,9.76869289769885e-5,9.768692904448395e-5,9.769828791727677e-5
14.69,0.0037,7.280801738650976e-7,9.768221014949492e-5,9.768221021999e-5,9.769828791727677e-5
14.69,0.0037,1.1959802456254818e-6,9.767553076936882e-5,9.767553083619273e-5,9.769828791727677e-5
14.69,0.0037,1.9645758795121526e-6,9.766607599445573e-5,9.766607606996713e-5,9.769828791727677e-5
14.69,0.0037,3.227108809261693e-6,9.765269195387035e-5,9.765269202172644e-5,9.769828791727677e-5
14.69,0.0037,5.301007395754297e-6,9.76337442211599e-5,9.763374430355846e-5,9.769828791727677e-5
14.69,0.0037,8.707695051742211e-6,9.760691661395652e-5,9.760691669143603e-5,9.769828791727677e-5
14.69,0.0037,1.4303687479263852e-5,9.756892442086607e-5,9.75689245083057e-5,9.769828791727677e-5
14.69,0.0037,2.3495939429288417e-5,9.75151040254898e-5,9.751510413313518e-5,9.769828791727677e-5
14.69,0.0037,3.8595583863609565e-5,9.743882207729308e-5,9.743882216004526e-5,9.769828791727677e-5
14.69,0.0037,6.33990012723672e-5,9.733061716803238e-5,9.733061734676421e-5,9.769828791727677e-5
14.69,0.0037,0.00010414231266814445,9.717693674055073e-5,9.717693681386152e-5,9.769828791727677e-5
14.69,0.0037,0.00017106927664800093,9.695824545768334e-5,9.695824578058585e-5,9.769828791727677e-5
14.69,0.0037,0.00028100679409841776,9.664612844529114e-5,9.664612860316688e-5,9.769828791727677e-5
14.69,0.0037,0.00046159555869258604,9.619874025644484e-5,9.619874083191874e-5,9.769828791727677e-5
14.69,0.0037,0.0007582395311413588,9.555347146620768e-5,9.55534721527935e-5,9.769828791727677e-5
14.69,0.0037,0.00124552148684853,9.461490773441677e-5,9.46149085867224e-5,9.769828791727677e-5
14.69,0.0037,0.002045954755044497,9.323499594462845e-5,9.323499878988296e-5,9.769828791727677e-5
14.69,0.0037,0.0033607857462825456,9.118120297590063e-5,9.118120361310349e-5,9.769828791727677e-5
14.69,0.0037,0.005520591696647901,8.808932686479703e-5,8.808933604143691e-5,9.769828791727677e-5
14.69,0.0037,0.009068395006973916,8.340680202943819e-5,8.34068032750063e-5,9.769828791727677e-5
14.69,0.0037,0.01489619093772919,7.636487528062938e-5,7.636489421419488e-5,9.769828791727677e-5
14.69,0.0037,0.024469214704767362,6.609591338749802e-5,6.609592339055688e-5,9.769828791727677e-5
14.69,0.0037,0.04019433362333615,5.211929805118092e-5,5.211931481642414e-5,9.769828791727677e-5
14.69,0.0037,0.06602518613354949,3.534264390245641e-5,3.5342659780519317e-5,9.769828791727677e-5
14.69,0.0037,0.1084562128786955,1.893688753673527e-5,1.8936889120820168e-5,9.769828791727677e-5
14.69,0.0037,0.17815550096589414,7.156424292434571e-6,7.156424026121378e-6,9.769828791727677e-5
14.69,0.0037,0.292646974128703,1.6687467500638752e-6,1.6687466801165561e-6,9.769828791727677e-5
14.69,0.0037,0.480716289995901,2.1120088588358432e-7,2.112005191351765e-7,9.769828791727677e-5
14.69,0.0037,0.789648183294706,1.3339127562306184e-8,1.3339121792380264e-8,9.769828791727677e-5
14.69,0.0037,1.297114881182717,4.1727224754812395e-10,4.1727119573605043e-10,9.769828791727677e-5
14.69,0.0037,2.1307045980472066,6.9396494450864336e-12,6.939613138891818e-12,9.769828791727677e-5
14.69,0.0037,3.5000000000000004,6.154073167440107e-14,6.154025004800929e-14,9.769828791727677e-5
14.69,0.0037,3.8,2.0978174680911712e-14,2.097739838491123e-14,9.769828791727677e-5
14.69,0.0037,3.98,4.764752738223359e-15,4.76489723181717e-15,9.769828791727677e-5
14.69,0.0037,3.9998,4.60245658689519e-16,4.602652723978571e-16,9.769828791727677e-5
14.69,0.0127,1.0000000000000001e-7,9.455586134442923e-5,9.455586136951847e-5,9.45597363141606e-5
14.69,0.0127,1.6426491045299075e-7,9.455425163558748e-5,9.455425166020338e-5,9.45597363141606e-5
14.69,0.0127,2.698296080612907e-7,9.455197321731888e-5,9.455197324275478e-5,9.45597363141606e-5
14.69,0.0127,4.432353640575351e-7,9.4548748270232e-5,9.454874829641935e-5,9.45597363141606e-5
14.69,0.0127,7.280801738650976e-7,9.454418352396724e-5,9.454418354913632e-5,9.45597363141606e-5
14.69,0.0127,1.1959802456254818e-6,9.453772224230133e-5,9.453772227209926e-5,9.45597363141606e-5
14.69,0.0127,1.9645758795121526e-6,9.45285761903565e-5,9.452857621455865e-5,9.45597363141606e-5
14.69,0.0127,3.227108809261693e-6,9.451562917560006e-5,9.451562921169227e-5,9.45597363141606e-5
14.69,0.0127,5.301007395754297e-6,9.449730014345821e-5,9.449730016994042e-5,9.45597363141606e-5
14.69,0.0127,8.707695051742211e-6,9.44713485494968e-5,9.447134859335675e-5,9.45597363141606e-5
14.69,0.0127,1.4303687479263852e-5,9.443459695656309e-5,9.443459699759479e-5,9.45597363141606e-5
14.69,0.0127,2.3495939429288417e-5,9.438253407291808e-5,9.438253412023988e-5,9.45597363141606e-5
14.69,0.0127,3.8595583863609565e-5,9.430874324686633e-5,9.430874333078932e-5,9.45597363141606e-5
14.69,0.0127,6.33990012723672e-5,9.420407223907217e-5,9.420407227537749e-5,9.45597363141606e-5
14.69,0.0127,0.00010414231266814445,9.405541152445504e-5,9.405541170794795e-5,9.45597363141606e-5
14.69,0.0127,0.00017106927664800093,9.384386474533921e-5,9.384386477369021e-5,9.45597363141606e-5
14.69,0.0127,0.00028100679409841776,9.35419471965731e-5,9.354194758310227e-5,9.45597363141606e-5
14.69,0.0127,0.00046159555869258604,9.310918469590938e-5,9.31091848825125e-5,9.45597363141606e-5
14.69,0.0127,0.0007582395311413588,9.248502207981251e-5,9.248502280849765e-5,9.45597363141606e-5
14.69,0.0127,0.00124552148684853,9.157717960038588e-5,9.157718070904065e-5,9.45597363141606e-5
14.69,0.0127,0.002045954755044497,9.02424724900738e-5,9.024247345145318e-5,9.45597363141606e-5
14.69,0.0127,0.0033607857462825456,8.825601332473498e-5,8.825601798579915e-5,9.45597363141606e-5
14.69,0.0127,0.005520591696647901,8.526555093807435e-5,8.526555119339486e-5,9.45597363141606e-5
14.69,0.0127,0.009068395006973916,8.073655195348444e-5,8.073656535231765e-5,9.45597363141606e-5
14.69,0.0127,0.01489619093772919,7.39250497219643e-5,7.392505160287149e-5,9.45597363141606e-5
14.69,0.0127,0.024469214704767362,6.399060746013452e-5,6.399062845665748e-5,9.45597363141606e-5
14.69,0.0127,0.04019433362333615,5.046575453871934e-5,5.0465766105531016e-5,9.45597363141606e-5
14.69,0.0127,0.06602518613354949,3.4225240640204003e-5,3.422525018295866e-5,9.45597363141606e-5
14.69,0.0127,0.1084562128786955,1.833693621303259e-5,1.833694315657053e-5,9.45597363141606e-5
14.69,0.0127,0.17815550096589414,6.925057097386382e-6,6.925056779741231e-6,9.45597363141606e-5
14.69,0.0127,0.292646974128703,1.6113378275034751e-6,1.6113364450851881e-6,9.45597363141606e-5
14.69,0.0127,0.480716289995901,2.0290576988549948e-7,2.0290576701794067e-7,9.45597363141606e-5
14.69,0.0127,0.789648183294706,1.26903463780272e-8,1.2690321156783358e-8,9.45597363141606e-5
14.69,0.0127,1.297114881182717,3.9063609796085013e-10,3.906358796072299e-10,9.45597363141606e-5
14.69,0.0127,2.1307045980472066,6.3486020465539125e-12,6.3485279545286485e-12,9.45597363141606e-5
14.69,0.0127,3.5000000000000004,5.4733280140780206e-14,5.473074009762703e-14,9.45597363141606e-5
14.69,0.0127,3.8,1.8576856595960435e-14,1.857735248559924e-14,9.45597363141606e-5
14.69,0.0127,3.98,4.209998252876791e-15,4.210014215706454e-15,9.45597363141606e-5
14.69,0.0127,3.9998,4.0656799841166306e-16,4.0656771566189747e-16,9.45597363141606e-5
14.69,0.047,1.0000000000000001e-7,8.38281908006818e-5,8.382819116326855e-5,8.38316190646983e-5
14.69,0.047,1.6426491045299075e-7,8.382676665882823e-5,8.382676702050613e-5,8.38316190646983e-5
14.69,0.047,2.698296080612907e-7,8.382475089637728e-5,8.382475125979546e-5,8.38316190646983e-5
14.69,0.047,4.432353640575351e-7,8.382189772110249e-5,8.382189808341958e-5,8.38316190646983e-5
14.69,0.047,7.280801738650976e-7,8.381785919924288e-5,8.381785956344314e-5,8.38316190646983e-5
14.69,0.047,1.1959802456254818e-6,8.381214277610645e-5,8.381214314100436e-5,8.38316190646983e-5
14.69,0.047,1.9645758795121526e-6,8.380405108689066e-5,8.38040514508461e-5,8.38316190646983e-5
14.69,0.047,3.227108809261693e-6,8.379259661929168e-5,8.379259699053428e-5,8.38316190646983e-5
14.69,0.047,5.301007395754297e-6,8.377638059559845e-5,8.377638095753976e-5,8.38316190646983e-5
14.69,0.047,8.707695051742211e-6,8.375342079095684e-5,8.375342117401755e-5,8.38316190646983e-5
14.69,0.047,1.4303687479263852e-5,8.372090613065208e-5,8.37209064945887e-5,8.38316190646983e-5
14.69,0.047,2.3495939429288417e-5,8.367484553724429e-5,8.3674845936711e-5,8.38316190646983e-5
14.69,0.047,3.8595583863609565e-5,8.360956241295667e-5,8.360956280028545e-5,8.38316190646983e-5
14.69,0.047,6.33990012723672e-5,8.351696034976197e-5,8.351696076154655e-5,8.38316190646983e-5
14.69,0.047,0.00010414231266814445,8.338544276329093e-5,8.338544323130688e-5,8.38316190646983e-5
14.69,0.047,0.00017106927664800093,8.319829530404546e-5,8.319829570208987e-5,8.38316190646983e-5
14.69,0.047,0.00028100679409841776,8.293120946433177e-5,8.293121015520519e-5,8.38316190646983e-5
14.69,0.047,0.00046159555869258604,8.254839311362243e-5,8.254839347683131e-5,8.38316190646983e-5
14.69,0.047,0.0007582395311413588,8.19963045890541e-5,8.19963058381028e-5,8.38316190646983e-5
14.69,0.047,0.00124552148684853,8.119336516603857e-5,8.119336583493345e-5,8.38316190646983e-5
14.69,0.047,0.002045954755044497,8.001300904414619e-5,8.001301141675339e-5,8.38316190646983e-5
14.69,0.047,0.0033607857462825456,7.82564493899199e-5,7.825645227993156e-5,8.38316190646983e-5
14.69,0.047,0.005520591696647901,7.561223913630049e-5,7.561224247215319e-5,8.38316190646983e-5
14.69,0.047,0.009068395006973916,7.160743902022498e-5,7.160744981552343e-5,8.38316190646983e-5
14.69,0.047,0.01489619093772919,6.558282311189876e-5,6.558282468931785e-5,8.38316190646983e-5
14.69,0.047,0.024469214704767362,5.6791121961671216e-5,5.679114473642e-5,8.38316190646983e-5
14.69,0.047,0.04019433362333615,4.481035208915545e-5,4.4810354003914886e-5,8.38316190646983e-5
14.69,0.047,0.06602518613354949,3.0403635219102992e-5,3.040365128966823e-5,8.38316190646983e-5
14.69,0.047,0.1084562128786955,1.6286408439891093e-5,1.628641187875591e-5,8.38316190646983e-5
14.69,0.047,0.17815550096589414,6.136110383769495e-6,6.136109928911417e-6,8.38316190646983e-5
14.69,0.047,0.292646974128703,1.4167039567862148e-6,1.4167031306008727e-6,8.38316190646983e-5
14.69,0.047,0.480716289995901,1.7511373720374034e-7,1.7511366577892013e-7,8.38316190646983e-5
14.69,0.047,0.789648183294706,1.0562213674019376e-8,1.0562191389715374e-8,8.38316190646983e-5
14.69,0.047,1.297114881182717,3.0618422092029546e-10,3.061842033534885e-10,8.38316190646983e-5
14.69,0.047,2.1307045980472066,4.564015205278148e-12,4.563947947852684e-12,8.38316190646983e-5
14.69,0.047,3.5000000000000004,3.537693793063263e-14,3.5376128495143806e-14,8.38316190646983e-5
14.69,0.047,3.8,1.1811781637024147e-14,1.1811767086357004e-14,8.38316190646983e-5
14.69,0.047,3.98,2.6545252884266905e-15,2.654451171482736e-15,8.38316190646983e-5
14.69,0.047,3.9998,2.561344345718768e-16,2.5612721977558543e-16,8.38316190646983e-5
14.69,0.173,1.0000000000000001e-7,5.6572472471291853e-5,5.657247238490864e-5,5.6574769115829026e-5
14.69,0.173,1.6426491045299075e-7,5.6571518417886017e-5,5.657151833194787e-5,5.6574769115829026e-5
14.69,0.173,2.698296080612907e-7,5.657016802945753e-5,5.65701679429219e-5,5.6574769115829026e-5
14.69,0.173,4.432353640575351e-7,5.656825664663342e-5,5.656825656172318e-5,5.6574769115829026e-5
14.69,0.173,7.280801738650976e-7,5.656555118453294e-5,5.656555109791119e-5,5.6574769115829026e-5
14.69,0.173,1.1959802456254818e-6,5.65617216759902e-5,5.6561721592629415e-5,5.6574769115829026e-5
14.69,0.173,1.9645758795121526e-6,5.655630095175816e-5,5.655630086648125e-5,5.6574769115829026e-5
14.69,0.173,3.227108809261693e-6,5.654862747588887e-5,5.6548627393930693e-5,5.6574769115829026e-5
14.69,0.173,5.301007395754297e-6,5.6537764216504394e-5,5.653776413635108e-5,5.6574769115829026e-5
14.69,0.173,8.707695051742211e-6,5.6522383320062715e-5,5.652238323753076e-5,5.6574769115829026e-5
14.69,0.173,1.4303687479263852e-5,5.6500601760465775e-5,5.6500601692827863e-5,5.6574769115829026e-5
14.69,0.173,2.3495939429288417e-5,5.6469746203793415e-5,5.646974611759011e-5,5.6574769115829026e-5
14.69,0.173,3.8595583863609565e-5,5.642601459201973e-5,5.642601454836425e-5,5.6574769115829026e-5
14.69,0.173,6.33990012723672e-5,5.6363984751463955e-5,5.636398467090457e-5,5.6574769115829026e-5
14.69,0.173,0.00010414231266814445,5.6275891763120635e-5,5.627589175609271e-5,5.6574769115829026e-5
14.69,0.173,0.00017106927664800093,5.615054669851159e-5,5.615054667321839e-5,5.6574769115829026e-5
14.69,0.173,0.00028100679409841776,5.5971682572859227e-5,5.59716826021526e-5,5.6574769115829026e-5
14.69,0.173,0.00046159555869258604,5.571535855487058e-5,5.5715358748674896e-5,5.6574769115829026e-5
14.69,0.173,0.0007582395311413588,5.534578086347546e-5,5.534578086913798e-5,5.6574769115829026e-5
14.69,0.173,0.00124552148684853,5.4808442821853616e-5,5.480844373666091e-5,5.6574769115829026e-5
14.69,0.173,0.002045954755044497,5.4018815010078364e-5,5.4018814925626014e-5,5.6574769115829026e-5
14.69,0.173,0.0033607857462825456,5.2844134805526345e-5,5.284413761666414e-5,5.6574769115829026e-5
14.69,0.173,0.005520591696647901,5.1076229335312185e-5,5.1076230322600703e-5,5.6574769115829026e-5
14.69,0.173,0.009068395006973916,4.8398265272609915e-5,4.839827093725236e-5,5.6574769115829026e-5
14.69,0.173,0.01489619093772919,4.4366405713465985e-5,4.436641245985499e-5,5.6574769115829026e-5
14.69,0.173,0.024469214704767362,3.847174353553609e-5,3.8471748656555286e-5,5.6574769115829026e-5
14.69,0.173,0.04019433362333615,3.0412404199185176e-5,3.041241897384699e-5,5.6574769115829026e-5
14.69,0.173,0.06602518613354949,2.067400283094254e-5,2.0674003159903e-5,5.6574769115829026e-5
14.69,0.173,0.1084562128786955,1.107588845486766e-5,1.1075894771682169e-5,5.6574769115829026e-5
14.69,0.173,0.17815550096589414,4.145637992463604e-6,4.145638133938242e-6,5.6574769115829026e-5
14.69,0.173,0.292646974128703,9.345399587650222e-7,9.345393246381289e-7,5.6574769115829026e-5
14.69,0.173,0.480716289995901,1.0882613831335462e-7,1.088260694157316e-7,5.6574769115829026e-5
14.69,0.173,0.789648183294706,5.821623479250475e-9,5.821615945929281e-9,5.6574769115829026e-5
14.69,0.173,1.297114881182717,1.3766014122609272e-10,1.3765981747534403e-10,5.6574769115829026e-5
14.69,0.173,2.1307045980472066,1.5211122322374544e-12,1.5211047972428899e-12,5.6574769115829026e-5
14.69,0.173,3.5000000000000004,8.096391531577057e-15,8.095512677099395e-15,5.6574769115829026e-5
14.69,0.173,3.8,2.549438699144367e-15,2.549542208768104e-15,5.6574769115829026e-5
14.69,0.173,3.98,5.561171081136884e-16,5.561612789486565e-16,5.6574769115829026e-5
14.69,0.173,3.9998,5.349749342401898e-17,5.350152784380006e-17,5.6574769115829026e-5
14.69,0.61,1.0000000000000001e-7,2.2020680230048178e-5,2.202067994688156e-5,2.202155406139988e-5
14.69,0.61,1.6426491045299075e-7,2.202031723032469e-5,2.202031694718217e-5,2.202155406139988e-5
14.69,0.61,2.698296080612907e-7,2.201980343268961e-5,2.2019803149529474e-5,2.202155406139988e-5
14.69,0.61,4.432353640575351e-7,2.2019076187726047e-5,2.20190759049944e-5,2.202155406139988e-5
14.69,0.61,7.280801738650976e-7,2.201804681198687e-5,2.2018046528718376e-5,2.202155406139988e-5
14.69,0.61,1.1959802456254818e-6,2.20165897615286e-5,2.2016589479577205e-5,2.202155406139988e-5
14.69,0.61,1.9645758795121526e-6,2.2014527292839047e-5,2.2014527009663807e-5,2.202155406139988e-5
14.69,0.61,3.227108809261693e-6,2.201160771702009e-5,2.2011607436169364e-5,2.202155406139988e-5
14.69,0.61,5.301007395754297e-6,2.2007474541320638e-5,2.200747425949931e-5,2.202155406139988e-5
14.69,0.61,8.707695051742211e-6,2.2001622611804745e-5,2.200162233181353e-5,2.202155406139988e-5
14.69,0.61,1.4303687479263852e-5,2.1993335630364983e-5,2.199333535294997e-5,2.202155406139988e-5
14.69,0.61,2.3495939429288417e-5,2.1981596800781935e-5,2.1981596520129166e-5,2.202155406139988e-5
14.69,0.61,3.8595583863609565e-5,2.1964960313058323e-5,2.1964960045950753e-5,2.202155406139988e-5
14.69,0.61,6.33990012723672e-5,2.1941364916753575e-5,2.1941364634122205e-5,2.202155406139988e-5
14.69,0.61,0.00010414231266814445,2.1907860140249277e-5,2.190785989309745e-5,2.202155406139988e-5
14.69,0.61,0.00017106927664800093,2.186019737093576e-5,2.1860197097762865e-5,2.202155406139988e-5
14.69,0.61,0.00028100679409841776,2.1792205672347863e-5,2.1792205457494656e-5,2.202155406139988e-5
14.69,0.61,0.00046159555869258604,2.1694814467499296e-5,2.1694814256569156e-5,2.202155406139988e-5
14.69,0.61,0.0007582395311413588,2.1554483148655128e-5,2.1554482966448593e-5,2.202155406139988e-5
14.69,0.61,0.00124552148684853,2.1350625395587528e-5,2.13506254375866e-5,2.202155406139988e-5
14.69,0.61,0.002045954755044497,2.1051356804439895e-5,2.1051356586709944e-5,2.202155406139988e-5
14.69,0.61,0.0033607857462825456,2.060661171366726e-5,2.060661256730538e-5,2.202155406139988e-5
14.69,0.61,0.005520591696647901,1.9937738315606758e-5,1.9937738090796505e-5,2.202155406139988e-5
14.69,0.61,0.009068395006973916,1.8924341472455855e-5,1.8924344037102643e-5,2.202155406139988e-5
14.69,0.61,0.01489619093772919,1.739557263360517e-5,1.7395573749871176e-5,2.202155406139988e-5
14.69,0.61,0.024469214704767362,1.5149604446803346e-5,1.5149608124047214e-5,2.202155406139988e-5
14.69,0.61,0.04019433362333615,1.205144126000859e-5,1.2051445857640364e-5,2.202155406139988e-5
14.69,0.61,0.06602518613354949,8.256162843134673e-6,8.256164216249433e-6,2.202155406139988e-5
14.69,0.61,0.1084562128786955,4.448699012810661e-6,4.448702513521015e-6,2.202155406139988e-5
14.69,0.61,0.17815550096589414,1.6533263573860405e-6,1.6533263035129334e-6,2.202155406139988e-5
14.69,0.61,0.292646974128703,3.559723817902646e-7,3.5597230469945707e-7,2.202155406139988e-5
14.69,0.61,0.480716289995901,3.623356718977154e-8,3.623356152579251e-8,2.202155406139988e-5
14.69,0.61,0.789648183294706,1.4381339254051496e-9,1.4381305587719843e-9,2.202155406139988e-5
14.69,0.61,1.297114881182717,1.9683393534416818e-11,1.9683355679035852e-11,2.202155406139988e-5
14.69,0.61,2.1307045980472066,9.238354832618821e-14,9.238245811967554e-14,2.202155406139988e-5
14.69,0.61,3.5000000000000004,1.5680216261126475e-16,1.5675512900033786e-16,2.202155406139988e-5
14.69,0.61,3.8,4.105288798533273e-17,4.1056902898162916e-17,2.202155406139988e-5
14.69,0.61,3.98,8.158187614704892e-18,8.158411763165936e-18,2.202155406139988e-5
14.69,0.61,3.9998,7.774802884430607e-19,7.774866730551019e-19,2.202155406139988e-5
14.69,1.73,1.0000000000000001e-7,6.910982252875929e-6,6.91098229012139e-6,6.911244813043334e-6
14.69,1.73,1.6426491045299075e-7,6.910873182414908e-6,6.910873219706154e-6,6.911244813043334e-6
14.69,1.73,2.698296080612907e-7,6.910718801852458e-6,6.91071883916886e-6,6.911244813043334e-6
14.69,1.73,4.432353640575351e-7,6.9105002871357955e-6,6.910500324416209e-6,6.911244813043334e-6
14.69,1.73,7.280801738650976e-7,6.910190992060998e-6,6.910191029546456e-6,6.911244813043334e-6
14.69,1.73,1.1959802456254818e-6,6.909753195630272e-6,6.909753232856093e-6,6.911244813043334e-6
14.69,1.73,1.9645758795121526e-6,6.909133494005009e-6,6.9091335317935405e-6,6.911244813043334e-6
14.69,1.73,3.227108809261693e-6,6.908256268560301e-6,6.908256305855197e-6,6.911244813043334e-6
14.69,1.73,5.301007395754297e-6,6.907014418439385e-6,6.9070144566137965e-6,6.911244813043334e-6
14.69,1.73,8.707695051742211e-6,6.905256193160303e-6,6.9052562310773205e-6,6.911244813043334e-6
14.69,1.73,1.4303687479263852e-5,6.902766441839469e-6,6.9027664802061074e-6,6.911244813043334e-6
14.69,1.73,2.3495939429288417e-5,6.899239817621254e-6,6.899239857440401e-6,6.911244813043334e-6
14.69,1.73,3.8595583863609565e-5,6.8942422794958435e-6,6.8942423173340165e-6,6.911244813043334e-6
14.69,1.73,6.33990012723672e-5,6.887155333986618e-6,6.8871553781416066e-6,6.911244813043334e-6
14.69,1.73,0.00010414231266814445,6.877094331417432e-6,6.87709436850837e-6,6.911244813043334e-6
14.69,1.73,0.00017106927664800093,6.8627867929831885e-6,6.862786845466296e-6,6.911244813043334e-6
14.69,1.73,0.00028100679409841776,6.842387360830823e-6,6.842387403290168e-6,6.911244813043334e-6
14.69,1.73,0.00046159555869258604,6.813189204669662e-6,6.813189270368231e-6,6.911244813043334e-6
14.69,1.73,0.0007582395311413588,6.771161953314705e-6,6.771162028320993e-6,6.911244813043334e-6
14.69,1.73,0.00124552148684853,6.710195340266743e-6,6.710195416125072e-6,6.911244813043334e-6
14.69,1.73,0.002045954755044497,6.620848914901041e-6,6.620849120914703e-6,6.911244813043334e-6
14.69,1.73,0.0033607857462825456,6.488313925001931e-6,6.488313974219545e-6,6.911244813043334e-6
14.69,1.73,0.005520591696647901,6.289276319890323e-6,6.289276918861349e-6,6.911244813043334e-6
14.69,1.73,0.009068395006973916,5.9877639009377e-6,5.987763987744094e-6,6.911244813043334e-6
14.69,1.73,0.01489619093772919,5.5317630689727974e-6,5.5317643506450975e-6,6.911244813043334e-6
14.69,1.73,0.024469214704767362,4.8570901523020455e-6,4.857090925287244e-6,6.911244813043334e-6
14.69,1.73,0.04019433362333615,3.9134908303630145e-6,3.913492222968279e-6,6.911244813043334e-6
14.69,1.73,0.06602518613354949,2.730979641594287e-6,2.730981485381655e-6,6.911244813043334e-6
14.69,1.73,0.1084562128786955,1.505223541400864e-6,1.5052238618495457e-6,6.911244813043334e-6
14.69,1.73,0.17815550096589414,5.690985026713709e-7,5.690992440979988e-7,6.911244813043334e-6
14.69,1.73,0.292646974128703,1.203799982121641e-7,1.2037999808456535e-7,6.911244813043334e-6
14.69,1.73,0.480716289995901,1.085583796932862e-8,1.0855835012847273e-8,6.911244813043334e-6
14.69,1.73,0.789648183294706,3.029983829738367e-10,3.0299827566320633e-10,6.911244813043334e-6
14.69,1.73,1.297114881182717,1.9212470383838793e-12,1.9212384372498226e-12,6.911244813043334e-6
14.69,1.73,2.1307045980472066,2.2527144200228993e-15,2.25268425373468e-15,6.911244813043334e-6
14.69,1.73,3.5000000000000004,4.651767726873696e-19,4.646935571858798e-19,6.911244813043334e-6
14.69,1.73,3.8,8.41295679686395e-20,8.394670130701072e-20,6.911244813043334e-6
14.69,1.73,3.98,1.389457585622931e-20,1.390802550129863e-20,6.911244813043334e-6
14.69,1.73,3.9998,1.3001550616065233e-21,1.3020125074375105e-21,6.911244813043334e-6
14.69,4.71,1.0000000000000001e-7,1.977088549694048e-6,1.9770753524331875e-6,1.9771587169620563e-6
14.69,4.71,1.6426491045299075e-7,1.9770594014489305e-6,1.97704620454498e-6,1.9771587169620563e-6
14.69,4.71,2.698296080612907e-7,1.977018144467046e-6,1.97700494806601e-6,1.9771587169620563e-6
14.69,4.71,4.432353640575351e-7,1.976959748234676e-6,1.9769465525158913e-6,1.9771587169620563e-6
14.69,4.71,7.280801738650976e-7,1.976877091926643e-6,1.9768638972546074e-6,1.9771587169620563e-6
14.69,4.71,1.1959802456254818e-6,1.97676009529327e-6,1.976746901944837e-6,1.9771587169620563e-6
14.69,4.71,1.9645758795121526e-6,1.976594487495905e-6,1.9765812962746443e-6,1.9771587169620563e-6
14.69,4.71,3.227108809261693e-6,1.9763600621832573e-6,1.976346873640154e-6,1.9771587169620563e-6
14.69,4.71,5.301007395754297e-6,1.976028202408058e-6,1.976015018037523e-6,1.9771587169620563e-6
14.69,4.71,8.707695051742211e-6,1.9755583653073326e-6,1.9755451865186203e-6,1.9771587169620563e-6
14.69,4.71,1.4303687479263852e-5,1.9748930791535886e-6,1.9748799083614767e-6,1.9771587169620563e-6
14.69,4.71,2.3495939429288417e-5,1.9739508005218734e-6,1.973937641450087e-6,1.9771587169620563e-6
14.69,4.71,3.8595583863609565e-5,1.972615666232773e-6,1.97260252248013e-6,1.9771587169620563e-6
14.69,4.71,6.33990012723672e-5,1.970722681331826e-6,1.9707095619586358e-6,1.9771587169620563e-6
14.69,4.71,0.00010414231266814445,1.968036078557096e-6,1.968022989463869e-6,1.9771587169620563e-6
14.69,4.71,0.00017106927664800093,1.964217219577943e-6,1.9642041800940263e-6,1.9771587169620563e-6
14.69,4.71,0.00028100679409841776,1.9587760210973113e-6,1.9587630447211e-6,1.9771587169620563e-6
14.69,4.71,0.00046159555869258604,1.9509956314590063e-6,1.9509827537154253e-6,1.9771587169620563e-6
14.69,4.71,0.0007582395311413588,1.939812487729009e-6,1.9397997489665992e-6,1.9771587169620563e-6
14.69,4.71,0.00124552148684853,1.923620719011181e-6,1.923608174168713e-6,1.9771587169620563e-6
14.69,4.71,0.002045954755044497,1.8999487901685957e-6,1.8999365715587565e-6,1.9771587169620563e-6
14.69,4.71,0.0033607857462825456,1.8649286697205602e-6,1.8649168381257596e-6,1.9771587169620563e-6
14.69,4.71,0.005520591696647901,1.8124623421688334e-6,1.812451305520803e-6,1.9771587169620563e-6
14.69,4.71,0.009068395006973916,1.7330616326707712e-6,1.733051457787006e-6,1.9771587169620563e-6
14.69,4.71,0.01489619093772919,1.6127095435255448e-6,1.61270114475832e-6,1.9771587169620563e-6
14.69,4.71,0.024469214704767362,1.4332174479518261e-6,1.4332110914916615e-6,1.9771587169620563e-6
14.69,4.71,0.04019433362333615,1.177869498261133e-6,1.177866046936216e-6,1.9771587169620563e-6
14.69,4.71,0.06602518613354949,8.480898530442481e-7,8.480896837425705e-7,1.9771587169620563e-6
14.69,4.71,0.1084562128786955,4.896285137745973e-7,4.896299947965524e-7,1.9771587169620563e-6
14.69,4.71,0.17815550096589414,1.9676789720293165e-7,1.9677003453992254e-7,1.9771587169620563e-6
14.69,4.71,0.292646974128703,4.423288328923269e-8,4.423369747806118e-8,1.9771587169620563e-6
14.69,4.71,0.480716289995901,4.022668097944643e-9,4.022806088066813e-9,1.9771587169620563e-6
14.69,4.71,0.789648183294706,9.427703262418257e-11,9.42818175595006e-11,1.9771587169620563e-6
14.69,4.71,1.297114881182717,3.222383535995686e-13,3.222599648342254e-13,1.9771587169620563e-6
14.69,4.71,2.1307045980472066,8.679516091820246e-17,8.679625962616527e-17,1.9771587169620563e-6
14.69,4.71,3.5000000000000004,1.0958314534344298e-21,1.0903541334799876e-21,1.9771587169620563e-6
14.69,4.71,3.8,1.1246951410344895e-22,1.1113733965487605e-22,1.9771587169620563e-6
14.69,4.71,3.98,1.3971940413196468e-23,1.4029901449190653e-23,1.9771587169620563e-6
14.69,4.71,3.9998,1.2719019838803335e-24,1.2802564146655154e-24,1.9771587169620563e-6
15.19,0.00113,1.0000000000000001e-7,0.0002833810355593053,0.00028338105676416225,0.0002833978667089718
15.19,0.00113,1.6426491045299075e-7,0.00028337404363971123,0.00028337406491533914,0.0002833978667089718
15.19,0.00113,2.698296080612907e-7,0.0002833641470422314,0.0002833641684110359,0.0002833978667089718
15.19,0.00113,4.432353640575351e-7,0.00028335013890099024,0.0002833501604177227,0.0002833978667089718
15.19,0.00113,7.280801738650976e-7,0.0002833303106938261,0.0002833303323915729,0.0002833978667089718
15.19,0.00113,1.1959802456254818e-6,0.0002833022434412376,0.0002833022654382969,0.0002833978667089718
15.19,0.00113,1.9645758795121526e-6,0.0002832625116402466,0.00028326253400818874,0.0002833978667089718
15.19,0.00113,3.227108809261693e-6,0.0002832062630087945,0.00028320628595782934,0.0002833978667089718
15.19,0.00113,5.301007395754297e-6,0.0002831266209277492,0.00028312664466117077,0.0002833978667089718
15.19,0.00113,8.707695051742211e-6,0.00028301383250087676,0.0002830138573380693,0.0002833978667089718
15.19,0.00113,1.4303687479263852e-5,0.0002828540489047419,0.00028285407541184135,0.0002833978667089718
15.19,0.00113,2.3495939429288417e-5,0.00028262756831861025,0.00028262759694345244,0.0002833978667089718
15.19,0.00113,3.8595583863609565e-5,0.0002823062810111643,0.00028230631315914783,0.0002833978667089718
15.19,0.00113,6.33990012723672e-5,0.00028184990478837837,0.0002818499412352795,0.0002833978667089718
15.19,0.00113,0.00010414231266814445,0.0002812003377230145,0.000281200381487789,0.0002833978667089718
15.19,0.00113,0.00017106927664800093,0.0002802729929345595,0.00028027304619162566,0.0002833978667089718
15.19,0.00113,0.00028100679409841776,0.0002789431564255694,0.0002789432248993646,0.0002833978667089718
15.19,0.00113,0.00046159555869258604,0.0002770239666308415,0.00027702405809748435,0.0002833978667089718
15.19,0.00113,0.0007582395311413588,0.00027423023441449864,0.0002742303586098826,0.0002833978667089718
15.19,0.00113,0.00124552148684853,0.00027011892939182486,0.0002701191142609031,0.0002833978667089718
15.19,0.00113,0.002045954755044497,0.00026399411479145155,0.0002639943753132832,0.0002833978667089718
15.19,0.00113,0.0033607857462825456,0.0002547677827967155,0.00025476820310293144,0.0002833978667089718
15.19,0.00113,0.005520591696647901,0.00024079816603023526,0.00024079877418318942,0.0002833978667089718
15.19,0.00113,0.009068395006973916,0.0002198291770979915,0.00021983012300456255,0.0002833978667089718
15.19,0.00113,0.01489619093772919,0.00018938923859957856,0.00018939054988350833,0.0002833978667089718
15.19,0.00113,0.024469214704767362,0.00014830048811124706,0.00014830213304967753,0.0002833978667089718
15.19,0.00113,0.04019433362333615,9.961268667028867e-5,9.961443992484495e-5,0.0002833978667089718
15.19,0.00113,0.06602518613354949,5.2821905891066535e-5,5.2823273705626664e-5,0.0002833978667089718
15.19,0.00113,0.1084562128786955,1.9856026567354752e-5,1.985675257741496e-5,0.0002833978667089718
15.19,0.00113,0.17815550096589414,4.692622450450933e-6,4.692850234074634e-6,0.0002833978667089718
15.19,0.00113,0.292646974128703,6.277674387197212e-7,6.278034524822331e-7,0.0002833978667089718
15.19,0.00113,0.480716289995901,4.49984401934312e-8,4.5001342645197275e-8,0.0002833978667089718
15.19,0.00113,0.789648183294706,1.7578823174938242e-9,1.7579978447394258e-9,0.0002833978667089718
15.19,0.00113,1.297114881182717,4.058618327311356e-11,4.05886896424282e-11,0.0002833978667089718
15.19,0.00113,2.1307045980472066,6.201252207836603e-13,6.2015409874619e-13,0.0002833978667089718
15.19,0.00113,3.5000000000000004,6.173282655581474e-15,6.1730708848367024e-15,0.0002833978667089718
15.19,0.00113,3.8,2.167469137743155e-15,2.167482936725207e-15,0.0002833978667089718
15.19,0.00113,3.98,5.002885076172554e-16,5.002963558622291e-16,0.0002833978667089718
15.19,0.00113,3.9998,4.840603324332799e-17,4.840664036137668e-17,0.0002833978667089718
15.19,0.0037,1.0000000000000001e-7,0.0002807235132684358,0.00028072351346631697,0.00028074018423083515
15.19,0.0037,1.6426491045299075e-7,0.0002807165878931604,0.00028071658808710427,0.00028074018423083515
15.19,0.0037,2.698296080612907e-7,0.00028070678548481075,0.00028070678568619084,0.00028074018423083515
15.19,0.0037,4.432353640575351e-7,0.00028069291066375667,0.0002806929108626135,0.00028074018423083515
15.19,0.0037,7.280801738650976e-7,0.0002806732711686712,0.00028067327137246346,0.00028074018423083515
15.19,0.0037,1.1959802456254818e-6,0.0002806454710429232,0.0002806454712566759,0.00028074018423083515
15.19,0.0037,1.9645758795121526e-6,0.00028060611738669984,0.0002806061175878364,0.00028074018423083515
15.19,0.0037,3.227108809261693e-6,0.0002805504041022548,0.0002805504043484095,0.00028074018423083515
15.19,0.0037,5.301007395754297e-6,0.00028047152002565586,0.00028047152022214826,0.00028074018423083515
15.19,0.0037,8.707695051742211e-6,0.0002803598051007662,0.00028035980540179055,0.00028074018423083515
15.19,0.0037,1.4303687479263852e-5,0.0002802015423499345,0.0002802015425799171,0.00028074018423083515
15.19,0.0037,2.3495939429288417e-5,0.0002799772175552136,0.00027997721792374285,0.00028074018423083515
15.19,0.0037,3.8595583863609565e-5,0.00027965898872375387,0.0002796589891128845,0.00028074018423083515
15.19,0.0037,6.33990012723672e-5,0.00027920695749921354,0.0002792069579012575,0.00028074018423083515
15.19,0.0037,0.00010414231266814445,0.00027856357592323137,0.0002785635767975376,0.00028074018423083515
15.19,0.0037,0.00017106927664800093,0.0002776450642704706,0.00027764506458905955,0.00028074018423083515
15.19,0.0037,0.00028100679409841776,0.0002763278998772627,0.00027632790205666687,0.00028074018423083515
15.19,0.0037,0.00046159555869258604,0.0002744270084109726,0.0002744270088734818,0.00028074018423083515
15.19,0.0037,0.0007582395311413588,0.0002716599317802216,0.00027165993708048476,0.00028074018423083515
15.19,0.0037,0.00124552148684853,0.0002675878855957508,0.0002675878892100977,0.00028074018423083515
15.19,0.0037,0.002045954755044497,0.00026152160100812447,0.0002615216114327407,0.00028074018423083515
15.19,0.0037,0.0033607857462825456,0.00025238346967048616,0.0002523834888643391,0.00028074018423083515
15.19,0.0037,0.005520591696647901,0.0002385473206020957,0.00023854733179649214,0.00028074018423083515
15.19,0.0037,0.009068395006973916,0.0002177782173733337,0.000217778274719874,0.00028074018423083515
15.19,0.0037,0.01489619093772919,0.00018762704327887866,0.00018762704671839526,0.00028074018423083515
15.19,0.0037,0.024469214704767362,0.0001469249121114979,0.00014692498533425816,0.00028074018423083515
15.19,0.0037,0.04019433362333615,9.869006961707334e-5,9.869008104438762e-5,0.00028074018423083515
15.19,0.0037,0.06602518613354949,5.232947376068735e-5,5.2329484533517136e-5,0.00028074018423083515
15.19,0.0037,0.1084562128786955,1.9665497111546225e-5,1.9665495557986823e-5,0.00028074018423083515
15.19,0.0037,0.17815550096589414,4.644067370277393e-6,4.644065034007409e-6,0.00028074018423083515
15.19,0.0037,0.292646974128703,6.202469007387129e-7,6.2024606679409e-7,0.00028074018423083515
15.19,0.0037,0.480716289995901,4.4325980812525026e-8,4.4325974337659435e-8,0.00028074018423083515
15.19,0.0037,0.789648183294706,1.723497789860199e-9,1.7234958840166893e-9,0.00028074018423083515
15.19,0.0037,1.297114881182717,3.9535938379339104e-11,3.9535936248438165e-11,0.00028074018423083515
15.19,0.0037,2.1307045980472066,5.992462819125621e-13,5.992387018661851e-13,0.00028074018423083515
15.19,0.0037,3.5000000000000004,5.913048371382726e-15,5.912917582017199e-15,0.00028074018423083515
15.19,0.0037,3.8,2.073420861514428e-15,2.073461658657506e-15,0.00028074018423083515
15.19,0.0037,3.98,4.782661719732099e-16,4.782649233670562e-16,0.00028074018423083515
15.19,0.0037,3.9998,4.6272138542210963e-17,4.627189407070816e-17,0.00028074018423083515
15.19,0.0127,1.0000000000000001e-7,0.00027169097880683045,0.0002716909788784605,0.0002717071054230528
15.19,0.0127,1.6426491045299075e-7,0.0002716842795615442,0.00027168427963924146,0.0002717071054230528
15.19,0.0127,2.698296080612907e-7,0.0002716747972253974,0.00027167479729763537,0.0002717071054230528
15.19,0.0127,4.432353640575351e-7,0.00027166137545115294,0.00027166137553333796,0.0002717071054230528
15.19,0.0127,7.280801738650976e-7,0.00027164237723481023,0.00027164237731349723,0.0002717071054230528
15.19,0.0127,1.1959802456254818e-6,0.0002716154848556957,0.00027161548494056937,0.0002717071054230528
15.19,0.0127,1.9645758795121526e-6,0.00027157741620552215,0.00027157741630401373,0.0002717071054230528
15.19,0.0127,3.227108809261693e-6,0.00027152352212920247,0.0002715235222092935,0.0002717071054230528
15.19,0.0127,5.301007395754297e-6,0.000271447213891229,0.0002714472140329699,0.0002717071054230528
15.19,0.0127,8.707695051742211e-6,0.00027133914692218834,0.00027133914699406313,0.0002717071054230528
15.19,0.0127,1.4303687479263852e-5,0.0002711860522782207,0.00027118605249352117,0.0002717071054230528
15.19,0.0127,2.3495939429288417e-5,0.0002709690532444686,0.0002709690533598321,0.0002717071054230528
15.19,0.0127,3.8595583863609565e-5,0.0002706612176397082,0.0002706612179461305,0.0002717071054230528
15.19,0.0127,6.33990012723672e-5,0.0002702239514298678,0.0002702239517675161,0.0002717071054230528
15.19,0.0127,0.00010414231266814445,0.0002696015890819997,0.0002696015894291257,0.0002717071054230528
15.19,0.0127,0.00017106927664800093,0.00026871309359890577,0.00026871309466089134,0.0002717071054230528
15.19,0.0127,0.00028100679409841776,0.0002674389904115731,0.00026743899059841785,0.0002717071054230528
15.19,0.0127,0.00046159555869258604,0.00026560027798129776,0.000265600281121023,0.0002717071054230528
15.19,0.0127,0.0007582395311413588,0.0002629237777715938,0.0002629237780858628,0.0002717071054230528
15.19,0.0127,0.00124552148684853,0.00025898513229258367,0.0002589851404325098,0.0002717071054230528
15.19,0.0127,0.002045954755044497,0.0002531177290016184,0.0002531177341922535,0.0002717071054230528
15.19,0.0127,0.0033607857462825456,0.00024427929687425583,0.0002442793120557741,0.0002717071054230528
15.19,0.0127,0.005520591696647901,0.0002308966682365578,0.00023089669582866624,0.0002717071054230528
15.19,0.0127,0.009068395006973916,0.00021080680601215685,0.00021080681846690893,0.0002717071054230528
15.19,0.0127,0.01489619093772919,0.00018163699159933204,0.00018163705825951696,0.0002717071054230528
15.19,0.0127,0.024469214704767362,0.00014224897948280038,0.00014224897986054197,0.0002717071054230528
15.19,0.0127,0.04019433362333615,9.555403954244187e-5,9.555408654437685e-5,0.0002717071054230528
15.19,0.0127,0.06602518613354949,5.0656142660709544e-5,5.065614668656313e-5,0.0002717071054230528
15.19,0.0127,0.1084562128786955,1.90185924577413e-5,1.9018587982423543e-5,0.0002717071054230528
15.19,0.0127,0.17815550096589414,4.479517515941575e-6,4.479515375360645e-6,0.0002717071054230528
15.19,0.0127,0.292646974128703,5.948526347590779e-7,5.948522613262276e-7,0.0002717071054230528
15.19,0.0127,0.480716289995901,4.2069368703653016e-8,4.206931480404753e-8,0.0002717071054230528
15.19,0.0127,0.789648183294706,1.6092112881287899e-9,1.6092111688940816e-9,0.0002717071054230528
15.19,0.0127,1.297114881182717,3.6091369153100795e-11,3.609130180871632e-11,0.0002717071054230528
15.19,0.0127,2.1307045980472066,5.319094257191201e-13,5.319095272070421e-13,0.0002717071054230528
15.19,0.0127,3.5000000000000004,5.089230333805498e-15,5.089118023332248e-15,0.0002717071054230528
15.19,0.0127,3.8,1.776506687902176e-15,1.776492982522453e-15,0.0002717071054230528
15.19,0.0127,3.98,4.088378494413365e-16,4.08860909657794e-16,0.0002717071054230528
15.19,0.0127,3.9998,3.9545713230658635e-17,3.95481326325401e-17,0.0002717071054230528
15.19,0.047,1.0000000000000001e-7,0.0002408203777200356,0.0002408203787636919,0.00024083464526297957
15.19,0.047,1.6426491045299075e-7,0.00024081445076307409,0.0002408144518098783,0.00024083464526297957
15.19,0.047,2.698296080612907e-7,0.00024080606155045913,0.00024080606259307781,0.00024083464526297957
15.19,0.047,4.432353640575351e-7,0.00024079418703987319,0.00024079418809289644,0.00024083464526297957
15.19,0.047,7.280801738650976e-7,0.0002407773789441499,0.000240777379986742,0.00024083464526297957
15.19,0.047,1.1959802456254818e-6,0.00024075358673669289,0.0002407535877986522,0.00024083464526297957
15.19,0.047,1.9645758795121526e-6,0.00024071990668767486,0.000240719907739742,0.00024083464526297957
15.19,0.047,3.227108809261693e-6,0.00024067222563606006,0.00024067222670509585,0.00024083464526297957
15.19,0.047,5.301007395754297e-6,0.0002406047144863225,0.00024060471557169486,0.00024083464526297957
15.19,0.047,8.707695051742211e-6,0.00024050910611713805,0.00024050910718023498,0.00024083464526297957
15.19,0.047,1.4303687479263852e-5,0.00024037366169411066,0.00024037366285890782,0.00024083464526297957
15.19,0.047,2.3495939429288417e-5,0.00024018168165343634,0.00024018168269493366,0.00024083464526297957
15.19,0.047,3.8595583863609565e-5,0.00023990934087258136,0.00023990934218989622,0.00024083464526297957
15.19,0.047,6.33990012723672e-5,0.00023952249952642886,0.0002395225006223424,0.00024083464526297957
15.19,0.047,0.00010414231266814445,0.00023897192022921462,0.00023897192178668855,0.00024083464526297957
15.19,0.047,0.00017106927664800093,0.00023818593139083801,0.00023818593291006343,0.00024083464526297957
15.19,0.047,0.00028100679409841776,0.00023705888021568916,0.00023705888201900892,0.00024083464526297957
15.19,0.047,0.00046159555869258604,0.00023543249837090557,0.00023543250161219638,0.00024083464526297957
15.19,0.047,0.0007582395311413588,0.00023306528636189,0.00023306528797373312,0.00024083464526297957
15.19,0.047,0.00124552148684853,0.00022958213598754413,0.0002295821448979157,0.00024083464526297957
15.19,0.047,0.002045954755044497,0.00022439378004457736,0.00022439378143920916,0.00024083464526297957
15.19,0.047,0.0033607857462825456,0.0002165786076955434,0.000216578629882431,0.00024083464526297957
15.19,0.047,0.005520591696647901,0.00020474451661480262,0.00020474452731985562,0.00024083464526297957
15.19,0.047,0.009068395006973916,0.0001869743224075707,0.00018697435729982478,0.00024083464526297957
15.19,0.047,0.01489619093772919,0.0001611571154945562,0.00016115715716552947,0.00024083464526297957
15.19,0.047,0.024469214704767362,0.00012626099812195385,0.00012626101698924052,0.00024083464526297957
15.19,0.047,0.04019433362333615,8.483338009149623e-5,8.483342285037008e-5,0.00024083464526297957
15.19,0.047,0.06602518613354949,4.494149638650988e-5,4.4941496380500684e-5,0.00024083464526297957
15.19,0.047,0.1084562128786955,1.6815784472551674e-5,1.681578077666947e-5,0.00024083464526297957
15.19,0.047,0.17815550096589414,3.922948792694902e-6,3.922948397643384e-6,0.00024083464526297957
15.19,0.047,0.292646974128703,5.10070469524917e-7,5.100697984004028e-7,0.00024083464526297957
15.19,0.047,0.480716289995901,3.4701548546403613e-8,3.4701522759787186e-8,0.00024083464526297957
15.19,0.047,0.789648183294706,1.2486922937644537e-9,1.2486916450344454e-9,0.00024083464526297957
15.19,0.047,1.297114881182717,2.5732503086491703e-11,2.5732468232105892e-11,0.00024083464526297957
15.19,0.047,2.1307045980472066,3.4119286087173265e-13,3.4119163093486566e-13,0.00024083464526297957
15.19,0.047,3.5000000000000004,2.904735505629788e-15,2.9046084441102627e-15,0.00024083464526297957
15.19,0.047,3.8,9.967353081030749e-16,9.96756788970465e-16,0.00024083464526297957
15.19,0.047,3.98,2.273956684352649e-16,2.2740912214587683e-16,0.00024083464526297957
15.19,0.047,3.9998,2.1975858664963187e-17,2.197713975101558e-17,0.00024083464526297957
15.19,0.173,1.0000000000000001e-7,0.0001624211895481336,0.00016242118930040453,0.0001624307475845901
15.19,0.173,1.6426491045299075e-7,0.00016241721899399683,0.000162417218748436,0.0001624307475845901
15.19,0.173,2.698296080612907e-7,0.00016241159894095437,0.00016241159869562587,0.0001624307475845901
15.19,0.173,4.432353640575351e-7,0.00016240364404116898,0.00016240364379562132,0.0001624307475845901
15.19,0.173,7.280801738650976e-7,0.00016239238407332165,0.0001623923838341682,0.0001624307475845901
15.19,0.173,1.1959802456254818e-6,0.0001623764453769068,0.00016237644512941837,0.0001624307475845901
15.19,0.173,1.9645758795121526e-6,0.00016235388274058815,0.000162353882513292,0.0001624307475845901
15.19,0.173,3.227108809261693e-6,0.00016232194078867092,0.00016232194054185305,0.0001624307475845901
15.19,0.173,5.301007395754297e-6,0.0001622767147322645,0.00016227671452189693,0.0001624307475845901
15.19,0.173,8.707695051742211e-6,0.0001622126667761021,0.00016221266654908468,0.0001624307475845901
15.19,0.173,1.4303687479263852e-5,0.00016212193396287626,0.00016212193376603128,0.0001624307475845901
15.19,0.173,2.3495939429288417e-5,0.00016199333138164655,0.00016199333122363674,0.0001624307475845901
15.19,0.173,3.8595583863609565e-5,0.00016181090349648455,0.0001618109032885062,0.0001624307475845901
15.19,0.173,6.33990012723672e-5,0.000161551791096638,0.0001615517911147199,0.0001624307475845901
15.19,0.173,0.00010414231266814445,0.00016118303438661857,0.0001611830341379153,0.0001624307475845901
15.19,0.173,0.00017106927664800093,0.000160656672875075,0.00016065667328724945,0.0001624307475845901
15.19,0.173,0.00028100679409841776,0.00015990203921406945,0.0001599020391248831,0.0001624307475845901
15.19,0.173,0.00046159555869258604,0.0001588133305722739,0.0001588133317518473,0.0001624307475845901
15.19,0.173,0.0007582395311413588,0.00015722919115707107,0.00015722919241437588,0.0001624307475845901
15.19,0.173,0.00124552148684853,0.0001548990890972862,0.00015489909116762999,0.0001624307475845901
15.19,0.173,0.002045954755044497,0.0001514294271861456,0.00015142943430727115,0.0001624307475845901
15.19,0.173,0.0033607857462825456,0.0001462040352018507,0.00014620403635233527,0.0001624307475845901
15.19,0.173,0.005520591696647901,0.00013828985061676216,0.0001382898735725327,0.0001624307475845901
15.19,0.173,0.009068395006973916,0.00012639492519026622,0.00012639492574463045,0.0001624307475845901
15.19,0.173,0.01489619093772919,0.00010907892290998475,0.00010907896221349687,0.0001624307475845901
15.19,0.173,0.024469214704767362,8.559359130819809e-5,8.559360496509403e-5,0.0001624307475845901
15.19,0.173,0.04019433362333615,5.757754624906977e-5,5.7577566378154494e-5,0.0001624307475845901
15.19,0.173,0.06602518613354949,3.0456442180495213e-5,3.045645217726854e-5,0.0001624307475845901
15.19,0.173,0.1084562128786955,1.1283109731607588e-5,1.1283108921774148e-5,0.0001624307475845901
15.19,0.173,0.17815550096589414,2.554569045751654e-6,2.5545669997091643e-6,0.0001624307475845901
15.19,0.173,0.292646974128703,3.1016572171733825e-7,3.101657164712359e-7,0.0001624307475845901
15.19,0.173,0.480716289995901,1.8539321946586517e-8,1.8539289757808208e-8,0.0001624307475845901
15.19,0.173,0.789648183294706,5.414008017952582e-10,5.414007007313363e-10,0.0001624307475845901
15.19,0.173,1.297114881182717,8.309415610615109e-12,8.309400247180459e-12,0.0001624307475845901
15.19,0.173,2.1307045980472066,7.584132410474755e-14,7.584102928977641e-14,0.0001624307475845901
15.19,0.173,3.5000000000000004,4.247627767841265e-16,4.24756956051637e-16,0.0001624307475845901
15.19,0.173,3.8,1.3700106913846608e-16,1.369936788588755e-16,0.0001624307475845901
15.19,0.173,3.98,3.029098859838614e-17,3.0292466486005034e-17,0.0001624307475845901
15.19,0.173,3.9998,2.918078383258892e-18,2.9182729463131233e-18,0.0001624307475845901
15.19,0.61,1.0000000000000001e-7,6.313420235992619e-5,6.313420154610647e-5,6.313783901781103e-5
15.19,0.61,1.6426491045299075e-7,6.313269163814189e-5,6.313269082561507e-5,6.313783901781103e-5
15.19,0.61,2.698296080612907e-7,6.31305533145876e-5,6.313055250133891e-5,6.313783901781103e-5
15.19,0.61,4.432353640575351e-7,6.312752663027858e-5,6.312752581833652e-5,6.313783901781103e-5
15.19,0.61,7.280801738650976e-7,6.312324244149277e-5,6.312324163032217e-5,6.313783901781103e-5
15.19,0.61,1.1959802456254818e-6,6.311717811341884e-5,6.311717730132107e-5,6.313783901781103e-5
15.19,0.61,1.9645758795121526e-6,6.31085935698221e-5,6.310859276358979e-5,6.313783901781103e-5
15.19,0.61,3.227108809261693e-6,6.309644053466995e-5,6.309643972134519e-5,6.313783901781103e-5
15.19,0.61,5.301007395754297e-6,6.307923352134725e-5,6.307923272412283e-5,6.313783901781103e-5
15.19,0.61,8.707695051742211e-6,6.305486598542094e-5,6.305486517467165e-5,6.313783901781103e-5
15.19,0.61,1.4303687479263852e-5,6.302034730963734e-5,6.302034652466857e-5,6.313783901781103e-5
15.19,0.61,2.3495939429288417e-5,6.297142429058252e-5,6.297142349928161e-5,6.313783901781103e-5
15.19,0.61,3.8595583863609565e-5,6.29020315837605e-5,6.290203080763483e-5,6.313783901781103e-5
15.19,0.61,6.33990012723672e-5,6.28034836563075e-5,6.280348292805891e-5,6.313783901781103e-5
15.19,0.61,0.00010414231266814445,6.266326592795798e-5,6.266326514152316e-5,6.313783901781103e-5
15.19,0.61,0.00017106927664800093,6.246318589268535e-5,6.246318533247478e-5,6.313783901781103e-5
15.19,0.61,0.00028100679409841776,6.217647202995456e-5,6.21764712252433e-5,6.313783901781103e-5
15.19,0.61,0.00046159555869258604,6.176310338933588e-5,6.176310323621912e-5,6.313783901781103e-5
15.19,0.61,0.0007582395311413588,6.116214166857579e-5,6.116214111869507e-5,6.313783901781103e-5
15.19,0.61,0.00124552148684853,6.027908156464459e-5,6.027908219572844e-5,6.313783901781103e-5
15.19,0.61,0.002045954755044497,5.896545630980321e-5,5.896545747200915e-5,6.313783901781103e-5
15.19,0.61,0.0033607857462825456,5.698832079628791e-5,5.6988321995579794e-5,6.313783901781103e-5
15.19,0.61,0.005520591696647901,5.3992686389329394e-5,5.3992693603304654e-5,6.313783901781103e-5
15.19,0.61,0.009068395006973916,4.9480105548705634e-5,4.9480105325378824e-5,6.313783901781103e-5
15.19,0.61,0.01489619093772919,4.2876544086088094e-5,4.2876561046679446e-5,6.313783901781103e-5
15.19,0.61,0.024469214704767362,3.383695986230719e-5,3.383696062655644e-5,6.313783901781103e-5
15.19,0.61,0.04019433362333615,2.2903731934743704e-5,2.2903745789271855e-5,6.313783901781103e-5
15.19,0.61,0.06602518613354949,1.214041505104121e-5,1.214041860543496e-5,6.313783901781103e-5
15.19,0.61,0.1084562128786955,4.429650439716415e-6,4.429651011907616e-6,6.313783901781103e-5
15.19,0.61,0.17815550096589414,9.429010496795603e-7,9.429007874643706e-7,6.313783901781103e-5
15.19,0.61,0.292646974128703,9.754357970061658e-8,9.754354563665489e-8,6.313783901781103e-5
15.19,0.61,0.480716289995901,4.189407400068197e-9,4.189397654522959e-9,6.313783901781103e-5
15.19,0.61,0.789648183294706,6.900064554712802e-11,6.900064660913975e-11,6.313783901781103e-5
15.19,0.61,1.297114881182717,4.4940456823749345e-13,4.4940331737984416e-13,6.313783901781103e-5
15.19,0.61,2.1307045980472066,1.314467321688881e-15,1.314466718358585e-15,6.313783901781103e-5
15.19,0.61,3.5000000000000004,1.933838866306292e-18,1.9334172376041422e-18,6.313783901781103e-5
15.19,0.61,3.8,5.089764762745734e-19,5.088903878853903e-19,6.313783901781103e-5
15.19,0.61,3.98,1.0164865568402741e-19,1.0168169289550264e-19,6.313783901781103e-5
15.19,0.61,3.9998,9.69282158308628e-21,9.696466286775204e-21,6.313783901781103e-5
15.19,1.73,1.0000000000000001e-7,1.978301876526724e-5,1.9783018872398426e-5,1.9784111471818747e-5
15.19,1.73,1.6426491045299075e-7,1.9782564839357112e-5,1.9782564946211497e-5,1.9784111471818747e-5
15.19,1.73,2.698296080612907e-7,1.978192233906495e-5,1.9781922446422472e-5,1.9784111471818747e-5
15.19,1.73,4.432353640575351e-7,1.9781012915706955e-5,1.978101302282972e-5,1.9784111471818747e-5
15.19,1.73,7.280801738650976e-7,1.9779725656318456e-5,1.9779725763831633e-5,1.9784111471818747e-5
15.19,1.73,1.1959802456254818e-6,1.9777903533253936e-5,1.977790364127105e-5,1.9784111471818747e-5
15.19,1.73,1.9645758795121526e-6,1.977532419521035e-5,1.9775324302512436e-5,1.9784111471818747e-5
15.19,1.73,3.227108809261693e-6,1.9771672711117382e-5,1.9771672821154816e-5,1.9784111471818747e-5
15.19,1.73,5.301007395754297e-6,1.9766502838106796e-5,1.976650294485541e-5,1.9784111471818747e-5
15.19,1.73,8.707695051742211e-6,1.9759181852656155e-5,1.9759181966185536e-5,1.9784111471818747e-5
15.19,1.73,1.4303687479263852e-5,1.9748811682988368e-5,1.9748811791226737e-5,1.9784111471818747e-5
15.19,1.73,2.3495939429288417e-5,1.9734115533535963e-5,1.9734115651386885e-5,1.9784111471818747e-5
15.19,1.73,3.8595583863609565e-5,1.9713273543382928e-5,1.9713273660662533e-5,1.9784111471818747e-5
15.19,1.73,6.33990012723672e-5,1.9683681691349336e-5,1.9683681811109586e-5,1.9784111471818747e-5
15.19,1.73,0.00010414231266814445,1.964159219339341e-5,1.9641592339492736e-5,1.9784111471818747e-5
15.19,1.73,0.00017106927664800093,1.9581565519591806e-5,1.9581565632021524e-5,1.9784111471818747e-5
15.19,1.73,0.00028100679409841776,1.9495613927124428e-5,1.9495614151718436e-5,1.9784111471818747e-5
15.19,1.73,0.00046159555869258604,1.9371827370900915e-5,1.9371827479798642e-5,1.9784111471818747e-5
15.19,1.73,0.0007582395311413588,1.9192121341924937e-5,1.919212175775804e-5,1.9784111471818747e-5
15.19,1.73,0.00124552148684853,1.8928514939734044e-5,1.892851520586468e-5,1.9784111471818747e-5
15.19,1.73,0.002045954755044497,1.8537082454058655e-5,1.8537083203741015e-5,1.9784111471818747e-5
15.19,1.73,0.0033607857462825456,1.7948722263293978e-5,1.7948723450376623e-5,1.9784111471818747e-5
15.19,1.73,0.005520591696647901,1.7057200537313368e-5,1.7057201375601022e-5,1.9784111471818747e-5
15.19,1.73,0.009068395006973916,1.5710293669291413e-5,1.5710297615482277e-5,1.9784111471818747e-5
15.19,1.73,0.01489619093772919,1.3724183017945413e-5,1.3724183143524747e-5,1.9784111471818747e-5
15.19,1.73,0.024469214704767362,1.0965752982580709e-5,1.0965759940034252e-5,1.9784111471818747e-5
15.19,1.73,0.04019433362333615,7.550967685092023e-6,7.550968531590109e-6,1.9784111471818747e-5
15.19,1.73,0.06602518613354949,4.079001113927661e-6,4.079004834595863e-6,1.9784111471818747e-5
15.19,1.73,0.1084562128786955,1.5000875777942403e-6,1.5000884622515348e-6,1.9784111471818747e-5
15.19,1.73,0.17815550096589414,3.072780586611993e-7,3.0727812776213686e-7,1.9784111471818747e-5
15.19,1.73,0.292646974128703,2.706271315812646e-8,2.7062702782809936e-8,1.9784111471818747e-5
15.19,1.73,0.480716289995901,7.672944703438299e-10,7.6729417087254e-10,1.9784111471818747e-5
15.19,1.73,0.789648183294706,5.424732539881238e-12,5.424710790925263e-12,1.9784111471818747e-5
15.19,1.73,1.297114881182717,8.33878319981358e-15,8.33878210691489e-15,1.9784111471818747e-5
15.19,1.73,2.1307045980472066,2.8905641051657795e-18,2.890519696147168e-18,1.9784111471818747e-5
15.19,1.73,3.5000000000000004,2.683021300921361e-22,2.6824524600462945e-22,1.9784111471818747e-5
15.19,1.73,3.8,4.496277643905132e-23,4.491100686587771e-23,1.9784111471818747e-5
15.19,1.73,3.98,7.190285055384269e-24,7.179631553593562e-24,1.9784111471818747e-5
15.19,1.73,3.9998,6.7083836713751055e-25,6.698889448062735e-25,1.9784111471818747e-5
15.19,4.71,1.0000000000000001e-7,5.652486146126675e-6,5.65244855028115e-6,5.6527781637911525e-6
15.19,4.71,1.6426491045299075e-7,5.652364838037492e-6,5.6523272435689265e-6,5.6527781637911525e-6
15.19,4.71,2.698296080612907e-7,5.652193135232457e-6,5.652155542935695e-6,5.6527781637911525e-6
15.19,4.71,4.432353640575351e-7,5.651950100144143e-6,5.651912510702812e-6,5.6527781637911525e-6
15.19,4.71,7.280801738650976e-7,5.6516060933533485e-6,5.651568508085491e-6,5.6527781637911525e-6
15.19,4.71,1.1959802456254818e-6,5.651119153269394e-6,5.651081573985946e-6,5.6527781637911525e-6
15.19,4.71,1.9645758795121526e-6,5.650429864786172e-6,5.650392293474582e-6,5.6527781637911525e-6
15.19,4.71,3.227108809261693e-6,5.649454080100074e-6,5.649416521208647e-6,5.6527781637911525e-6
15.19,4.71,5.301007395754297e-6,5.6480725787731e-6,5.64803503546369e-6,5.6527781637911525e-6
15.19,4.71,8.707695051742211e-6,5.646116348886582e-6,5.64607883068239e-6,5.6527781637911525e-6
15.19,4.71,1.4303687479263852e-5,5.643345565485018e-6,5.643308079097554e-6,5.6527781637911525e-6
15.19,4.71,2.3495939429288417e-5,5.639419414752985e-6,5.639381977435788e-6,5.6527781637911525e-6
15.19,4.71,3.8595583863609565e-5,5.633852446123369e-6,5.63381507564933e-6,5.6527781637911525e-6
15.19,4.71,6.33990012723672e-5,5.62595073243135e-6,5.62591345614321e-6,5.6527781637911525e-6
15.19,4.71,0.00010414231266814445,5.614717036817231e-6,5.614679902850181e-6,5.6527781637911525e-6
15.19,4.71,0.00017106927664800093,5.598707032692377e-6,5.598670080481657e-6,5.6527781637911525e-6
15.19,4.71,0.00028100679409841776,5.57580585691072e-6,5.575769209908682e-6,5.6527781637911525e-6
15.19,4.71,0.00046159555869258604,5.54287152912647e-6,5.542835250664513e-6,5.6527781637911525e-6
15.19,4.71,0.0007582395311413588,5.495152524233753e-6,5.495116899340733e-6,5.6527781637911525e-6
15.19,4.71,0.00124552148684853,5.4253246420399755e-6,5.4252898431217915e-6,5.6527781637911525e-6
15.19,4.71,0.002045954755044497,5.321913289217965e-6,5.321879863943008e-6,5.6527781637911525e-6
15.19,4.71,0.0033607857462825456,5.16683257029805e-6,5.166801219559141e-6,5.6527781637911525e-6
15.19,4.71,0.005520591696647901,4.9320171446458185e-6,4.931988549336954e-6,5.6527781637911525e-6
15.19,4.71,0.009068395006973916,4.576307172467813e-6,4.576283847960043e-6,5.6527781637911525e-6
15.19,4.71,0.01489619093772919,4.047215093184181e-6,4.047196900770066e-6,5.6527781637911525e-6
15.19,4.71,0.024469214704767362,3.2990418423237542e-6,3.2990337688648954e-6,5.6527781637911525e-6
15.19,4.71,0.04019433362333615,2.343478629615224e-6,2.3434773617536264e-6,5.6527781637911525e-6
15.19,4.71,0.06602518613354949,1.3238982252310913e-6,1.3239039197313118e-6,5.6527781637911525e-6
15.19,4.71,0.1084562128786955,5.145451217139701e-7,5.145505064527997e-7,5.6527781637911525e-6
15.19,4.71,0.17815550096589414,1.1022791325130723e-7,1.1023010131363293e-7,5.6527781637911525e-6
15.19,4.71,0.292646974128703,9.42231939255348e-9,9.422642276430184e-9,5.6527781637911525e-6
15.19,4.71,0.480716289995901,2.0741718261021226e-10,2.0742742231253032e-10,5.6527781637911525e-6
15.19,4.71,0.789648183294706,6.919322858809703e-13,6.919750166042882e-13,5.6527781637911525e-6
15.19,4.71,1.297114881182717,2.0469341689469954e-16,2.0470680406362986e-16,5.6527781637911525e-6
15.19,4.71,2.1307045980472066,3.62989148087189e-21,3.629965441459609e-21,5.6527781637911525e-6
15.19,4.71,3.5000000000000004,3.474458776332546e-27,3.4747510774790076e-27,5.6527781637911525e-6
15.19,4.71,3.8,2.488292441919546e-28,2.474483621334734e-28,5.6527781637911525e-6
15.19,4.71,3.98,2.620200655663373e-29,2.607430231680311e-29,5.6527781637911525e-6
15.19,4.71,3.9998,2.3495647973772716e-30,2.3390417721945606e-30,5.6527781637911525e-6
15.67,0.00113,1.0000000000000001e-7,0.0007812605271857051,0.0007812610603485309,0.0007813266907393404
15.67,0.00113,1.6426491045299075e-7,0.0007812330414537213,0.0007812335738045554,0.0007813266907393404
15.67,0.00113,2.698296080612907e-7,0.0007811941367438896,0.0007811946679504765,0.0007813266907393404
15.67,0.00113,4.432353640575351e-7,0.0007811390679517218,0.0007811395975604666,0.0007813266907393404
15.67,0.00113,7.280801738650976e-7,0.0007810611167686794,0.000781061644041853,0.0007813266907393404
15.67,0.00113,1.1959802456254818e-6,0.0007809507693452781,0.0007809512934558853,0.0007813266907393404
15.67,0.00113,1.9645758795121526e-6,0.0007807945489480219,0.0007807950683435417,0.0007813266907393404
15.67,0.00113,3.227108809261693e-6,0.000780573355980039,0.0007805738690215794,0.0007813266907393404
15.67,0.00113,5.301007395754297e-6,0.0007802601010257942,0.0007802606046721709,0.0007813266907393404
15.67,0.00113,8.707695051742211e-6,0.0007798163155871866,0.0007798168062302964,0.0007813266907393404
15.67,0.00113,1.4303687479263852e-5,0.0007791872678993972,0.0007791877398676932,0.0007813266907393404
15.67,0.00113,2.3495939429288417e-5,0.0007782948578236982,0.0007782953027720062,0.0007813266907393404
15.67,0.00113,3.8595583863609565e-5,0.0007770271414298572,0.0007770275487838822,0.0007813266907393404
15.67,0.00113,6.33990012723672e-5,0.0007752226043631446,0.000775222954596257,0.0007813266907393404
15.67,0.00113,0.00010414231266814445,0.000772646008781202,0.0007726462805433923,0.0007813266907393404
15.67,0.00113,0.00017106927664800093,0.0007689503331955224,0.0007689504809466242,0.0007813266907393404
15.67,0.00113,0.00028100679409841776,0.0007636152969981655,0.0007636152688001378,0.0007813266907393404
15.67,0.00113,0.00046159555869258604,0.000755846349664215,0.0007558460390923666,0.0007813266907393404
15.67,0.00113,0.0007582395311413588,0.0007444086933367536,0.0007444079494729217,0.0007813266907393404
15.67,0.00113,0.00124552148684853,0.0007273629684116678,0.0007273615501209909,0.0007813266907393404
15.67,0.00113,0.002045954755044497,0.0007016810587729537,0.0007016785256123893,0.0007813266907393404
15.67,0.00113,0.0033607857462825456,0.0006628081578591747,0.0006628040677780462,0.0007813266907393404
15.67,0.00113,0.005520591696647901,0.000604527315638767,0.0006045207975517436,0.0007813266907393404
15.67,0.00113,0.009068395006973916,0.0005201333840518689,0.0005201242904590353,0.0007813266907393404
15.67,0.00113,0.01489619093772919,0.0004066852035292678,0.0004066737197080038,0.0007813266907393404
15.67,0.00113,0.024469214704767362,0.0002730107857306909,0.0002729992183984646,0.0007813266907393404
15.67,0.00113,0.04019433362333615,0.00014527707309348905,0.00014526848008239516,0.0007813266907393404
15.67,0.00113,0.06602518613354949,5.543035947177891e-5,5.542625226604441e-5,0.0007813266907393404
15.67,0.00113,0.1084562128786955,1.3635166486165288e-5,1.363407003385102e-5,0.0007813266907393404
15.67,0.00113,0.17815550096589414,1.9866036614918456e-6,1.986464610017215e-6,0.0007813266907393404
15.67,0.00113,0.292646974128703,1.6584899371572557e-7,1.658412196950333e-7,0.0007813266907393404
15.67,0.00113,0.480716289995901,8.189760255355701e-9,8.189635744662491e-9,0.0007813266907393404
15.67,0.00113,0.789648183294706,2.598723075899647e-10,2.5987547814009697e-10,0.0007813266907393404
15.67,0.00113,1.297114881182717,5.878440935987469e-12,5.878640494415222e-12,0.0007813266907393404
15.67,0.00113,2.1307045980472066,1.0441240818972036e-13,1.0441912294589964e-13,0.0007813266907393404
15.67,0.00113,3.5000000000000004,1.359539277374603e-15,1.3598774751833056e-15,0.0007813266907393404
15.67,0.00113,3.8,4.991972911000103e-16,4.993767463976902e-16,0.0007813266907393404
15.67,0.00113,3.98,1.179415647495859e-16,1.179890247082728e-16,0.0007813266907393404
15.67,0.00113,3.9998,1.1438969691797839e-17,1.144359667341267e-17,0.0007813266907393404
15.67,0.0037,1.0000000000000001e-7,0.000773921046539565,0.0007739215176218683,0.0007739865803940018
15.67,0.0037,1.6426491045299075e-7,0.0007738938223982232,0.0007738942931969184,0.0007739865803940018
15.67,0.0037,2.698296080612907e-7,0.0007738552879576096,0.0007738557583048176,0.0007739865803940018
15.67,0.0037,4.432353640575351e-7,0.0007738007432747158,0.0007738012130332026,0.0007739865803940018
15.67,0.0037,7.280801738650976e-7,0.0007737235339831888,0.0007737240028748832,0.0007739865803940018
15.67,0.0037,1.1959802456254818e-6,0.0007736142367843022,0.0007736147044315835,0.0007739865803940018
15.67,0.0037,1.9645758795121526e-6,0.0007734595032171051,0.0007734599692055111,0.0007739865803940018
15.67,0.0037,3.227108809261693e-6,0.0007732404154849301,0.0007732408788665289,0.0007739865803940018
15.67,0.0037,5.301007395754297e-6,0.0007729301420436169,0.0007729306021825984,0.0007739865803940018
15.67,0.0037,8.707695051742211e-6,0.0007724905806309595,0.0007724910354807416,0.0007739865803940018
15.67,0.0037,1.4303687479263852e-5,0.000771867520647813,0.0007718679688517976,0.0007739865803940018
15.67,0.0037,2.3495939429288417e-5,0.0007709836058490386,0.0007709840435964953,0.0007739865803940018
15.67,0.0037,3.8595583863609565e-5,0.000769727959003207,0.0007697283824055543,0.0007739865803940018
15.67,0.0037,6.33990012723672e-5,0.0007679406057336936,0.0007679410084124514,0.0007739865803940018
15.67,0.0037,0.00010414231266814445,0.0007653885529622792,0.0007653889231819924,0.0007739865803940018
15.67,0.0037,0.00017106927664800093,0.0007617280941899081,0.000761728421655194,0.0007739865803940018
15.67,0.0037,0.00028100679409841776,0.0007564439250090099,0.0007564441754697843,0.0007739865803940018
15.67,0.0037,0.00046159555869258604,0.0007487491033441009,0.0007487492567681152,0.0007739865803940018
15.67,0.0037,0.0007582395311413588,0.0007374206639648137,0.0007374206301915448,0.0007739865803940018
15.67,0.0037,0.00124552148684853,0.0007205378231874811,0.0007205375368390999,0.0007739865803940018
15.67,0.0037,0.002045954755044497,0.0006951013926292701,0.0006951006646802941,0.0007739865803940018
15.67,0.0037,0.0033607857462825456,0.0006565997948148775,0.0006565983984551461,0.0007739865803940018
15.67,0.0037,0.005520591696647901,0.0005988742723640232,0.0005988720256695777,0.0007739865803940018
15.67,0.0037,0.009068395006973916,0.0005152804297499075,0.000515276977660499,0.0007739865803940018
15.67,0.0037,0.01489619093772919,0.00040289894916992913,0.00040289484866999354,0.0007739865803940018
15.67,0.0037,0.024469214704767362,0.0002704676484012243,0.00027046349102426593,0.0007739865803940018
15.67,0.0037,0.04019433362333615,0.0001439095352111677,0.00014390672677398885,0.0007739865803940018
15.67,0.0037,0.06602518613354949,5.488962031938831e-5,5.4888503016260616e-5,0.0007739865803940018
15.67,0.0037,0.1084562128786955,1.3490453941731909e-5,1.34902695169511e-5,0.0007739865803940018
15.67,0.0037,0.17815550096589414,1.9620297980613725e-6,1.9620376444927735e-6,0.0007739865803940018
15.67,0.0037,0.292646974128703,1.6329276674085584e-7,1.632979051879104e-7,0.0007739865803940018
15.67,0.0037,0.480716289995901,8.026188859580649e-9,8.026668456355089e-9,0.0007739865803940018
15.67,0.0037,0.789648183294706,2.5310912958873083e-10,2.5313049058273235e-10,0.0007739865803940018
15.67,0.0037,1.297114881182717,5.682484497011776e-12,5.683079733009971e-12,0.0007739865803940018
15.67,0.0037,2.1307045980472066,1.0007287881654787e-13,1.0008904336060701e-13,0.0007739865803940018
15.67,0.0037,3.5000000000000004,1.2916641512614604e-15,1.2922786095799083e-15,0.0007739865803940018
15.67,0.0037,3.8,4.736844722695921e-16,4.73958283978016e-16,0.0007739865803940018
15.67,0.0037,3.98,1.1184279949745522e-16,1.1191934907942257e-16,0.0007739865803940018
15.67,0.0037,3.9998,1.0846756777728397e-17,1.085430882438919e-17,0.0007739865803940018
15.67,0.0127,1.0000000000000001e-7,0.0007489762513635212,0.000748976703146981,0.0007490396453827757
15.67,0.0127,1.6426491045299075e-7,0.0007489499161558887,0.0007489503677450731,0.0007490396453827757
15.67,0.0127,2.698296080612907e-7,0.000748912639958994,0.0007489130913292481,0.0007490396453827757
15.67,0.0127,4.432353640575351e-7,0.0007488598762968926,0.0007488603272800459,0.0007490396453827757
15.67,0.0127,7.280801738650976e-7,0.0007487851880905627,0.0007487856386185805,0.0007490396453827757
15.67,0.0127,1.1959802456254818e-6,0.0007486794597493299,0.0007486799095451995,0.0007490396453827757
15.67,0.0127,1.9645758795121526e-6,0.0007485297787055766,0.0007485302275072092,0.0007490396453827757
15.67,0.0127,3.227108809261693e-6,0.0007483178449520756,0.0007483182923971853,0.0007490396453827757
15.67,0.0127,5.301007395754297e-6,0.0007480177032361885,0.0007480181485069123,0.0007490396453827757
15.67,0.0127,8.707695051742211e-6,0.0007475924958257612,0.0007475929385377566,0.0007490396453827757
15.67,0.0127,1.4303687479263852e-5,0.0007469897831224142,0.0007469902212513997,0.0007490396453827757
15.67,0.0127,2.3495939429288417e-5,0.0007461347367318117,0.0007461351696913185,0.0007490396453827757
15.67,0.0127,3.8595583863609565e-5,0.0007449201041803087,0.0007449205279225628,0.0007490396453827757
15.67,0.0127,6.33990012723672e-5,0.0007431911440441089,0.0007431915561997806,0.0007490396453827757
15.67,0.0127,0.00010414231266814445,0.0007407224909924896,0.0007407228847701351,0.0007490396453827757
15.67,0.0127,0.00017106927664800093,0.000737181702699065,0.0007371820678829761,0.0007490396453827757
15.67,0.0127,0.00028100679409841776,0.0007320703832727364,0.0007320707104058975,0.0007490396453827757
15.67,0.0127,0.00046159555869258604,0.0007246274427002729,0.0007246276935743976,0.0007490396453827757
15.67,0.0127,0.0007582395311413588,0.0007136701203952737,0.0007136702844622998,0.0007490396453827757
15.67,0.0127,0.00124552148684853,0.0006973407505058901,0.0006973407132154912,0.0007490396453827757
15.67,0.0127,0.002045954755044497,0.0006727384421220637,0.0006727381772742247,0.0007490396453827757
15.67,0.0127,0.0033607857462825456,0.0006354985319967159,0.0006354978143689294,0.0007490396453827757
15.67,0.0127,0.005520591696647901,0.0005796600861178061,0.0005796588156708975,0.0007490396453827757
15.67,0.0127,0.009068395006973916,0.0004987853655539959,0.0004987834859144962,0.0007490396453827757
15.67,0.0127,0.01489619093772919,0.0003900296497018347,0.0003900272148733661,0.0007490396453827757
15.67,0.0127,0.024469214704767362,0.0002618245328199984,0.000261822378344518,0.0007490396453827757
15.67,0.0127,0.04019433362333615,0.0001392635300867107,0.0001392622000691597,0.0007490396453827757
15.67,0.0127,0.06602518613354949,5.3054307903658195e-5,5.3053966585358575e-5,0.0007490396453827757
15.67,0.0127,0.1084562128786955,1.3000301964344213e-5,1.3000373529791186e-5,0.0007490396453827757
15.67,0.0127,0.17815550096589414,1.8791141584796208e-6,1.8791646288719499e-6,0.0007490396453827757
15.67,0.0127,0.292646974128703,1.5472202179782253e-7,1.5473086128844099e-7,0.0007490396453827757
15.67,0.0127,0.480716289995901,7.482902878249232e-9,7.48356542226877e-9,0.0007490396453827757
15.67,0.0127,0.789648183294706,2.3093069787988337e-10,2.3095703161108257e-10,0.0007490396453827757
15.67,0.0127,1.297114881182717,5.049935553681042e-12,5.050628550360412e-12,0.0007490396453827757
15.67,0.0127,2.1307045980472066,8.631595623281714e-14,8.633197796234317e-14,0.0007490396453827757
15.67,0.0127,3.5000000000000004,1.080459268566682e-15,1.0810261409751084e-15,0.0007490396453827757
15.67,0.0127,3.8,3.945072803219784e-16,3.9476477329345736e-16,0.0007490396453827757
15.67,0.0127,3.98,9.294138895498553e-17,9.300680809093343e-17,0.0007490396453827757
15.67,0.0127,3.9998,9.011613908758528e-18,9.018018107449292e-18,0.0007490396453827757
15.67,0.047,1.0000000000000001e-7,0.0006637347972903456,0.0006637351871448053,0.000663790883257284
15.67,0.047,1.6426491045299075e-7,0.0006637114980050615,0.0006637118877098075,0.000663790883257284
15.67,0.047,2.698296080612907e-7,0.0006636785190126279,0.0006636789085252042,0.000663790883257284
15.67,0.047,4.432353640575351e-7,0.0006636318379633978,0.0006636322271527885,0.000663790883257284
15.67,0.047,7.280801738650976e-7,0.0006635657598653295,0.0006635661486906459,0.000663790883257284
15.67,0.047,1.1959802456254818e-6,0.0006634722200212274,0.0006634726081901341,0.000663790883257284
15.67,0.047,1.9645758795121526e-6,0.0006633397945359082,0.0006633401819606467,0.000663790883257284
15.67,0.047,3.227108809261693e-6,0.0006631522932830572,0.0006631526794535838,0.000663790883257284
15.67,0.047,5.301007395754297e-6,0.0006628867537141176,0.0006628871382561281,0.000663790883257284
15.67,0.047,8.707695051742211e-6,0.000662510568371305,0.0006625109505832299,0.000663790883257284
15.67,0.047,1.4303687479263852e-5,0.0006619773458374286,0.0006619777244133485,0.000663790883257284
15.67,0.047,2.3495939429288417e-5,0.0006612208904668111,0.0006612212646595158,0.000663790883257284
15.67,0.047,3.8595583863609565e-5,0.0006601463281783031,0.0006601466943714832,0.000663790883257284
15.67,0.047,6.33990012723672e-5,0.0006586167871283676,0.0006586171444609286,0.000663790883257284
15.67,0.047,0.00010414231266814445,0.0006564329479071866,0.0006564332881495041,0.000663790883257284
15.67,0.047,0.00017106927664800093,0.0006533008284462336,0.0006533011480186401,0.000663790883257284
15.67,0.047,0.00028100679409841776,0.0006487797605218859,0.0006487800434356776,0.000663790883257284
15.67,0.047,0.00046159555869258604,0.0006421969097555609,0.0006421971363897614,0.000663790883257284
15.67,0.047,0.0007582395311413588,0.0006325067644455554,0.0006325069100529674,0.000663790883257284
15.67,0.047,0.00124552148684853,0.0006180671393723611,0.0006180671191307749,0.000663790883257284
15.67,0.047,0.002045954755044497,0.0005963127980757928,0.0005963125939774813,0.000663790883257284
15.67,0.047,0.0033607857462825456,0.0005633809907864714,0.0005633803611275634,0.000663790883257284
15.67,0.047,0.005520591696647901,0.0005139873025867277,0.0005139862898115229,0.000663790883257284
15.67,0.047,0.009068395006973916,0.00044240233652913285,0.00044240068410476293,0.000663790883257284
15.67,0.047,0.01489619093772919,0.00034604077156358715,0.00034603878611473175,0.000663790883257284
15.67,0.047,0.024469214704767362,0.00023229179502657395,0.00023228995184826367,0.000663790883257284
15.67,0.047,0.04019433362333615,0.0001234092451777281,0.00012340812711548744,0.000663790883257284
15.67,0.047,0.06602518613354949,4.681283758175028e-5,4.681256438008627e-5,0.000663790883257284
15.67,0.047,0.1084562128786955,1.1345695514760647e-5,1.134576652824146e-5,0.000663790883257284
15.67,0.047,0.17815550096589414,1.603033538032389e-6,1.6030774605301913e-6,0.000663790883257284
15.67,0.047,0.292646974128703,1.2682543155891106e-7,1.2683297434620563e-7,0.000663790883257284
15.67,0.047,0.480716289995901,5.773589543282985e-9,5.774118017079169e-9,0.000663790883257284
15.67,0.047,0.789648183294706,1.6427453572317393e-10,1.6429408326298997e-10,0.000663790883257284
15.67,0.047,1.297114881182717,3.25285668489798e-12,3.2533205829758585e-12,0.000663790883257284
15.67,0.047,2.1307045980472066,4.96583358363163e-14,4.9668070306066317e-14,0.000663790883257284
15.67,0.047,3.5000000000000004,5.533008246218549e-16,5.53611794400256e-16,0.000663790883257284
15.67,0.047,3.8,1.9870687072247883e-16,1.9884069136904702e-16,0.000663790883257284
15.67,0.047,3.98,4.641997395943992e-17,4.645492779996165e-17,0.000663790883257284
15.67,0.047,3.9998,4.4970210375516154e-18,4.5004665450691714e-18,0.000663790883257284
15.67,0.173,1.0000000000000001e-7,0.00044735655666025857,0.00044735678879275994,0.0004473941294689151
15.67,0.173,1.6426491045299075e-7,0.00044734094813737694,0.0004473411801626228,0.0004473941294689151
15.67,0.173,2.698296080612907e-7,0.0004473188550522635,0.00044731908694609524,0.0004473941294689151
15.67,0.173,4.432353640575351e-7,0.0004472875827951225,0.0004472878144894913,0.0004473941294689151
15.67,0.173,7.280801738650976e-7,0.0004472433162563371,0.0004472435476614868,0.0004473941294689151
15.67,0.173,1.1959802456254818e-6,0.0004471806528897855,0.0004471808839273889,0.0004473941294689151
15.67,0.173,1.9645758795121526e-6,0.0004470919399185527,0.00044709217033266904,0.0004473941294689151
15.67,0.173,3.227108809261693e-6,0.0004469663319268489,0.0004469665616402691,0.0004473941294689151
15.67,0.173,5.301007395754297e-6,0.0004467884472964953,0.00044678867574334896,0.0004473941294689151
15.67,0.173,8.707695051742211e-6,0.0004465364448072565,0.0004465366718058666,0.0004473941294689151
15.67,0.173,1.4303687479263852e-5,0.0004461792528622647,0.0004461794774210254,0.0004473941294689151
15.67,0.173,2.3495939429288417e-5,0.0004456725408677845,0.0004456727621981665,0.0004473941294689151
15.67,0.173,3.8595583863609565e-5,0.0004449527838384285,0.00044495300054112633,0.0004473941294689151
15.67,0.173,6.33990012723672e-5,0.00044392835976133466,0.0004439285689559811,0.0004473941294689151
15.67,0.173,0.00010414231266814445,0.0004424658913684278,0.0004424660914886524,0.0004473941294689151
15.67,0.173,0.00017106927664800093,0.00044036874637387965,0.0004403689286077321,0.0004473941294689151
15.67,0.173,0.00028100679409841776,0.00043734233731697477,0.00043734249964627896,0.0004473941294689151
15.67,0.173,0.00046159555869258604,0.0004329371083885134,0.00043293722797855335,0.0004473941294689151
15.67,0.173,0.0007582395311413588,0.0004264547338025001,0.00042645480021817964,0.0004473941294689151
15.67,0.173,0.00124552148684853,0.0004167982004127459,0.0004167981662751868,0.0004473941294689151
15.67,0.173,0.002045954755044497,0.0004022520741323954,0.0004022518805633951,0.0004473941294689151
15.67,0.173,0.0033607857462825456,0.00038022637003387296,0.0003802259640213105,0.0004473941294689151
15.67,0.173,0.005520591696647901,0.00034715782001749587,0.00034715701835456164,0.0004473941294689151
15.67,0.173,0.009068395006973916,0.00029913255099964865,0.0002991314586586049,0.0004473941294689151
15.67,0.173,0.01489619093772919,0.00023426118833517922,0.0002342596995353042,0.0004473941294689151
15.67,0.173,0.024469214704767362,0.00015732244155067455,0.00015732109868845406,0.0004473941294689151
15.67,0.173,0.04019433362333615,8.332325198868734e-5,8.3322384799449e-5,0.0004473941294689151
15.67,0.173,0.06602518613354949,3.1201256818332925e-5,3.120099554329817e-5,0.0004473941294689151
15.67,0.173,0.1084562128786955,7.303688584245662e-6,7.303701065595668e-6,0.0004473941294689151
15.67,0.173,0.17815550096589414,9.578159701735321e-7,9.578390732768283e-7,0.0004473941294689151
15.67,0.173,0.292646974128703,6.62643298852028e-8,6.626802058263703e-8,0.0004473941294689151
15.67,0.173,0.480716289995901,2.4504449710880172e-9,2.4506738432973333e-9,0.0004473941294689151
15.67,0.173,0.789648183294706,5.248283377261859e-11,5.2489412611788566e-11,0.0004473941294689151
15.67,0.173,1.297114881182717,7.311938002927511e-13,7.313070453987042e-13,0.0004473941294689151
15.67,0.173,2.1307045980472066,7.451383559968836e-15,7.452934451741673e-15,0.0004473941294689151
15.67,0.173,3.5000000000000004,5.44809268562715e-17,5.451406572771716e-17,0.0004473941294689151
15.67,0.173,3.8,1.8421149935729726e-17,1.8436606902422097e-17,0.0004473941294689151
15.67,0.173,3.98,4.17394015089848e-18,4.177747442047926e-18,0.0004473941294689151
15.67,0.173,3.9998,4.0310519898173616e-19,4.0347515526824176e-19,0.0004473941294689151
15.67,0.61,1.0000000000000001e-7,0.00017362734634064207,0.00017362741044232676,0.0001736416421024499
15.67,0.61,1.6426491045299075e-7,0.0001736214075940807,0.00017362147165249427,0.0001736416421024499
15.67,0.61,2.698296080612907e-7,0.0001736130016064291,0.00017361306561578945,0.0001736416421024499
15.67,0.61,4.432353640575351e-7,0.00017360110314988054,0.00017360116707617896,0.0001736416421024499
15.67,0.61,7.280801738650976e-7,0.00017358426069564737,0.00017358432451606304,0.0001736416421024499
15.67,0.61,1.1959802456254818e-6,0.00017356041879007704,0.00017356048245638478,0.0001736416421024499
15.67,0.61,1.9645758795121526e-6,0.00017352666595755995,0.00017352672939139114,0.0001736416421024499
15.67,0.61,3.227108809261693e-6,0.00017347887632142094,0.00017347893946910662,0.0001736416421024499
15.67,0.61,5.301007395754297e-6,0.0001734111988294985,0.0001734112614806999,0.0001736416421024499
15.67,0.61,8.707695051742211e-6,0.00017331532638869925,0.00017331538848362147,0.0001736416421024499
15.67,0.61,1.4303687479263852e-5,0.0001731794437446023,0.0001731795048387833,0.0001736416421024499
15.67,0.61,2.3495939429288417e-5,0.00017298669927984461,0.0001729867591914851,0.0001736416421024499
15.67,0.61,3.8595583863609565e-5,0.00017271295666061872,0.00017271301462703584,0.0001736416421024499
15.67,0.61,6.33990012723672e-5,0.00017232342862031637,0.0001723234838634062,0.0001736416421024499
15.67,0.61,0.00010414231266814445,0.00017176752371243038,0.0001717675751512101,0.0001736416421024499
15.67,0.61,0.00017106927664800093,0.00017097075236645004,0.0001709707971264741,0.0001736416421024499
15.67,0.61,0.00028100679409841776,0.0001698216859838984,0.00016982172281597131,0.0001736416421024499
15.67,0.61,0.00046159555869258604,0.00016815053963039497,0.00016815055942054956,0.0001736416421024499
15.67,0.61,0.0007582395311413588,0.00016569386358026455,0.0001656938641521922,0.0001736416421024499
15.67,0.61,0.00124552148684853,0.0001620377523780045,0.0001620377103160919,0.0001736416421024499
15.67,0.61,0.002045954755044497,0.00015653335369800563,0.0001565332564495146,0.0001736416421024499
15.67,0.61,0.0033607857462825456,0.00014819441426489153,0.0001481942222133787,0.0001736416421024499
15.67,0.61,0.005520591696647901,0.00013564407421432428,0.0001356437371360377,0.0001736416421024499
15.67,0.61,0.009068395006973916,0.00011731788221092745,0.00011731740613547577,0.0001736416421024499
15.67,0.61,0.01489619093772919,9.232907984486247e-5,9.23284200291115e-5,0.0001736416421024499
15.67,0.61,0.024469214704767362,6.228565050034339e-5,6.228502639025462e-5,0.0001736416421024499
15.67,0.61,0.04019433362333615,3.293471981486477e-5,3.2934254714753447e-5,0.0001736416421024499
15.67,0.61,0.06602518613354949,1.2056183241815469e-5,1.205600086755805e-5,0.0001736416421024499
15.67,0.61,0.1084562128786955,2.618666203615914e-6,2.618641371488535e-6,0.0001736416421024499
15.67,0.61,0.17815550096589414,2.871323195191373e-7,2.8713479451656747e-7,0.0001736416421024499
15.67,0.61,0.292646974128703,1.4002228397200824e-8,1.4002823762673921e-8,0.0001736416421024499
15.67,0.61,0.480716289995901,2.8994292890032325e-10,2.8996916572541267e-10,0.0001736416421024499
15.67,0.61,0.789648183294706,2.6877827541415754e-12,2.6881547939088895e-12,0.0001736416421024499
15.67,0.61,1.297114881182717,1.2696836192859107e-14,1.2699193625430268e-14,0.0001736416421024499
15.67,0.61,2.1307045980472066,3.586065773053057e-17,3.586962615388457e-17,0.0001736416421024499
15.67,0.61,3.5000000000000004,6.55541125945479e-20,6.561038043851134e-20,0.0001736416421024499
15.67,0.61,3.8,1.8101047192433302e-20,1.8123472567316606e-20,0.0001736416421024499
15.67,0.61,3.98,3.706519347148996e-21,3.7115577255292546e-21,0.0001736416421024499
15.67,0.61,3.9998,3.543375738952859e-22,3.54826406727737e-22,0.0001736416421024499
15.67,1.73,1.0000000000000001e-7,5.431337224547936e-5,5.431338516922147e-5,5.431766769097116e-5
15.67,1.73,1.6426491045299075e-7,5.431158783538272e-5,5.431160074837093e-5,5.431766769097116e-5
15.67,1.73,2.698296080612907e-7,5.4309062100985065e-5,5.430907499498372e-5,5.431766769097116e-5
15.67,1.73,4.432353640575351e-7,5.4305487002426175e-5,5.430549987438519e-5,5.431766769097116e-5
15.67,1.73,7.280801738650976e-7,5.43004264227442e-5,5.4300439258516576e-5,5.431766769097116e-5
15.67,1.73,1.1959802456254818e-6,5.429326281471712e-5,5.4293275602703084e-5,5.431766769097116e-5
15.67,1.73,1.9645758795121526e-6,5.428312149302664e-5,5.428313421384026e-5,5.431766769097116e-5
15.67,1.73,3.227108809261693e-6,5.426876304213497e-5,5.4268775658543996e-5,5.431766769097116e-5
15.67,1.73,5.301007395754297e-6,5.424843004664519e-5,5.424844253720841e-5,5.431766769097116e-5
15.67,1.73,8.707695051742211e-6,5.421962794166305e-5,5.421964021153091e-5,5.431766769097116e-5
15.67,1.73,1.4303687479263852e-5,5.4178809888296376e-5,5.417882190904817e-5,5.431766769097116e-5
15.67,1.73,2.3495939429288417e-5,5.412091980410796e-5,5.4120931382810825e-5,5.431766769097116e-5
15.67,1.73,3.8595583863609565e-5,5.403872158719884e-5,5.4038732625427026e-5,5.431766769097116e-5
15.67,1.73,6.33990012723672e-5,5.3921797861240964e-5,5.392180803458114e-5,5.431766769097116e-5
15.67,1.73,0.00010414231266814445,5.375502276940769e-5,5.3755031672077934e-5,5.431766769097116e-5
15.67,1.73,0.00017106927664800093,5.351617258153136e-5,5.351617975628223e-5,5.431766769097116e-5
15.67,1.73,0.00028100679409841776,5.31720886825075e-5,5.317209265479341e-5,5.431766769097116e-5
15.67,1.73,0.00046159555869258604,5.267238538342713e-5,5.26723856053516e-5,5.431766769097116e-5
15.67,1.73,0.0007582395311413588,5.1939054769873016e-5,5.1939046654000276e-5,5.431766769097116e-5
15.67,1.73,0.00124552148684853,5.0849604366636733e-5,5.0849586637595984e-5,5.431766769097116e-5
15.67,1.73,0.002045954755044497,4.921144136473273e-5,4.9211402919434986e-5,5.431766769097116e-5
15.67,1.73,0.0033607857462825456,4.672908770323528e-5,4.67290215878137e-5,5.431766769097116e-5
15.67,1.73,0.005520591696647901,4.2981201883865325e-5,4.2981093264689626e-5,5.431766769097116e-5
15.67,1.73,0.009068395006973916,3.746475697501886e-5,3.746458577132889e-5,5.431766769097116e-5
15.67,1.73,0.01489619093772919,2.983060188247311e-5,2.9830388273262172e-5,5.431766769097116e-5
15.67,1.73,0.024469214704767362,2.0436036484768798e-5,2.0435785915497225e-5,5.431766769097116e-5
15.67,1.73,0.04019433362333615,1.096682092183399e-5,1.0966633337191485e-5,5.431766769097116e-5
15.67,1.73,0.06602518613354949,4.009009790384806e-6,4.008913526165237e-6,5.431766769097116e-5
15.67,1.73,0.1084562128786955,8.22395249112461e-7,8.223733644249944e-7,5.431766769097116e-5
15.67,1.73,0.17815550096589414,7.429961743398069e-8,7.429817824921188e-8,5.431766769097116e-5
15.67,1.73,0.292646974128703,2.2852381288074136e-9,2.2852550706718086e-9,5.431766769097116e-5
15.67,1.73,0.480716289995901,1.9444623919341725e-11,1.944577351825647e-11,5.431766769097116e-5
15.67,1.73,0.789648183294706,4.208021659921114e-14,4.208596474614283e-14,5.431766769097116e-5
15.67,1.73,1.297114881182717,2.493770044146052e-17,2.4943185815727737e-17,5.431766769097116e-5
15.67,1.73,2.1307045980472066,4.9453970237179886e-21,4.9470969138168085e-21,5.431766769097116e-5
15.67,1.73,3.5000000000000004,4.133708435164768e-25,4.1312763912298566e-25,5.431766769097116e-5
15.67,1.73,3.8,7.07532869500781e-26,7.090133430044781e-26,5.431766769097116e-5
15.67,1.73,3.98,1.1466945095692825e-26,1.1533506065691496e-26,5.431766769097116e-5
15.67,1.73,3.9998,1.0713458381675051e-27,1.0778919895007549e-27,5.431766769097116e-5
15.67,4.71,1.0000000000000001e-7,1.5497822880262374e-5,1.5497722046431523e-5,1.549897080534464e-5
15.67,4.71,1.6426491045299075e-7,1.5497346011697726e-5,1.5497245180583817e-5,1.549897080534464e-5
15.67,4.71,2.698296080612907e-7,1.5496671032338882e-5,1.5496570204082978e-5,1.549897080534464e-5
15.67,4.71,4.432353640575351e-7,1.5495715624353958e-5,1.5495614801337633e-5,1.549897080534464e-5
15.67,4.71,7.280801738650976e-7,1.54943632468862e-5,1.5494262430154486e-5,1.549897080534464e-5
15.67,4.71,1.1959802456254818e-6,1.5492448883799187e-5,1.549234807653488e-5,1.549897080534464e-5
15.67,4.71,1.9645758795121526e-6,1.5489738824937018e-5,1.5489638031706956e-5,1.549897080534464e-5
15.67,4.71,3.227108809261693e-6,1.548590194380213e-5,1.5485801167320984e-5,1.549897080534464e-5
15.67,4.71,5.301007395754297e-6,1.548046880702731e-5,1.5480368060859803e-5,1.549897080534464e-5
15.67,4.71,8.707695051742211e-6,1.5472773264408353e-5,1.5472672549469485e-5,1.549897080534464e-5
15.67,4.71,1.4303687479263852e-5,1.5461868581665613e-5,1.5461767927773705e-5,1.549897080534464e-5
15.67,4.71,2.3495939429288417e-5,1.5446406084523227e-5,1.544630549523998e-5,1.549897080534464e-5
15.67,4.71,3.8595583863609565e-5,1.54244575663269e-5,1.542435708861109e-5,1.549897080534464e-5
15.67,4.71,6.33990012723672e-5,1.5393251283799144e-5,1.5393150946354283e-5,1.549897080534464e-5
15.67,4.71,0.00010414231266814445,1.5348771319745907e-5,1.5348671163752226e-5,1.549897080534464e-5
15.67,4.71,0.00017106927664800093,1.5285134302087806e-5,1.528503444724438e-5,1.549897080534464e-5
15.67,4.71,0.00028100679409841776,1.5193593747274735e-5,1.5193494128093165e-5,1.549897080534464e-5
15.67,4.71,0.00046159555869258604,1.5060912626107948e-5,1.5060813607582702e-5,1.549897080534464e-5
15.67,4.71,0.0007582395311413588,1.4866672101798823e-5,1.486657325083553e-5,1.549897080534464e-5
15.67,4.71,0.00124552148684853,1.4578868375589567e-5,1.4578770443690093e-5,1.549897080534464e-5
15.67,4.71,0.002045954755044497,1.4147069109626562e-5,1.4146971079527326e-5,1.549897080534464e-5
15.67,4.71,0.0033607857462825456,1.3493130807186378e-5,1.3493033139469893e-5,1.549897080534464e-5
15.67,4.71,0.005520591696647901,1.2502892207053724e-5,1.250279501665135e-5,1.549897080534464e-5
15.67,4.71,0.009068395006973916,1.103209263985123e-5,1.103199386356193e-5,1.549897080534464e-5
15.67,4.71,0.01489619093772919,8.958713045979073e-6,8.95862227938282e-6,1.549897080534464e-5
15.67,4.71,0.024469214704767362,6.325258132070933e-6,6.325173706328784e-6,1.549897080534464e-5
15.67,4.71,0.04019433362333615,3.5403026129355673e-6,3.5402475890142566e-6,1.549897080534464e-5
15.67,4.71,0.06602518613354949,1.3582292556619123e-6,1.35820127114692e-6,1.549897080534464e-5
15.67,4.71,0.1084562128786955,2.8657929496944837e-7,2.86572892115628e-7,1.549897080534464e-5
15.67,4.71,0.17815550096589414,2.424918200394623e-8,2.4248702046325554e-8,1.549897080534464e-5
15.67,4.71,0.292646974128703,5.420310368962576e-10,5.420291690205292e-10,1.549897080534464e-5
15.67,4.71,0.480716289995901,1.9689535104289195e-12,1.9690268168987687e-12,1.549897080534464e-5
15.67,4.71,0.789648183294706,7.341371912302617e-16,7.342189451813631e-16,1.549897080534464e-5
15.67,4.71,1.297114881182717,2.0986331323816895e-20,2.0990314478452282e-20,1.549897080534464e-5
15.67,4.71,2.1307045980472066,4.554986849957907e-26,4.5560841625594535e-26,1.549897080534464e-5
15.67,4.71,3.5000000000000004,9.863818915880939e-33,9.681976038578989e-33,1.549897080534464e-5
15.67,4.71,3.8,6.010312122176497e-34,6.0043163383104445e-34,1.549897080534464e-5
15.67,4.71,3.98,5.905376163425601e-35,6.135715589732915e-35,1.549897080534464e-5
15.67,4.71,3.9998,5.2633927194909666e-36,5.4884649827985604e-36,1.549897080534464e-5
