1.000000000000001554e+00
9.999999991896050267e-01
1.000000009693144509e+00
1.000000007275335445e+00
9.999999941561108496e-01
9.999999951315491353e-01
9.999999832475916506e-01
9.999999779774471076e-01
9.999999738669475002e-01
9.999999616410251146e-01
9.999999488415155513e-01
9.999999406222319642e-01
9.999999336374780778e-01
9.999999189139113787e-01
9.999999081080162000e-01
9.999998966677354773e-01
9.999998810170585006e-01
9.999998722281904229e-01
9.999998576940867245e-01
9.999998381542722914e-01
9.999998233726274943e-01
9.999998024826693976e-01
9.999997832276722454e-01
9.999997612972083560e-01
9.999997382582060945e-01
9.999997141888484764e-01
9.999996891554925327e-01
9.999996632149299458e-01
9.999996352146786061e-01
9.999996076279006330e-01
9.999995769631836451e-01
9.999995456457684284e-01
9.999995159039336556e-01
9.999994822164001151e-01
9.999994458429234401e-01
9.999994100433891031e-01
9.999993727118824394e-01
9.999993328877688770e-01
9.999992926667349291e-01
9.999992510626760644e-01
9.999992042144495441e-01
9.999991571202377916e-01
9.999991097751366187e-01
9.999990593462416699e-01
9.999990096534348005e-01
9.999989569685098223e-01
9.999989022851215603e-01
9.999988465566627127e-01
9.999987889048206346e-01
9.999987284818394606e-01
9.999986671165275176e-01
9.999986030730342312e-01
9.999985364082810690e-01
9.999984706288421732e-01
9.999983997135928337e-01
9.999983263206653206e-01
9.999982521890249387e-01
9.999981764921148653e-01
9.999980967564570111e-01
9.999980163761966745e-01
9.999979320672855998e-01
9.999978463613493629e-01
9.999977592864587317e-01
9.999976684409003225e-01
9.999975746999809623e-01
9.999974805216993445e-01
9.999973819384948559e-01
9.999972806158168304e-01
9.999971797591407086e-01
9.999970738874642828e-01
9.999969646525294076e-01
9.999968552213587270e-01
9.999967409874234159e-01
9.999966281746724972e-01
9.999965114409899991e-01
9.999963908687486969e-01
9.999962665406005868e-01
9.999961430329455947e-01
9.999960151401251496e-01
9.999958859199957750e-01
9.999957561532110129e-01
9.999956207563560628e-01
9.999954834888792332e-01
9.999953444116115309e-01
9.999952028690846095e-01
9.999950589374502208e-01
9.999949119865869651e-01
9.999947621090877758e-01
9.999946107932260464e-01
9.999944581036656066e-01
9.999943027314753818e-01
9.999941447733716737e-01
9.999939843272759310e-01
9.999938208213594582e-01
9.999936563687648050e-01
9.999934910376051533e-01
9.999933203170148222e-01
9.999931495834331052e-01
9.999929776041912577e-01
9.999928031937218575e-01
9.999926264762586392e-01
9.999924488259036570e-01
9.999922672424828018e-01
9.999920843574809926e-01
9.999919014915077398e-01
9.999917157241455801e-01
9.999915284103123581e-01
9.999913402678475283e-01
9.999911508320576958e-01
9.999909596667254652e-01
9.999907686199169810e-01
9.999905761153358164e-01
9.999903823117224366e-01
9.999901889938527244e-01
9.999899935845295573e-01
9.999897983964137760e-01
9.999896035455448917e-01
9.999894071049995059e-01
9.999892102912129044e-01
9.999890137630931264e-01
9.999888171746262877e-01
9.999886202128840385e-01
9.999884235380095410e-01
9.999882263938635329e-01
9.999880312597952958e-01
9.999878368928030170e-01
9.999876425885952935e-01
9.999874489915788756e-01
9.999872567107841448e-01
9.999870659110381421e-01
9.999868751623517404e-01
9.999866870748902459e-01
9.999864994767240223e-01
9.999863148652667899e-01
9.999861326230830016e-01
9.999859515050453229e-01
9.999857721272447098e-01
9.999855960616140793e-01
9.999854224693531801e-01
9.999852515639944261e-01
9.999850838595651936e-01
9.999849192448919677e-01
9.999847573658107169e-01
9.999846003900179081e-01
9.999844470637122562e-01
9.999842963350711322e-01
9.999841507236136851e-01
9.999840093824681198e-01
9.999838718475193566e-01
9.999837396599805528e-01
9.999836119210493424e-01
9.999834886912845056e-01
9.999833713132824098e-01
9.999832588685333423e-01
9.999831520960938969e-01
9.999830508750375824e-01
9.999829555704909945e-01
9.999827539344409155e-01
9.999825161677913243e-01
9.999822761600899446e-01
9.999820353246522409e-01
9.999817930325757276e-01
9.999815483379678183e-01
9.999813016437368862e-01
9.999810546612000195e-01
9.999808061181330032e-01
9.999805551002796111e-01
9.999803039467737298e-01
9.999800504485200081e-01
9.999797959600371655e-01
9.999795405363880452e-01
9.999792829756495305e-01
9.999790239833977745e-01
9.999787651778925257e-01
9.999785047488178868e-01
9.999782427718744149e-01
9.999779802328178091e-01
9.999777165857844929e-01
9.999774519005444340e-01
9.999771865434876617e-01
9.999769194015566409e-01
9.999766517330817006e-01
9.999763838911046587e-01
9.999761153581715467e-01
9.999758453511953249e-01
9.999755750917762587e-01
9.999753043641093075e-01
9.999750329621452938e-01
9.999747612396110430e-01
9.999744895405249245e-01
9.999742163092328884e-01
9.999739435271823851e-01
9.999736699264638595e-01
9.999733961265540039e-01
9.999731224669112795e-01
9.999728485050344284e-01
9.999725743284439972e-01
9.999723015369581525e-01
9.999720279264406875e-01
9.999717538550643159e-01
9.999714806470521022e-01
9.999712076420610440e-01
9.999709346892885486e-01
9.999706625927229364e-01
9.999703907242050160e-01
9.999701194103244317e-01
9.999698491943800338e-01
9.999695792477156786e-01
9.999693098968831517e-01
9.999690418958977478e-01
9.999687744493335195e-01
9.999685074479147673e-01
9.999682422692639516e-01
9.999679777272229009e-01
9.999677141396198232e-01
9.999674524189259284e-01
9.999671920365781341e-01
9.999669324988129659e-01
9.999666748932420912e-01
9.999664187256999126e-01
9.999661640993103839e-01
9.999659116699204375e-01
9.999656026067196279e-01
9.999652792560360659e-01
9.999649552530177621e-01
9.999646297025389652e-01
9.999643024144102554e-01
9.999639741168745433e-01
9.999636443883315184e-01
9.999633128154460371e-01
9.999629798951680248e-01
9.999626456674166608e-01
9.999623099488091915e-01
9.999619736719916885e-01
9.999616355399231216e-01
9.999612956023922195e-01
9.999609550052075413e-01
9.999606129100648833e-01
9.999602700150331813e-01
9.999599261415845763e-01
9.999595804710322833e-01
9.999592339122931328e-01
9.999588865062678522e-01
9.999585378708149008e-01
9.999581878431720305e-01
9.999578375210939063e-01
9.999574856898396646e-01
9.999571330253589352e-01
9.999567801901653175e-01
9.999564259899900165e-01
9.999560704799268507e-01
9.999557145252275792e-01
9.999553575633930436e-01
9.999549996464334178e-01
9.999546414234907754e-01
9.999542823427258753e-01
9.999539224564243378e-01
9.999535622078922215e-01
9.999532012539138481e-01
9.999528396470229730e-01
9.999524782072828355e-01
9.999521156383049947e-01
9.999517527614752987e-01
9.999513898141538792e-01
9.999510255329797648e-01
9.999506609180933703e-01
9.999502969450217993e-01
9.999499314490988278e-01
9.999495663296609216e-01
9.999492018092887013e-01
9.999488363107026379e-01
9.999484707970884845e-01
9.999481054985800421e-01
9.999477395863536344e-01
9.999473738264865741e-01
9.999470084453034868e-01
9.999466422899047080e-01
9.999462771414826534e-01
9.999459120228075815e-01
9.999455464915726344e-01
9.999451816197675313e-01
9.999448174566445413e-01
9.999444530684739041e-01
9.999440893408649833e-01
9.999437263269408405e-01
9.999433632808953920e-01
9.999429868097656771e-01
9.999425780642773320e-01
9.999421675030537582e-01
9.999417560429767482e-01
9.999413431796150276e-01
9.999409285914288015e-01
9.999405126615480421e-01
9.999400957682561542e-01
9.999396768954033066e-01
9.999392569455464175e-01
9.999388359466441223e-01
9.999384134112210276e-01
9.999379898865382588e-01
9.999375654006741332e-01
9.999371389621470874e-01
9.999367112877126651e-01
9.999362825780613306e-01
9.999358526953421311e-01
9.999354215043125826e-01
9.999349890390931694e-01
9.999345553338701009e-01
9.999341210846198758e-01
9.999336853291467264e-01
9.999332484339717997e-01
9.999328104335117873e-01
9.999323718506536451e-01
9.999319314168281236e-01
9.999314903069100868e-01
9.999310482299268443e-01
9.999306050604288565e-01
9.999301613135556099e-01
9.999297165436829005e-01
9.999292704714546343e-01
9.999288239249942700e-01
9.999283766216491287e-01
9.999279282842711281e-01
9.999274789519918549e-01
9.999270292826871742e-01
9.999265783834315746e-01
9.999261270640876775e-01
9.999256750525676862e-01
9.999252220824215165e-01
9.999247687998829015e-01
9.999243147867149517e-01
9.999238597829684938e-01
9.999234044286431367e-01
9.999229483141494068e-01
9.999224919241096465e-01
9.999220350001782887e-01
9.999215777282569606e-01
9.999211198551183344e-01
9.999206617121484397e-01
9.999202030490987880e-01
9.999197440512768154e-01
9.999192849010767326e-01
9.999188252110049469e-01
9.999183650254817035e-01
9.999179046694703921e-01
9.999174441829927762e-01
9.999169834673427015e-01
9.999165229787927434e-01
9.999160624784007023e-01
9.999156014603465259e-01
9.999151402452559623e-01
9.999146792826264507e-01
9.999141839840384183e-01
9.999136870281882805e-01
9.999131887043216649e-01
9.999126888928013823e-01
9.999121876184480229e-01
9.999116851908914638e-01
9.999111809226985947e-01
9.999106756918817451e-01
9.999101690962572953e-01
9.999096610200968183e-01
9.999091517703332377e-01
9.999086413708018206e-01
9.999081295663940772e-01
9.999076162444489047e-01
9.999071015713235644e-01
9.999065858499613935e-01
9.999060691043591964e-01
9.999055510837829841e-01
9.999050315409288014e-01
9.999045107780456521e-01
9.999039889579141027e-01
9.999034659702994432e-01
9.999029418419546067e-01
9.999024167344715552e-01
9.999018902702667688e-01
9.999013626127386534e-01
9.999008341905826214e-01
9.999003043628076348e-01
9.998997738234198795e-01
9.998992422002355163e-01
9.998987093898632494e-01
9.998981755533080662e-01
9.998976408498392310e-01
9.998971050457714504e-01
9.998965684308416257e-01
9.998960309027211668e-01
9.998954922318543659e-01
9.998949530925422824e-01
9.998944127404374438e-01
9.998938715913495701e-01
9.998933296739551668e-01
9.998927870169579402e-01
9.998922435227687311e-01
9.998916993473807580e-01
9.998911543941799707e-01
9.998906085684283740e-01
9.998900619017456748e-01
9.998895147977892028e-01
9.998889666663781650e-01
9.998884179112325077e-01
9.998878688078788324e-01
9.998873188953741886e-01
9.998867684502332764e-01
9.998862173816978061e-01
9.998856657216297350e-01
9.998851135019181102e-01
9.998845608742130686e-01
9.998840075112516157e-01
9.998834538042002951e-01
9.998828999018831709e-01
9.998823453621914492e-01
9.998817904546917212e-01
9.998812353282525711e-01
9.998806796644628125e-01
9.998801034218111061e-01
9.998795190705133118e-01
9.998789327873476296e-01
9.998783455623193595e-01
9.998777570510799517e-01
9.998771667926242834e-01
9.998765750499133409e-01
9.998759823227649779e-01
9.998753879134301137e-01
9.998747924401839571e-01
9.998741956845365042e-01
9.998735974303866181e-01
9.998729979364511244e-01
9.998723971056771020e-01
9.998717948422289892e-01
9.998711916375370157e-01
9.998705870429959175e-01
9.998699809646514058e-01
9.998693738913083662e-01
9.998687657269552664e-01
9.998681562611121398e-01
9.998675455165406678e-01
9.998669335160317306e-01
9.998663203971875912e-01
9.998657060674589481e-01
9.998650907780555208e-01
9.998644742084463743e-01
9.998638564960314890e-01
9.998632378902415629e-01
9.998626177346079391e-01
9.998619967315758306e-01
9.998613749022990937e-01
9.998607515959940795e-01
9.998601273978877657e-01
9.998595024414993482e-01
9.998588761928176583e-01
9.998582488992909800e-01
9.998576209162766126e-01
9.998569917145802011e-01
9.998563615398292637e-01
9.998557306351258944e-01
9.998550986953562703e-01
9.998544657457191231e-01
9.998538320284211522e-01
9.998531973504416470e-01
9.998525619527400821e-01
9.998519256436330105e-01
9.998512884484416219e-01
9.998506506062390109e-01
9.998500120338925656e-01
9.998493724371836366e-01
9.998487321611300160e-01
9.998480911246290237e-01
9.998474492479194620e-01
9.998468067672398041e-01
9.998461637070883423e-01
9.998455196751117047e-01
9.998448751153794500e-01
9.998442300524408299e-01
9.998435839948091042e-01
9.998429376922211009e-01
9.998422908596407144e-01
9.998416433182966134e-01
9.998409952995684913e-01
9.998403335421871541e-01
9.998396607973950578e-01
9.998389867576414902e-01
9.998383115441914493e-01
9.998376348605620967e-01
9.998369568289249276e-01
9.998362774668103636e-01
9.998355965846381643e-01
9.998349143046407761e-01
9.998342308513135102e-01
9.998335459328935304e-01
9.998328597736910739e-01
9.998321722888902086e-01
9.998314833945822766e-01
9.998307933138043113e-01
9.998301020642508252e-01
9.998294093589414899e-01
9.998287154203018279e-01
9.998280203678662215e-01
9.998273240176211996e-01
9.998266263887006788e-01
9.998259275002587820e-01
9.998252273714708371e-01
9.998245260215310459e-01
9.998238236691543435e-01
9.998231199341141018e-01
9.998224152342054527e-01
9.998217092901324765e-01
9.998210021218725263e-01
9.998202939466269701e-01
9.998195846846565926e-01
9.998188741590281481e-01
9.998181625863047373e-01
9.998174500835363965e-01
9.998167361822261068e-01
9.998160210990004737e-01
9.998153054365150894e-01
9.998145884375242431e-01
9.998138703173129471e-01
9.998131513855632591e-01
9.998124312769625099e-01
9.998117102047312521e-01
9.998109881891115158e-01
9.998102652503613186e-01
9.998095411235383700e-01
9.998088162104188381e-01
9.998080906251842759e-01
9.998073637262532287e-01
9.998066362904608484e-01
9.998059078666454713e-01
9.998051783830003147e-01
9.998044482356269747e-01
9.998037171647754517e-01
9.998029850065299762e-01
9.998022523401566275e-01
9.998015188150064514e-01
9.998007841765251813e-01
9.998000491841830817e-01
9.997993134895757361e-01
9.997985767482575614e-01
9.997978395314766065e-01
9.997971014953140889e-01
9.997963625718631064e-01
9.997956232367772866e-01
9.997948741505533476e-01
9.997941134841906718e-01
9.997933517282681093e-01
9.997925881601819054e-01
9.997918231651896637e-01
9.997910570341502767e-01
9.997902894152008724e-01
9.997895205073604741e-01
9.997887502347400090e-01
9.997879786131627089e-01
9.997872053859420127e-01
9.997864311144978311e-01
9.997856556321539356e-01
9.997848785026527407e-01
9.997841003750241873e-01
9.997833208137324457e-01
9.997825397459408903e-01
9.997817577269328959e-01
9.997809744132740706e-01
9.997801897321758613e-01
9.997794037006697554e-01
9.997786166025918186e-01
9.997778283646705511e-01
9.997770388257742891e-01
9.997762479145968495e-01
9.997754558252245349e-01
9.997746627503447669e-01
9.997738681782917247e-01
9.997730725662716811e-01
9.997722759303881990e-01
9.997714779374231586e-01
9.997706787799585104e-01
9.997698787361333217e-01
9.997690775611770553e-01
9.997682751857173145e-01
9.997674718868543309e-01
9.997666673357619160e-01
9.997658613786688520e-01
9.997650546362826240e-01
9.997642468671588123e-01
9.997634375754708147e-01
9.997626278913029907e-01
9.997618170617321720e-01
9.997610048502942881e-01
9.997601919554626182e-01
9.997593778007185517e-01
9.997585628277972924e-01
9.997577467166095522e-01
9.997569295703055969e-01
9.997561114074432487e-01
9.997552925813207869e-01
9.997544725238242114e-01
9.997536515884649644e-01
9.997528299595379586e-01
9.997520074881172114e-01
9.997511840267868655e-01
9.997503598424332116e-01
9.997495347878535554e-01
9.997487085530076811e-01
9.997478818147741420e-01
9.997470540987822840e-01
9.997462255064963887e-01
9.997453963014717448e-01
9.997445662576188719e-01
9.997437292316259105e-01
9.997428803005605769e-01
9.997420298650321335e-01
9.997411778570612917e-01
9.997403246199555449e-01
9.997394700027991687e-01
9.997386140195234638e-01
9.997377570927566959e-01
9.997368984183980789e-01
9.997360384197815364e-01
9.997351770295586082e-01
9.997343144245071089e-01
9.997334503750615609e-01
9.997325850578853146e-01
9.997317185677754292e-01
9.997308505151705216e-01
9.997299816402522854e-01
9.997291112317692185e-01
9.997282393054549576e-01
9.997273663575361180e-01
9.997264920815044364e-01
9.997256163326981859e-01
9.997247396048654089e-01
9.997238615932093619e-01
9.997229823127027348e-01
9.997221018575697116e-01
9.997212200841923968e-01
9.997203370080044449e-01
9.997194530385191680e-01
9.997185677957121097e-01
9.997176812950536728e-01
9.997167937087998446e-01
9.997159047386147135e-01
9.997150147913685947e-01
9.997141236474202941e-01
9.997132314779298978e-01
9.997123379092264228e-01
9.997114434233195235e-01
9.997105478797151390e-01
9.997096512163203830e-01
9.997087536029107824e-01
9.997078547464244291e-01
9.997069545097375665e-01
9.997060536001360909e-01
9.997051514189784216e-01
9.997042481359540433e-01
9.997033441482555682e-01
9.997024388612116841e-01
9.997015326718898809e-01
9.997006255197588009e-01
9.996997171179919928e-01
9.996988079369717450e-01
9.996978977655242016e-01
9.996969866198228694e-01
9.996960744410130495e-01
9.996951614704071565e-01
9.996942473496102100e-01
9.996933323945497163e-01
9.996924166210044982e-01
9.996914998961762278e-01
9.996905820884744998e-01
9.996896635854713997e-01
9.996887440333211972e-01
9.996878235970388937e-01
9.996868984734916808e-01
9.996859612599519052e-01
9.996850225041890026e-01
9.996840825169255318e-01
9.996831410127687834e-01
9.996821978564803812e-01
9.996812538025701134e-01
9.996803080479587100e-01
9.996793609760429300e-01
9.996784126730530184e-01
9.996774630775342452e-01
9.996765119814684519e-01
9.996755597653784742e-01
9.996746060014097823e-01
9.996736509961442474e-01
9.996726946890730492e-01
9.996717371660388540e-01
9.996707780754479078e-01
9.996698179406093843e-01
9.996688564830062962e-01
9.996678935709344405e-01
9.996669297250005970e-01
9.996659644509517939e-01
9.996649979792229246e-01
9.996640303227850577e-01
9.996630614227000056e-01
9.996620911486950867e-01
9.996611196581802750e-01
9.996601470360817476e-01
9.996591731525014124e-01
9.996581980211585172e-01
9.996572217982315767e-01
9.996562443545446985e-01
9.996552657748384307e-01
9.996542860016445209e-01
9.996533049779710023e-01
9.996523229298717172e-01
9.996513395883295239e-01
9.996503549678434908e-01
9.996493694343754344e-01
9.996483827199911243e-01
9.996473949089219602e-01
9.996464061548742119e-01
9.996454161218863987e-01
9.996444250339744375e-01
9.996434328354151244e-01
9.996424396098961829e-01
9.996414452326066735e-01
9.996404499950444222e-01
9.996394534957566691e-01
9.996384559570360429e-01
9.996374575308845101e-01
9.996364579558786323e-01
9.996354573842777258e-01
9.996344558303783545e-01
9.996334533084858531e-01
9.996324496963864270e-01
9.996314451454133554e-01
9.996304396018759197e-01
9.996294329446767657e-01
9.996284255959305698e-01
9.996274171629557781e-01
9.996264079313539330e-01
9.996253977128912727e-01
9.996243839345306803e-01
9.996233580158851995e-01
9.996223309326258688e-01
9.996213024235428568e-01
9.996202724323637323e-01
9.996192412418095641e-01
9.996182085920832794e-01
9.996171744950295146e-01
9.996161390973909988e-01
9.996151023431198990e-01
9.996140642438070545e-01
9.996130247438870242e-01
9.996119841235266978e-01
9.996109418576873962e-01
9.996098986282211385e-01
9.996088537774656668e-01
9.996078076519403499e-01
9.996067603964889914e-01
9.996057116896728267e-01
9.996046616104131699e-01
9.996036105025247753e-01
9.996025579795055904e-01
9.996015042522690131e-01
9.996004492004444408e-01
9.995993928363011705e-01
9.995983351721164922e-01
9.995972764174088088e-01
9.995962163866660699e-01
9.995951549610847531e-01
9.995940926117465875e-01
9.995930288266445807e-01
9.995919638147625630e-01
9.995908976536029833e-01
9.995898302901469190e-01
9.995887616067948844e-01
9.995876919408741568e-01
9.995866209151930137e-01
9.995855488664167066e-01
9.995844756771694595e-01
9.995834012953510594e-01
9.995823257336488021e-01
9.995812490690527685e-01
9.995801711855820670e-01
9.995790922244379706e-01
9.995780121340465119e-01
9.995769310549385001e-01
9.995758486164398882e-01
9.995747653421116485e-01
9.995736808618859159e-01
9.995725952526198776e-01
9.995715085907839192e-01
9.995704209524598483e-01
9.995693321605014781e-01
9.995682423545126927e-01
9.995671513582564671e-01
9.995660594370754382e-01
9.995649666034802650e-01
9.995638726191431456e-01
9.995627776856199631e-01
9.995616818782518953e-01
9.995605850223439059e-01
9.995594870067235904e-01
9.995583881564924500e-01
9.995572882978825957e-01
9.995561856629868736e-01
9.995550715343456405e-01
9.995539558686127313e-01
9.995528388016898802e-01
9.995517204688595392e-01
9.995506006932733944e-01
9.995494794234779379e-01
9.995483569812098068e-01
9.995472330659789240e-01
9.995461077508002168e-01
9.995449812321950400e-01
9.995438532729413739e-01
9.995427239458374302e-01
9.995415933850428925e-01
9.995404615393153058e-01
9.995393282347135866e-01
9.995381936054167360e-01
9.995370577236224463e-01
9.995359205386714629e-01
9.995347820614219891e-01
9.995336423638512269e-01
9.995325012124618436e-01
9.995313590455174868e-01
9.995302154468377331e-01
9.995290704888279976e-01
9.995279244257119222e-01
9.995267769647602218e-01
9.995256282387077196e-01
9.995244784401199345e-01
9.995233273378845151e-01
9.995221749434175518e-01
9.995210213283666212e-01
9.995198665640616653e-01
9.995187104812638390e-01
9.995175532116231665e-01
9.995163947663450177e-01
9.995152350968241617e-01
9.995140742145245394e-01
9.995129122502243169e-01
9.995117490361939971e-01
9.995105848221212952e-01
9.995094193217208822e-01
9.995082525469831669e-01
9.995070848653605511e-01
9.995059159324142239e-01
9.995047457010795000e-01
9.995035745375889791e-01
9.995024020992600011e-01
9.995012285748591241e-01
9.995000540346735685e-01
9.994988782553557716e-01
9.994977013077890327e-01
9.994965235550030691e-01
9.994953446570957745e-01
9.994941645678152575e-01
9.994929834742241059e-01
9.994918012715894307e-01
9.994906179720056683e-01
9.994894336455668604e-01
9.994882483620350921e-01
9.994870620173748055e-01
9.994858746237071934e-01
9.994846862508133256e-01
9.994834967378680712e-01
9.994823052390314766e-01
9.994811024154500734e-01
9.994798982596246884e-01
9.994786927810140886e-01
9.994774859313274584e-01
9.994762776048621289e-01
9.994750680421741196e-01
9.994738570223342666e-01
9.994726445554344973e-01
9.994714308238218381e-01
9.994702157222947747e-01
9.994689992034784254e-01
9.994677814491287338e-01
9.994665623544660704e-01
9.994653418152593671e-01
9.994641200698840544e-01
9.994628969001018159e-01
9.994616724300082744e-01
9.994604467263557002e-01
9.994592197421542368e-01
9.994579913173584629e-01
9.994567617455438757e-01
9.994555308101458202e-01
9.994542985780126010e-01
9.994530651721158510e-01
9.994518304332622449e-01
9.994505943718559049e-01
9.994493571668647824e-01
9.994481186036157094e-01
9.994468788048336272e-01
9.994456377807384717e-01
9.994443955415558412e-01
9.994431520416775516e-01
9.994419072915485813e-01
9.994406613573205700e-01
9.994394141379800978e-01
9.994381657553204068e-01
9.994369161641094568e-01
9.994356653748214248e-01
9.994344133979352618e-01
9.994331601333760196e-01
9.994319056472655838e-01
9.994306501157311784e-01
9.994293934387140643e-01
9.994281355167239367e-01
9.994268765804097399e-01
9.994256163655781400e-01
9.994243549929628934e-01
9.994230925280218614e-01
9.994218289266443289e-01
9.994205641450094602e-01
9.994192983575971301e-01
9.994180314114498032e-01
9.994167633719102106e-01
9.994154943040419736e-01
9.994142241099766011e-01
9.994129526924216966e-01
9.994116803872579169e-01
9.994104068806219932e-01
9.994091322918218223e-01
9.994078567395975332e-01
9.994065801269719218e-01
9.994053023575495409e-01
9.994040236573702440e-01
9.994027431962080321e-01
9.994014518879508202e-01
9.994001592078461949e-01
9.993988651648254562e-01
9.993975697140586867e-01
9.993962729183702987e-01
9.993949747330552746e-01
9.993936752208320007e-01
9.993923742835885138e-01
9.993910720375860368e-01
9.993897683315401403e-01
9.993884633350216262e-01
9.993871569504065855e-01
9.993858492935074889e-01
9.993845403733074839e-01
9.993832300394279722e-01
9.993819183013921137e-01
9.993806054337501799e-01
9.993792911274785862e-01
9.993779754451800335e-01
9.993766585020518178e-01
9.993753403600557084e-01
9.993740207646716334e-01
9.993726999890585327e-01
9.993713779370675399e-01
9.993700545655608281e-01
9.993687300415217134e-01
9.993674041643532124e-01
9.993660769438190705e-01
9.993647485465596558e-01
9.993634188773496962e-01
9.993620879457892903e-01
9.993607557614828663e-01
9.993594223340405147e-01
9.993580875690968313e-01
9.993567516843518961e-01
9.993554144815911533e-01
9.993540761262333927e-01
9.993527366277312751e-01
9.993513959438546923e-01
9.993500539809926364e-01
9.993487108007239605e-01
9.993473664643901522e-01
9.993460208787595667e-01
9.993446742080123180e-01
9.993433263076634265e-01
9.993419771877518620e-01
9.993406269607223447e-01
9.993392755339769451e-01
9.993379230197264596e-01
9.993365694276608036e-01
9.993352146655639645e-01
9.993338586926090450e-01
9.993325017223853024e-01
9.993311436121024016e-01
9.993297842704242928e-01
9.993284238091041383e-01
9.993270623394059360e-01
9.993256997194844837e-01
9.993243360100890760e-01
9.993229712717266455e-01
9.993216054136466742e-01
9.993202384461512544e-01
9.993188704297616409e-01
9.993175010930916979e-01
9.993161213183475722e-01
9.993147400867553598e-01
9.993133574069259506e-01
9.993119735389559555e-01
9.993105881892284659e-01
9.993092013665196838e-01
9.993078133303273658e-01
9.993064237881184031e-01
9.993050328989598885e-01
9.993036408213075150e-01
9.993022472635627595e-01
9.993008522845705510e-01
9.992994560426458062e-01
9.992980584963551127e-01
9.992966595547422282e-01
9.992952593756719848e-01
9.992938577689894908e-01
9.992924548924136952e-01
9.992910507544694454e-01
9.992896452152643105e-01
9.992882383826430237e-01
9.992868302652978540e-01
9.992854208226085166e-01
9.992840101619651083e-01
9.992825982427028242e-01
9.992811849752079034e-01
9.992797704176168416e-01
9.992783546769199443e-01
9.992769375656613828e-01
9.992755190930386888e-01
9.992740995616578026e-01
9.992726786866925615e-01
9.992712565261501201e-01
9.992698332353180390e-01
9.992684085793328563e-01
9.992669826648532538e-01
9.992655555981211357e-01
9.992641272908308059e-01
9.992626977035834468e-01
9.992612670393279384e-01
9.992598350164352272e-01
9.992584017894368120e-01
9.992569674639650845e-01
9.992555317595167574e-01
9.992540949748028867e-01
9.992526571186148843e-01
9.992512180075281414e-01
9.992497776509803309e-01
9.992483362981547934e-01
9.992468935745408842e-01
9.992454498249585537e-01
9.992440048670718777e-01
9.992425586626080269e-01
9.992411114595931565e-01
9.992396632192259709e-01
9.992382137602059400e-01
9.992367631872094424e-01
9.992353116994158180e-01
9.992338586417528479e-01
9.992324047828753386e-01
9.992309498946306823e-01
9.992294936082065648e-01
9.992280364532170056e-01
9.992265782969369514e-01
9.992251098981239643e-01
9.992236400005269914e-01
9.992221688636396815e-01
9.992206962587225627e-01
9.992192222411497848e-01
9.992177469604339723e-01
9.992162701886558862e-01
9.992147920753354784e-01
9.992133126283907485e-01
9.992118318087666040e-01
9.992103496245240413e-01
9.992088662243846509e-01
9.992073812881252515e-01
9.992058950583387888e-01
9.992044076364632321e-01
9.992029188433528830e-01
9.992014286872272777e-01
9.991999372695358206e-01
9.991984445050982044e-01
9.991969503556223930e-01
9.991954549224340010e-01
9.991939580279129984e-01
9.991924600981757498e-01
9.991909607235953672e-01
9.991894600980062435e-01
9.991879581370315400e-01
9.991864549876697810e-01
9.991849505194416725e-01
9.991834446946417092e-01
9.991819376600044045e-01
9.991804293316310925e-01
9.991789198098779412e-01
9.991774091028868821e-01
9.991758970811686069e-01
9.991743837532884864e-01
9.991728693567429875e-01
9.991713535792365874e-01
9.991698366123951125e-01
9.991683184188745459e-01
9.991667989159216390e-01
9.991652781122651872e-01
9.991637562896749092e-01
9.991622331378311461e-01
9.991607088018530369e-01
9.991591832902043668e-01
9.991576565207150873e-01
9.991561285926819913e-01
9.991545995145801884e-01
9.991530691593539792e-01
9.991515377164328360e-01
9.991500051490775913e-01
9.991484712856300021e-01
9.991469362701178580e-01
9.991454002909500032e-01
9.991438629072475486e-01
9.991423244872917886e-01
9.991407849946468689e-01
9.991392442140571983e-01
9.991377024229827208e-01
9.991361595851406818e-01
9.991346153967763932e-01
9.991330702239181738e-01
9.991315239414045868e-01
9.991299764246494020e-01
9.991284198701971819e-01
9.991268616130652980e-01
9.991253018106462935e-01
9.991237405599181498e-01
9.991221780465568969e-01
9.991206141888013814e-01
9.991190489940671160e-01
9.991174825141592164e-01
9.991159145346469872e-01
9.991143453292743448e-01
9.991127747281645100e-01
9.991112026505380994e-01
9.991096293252410554e-01
9.991080545830091086e-01
9.991064784757516248e-01
9.991049010552196519e-01
9.991033223730059198e-01
9.991017422606264242e-01
9.991001607699644405e-01
9.990985781722565573e-01
9.990969941675647004e-01
9.990954088076597905e-01
9.990938221879358538e-01
9.990922342722439176e-01
9.990906451120005194e-01
9.990890546274862061e-01
9.990874628265462576e-01
9.990858697170303948e-01
9.990842755244708773e-01
9.990826798646541551e-01
9.990810828328390292e-01
9.990794846107871052e-01
9.990778851193738985e-01
9.990762843664688919e-01
9.990746824465251974e-01
9.990730791076791739e-01
9.990714747039652899e-01
9.990698690701065310e-01
9.990682621277383602e-01
9.990666540142489893e-01
9.990650446943649676e-01
9.990634340039771244e-01
9.990618221233202867e-01
9.990602090173787975e-01
9.990585946513059756e-01
9.990569791617653905e-01
9.990553624709572755e-01
9.990537444586660154e-01
9.990521253895716658e-01
9.990505051860082419e-01
9.990488837280201428e-01
9.990472611090809307e-01
9.990456372947040808e-01
9.990440122505728215e-01
9.990423859425417996e-01
9.990407585911427191e-01
9.990391301194425644e-01
9.990375004508463830e-01
9.990358697628483053e-01
9.990342378097777365e-01
9.990326047268439646e-01
9.990309705644239147e-01
9.990293351199909244e-01
9.990276986547540483e-01
9.990260536917398015e-01
9.990244066559997860e-01
9.990227584353834622e-01
9.990211087835987325e-01
9.990194576657299708e-01
9.990178052152761667e-01
9.990161515232788281e-01
9.990144963025355818e-01
9.990128396864474958e-01
9.990111817660645155e-01
9.990095224227134585e-01
9.990078618311177827e-01
9.990061999145333216e-01
9.990045366382875880e-01
9.990028719678542002e-01
9.990012060356839863e-01
9.989995387237711189e-01
9.989978701643543735e-01
9.989962002812491360e-01
9.989945289985626697e-01
9.989928564068004668e-01
9.989911825546907709e-01
9.989895072420980071e-01
9.989878307252060274e-01
9.989861528869016238e-01
9.989844736931998703e-01
9.989827931928804139e-01
9.989811115171236544e-01
9.989794284667945501e-01
9.989777442142773189e-01
9.989760586844038670e-01
9.989743718434260789e-01
9.989726837810115612e-01
9.989709944633815564e-01
9.989693038158922178e-01
9.989676119690881206e-01
9.989659188074264673e-01
9.989642244203329469e-01
9.989625287743377768e-01
9.989608319994451868e-01
9.989591338172787438e-01
9.989574344803425765e-01
9.989557339959355131e-01
9.989540321679424295e-01
9.989523292074540262e-01
9.989506249593413933e-01
9.989489193907867826e-01
9.989472127123341094e-01
9.989455048908012502e-01
9.989437957313154204e-01
9.989420855248298814e-01
9.989403741170121975e-01
9.989386614348272353e-01
9.989369476474080356e-01
9.989352326816509642e-01
9.989335164647530352e-01
9.989317991654084183e-01
9.989300806304226565e-01
9.989283609479484571e-01
9.989266400855807415e-01
9.989249182113141279e-01
9.989231950924289949e-01
9.989214707769297208e-01
9.989197453925430237e-01
9.989180118875925496e-01
9.989162764006521700e-01
9.989145395715903764e-01
9.989128013270333062e-01
9.989110618335412806e-01
9.989093208979410443e-01
9.989075785669935259e-01
9.989058349271817683e-01
9.989040899054676403e-01
9.989023434688578673e-01
9.989005957037473404e-01
9.988988466565547064e-01
9.988970962148233657e-01
9.988953444251074121e-01
9.988935912942110695e-01
9.988918367101724538e-01
9.988900808383227581e-01
9.988883238039514278e-01
9.988865653370375686e-01
9.988848055630712430e-01
9.988830445282991244e-01
9.988812820424759487e-01
9.988795183096261798e-01
9.988777532184941466e-01
9.988759868154027943e-01
9.988742191465478371e-01
9.988724502187650289e-01
9.988706799212996312e-01
9.988689083787838374e-01
9.988671355980610622e-01
9.988653614295806005e-01
9.988635859587196020e-01
9.988618093486603122e-01
9.988600313720568113e-01
9.988582521920315038e-01
9.988564716986400027e-01
9.988546898990420253e-01
9.988529068003988431e-01
9.988511226040512891e-01
9.988493370062541121e-01
9.988475502470887113e-01
9.988457622559578919e-01
9.988439729625333552e-01
9.988421824901005941e-01
9.988403908456409130e-01
9.988385979203306952e-01
9.988368037214566675e-01
9.988350083719154116e-01
9.988332117246887520e-01
9.988314139025786798e-01
9.988296149895538045e-01
9.988278146852955786e-01
9.988260132277207992e-01
9.988242106622691185e-01
9.988224068044398996e-01
9.988206018148166887e-01
9.988187957005129070e-01
9.988169884304419766e-01
9.988151798591541342e-01
9.988133702230744815e-01
9.988115593006267057e-01
9.988097472517049047e-01
9.988079341596020067e-01
9.988061198033566512e-01
9.988042979183955339e-01
9.988024740302392512e-01
9.988006486199265677e-01
9.987988219603232132e-01
9.987969939054971436e-01
9.987951643859226403e-01
9.987933335599535889e-01
9.987915014717446693e-01
9.987896678243982640e-01
9.987878328518933202e-01
9.987859966362153674e-01
9.987841589567644229e-01
9.987823200090593101e-01
9.987804797238863941e-01
9.987786380322691837e-01
9.987767950538524175e-01
9.987749506820462475e-01
9.987731049610875100e-01
9.987712580102764415e-01
9.987694096856469805e-01
9.987675599562967355e-01
9.987657089789434561e-01
9.987638566850124411e-01
9.987620030061674647e-01
9.987601480987797764e-01
9.987582918944587496e-01
9.987564343624051322e-01
9.987545754719404645e-01
9.987527153789719225e-01
9.987508538663028013e-01
9.987489912387189639e-01
9.987471273164105767e-01
9.987452619945119681e-01
9.987433953542386167e-01
9.987415276250264373e-01
9.987396585164168838e-01
9.987377881094531284e-01
9.987359165589926313e-01
9.987340436494683837e-01
9.987321694987176812e-01
9.987302940764808401e-01
9.987284174264312586e-01
9.987265395921240962e-01
9.987246605064623584e-01
9.987227801025917451e-01
9.987208984978245274e-01
9.987190157356051756e-01
9.987171316389129583e-01
9.987152463982756911e-01
9.987133598736432916e-01
9.987114721452541310e-01
9.987095831832972781e-01
9.987076930678044917e-01
9.987058016227656765e-01
9.987039090379086215e-01
9.987020153564263314e-01
9.987001203662269067e-01
9.986982242565911605e-01
9.986963269614529404e-01
9.986944284513532555e-01
9.986925288059496086e-01
9.986906279594569558e-01
9.986887258463365002e-01
9.986868226549705518e-01
9.986849124564607383e-01
9.986830000297317600e-01
9.986810861717659860e-01
9.986791709975018083e-01
9.986772543316986273e-01
9.986753363617120183e-01
9.986734170572899583e-01
9.986714963159830649e-01
9.986695742162950973e-01
9.986676507643199585e-01
9.986657260022275828e-01
9.986637998278946604e-01
9.986618723196224456e-01
9.986599434115257523e-01
9.986580131818031392e-01
9.986560817084422226e-01
9.986541487819095009e-01
9.986522145880711854e-01
9.986502790253802830e-01
9.986483421717786690e-01
9.986464039617709565e-01
9.986444644731966580e-01
9.986425236049186749e-01
9.986405814704805151e-01
9.986386380403083907e-01
9.986366931779225853e-01
9.986347471037279044e-01
9.986327997169208714e-01
9.986308510237971170e-01
9.986289009950906070e-01
9.986269497437941789e-01
9.986249971695174699e-01
9.986230433141294327e-01
9.986210882548495205e-01
9.986191318206778522e-01
9.986171741243756728e-01
9.986152151368812291e-01
9.986132548645915152e-01
9.986112933139055237e-01
9.986093305971057710e-01
9.986073665440181601e-01
9.986054013021690157e-01
9.986034348073790090e-01
9.986014669956881917e-01
9.985994980494599105e-01
9.985975278694724233e-01
9.985955563568336135e-01
9.985935835883593681e-01
9.985916096756969340e-01
9.985896344149807202e-01
9.985876579529376906e-01
9.985856802959958145e-01
9.985837014156461189e-01
9.985817213533130232e-01
9.985797401503146986e-01
9.985777576387236953e-01
9.985757739646227149e-01
9.985737890996504440e-01
9.985718030155585900e-01
9.985698157537028496e-01
9.985678272858941051e-01
9.985658376881273446e-01
9.985638468628647013e-01
9.985618549207134764e-01
9.985598562235311615e-01
9.985578552444234202e-01
9.985558529169353825e-01
9.985538491428345154e-01
9.985518440319232081e-01
9.985498376245158791e-01
9.985478297879560872e-01
9.985458205627317785e-01
9.985438100237632453e-01
9.985417980732651522e-01
9.985397847171808561e-01
9.985377701337263545e-01
9.985357541219055388e-01
9.985337367909570272e-01
9.985317181466861758e-01
9.985296980574730474e-01
9.985276767354144267e-01
9.985256540489424459e-01
9.985236299697330953e-01
9.985216046408582624e-01
9.985195779653570636e-01
9.985175499149847589e-01
9.985155205299682812e-01
9.985134898845999807e-01
9.985114578822941178e-01
9.985094245632097909e-01
9.985073900014986847e-01
9.985053541008009903e-01
9.985033168671706427e-01
9.985012783406765902e-01
9.984992385273027127e-01
9.984971974330342226e-01
9.984951550638589968e-01
9.984931113579360584e-01
9.984910664569669470e-01
9.984890202651998115e-01
9.984869726871798967e-01
9.984849238982840269e-01
9.984828738706452711e-01
9.984808225089647493e-01
9.984787699206945089e-01
9.984767161455569973e-01
9.984746609199456335e-01
9.984726045870666589e-01
9.984705469844934456e-01
9.984684880511529581e-01
9.984664279613228999e-01
9.984643666202415169e-01
9.984623040005335959e-01
9.984602401754806289e-01
9.984581752181654890e-01
9.984561088667931461e-01
9.984540413620159871e-01
9.984519726096080516e-01
9.984499026492174023e-01
9.984478314870260940e-01
9.984457591625610640e-01
9.984436855486620299e-01
9.984416107183284872e-01
9.984395347110925911e-01
9.984374575331467216e-01
9.984353791242501774e-01
9.984332995239417752e-01
9.984312187053283605e-01
9.984291316500449875e-01
9.984270422726881922e-01
9.984249514565751715e-01
9.984228592737004471e-01
9.984207657295802729e-01
9.984186708297324575e-01
9.984165745465698460e-01
9.984144768856798580e-01
9.984123778526527992e-01
9.984102774200397379e-01
9.984081756925557993e-01
9.984060725106826961e-01
9.984039680121131743e-01
9.984018622023791423e-01
9.983997550211566319e-01
9.983976464741147749e-01
9.983955366984634816e-01
9.983934255024342619e-01
9.983913129575162637e-01
9.983891991678384148e-01
9.983870839093131888e-01
9.983849674500704374e-01
9.983828496645229533e-01
9.983807304601715060e-01
9.983786100064309110e-01
9.983764882108057126e-01
9.983743650463926533e-01
9.983722406495694202e-01
9.983701149932789898e-01
9.983679879853704087e-01
9.983658596316761225e-01
9.983637301007678433e-01
9.983615991704677395e-01
9.983594669767592578e-01
9.983573334928661502e-01
9.983551986596475025e-01
9.983530626127533614e-01
9.983509253254133631e-01
9.983487866737809080e-01
9.983466467609416473e-01
9.983445056897091163e-01
9.983423632070951292e-01
9.983402195130166579e-01
9.983380745486429841e-01
9.983359283843378229e-01
9.983337809291341625e-01
9.983316322211698290e-01
9.983294822341242103e-01
9.983273310704156023e-01
9.983251786072196987e-01
9.983230249468905138e-01
9.983208700952304060e-01
9.983187139618330264e-01
9.983165565527101215e-01
9.983143979699488080e-01
9.983122381553554137e-01
9.983100770829008708e-01
9.983079147905594697e-01
9.983057513800819294e-01
9.983035866338486608e-01
9.983014207812973551e-01
9.982992537963150115e-01
9.982970855255217657e-01
9.982949160705383296e-01
9.982927406550490268e-01
9.982905626965374868e-01
9.982883834394005174e-01
9.982862028569639001e-01
9.982840208590381126e-01
9.982818375145761092e-01
9.982796527653337026e-01
9.982774666484467430e-01
9.982752792009709220e-01
9.982730903647900611e-01
9.982709001136299554e-01
9.982687085795819426e-01
9.982665156729603195e-01
9.982643213991722053e-01
9.982621257636274947e-01
9.982599288033117135e-01
9.982577304920223771e-01
9.982555308351732659e-01
9.982533299327195353e-01
9.982511276009407020e-01
9.982489239713278062e-01
9.982467190492400055e-01
9.982445127143170227e-01
9.982423051292176330e-01
9.982400962050768101e-01
9.982378858846474579e-01
9.982356742989362264e-01
9.982334613906580500e-01
9.982312472279200044e-01
9.982290317535238433e-01
9.982268150042320487e-01
9.982245968917503598e-01
9.982223774841512132e-01
9.982201568181402473e-01
9.982179348056150481e-01
9.982157115456895546e-01
9.982134869815296740e-01
9.982112611187070605e-01
9.982090339627962550e-01
9.982068055504504933e-01
9.982045758561277626e-01
9.982023449474791699e-01
9.982001127369151128e-01
9.981978791990864242e-01
9.981956444945686568e-01
9.981934085049501970e-01
9.981911712358817468e-01
9.981889326930145634e-01
9.981866929746712191e-01
9.981844519628443324e-01
9.981822097249484216e-01
9.981799662357536684e-01
9.981777214701146317e-01
9.981754755568936766e-01
9.981732283785123006e-01
9.981709799099572900e-01
9.981687301877431029e-01
9.981664793711017003e-01
9.981642272506987545e-01
9.981619739550269266e-01
9.981597195203331108e-01
9.981574637684741402e-01
9.981552068583511295e-01
9.981529487344339424e-01
9.981506848659131848e-01
9.981484185328668435e-01
9.981461509077238503e-01
9.981438818425550918e-01
9.981416114036811837e-01
9.981393396267393969e-01
9.981370664557465133e-01
9.981347919568596128e-01
9.981325161046503691e-01
9.981302388433108685e-01
9.981279602085046943e-01
9.981256802358220437e-01
9.981233988695716874e-01
9.981211161757492789e-01
9.981188322202003693e-01
9.981165468258563767e-01
9.981142600587172842e-01
9.981119720149408403e-01
9.981096826087270113e-01
9.981073918755833940e-01
9.981050998509430894e-01
9.981028064492390994e-01
9.981005117664077941e-01
9.980982157169993041e-01
9.980959183063163875e-01
9.980936195698189017e-01
9.980913196031649948e-01
9.980890182909640806e-01
9.980867156686239472e-01
9.980844117413980587e-01
9.980821064243610152e-01
9.980797998431056861e-01
9.980774920328540079e-01
9.980751828787406410e-01
9.980728724161251897e-01
9.980705607402202695e-01
9.980682476166156114e-01
9.980659333501795683e-01
9.980636177665097586e-01
9.980613008411034492e-01
9.980589826391392805e-01
9.980566632554940254e-01
9.980543425163475035e-01
9.980520205166368841e-01
9.980496972914874032e-01
9.980473727866330247e-01
9.980450470372215221e-01
9.980427200485912920e-01
9.980403917369417011e-01
9.980380621968711896e-01
9.980357314040485539e-01
9.980333993638762502e-01
9.980310661113950266e-01
9.980287316223355187e-01
9.980263959021057341e-01
9.980240588969579996e-01
9.980217207010952940e-01
9.980193812312543322e-01
9.980170405815238510e-01
9.980146987572608985e-01
9.980123556753812686e-01
9.980100113414200891e-01
9.980076658492388342e-01
9.980053191159338200e-01
9.980029668908401153e-01
9.980006122193511020e-01
9.979982561440299271e-01
9.979958986698187484e-01
9.979935398898628351e-01
9.979911796914151534e-01
9.979888181088399923e-01
9.979864552351300766e-01
9.979840908697580337e-01
9.979817252817071438e-01
9.979793582998890411e-01
9.979769899000296984e-01
9.979746201457109223e-01
9.979722491003755191e-01
9.979698766227442785e-01
9.979675028347679833e-01
9.979651277413538191e-01
9.979627512307156501e-01
9.979603734245984237e-01
9.979579942987745200e-01
9.979556137708469610e-01
9.979532319623537484e-01
9.979508488491246609e-01
9.979484643489249240e-01
9.979460785540351653e-01
9.979436914984605167e-01
9.979413030130310780e-01
9.979389132769713733e-01
9.979365222662248680e-01
9.979341298409591943e-01
9.979317361800852382e-01
9.979293412017498088e-01
9.979269449110417245e-01
9.979245473419415813e-01
9.979221484994867941e-01
9.979197483310056072e-01
9.979173468704827243e-01
9.979149441518340158e-01
9.979125400648927169e-01
9.979101347300557423e-01
9.979077280948356332e-01
9.979053201643867110e-01
9.979029110013273307e-01
9.979005005532810557e-01
9.978980887967106028e-01
9.978956758228634261e-01
9.978932615794736671e-01
9.978908460430626626e-01
9.978884292474725637e-01
9.978860112836874796e-01
9.978835919565958168e-01
9.978811714144331102e-01
9.978787496623153785e-01
9.978763266197570037e-01
9.978739023490715843e-01
9.978714768554334258e-01
9.978690501155377257e-01
9.978666221346152998e-01
9.978641929747881223e-01
9.978617624990486767e-01
9.978593308832460762e-01
9.978568980188925464e-01
9.978544639112804093e-01
9.978520286224122904e-01
9.978495880414403052e-01
9.978471450078445493e-01
9.978447005803160463e-01
9.978422547635983353e-01
9.978398076191007382e-01
9.978373590665227111e-01
9.978349091389602243e-01
9.978324577845940624e-01
9.978300051496091783e-01
9.978275511538565734e-01
9.978250957456180625e-01
9.978226389861826195e-01
9.978201809085078811e-01
9.978177214609283974e-01
9.978152606482502129e-01
9.978127985315891069e-01
9.978103350312431674e-01
9.978078701801931238e-01
9.978054040113554235e-01
9.978029364733167483e-01
9.978004676270849638e-01
9.977979974774264793e-01
9.977955259449903247e-01
9.977930530907391793e-01
9.977905789474996734e-01
9.977881034360712720e-01
9.977856266173230626e-01
9.977831485240364895e-01
9.977806690771620080e-01
9.977781883095494520e-01
9.977757062539841515e-01
9.977732228595097563e-01
9.977707381589309144e-01
9.977682522128463738e-01
9.977657648868250018e-01
9.977632762693773305e-01
9.977607864210076283e-01
9.977582952631220969e-01
9.977558028006576762e-01
9.977533090385517500e-01
9.977508140094875078e-01
9.977483177183559260e-01
9.977458201423382578e-01
9.977433212863776602e-01
9.977408211277407624e-01
9.977383197267453152e-01
9.977358170606440702e-01
9.977333130791294913e-01
9.977308079253075501e-01
9.977283014660063287e-01
9.977257937338555038e-01
9.977232847614201372e-01
9.977207745261101879e-01
9.977182630604600755e-01
9.977157503694273899e-01
9.977132363754857014e-01
9.977107211387018504e-01
9.977082047190104497e-01
9.977056870115441622e-01
9.977031680762737942e-01
9.977006478908030385e-01
9.976981264875937061e-01
9.976956038442854613e-01
9.976930800480315886e-01
9.976905511137209581e-01
9.976880197243767068e-01
9.976854869503137824e-01
9.976829528234469890e-01
9.976804172936142301e-01
9.976778804200707729e-01
9.976753421800266253e-01
9.976728024961661889e-01
9.976702615368616689e-01
9.976677191429645930e-01
9.976651754554212159e-01
9.976626303970103082e-01
9.976600839723489544e-01
9.976575362132571456e-01
9.976549870971209710e-01
9.976524366013868050e-01
9.976498847578796347e-01
9.976473316255061174e-01
9.976447771274178367e-01
9.976422212682847235e-01
9.976396641069718019e-01
9.976371055397353915e-01
9.976345457066718714e-01
9.976319845311663048e-01
9.976294219908592442e-01
9.976268581715365125e-01
9.976242930507800422e-01
9.976217265522541178e-01
9.976191587616559664e-01
9.976165896566633329e-01
9.976140191880713548e-01
9.976114474683728250e-01
9.976088744752487081e-01
9.976063001057472457e-01
9.976037244722266717e-01
9.976011475524639849e-01
9.975985692705924279e-01
9.975959896851170905e-01
9.975934089080642497e-01
9.975908267295396925e-01
9.975882433420067974e-01
9.975856586429682205e-01
9.975830726639747237e-01
9.975804854097717334e-01
9.975778968851065631e-01
9.975753070145850776e-01
9.975727158831911856e-01
9.975701235223592978e-01
9.975675298834586480e-01
9.975649349979416325e-01
9.975623388439249783e-01
9.975597414262108442e-01
9.975571427229957822e-01
9.975545427923122599e-01
9.975519416389185823e-01
9.975493392410157423e-01
9.975467355768675715e-01
9.975441306513296302e-01
9.975415244692589223e-01
9.975389171415032230e-01
9.975363084873621888e-01
9.975336986177015808e-01
9.975310875637872776e-01
9.975284752246482700e-01
9.975258580189759750e-01
9.975232383596341901e-01
9.975206172712112185e-01
9.975179948110346473e-01
9.975153710099085025e-01
9.975127458193869812e-01
9.975101192702897634e-01
9.975074913670123333e-01
9.975048620612378958e-01
9.975022314101325005e-01
9.974995994180947401e-01
9.974969660105821312e-01
9.974943312710219390e-01
9.974916952301006168e-01
9.974890577870928476e-01
9.974864189990444441e-01
9.974837788704030705e-01
9.974811373531589087e-01
9.974784945567061190e-01
9.974758504330084596e-01
9.974732049079589880e-01
9.974705580908271862e-01
9.974679099598666721e-01
9.974652604411007317e-01
9.974626095913730062e-01
9.974599574412991165e-01
9.974573039431348098e-01
9.974546491014255611e-01
9.974519929989358324e-01
9.974493355358504676e-01
9.974466768209377943e-01
9.974440167544993407e-01
9.974413553671439558e-01
9.974386926634239980e-01
9.974360286998666947e-01
9.974333633770489094e-01
9.974306967774878574e-01
9.974280289056968174e-01
9.974253596624704787e-01
9.974226891820749952e-01
9.974200174430830623e-01
9.974173443723517440e-01
9.974146700262742637e-01
9.974119944094141932e-01
9.974093174746478940e-01
9.974066393041157719e-01
9.974039598765264136e-01
9.974012791448453319e-01
9.973985971395149530e-01
9.973959138651482537e-01
9.973932293521170500e-01
9.973905435535068698e-01
9.973878565254357120e-01
9.973851681696201954e-01
9.973824786193088432e-01
9.973797878276641216e-01
9.973770956966225842e-01
9.973744023592635566e-01
9.973717078201663755e-01
9.973690120070295428e-01
9.973663149245652892e-01
9.973636166286850013e-01
9.973609170984319983e-01
9.973582163129092182e-01
9.973555108336684683e-01
9.973528028543493518e-01
9.973500935324334238e-01
9.973473828209953318e-01
9.973446706987608712e-01
9.973419572211111861e-01
9.973392424178025850e-01
9.973365261910041024e-01
9.973338086470480146e-01
9.973310897136915543e-01
9.973283694207213390e-01
9.973256477469643055e-01
9.973229247476232961e-01
9.973202003760864853e-01
9.973174746875063112e-01
9.973147476353250163e-01
9.973120192238684734e-01
9.973092894574631107e-01
9.973065583911604470e-01
9.973038259278153017e-01
9.973010921478433488e-01
9.972983570808575671e-01
9.972956206298755344e-01
9.972928828499004750e-01
9.972901437452670326e-01
9.972874033203098509e-01
9.972846615541098858e-01
9.972819184510439694e-01
9.972791740659486814e-01
9.972764283274762054e-01
9.972736813156541924e-01
9.972709329844056114e-01
9.972681833632890402e-01
9.972654324566476713e-01
9.972626801682303865e-01
9.972599265779495958e-01
9.972571717404368208e-01
9.972544155344551520e-01
9.972516580398000929e-01
9.972488992859438461e-01
9.972461392020313120e-01
9.972433778175895380e-01
9.972406152121783274e-01
9.972378512399395767e-01
9.972350860305057019e-01
9.972323195632297743e-01
9.972295517425572298e-01
9.972267826979207550e-01
9.972240123837572412e-01
9.972212407546112711e-01
9.972184679147431119e-01
9.972156937937518562e-01
9.972129183463069868e-01
9.972101417014447300e-01
9.972073637640078703e-01
9.972045845633916716e-01
9.972018041537914490e-01
9.971990224899359712e-01
9.971962395514893940e-01
9.971934553926099509e-01
9.971906699681507558e-01
9.971878832330750564e-01
9.971850953406332652e-01
9.971823062209229649e-01
9.971795124922470110e-01
9.971767162966065356e-01
9.971739187402349769e-01
9.971711197529736781e-01
9.971683194132281436e-01
9.971655177745332166e-01
9.971627146926372864e-01
9.971599102458741370e-01
9.971571044630582747e-01
9.971542972742595268e-01
9.971514887330048538e-01
9.971486788927245160e-01
9.971458676342903615e-01
9.971430550604454268e-01
9.971402411752861017e-01
9.971374258599111640e-01
9.971346092415415141e-01
9.971317912505519576e-01
9.971289719157170328e-01
9.971261512412128436e-01
9.971233292802912374e-01
9.971205058899039742e-01
9.971176812214559426e-01
9.971148552055510983e-01
9.971120278464077336e-01
9.971091991727203396e-01
9.971063691886714597e-01
9.971035378495437529e-01
9.971007052084730482e-01
9.970978712696445534e-01
9.970950359640058380e-01
9.970921993690585738e-01
9.970893614889912993e-01
9.970865222548666029e-01
9.970836816466246422e-01
9.970808398634117831e-01
9.970779966902274527e-01
9.970751522044292159e-01
9.970723064589133156e-01
9.970694594092734953e-01
9.970666110112058611e-01
9.970637613661595955e-01
9.970609104298071568e-01
9.970580581336723203e-01
9.970552046033325233e-01
9.970523497945381619e-01
9.970494936389291407e-01
9.970466362860972431e-01
9.970437776192715429e-01
9.970409176911577687e-01
9.970380564818752678e-01
9.970351940440432825e-01
9.970323303094964507e-01
9.970294654032161308e-01
9.970265991847044873e-01
9.970237316342629441e-01
9.970208628526749939e-01
9.970179928683029491e-01
9.970151215891540630e-01
9.970122491158254219e-01
9.970093753323925334e-01
9.970065002192766146e-01
9.970036240450729226e-01
9.970007465738726093e-01
9.969978646175139403e-01
9.969949802765329938e-01
9.969920944137689034e-01
9.969892072492915203e-01
9.969863187150561634e-01
9.969834288390120314e-01
9.969805375293040450e-01
9.969776449576038813e-01
9.969747509841900834e-01
9.969718555652874459e-01
9.969689588484565990e-01
9.969660607659384111e-01
9.969631612501131945e-01
9.969602604722058725e-01
9.969573583406703410e-01
9.969544548118418614e-01
9.969515499851626661e-01
9.969486437692989256e-01
9.969457362159772629e-01
9.969428274006317814e-01
9.969399171368815704e-01
9.969370055240448503e-01
9.969340926612541010e-01
9.969311784811800692e-01
9.969282628928921586e-01
9.969253460429515767e-01
9.969224278404529294e-01
9.969195082420927445e-01
9.969165874416150430e-01
9.969136653008201510e-01
9.969107418001502685e-01
9.969078169674145951e-01
9.969048908303770329e-01
9.969019633931184288e-01
9.968990346833457306e-01
9.968961046342672550e-01
9.968931731792336493e-01
9.968902405112224363e-01
9.968873065634800135e-01
9.968843712693948866e-01
9.968814347038230661e-01
9.968784968473111130e-01
9.968755576569214849e-01
9.968726172309269051e-01
9.968696755028610967e-01
9.968667324298969845e-01
9.968637881571696946e-01
9.968608425713438859e-01
9.968578956531612967e-01
9.968549475709944652e-01
9.968519981647810946e-01
9.968490474387611266e-01
9.968460954674114305e-01
9.968431423016679283e-01
9.968401877818749979e-01
9.968372320759839589e-01
9.968342750478721426e-01
9.968313167718789725e-01
9.968283572755213262e-01
9.968253964929507660e-01
9.968224344050986563e-01
9.968194711327766910e-01
9.968165065636240829e-01
9.968135407019281802e-01
9.968105706323761028e-01
9.968075980943122971e-01
9.968046241624797243e-01
9.968016488873042702e-01
9.967986722028301383e-01
9.967956940664807197e-01
9.967927146449041542e-01
9.967897338721798395e-01
9.967867516825184016e-01
9.967837681958997553e-01
9.967807833233425230e-01
9.967777970455897751e-01
9.967748094592873143e-01
9.967718205219437966e-01
9.967688301911533655e-01
9.967658385171569435e-01
9.967628455269789134e-01
9.967598510857826888e-01
9.967568554055856733e-01
9.967538583284910603e-01
9.967508599277499215e-01
9.967478602534101118e-01
9.967448591939971347e-01
9.967418567996154666e-01
9.967388530742022912e-01
9.967358479986662134e-01
9.967328415999969771e-01
9.967298339511549976e-01
9.967268249410019543e-01
9.967238145045896891e-01
9.967208028757658100e-01
9.967177899205303948e-01
9.967147756199079556e-01
9.967117600696733248e-01
9.967087430902672462e-01
9.967057248233474054e-01
9.967027052728612002e-01
9.966996844198601213e-01
9.966966622683266497e-01
9.966936388908668176e-01
9.966906141770479621e-01
9.966875880623649042e-01
9.966845607793812789e-01
9.966815321264461680e-01
9.966785021304996883e-01
9.966754709324765482e-01
9.966724384450791341e-01
9.966694046267599028e-01
9.966663695271580359e-01
9.966633331047722866e-01
9.966602954091996480e-01
9.966572565126906591e-01
9.966542163509822805e-01
9.966511748826657469e-01
9.966481322026675693e-01
9.966450882014692425e-01
9.966420429285720584e-01
9.966389963880420977e-01
9.966359486066087570e-01
9.966328994976981770e-01
9.966298492692446942e-01
9.966267976761923331e-01
9.966237448358699069e-01
9.966206908653830743e-01
9.966176326064688507e-01
9.966145718474600512e-01
9.966115097927070732e-01
9.966084463328734877e-01
9.966053815169220176e-01
9.966023153937347834e-01
9.965992478090326401e-01
9.965961788794744924e-01
9.965931086313390974e-01
9.965900370232642080e-01
9.965869639914479716e-01
9.965838896523154800e-01
9.965808138970611019e-01
9.965777368420090099e-01
9.965746584234221883e-01
9.965715786226310158e-01
9.965684974659316797e-01
9.965654149795786232e-01
9.965623312122269262e-01
9.965592460330082725e-01
9.965561595355013624e-01
9.965530717234826197e-01
9.965499825111325816e-01
9.965468920142971365e-01
9.965438001472106677e-01
9.965407069361136294e-01
9.965376124742791886e-01
9.965345166089949469e-01
9.965314193888733518e-01
9.965283209294217848e-01
9.965252211674137106e-01
9.965221199951359576e-01
9.965190175726275079e-01
9.965159138145041062e-01
9.965128087691942360e-01
9.965097024627804778e-01
9.965065947432767413e-01
9.965034857259057466e-01
9.965003754812185033e-01
9.964972639018623290e-01
9.964941509695424138e-01
9.964910367992144691e-01
9.964879213280982695e-01
9.964848044935399329e-01
9.964816863882024478e-01
9.964785670381033356e-01
9.964754463363242332e-01
9.964723243754051163e-01
9.964692011370783753e-01
9.964660765810009480e-01
9.964629508216651388e-01
9.964598237744839437e-01
9.964566953550400008e-01
9.964535657439906879e-01
9.964504348568783421e-01
9.964473026755771290e-01
9.964441692481369461e-01
9.964410345343890363e-01
9.964378984942513506e-01
9.964347613298621953e-01
9.964316228469485281e-01
9.964284830715299801e-01
9.964253420515662985e-01
9.964221998569040561e-01
9.964190534495668272e-01
9.964159046679765819e-01
9.964127545511803907e-01
9.964096029490573381e-01
9.964064501287822617e-01
9.964032958744087898e-01
9.964001401896723786e-01
9.963969832098249491e-01
9.963938248726986746e-01
9.963906651600439313e-01
9.963875041193200888e-01
9.963843416885084237e-01
9.963811778931894736e-01
9.963780127807677633e-01
9.963748462456112343e-01
9.963716783570155666e-01
9.963685092059920700e-01
9.963653386433541925e-01
9.963621666946889111e-01
9.963589934945555893e-01
9.963558189157682987e-01
9.963526429838566179e-01
9.963494657460847392e-01
9.963462871843502544e-01
9.963431073023432116e-01
9.963399261254983763e-01
9.963367435053405163e-01
9.963335595326356930e-01
9.963303743414219094e-01
9.963271877833441703e-01
9.963239998838799849e-01
9.963208107335236319e-01
9.963176202058624531e-01
9.963144283480418473e-01
9.963112352287850637e-01
9.963080407218876111e-01
9.963048448961039361e-01
9.963016478849484603e-01
9.962984494758435616e-01
9.962952497374870653e-01
9.962920487384587798e-01
9.962888464824617429e-01
9.962856428868939185e-01
9.962824380634114352e-01
9.962792318432358574e-01
9.962760243595620846e-01
9.962728155945895780e-01
9.962696055736128820e-01
9.962663942143001883e-01
9.962631816065388168e-01
9.962599676680785610e-01
9.962567524457535129e-01
9.962535360077970914e-01
9.962503182505826338e-01
9.962470991565136602e-01
9.962438789439610476e-01
9.962406573592648140e-01
9.962374345349458427e-01
9.962342104747794469e-01
9.962309851397256333e-01
9.962277584694263499e-01
9.962245305533605766e-01
9.962213013739590339e-01
9.962180709136913004e-01
9.962148365247776027e-01
9.962115996677866070e-01
9.962083615024570626e-01
9.962051219254610679e-01
9.962018810044300787e-01
9.961986386788606040e-01
9.961953950376600808e-01
9.961921500629921100e-01
9.961889036731271796e-01
9.961856559568919023e-01
9.961824068965071666e-01
9.961791563891014833e-01
9.961759046085419955e-01
9.961726514094386697e-01
9.961693968379558006e-01
9.961661409614298579e-01
9.961628837621416821e-01
9.961596251374997824e-01
9.961563652397155133e-01
9.961531039238185059e-01
9.961498412994926888e-01
9.961465773702868898e-01
9.961433120550247100e-01
9.961400454208834132e-01
9.961367774926032093e-01
9.961335081679680847e-01
9.961302375563901856e-01
9.961269656614211154e-01
9.961236923809865251e-01
9.961204177398960136e-01
9.961171418684569012e-01
9.961138646646803263e-01
9.961105860689412062e-01
9.961073061903582548e-01
9.961040250114469030e-01
9.961007424937003973e-01
9.960974586828912347e-01
9.960941735615929105e-01
9.960908871334491765e-01
9.960875993810811568e-01
9.960843103501905160e-01
9.960810200023859640e-01
9.960777284043274005e-01
9.960744354336918960e-01
9.960711411571685492e-01
9.960678455994022018e-01
9.960645487849999480e-01
9.960612506756869600e-01
9.960579512960819892e-01
9.960546506289067459e-01
9.960513486360009772e-01
9.960480453629243502e-01
9.960447408342603115e-01
9.960414350327716493e-01
9.960381279412584554e-01
9.960348195634332047e-01
9.960315099238735703e-01
9.960281990471191449e-01
9.960248868742929140e-01
9.960215734091373285e-01
9.960182587595298731e-01
9.960149427833544511e-01
9.960116255260285101e-01
9.960083070744918388e-01
9.960049847124339273e-01
9.960016598775633945e-01
9.959983337389338720e-01
9.959950061751815520e-01
9.959916771898178478e-01
9.959883469317363236e-01
9.959850153004659035e-01
9.959816822787161961e-01
9.959783479736883383e-01
9.959750121814000545e-01
9.959716750712737099e-01
9.959683366467203536e-01
9.959649968490286165e-01
9.959616556402912657e-01
9.959583131275044909e-01
9.959549692520375253e-01
9.959516239967105555e-01
9.959482774477002032e-01
9.959449295258007151e-01
9.959415802758272429e-01
9.959382297425249941e-01
9.959348778055373552e-01
9.959315244684399104e-01
9.959281698584797615e-01
9.959248138966649844e-01
9.959214565865214253e-01
9.959180979933313083e-01
9.959147380382364911e-01
9.959113767659268923e-01
9.959080142415810410e-01
9.959046503042213727e-01
9.959012850601904887e-01
9.958979185335242734e-01
9.958945506250833635e-01
9.958911814205376745e-01
9.958878109644059284e-01
9.958844391166610244e-01
9.958810659628962725e-01
9.958776915271263519e-01
9.958743157719180950e-01
9.958709387008339853e-01
9.958675603992496184e-01
9.958641807888459763e-01
9.958607998323159016e-01
9.958574175741313761e-01
9.958540340178581030e-01
9.958506491466537769e-01
9.958472630253121238e-01
9.958438756369570877e-01
9.958404868832185786e-01
9.958370968900133180e-01
9.958337055793995418e-01
9.958303129753568461e-01
9.958269191832176404e-01
9.958235240640813668e-01
9.958201276622585807e-01
9.958167300016698142e-01
9.958133310858889864e-01
9.958099308372809766e-01
9.958065293609956736e-01
9.958031266200130238e-01
9.957997226179365891e-01
9.957963173786370525e-01
9.957929108246611483e-01
9.957895004569613517e-01
9.957860877145873202e-01
9.957826735917478800e-01
9.957792580918010117e-01
9.957758412585825392e-01
9.957724230144860966e-01
9.957690033831430032e-01
9.957655824285789326e-01
9.957621601541061240e-01
9.957587364418609699e-01
9.957553114366221036e-01
9.957518850609603511e-01
9.957484572980944693e-01
9.957450281716028195e-01
9.957415977050313449e-01
9.957381658614541386e-01
9.957347327248411428e-01
9.957312982179908900e-01
9.957278623443223120e-01
9.957244251877078733e-01
9.957209866107323837e-01
9.957175466972782996e-01
9.957141054708300576e-01
9.957106629347598492e-01
9.957072190121531996e-01
9.957037738068004185e-01
9.957003273019950917e-01
9.956968794008778101e-01
9.956934302472177922e-01
9.956899797241602901e-01
9.956865278151592058e-01
9.956830746437979052e-01
9.956796201334084939e-01
9.956761643074408807e-01
9.956727071893127778e-01
9.956692487824281290e-01
9.956657889903340886e-01
9.956623279363416845e-01
9.956588655839224700e-01
9.956554018766685665e-01
9.956519369177790901e-01
9.956484706109883787e-01
9.956450029598056251e-01
9.956415340872196706e-01
9.956380638771618052e-01
9.956345923530403041e-01
9.956311195978935213e-01
9.956276454759515060e-01
9.956241700901339309e-01
9.956206934041539336e-01
9.956172154413551745e-01
9.956137361655109652e-01
9.956102556793247071e-01
9.956067738870421069e-01
9.956032907723589842e-01
9.955998064180683338e-01
9.955963207880050847e-01
9.955928338460725557e-01
9.955893456551773157e-01
9.955858561990102995e-01
9.955823654019879676e-01
9.955788734060386780e-01
9.955753801355721189e-01
9.955718855941111389e-01
9.955683873496274927e-01
9.955648867255557644e-01
9.955613846679438605e-01
9.955578812590589743e-01
9.955543765021438452e-01
9.955508703215740773e-01
9.955473628586514190e-01
9.955438540180432394e-01
9.955403438227358182e-01
9.955368322956832383e-01
9.955333193023886418e-01
9.955298050036223145e-01
9.955262893239605893e-01
9.955227723256842021e-01
9.955192539531038110e-01
9.955157342488156758e-01
9.955122132160938442e-01
9.955086907993440093e-01
9.955051670411417808e-01
9.955016419447858533e-01
9.954981154939765986e-01
9.954945877508116769e-01
9.954910586793777050e-01
9.954875281850995572e-01
9.954839964279369458e-01
9.954804633524427793e-01
9.954769288641625025e-01
9.954733930837802447e-01
9.954698559755055243e-01
9.954663175231388550e-01
9.954627778081128753e-01
9.954592367166150702e-01
9.954556943300625349e-01
9.954521506127711472e-01
9.954486055680955570e-01
9.954450591993928565e-01
9.954415115294917848e-01
9.954379625033327184e-01
9.954344122216034485e-01
9.954308606681429028e-01
9.954273077684998583e-01
9.954237535843799556e-01
9.954201980802706018e-01
9.954166412401396213e-01
9.954130831256228218e-01
9.954095237594597911e-01
9.954059630673937065e-01
9.954024010528360611e-01
9.953988377967064594e-01
9.953952731861077652e-01
9.953917073019458162e-01
9.953881401282321795e-01
9.953845716490132833e-01
9.953810019257148811e-01
9.953774309036935719e-01
9.953738586056868343e-01
9.953702849771486338e-01
9.953667101566788800e-01
9.953631340317943277e-01
9.953595566252265714e-01
9.953559779596758972e-01
9.953523980578108388e-01
9.953488168459447838e-01
9.953452343853173012e-01
9.953416482681796129e-01
9.953380597483671988e-01
9.953344698601166440e-01
9.953308785873593578e-01
9.953272859525339467e-01
9.953236919780480418e-01
9.953200966286132045e-01
9.953164999074309849e-01
9.953129018561192032e-01
9.953093024394354948e-01
9.953057016413912050e-01
9.953020995035822827e-01
9.952984960291918481e-01
9.952948911830618028e-01
9.952912850259085786e-01
9.952876774459625819e-01
9.952840685039640034e-01
9.952804582605631056e-01
9.952768466997901076e-01
9.952732337292055087e-01
9.952696194668146923e-01
9.952660038393417175e-01
9.952623868500420912e-01
9.952587685594570521e-01
9.952551489135128548e-01
9.952515279345466315e-01
9.952479057211571778e-01
9.952442820858156125e-01
9.952406570890446336e-01
9.952370308293760903e-01
9.952334031957250637e-01
9.952297742485021192e-01
9.952261439909457774e-01
9.952225124262956690e-01
9.952188795007543831e-01
9.952152453506637464e-01
9.952116098271956979e-01
9.952079729526728258e-01
9.952043348442974890e-01
9.952006954293459717e-01
9.951970546162496323e-01
9.951934125790227181e-01
9.951897692071307588e-01
9.951861245038861048e-01
9.951824785483500690e-01
9.951788312869580544e-01
9.951751826662373901e-01
9.951715328408610173e-01
9.951678816627569368e-01
9.951642291730848910e-01
9.951605754507271140e-01
9.951569204233758903e-01
9.951532640565967647e-01
9.951496064103602102e-01
9.951459475068233917e-01
9.951422872927010443e-01
9.951386258278737129e-01
9.951349630967789572e-01
9.951312990462243269e-01
9.951276337925152315e-01
9.951239672448064510e-01
9.951202993688298415e-01
9.951166302807776809e-01
9.951129599087370492e-01
9.951092859231166488e-01
9.951056096643925430e-01
9.951019320239451460e-01
9.950982529485473682e-01
9.950945725540183417e-01
9.950908907871115483e-01
9.950872075946644024e-01
9.950835230923709140e-01
9.950798372083033971e-01
9.950761499830778067e-01
9.950724614010593161e-01
9.950687714653668747e-01
9.950650801416871527e-01
9.950613875080198678e-01
9.950576934926338435e-01
9.950539981360828623e-01
9.950503014788649736e-01
9.950466034866967124e-01
9.950429040880065523e-01
9.950392033606694220e-01
9.950355013078088229e-01
9.950317978765923499e-01
9.950280931261437090e-01
9.950243870409509750e-01
9.950206796055303116e-01
9.950169708975458160e-01
9.950132608083821495e-01
9.950095493598618557e-01
9.950058366481885352e-01
9.950021225648774115e-01
9.949984071131436902e-01
9.949946904076866216e-01
9.949909723772998316e-01
9.949872529880239291e-01
9.949835323173128465e-01
9.949798103126425985e-01
9.949760869401200747e-01
9.949723622956742064e-01
9.949686363824379320e-01
9.949649090738827972e-01
9.949611805399383169e-01
9.949574506541343233e-01
9.949537194567177334e-01
9.949499869878777325e-01
9.949462531953108257e-01
9.949425180637609945e-01
9.949387816703643139e-01
9.949350439813496871e-01
9.949313049630040817e-01
9.949275646923787519e-01
9.949238231173034297e-01
9.949200802225688367e-01
9.949163360851409621e-01
9.949125906529169283e-01
9.949088439291242647e-01
9.949050959722156584e-01
9.949013466749525580e-01
9.948975960958099662e-01
9.948938442564042584e-01
9.948900911048093043e-01
9.948863366810427600e-01
9.948825810434296368e-01
9.948788241217098038e-01
9.948750659007887798e-01
9.948713041798435963e-01
9.948675401447069078e-01
9.948637746785520264e-01
9.948600079128397944e-01
9.948562397588663897e-01
9.948524702196874792e-01
9.948486993716290083e-01
9.948449270894893504e-01
9.948411534496023334e-01
9.948373785281949822e-01
9.948336022184788296e-01
9.948298244869653306e-01
9.948260454647128714e-01
9.948222650816186396e-01
9.948184833042156283e-01
9.948147002086311641e-01
9.948109157978850536e-01
9.948071299837828452e-01
9.948033428423926905e-01
9.947995543767558235e-01
9.947957645352476508e-01
9.947919733938347386e-01
9.947881808827048200e-01
9.947843870049628556e-01
9.947805918364962530e-01
9.947767952893867838e-01
9.947729974394883268e-01
9.947691982716724279e-01
9.947653977890054122e-01
9.947615959582332135e-01
9.947577928187726348e-01
9.947539883373981429e-01
9.947501825716407176e-01
9.947463755064160917e-01
9.947425670360325878e-01
9.947387572542842893e-01
9.947349462004896337e-01
9.947311338233799649e-01
9.947273201079693816e-01
9.947235051116696258e-01
9.947196887832967516e-01
9.947158711079071569e-01
9.947120521609453814e-01
9.947082318912906507e-01
9.947044103381965652e-01
9.947005875228105420e-01
9.946967633940750897e-01
9.946929379370911262e-01
9.946891112091105214e-01
9.946852831771838543e-01
9.946814538084168822e-01
9.946776232320631017e-01
9.946737913431402678e-01
9.946699581268141355e-01
9.946661236402373207e-01
9.946622879045139420e-01
9.946584508328673024e-01
9.946546125003786765e-01
9.946507728922097114e-01
9.946469320115050028e-01
9.946430898434618362e-01
9.946392463912467896e-01
9.946354016759610950e-01
9.946315556828242421e-01
9.946277063151575115e-01
9.946238545409402665e-01
9.946200014141345358e-01
9.946161468839308517e-01
9.946122910428711883e-01
9.946084338580505335e-01
9.946045752966146125e-01
9.946007153257615530e-01
9.945968540379266365e-01
9.945929913823997603e-01
9.945891273621609852e-01
9.945852620159177926e-01
9.945813952573252514e-01
9.945775271608267021e-01
9.945736577650738930e-01
9.945697869481237019e-01
9.945659147665317779e-01
9.945620413302512786e-01
9.945581665174385577e-01
9.945542903489285047e-01
9.945504128989476333e-01
9.945465340458292669e-01
9.945426538282222673e-01
9.945387723025096438e-01
9.945348894360999115e-01
9.945310052319995542e-01
9.945271197109820660e-01
9.945232328760356122e-01
9.945193446946420934e-01
9.945154552053232511e-01
9.945115643755879642e-01
9.945076722261989577e-01
9.945037787601670454e-01
9.944998839805020419e-01
9.944959878370726036e-01
9.944920904214876733e-01
9.944881916482140038e-01
9.944842915557128293e-01
9.944803901823924264e-01
9.944764874605205307e-01
9.944725834285201849e-01
9.944686781424313393e-01
9.944647714639334168e-01
9.944608635020930620e-01
9.944569542599254186e-01
9.944530437051630756e-01
9.944491318408616998e-01
9.944452186877079658e-01
9.944413042839836958e-01
9.944373885269923719e-01
9.944334715431168981e-01
9.944295531945146482e-01
9.944256335547083658e-01
9.944217126443480881e-01
9.944177904488911146e-01
9.944138669538212794e-01
9.944099422324998994e-01
9.944060162001124858e-01
9.944020888773170697e-01
9.943981602847470347e-01
9.943942304079212979e-01
9.943902992674608088e-01
9.943863668664296718e-01
9.943824331553210438e-01
9.943784960664864281e-01
9.943745566935442426e-01
9.943706159202072570e-01
9.943666737844224501e-01
9.943627302890731823e-01
9.943587854370442569e-01
9.943548391962337973e-01
9.943508916045394885e-01
9.943469426648477993e-01
9.943429923625698441e-01
9.943390407006112985e-01
9.943350876818783934e-01
9.943311332743640651e-01
9.943271776031671338e-01
9.943232205141019353e-01
9.943192620624655698e-01
9.943153022860498069e-01
9.943113411528924361e-01
9.943073786659220037e-01
9.943034148803077121e-01
9.942994497641071128e-01
9.942954832506277763e-01
9.942915154298292979e-01
9.942875462872160508e-01
9.942835757735535296e-01
9.942796039439385503e-01
9.942756307665440163e-01
9.942716562616851217e-01
9.942676804670090851e-01
9.942637033333587837e-01
9.942597248463402870e-01
9.942557450782812944e-01
9.942517639800807494e-01
9.942477815373664818e-01
9.942437977704311480e-01
9.942398126995435348e-01
9.942358262757173826e-01
9.942318385365485067e-01
9.942278495022878193e-01
9.942238591412954074e-01
9.942198675083950832e-01
9.942158745201253867e-01
9.942118802485804263e-01
9.942078846794365488e-01
9.942038878156522763e-01
9.941998896084334181e-01
9.941958901297760498e-01
9.941918893653831635e-01
9.941878872837506265e-01
9.941838839051032606e-01
9.941798792324216816e-01
9.941758732686869493e-01
9.941718660168805677e-01
9.941678574455823370e-01
9.941638475406174846e-01
9.941598364253450004e-01
9.941558239995794688e-01
9.941518102835185111e-01
9.941477953316740779e-01
9.941437790783395068e-01
9.941397615265386012e-01
9.941357427135955049e-01
9.941317226253520989e-01
9.941277012133998836e-01
9.941236765570410361e-01
9.941196495457111926e-01
9.941156211397383924e-01
9.941115914276071885e-01
9.941075603093524338e-01
9.941035278391883168e-01
9.940994940370396771e-01
9.940954588372912237e-01
9.940914222941052980e-01
9.940873844102980916e-01
9.940833451374311291e-01
9.940793045125343452e-01
9.940752625725907121e-01
9.940712192862662944e-01
9.940671746222738969e-01
9.940631286346541806e-01
9.940590812750771388e-01
9.940550325805048715e-01
9.940509825537758859e-01
9.940469311977290223e-01
9.940428784470991541e-01
9.940388244069190415e-01
9.940347689949220467e-01
9.940307122310109156e-01
9.940266541520670351e-01
9.940225947439359500e-01
9.940185339754965543e-01
9.940144719515524585e-01
9.940104085560429459e-01
9.940063438258279760e-01
9.940022777637873563e-01
9.939982104067227597e-01
9.939941417066142648e-01
9.939900717172078792e-01
9.939860003566343138e-01
9.939819276617034571e-01
9.939778537199692732e-01
9.939737784326945214e-01
9.939697018027970898e-01
9.939656239008494154e-01
9.939615446451640635e-01
9.939574640724818666e-01
9.939533822363905147e-01
9.939492990890730351e-01
9.939452146334322169e-01
9.939411288554963475e-01
9.939370418088007142e-01
9.939329533781593451e-01
9.939288637351588740e-01
9.939247727646434161e-01
9.939206804527085382e-01
9.939165869033613765e-01
9.939124920352807591e-01
9.939083958682390918e-01
9.939042984724548724e-01
9.939001997330638716e-01
9.938960997202912484e-01
9.938919984538520103e-01
9.938878958862409352e-01
9.938837920204044440e-01
9.938796868928641004e-01
9.938755804897501100e-01
9.938714727804422999e-01
9.938673638014455802e-01
9.938632515541679924e-01
9.938591370187072060e-01
9.938550211275830604e-01
9.938509039003008416e-01
9.938467852223260568e-01
9.938426652472285294e-01
9.938385439107431107e-01
9.938344211821653618e-01
9.938302971144854503e-01
9.938261716770052656e-01
9.938220448892283176e-01
9.938179167706354677e-01
9.938137872738573853e-01
9.938096564350995532e-01
9.938055242738275119e-01
9.938013907093439236e-01
9.937972558279086766e-01
9.937931196489542263e-01
9.937889820751801828e-01
9.937848431760953893e-01
9.937807029378096235e-01
9.937765613797686637e-01
9.937724184214948853e-01
9.937682741823574695e-01
9.937641285819027726e-01
9.937599816063225067e-01
9.937558333415963396e-01
9.937516837572393236e-01
9.937475328061956548e-01
9.937433805909705598e-01
9.937392269980751536e-01
9.937350720635684809e-01
9.937309158400584597e-01
9.937267582971477387e-01
9.937225994210669988e-01
9.937184392312211623e-01
9.937142777469938348e-01
9.937101148883591417e-01
9.937059507906684797e-01
9.937017853573499870e-01
9.936976186243472453e-01
9.936934505613919111e-01
9.936892811878692555e-01
9.936851104570227911e-01
9.936809385039321318e-01
9.936767652157146857e-01
9.936725906117522822e-01
9.936684147279111201e-01
9.936642375010036332e-01
9.936600589834037045e-01
9.936558791779479538e-01
9.936516980545042621e-01
9.936475156653790108e-01
9.936433319969200095e-01
9.936391470190308883e-01
9.936349607675067919e-01
9.936307732122751091e-01
9.936265843726594937e-01
9.936223942186281910e-01
9.936182028188264015e-01
9.936140101596440122e-01
9.936098161617887836e-01
9.936056209267132289e-01
9.936014244244115723e-01
9.935972247125365309e-01
9.935930227440591400e-01
9.935888193587594230e-01
9.935846145757915027e-01
9.935804084634844990e-01
9.935762010245072773e-01
9.935719921632009122e-01
9.935677819970114566e-01
9.935635704303293902e-01
9.935593575313937942e-01
9.935551433028921853e-01
9.935509277147902552e-01
9.935467107534523556e-01
9.935424924706670602e-01
9.935382727873998121e-01
9.935340517554381856e-01
9.935298294265068053e-01
9.935256057379654449e-01
9.935213807251990215e-01
9.935171543745979772e-01
9.935129266562615635e-01
9.935086975729471304e-01
9.935044671763150204e-01
9.935002354364828037e-01
9.934960023887728919e-01
9.934917679870403084e-01
9.934875322503234907e-01
9.934832951976388937e-01
9.934790568154460155e-01
9.934748170739625683e-01
9.934705759922228818e-01
9.934663336542476353e-01
9.934620899814845529e-01
9.934578449604540840e-01
9.934535986426415999e-01
9.934493509983167714e-01
9.934451020302428326e-01
9.934408517736215138e-01
9.934366001825427617e-01
9.934323472273715039e-01
9.934280929919350189e-01
9.934238374627682999e-01
9.934195805778537336e-01
9.934153224209374411e-01
9.934110629785722901e-01
9.934068021888082800e-01
9.934025401029702440e-01
9.933982767238265232e-01
9.933940120379858296e-01
9.933897460643867916e-01
9.933854788219453891e-01
9.933812102488461804e-01
9.933769404124543900e-01
9.933726692832614003e-01
9.933683968318027802e-01
9.933641231092598112e-01
9.933598480700592814e-01
9.933555717492406067e-01
9.933512941656963413e-01
9.933470152578063317e-01
9.933427351088721657e-01
9.933384536894768191e-01
9.933341709702471212e-01
9.933298869218551985e-01
9.933255998001153664e-01
9.933213103399066712e-01
9.933170195489444687e-01
9.933127273816414471e-01
9.933084338727729001e-01
9.933041389767987006e-01
9.932998427284899234e-01
9.932955451625772314e-01
9.932912461854338515e-01
9.932869458639007609e-01
9.932826442006205125e-01
9.932783411661878503e-01
9.932740368273508258e-01
9.932697310906418720e-01
9.932654239747751301e-01
9.932611155784587531e-01
9.932568058083043327e-01
9.932524947149810046e-01
9.932481822531720184e-01
9.932438684575344290e-01
9.932395533147521105e-01
9.932352368754181482e-01
9.932309190623317408e-01
9.932265999101248521e-01
9.932222794374319097e-01
9.932179576150155231e-01
9.932136344934070493e-01
9.932093100593144541e-01
9.932049842675982898e-01
9.932006571209702761e-01
9.931963286858409568e-01
9.931919989171027474e-01
9.931876678174531570e-01
9.931833354054988572e-01
9.931790016680194233e-01
9.931746666077133634e-01
9.931703302431726943e-01
9.931659925294187286e-01
9.931616535168292792e-01
9.931573132239668311e-01
9.931529715900127009e-01
9.931486286335663438e-01
9.931442843890676553e-01
9.931399388433465036e-01
9.931355919198515680e-01
9.931312437481281119e-01
9.931268942516313647e-01
9.931225434330955837e-01
9.931181913427452601e-01
9.931138379674453454e-01
9.931094832782609849e-01
9.931051272779295447e-01
9.931007700166133434e-01
9.930964114653958452e-01
9.930920516427971245e-01
9.930876904725597365e-01
9.930833280364073090e-01
9.930789642897002167e-01
9.930745992983015524e-01
9.930702329545021412e-01
9.930658654030026788e-01
9.930614965518976822e-01
9.930571263724329301e-01
9.930527549618998195e-01
9.930483804348857468e-01
9.930440036488542566e-01
9.930396255043570930e-01
9.930352460039749696e-01
9.930308651188193281e-01
9.930264829144215266e-01
9.930220992832581306e-01
9.930177143380267690e-01
9.930133280812803998e-01
9.930089404056007263e-01
9.930045513607622665e-01
9.930001610121781397e-01
9.929957692682326309e-01
9.929913761943301997e-01
9.929869818087410094e-01
9.929825860513141755e-01
9.929781889090063540e-01
9.929737904471428456e-01
9.929693906526451119e-01
9.929649895124548209e-01
9.929605870761544217e-01
9.929561832680658950e-01
9.929517781221267603e-01
9.929473716409553674e-01
9.929429638271709546e-01
9.929385546521314332e-01
9.929341441809865776e-01
9.929297323850859724e-01
9.929253192045903731e-01
9.929209047670584098e-01
9.929164889658177451e-01
9.929120718503334775e-01
9.929076534076327620e-01
9.929032336403521564e-01
9.928988125355447947e-01
9.928943901270222971e-01
9.928899664174075657e-01
9.928855413470462077e-01
9.928811150275731467e-01
9.928766873682113303e-01
9.928722583560751769e-01
9.928678280871464645e-01
9.928633965018432983e-01
9.928589635717423034e-01
9.928545293927352189e-01
9.928500938742435000e-01
9.928456570034304152e-01
9.928412189071500471e-01
9.928367794793868661e-01
9.928323387228297214e-01
9.928278966866784794e-01
9.928234533735763589e-01
9.928190087551805876e-01
9.928145628186769711e-01
9.928101155977222536e-01
9.928056670949776397e-01
9.928012173285765130e-01
9.927967662702281704e-01
9.927923139071458403e-01
9.927878602574800038e-01
9.927834053393608249e-01
9.927789491091066898e-01
9.927744916003125031e-01
9.927700328310936628e-01
9.927655710118319377e-01
9.927611069328549087e-01
9.927566414996710220e-01
9.927521746685221693e-01
9.927477065345139406e-01
9.927432369922021271e-01
9.927387660904093414e-01
9.927342938470847811e-01
9.927298202801585481e-01
9.927253453151485552e-01
9.927208690316099426e-01
9.927163913704983855e-01
9.927119123343852714e-01
9.927074320027395871e-01
9.927029502704379782e-01
9.926984672015607414e-01
9.926939828293825929e-01
9.926894970796160678e-01
9.926850099702047014e-01
9.926805215804754834e-01
9.926760318055084520e-01
9.926715407092716603e-01
9.926670482943104057e-01
9.926625545325076239e-01
9.926580594264395874e-01
9.926535629940027583e-01
9.926490652377590873e-01
9.926445661143340482e-01
9.926400656875624673e-01
9.926355639293873434e-01
9.926310607964941024e-01
9.926265563832595840e-01
9.926220506616429962e-01
9.926175436189257351e-01
9.926130352576858495e-01
9.926085255957766140e-01
9.926040145594197117e-01
9.925995022733631323e-01
9.925949886333169658e-01
9.925904736571593556e-01
9.925859574237463345e-01
9.925814398593937327e-01
9.925769209667125725e-01
9.925724007787832814e-01
9.925678792829578656e-01
9.925633564818343579e-01
9.925588323932299506e-01
9.925543069588674827e-01
9.925497802270200065e-01
9.925452522306970060e-01
9.925407229116660623e-01
9.925361922877515841e-01
9.925316603767583290e-01
9.925271271812869944e-01
9.925225926583944869e-01
9.925180568714300211e-01
9.925135198078092191e-01
9.925089814094674168e-01
9.925044417397115293e-01
9.924999007859868216e-01
9.924953585509107556e-01
9.924908150522475658e-01
9.924862702320321750e-01
9.924817241383384614e-01
9.924771750882553922e-01
9.924726237630611125e-01
9.924680710726195842e-01
9.924635170647964078e-01
9.924589616512997647e-01
9.924544048648921146e-01
9.924498467685272107e-01
9.924452872588870322e-01
9.924407264140350238e-01
9.924361642364438740e-01
9.924316006983966432e-01
9.924270358325748553e-01
9.924224696112815547e-01
9.924179020370181847e-01
9.924133330972106926e-01
9.924087628245187309e-01
9.924041912214318639e-01
9.923996182301887403e-01
9.923950439286245429e-01
9.923904683041618879e-01
9.923858913141450078e-01
9.923813130212825184e-01
9.923767333979727212e-01
9.923721524016166917e-01
9.923675700948817457e-01
9.923629864351839469e-01
9.923584014550987931e-01
9.923538151571327237e-01
9.923492274987584238e-01
9.923446385275451753e-01
9.923400482460006389e-01
9.923354566266378018e-01
9.923308636719925246e-01
9.923262694145780216e-01
9.923216738269355908e-01
9.923170768816448328e-01
9.923124786561425825e-01
9.923078791080157668e-01
9.923032782547673847e-01
9.922986760839620501e-01
9.922940725831826958e-01
9.922894677848843603e-01
9.922848616915929121e-01
9.922802542759506794e-01
9.922756455703856115e-01
9.922710355326276321e-01
9.922664242100285303e-01
9.922618115454235888e-01
9.922571976458243181e-01
9.922525823944078338e-01
9.922479658534077984e-01
9.922433480253670668e-01
9.922387289128282717e-01
9.922341084736503447e-01
9.922294867550893738e-01
9.922248637299180274e-01
9.922202394155898997e-01
9.922156138295392669e-01
9.922109869445681074e-01
9.922063587483833658e-01
9.922017293030209739e-01
9.921970985664406717e-01
9.921924665115109399e-01
9.921878332002271872e-01
9.921831969629306691e-01
9.921785584359907872e-01
9.921739186073978978e-01
9.921692773756622952e-01
9.921646347877586258e-01
9.921599908609496365e-01
9.921553455828300283e-01
9.921506989410134869e-01
9.921460509527630922e-01
9.921414015908899264e-01
9.921367508726632867e-01
9.921320988301363109e-01
9.921274454213361293e-01
9.921227906635197158e-01
9.921181345739248369e-01
9.921134771402037034e-01
9.921088183648056891e-01
9.921041582649572366e-01
9.920994968135531389e-01
9.920948339835221619e-01
9.920901698659331247e-01
9.920855043894054592e-01
9.920808375711718252e-01
9.920761694136980280e-01
9.920714999341944118e-01
9.920668291203743605e-01
9.920621569894392255e-01
9.920574835143806114e-01
9.920528087124054206e-01
9.920481325859817900e-01
9.920434551522951949e-01
9.920387763843736550e-01
9.920340962699899512e-01
9.920294148557529113e-01
9.920247320853186057e-01
9.920200480346748062e-01
9.920153626621911469e-01
9.920106759556640563e-01
9.920059879763201138e-01
9.920012986238584407e-01
9.919966079741843190e-01
9.919919160297691052e-01
9.919872227637555051e-01
9.919825281933025707e-01
9.919778323502068673e-01
9.919731351783240836e-01
9.919684366655214802e-01
9.919637368875351413e-01
9.919590358029135579e-01
9.919543334141573965e-01
9.919496297530249196e-01
9.919449247781189083e-01
9.919402184773356002e-01
9.919355109262780745e-01
9.919308020397465953e-01
9.919260918787079495e-01
9.919213804164488391e-01
9.919166676554866946e-01
9.919119536129310521e-01
9.919072382766981333e-01
9.919025216638890363e-01
9.918978037332729647e-01
9.918930845456919165e-01
9.918883640890684417e-01
9.918836406916344828e-01
9.918789150928586373e-01
9.918741881225084933e-01
9.918694597829800230e-01
9.918647301203360467e-01
9.918599990496244079e-01
9.918552666460161982e-01
9.918505329264254433e-01
9.918457978205165171e-01
9.918410613597810066e-01
9.918363235756770813e-01
9.918315844269984805e-01
9.918268438871127302e-01
9.918221020600791471e-01
9.918173588466523416e-01
9.918126142782877075e-01
9.918078684299201919e-01
9.918031212168963995e-01
9.917983726561374613e-01
9.917936227500571134e-01
9.917888715155553925e-01
9.917841189115841338e-01
9.917793650129768102e-01
9.917746097786860338e-01
9.917698531966554487e-01
9.917650952837795408e-01
9.917603360569345883e-01
9.917555754896085762e-01
9.917508136131363283e-01
9.917460504010235933e-01
9.917412858556999833e-01
9.917365199940348930e-01
9.917317528184453890e-01
9.917269843024862919e-01
9.917222144774551218e-01
9.917174433313467041e-01
9.917126708521744050e-01
9.917078970712105424e-01
9.917031219764638195e-01
9.916983455703671790e-01
9.916935678553525646e-01
9.916887888338528079e-01
9.916840084795157662e-01
9.916792268523537679e-01
9.916744438828550834e-01
9.916696596166310052e-01
9.916648740417408625e-01
9.916600871606320311e-01
9.916552989613858227e-01
9.916505095039126472e-01
9.916457187044742660e-01
9.916409266086190222e-01
9.916361332331460332e-01
9.916313385374561085e-01
9.916265425527066579e-01
9.916217453243560964e-01
9.916169467544927452e-01
9.916121468886018864e-01
9.916073457721170659e-01
9.916025433358693908e-01
9.915977396396071786e-01
9.915929346571495939e-01
9.915881283766549981e-01
9.915833208149044120e-01
9.915785103978147497e-01
9.915736977360604110e-01
9.915688837354813545e-01
9.915640683698150326e-01
9.915592516556970271e-01
9.915544335668937670e-01
9.915496141628844518e-01
9.915447933746016629e-01
9.915399712186894199e-01
9.915351477545786274e-01
9.915303228990007822e-01
9.915254967113789064e-01
9.915206691797946448e-01
9.915158403208487181e-01
9.915110100941382232e-01
9.915061785447660814e-01
9.915013456465930908e-01
9.914965113877481917e-01
9.914916758275281738e-01
9.914868388829030099e-01
9.914820005989397611e-01
9.914771610064387897e-01
9.914723200935260383e-01
9.914674778057154247e-01
9.914626342306424034e-01
9.914577893138298847e-01
9.914529430434591006e-01
9.914480954786928368e-01
9.914432465509286363e-01
9.914383963051245363e-01
9.914335447578278560e-01
9.914286918830408357e-01
9.914238376547992448e-01
9.914189821463482710e-01
9.914141253033758039e-01
9.914092671141152557e-01
9.914044076375952974e-01
9.913995468337182260e-01
9.913946846765833154e-01
9.913898212534697496e-01
9.913849564960266481e-01
9.913800904490670529e-01
9.913752231008301496e-01
9.913703544536995871e-01
9.913654844676915712e-01
9.913606131734639115e-01
9.913557405592993144e-01
9.913508666417172321e-01
9.913459914654321192e-01
9.913411149622955998e-01
9.913362371347314017e-01
9.913313580274418779e-01
9.913264776428132308e-01
9.913215959550616407e-01
9.913167129806792488e-01
9.913118287079893953e-01
9.913069431112595531e-01
9.913020562632672839e-01
9.912971680960687149e-01
9.912922786542807119e-01
9.912873879121932852e-01
9.912824959143867742e-01
9.912776026070608815e-01
9.912727080347842890e-01
9.912678106050615279e-01
9.912629109874246947e-01
9.912580100063428379e-01
9.912531076641155625e-01
9.912482039630429176e-01
9.912432989194517319e-01
9.912383925075869406e-01
9.912334847437791474e-01
9.912285756583578689e-01
9.912236651975611101e-01
9.912187534057321781e-01
9.912138402711596630e-01
9.912089257681497845e-01
9.912040098990293480e-01
9.911990927500656801e-01
9.911941742395975474e-01
9.911892543699526437e-01
9.911843331853930072e-01
9.911794106462885612e-01
9.911744867409971738e-01
9.911695615277243965e-01
9.911646349808388434e-01
9.911597070886997152e-01
9.911547778815446019e-01
9.911498473337790882e-01
9.911449154198409550e-01
9.911399822257374037e-01
9.911350476840605772e-01
9.911301117832186369e-01
9.911251745952184278e-01
9.911202360805762002e-01
9.911152962277020029e-01
9.911103550667763606e-01
9.911054126001190845e-01
9.911004688022307940e-01
9.910955237032685883e-01
9.910905772777496292e-01
9.910856295002223870e-01
9.910806804286342864e-01
9.910757300375261369e-01
9.910707783431308426e-01
9.910658253477833135e-01
9.910608710399397836e-01
9.910559154080734734e-01
9.910509584961544327e-01
9.910460002510417254e-01
9.910410407028320545e-01
9.910360798815893713e-01
9.910311177480765066e-01
9.910261542769541743e-01
9.910211895536833460e-01
9.910162234975264939e-01
9.910112561247066409e-01
9.910062874929339571e-01
9.910013175492149440e-01
9.909963463097504199e-01
9.909913738183688814e-01
9.909864000083079549e-01
9.909814248957694582e-01
9.909764485107487308e-01
9.909714708279860895e-01
9.909664918636602593e-01
9.909615116063377194e-01
9.909565300721894232e-01
9.909515457473344613e-01
9.909465592343117413e-01
9.909415713340909981e-01
9.909365820903038857e-01
9.909315915051944978e-01
9.909265995672296157e-01
9.909216062373454870e-01
9.909166116004488600e-01
9.909116155899340139e-01
9.909066182356037755e-01
9.909016195259573445e-01
9.908966194770175706e-01
9.908916180772912030e-01
9.908866153565405455e-01
9.908816112757843353e-01
9.908766058235655150e-01
9.908715990708506505e-01
9.908665909786831261e-01
9.908615815218789757e-01
9.908565707439020986e-01
9.908515586332924396e-01
9.908465451923214040e-01
9.908415304369724286e-01
9.908365143420901910e-01
9.908314968825506774e-01
9.908264781154612066e-01
9.908214580019943929e-01
9.908164365444459554e-01
9.908114138135556415e-01
9.908063897294534517e-01
9.908013643081297062e-01
9.907963375929116356e-01
9.907913095313699570e-01
9.907862801804909747e-01
9.907812494878764920e-01
9.907762175104821711e-01
9.907711841822843812e-01
9.907661495738728785e-01
9.907611136192635559e-01
9.907560763480707244e-01
9.907510377898784970e-01
9.907459979060484478e-01
9.907409566988926164e-01
9.907359141843540273e-01
9.907308703919863735e-01
9.907258252559534295e-01
9.907207788466863008e-01
9.907157311256179488e-01
9.907106821086730797e-01
9.907056317845465143e-01
9.907005801419491720e-01
9.906955271968066468e-01
9.906904729650285457e-01
9.906854174353270093e-01
9.906803605964287218e-01
9.906753024914131123e-01
9.906702430682520211e-01
9.906651823564373016e-01
9.906601203718571336e-01
9.906550571032483044e-01
9.906499924986692518e-01
9.906449266418477784e-01
9.906398595215207825e-01
9.906347910857828953e-01
9.906297198962771278e-01
9.906246465187021899e-01
9.906195717716584914e-01
9.906144956844570304e-01
9.906094182592983799e-01
9.906043394713105465e-01
9.905992593497832122e-01
9.905941778428005717e-01
9.905890949931857037e-01
9.905840108031526148e-01
9.905789252884317220e-01
9.905738384106832495e-01
9.905687501856539345e-01
9.905636606425832769e-01
9.905585697296618308e-01
9.905534774896356254e-01
9.905483839112247946e-01
9.905432889966554466e-01
9.905381927616423443e-01
9.905330951544631946e-01
9.905279962178212827e-01
9.905228959808985989e-01
9.905177943785329342e-01
9.905126914533952664e-01
9.905075872211798194e-01
9.905024816437169033e-01
9.904973747097990389e-01
9.904922664889631578e-01
9.904871569296117562e-01
9.904820460339964772e-01
9.904769338178134319e-01
9.904718202833037166e-01
9.904667054058362563e-01
9.904615892414054823e-01
9.904564717385158090e-01
9.904513529262821692e-01
9.904462328069469912e-01
9.904411113559175028e-01
9.904359886022874315e-01
9.904308645482999829e-01
9.904257391559792012e-01
9.904206124410054324e-01
9.904154844324432050e-01
9.904103551325365018e-01
9.904052245033561075e-01
9.904000925873434058e-01
9.903949593465914969e-01
9.903898248101399293e-01
9.903846889802454534e-01
9.903795518190472436e-01
9.903744133689433848e-01
9.903692736321912937e-01
9.903641326110492749e-01
9.903589902543438184e-01
9.903538466311487820e-01
9.903487017036610718e-01
9.903435554875081870e-01
9.903384079983036381e-01
9.903332592116285138e-01
9.903281091164299887e-01
9.903229577549963469e-01
9.903178050762768692e-01
9.903126511225490702e-01
9.903074958960847995e-01
9.903023379513127278e-01
9.902971778054118213e-01
9.902920163204529391e-01
9.902868534719718729e-01
9.902816892754574551e-01
9.902765237330807269e-01
9.902713568337112582e-01
9.902661885928281116e-01
9.902610190258963607e-01
9.902558480686257658e-01
9.902506757763773759e-01
9.902455021380405231e-01
9.902403271690769504e-01
9.902351508716600303e-01
9.902299732214171479e-01
9.902247942072742726e-01
9.902196138579674178e-01
9.902144322022037315e-01
9.902092492023724102e-01
9.902040648474143003e-01
9.901988791925391276e-01
9.901936921736746999e-01
9.901885038195261668e-01
9.901833141852496301e-01
9.901781231671075156e-01
9.901729308335045499e-01
9.901677371866266508e-01
9.901625421889834744e-01
9.901573458956831608e-01
9.901521482824646725e-01
9.901469493250968368e-01
9.901417490390109766e-01
9.901365474396239819e-01
9.901313445159314330e-01
9.901261402701428960e-01
9.901209347308621567e-01
9.901157278606989021e-01
9.901105196750638049e-01
9.901053101761685404e-01
9.901000993530417738e-01
9.900948872342634210e-01
9.900896737956839111e-01
9.900844590526982625e-01
9.900792429943501283e-01
9.900740256623562496e-01
9.900688069799434832e-01
9.900635870019964813e-01
9.900583657438819518e-01
9.900531431683531336e-01
9.900479192776456827e-01
9.900426941265654257e-01
9.900374676516103811e-01
9.900322398812979596e-01
9.900270108178542694e-01
9.900217804503766983e-01
9.900165487811022347e-01
9.900113158516310463e-01
9.900060816116988960e-01
9.900008460635543184e-01
9.899956092618864556e-01
9.899903711302624476e-01
9.899851317233646641e-01
9.899798910434207677e-01
9.899746491057545006e-01
9.899694044183676711e-01
9.899641575960185236e-01
9.899589094247022159e-01
9.899536598803746479e-01
9.899484090044374796e-01
9.899431567597699599e-01
9.899379031615996860e-01
9.899326482251418202e-01
9.899273919525269916e-01
9.899221343328199474e-01
9.899168753812256361e-01
9.899116150606974696e-01
9.899063534125660535e-01
9.899010904389641263e-01
9.898958261028767414e-01
9.898905604325587415e-01
9.898852934040691665e-01
9.898800250586883287e-01
9.898747553724797088e-01
9.898694843736605131e-01
9.898642120252798549e-01
9.898589383295032240e-01
9.898536633275601959e-01
9.898483869825314141e-01
9.898431093226118804e-01
9.898378303109143239e-01
9.898325499756306378e-01
9.898272683319209175e-01
9.898219853689307346e-01
9.898167010758196493e-01
9.898114154287691591e-01
9.898061285079069460e-01
9.898008402374403047e-01
9.897955506325413211e-01
9.897902597473073882e-01
9.897849675060192975e-01
9.897796739757399598e-01
9.897743791456488083e-01
9.897690829790075639e-01
9.897637854909696609e-01
9.897584867225903693e-01
9.897531866371541698e-01
9.897478852238902336e-01
9.897425825238339581e-01
9.897372785132569906e-01
9.897319731813991606e-01
9.897266665563286825e-01
9.897213586143485120e-01
9.897160493705817741e-01
9.897107388659928118e-01
9.897054270381144825e-01
9.897001139020706884e-01
9.896947994729722309e-01
9.896894837530024747e-01
9.896841667185254376e-01
9.896788484362772920e-01
9.896735288180921186e-01
9.896682079048932934e-01
9.896628857246677624e-01
9.896575622409136130e-01
9.896522374558365254e-01
9.896469114102987019e-01
9.896415840678302045e-01
9.896362554306378234e-01
9.896309241548547631e-01
9.896255906794296786e-01
9.896202558583448994e-01
9.896149197323016455e-01
9.896095822390276187e-01
9.896042433549082640e-01
9.895989031720942020e-01
9.895935616155082659e-01
9.895882187258324691e-01
9.895828744923091946e-01
9.895775289298873734e-01
9.895721819764442539e-01
9.895668337240016710e-01
9.895614841104505288e-01
9.895561331635808200e-01
9.895507808854964171e-01
9.895454272783008598e-01
9.895400723312756108e-01
9.895347160593550573e-01
9.895293584518272123e-01
9.895239994979947440e-01
9.895186392384107688e-01
9.895132775983341844e-01
9.895079146567373751e-01
9.895025504029172358e-01
9.894971847877949145e-01
9.894918178646880946e-01
9.894864496357034245e-01
9.894810800518034632e-01
9.894757091662660375e-01
9.894703369428606843e-01
9.894649633965009183e-01
9.894595885293147042e-01
9.894542123817373636e-01
9.894488348920382759e-01
9.894434560751280694e-01
9.894380759459050489e-01
9.894326945064982892e-01
9.894273117462843992e-01
9.894219277056499617e-01
9.894165423357221822e-01
9.894111556386506745e-01
9.894057676548031477e-01
9.894003783608282809e-01
9.893949877334030640e-01
9.893895958510605659e-01
9.893842026395498479e-01
9.893788081137542267e-01
9.893734123139814596e-01
9.893680151914920895e-01
9.893626167484486089e-01
9.893572170251393461e-01
9.893518160109910919e-01
9.893464136827434530e-01
9.893410100806548924e-01
9.893356051814685692e-01
9.893301989746466907e-01
9.893247914877294491e-01
9.893193827355455383e-01
9.893139726441408932e-01
9.893085612917785765e-01
9.893031486552440468e-01
9.892977346986783216e-01
9.892923195002745196e-01
9.892869016438536889e-01
9.892814816268062916e-01
9.892760603052573876e-01
9.892706375926132445e-01
9.892652135415922476e-01
9.892597881542488647e-01
9.892543614073365799e-01
9.892489333282232788e-01
9.892435039189635404e-01
9.892380731563313878e-01
9.892326410424014949e-01
9.892272075918825402e-01
9.892217728068395388e-01
9.892163366640830402e-01
9.892108992035706372e-01
9.892054604021169872e-01
9.892000202617979854e-01
9.891945787973034365e-01
9.891891359980895526e-01
9.891836918662322287e-01
9.891782463912037748e-01
9.891727995876924417e-01
9.891673514451767568e-01
9.891619020035292698e-01
9.891564512144408461e-01
9.891509990800089192e-01
9.891455456526719869e-01
9.891400908841609940e-01
9.891346348017311385e-01
9.891291773948858168e-01
9.891237186531417480e-01
9.891182586037350344e-01
9.891127972361798415e-01
9.891073345651277826e-01
9.891018705298628699e-01
9.890964052204049839e-01
9.890909386011573767e-01
9.890854706365619364e-01
9.890800013789230460e-01
9.890745308177786299e-01
9.890690589301402991e-01
9.890635857557281696e-01
9.890581112590242086e-01
9.890526354421400601e-01
9.890471583322395510e-01
9.890416799063685982e-01
9.890362001791590529e-01
9.890307191777460982e-01
9.890252368541594397e-01
9.890197532105210465e-01
9.890142682989813139e-01
9.890087820716088052e-01
9.890032945430273781e-01
9.889978057403439049e-01
9.889923156031845686e-01
9.889868241961441431e-01
9.889813314838556968e-01
9.889758375058952389e-01
9.889703422393963939e-01
9.889648456864735815e-01
9.889593478242939550e-01
9.889538486549922514e-01
9.889483482430411199e-01
9.889428465157412695e-01
9.889373421614143789e-01
9.889318357092149459e-01
9.889263279051055955e-01
9.889208187386574478e-01
9.889153082492659896e-01
9.889097963891394505e-01
9.889042831852179471e-01
9.888987686644165054e-01
9.888932527541003381e-01
9.888877355309602102e-01
9.888822169597021317e-01
9.888766970299330827e-01
9.888711757809847125e-01
9.888656532148765166e-01
9.888601292963623557e-01
9.888546040274908133e-01
9.888490774475565681e-01
9.888435495337551950e-01
9.888380202508981753e-01
9.888324896630841243e-01
9.888269577475279348e-01
9.888214244690698429e-01
9.888158899041586958e-01
9.888103540052326501e-01
9.888048167743412886e-01
9.887992782259223956e-01
9.887937383496325783e-01
9.887881971351422106e-01
9.887826546340223732e-01
9.887771107740479515e-01
9.887715656067850301e-01
9.887660191219067585e-01
9.887604713091003861e-01
9.887549221827888202e-01
9.887493717450246411e-01
9.887438199855040910e-01
9.887382669186421946e-01
9.887327125341422995e-01
9.887271568340670891e-01
9.887215997957927716e-01
9.887160414831009936e-01
9.887104818610161772e-01
9.887049209192679822e-01
9.886993586599297501e-01
9.886937950974017397e-01
9.886882302460725525e-01
9.886826640956752899e-01
9.886770966236391178e-01
9.886715278566773346e-01
9.886659578091655520e-01
9.886603864462349955e-01
9.886548137822748217e-01
9.886492398316620855e-01
9.886436645718648109e-01
9.886380880172636054e-01
9.886325101945190319e-01
9.886269310688200473e-01
9.886213506299663667e-01
9.886157689169015050e-01
9.886101859194132979e-01
9.886046016273019044e-01
9.885990160549266159e-01
9.885934291798245122e-01
9.885878410163592145e-01
9.885822502924511701e-01
9.885766574457610645e-01
9.885710632380469987e-01
9.885654676835683441e-01
9.885598707965730370e-01
9.885542725545375387e-01
9.885486729839635389e-01
9.885430720623394896e-01
9.885374697916676778e-01
9.885318661861899336e-01
9.885262612234242408e-01
9.885206549298513057e-01
9.885150473196964160e-01
9.885094383582573307e-01
9.885038280597716609e-01
9.884982164262428039e-01
9.884926034718932719e-01
9.884869891742845693e-01
9.884813735476425389e-01
9.884757565939716883e-01
9.884701382786524881e-01
9.884645186525355953e-01
9.884588977176156366e-01
9.884532754270949351e-01
9.884476518317868443e-01
9.884420269093030509e-01
9.884364006494686938e-01
9.884307730664932956e-01
9.884251441623919110e-01
9.884195139391800389e-01
9.884138824110494381e-01
9.884082495313104566e-01
9.884026153506904055e-01
9.883969798590275246e-01
9.883913430340086625e-01
9.883857049019917351e-01
9.883800654893106774e-01
9.883744247250300097e-01
9.883687826476608151e-01
9.883631392713793096e-01
9.883574945739094231e-01
9.883518485694305911e-01
9.883462012842505473e-01
9.883405526718284095e-01
9.883349027584785729e-01
9.883292515583598226e-01
9.883235990249781278e-01
9.883179451967638585e-01
9.883122900757457252e-01
9.883066336518324668e-01
9.883009759391776505e-01
9.882953169398103199e-01
9.882896566073207101e-01
9.882839950164140630e-01
9.882783321085840678e-01
9.882726678979878443e-01
9.882670024108687334e-01
9.882613356492563339e-01
9.882556675547249370e-01
9.882499982018795315e-01
9.882443275564867236e-01
9.882386555964310926e-01
9.882329823600177754e-01
9.882273078855147164e-01
9.882216308182034670e-01
9.882159516404716015e-01
9.882102711411655527e-01
9.882045892618834815e-01
9.881989060528708624e-01
9.881932215160761368e-01
9.881875355931513116e-01
9.881818483463729041e-01
9.881761597776899109e-01
9.881704698529004682e-01
9.881647786101237507e-01
9.881590860272205790e-01
9.881533920820750883e-01
9.881476968007510964e-01
9.881420002092884403e-01
9.881363022494733528e-01
9.881306029954812775e-01
9.881249024131729675e-01
9.881192004564217646e-01
9.881134971873377637e-01
9.881077926078817297e-01
9.881020866839689276e-01
9.880963794295990477e-01
9.880906708707699604e-01
9.880849609494106733e-01
9.880792497155417298e-01
9.880735371831337321e-01
9.880678232941613182e-01
9.880621080986089488e-01
9.880563916104397881e-01
9.880506737716731047e-01
9.880449546202734190e-01
9.880392341702037839e-01
9.880335123755177307e-01
9.880277892861299982e-01
9.880220648920385873e-01
9.880163391473424372e-01
9.880106121258656060e-01
9.880048837936781236e-01
9.879991541408084110e-01
9.879934231931748467e-01
9.879876909408037422e-01
9.879819573617806272e-01
9.879762224820153316e-01
9.879704863273939264e-01
9.879647488282263801e-01
9.879590100223638593e-01
9.879532699476223367e-01
9.879475285463008571e-01
9.879417858681478481e-01
9.879360418912895847e-01
9.879302966058013391e-01
9.879245500256185197e-01
9.879188021527434138e-01
9.879130529534267957e-01
9.879073024773561418e-01
9.879015507503484672e-01
9.878957976910219818e-01
9.878900433609425491e-01
9.878842877383007259e-01
9.878785308251093467e-01
9.878727726352778404e-01
9.878670131470241866e-01
9.878612523980419002e-01
9.878554890603921113e-01
9.878497236601387899e-01
9.878439569170957002e-01
9.878381888213030315e-01
9.878324193628140737e-01
9.878266485673251607e-01
9.878208764486363647e-01
9.878151030205355454e-01
9.878093282374553752e-01
9.878035520776067280e-01
9.877977746378544532e-01
9.877919958014871327e-01
9.877862156297694263e-01
9.877804341720549663e-01
9.877746513235783343e-01
9.877688671574108570e-01
9.877630816991715967e-01
9.877572948560250365e-01
9.877515067009915439e-01
9.877457172123234042e-01
9.877399264156347947e-01
9.877341342655269196e-01
9.877283408349339933e-01
9.877225460548119118e-01
9.877167499625925107e-01
9.877109525483923624e-01
9.877051537905230383e-01
9.876993537263907275e-01
9.876935523697449870e-01
9.876877496398537293e-01
9.876819456331533686e-01
9.876761402925501310e-01
9.876703336318077842e-01
9.876645256410858664e-01
9.876587163695254024e-01
9.876529057601000083e-01
9.876470938737258454e-01
9.876412806651910792e-01
9.876354661246775635e-01
9.876296502777197617e-01
9.876238331498291556e-01
9.876180146605255672e-01
9.876121949059810667e-01
9.876063738528217950e-01
9.876005514559432763e-01
9.875947277879143504e-01
9.875889027918766105e-01
9.875830764698145803e-01
9.875772488707289520e-01
9.875714200200729209e-01
9.875655898257921228e-01
9.875597583486165343e-01
9.875539255787632031e-01
9.875480914712413405e-01
9.875422561102114027e-01
9.875364194741482748e-01
9.875305814946263583e-01
9.875247422909384509e-01
9.875189017946597314e-01
9.875130599608781257e-01
9.875072168619238866e-01
9.875013724997578901e-01
9.874955268411998999e-01
9.874896798882377702e-01
9.874838304559188096e-01
9.874779788669070246e-01
9.874721259496590520e-01
9.874662717411702983e-01
9.874604161262918733e-01
9.874545592356445134e-01
9.874487010009083132e-01
9.874428414005995691e-01
9.874369804366369685e-01
9.874311181459988207e-01
9.874252545072111920e-01
9.874193895221839989e-01
9.874135232745788748e-01
9.874076556027860940e-01
9.874017866605249161e-01
9.873959163679646434e-01
9.873900447153571847e-01
9.873841717746193458e-01
9.873782975009821605e-01
9.873724218846977596e-01
9.873665449509994030e-01
9.873606667367523793e-01
9.873547871156759248e-01
9.873489061945739387e-01
9.873430239869882552e-01
9.873371404016662023e-01
9.873312555220408182e-01
9.873253693500093631e-01
9.873194818176629362e-01
9.873135929618432893e-01
9.873077028193583127e-01
9.873018113107252525e-01
9.872959185541299032e-01
9.872900244468624242e-01
9.872841290257242663e-01
9.872782323042526009e-01
9.872723342959742743e-01
9.872664349215327650e-01
9.872605343105627096e-01
9.872546323837134707e-01
9.872487290849141228e-01
9.872428244857259783e-01
9.872369186112646133e-01
9.872310114170677053e-01
9.872251029050780335e-01
9.872191931583432778e-01
9.872132820629078154e-01
9.872073696670636833e-01
9.872014559959015889e-01
9.871955409818851113e-01
9.871896246964190214e-01
9.871837071298504851e-01
9.871777882378378610e-01
9.871718680917270783e-01
9.871659466356202950e-01
9.871600238599104182e-01
9.871540998012261481e-01
9.871481744961624338e-01
9.871422478657773114e-01
9.871363199235879682e-01
9.871303907523691912e-01
9.871244602616877639e-01
9.871185284881310862e-01
9.871125954451811513e-01
9.871066599018760712e-01
9.871007222722721908e-01
9.870947833169796404e-01
9.870888429917342721e-01
9.870829013330018054e-01
9.870769583656922030e-01
9.870710140340448469e-01
9.870650683514643475e-01
9.870591213428610011e-01
9.870531730100974288e-01
9.870472233205046519e-01
9.870412723220010065e-01
9.870353199704210434e-01
9.870293662906568510e-01
9.870234112845797103e-01
9.870174549310678502e-01
9.870114972435024558e-01
9.870055382467475269e-01
9.869995779082002541e-01
9.869936162527210843e-01
9.869876532936662228e-01
9.869816890099388784e-01
9.869757233804631325e-01
9.869697564300876635e-01
9.869637881492203668e-01
9.869578185741615384e-01
9.869518476494394399e-01
9.869458753884248203e-01
9.869399018388638201e-01
9.869339269797032799e-01
9.869279508013697466e-01
9.869219732942993151e-01
9.869159944832932574e-01
9.869100143358895405e-01
9.869040328997775724e-01
9.868980501539471595e-01
9.868920660774087583e-01
9.868860806949453224e-01
9.868800940198836358e-01
9.868741059855149489e-01
9.868681166852070197e-01
9.868621260865477751e-01
9.868561341685817556e-01
9.868501409332179897e-01
9.868441464052025713e-01
9.868381505750127847e-01
9.868321534787893867e-01
9.868261550613571798e-01
9.868201553246339630e-01
9.868141543275634753e-01
9.868081520378160221e-01
9.868021484344944305e-01
9.867961435537084824e-01
9.867901373517757868e-01
9.867841298420145790e-01
9.867781210718996610e-01
9.867721110091591807e-01
9.867660996215548153e-01
9.867600869565451571e-01
9.867540730615451672e-01
9.867480578019242055e-01
9.867420412820031572e-01
9.867360235036781724e-01
9.867300044006435122e-01
9.867239828676800384e-01
9.867179592827571843e-01
9.867119342950664285e-01
9.867059080087261513e-01
9.866998804028297432e-01
9.866938514110725755e-01
9.866878211034387780e-01
9.866817894704028591e-01
9.866757564570621808e-01
9.866697221333544654e-01
9.866636864784211758e-01
9.866576494941030617e-01
9.866516112049137366e-01
9.866455715560086270e-01
9.866395305492523526e-01
9.866334882318251731e-01
9.866274446168857848e-01
9.866213996496433492e-01
9.866153533432840961e-01
9.866093057109837083e-01
9.866032567659076546e-01
9.865972065212114117e-01
9.865911549447978768e-01
9.865851020272187188e-01
9.865790477703393346e-01
9.865729922099337745e-01
9.865669353026463861e-01
9.865608771294320789e-01
9.865548176356375709e-01
9.865487567779540612e-01
9.865426946372986006e-01
9.865366311929333332e-01
9.865305664015741050e-01
9.865245003215115105e-01
9.865184329320326739e-01
9.865123642237221269e-01
9.865062941984470424e-01
9.865002228806190043e-01
9.864941502382855720e-01
9.864880762733234665e-01
9.864820010439250275e-01
9.864759244843653851e-01
9.864698466190453541e-01
9.864637674723450989e-01
9.864576870236131390e-01
9.864516052747194230e-01
9.864455222500287945e-01
9.864394378501937233e-01
9.864333522008021937e-01
9.864272652474963543e-01
9.864211769696811238e-01
9.864150874254220547e-01
9.864089965941110760e-01
9.864029044327045082e-01
9.863968110329150996e-01
9.863907163180174464e-01
9.863846203123493028e-01
9.863785230065720278e-01
9.863724244474360026e-01
9.863663245583073058e-01
9.863602233971489053e-01
9.863541209434190105e-01
9.863480171990052225e-01
9.863419121657971411e-01
9.863358047373095294e-01
9.863296952007173379e-01
9.863235843657052193e-01
9.863174721780745280e-01
9.863113586396429211e-01
9.863052437969903607e-01
9.862991275959640536e-01
9.862930100607615325e-01
9.862868911931925719e-01
9.862807709838883330e-01
9.862746494123111329e-01
9.862685265696988779e-01
9.862624023796141559e-01
9.862562768215434872e-01
9.862501499420003315e-01
9.862440217427960176e-01
9.862378922257430958e-01
9.862317613814932660e-01
9.862256292341817776e-01
9.862194957409935459e-01
9.862133609372213394e-01
9.862072248023778798e-01
9.862010873271447320e-01
9.861949485467921273e-01
9.861888084519907505e-01
9.861826670334226108e-01
9.861765242929160236e-01
9.861703802545696007e-01
9.861642348534049862e-01
9.861580881580589431e-01
9.861519401814731189e-01
9.861457908253341564e-01
9.861396401804924938e-01
9.861334882154058068e-01
9.861273349541448408e-01
9.861211803763041406e-01
9.861150245059453479e-01
9.861088672893454365e-01
9.861027088172189536e-01
9.860965490469498773e-01
9.860903879248623660e-01
9.860842254861221789e-01
9.860780617769624445e-01
9.860718967659176659e-01
9.860657304326450046e-01
9.860595628344427377e-01
9.860533939287832172e-01
9.860472237175137433e-01
9.860410522024829483e-01
9.860348793633813003e-01
9.860287052463758695e-01
9.860225298865199495e-01
9.860163531638446166e-01
9.860101751687910809e-01
9.860039958921267278e-01
9.859978152914404825e-01
9.859916334128464577e-01
9.859854502803024889e-01
9.859792658403576660e-01
9.859730801280360835e-01
9.859668931341289966e-01
9.859607048383910444e-01
9.859545152426877346e-01
9.859483243820129639e-01
9.859421311044324066e-01
9.859359357967730775e-01
9.859297391374723940e-01
9.859235411062473586e-01
9.859173417711025733e-01
9.859111411007044357e-01
9.859049390637494303e-01
9.858987357171721255e-01
9.858925310517168139e-01
9.858863250471158191e-01
9.858801177161778950e-01
9.858739090386532400e-01
9.858676990163395271e-01
9.858614876840690044e-01
9.858552750326078362e-01
9.858490610307210078e-01
9.858428457022215818e-01
9.858366290709035251e-01
9.858304111055469221e-01
9.858241918079496680e-01
9.858179712238877013e-01
9.858117492671973903e-01
9.858055260166314060e-01
9.857993014739671045e-01
9.857930755750773377e-01
9.857868483437466356e-01
9.857806198147205379e-01
9.857743899458768499e-01
9.857681587939024492e-01
9.857619263166879087e-01
9.857556925379800106e-01
9.857494574486049821e-01
9.857432210722925081e-01
9.857369833340958731e-01
9.857307442906499961e-01
9.857245039437566581e-01
9.857182622623537060e-01
9.857120193139765618e-01
9.857057750566071697e-01
9.856995294920546380e-01
9.856932826111844959e-01
9.856870344486394764e-01
9.856807849296382873e-01
9.856745341544611572e-01
9.856682820592812533e-01
9.856620286787198815e-01
9.856557739817916053e-01
9.856495180358841868e-01
9.856432607444576277e-01
9.856370021858145147e-01
9.856307423180727945e-01
9.856244811103076486e-01
9.856182186844280047e-01
9.856119549439920080e-01
9.856056899017429096e-01
9.855994236031364597e-01
9.855931559954468346e-01
9.855868870914099578e-01
9.855806169037535369e-01
9.855743454451941776e-01
9.855680726957558591e-01
9.855617986572657863e-01
9.855555233315521635e-01
9.855492467095557929e-01
9.855429677040554726e-01
9.855366866681229965e-01
9.855304042505994566e-01
9.855241205294319462e-01
9.855178355063529683e-01
9.855115491178398912e-01
9.855052613982892007e-01
9.854989723603262419e-01
9.854926819839612273e-01
9.854863902600896619e-01
9.854800972122090830e-01
9.854738028203510192e-01
9.854675071080035709e-01
9.854612100769224448e-01
9.854549116962998401e-01
9.854486119896170848e-01
9.854423109477876697e-01
9.854360085725815122e-01
9.854297049091488292e-01
9.854233999483883455e-01
9.854170936053308072e-01
9.854107859576455297e-01
9.854044770179239965e-01
9.853981667229205765e-01
9.853918551285785199e-01
9.853855422474838699e-01
9.853792279839572732e-01
9.853729124372215820e-01
9.853665956090267297e-01
9.853602774362143490e-01
9.853539579638413981e-01
9.853476371612335249e-01
9.853413150409882082e-01
9.853349916373113082e-01
9.853286669195429059e-01
9.853223408570525033e-01
9.853160135164502620e-01
9.853096848886955250e-01
9.853033549215726161e-01
9.852970236492666345e-01
9.852906910843496346e-01
9.852843571962286440e-01
9.852780220190596738e-01
9.852716855546173047e-01
9.852653477723296582e-01
9.852590087278911835e-01
9.852526683691762432e-01
9.852463267087565590e-01
9.852399837699659102e-01
9.852336395330398844e-01
9.852272939782332761e-01
9.852209471396459195e-01
9.852145990298233347e-01
9.852082495859799671e-01
9.852018988852400128e-01
9.851955468971062002e-01
9.851891935803571698e-01
9.851828390013166459e-01
9.851764831617606522e-01
9.851701259989920079e-01
9.851637675792908055e-01
9.851574078936932155e-01
9.851510468473375637e-01
9.851446845816421716e-01
9.851383199326151363e-01
9.851319532314213312e-01
9.851255852161053816e-01
9.851192158561909995e-01
9.851128451426848232e-01
9.851064731095039440e-01
9.851000997690911865e-01
9.850937250802789258e-01
9.850873490340905647e-01
9.850809717072852578e-01
9.850745930158564256e-01
9.850682130151152682e-01
9.850618316746571068e-01
9.850554490069305391e-01
9.850490650136716209e-01
9.850426796966158527e-01
9.850362930468004041e-01
9.850299050873618789e-01
9.850235158200297825e-01
9.850171252144565015e-01
9.850107332937725335e-01
9.850043400704022734e-01
9.849979455140196460e-01
9.849915496156925743e-01
9.849851524092212429e-01
9.849787538856645819e-01
9.849723540467668625e-01
9.849659528942732445e-01
9.849595504085852937e-01
9.849531466448069317e-01
9.849467415619959088e-01
9.849403351512396876e-01
9.849339274462831639e-01
9.849275184382064730e-01
9.849211080967821275e-01
9.849146964663970660e-01
9.849082835594428209e-01
9.849018692817996801e-01
9.848954537523890718e-01
9.848890368877651902e-01
9.848826187322756720e-01
9.848761992770257434e-01
9.848697785450466480e-01
9.848633564529893913e-01
9.848569330877199324e-01
9.848505084509788787e-01
9.848440824701026886e-01
9.848376552106419268e-01
9.848312266637192502e-01
9.848247968310899214e-01
9.848183657038891425e-01
9.848119332838790596e-01
9.848054995622070873e-01
9.847990645512552099e-01
9.847926282846166668e-01
9.847861906685627664e-01
9.847797517791366806e-01
9.847733116286978561e-01
9.847668701659910706e-01
9.847604274563916960e-01
9.847539834486616073e-01
9.847475381339854117e-01
9.847410915353298488e-01
9.847346436650553647e-01
9.847281934539028336e-01
9.847217412224726907e-01
9.847152876895850504e-01
9.847088327510926664e-01
9.847023765251299299e-01
9.846959189710582372e-01
9.846894600588509405e-01
9.846829998113778570e-01
9.846765382514900411e-01
9.846700753280367424e-01
9.846636110955818699e-01
9.846571455558207342e-01
9.846506786681996637e-01
9.846442104766816028e-01
9.846377409407311987e-01
9.846312701042931881e-01
9.846247979374049830e-01
9.846183244523336597e-01
9.846118496191427205e-01
9.846053734922955991e-01
9.845988960523999189e-01
9.845924172800826213e-01
9.845859371665282023e-01
9.845794557872291630e-01
9.845729730595885743e-01
9.845664890064104169e-01
9.845600036610107075e-01
9.845535170040371487e-01
9.845470290266824520e-01
9.845405397517188462e-01
9.845340491492939883e-01
9.845275572526972496e-01
9.845210640426074189e-01
9.845145694892060151e-01
9.845080736362885609e-01
9.845015765065944224e-01
9.844950780387831113e-01
9.844885782871281021e-01
9.844820772428393152e-01
9.844755748866347300e-01
9.844690712412449418e-01
9.844625662978936376e-01
9.844560600373202242e-01
9.844495524822488575e-01
9.844430436344063784e-01
9.844365334640592380e-01
9.844300220044100991e-01
9.844235092571862467e-01
9.844169951821948317e-01
9.844104798545371127e-01
9.844039632549690388e-01
9.843974453014250336e-01
9.843909260899212921e-01
9.843844056012351906e-01
9.843778837742959142e-01
9.843713606945880823e-01
9.843648363219785757e-01
9.843583106582101117e-01
9.843517837154831529e-01
9.843452555164444728e-01
9.843387260000997507e-01
9.843321952100149153e-01
9.843256631583747751e-01
9.843191298051259253e-01
9.843125941417865121e-01
9.843060564474724883e-01
9.842995173909272477e-01
9.842929769947261764e-01
9.842864353023026425e-01
9.842798922631352809e-01
9.842733479206464686e-01
9.842668022243440396e-01
9.842602551863539606e-01
9.842537068396450817e-01
9.842471571963117283e-01
9.842406062059072536e-01
9.842340538909679637e-01
9.842275002844308451e-01
9.842209452942206616e-01
9.842143890157808439e-01
9.842078314091310398e-01
9.842012724551444380e-01
9.841947122075587195e-01
9.841881506472361929e-01
9.841815877550572633e-01
9.841750235223201138e-01
9.841684580235140478e-01
9.841618911875283926e-01
9.841553230056749868e-01
9.841487535627952976e-01
9.841421827566585456e-01
9.841356106720839936e-01
9.841290372795905572e-01
9.841224625704890761e-01
9.841158865568582215e-01
9.841093092611461479e-01
9.841027306227803084e-01
9.840961506745993237e-01
9.840895694390459081e-01
9.840829868659619617e-01
9.840764029985346051e-01
9.840698178488214154e-01
9.840632313666990427e-01
9.840566436056874533e-01
9.840500545467585347e-01
9.840434641398354554e-01
9.840368724901862318e-01
9.840302795373710998e-01
9.840236852624010266e-01
9.840170897290767549e-01
9.840104928666687512e-01
9.840038946975901979e-01
9.839972952752558122e-01
9.839906945393207538e-01
9.839840924811719125e-01
9.839774891748714891e-01
9.839708845601148335e-01
9.839642786386245676e-01
9.839576714431033100e-01
9.839510629855778845e-01
9.839444532161339962e-01
9.839378421468210068e-01
9.839312298103153331e-01
9.839246161773738120e-01
9.839180012806594267e-01
9.839113851115651732e-01
9.839047676202570258e-01
9.838981488806251008e-01
9.838915278195818903e-01
9.838849047378277479e-01
9.838782803480146111e-01
9.838716546517811690e-01
9.838650275683789026e-01
9.838583991715715849e-01
9.838517694630042332e-01
9.838451383928624727e-01
9.838385060039825936e-01
9.838318723288803636e-01
9.838252372869039641e-01
9.838186009208712557e-01
9.838119632530039071e-01
9.838053242643891583e-01
9.837986839566866815e-01
9.837920423212807020e-01
9.837853993495642158e-01
9.837787550842916895e-01
9.837721094963047808e-01
9.837654625770033689e-01
9.837588143485886949e-01
9.837521648332435698e-01
9.837455139915768365e-01
9.837388617944897717e-01
9.837322083154615981e-01
9.837255534843682980e-01
9.837188973541572956e-01
9.837122399469877543e-01
9.837055811927801763e-01
9.836989211444506775e-01
9.836922597934183443e-01
9.836855971311102564e-01
9.836789331489632637e-01
9.836722678896012706e-01
9.836656013035113277e-01
9.836589334230754211e-01
9.836522642397329541e-01
9.836455937347042822e-01
9.836389219505774495e-01
9.836322488787921925e-01
9.836255744699140546e-01
9.836188987665183125e-01
9.836122217907132814e-01
9.836055434828765431e-01
9.835988638855588384e-01
9.835921830208553818e-01
9.835855008291828350e-01
9.835788173734774098e-01
9.835721326349950999e-01
9.835654465746083153e-01
9.835587592042183136e-01
9.835520705765060656e-01
9.835453806523566378e-01
9.835386894232672761e-01
9.835319969622680070e-01
9.835253031691273407e-01
9.835186081066783492e-01
9.835119117460472404e-01
9.835052140889308792e-01
9.834985151675654791e-01
9.834918149836292534e-01
9.834851134777486958e-01
9.834784107126794961e-01
9.834717066595877188e-01
9.834650002943186031e-01
9.834582919489298636e-01
9.834515822973685095e-01
9.834448712700951667e-01
9.834381589399080470e-01
9.834314453185836191e-01
9.834247303163019538e-01
9.834180139956685274e-01
9.834112963684653597e-01
9.834045774160091735e-01
9.833978571399351054e-01
9.833911355520255082e-01
9.833844126031781041e-01
9.833776883254849999e-01
9.833709627712972079e-01
9.833642358712457732e-01
9.833575076371221524e-01
9.833507780908459228e-01
9.833440472239186603e-01
9.833373150582453981e-01
9.833305815853259357e-01
9.833238467865417221e-01
9.833171106837915731e-01
9.833103732483423620e-01
9.833036344818493202e-01
9.832968944163240632e-01
9.832901530635198561e-01
9.832834103744932941e-01
9.832766663812444463e-01
9.832699211157477359e-01
9.832631745088689090e-01
9.832564265824892402e-01
9.832496774089931613e-01
9.832429268889730789e-01
9.832361750847035120e-01
9.832294219776266386e-01
9.832226675492014012e-01
9.832159118111843954e-01
9.832091547854152624e-01
9.832023964432704544e-01
9.831956368166749893e-01
9.831888759274436396e-01
9.831821137066277805e-01
9.831753501861464350e-01
9.831685853878142645e-01
9.831618192830473557e-01
9.831550519037330904e-01
9.831482832313718223e-01
9.831415132374106136e-01
9.831347419638000185e-01
9.831279694222578858e-01
9.831211955540462011e-01
9.831144204010965337e-01
9.831076439851871296e-01
9.831008662677334087e-01
9.830940872604629899e-01
9.830873069851480128e-01
9.830805254032357610e-01
9.830737425566021814e-01
9.830669584268059147e-01
9.830601730155129614e-01
9.830533863143467999e-01
9.830465983551018860e-01
9.830398090892390472e-01
9.830330175702964857e-01
9.830262240807443597e-01
9.830194292065564943e-01
9.830126330497021003e-01
9.830058355515759461e-01
9.829990366937373381e-01
9.829922365480016078e-01
9.829854350658320250e-01
9.829786322588673908e-01
9.829718281387399559e-01
9.829650226970353399e-01
9.829582159353649207e-01
9.829514078252965525e-01
9.829445984185219976e-01
9.829377876665885694e-01
9.829309756311761515e-01
9.829241622738531525e-01
9.829173475762287282e-01
9.829105315899441253e-01
9.829037142765988389e-01
9.828968956178213423e-01
9.828900756652281245e-01
9.828832544204257893e-01
9.828764318450528004e-01
9.828696079707099909e-01
9.828627827990104038e-01
9.828559562716514542e-01
9.828491284402025574e-01
9.828422993262457830e-01
9.828354688914702209e-01
9.828286371574623814e-01
9.828218041258420801e-01
9.828149697583352662e-01
9.828081341064434096e-01
9.828012971817498000e-01
9.827944589061237135e-01
9.827876193410136629e-01
9.827807784880401298e-01
9.827739363289018648e-01
9.827670928652310067e-01
9.827602481484464247e-01
9.827534020805999138e-01
9.827465547628855269e-01
9.827397061272494794e-01
9.827328561753372327e-01
9.827260049684762855e-01
9.827191524585514593e-01
9.827122986273177929e-01
9.827054435161901580e-01
9.826985871367348579e-01
9.826917294508279443e-01
9.826848704899198150e-01
9.826780102258413363e-01
9.826711486801001927e-01
9.826642858444027961e-01
9.826574217501691244e-01
9.826505563593248560e-01
9.826436896735175619e-01
9.826368217142349426e-01
9.826299524533584906e-01
9.826230819222898649e-01
9.826162101325788267e-01
9.826093370362951607e-01
9.826024626648295346e-01
9.825955860582014090e-01
9.825887074505895713e-01
9.825818275205931984e-01
9.825749462796979916e-01
9.825680636799684065e-01
9.825611797725108953e-01
9.825542945589008648e-01
9.825474079912338565e-01
9.825405201106921504e-01
9.825336309188579254e-01
9.825267403777524500e-01
9.825198485186463770e-01
9.825129553727867115e-01
9.825060608824391917e-01
9.824991650887386907e-01
9.824922679932681646e-01
9.824853695383408692e-01
9.824784697848335524e-01
9.824715687244548468e-01
9.824646663489214893e-01
9.824577626400884389e-01
9.824508576390361680e-01
9.824439513177493088e-01
9.824370436876935786e-01
9.824301347701898113e-01
9.824232244977995077e-01
9.824163129510150583e-01
9.824094001215578631e-01
9.824024859223244865e-01
9.823955704337707928e-01
9.823886536870380937e-01
9.823817355950650310e-01
9.823748162185549360e-01
9.823678955492551879e-01
9.823609735592356840e-01
9.823540502501111327e-01
9.823471256825269116e-01
9.823401997892080573e-01
9.823332725816100730e-01
9.823263441203420321e-01
9.823194143086816377e-01
9.823124832367220449e-01
9.823055508765705657e-01
9.822986172003589367e-01
9.822916822293533690e-01
9.822847460044445977e-01
9.822778084290375578e-01
9.822708695833076709e-01
9.822639294688539913e-01
9.822569880284014454e-01
9.822500453420672795e-01
9.822431013427803670e-01
9.822361560615884279e-01
9.822292095099067755e-01
9.822222616697365849e-01
9.822153125328949574e-01
9.822083621206014747e-01
9.822014104344678476e-01
9.821944574271355144e-01
9.821875031687911095e-01
9.821805476218739006e-01
9.821735908075843735e-01
9.821666326981763895e-01
9.821596733148487690e-01
9.821527116746586739e-01
9.821457480920063876e-01
9.821387831889302200e-01
9.821318169278751009e-01
9.821248493397534141e-01
9.821178804750043678e-01
9.821109102765275267e-01
9.821039387361231165e-01
9.820969658749072462e-01
9.820899916944447750e-01
9.820830161767719613e-01
9.820760393625189710e-01
9.820690612239564299e-01
9.820620817626567467e-01
9.820551009899491923e-01
9.820481188976449838e-01
9.820411354970699502e-01
9.820341507897909494e-01
9.820271647481260135e-01
9.820201773834076331e-01
9.820131887264507142e-01
9.820061987398424064e-01
9.819992074836169094e-01
9.819922149106261600e-01
9.819852210127113512e-01
9.819782258109290840e-01
9.819712293068532105e-01
9.819642314923250348e-01
9.819572323591945207e-01
9.819502319382311661e-01
9.819432301823729503e-01
9.819362271418375920e-01
9.819292228084715024e-01
9.819222171741288641e-01
9.819152102306717422e-01
9.819082020185514459e-01
9.819011924616161124e-01
9.818941816294626257e-01
9.818871695139494982e-01
9.818801560875261014e-01
9.818731413809047570e-01
9.818661253956607604e-01
9.818591080654508474e-01
9.818520894694973133e-01
9.818450695899718639e-01
9.818380483896692601e-01
9.818310259186688871e-01
9.818240021397747208e-01
9.818169770642772853e-01
9.818099507034595552e-01
9.818029230879699032e-01
9.817958941612687784e-01
9.817888639443286269e-01
9.817818324484237635e-01
9.817747996654642151e-01
9.817677655970440398e-01
9.817607302834591154e-01
9.817536936682401683e-01
9.817466557529940241e-01
9.817396165780047923e-01
9.817325761061862499e-01
9.817255343488101582e-01
9.817184913268048874e-01
9.817114470224366229e-01
9.817044005172256282e-01
9.816973520590513980e-01
9.816903022533777223e-01
9.816832511210719092e-01
9.816761986636771686e-01
9.816691448923899888e-01
9.816620898087481395e-01
9.816550333756959290e-01
9.816479756333811313e-01
9.816409165640526124e-01
9.816338562078316121e-01
9.816267944987588923e-01
9.816197314769581350e-01
9.816126671536103965e-01
9.816056014820789821e-01
9.815985345313645860e-01
9.815914662644698030e-01
9.815843966733153181e-01
9.815773257883406711e-01
9.815702536014596635e-01
9.815631800564741383e-01
9.815561052223180649e-01
9.815490290909109072e-01
9.815419516253258703e-01
9.815348728848287685e-01
9.815277928421111131e-01
9.815207114602746419e-01
9.815136287985577468e-01
9.815065448392832348e-01
9.814994595743965489e-01
9.814923729862454760e-01
9.814852851148112567e-01
9.814781959232365960e-01
9.814711054514875244e-01
9.814640137011108045e-01
9.814569206160814741e-01
9.814498262363540171e-01
9.814427305730792916e-01
9.814356336182201712e-01
9.814285353541600809e-01
9.814214358208130928e-01
9.814143349430546337e-01
9.814072327895528858e-01
9.814001293522807146e-01
9.813930246232198673e-01
9.813859186135114321e-01
9.813788113151405978e-01
9.813717026913826302e-01
9.813645927916788692e-01
9.813574816271586343e-01
9.813503691611078494e-01
9.813432554046694900e-01
9.813361403785408887e-01
9.813290240364769268e-01
9.813219064278625448e-01
9.813147875638159601e-01
9.813076673790037674e-01
9.813005459323422830e-01
9.812934232062894280e-01
9.812862992024172781e-01
9.812791739127508794e-01
9.812720473579601421e-01
9.812649195109803824e-01
9.812577904020216568e-01
9.812506590895725411e-01
9.812435258044299724e-01
9.812363912026211832e-01
9.812292552856634043e-01
9.812221180169343748e-01
9.812149794647040402e-01
9.812078395828177646e-01
9.812006983537449045e-01
9.811935558552447034e-01
9.811864120507099996e-01
9.811792668940401141e-01
9.811721204248678996e-01
9.811649726447164710e-01
9.811578235455913344e-01
9.811506731385380986e-01
9.811435214155659335e-01
9.811363683972291749e-01
9.811292140374923143e-01
9.811220583664286288e-01
9.811149013760604998e-01
9.811077431059445075e-01
9.811005835195796276e-01
9.810934226185020757e-01
9.810862604232464257e-01
9.810790969163420971e-01
9.810719320803324983e-01
9.810647659737297133e-01
9.810575985695708656e-01
9.810504298409148394e-01
9.810432598082864386e-01
9.810360884921957014e-01
9.810289158562284229e-01
9.810217419208977496e-01
9.810145667161845884e-01
9.810073901677744956e-01
9.810002123625289894e-01
9.809930332545849785e-01
9.809858528170637415e-01
9.809786711083564592e-01
9.809714881015787480e-01
9.809643037982740399e-01
9.809571182094516395e-01
9.809499313461134129e-01
9.809427431530162167e-01
9.809355537074113673e-01
9.809283629729851350e-01
9.809211709229095355e-01
9.809139775871107414e-01
9.809067829954924989e-01
9.808995870834218422e-01
9.808923898808137309e-01
9.808851914175618081e-01
9.808779916385232944e-01
9.808707906019291656e-01
9.808635882715439624e-01
9.808563846583637780e-01
9.808491797733774886e-01
9.808419736181299697e-01
9.808347661658616268e-01
9.808275574275672204e-01
9.808203474425269963e-01
9.808131361368422896e-01
9.808059235780822727e-01
9.807987097677869359e-01
9.807914937136692490e-01
9.807842757524778410e-01
9.807770564764033416e-01
9.807698358586817156e-01
9.807626139384990616e-01
9.807553906985138070e-01
9.807481661119838989e-01
9.807409402463183046e-01
9.807337130371199807e-01
9.807264845047263258e-01
9.807192546694603053e-01
9.807120235234139116e-01
9.807047910586854655e-01
9.806975572955880516e-01
9.806903222262184361e-01
9.806830858144861551e-01
9.806758481276930395e-01
9.806686091109564352e-01
9.806613687751895014e-01
9.806541271500801571e-01
9.806468842089580695e-01
9.806396399533383601e-01
9.806323944035068019e-01
9.806251475421995378e-01
9.806178993709315783e-01
9.806106498912177116e-01
9.806033991045729481e-01
9.805961470406427960e-01
9.805888936540516632e-01
9.805816389838180047e-01
9.805743829752188168e-01
9.805671256860082341e-01
9.805598671176911640e-01
9.805526072249433067e-01
9.805453460654811604e-01
9.805380836220800589e-01
9.805308198588083002e-01
9.805235548052746442e-01
9.805162884536385848e-01
9.805090208054216827e-01
9.805017518902059415e-01
9.804944816533884833e-01
9.804872101339059398e-01
9.804799373145793862e-01
9.804726632436673306e-01
9.804653878479161477e-01
9.804581111662400428e-01
9.804508332095023260e-01
9.804435539698812541e-01
9.804362734302262128e-01
9.804289916294108842e-01
9.804217085222812766e-01
9.804144241290400075e-01
9.804071384698748171e-01
9.803998515183205420e-01
9.803925632852369398e-01
9.803852737814777729e-01
9.803779830085661562e-01
9.803706909400647929e-01
9.803633976054696442e-01
9.803561029969880547e-01
9.803488071068340304e-01
9.803415099365428986e-01
9.803342114783386574e-01
9.803269108672665322e-01
9.803196083387075710e-01
9.803123044597585878e-01
9.803049992598358298e-01
9.802976927497255577e-01
9.802903849122996949e-01
9.802830757769481762e-01
9.802757653172450292e-01
9.802684535253809450e-01
9.802611404307356446e-01
9.802538260254924918e-01
9.802465103111341893e-01
9.802391932705629696e-01
9.802318749517152652e-01
9.802245552817632213e-01
9.802172343086414941e-01
9.802099120524006004e-01
9.802025884495413344e-01
9.801952635665330815e-01
9.801879373770142623e-01
9.801806098453679228e-01
9.801732810287517861e-01
9.801659509100991707e-01
9.801586194723566070e-01
9.801512867541014584e-01
9.801439527382771466e-01
9.801366174171071144e-01
9.801292807828226872e-01
9.801219428461857008e-01
9.801146036179519960e-01
9.801072630996118251e-01
9.800999212926544413e-01
9.800925781522938918e-01
9.800852337263143976e-01
9.800778880162058782e-01
9.800705409864587381e-01
9.800631927033223167e-01
9.800558431035459872e-01
9.800484922256202935e-01
9.800411400340640622e-01
9.800337865765951229e-01
9.800264317992631868e-01
9.800190757590110380e-01
9.800117184203812615e-01
9.800043598033489900e-01
9.799969998817139594e-01
9.799896386939108694e-01
9.799822761952875494e-01
9.799749124150429758e-01
9.799675473546796134e-01
9.799601809880293946e-01
9.799528133534972651e-01
9.799454444710202772e-01
9.799380742591226046e-01
9.799307028022852251e-01
9.799233300651373213e-01
9.799159560399743896e-01
9.799085807375209622e-01
9.799012041500764214e-01
9.798938262883623018e-01
9.798864471446814273e-01
9.798790667389555287e-01
9.798716850542843471e-01
9.798643021013820897e-01
9.798569169923267985e-01
9.798495299556860827e-01
9.798421415983784577e-01
9.798347519218664203e-01
9.798273609276122453e-01
9.798199686078871151e-01
9.798125750009185619e-01
9.798051800438357661e-01
9.797977838024286568e-01
9.797903862689596455e-01
9.797829873897820896e-01
9.797755871847431131e-01
9.797681856920351651e-01
9.797607828672209029e-01
9.797533787576609976e-01
9.797459733464592979e-01
9.797385666075608679e-01
9.797311585607870743e-01
9.797237492259456282e-01
9.797163385586570294e-01
9.797089265879036502e-01
9.797015133243193175e-01
9.796940987602051898e-01
9.796866828695482976e-01
9.796792657179478336e-01
9.796718472335927963e-01
9.796644274637530403e-01
9.796570064098921726e-01
9.796495840185621695e-01
9.796421603370111253e-01
9.796347353575602934e-01
9.796273090725384769e-01
9.796198815200067855e-01
9.796124526465643800e-01
9.796050224811275742e-01
9.795975910525929198e-01
9.795901583350047348e-01
9.795827242932928502e-01
9.795752889837637811e-01
9.795678523896164114e-01
9.795604144758010001e-01
9.795529752712043292e-01
9.795455348046916422e-01
9.795380930138448683e-01
9.795306499640388243e-01
9.795232056202483051e-01
9.795157599930814918e-01
9.795083131022594980e-01
9.795008649127828759e-01
9.794934154170288343e-01
9.794859646438376366e-01
9.794785126038043632e-01
9.794710592892952317e-01
9.794636046835751841e-01
9.794561487881372486e-01
9.794486916135801691e-01
9.794412331795995241e-01
9.794337734603670853e-01
9.794263124755765437e-01
9.794188502176131017e-01
9.794113866788681788e-01
9.794039218517401890e-01
9.793964557650084446e-01
9.793889884383398803e-01
9.793815189068391103e-01
9.793740475015442204e-01
9.793665747591374648e-01
9.793591006992456993e-01
9.793516253233128799e-01
9.793441486600313883e-01
9.793366706563407798e-01
9.793291913409392091e-01
9.793217107152706324e-01
9.793142287807794499e-01
9.793067455207586924e-01
9.792992609729563869e-01
9.792917751025200790e-01
9.792842879290437619e-01
9.792767994630401374e-01
9.792693096696821753e-01
9.792618185776242878e-01
9.792543261883109862e-01
9.792468324669412194e-01
9.792393374330992106e-01
9.792318411335311223e-01
9.792243434881579001e-01
9.792168445799485088e-01
9.792093443560141441e-01
9.792018428268667307e-01
9.791943400211107207e-01
9.791868359130423416e-01
9.791793304679320409e-01
9.791718237596126473e-01
9.791643157623910465e-01
9.791568064596356535e-01
9.791492958618466247e-01
9.791417839614424690e-01
9.791342707598844619e-01
9.791267562676682079e-01
9.791192404952828721e-01
9.791117234261177416e-01
9.791042050526046481e-01
9.790966854213496440e-01
9.790891644796371196e-01
9.790816422469881264e-01
9.790741187338876106e-01
9.790665939147287222e-01
9.790590678090231869e-01
9.790515404272506217e-01
9.790440117528359520e-01
9.790364817962615707e-01
9.790289505770148892e-01
9.790214180514936748e-01
9.790138842752311721e-01
9.790063491956297881e-01
9.789988128411851731e-01
9.789912752133607121e-01
9.789837363226210343e-01
9.789761961164196169e-01
9.789686546592395455e-01
9.789611119165436692e-01
9.789535678898058091e-01
9.789460225715054253e-01
9.789384760080832582e-01
9.789309281470484070e-01
9.789233790528086843e-01
9.789158286639005890e-01
9.789082769907948567e-01
9.789007231910821227e-01
9.788931675162331203e-01
9.788856104882009967e-01
9.788780521623152708e-01
9.788704925310112159e-01
9.788629315687769061e-01
9.788553692860226807e-01
9.788478057021271495e-01
9.788402408005653088e-01
9.788326745827675701e-01
9.788251070681024402e-01
9.788175382400555735e-01
9.788099681090233206e-01
9.788023966674668230e-01
9.787948239168167142e-01
9.787872498585039605e-01
9.787796745208374727e-01
9.787720978514865555e-01
9.787645198787657819e-01
9.787569406130605110e-01
9.787493600378912584e-01
9.787417781815478390e-01
9.787341950365020526e-01
9.787266105683890549e-01
9.787190248144399529e-01
9.787114377760814943e-01
9.787038494010829037e-01
9.786962597356070326e-01
9.786886687810858465e-01
9.786810765031987991e-01
9.786734829570167271e-01
9.786658881260914544e-01
9.786582919761237509e-01
9.786506945621534781e-01
9.786430958409551017e-01
9.786354958139751314e-01
9.786278945094410986e-01
9.786202919198605521e-01
9.786126880199014222e-01
9.786050828556244197e-01
9.785974764016972527e-01
9.785898686595633222e-01
9.785822596395820083e-01
9.785746493521063627e-01
9.785670377629165362e-01
9.785594248823776820e-01
9.785518107208472927e-01
9.785441952708612279e-01
9.785365785338675515e-01
9.785289605291249693e-01
9.785213412224584850e-01
9.785137206598357729e-01
9.785060988248903691e-01
9.784984756923710281e-01
9.784908512815302384e-01
9.784832256205024947e-01
9.784755986840416586e-01
9.784679704469216865e-01
9.784603409639474059e-01
9.784527102009994426e-01
9.784450781684194132e-01
9.784374448676569358e-01
9.784298102912776240e-01
9.784221744318553071e-01
9.784145364688846547e-01
9.784068966028813819e-01
9.783992554301448319e-01
9.783916129343220858e-01
9.783839691168247921e-01
9.783763239968120695e-01
9.783686775756865739e-01
9.783610298282379159e-01
9.783533807647519787e-01
9.783457303955080953e-01
9.783380787130475653e-01
9.783304257365112999e-01
9.783227714495763561e-01
9.783151158536548264e-01
9.783074589767375429e-01
9.782998007759331482e-01
9.782921412703768915e-01
9.782844804614805323e-01
9.782768183772164727e-01
9.782691549747256632e-01
9.782614902731301409e-01
9.782538242738427758e-01
9.782461569605839236e-01
9.782384883613109983e-01
9.782308184509020954e-01
9.782231472573057474e-01
9.782154747642497483e-01
9.782078009819912268e-01
9.782001258942700783e-01
9.781924495113444307e-01
9.781847718523005719e-01
9.781770928832189682e-01
9.781694126143581913e-01
9.781617310647999775e-01
9.781540482271311454e-01
9.781463640939448423e-01
9.781386786666648181e-01
9.781309919467151559e-01
9.781233039443405497e-01
9.781156146874183666e-01
9.781079241068123542e-01
9.781002322480460975e-01
9.780925391037250671e-01
9.780848446752732350e-01
9.780771489729267465e-01
9.780694519804860043e-01
9.780617537081888191e-01
9.780540541574596070e-01
9.780463533209189375e-01
9.780386512264058751e-01
9.780309478225266417e-01
9.780232431547255523e-01
9.780155371892294003e-01
9.780078299802583697e-01
9.780001214852481750e-01
9.779924116968400361e-01
9.779847006516420027e-01
9.779769883598647962e-01
9.779692747701929090e-01
9.779615598840714075e-01
9.779538437644434978e-01
9.779461263600178755e-01
9.779384076897995604e-01
9.779306877640001616e-01
9.779229656956983652e-01
9.779152417585995627e-01
9.779075165338076969e-01
9.778997899524910498e-01
9.778920620774818051e-01
9.778843329189325084e-01
9.778766024255912681e-01
9.778688706339397907e-01
9.778611375365945380e-01
9.778534031174122010e-01
9.778456673777914387e-01
9.778379303541844259e-01
9.778301920216864174e-01
9.778224523904519572e-01
9.778147114706289278e-01
9.778069692110613609e-01
9.777992256744499899e-01
9.777914808446678263e-01
9.777837346968486498e-01
9.777759872411467823e-01
9.777682385139589982e-01
9.777604884729284018e-01
9.777527371456973260e-01
9.777449845249118754e-01
9.777372305769960192e-01
9.777294753558116724e-01
9.777217188277862459e-01
9.777139610030627370e-01
9.777062018830411372e-01
9.776984414953275859e-01
9.776906797889073353e-01
9.776829168088546629e-01
9.776751525303699619e-01
9.776673869635874592e-01
9.776596201186349422e-01
9.776518519707322330e-01
9.776440825212893149e-01
9.776363118066072611e-01
9.776285397931934185e-01
9.776207664998979308e-01
9.776129919368392596e-01
9.776052160966981486e-01
9.775974389547323895e-01
9.775896605210709911e-01
9.775818808319702846e-01
9.775740998452736585e-01
9.775663175885220824e-01
9.775585340544106216e-01
9.775507492095256712e-01
9.775429631075138737e-01
9.775351757236669936e-01
9.775273870593967906e-01
9.775195971335126632e-01
9.775118059387194469e-01
9.775040134329466834e-01
9.774962196958716376e-01
9.774884246593429360e-01
9.774806283508595817e-01
9.774728307631448398e-01
9.774650319149910116e-01
9.774572317904336449e-01
9.774494304169437653e-01
9.774416277611922554e-01
9.774338238246017552e-01
9.774260178115836695e-01
9.774182099111645705e-01
9.774104006982602399e-01
9.774025901915953662e-01
9.773947783838574654e-01
9.773869652503923700e-01
9.773791508185974974e-01
9.773713350811701339e-01
9.773635180308126724e-01
9.773556996602339453e-01
9.773478800141460754e-01
9.773400590505845198e-01
9.773322367709311731e-01
9.773244132112133276e-01
9.773165883294940848e-01
9.773087621531356683e-01
9.773009346748533499e-01
9.772931058873695065e-01
9.772852758180272659e-01
9.772774444595423438e-01
9.772696117786855430e-01
9.772617778114441878e-01
9.772539425505444299e-01
9.772461059973636122e-01
9.772382681532796322e-01
9.772304290110276348e-01
9.772225885547070057e-01
9.772147468116296753e-01
9.772069038090887005e-01
9.771990594879909064e-01
9.771912138929095271e-01
9.771833670079506096e-01
9.771755187999682235e-01
9.771676693221486021e-01
9.771598185672362158e-01
9.771519665107273322e-01
9.771441131885183484e-01
9.771362585674862045e-01
9.771284026576456672e-01
9.771205454862501583e-01
9.771126870288142641e-01
9.771048272608708896e-01
9.770969662096733455e-01
9.770891038852251853e-01
9.770812402802970809e-01
9.770733754048895880e-01
9.770655092517765983e-01
9.770576418137376651e-01
9.770497731007741216e-01
9.770419031142749677e-01
9.770340318470247531e-01
9.770261593004172518e-01
9.770182854758466817e-01
9.770104103747070390e-01
9.770025339983917645e-01
9.769946563654896554e-01
9.769867774687898132e-01
9.769788973010884447e-01
9.769710158551875301e-01
9.769631331153051379e-01
9.769552491172058817e-01
9.769473638622800937e-01
9.769394773261597109e-01
9.769315895445865872e-01
9.769236996910429793e-01
9.769158079405345640e-01
9.769079148876138596e-01
9.769000205336314524e-01
9.768921248627807641e-01
9.768842278935744305e-01
9.768763296187882306e-01
9.768684300312027169e-01
9.768605291493224207e-01
9.768526269659271177e-01
9.768447234566638437e-01
9.768368186657409025e-01
9.768289125773716997e-01
9.768210051672168159e-01
9.768130964623360502e-01
9.768051864812087315e-01
9.767972751909393958e-01
9.767893626014521047e-01
9.767814487055495043e-01
9.767735335045968359e-01
9.767656170256219239e-01
9.767576992357649424e-01
9.767497801449469552e-01
9.767418597801829083e-01
9.767339381171792345e-01
9.767260151573017302e-01
9.767180909104602460e-01
9.767101653780168036e-01
9.767022385442469812e-01
9.766943104190626279e-01
9.766863810123685985e-01
9.766784503084500191e-01
9.766705183428234793e-01
9.766625850741663672e-01
9.766546505123876454e-01
9.766467146759214568e-01
9.766387775490689149e-01
9.766308391246718568e-01
9.766228994467425206e-01
9.766149584654787441e-01
9.766070161993092302e-01
9.765990726410822553e-01
9.765911278347805258e-01
9.765831817306376283e-01
9.765752343385526446e-01
9.765672856939688895e-01
9.765593357386369577e-01
9.765513845250293201e-01
9.765434320459962514e-01
9.765354782688620006e-01
9.765275232205395950e-01
9.765195669024010483e-01
9.765116092988058716e-01
9.765036504281445762e-01
9.764956903087955720e-01
9.764877288996136606e-01
9.764797662274853352e-01
9.764718022767849837e-01
9.764638370573920367e-01
9.764558705621871892e-01
9.764479028180351738e-01
9.764399337923329592e-01
9.764319635034495182e-01
9.764239919612515139e-01
9.764160183598967757e-01
9.764080428777354159e-01
9.764000661029983430e-01
9.763920879776188944e-01
9.763841085708271361e-01
9.763761278839480084e-01
9.763681458674219327e-01
9.763601625480384794e-01
9.763521779440922366e-01
9.763441920145308206e-01
9.763362047946058109e-01
9.763282162771782513e-01
9.763202264296988453e-01
9.763122353128175224e-01
9.763042429024535451e-01
9.762962491830101674e-01
9.762882541812338832e-01
9.762802578730657155e-01
9.762722602767796021e-01
9.762642613852540174e-01
9.762562612082922309e-01
9.762482597218581359e-01
9.762402569357607751e-01
9.762322528767171104e-01
9.762242474953358728e-01
9.762162408436960703e-01
9.762082329062303776e-01
9.762002236673836819e-01
9.761922131538540715e-01
9.761842013500878767e-01
9.761761882320971750e-01
9.761681738434653255e-01
9.761601581770891212e-01
9.761521412174316570e-01
9.761441229658464058e-01
9.761361034321252017e-01
9.761280826091809359e-01
9.761200605236732830e-01
9.761120371432079335e-01
9.761040124944397878e-01
9.760959865449913009e-01
9.760879593299428558e-01
9.760799308337839708e-01
9.760719010662953776e-01
9.760638700288274405e-01
9.760558376890362542e-01
9.760478040819772216e-01
9.760397692005806647e-01
9.760317330293628579e-01
9.760236955949399551e-01
9.760156568902466079e-01
9.760076169082231301e-01
9.759995756586422599e-01
9.759915331344471978e-01
9.759834893369975228e-01
9.759754442928789686e-01
9.759673979782166331e-01
9.759593503775585432e-01
9.759513015174862138e-01
9.759432513741472803e-01
9.759351999573114833e-01
9.759271472851431817e-01
9.759190933505996757e-01
9.759110381550417657e-01
9.759029809212110829e-01
9.758949218308198281e-01
9.758868613987011775e-01
9.758787996681571597e-01
9.758707366488965640e-01
9.758626723086739618e-01
9.758546066823736709e-01
9.758465397629222382e-01
9.758384715264818432e-01
9.758304020079191510e-01
9.758223311834001157e-01
9.758142590458717125e-01
9.758061856134236933e-01
9.757981109125131169e-01
9.757900348774367627e-01
9.757819575681653257e-01
9.757738789525179923e-01
9.757657990318263641e-01
9.757577178409062579e-01
9.757496353475936246e-01
9.757415515615889268e-01
9.757334664758526843e-01
9.757253801168130902e-01
9.757172924439696526e-01
9.757092034837506755e-01
9.757011132542054987e-01
9.756930217232159253e-01
9.756849289088345145e-01
9.756768348207458530e-01
9.756687394184982987e-01
9.756606427368521572e-01
9.756525447854877964e-01
9.756444455156244588e-01
9.756363449870582016e-01
9.756282431760643359e-01
9.756201400672837032e-01
9.756120357037824098e-01
9.756039300451628815e-01
9.755958231011090387e-01
9.755877148729583670e-01
9.755796053787270106e-01
9.755714945863926957e-01
9.755633825306474494e-01
9.755552692128205416e-01
9.755471545925731292e-01
9.755390387129171392e-01
9.755309215585203919e-01
9.755228031307207059e-01
9.755146834308565662e-01
9.755065624519401180e-01
9.754984401869890576e-01
9.754903166706437867e-01
9.754821918709465356e-01
9.754740658142057042e-01
9.754659384851177562e-01
9.754578098850255063e-01
9.754496800235885612e-01
9.754415488938305012e-01
9.754334164970950294e-01
9.754252828181012580e-01
9.754171478914432925e-01
9.754090117184555098e-01
9.754008742589355130e-01
9.753927355308517066e-01
9.753845947766019986e-01
9.753764521562975354e-01
9.753683082375111946e-01
9.753601630298470715e-01
9.753520164848004104e-01
9.753438686617873499e-01
9.753357195372092114e-01
9.753275690874840809e-01
9.753194173802883782e-01
9.753112643505619239e-01
9.753031099996236630e-01
9.752949543868263405e-01
9.752867974637260406e-01
9.752786392482126754e-01
9.752704797415935323e-01
9.752623189534609383e-01
9.752541568519831339e-01
9.752459934467627711e-01
9.752378287722376360e-01
9.752296627800314255e-01
9.752214955045795941e-01
9.752133269471896515e-01
9.752051571008940600e-01
9.751969859752784853e-01
9.751888135551058934e-01
9.751806398416923427e-01
9.751724648363545578e-01
9.751642885734802535e-01
9.751561109965031227e-01
9.751479321563433222e-01
9.751397520295135291e-01
9.751315706090677438e-01
9.751233879128489157e-01
9.751152039339097133e-01
9.751070186487926783e-01
9.750988320918546615e-01
9.750906442561524390e-01
9.750824551512574656e-01
9.750742647702295152e-01
9.750660731061351338e-01
9.750578801520457528e-01
9.750496859257840043e-01
9.750414904369136826e-01
9.750332936537666750e-01
9.750250956024045790e-01
9.750168962841455622e-01
9.750086956673422733e-01
9.750004937945281336e-01
9.749922906587786819e-01
9.749840862284633314e-01
9.749758805378594406e-01
9.749676735965191465e-01
9.749594653645925479e-01
9.749512558763396841e-01
9.749430451330796110e-01
9.749348331032154924e-01
9.749266198127642946e-01
9.749184052465976746e-01
9.749101894142707669e-01
9.749019723335561327e-01
9.748937539975507383e-01
9.748855343829179176e-01
9.748773134827748432e-01
9.748690913477641162e-01
9.748608671655650815e-01
9.748526411491271748e-01
9.748444138436519468e-01
9.748361852175704279e-01
9.748279552968164285e-01
9.748197240908866856e-01
9.748114915764378718e-01
9.748032577629722750e-01
9.747950226517809735e-01
9.747867862359507196e-01
9.747785485413865691e-01
9.747703095529679507e-01
9.747620692391837371e-01
9.747538276423381998e-01
9.747455847555204222e-01
9.747373405800221491e-01
9.747290951089400135e-01
9.747208483435699788e-01
9.747126003015922358e-01
9.747043509597219657e-01
9.746961003438276983e-01
9.746878484224449357e-01
9.746795952132516483e-01
9.746713407175436883e-01
9.746630849366179072e-01
9.746548278554049149e-01
9.746465694915723565e-01
9.746383098464164174e-01
9.746300489294121849e-01
9.746217867418522918e-01
9.746135232523260861e-01
9.746052584784918871e-01
9.745969924379960236e-01
9.745887250912739219e-01
9.745804564723195007e-01
9.745721865905987435e-01
9.745639154147347494e-01
9.745556429542034937e-01
9.745473692348038952e-01
9.745390942251763722e-01
9.745308179347924593e-01
9.745225403731188063e-01
9.745142615496157346e-01
9.745059814329497527e-01
9.744977000570607117e-01
9.744894173987813657e-01
9.744811334838824335e-01
9.744728482973576966e-01
9.744645618160603373e-01
9.744562740902062981e-01
9.744479850884968375e-01
9.744396948040958684e-01
9.744314032546085302e-01
9.744231104494854856e-01
9.744148163574590793e-01
9.744065210124126519e-01
9.743982244156492722e-01
9.743899265440560953e-01
9.743816274070853378e-01
9.743733270060479512e-01
9.743650253341209488e-01
9.743567224088851564e-01
9.743484182235166990e-01
9.743401127630663128e-01
9.743318052998481971e-01
9.743234960172977299e-01
9.743151854061743444e-01
9.743068735083950660e-01
9.742985603252276583e-01
9.742902458173238189e-01
9.742819300347029809e-01
9.742736129461463390e-01
9.742652945610532633e-01
9.742569748888176839e-01
9.742486539225950759e-01
9.742403316393168922e-01
9.742320080808392069e-01
9.742236832322064277e-01
9.742153570784721772e-01
9.742070296371405647e-01
9.741987009257049301e-01
9.741903708967916131e-01
9.741820395841157554e-01
9.741737070051632585e-01
9.741653731125843318e-01
9.741570379400791291e-01
9.741487014808234424e-01
9.741403637360990242e-01
9.741320247071865168e-01
9.741236844034633080e-01
9.741153428019218019e-01
9.741069999281322112e-01
9.740986557833715143e-01
9.740903103365539106e-01
9.740819635970621171e-01
9.740736155985387779e-01
9.740652663179965032e-01
9.740569157486361762e-01
9.740485639240832327e-01
9.740402107971152246e-01
9.740318563851927403e-01
9.740235007300062087e-01
9.740151437762747388e-01
9.740067855576055589e-01
9.739984260672049921e-01
9.739900652821353866e-01
9.739817032440611921e-01
9.739733399139012260e-01
9.739649753010245492e-01
9.739566094390026407e-01
9.739482423210461537e-01
9.739398739000384442e-01
9.739315042337424178e-01
9.739231333073092856e-01
9.739147610897759266e-01
9.739063876066286207e-01
9.738980128752782184e-01
9.738896368486564814e-01
9.738812595844708042e-01
9.738728810356656052e-01
9.738645012196530670e-01
9.738561201618876062e-01
9.738477378233939552e-01
9.738393542135264092e-01
9.738309693496823849e-01
9.738225832492479750e-01
9.738141958571840950e-01
9.738058072230710849e-01
9.737974165894106582e-01
9.737890241108273504e-01
9.737806303614717773e-01
9.737722353104256712e-01
9.737638389348320933e-01
9.737554412841924467e-01
9.737470423276085585e-01
9.737386420824167832e-01
9.737302405418399864e-01
9.737218377151721782e-01
9.737134335795767370e-01
9.737050281684426212e-01
9.736966214669668940e-01
9.736882134523272558e-01
9.736798041659291414e-01
9.736713935929758312e-01
9.736629817267058451e-01
9.736545685683846152e-01
9.736461541272988240e-01
9.736377383966909882e-01
9.736293213778268729e-01
9.736209030799891639e-01
9.736124834723777210e-01
9.736040626043558355e-01
9.735956404531398434e-01
9.735872170039712170e-01
9.735787922901666391e-01
9.735703662969659167e-01
9.735619390016123642e-01
9.735535104454164923e-01
9.735450806136262125e-01
9.735366494834973849e-01
9.735282170883179376e-01
9.735197834053475052e-01
9.735113484518601590e-01
9.735029122131260149e-01
9.734944747224081318e-01
9.734860359409865938e-01
9.734775958861293654e-01
9.734691545591073192e-01
9.734607119452081125e-01
9.734522680696822139e-01
9.734438229258073338e-01
9.734353764988799007e-01
9.734269288141379484e-01
9.734184798568790153e-01
9.734100296124104101e-01
9.734015781139461199e-01
9.733931253388098392e-01
9.733846713042413334e-01
9.733762160035333011e-01
9.733677594459391180e-01
9.733593016167784162e-01
9.733508425332804137e-01
9.733423821807705156e-01
9.733339205605289202e-01
9.733254576738353814e-01
9.733169935458778621e-01
9.733085281301171454e-01
9.733000614756446289e-01
9.732915935598334123e-01
9.732831243680355460e-01
9.732746539174647049e-01
9.732661822173627186e-01
9.732577085208438117e-01
9.732492330101024658e-01
9.732407561976184063e-01
9.732322780925957151e-01
9.732237986962765097e-01
9.732153179939943000e-01
9.732068359869996410e-01
9.731983527083514218e-01
9.731898681433829301e-01
9.731813822774377787e-01
9.731728951117674109e-01
9.731644066635156687e-01
9.731559169259806907e-01
9.731474259004087024e-01
9.731389335959904630e-01
9.731304399980855724e-01
9.731219451000039378e-01
9.731134489426974676e-01
9.731049514797740496e-01
9.730964527283653132e-01
9.730879527055940059e-01
9.730794513809675195e-01
9.730709487795426993e-01
9.730624449025675471e-01
9.730539397195692164e-01
9.730454332714548737e-01
9.730369255594686351e-01
9.730284165452229850e-01
9.730199062458312342e-01
9.730113946783969237e-01
9.730028818362450593e-01
9.729943677206278618e-01
9.729858523248779978e-01
9.729773356423321307e-01
9.729688176980021419e-01
9.729602984852205871e-01
9.729517779814956802e-01
9.729432562118316419e-01
9.729347331695681333e-01
9.729262088401409159e-01
9.729176832564514488e-01
9.729091564039319406e-01
9.729006282680252582e-01
9.728920988658071867e-01
9.728835681906300437e-01
9.728750362516567218e-01
9.728665030580464501e-01
9.728579685873506300e-01
9.728494328408341385e-01
9.728408958355569958e-01
9.728323575727761963e-01
9.728238180300632365e-01
9.728152772402626214e-01
9.728067351888423087e-01
9.727981918533897820e-01
9.727896472825174889e-01
9.727811014538086942e-01
9.727725543527508956e-01
9.727640059806126338e-01
9.727554563623170836e-01
9.727469054597055464e-01
9.727383533292293105e-01
9.727297999406150364e-01
9.727212452793697617e-01
9.727126886404944273e-01
9.727041301938614826e-01
9.726955704545312553e-01
9.726870094079814733e-01
9.726784470869451749e-01
9.726698834690242768e-01
9.726613185633230518e-01
9.726527523710697398e-01
9.726441848698861303e-01
9.726356160924836125e-01
9.726270460243540139e-01
9.726184746588646401e-01
9.726099019972520576e-01
9.726013280643417414e-01
9.725927528456351778e-01
9.725841763345055568e-01
9.725755985557660299e-01
9.725670194792117584e-01
9.725584391217960700e-01
9.725498574690417675e-01
9.725412745378972934e-01
9.725326903295961056e-01
9.725241048296688895e-01
9.725155180629068141e-01
9.725069300148418971e-01
9.724983406788636486e-01
9.724897500719061894e-01
9.724811581795123061e-01
9.724725650107679531e-01
9.724639705669101408e-01
9.724553748570181622e-01
9.724467778588055111e-01
9.724381795735173029e-01
9.724295800415865276e-01
9.724209792250586570e-01
9.724123771251790282e-01
9.724037737588604458e-01
9.723951691273412523e-01
9.723865632083656951e-01
9.723779560266732069e-01
9.723693475835017974e-01
9.723607378566078152e-01
9.723521268785448868e-01
9.723435146270735796e-01
9.723349011112633056e-01
9.723262863245341059e-01
9.723176702681319838e-01
9.723090529511229096e-01
9.723004343512942071e-01
9.722918145011680835e-01
9.722831933863518294e-01
9.722745710237209460e-01
9.722659473832608867e-01
9.722573224818502613e-01
9.722486963285460471e-01
9.722400689167816079e-01
9.722314402399960809e-01
9.722228103072462213e-01
9.722141791041679637e-01
9.722055466554286873e-01
9.721969129466656589e-01
9.721882779713276745e-01
9.721796417306695082e-01
9.721710042571429788e-01
9.721623648087783787e-01
9.721537235433865831e-01
9.721450809941479809e-01
9.721364371544779504e-01
9.721277920255909644e-01
9.721191456087018290e-01
9.721104979050253503e-01
9.721018488924051404e-01
9.720931986110132872e-01
9.720845470309057434e-01
9.720758941533043096e-01
9.720672400027885462e-01
9.720585845650008272e-01
9.720499278178118541e-01
9.720412698247048455e-01
9.720326105324175181e-01
9.720239499499548907e-01
9.720152880863186518e-01
9.720066249582806073e-01
9.719979605281756641e-01
9.719892948205568484e-01
9.719806278444166336e-01
9.719719595698833592e-01
9.719632900292700661e-01
9.719546191927150858e-01
9.719459470847536808e-01
9.719372737143721075e-01
9.719285990517241292e-01
9.719199231213333512e-01
9.719112459166567852e-01
9.719025674466799103e-01
9.718938876815799155e-01
9.718852066536294299e-01
9.718765243640482554e-01
9.718678407985430479e-01
9.718591559583409367e-01
9.718504698524242924e-01
9.718417824665106508e-01
9.718330938095836036e-01
9.718244039061225692e-01
9.718157127030986331e-01
9.718070202482433917e-01
9.717983265272839288e-01
9.717896315182111833e-01
9.717809352609863005e-01
9.717722377490870533e-01
9.717635389527701228e-01
9.717548389042373058e-01
9.717461376047138444e-01
9.717374350089948987e-01
9.717287311647493375e-01
9.717200260654661470e-01
9.717113196969050515e-01
9.717026120757683572e-01
9.716939031955532657e-01
9.716851930420300487e-01
9.716764816396278315e-01
9.716677689818468133e-01
9.716590550544655924e-01
9.716503398819017479e-01
9.716416234653840744e-01
9.716329057752491893e-01
9.716241868359063449e-01
9.716154666563096010e-01
9.716067444968690126e-01
9.715980205499591404e-01
9.715892953047030600e-01
9.715805687700218574e-01
9.715718409702643887e-01
9.715631118680480016e-01
9.715543814800079447e-01
9.715456497996335372e-01
9.715369168358409802e-01
9.715281825898312018e-01
9.715194470550975181e-01
9.715107102328451871e-01
9.715019721165737421e-01
9.714932327151963865e-01
9.714844920530290029e-01
9.714757500850526029e-01
9.714670068509889678e-01
9.714582623443359655e-01
9.714495165432002199e-01
9.714407694718866226e-01
9.714320211085086809e-01
9.714232714542796465e-01
9.714145205488806667e-01
9.714057683704295787e-01
9.713970148893672496e-01
9.713882601453640575e-01
9.713795041242450079e-01
9.713707468118446542e-01
9.713619882478117251e-01
9.713532284026042962e-01
9.713444672928043255e-01
9.713357049042521396e-01
9.713269412612058895e-01
9.713181763187868079e-01
9.713094101242940592e-01
9.713006426635746315e-01
9.712918739224852827e-01
9.712831039022438162e-01
9.712743326347643702e-01
9.712655600828852265e-01
9.712567862785149719e-01
9.712480112075192462e-01
9.712392348557732369e-01
9.712304572398351432e-01
9.712216783685857502e-01
9.712128982125736165e-01
9.712041168113458856e-01
9.711953341584461663e-01
9.711865502397620808e-01
9.711777650488505609e-01
9.711689786099121369e-01
9.711601909011831069e-01
9.711514019315423685e-01
9.711426117098642674e-01
9.711338202220549665e-01
9.711250274846422448e-01
9.711162335064942308e-01
9.711074382582178810e-01
9.710986417639886348e-01
9.710898440020760969e-01
9.710810449737065086e-01
9.710722447106899802e-01
9.710634431836590030e-01
9.710546404014833710e-01
9.710458356651211487e-01
9.710370291626169159e-01
9.710282213551840735e-01
9.710194122592974431e-01
9.710106018761448521e-01
9.710017901992769040e-01
9.709929772527938763e-01
9.709841630226063725e-01
9.709753474793674233e-01
9.709665306777078841e-01
9.709577125959111266e-01
9.709488932122746219e-01
9.709400725585131120e-01
9.709312506358123152e-01
9.709224273995964438e-01
9.709136029044501681e-01
9.709047771286826167e-01
9.708959500658623787e-01
9.708871217248070673e-01
9.708782921219507589e-01
9.708694612051416151e-01
9.708606290517731718e-01
9.708517956097004742e-01
9.708429608801227850e-01
9.708341248946986690e-01
9.708252876317731150e-01
9.708164490925422774e-01
9.708076092858136663e-01
9.707987682051699707e-01
9.707899258289816036e-01
9.707810821964926173e-01
9.707722372936806732e-01
9.707633911141367866e-01
9.707545436666649152e-01
9.707456949676670499e-01
9.707368449803253085e-01
9.707279937362485178e-01
9.707191412214314363e-01
9.707102874218783706e-01
9.707014323767813035e-01
9.706925760797339153e-01
9.706837184939582919e-01
9.706748596434447984e-01
9.706659995445785505e-01
9.706571381681896593e-01
9.706482755230758652e-01
9.706394116483834100e-01
9.706305464921884951e-01
9.706216800708749037e-01
9.706128124084016928e-01
9.706039434756281725e-01
9.705950732965098471e-01
9.705862018570821093e-01
9.705773291509693923e-01
9.705684552021166533e-01
9.705595799889888964e-01
9.705507035127949322e-01
9.705418257747427946e-01
9.705329468063376153e-01
9.705240665633367847e-01
9.705151850696709381e-01
9.705063023416858892e-01
9.704974183427345080e-01
9.704885330967363277e-01
9.704796459292168720e-01
9.704707569635238062e-01
9.704618667091441386e-01
9.704529751899451107e-01
9.704440823692764839e-01
9.704351882710050559e-01
9.704262928887422701e-01
9.704173962085437255e-01
9.704084982618254029e-01
9.703995990270835037e-01
9.703906984979410177e-01
9.703817966982446475e-01
9.703728936216128309e-01
9.703639892616680029e-01
9.703550836195893314e-01
9.703461767041060559e-01
9.703372684861975017e-01
9.703283590274361936e-01
9.703194482761567929e-01
9.703105362486363905e-01
9.703016229535991188e-01
9.702927083771339944e-01
9.702837925204240710e-01
9.702748753921925928e-01
9.702659570011595846e-01
9.702570373183458941e-01
9.702481163826293109e-01
9.702391941876455927e-01
9.702302706968959356e-01
9.702213459567774478e-01
9.702124199383315162e-01
9.702034926352142152e-01
9.701945640712066332e-01
9.701856342474886041e-01
9.701767031501837835e-01
9.701677708030600478e-01
9.701588371771912023e-01
9.701499022812927198e-01
9.701409661240742999e-01
9.701320286991984565e-01
9.701230900003308122e-01
9.701141500512220350e-01
9.701052088455331956e-01
9.700962663543792885e-01
9.700873226090227508e-01
9.700783776181630680e-01
9.700694313679525393e-01
9.700604838520664464e-01
9.700515350792076052e-01
9.700425850355425261e-01
9.700336337447940105e-01
9.700246812006381170e-01
9.700157273817426873e-01
9.700067723268341879e-01
9.699978160145795725e-01
9.699888584461714425e-01
9.699798996378047322e-01
9.699709395606609386e-01
9.699619782234381038e-01
9.699530156498276101e-01
9.699440518335167294e-01
9.699350867532048337e-01
9.699261204250811952e-01
9.699171528578317547e-01
9.699081833411243858e-01
9.698992120548101115e-01
9.698902394882239486e-01
9.698812656350346284e-01
9.698722905038932307e-01
9.698633141034466165e-01
9.698543363899293501e-01
9.698453574094312302e-01
9.698363771481390838e-01
9.698273956072153146e-01
9.698184127878222149e-01
9.698094286986042034e-01
9.698004433107995093e-01
9.697914566480184684e-01
9.697824687114231512e-01
9.697734795021766274e-01
9.697644890064909262e-01
9.697554972404839324e-01
9.697465041903730043e-01
9.697375098722711417e-01
9.697285142948122161e-01
9.697195174218083968e-01
9.697105192843094024e-01
9.697015198909459954e-01
9.696925192055476650e-01
9.696835172666158353e-01
9.696745140529189344e-01
9.696655095730897234e-01
9.696565038208340148e-01
9.696474967973215398e-01
9.696384884888047395e-01
9.696294789337506215e-01
9.696204681184057428e-01
9.696114560066586563e-01
9.696024426369664884e-01
9.695934280179495657e-01
9.695844121209629130e-01
9.695753949695373741e-01
9.695663765573898640e-01
9.695573568782429597e-01
9.695483359407182089e-01
9.695393137608796508e-01
9.695302902952189772e-01
9.695212655746979769e-01
9.695122395856017317e-01
9.695032123588755990e-01
9.694941838733615036e-01
9.694851541227946790e-01
9.694761231157915660e-01
9.694670908386522346e-01
9.694580573148666724e-01
9.694490225233018954e-01
9.694399865023080043e-01
9.694309492158867947e-01
9.694219106652199880e-01
9.694128708812106421e-01
9.694038298427397615e-01
9.693947875435575678e-01
9.693857439997000114e-01
9.693766992123421522e-01
9.693676531455364120e-01
9.693586058598629984e-01
9.693495573193752213e-01
9.693405075326768650e-01
9.693314558358814281e-01
9.693224023678289614e-01
9.693133476129027759e-01
9.693042915796702408e-01
9.692952342692777723e-01
9.692861756680410945e-01
9.692771157919415348e-01
9.692680546347127724e-01
9.692589921826810784e-01
9.692499284666457049e-01
9.692408634729312578e-01
9.692317971952789657e-01
9.692227296496572775e-01
9.692136608298066447e-01
9.692045907220666612e-01
9.691955193424026671e-01
9.691864466993678207e-01
9.691773727571001418e-01
9.691682975537669886e-01
9.691592210831154741e-01
9.691501433388982623e-01
9.691410643222686527e-01
9.691319840343809444e-01
9.691229024689937965e-01
9.691138196420527873e-01
9.691047355473157987e-01
9.690956501785451538e-01
9.690865635516794363e-01
9.690774756530908807e-01
9.690683864913252066e-01
9.690592960601498440e-01
9.690502043681085143e-01
9.690411114015856642e-01
9.690320171765101076e-01
9.690229216940364765e-01
9.690138249405559900e-01
9.690047269246109263e-01
9.689956276547380121e-01
9.689865271173361272e-01
9.689774253135664539e-01
9.689683222519667183e-01
9.689592179189454590e-01
9.689501123377886049e-01
9.689410055096507879e-01
9.689318974062021139e-01
9.689227880580917329e-01
9.689136774443672939e-01
9.689045655735625262e-01
9.688954524615723818e-01
9.688863381021866061e-01
9.688772224671058364e-01
9.688681055943192399e-01
9.688589874702574489e-01
9.688498680739996427e-01
9.688407474287976662e-01
9.688316255505318164e-01
9.688225024035689303e-01
9.688133780185079758e-01
9.688042523891523539e-01
9.687951255019557895e-01
9.687859973507345623e-01
9.687768679881257894e-01
9.687677373491200283e-01
9.687586054716459394e-01
9.687494717079795370e-01
9.687403361640856136e-01
9.687311993415321787e-01
9.687220612414528809e-01
9.687129218576370215e-01
9.687037811912221352e-01
9.686946392506888825e-01
9.686854960298296735e-01
9.686763515371229483e-01
9.686672057737029107e-01
9.686580587186887081e-01
9.686489104025743924e-01
9.686397608044822194e-01
9.686306099182181439e-01
9.686214577669293169e-01
9.686123043517500530e-01
9.686031496591513967e-01
9.685939936902752123e-01
9.685848364609216388e-01
9.685756779429113283e-01
9.685665181667028056e-01
9.685573571334304965e-01
9.685481948149288201e-01
9.685390312343180597e-01
9.685298664073829222e-01
9.685207002766798023e-01
9.685115328872919704e-01
9.685023642403578492e-01
9.684931943296976042e-01
9.684840231491357310e-01
9.684748507071334611e-01
9.684656769902029172e-01
9.684565020141204794e-01
9.684473257873420504e-01
9.684381482890698223e-01
9.684289695131421682e-01
9.684197895045699722e-01
9.684106082206331845e-01
9.684014256844071245e-01
9.683922418897279449e-01
9.683830568377409520e-01
9.683738705222879606e-01
9.683646829591239236e-01
9.683554941347880529e-01
9.683463040577300340e-01
9.683371127290959501e-01
9.683279201208372378e-01
9.683187262706012266e-01
9.683095311722338394e-01
9.683003348049955550e-01
9.682911371919249444e-01
9.682819383341683128e-01
9.682727382255800208e-01
9.682635368600188697e-01
9.682543342532174968e-01
9.682451303917448682e-01
9.682359252840415653e-01
9.682267189312573352e-01
9.682175113272574185e-01
9.682083024659099424e-01
9.681990923847876296e-01
9.681898810486204709e-01
9.681806684658458284e-01
9.681714546376174457e-01
9.681622389029487241e-01
9.681530214156703895e-01
9.681438026650538431e-01
9.681345826085572259e-01
9.681253612982413381e-01
9.681161387061227863e-01
9.681069148333275587e-01
9.680976896809806442e-01
9.680884632574788817e-01
9.680792355421353745e-01
9.680700065724259229e-01
9.680607763349311501e-01
9.680515448162408942e-01
9.680423120320148511e-01
9.680330779688474108e-01
9.680238426206039248e-01
9.680146060319908541e-01
9.680053681678151278e-01
9.679961290146861241e-01
9.679868886100346792e-01
9.679776469332068700e-01
9.679684039780751537e-01
9.679591597675397674e-01
9.679499142954688384e-01
9.679406675412283168e-01
9.679314195349641992e-01
9.679221702487945667e-01
9.679129197056056677e-01
9.679036679065242677e-01
9.678944148381816159e-01
9.678851605017100290e-01
9.678759049127344527e-01
9.678666480578924647e-01
9.678573899383169366e-01
9.678481305551414060e-01
9.678388699312236998e-01
9.678296080387258638e-01
9.678203448787843222e-01
9.678110804742505735e-01
9.678018148117775166e-01
9.677925478852626995e-01
9.677832797103126383e-01
9.677740102663564548e-01
9.677647395834649835e-01
9.677554676338393502e-01
9.677461944258498594e-01
9.677369199606340455e-01
9.677276442610139862e-01
9.677183673064353453e-01
9.677090890980348803e-01
9.676998096369503477e-01
9.676905289243189490e-01
9.676812469757237745e-01
9.676719637706303612e-01
9.676626793029581286e-01
9.676533935955105026e-01
9.676441066638592492e-01
9.676348184730438895e-01
9.676255290242089524e-01
9.676162383473601025e-01
9.676069464147711852e-01
9.675976532347997372e-01
9.675883588302228722e-01
9.675790631516955065e-01
9.675697656045273432e-01
9.675604663102365111e-01
9.675511657315817304e-01
9.675418638840918018e-01
9.675325607616680479e-01
9.675232563582154555e-01
9.675139506892560526e-01
9.675046437414913658e-01
9.674953355160350599e-01
9.674860260212022611e-01
9.674767152653037661e-01
9.674674032134522594e-01
9.674580898955629227e-01
9.674487753271406865e-01
9.674394594805070247e-01
9.674301423567790437e-01
9.674208239642676510e-01
9.674115043040875106e-01
9.674021833845446450e-01
9.673928611995591398e-01
9.673835377430561877e-01
9.673742130233419223e-01
9.673648870271561728e-01
9.673555597628058500e-01
9.673462312385940898e-01
9.673369014628199203e-01
9.673275704222283888e-01
9.673182381179370459e-01
9.673089045438832967e-01
9.672995697011882443e-01
9.672902336196883555e-01
9.672808962861363380e-01
9.672715576585875219e-01
9.672622177955804146e-01
9.672528766767000130e-01
9.672435342815445258e-01
9.672341906327586170e-01
9.672248457458034743e-01
9.672154995931100396e-01
9.672061521901410552e-01
9.671968035308473599e-01
9.671874536235171016e-01
9.671781024549370720e-01
9.671687500477275101e-01
9.671593963671836214e-01
9.671500414359256448e-01
9.671406852693991141e-01
9.671313278472373209e-01
9.671219691634056481e-01
9.671126092405084584e-01
9.671032480581918112e-01
9.670938856318974652e-01
9.670845219699024664e-01
9.670751570518630880e-01
9.670657908789082047e-01
9.670564234593181929e-01
9.670470547942188189e-01
9.670376848847358486e-01
9.670283137391431083e-01
9.670189413371199638e-01
9.670095677012388036e-01
9.670001928254762236e-01
9.669908167038134827e-01
9.669814393445230749e-01
9.669720601107886226e-01
9.669626791210429451e-01
9.669532968620009328e-01
9.669439133347578208e-01
9.669345285261321532e-01
9.669251424515014071e-01
9.669157551119619276e-01
9.669063664872019626e-01
9.668969766068665761e-01
9.668875854577809736e-01
9.668781930339118702e-01
9.668687993363613842e-01
9.668594043804936700e-01
9.668500081460156270e-01
9.668406106340335926e-01
9.668312118741635430e-01
9.668218118247389192e-01
9.668124105153742542e-01
9.668030079471693350e-01
9.667936041069766784e-01
9.667841990030245913e-01
9.667747926506587985e-01
9.667653850153744566e-01
9.667559761338802016e-01
9.667465659716814042e-01
9.667371545512423170e-01
9.667277418736661687e-01
9.667183279258253492e-01
9.667089127230579226e-01
9.666994962735793173e-01
9.666900785642665861e-01
9.666806595820039982e-01
9.666712393563432482e-01
9.666618178741679390e-01
9.666523951223682243e-01
9.666429711304839190e-01
9.666335458854042884e-01
9.666241193527127518e-01
9.666146915832565245e-01
9.666052625781365037e-01
9.665958322887425735e-01
9.665864007730005092e-01
9.665769679965110495e-01
9.665675339603871929e-01
9.665580986941315622e-01
9.665486621775558618e-01
9.665392244046752124e-01
9.665297853766027236e-01
9.665203451086383790e-01
9.665109035806129789e-01
9.665014608078248415e-01
9.664920167984745181e-01
9.664825715324023570e-01
9.664731250249013472e-01
9.664636772770811568e-01
9.664542282687956787e-01
9.664447780365881258e-01
9.664353265532282800e-01
9.664258738269154714e-01
9.664164198516823623e-01
9.664069646498871791e-01
9.663975082013990248e-01
9.663880505144134547e-01
9.663785915971221385e-01
9.663691307926035590e-01
9.663596682658286419e-01
9.663502044703750071e-01
9.663407393931795486e-01
9.663312730636244297e-01
9.663218054474289609e-01
9.663123365527581665e-01
9.663028663948423080e-01
9.662933949747666285e-01
9.662839222724122212e-01
9.662744483100739190e-01
9.662649730817710614e-01
9.662554965744619695e-01
9.662460188174959441e-01
9.662365397907666242e-01
9.662270595024272657e-01
9.662175779253238117e-01
9.662080951170329834e-01
9.661986110221628676e-01
9.661891256700443353e-01
9.661796390617648500e-01
9.661701511843029389e-01
9.661606620528616629e-01
9.661511716544226580e-01
9.661416799971330738e-01
9.661321870750332330e-01
9.661226928962683980e-01
9.661131974619301399e-01
9.661037007801585030e-01
9.660942028309005281e-01
9.660847036082079731e-01
9.660752031484078906e-01
9.660657014384981256e-01
9.660561984513977851e-01
9.660466942163793425e-01
9.660371887345351460e-01
9.660276819858374386e-01
9.660181739995432615e-01
9.660086647556276329e-01
9.659991542481525251e-01
9.659896425204340664e-01
9.659801295383818598e-01
9.659706152819920177e-01
9.659610997945697886e-01
9.659515830490768007e-01
9.659420650606769243e-01
9.659325458234353512e-01
9.659230253314222692e-01
9.659135035927675084e-01
9.659039806155959029e-01
9.658944563939777517e-01
9.658849309219872392e-01
9.658754042077503099e-01
9.658658762593881342e-01
9.658563470499101911e-01
9.658468166014865242e-01
9.658372849152163653e-01
9.658277519781613973e-01
9.658182178054621758e-01
9.658086824052337649e-01
9.657991457364808463e-01
9.657896078424033082e-01
9.657800687311107746e-01
9.657705283546109687e-01
9.657609861414340191e-01
9.657514422040793800e-01
9.657418969776123685e-01
9.657323504841417439e-01
9.657228027247422020e-01
9.657132536794660327e-01
9.657037033704141127e-01
9.656941518126698210e-01
9.656845989792857132e-01
9.656750448713414814e-01
9.656654895249263681e-01
9.656559328780977003e-01
9.656463749739463420e-01
9.656368158275447922e-01
9.656272553979732276e-01
9.656176937213024614e-01
9.656081307636240618e-01
9.655985665400146356e-01
9.655890010725349804e-01
9.655794343412787972e-01
9.655698663403338156e-01
9.655602970917562811e-01
9.655507265756512192e-01
9.655411547861130206e-01
9.655315817591669791e-01
9.655220074749247816e-01
9.655124319344665640e-01
9.655028551388731284e-01
9.654932770822413080e-01
9.654836977447063262e-01
9.654741171762334373e-01
9.654645353639325078e-01
9.654549522739830358e-01
9.654453679493502083e-01
9.654357823701753549e-01
9.654261955375427195e-01
9.654166074385845953e-01
9.654070181092647696e-01
9.653974275227630297e-01
9.653878356731944166e-01
9.653782425965067304e-01
9.653686482589223239e-01
9.653590526615312140e-01
9.653494558332981201e-01
9.653398577474308073e-01
9.653302584119861640e-01
9.653206578419828432e-01
9.653110560245730110e-01
9.653014529678074496e-01
9.652918486588457636e-01
9.652822431127012770e-01
9.652726363165377022e-01
9.652630282853644772e-01
9.652534190063495334e-01
9.652438084736256751e-01
9.652341967230689823e-01
9.652245837140258633e-01
9.652149694684559744e-01
9.652053539874473342e-01
9.651957372651354117e-01
9.651861193026108898e-01
9.651765001009650069e-01
9.651668796682378870e-01
9.651572580055174377e-01
9.651476345070780782e-01
9.651380092548074163e-01
9.651283827489300915e-01
9.651187549835572588e-01
9.651091259389169563e-01
9.650994956299643324e-01
9.650898640716462085e-01
9.650802312303142783e-01
9.650705971209209144e-01
9.650609617514710470e-01
9.650513251230279366e-01
9.650416872297172821e-01
9.650320480864778006e-01
9.650224076527584849e-01
9.650127659712427475e-01
9.650031230291240547e-01
9.649934788066726332e-01
9.649838333396195678e-01
9.649741866151645420e-01
9.649645386274451342e-01
9.649548893844586139e-01
9.649452388803446690e-01
9.649355871161721110e-01
9.649259340999364332e-01
9.649162798257792106e-01
9.649066243016937161e-01
9.648969675149019487e-01
9.648873094803189776e-01
9.648776501782504456e-01
9.648679896374496856e-01
9.648583278520619366e-01
9.648486648024022783e-01
9.648390004964622069e-01
9.648293349491456894e-01
9.648196681407763542e-01
9.648100000793438102e-01
9.648003307797452521e-01
9.647906602154028288e-01
9.647809884150362336e-01
9.647713153658941110e-01
9.647616410621412397e-01
9.647519655117612336e-01
9.647422887296396299e-01
9.647326106961278125e-01
9.647229313984930776e-01
9.647132508861412381e-01
9.647035691118167611e-01
9.646938860973066632e-01
9.646842018436837529e-01
9.646745163451222460e-01
9.646648296026987257e-01
9.646551416243862587e-01
9.646454523974665740e-01
9.646357619368094438e-01
9.646260702296995948e-01
9.646163772703231221e-01
9.646066830873324394e-01
9.645969876749068694e-01
9.645872910065581562e-01
9.645775931247091428e-01
9.645678940028731274e-01
9.645581936283553759e-01
9.645484920297875409e-01
9.645387892013579378e-01
9.645290845312556316e-01
9.645193781332954686e-01
9.645096704890370187e-01
9.644999615719951347e-01
9.644902513832241953e-01
9.644805399444210670e-01
9.644708272153557083e-01
9.644611132383625884e-01
9.644513980144885368e-01
9.644416815035211643e-01
9.644319637409021206e-01
9.644222447139316756e-01
9.644125244305394862e-01
9.644028028849050971e-01
9.643930800849555007e-01
9.643833560042608388e-01
9.643736306782342282e-01
9.643639040941877072e-01
9.643541762531768757e-01
9.643444471493908265e-01
9.643347168044856810e-01
9.643249851783221027e-01
9.643152523131509612e-01
9.643055182031592398e-01
9.642957828150904298e-01
9.642860461774556136e-01
9.642763082913110573e-01
9.642665691508534032e-01
9.642568287639998736e-01
9.642470871318064018e-01
9.642373442347608181e-01
9.642276001013483366e-01
9.642178547189141913e-01
9.642081080611044630e-01
9.641983601701031859e-01
9.641886110332615889e-01
9.641788606379378956e-01
9.641691090057451508e-01
9.641593561240432431e-01
9.641496020007416234e-01
9.641398466232067310e-01
9.641300900130402862e-01
9.641203321370765966e-01
9.641105730442907085e-01
9.641008127015209261e-01
9.640910511029916474e-01
9.640812882702918252e-01
9.640715242044819444e-01
9.640617588861055687e-01
9.640519923162309546e-01
9.640422245232733722e-01
9.640324554877821583e-01
9.640226852176578820e-01
9.640129137071294929e-01
9.640031409572626941e-01
9.639933669691234108e-01
9.639835917506078822e-01
9.639738152822896478e-01
9.639640375788978144e-01
9.639542586551540504e-01
9.639444784779842568e-01
9.639346970689405270e-01
9.639249144427385341e-01
9.639151305731428199e-01
9.639053448764888232e-01
9.638955574843141028e-01
9.638857688120728850e-01
9.638759788812749640e-01
9.638661876929592864e-01
9.638563952345272634e-01
9.638466015070235038e-01
9.638368065251268213e-01
9.638270102762442892e-01
9.638172127682361756e-01
9.638074140089579744e-01
9.637976139858230873e-01
9.637878127066884515e-01
9.637780101725963444e-01
9.637682063777786023e-01
9.637584013300894981e-01
9.637485950237628662e-01
9.637387874530372045e-01
9.637289786393788971e-01
9.637191685634116656e-01
9.637093572125743357e-01
9.636995446355453021e-01
9.636897307925432754e-01
9.636799156982227554e-01
9.636700993604290222e-01
9.636602817598063364e-01
9.636504628974053022e-01
9.636406427946704323e-01
9.636308214526450033e-01
9.636209988451875930e-01
9.636111749869422649e-01
9.636013498993396542e-01
9.635915235358682995e-01
9.635816959519246661e-01
9.635718671145905301e-01
9.635620370249174949e-01
9.635522056907455113e-01
9.635423731131240732e-01
9.635325392795268673e-01
9.635227042113676532e-01
9.635128679029063559e-01
9.635030303416234343e-01
9.634931915489239884e-01
9.634833515055060138e-01
9.634735102327688372e-01
9.634636677114173375e-01
9.634538239560647144e-01
9.634439789474243954e-01
9.634341327001093580e-01
9.634242852219483400e-01
9.634144365004385646e-01
9.634045865501850159e-01
9.633947353654626067e-01
9.633848829337777753e-01
9.633750292697320639e-01
9.633651743743776308e-01
9.633553182352269095e-01
9.633454608668757801e-01
9.633356022703764010e-01
9.633257424264796143e-01
9.633158813633111439e-01
9.633060190683896407e-01
9.632961555292424149e-01
9.632862907739833114e-01
9.632764241992279874e-01
9.632665559133837263e-01
9.632566863683903469e-01
9.632468155652766928e-01
9.632369434983127920e-01
9.632270701685295977e-01
9.632171955837165456e-01
9.632073197246331375e-01
9.631974426058277361e-01
9.631875642485956401e-01
9.631776846269459735e-01
9.631678037351608657e-01
9.631579216012843281e-01
9.631480382060904066e-01
9.631381535573634300e-01
9.631282676561359057e-01
9.631183804899432488e-01
9.631084920800646598e-01
9.630986024072909490e-01
9.630887114928952109e-01
9.630788193176741396e-01
9.630689258894089555e-01
9.630590312158766597e-01
9.630491352778853820e-01
9.630392380966976695e-01
9.630293396598659239e-01
9.630194399886440326e-01
9.630095390638488961e-01
9.629996368865185730e-01
9.629897334576906776e-01
9.629798287851385474e-01
9.629699228631630747e-01
9.629600156995354876e-01
9.629501072952910690e-01
9.629401976312724765e-01
9.629302867421738465e-01
9.629203745953787141e-01
9.629104612053880352e-01
9.629005465799671537e-01
9.628906307201514636e-01
9.628807136135257849e-01
9.628707952611318399e-01
9.628608756707334182e-01
9.628509548366471771e-01
9.628410327531928825e-01
9.628311094482968624e-01
9.628211848961137909e-01
9.628112591111246399e-01
9.628013320809329922e-01
9.627914038065830127e-01
9.627814743025507882e-01
9.627715435698753765e-01
9.627616115894530591e-01
9.627516783824702218e-01
9.627417439499661445e-01
9.627318082728458792e-01
9.627218713722873744e-01
9.627119332359108661e-01
9.627019938647612962e-01
9.626920532598831626e-01
9.626821114357341225e-01
9.626721683732361035e-01
9.626622240801419039e-01
9.626522785709031860e-01
9.626423312361827023e-01
9.626323822153176613e-01
9.626224319290286324e-01
9.626124803716371581e-01
9.626025275642663415e-01
9.625925735079319256e-01
9.625826181768587508e-01
9.625726615988619006e-01
9.625627037682614739e-01
9.625527446726857006e-01
9.625427843265480510e-01
9.625328227241742862e-01
9.625228598665857005e-01
9.625128957481129399e-01
9.625029303831615923e-01
9.624929637526820070e-01
9.624829958777677552e-01
9.624730267527500382e-01
9.624630563853376897e-01
9.624530847564923830e-01
9.624431118872964763e-01
9.624331377587169722e-01
9.624231623784650358e-01
9.624131857542476132e-01
9.624032078737243534e-01
9.623932287646439487e-01
9.623832483879468658e-01
9.623732667780586780e-01
9.623632839159665942e-01
9.623532998227278812e-01
9.623433144659839789e-01
9.623333278734673701e-01
9.623233400261783643e-01
9.623133509384944606e-01
9.623033606114399507e-01
9.622933690393695727e-01
9.622833762366516108e-01
9.622733821776314755e-01
9.622633868833477822e-01
9.622533903414913770e-01
9.622433925797587717e-01
9.622333935725079224e-01
9.622233933207695600e-01
9.622133918255750817e-01
9.622033890946180001e-01
9.621933851222650436e-01
9.621833799295298473e-01
9.621733734907954583e-01
9.621633658070956052e-01
9.621533568927812530e-01
9.621433467621941515e-01
9.621333353830767710e-01
9.621233227764318663e-01
9.621133089299787056e-01
9.621032938580589278e-01
9.620932775483957977e-01
9.620832600153269576e-01
9.620732412399289890e-01
9.620632212365380909e-01
9.620532000128351191e-01
9.620431775432567445e-01
9.620331538620784384e-01
9.620231289570336797e-01
9.620131028092187009e-01
9.620030748698924494e-01
9.619930452490003114e-01
9.619830143565081260e-01
9.619729822067145664e-01
9.619629487939868051e-01
9.619529141392580973e-01
9.619428782302530401e-01
9.619328410547034469e-01
9.619228026268988874e-01
9.619127629478489983e-01
9.619027220185623062e-01
9.618926798267786182e-01
9.618826363801464829e-01
9.618725916929435904e-01
9.618625457462801620e-01
9.618524985478021927e-01
9.618424501051523468e-01
9.618324004060802013e-01
9.618223494648586724e-01
9.618122972758686995e-01
9.618022438268694074e-01
9.617921891321297156e-01
9.617821331992868483e-01
9.617720760094785604e-01
9.617620175902141799e-01
9.617519579292569398e-01
9.617418969945122909e-01
9.617318348267285266e-01
9.617217714136765405e-01
9.617117067563711874e-01
9.617016408558276552e-01
9.616915737196777281e-01
9.616815053357024023e-01
9.616714357049198636e-01
9.616613648481893151e-01
9.616512927466820404e-01
9.616412193948036258e-01
9.616311448200198786e-01
9.616210689968993641e-01
9.616109919264630435e-01
9.616009136229488607e-01
9.615908340873720039e-01
9.615807533075345637e-01
9.615706712976692661e-01
9.615605880521869153e-01
9.615505035721054750e-01
9.615404178518401901e-01
9.615303308990146292e-01
9.615202427080458136e-01
9.615101533063558081e-01
9.615000626487594237e-01
9.614899707758770564e-01
9.614798776755262288e-01
9.614697833289356232e-01
9.614596877503235328e-01
9.614495909539009233e-01
9.614394929209018059e-01
9.614293936721296507e-01
9.614192931888236870e-01
9.614091914588259735e-01
9.613990885227076122e-01
9.613889843485352582e-01
9.613788789505128829e-01
9.613687723296616694e-01
9.613586639308936421e-01
9.613485538353164772e-01
9.613384424949888984e-01
9.613283298977358671e-01
9.613182160248049390e-01
9.613081009232836704e-01
9.612979845480871255e-01
9.612878669133848586e-01
9.612777480464993474e-01
9.612676279286839209e-01
9.612575065477818592e-01
9.612473839245300189e-01
9.612372600533485301e-01
9.612271349155103728e-01
9.612170085317469637e-01
9.612068809030582806e-01
9.611967520172977064e-01
9.611866218886144786e-01
9.611764905180082419e-01
9.611663578999082302e-01
9.611562240418862757e-01
9.611460889318053091e-01
9.611359525706704154e-01
9.611258149660530936e-01
9.611156761189563191e-01
9.611055360238174305e-01
9.610953946947697890e-01
9.610852521196868725e-01
9.610751083061366273e-01
9.610649632485596117e-01
9.610548169479617986e-01
9.610446693987886313e-01
9.610345206217245639e-01
9.610243706112113760e-01
9.610142193551385326e-01
9.610040668545138942e-01
9.609939131234561671e-01
9.609837581498594794e-01
9.609736019347320246e-01
9.609634444921870688e-01
9.609532858101245134e-01
9.609431258895526629e-01
9.609329647380296935e-01
9.609228023500124838e-01
9.609126387265091163e-01
9.609024738816221989e-01
9.608923077967168602e-01
9.608821404793489451e-01
9.608719719370717449e-01
9.608618021447168367e-01
9.608516311294714729e-01
9.608414588988831717e-01
9.608312854277921700e-01
9.608211107302920828e-01
9.608109348139306505e-01
9.608007576470234401e-01
9.607905792698131497e-01
9.607803996636941068e-01
9.607702188166074020e-01
9.607600367622419757e-01
9.607498534885343666e-01
9.607396689768954445e-01
9.607294832414052799e-01
9.607192962830760630e-01
9.607091075340635777e-01
9.606989171255055915e-01
9.606887254593944325e-01
9.606785325367196426e-01
9.606683383519442065e-01
9.606581429191128896e-01
9.606479462261624525e-01
9.606377483001828921e-01
9.606275491160618518e-01
9.606173486813149864e-01
9.606071469969315046e-01
9.605969440639020585e-01
9.605867398766961829e-01
9.605765344493449875e-01
9.605663277763174523e-01
9.605561198520863320e-01
9.605459106906775180e-01
9.605357002800467559e-01
9.605254886081573407e-01
9.605152757150910992e-01
9.605050615757779742e-01
9.604948461781864788e-01
9.604846295493598696e-01
9.604744116772651052e-01
9.604641925498759170e-01
9.604539721942252362e-01
9.604437505982850176e-01
9.604335277435274154e-01
9.604233036634839404e-01
9.604130783396267468e-01
9.604028517794557240e-01
9.603926239839639667e-01
9.603823949476423261e-01
9.603721646649848731e-01
9.603619331564920980e-01
9.603517004166549631e-01
9.603414664204706908e-01
9.603312311949352420e-01
9.603209947475395136e-01
9.603107570597848586e-01
9.603005181326702555e-01
9.602902779736885996e-01
9.602800365903296775e-01
9.602697939641088309e-01
9.602595501219945984e-01
9.602493050260316743e-01
9.602390587096776287e-01
9.602288111674368576e-01
9.602185623938169767e-01
9.602083123833292655e-01
9.601980611564355783e-01
9.601878086881857621e-01
9.601775549990393399e-01
9.601673000899924038e-01
9.601570439425919368e-01
9.601467865772888022e-01
9.601365279821170162e-01
9.601262681580780001e-01
9.601160071061733969e-01
9.601057448533204530e-01
9.600954813486869410e-01
9.600852166386244502e-01
9.600749506982223513e-01
9.600646835414357039e-01
9.600544146008221924e-01
9.600441440049318764e-01
9.600338721388961272e-01
9.600235990231176242e-01
9.600133246715170099e-01
9.600030490656554782e-01
9.599927722194528945e-01
9.599824941274156531e-01
9.599722147775853198e-01
9.599619341838798725e-01
9.599516523408105906e-01
9.599413692428927503e-01
9.599310849040387783e-01
9.599207993187630628e-01
9.599105124945088718e-01
9.599002244193305389e-01
9.598899351006724423e-01
9.598796445459756299e-01
9.598693527368400424e-01
9.598590596936275032e-01
9.598487653914851148e-01
9.598384698636857060e-01
9.598281731047493270e-01
9.598178750962886863e-01
9.598075758457440543e-01
9.597972753540990887e-01
9.597869736223376691e-01
9.597766706514427870e-01
9.597663664553001128e-01
9.597560609961883760e-01
9.597457543137959401e-01
9.597354464091013559e-01
9.597251372379518308e-01
9.597148268464692489e-01
9.597045152356322717e-01
9.596942023677510480e-01
9.596838882824832995e-01
9.596735729614782606e-01
9.596632563992801845e-01
9.596529386033196829e-01
9.596426195939047332e-01
9.596322993269367219e-01
9.596219778356063212e-01
9.596116551337732226e-01
9.596013311902311660e-01
9.595910060252805795e-01
9.595806796334700461e-01
9.595703519964834394e-01
9.595600231346154141e-01
9.595496930488529586e-01
9.595393617401827280e-01
9.595290292031608548e-01
9.595186954452064043e-01
9.595083604480190154e-01
9.594980242383063240e-01
9.594876868106254619e-01
9.594773481466833953e-01
9.594670082603264927e-01
9.594566671525440738e-01
9.594463248179018189e-01
9.594359812638152407e-01
9.594256364976959661e-01
9.594152904948458627e-01
9.594049432947849843e-01
9.593945943176196423e-01
9.593842436701167653e-01
9.593738917721715831e-01
9.593635386375877205e-01
9.593531842416612720e-01
9.593428286110305958e-01
9.593324717402434976e-01
9.593221136046096165e-01
9.593117542371720763e-01
9.593013936196572722e-01
9.592910317594481873e-01
9.592806686511026193e-01
9.592703043084122028e-01
9.592599387067066719e-01
9.592495718661875337e-01
9.592392037942309990e-01
9.592288344725836691e-01
9.592184639086256404e-01
9.592080921033284691e-01
9.591977190512592788e-01
9.591873447661991570e-01
9.591769692363121269e-01
9.591665924689741773e-01
9.591562144779584020e-01
9.591458352386316166e-01
9.591354547519711504e-01
9.591250730381479794e-01
9.591146900917344453e-01
9.591043058945125654e-01
9.590939204730444256e-01
9.590835338091150408e-01
9.590731459164892891e-01
9.590627567961387268e-01
9.590523664298593598e-01
9.590419748314129578e-01
9.590315820081647402e-01
9.590211879546970408e-01
9.590107926655955239e-01
9.590003961546132993e-01
9.589899984035612501e-01
9.589795994325778228e-01
9.589691992170934487e-01
9.589587977836289134e-01
9.589483951140049811e-01
9.589379912155846508e-01
9.589275861021090419e-01
9.589171797490260163e-01
9.589067721764585883e-01
9.588963633726230729e-01
9.588859533384992417e-01
9.588755420878226632e-01
9.588651296215682240e-01
9.588547159215827786e-01
9.588443010143494760e-01
9.588338848753439336e-01
9.588234675055482548e-01
9.588130489186909022e-01
9.588026291093771913e-01
9.587922080785877821e-01
9.587817858336727950e-01
9.587713623756100034e-01
9.587609376799033356e-01
9.587505117793786447e-01
9.587400846686443545e-01
9.587296557874006586e-01
9.587192252528565772e-01
9.587087934744953355e-01
9.586983604341825504e-01
9.586879261519719586e-01
9.586774906415456154e-01
9.586670538784094475e-01
9.586566158571655505e-01
9.586461766169375176e-01
9.586357361205211092e-01
9.586252943815976035e-01
9.586148514074840365e-01
9.586044071864251448e-01
9.585939617193831586e-01
9.585835150327394194e-01
9.585730670893231053e-01
9.585626178964548050e-01
9.585521674805081993e-01
9.585417158170330687e-01
9.585312629133448947e-01
9.585208087767557172e-01
9.585103534018770688e-01
9.584998967833234795e-01
9.584894389347543564e-01
9.584789798571298203e-01
9.584685195450648454e-01
9.584580580058663646e-01
9.584475952087758710e-01
9.584371311928238102e-01
9.584266659399414134e-01
9.584161994510946858e-01
9.584057317335884507e-01
9.583952627883860487e-01
9.583847926101118908e-01
9.583743211933926087e-01
9.583638485582081090e-01
9.583533746738372994e-01
9.583428995729302846e-01
9.583324232437784307e-01
9.583219456873470765e-01
9.583114668919359147e-01
9.583009868775120843e-01
9.582905056323759441e-01
9.582800231701564808e-01
9.582695394728281135e-01
9.582590545540189408e-01
9.582485684146945237e-01
9.582380810558209783e-01
9.582275924530583300e-01
9.582171026453356610e-01
9.582066116083151064e-01
9.581961193492909423e-01
9.581856258692316164e-01
9.581751311817497951e-01
9.581646352498813801e-01
9.581541381062068652e-01
9.581436397516920334e-01
9.581331401683466087e-01
9.581226393760978732e-01
9.581121373632774940e-01
9.581016341119084068e-01
9.580911296545454592e-01
9.580806239921551004e-01
9.580701171004483152e-01
9.580596084762836862e-01
9.580490981966229835e-01
9.580385866670250161e-01
9.580280738821302933e-01
9.580175598618221322e-01
9.580070445944282032e-01
9.579965280872075883e-01
9.579860103537242155e-01
9.579754913570807107e-01
9.579649711234594633e-01
9.579544496664189612e-01
9.579439269553815528e-01
9.579334030039098336e-01
9.579228778192580007e-01
9.579123513960724479e-01
9.579018237353045251e-01
9.578912948379050274e-01
9.578807646922264940e-01
9.578702333181206008e-01
9.578597007102385152e-01
9.578491668569375506e-01
9.578386317780618331e-01
9.578280954682654169e-01
9.578175579222047986e-01
9.578070191408335488e-01
9.577964791313986481e-01
9.577859378759752129e-01
9.577753953881045224e-01
9.577648516813208612e-01
9.577543067314149283e-01
9.577437605582121982e-01
9.577332131500881918e-01
9.577226645079988110e-01
9.577121146454736778e-01
9.577015635508929758e-01
9.576910112252134955e-01
9.576804576756750009e-01
9.576699029032320620e-01
9.576593468899917694e-01
9.576487896557602797e-01
9.576382312014910525e-01
9.576276715092997271e-01
9.576171106052630000e-01
9.576065484840544650e-01
9.575959851340739570e-01
9.575854205562807087e-01
9.575748547704605595e-01
9.575642877587411395e-01
9.575537195220815700e-01
9.575431500677142882e-01
9.575325793777793582e-01
9.575220074720551811e-01
9.575114343514984361e-01
9.575008600107965950e-01
9.574902844509088906e-01
9.574797076790627637e-01
9.574691296836803645e-01
9.574585504719905771e-01
9.574479700386866465e-01
9.574373883909957916e-01
9.574268055298771340e-01
9.574162214562901285e-01
9.574056361711947849e-01
9.573950496755504469e-01
9.573844614284930943e-01
9.573738715363215857e-01
9.573632803944451819e-01
9.573526880351005408e-01
9.573420944154111822e-01
9.573314995613534384e-01
9.573209034613517909e-01
9.573103061288589233e-01
9.572997075585584215e-01
9.572891077388815395e-01
9.572785066832796286e-01
9.572679043926923814e-01
9.572573008618082691e-01
9.572466960915697598e-01
9.572360900891687674e-01
9.572254828555453177e-01
9.572148743791430991e-01
9.572042646671540256e-01
9.571936537330143491e-01
9.571830415589237528e-01
9.571724281520723743e-01
9.571618135134025707e-01
9.571511976251265708e-01
9.571405805194077576e-01
9.571299621846995898e-01
9.571193426157038608e-01
9.571087218133655927e-01
9.570980997911090471e-01
9.570874765249196559e-01
9.570768520406987001e-01
9.570662263331490838e-01
9.570555993969777075e-01
9.570449712268942477e-01
9.570343418363158605e-01
9.570237112012498493e-01
9.570130793475802866e-01
9.570024462762505291e-01
9.569918119757406805e-01
9.569811764469982052e-01
9.569705396972005840e-01
9.569599017210645986e-01
9.569492625257656204e-01
9.569386221060220965e-01
9.569279804627820463e-01
9.569173375969928230e-01
9.569066935282768416e-01
9.568960482264550205e-01
9.568854017049259753e-01
9.568747539708606364e-01
9.568641050065392895e-01
9.568534548315774657e-01
9.568428034407003846e-01
9.568321508224182370e-01
9.568214969963383387e-01
9.568108419447542978e-01
9.568001856810521843e-01
9.567895281999643231e-01
9.567788695086563155e-01
9.567682095956476784e-01
9.567575484681050124e-01
9.567468861269788905e-01
9.567362225732198855e-01
9.567255578139898242e-01
9.567148918316062955e-01
9.567042241164148697e-01
9.566935547663300010e-01
9.566828841791715776e-01
9.566722123434533431e-01
9.566615392787287675e-01
9.566508649735129266e-01
9.566401894225314839e-01
9.566295126453315811e-01
9.566188346304320689e-01
9.566081553725619413e-01
9.565974748788568238e-01
9.565867931564492332e-01
9.565761101938669020e-01
9.565654259920443048e-01
9.565547405705114858e-01
9.565440538992044939e-01
9.565333660100487911e-01
9.565226768915775502e-01
9.565119865261360044e-01
9.565012949332467596e-01
9.564906021200354491e-01
9.564799080626587013e-01
9.564692127744398586e-01
9.564585162625044434e-01
9.564478185092117890e-01
9.564371195340704013e-01
9.564264193442015838e-01
9.564157179157803945e-01
9.564050152621216272e-01
9.563943113903454751e-01
9.563836062828261486e-01
9.563728999466871716e-01
9.563621923890500698e-01
9.563514836046654866e-01
9.563407736006521720e-01
9.563300623717626570e-01
9.563193499127523589e-01
9.563086362431015841e-01
9.562979213452035276e-01
9.562872052199966610e-01
9.562764878807766822e-01
9.562657693161232819e-01
9.562550495393283834e-01
9.562443285327992815e-01
9.562336063098277883e-01
9.562228828651762047e-01
9.562121581997836683e-01
9.562014323331071708e-01
9.561907052290483655e-01
9.561799769132375282e-01
9.561692473866113540e-01
9.561585166377681855e-01
9.561477846738186681e-01
9.561370515018692284e-01
9.561263171043563602e-01
9.561155814945567766e-01
9.561048446857400851e-01
9.560941066480184158e-01
9.560833674069935118e-01
9.560726269512765940e-01
9.560618852818092428e-01
9.560511424056949981e-01
9.560403983177127030e-01
9.560296530188043818e-01
9.560189059868926531e-01
9.560081573363091723e-01
9.559974074425896529e-01
9.559866563128138761e-01
9.559759039540589587e-01
9.559651503549316809e-01
9.559543955163550821e-01
9.559436394454058350e-01
9.559328821306981583e-01
9.559221235854624688e-01
9.559113638106189192e-01
9.559006028070882177e-01
9.558898405573408308e-01
9.558790770930509773e-01
9.558683123843918494e-01
9.558575464507346187e-01
9.558467792868529100e-01
9.558360108875237904e-01
9.558252412598178260e-01
9.558144704108029188e-01
9.558036983168244349e-01
9.557929250095278384e-01
9.557821504775469990e-01
9.557713747033809160e-01
9.557605977186627300e-01
9.557498194936122626e-01
9.557390400352984150e-01
9.557282593630642697e-01
9.557174774655554650e-01
9.557066943314245222e-01
9.556959099861451756e-01
9.556851244245034849e-01
9.556743376228855613e-01
9.556635496006244956e-01
9.556527603709117358e-01
9.556419698978764199e-01
9.556311782192409288e-01
9.556203853114048075e-01
9.556095911875578386e-01
9.555987958424967399e-01
9.555879992832778669e-01
9.555772014985728369e-01
9.555664024954383384e-01
9.555556022870541621e-01
9.555448008437195107e-01
9.555339981969900309e-01
9.555231943355431135e-01
9.555123892480614778e-01
9.555015829599657895e-01
9.554907754476952286e-01
9.554799667244235906e-01
9.554691567788405893e-01
9.554583456241164674e-01
9.554475332489440476e-01
9.554367196787245664e-01
9.554259048838005253e-01
9.554150888712231726e-01
9.554042716602695329e-01
9.553934532396384238e-01
9.553826336041472134e-01
9.553718127547292660e-01
9.553609907045412797e-01
9.553501674361792873e-01
9.553393429627992095e-01
9.553285167806583322e-01
9.553176889530253790e-01
9.553068599068268441e-01
9.552960296246455485e-01
9.552851981073940957e-01
9.552743653498787513e-01
9.552635313652241278e-01
9.552526961421317075e-01
9.552418596937233275e-01
9.552310220087035786e-01
9.552201830940887373e-01
9.552093429507912958e-01
9.551985015736235152e-01
9.551876589634997750e-01
9.551768151274340202e-01
9.551659700663385211e-01
9.551551237750284251e-01
9.551442762483216553e-01
9.551334274993275031e-01
9.551225775167679899e-01
9.551117263076549513e-01
9.551008738789963370e-01
9.550900202256122906e-01
9.550791653484176358e-01
9.550683092422359577e-01
9.550574519018943942e-01
9.550465933526708362e-01
9.550357335772092782e-01
9.550248725764267643e-01
9.550140103634152666e-01
9.550031469269149031e-01
9.549922822556706770e-01
9.549814163749452689e-01
9.549705492734829049e-01
9.549596809400338060e-01
9.549488113937680822e-01
9.549379406356011124e-01
9.549270686542858932e-01
9.549161954507420225e-01
9.549053210380484824e-01
9.548944453988841286e-01
9.548835685463270551e-01
9.548726904752176114e-01
9.548618111925524232e-01
9.548509306992487566e-01
9.548400489901498478e-01
9.548291660601007091e-01
9.548182819282443612e-01
9.548073965772782001e-01
9.547965100020523455e-01
9.547856222217053768e-01
9.547747332310839719e-01
9.547638430250391384e-01
9.547529516166307628e-01
9.547420589885722286e-01
9.547311651539233113e-01
9.547202701136040526e-01
9.547093738685340503e-01
9.546984764075043817e-01
9.546875777314395295e-01
9.546766778533910536e-01
9.546657767682165119e-01
9.546548744829006505e-01
9.546439709983634003e-01
9.546330657925373719e-01
9.546221589633302473e-01
9.546112509094195619e-01
9.546003416195876223e-01
9.545894310947391492e-01
9.545785193418345749e-01
9.545676063617766216e-01
9.545566921494108570e-01
9.545457767056424458e-01
9.545348600253209526e-01
9.545239421214599673e-01
9.545130229889083884e-01
9.545021026285710475e-01
9.544911810413519992e-01
9.544802582281557424e-01
9.544693341838369482e-01
9.544584089093026691e-01
9.544474824115071199e-01
9.544365546792608068e-01
9.544256257437041535e-01
9.544146955755068440e-01
9.544037641755781509e-01
9.543928315629590653e-01
9.543818977325088104e-01
9.543709626670036084e-01
9.543600263915226201e-01
9.543490888888446211e-01
9.543381501538387157e-01
9.543272102055346817e-01
9.543162690327597897e-01
9.543053266484990971e-01
9.542943830415826501e-01
9.542834382189562259e-01
9.542724921694551998e-01
9.542615449000264594e-01
9.542505964296813525e-01
9.542396467291553996e-01
9.542286957993625363e-01
9.542177436834397009e-01
9.542067903460982325e-01
9.541958357761886056e-01
9.541848800047755264e-01
9.541739230146770723e-01
9.541629648007767805e-01
9.541520053941253687e-01
9.541410447715190646e-01
9.541300829278436257e-01
9.541191198760636816e-01
9.541081556170881717e-01
9.540971901397798938e-01
9.540862234570982592e-01
9.540752555699528736e-01
9.540642864611894591e-01
9.540533161497859460e-01
9.540423446306320887e-01
9.540313718926023423e-01
9.540203979667035705e-01
9.540094228297713030e-01
9.539984464767029548e-01
9.539874689324788770e-01
9.539764901799608898e-01
9.539655102080346616e-01
9.539545290537008171e-01
9.539435466757741899e-01
9.539325626002848058e-01
9.539215769231946807e-01
9.539105900093364232e-01
9.538996018656167308e-01
9.538886124929298882e-01
9.538776218861607648e-01
9.538666300401974496e-01
9.538556369919827249e-01
9.538446427003550721e-01
9.538336471722215215e-01
9.538226504445110887e-01
9.538116524760785753e-01
9.538006532738279031e-01
9.537896528626697012e-01
9.537786512194847965e-01
9.537676483391706039e-01
9.537566442526312915e-01
9.537456389367563458e-01
9.537346323984443597e-01
9.537236246445898180e-01
9.537126156640916008e-01
9.537016054518518970e-01
9.536905940267598192e-01
9.536795813837140035e-01
9.536685675056275624e-01
9.536575524233730228e-01
9.536465361198629420e-01
9.536355185840115212e-01
9.536244998466801848e-01
9.536134798847976102e-01
9.536024587052548407e-01
9.535914363149403661e-01
9.535804127027734944e-01
9.535693878636674059e-01
9.535583618224743319e-01
9.535473345681155788e-01
9.535363060835333471e-01
9.535252764055428543e-01
9.535142454991314409e-01
9.535032133771714768e-01
9.534921800585124396e-01
9.534811455141393166e-01
9.534701097509388212e-01
9.534590727937364285e-01
9.534480346075487889e-01
9.534369952231783740e-01
9.534259546415222442e-01
9.534149128455450262e-01
9.534038698301734449e-01
9.533928256142414348e-01
9.533817801866978359e-01
9.533707335364974833e-01
9.533596856944170916e-01
9.533486366374616106e-01
9.533375863725095378e-01
9.533265349064359295e-01
9.533154822461131772e-01
9.533044283685605524e-01
9.532933732985633402e-01
9.532823170131471402e-01
9.532712595251555676e-01
9.532602008414595707e-01
9.532491409510283065e-01
9.532380798547679390e-01
9.532270170842694901e-01
9.532159526978164488e-01
9.532048870746403502e-01
9.531938202275543892e-01
9.531827521514810719e-01
9.531716828413450138e-01
9.531606123159163113e-01
9.531495405641576824e-01
9.531384675809951856e-01
9.531273933792347997e-01
9.531163179418870035e-01
9.531052412817568875e-01
9.530941634116431027e-01
9.530830843086052218e-01
9.530720039913983532e-01
9.530609224609071228e-01
9.530498397001553323e-01
9.530387557040809199e-01
9.530276705033364770e-01
9.530165840809504685e-01
9.530054964318612765e-01
9.529944075688587812e-01
9.529833174868806989e-01
9.529722261749195011e-01
9.529611336576577774e-01
9.529500399240862230e-01
9.529389449632020836e-01
9.529278487996794000e-01
9.529167514106238190e-01
9.529056527969292922e-01
9.528945529951469151e-01
9.528834519645603685e-01
9.528723497179483193e-01
9.528612462621426360e-01
9.528501415861521107e-01
9.528390356908695846e-01
9.528279286128207293e-01
9.528168203053818397e-01
9.528057107694511974e-01
9.527946000474809551e-01
9.527834880988037547e-01
9.527723749421225241e-01
9.527612605783281063e-01
9.527501450023786456e-01
9.527390282151668721e-01
9.527279102353826135e-01
9.527167910342564383e-01
9.527056706186165513e-01
9.526945490190076304e-01
9.526834262066691261e-01
9.526723021765681754e-01
9.526611769592410184e-01
9.526500505318666878e-01
9.526389228894154293e-01
9.526277940505609720e-01
9.526166640102700089e-01
9.526055327575885245e-01
9.525944003111836977e-01
9.525832666541803606e-01
9.525721317874757954e-01
9.525609957415732687e-01
9.525498584877587493e-01
9.525387200269300747e-01
9.525275803836604771e-01
9.525164390476720255e-01
9.525052960934469182e-01
9.524941519262003498e-01
9.524830065408881330e-01
9.524718599088063398e-01
9.524607120722441422e-01
9.524495630025006099e-01
9.524384127063704186e-01
9.524272611965566293e-01
9.524161084680218270e-01
9.524049544979975579e-01
9.523937993228321908e-01
9.523826429256678772e-01
9.523714853014745296e-01
9.523603264629495468e-01
9.523491663932468487e-01
9.523380051050627237e-01
9.523268426110881313e-01
9.523156788944818762e-01
9.523045139561241434e-01
9.522933478146076158e-01
9.522821804412913149e-01
9.522710118547670355e-01
9.522598420618157977e-01
9.522486710338089466e-01
9.522374987952353376e-01
9.522263253587728293e-01
9.522151506958014267e-01
9.522039748190032071e-01
9.521927977351560823e-01
9.521816194333456718e-01
9.521704399203513303e-01
9.521592591970540198e-01
9.521480772643345913e-01
9.521368941053933721e-01
9.521257097564755911e-01
9.521145241889948929e-01
9.521033374097278568e-01
9.520921494372305283e-01
9.520809602370390312e-01
9.520697698218218985e-01
9.520585782219083137e-01
9.520473854028450589e-01
9.520361913714069368e-01
9.520249961520259596e-01
9.520137997102640082e-01
9.520026020528963295e-01
9.519914032161164164e-01
9.519802031596142911e-01
9.519690018901624251e-01
9.519577994321772874e-01
9.519465957630125486e-01
9.519353908953174237e-01
9.519241848299753173e-01
9.519129775619905587e-01
9.519017690804922882e-01
9.518905594157590633e-01
9.518793485451622072e-01
9.518681364578369664e-01
9.518569231899289829e-01
9.518457087188183507e-01
9.518344930453932484e-01
9.518232761881615378e-01
9.518120581127689217e-01
9.518008383558242969e-01
9.517896170253780097e-01
9.517783944641258209e-01
9.517671706670686183e-01
9.517559456702965326e-01
9.517447194394569321e-01
9.517334919871589527e-01
9.517222633201394277e-01
9.517110334216641876e-01
9.516998023043385935e-01
9.516885699748969252e-01
9.516773364224769827e-01
9.516661016420853159e-01
9.516548656639108872e-01
9.516436284536420320e-01
9.516323900238774502e-01
9.516211503872100685e-01
9.516099095269259234e-01
9.515986674438979831e-01
9.515874241565764891e-01
9.515761796541117867e-01
9.515649339256603279e-01
9.515536870013807658e-01
9.515424388470020700e-01
9.515311894868232478e-01
9.515199389217129378e-01
9.515086871349787145e-01
9.514974341274964331e-01
9.514861799352555272e-01
9.514749245123057531e-01
9.514636678770795886e-01
9.514524100363004333e-01
9.514411509966897995e-01
9.514298907240232861e-01
9.514186292601201078e-01
9.514073665824571702e-01
9.513961026919106612e-01
9.513848376068939627e-01
9.513735712990500915e-01
9.513623037867924292e-01
9.513510350826821504e-01
9.513397651700595814e-01
9.513284940322730421e-01
9.513172217169379996e-01
9.513059481840330234e-01
9.512946734402778493e-01
9.512833975099093120e-01
9.512721203704408435e-01
9.512608420227506301e-01
9.512495624852289611e-01
9.512382817412372571e-01
9.512269997858173731e-01
9.512157166490258220e-01
9.512044323025593551e-01
9.511931467531319351e-01
9.511818600132877499e-01
9.511705720605714287e-01
9.511592829075282696e-01
9.511479925666981305e-01
9.511367010331251981e-01
9.511254082901964280e-01
9.511141143621094640e-01
9.511028192322538155e-01
9.510915229015102224e-01
9.510802249234927563e-01
9.510689253460923309e-01
9.510576245261956885e-01
9.510463225170954216e-01
9.510350192672218927e-01
9.510237147949130998e-01
9.510124091301453975e-01
9.510011022213692433e-01
9.509897940985625464e-01
9.509784847625845083e-01
9.509671742142939976e-01
9.509558624370928470e-01
9.509445494493025119e-01
9.509332352459639592e-01
9.509219198279390550e-01
9.509106032019060128e-01
9.508992853570920056e-01
9.508879662885462158e-01
9.508766460262060294e-01
9.508653245418582367e-01
9.508540018363685897e-01
9.508426779396642603e-01
9.508313528061078657e-01
9.508200264598152263e-01
9.508086989190804861e-01
9.507973701615228812e-01
9.507860401821998098e-01
9.507747090110194588e-01
9.507633766314173007e-01
9.507520430268369127e-01
9.507407082329846215e-01
9.507293722216909604e-01
9.507180349938244568e-01
9.507066965734682906e-01
9.506953569382698976e-01
9.506840161007017453e-01
9.506726740616278093e-01
9.506613308103100124e-01
9.506499863534170203e-01
9.506386406976141679e-01
9.506272938379665138e-01
9.506159457753400321e-01
9.506045965048036672e-01
9.505932460330219769e-01
9.505818943550650157e-01
9.505705414949827681e-01
9.505591874246615003e-01
9.505478321391773733e-01
9.505364756799560277e-01
9.505251180015145129e-01
9.505137591221028970e-01
9.505023990599632544e-01
9.504910377870051663e-01
9.504796753098907480e-01
9.504683116468578552e-01
9.504569467871937238e-01
9.504455807144036594e-01
9.504342134698712252e-01
9.504228450255252092e-01
9.504114753706648377e-01
9.504001045293042349e-01
9.503887324965255567e-01
9.503773592674138460e-01
9.503659848486224471e-01
9.503546087700420752e-01
9.503432310955102214e-01
9.503318522247707900e-01
9.503204721239850716e-01
9.503090907997894243e-01
9.502977082645946982e-01
9.502863245076954568e-01
9.502749395299451285e-01
9.502635533437517878e-01
9.502521659441889312e-01
9.502407773205578945e-01
9.502293874968140708e-01
9.502179964449344318e-01
9.502066041773247207e-01
9.501952107121567348e-01
9.501838160329626470e-01
9.501724201290540073e-01
9.501610230243713318e-01
9.501496247082249491e-01
9.501382251757001240e-01
9.501268244334214463e-01
9.501154224822432326e-01
9.501040193114854704e-01
9.500926149450721336e-01
9.500812093665566005e-01
9.500698025652642986e-01
9.500583945881717618e-01
9.500469853900126438e-01
9.500355749716479226e-01
9.500241633569871391e-01
9.500127505295979935e-01
9.500013364960995244e-01
9.499899212688691641e-01
9.499785048314801639e-01
9.499670871847911702e-01
9.499556683526937384e-01
9.499442483130076109e-01
9.499328270550786435e-01
9.499214046143054091e-01
9.499099809627618018e-01
9.498985561013080225e-01
9.498871300538210827e-01
9.498757027923869778e-01
9.498642743293734814e-01
9.498528446771433709e-01
9.498414138250483862e-01
9.498299817681971069e-01
9.498185485189498678e-01
9.498071140666648482e-01
9.497956784122032481e-01
9.497842415736688082e-01
9.497728035289279003e-01
9.497613642903364184e-01
9.497499238644986352e-01
9.497384822465265719e-01
9.497270394200461041e-01
9.497155954031528680e-01
9.497041501967055099e-01
9.496927037900794177e-01
9.496812562013612347e-01
9.496698074027042358e-01
9.496583574236757697e-01
9.496469062593935195e-01
9.496354539049773891e-01
9.496239998841766727e-01
9.496125442937628502e-01
9.496010874838627380e-01
9.495896294495853596e-01
9.495781702147197967e-01
9.495667097571647286e-01
9.495552480777673665e-01
9.495437851945750518e-01
9.495323210912298695e-01
9.495208557743111122e-01
9.495093892675896541e-01
9.494979215375171089e-01
9.494864525849419090e-01
9.494749824393614590e-01
9.494635110615121665e-01
9.494520384751597986e-01
9.494405646926041831e-01
9.494290896860523299e-01
9.494176134735337058e-01
9.494061360616181666e-01
9.493946574339753308e-01
9.493831775971773856e-01
9.493716965635188298e-01
9.493602143166742779e-01
9.493487308632146959e-01
9.493372462097087183e-01
9.493257603512803566e-01
9.493142732716173260e-01
9.493027850001689583e-01
9.492912955206227466e-01
9.492798048395452160e-01
9.492683129635014483e-01
9.492568198819029135e-01
9.492453255841674098e-01
9.492338301054392691e-01
9.492223334237015475e-01
9.492108355283757071e-01
9.491993364431678959e-01
9.491878361517855911e-01
9.491763346550805558e-01
9.491648319767476139e-01
9.491533280890793733e-01
9.491418229986376964e-01
9.491303167176926570e-01
9.491188092356745987e-01
9.491073005591421641e-01
9.490957906889456730e-01
9.490842796202276777e-01
9.490727673538396081e-01
9.490612538963375533e-01
9.490497392314589664e-01
9.490382233714660387e-01
9.490267063400215086e-01
9.490151881037559578e-01
9.490036686692264745e-01
9.489921480600895798e-01
9.489806262372899592e-01
9.489691032301845741e-01
9.489575790396229671e-01
9.489460536493603549e-01
9.489345270659499398e-01
9.489229993016384812e-01
9.489114703401875239e-01
9.488999401881483831e-01
9.488884084087718662e-01
9.488768750401612717e-01
9.488653404519052925e-01
9.488538046789996017e-01
9.488422676710388526e-01
9.488307294459419339e-01
9.488191900273099666e-01
9.488076493818314860e-01
9.487961075274167211e-01
9.487845644762797903e-01
9.487730202064985630e-01
9.487614747246010394e-01
9.487499280371121113e-01
9.487383801391808813e-01
9.487268310316450126e-01
9.487152807267126287e-01
9.487037291967963526e-01
9.486921764597903151e-01
9.486806225335814302e-01
9.486690674019548908e-01
9.486575110430222058e-01
9.486459534973954444e-01
9.486343947431860046e-01
9.486228347755539803e-01
9.486112736180565275e-01
9.485997112544934939e-01
9.485881476857047634e-01
9.485765829238836933e-01
9.485650169471617765e-01
9.485534497677339250e-01
9.485418813977899433e-01
9.485303118211432238e-01
9.485187410386360929e-01
9.485071690681283751e-01
9.484955958934404574e-01
9.484840215154142218e-01
9.484724459462328117e-01
9.484608691810648695e-01
9.484492912094113493e-01
9.484377120491221946e-01
9.484261316840323364e-01
9.484145501149850999e-01
9.484029673598248777e-01
9.483913834080579530e-01
9.483797982605266519e-01
9.483682119294021273e-01
9.483566243985310784e-01
9.483450356574301132e-01
9.483334457409243745e-01
9.483218546272017546e-01
9.483102623114448848e-01
9.482986688228042249e-01
9.482870741338148557e-01
9.482754782396649595e-01
9.482638811751537000e-01
9.482522829128282593e-01
9.482406834591918798e-01
9.482290828264021698e-01
9.482174809926759984e-01
9.482058779645163860e-01
9.481942737597340853e-01
9.481826683622074370e-01
9.481710617727828749e-01
9.481594540036121233e-01
9.481478446059927734e-01
9.481362336224211651e-01
9.481246214472884848e-01
9.481130080475140831e-01
9.481013934465289950e-01
9.480897776395089682e-01
9.480781606159842667e-01
9.480665423824338189e-01
9.480549229396854072e-01
9.480433022885690342e-01
9.480316804242669981e-01
9.480200573701901279e-01
9.480084330989397845e-01
9.479968076057055937e-01
9.479851809364658877e-01
9.479735530525432718e-01
9.479619239547709686e-01
9.479502936665452628e-01
9.479386621661303192e-01
9.479270294487186499e-01
9.479153955489800776e-01
9.479037604339073386e-01
9.478921241099721451e-01
9.478804866061933954e-01
9.478688478895755942e-01
9.478572079722251686e-01
9.478455668606080575e-01
9.478339245442846117e-01
9.478222810128202891e-01
9.478106363121162614e-01
9.477989903979349151e-01
9.477873432654810859e-01
9.477756949606430670e-01
9.477640454560907202e-01
9.477523947470281040e-01
9.477407428455484339e-01
9.477290897468542141e-01
9.477174354461506134e-01
9.477057799667811810e-01
9.476941232758147038e-01
9.476824653909673435e-01
9.476708063243219904e-01
9.476591460598352556e-01
9.476474845983420270e-01
9.476358219519231962e-01
9.476241581045430351e-01
9.476124930626602660e-01
9.476008268383524502e-01
9.475891594155892994e-01
9.475774908008277597e-01
9.475658210005222237e-01
9.475541500155056918e-01
9.475424778353762623e-01
9.475308044609705993e-01
9.475191299043591586e-01
9.475074541551437024e-01
9.474957772310064197e-01
9.474840991103213872e-01
9.474724198051548418e-01
9.474607393219556251e-01
9.474490576503314943e-01
9.474373747855086014e-01
9.474256907451593657e-01
9.474140055076755162e-01
9.474023186406422825e-01
9.473906302245546085e-01
9.473789405940750141e-01
9.473672497444174390e-01
9.473555576988357263e-01
9.473438644469323044e-01
9.473321699727080825e-01
9.473204743162283448e-01
9.473087774390709370e-01
9.472970793588741945e-01
9.472853800876653851e-01
9.472736795926431919e-01
9.472619779026464348e-01
9.472502750184939035e-01
9.472385709185994207e-01
9.472268656149895882e-01
9.472151591140862692e-01
9.472034514055109877e-01
9.471917424900884175e-01
9.471800323798372778e-01
9.471683210755785787e-01
9.471566085557460157e-01
9.471448948435512438e-01
9.471331799398139406e-01
9.471214638173819367e-01
9.471097465162421347e-01
9.470980280092449188e-01
9.470863083028091545e-01
9.470745874089416816e-01
9.470628653172810107e-01
9.470511420174705375e-01
9.470394175326972697e-01
9.470276918526030485e-01
9.470159649724234630e-01
9.470042369097485535e-01
9.469925076374622330e-01
9.469807771675675667e-01
9.469690455232346871e-01
9.469573126773555005e-01
9.469455786251734786e-01
9.469338434010223793e-01
9.469221069778039901e-01
9.469103693507638919e-01
9.468986305430602268e-01
9.468868905443529327e-01
9.468751493498870353e-01
9.468634069828110178e-01
9.468516634216277428e-01
9.468399186560079173e-01
9.468281727202521036e-01
9.468164255872940638e-01
9.468046772635401176e-01
9.467929277721234271e-01
9.467811770804113181e-01
9.467694251948109985e-01
9.467576721384489691e-01
9.467459178842804191e-01
9.467341624442835446e-01
9.467224058304307688e-01
9.467106480379750000e-01
9.466988890454588468e-01
9.466871288871381296e-01
9.466753675415567892e-01
9.466636050039766159e-01
9.466518408580172350e-01
9.466400751436652161e-01
9.466283082202588961e-01
9.466165401053111550e-01
9.466047707717994975e-01
9.465930002372372476e-01
9.465812285080008603e-01
9.465694555626424922e-01
9.465576814131068106e-01
9.465459060768954824e-01
9.465341295214428907e-01
9.465223517642527007e-01
9.465105728172602539e-01
9.464987926701544652e-01
9.464870113126291340e-01
9.464752287677375975e-01
9.464634450196143245e-01
9.464516600579594430e-01
9.464398739058200727e-01
9.464280865640074536e-01
9.464162980055549346e-01
9.464045082590586411e-01
9.463927173086665867e-01
9.463809251607504525e-01
9.463691318327845936e-01
9.463573372978160148e-01
9.463455415622158418e-01
9.463337446434554323e-01
9.463219465256942353e-01
9.463101472097494860e-01
9.462983467075376520e-01
9.462865450032255099e-01
9.462747421087289723e-01
9.462629380304103943e-01
9.462511327413498652e-01
9.462393262645552028e-01
9.462275186063867638e-01
9.462157097565688790e-01
9.462038997048304312e-01
9.461920884686234601e-01
9.461802760432204140e-01
9.461684624238966279e-01
9.461566476280960369e-01
9.461448316344688303e-01
9.461330144549163768e-01
9.461211960902565776e-01
9.461093765413068901e-01
9.460975557978078543e-01
9.460857338771941905e-01
9.460739107636700895e-01
9.460620864580573386e-01
9.460502609777843297e-01
9.460384343070606938e-01
9.460266064522437901e-01
9.460147774252194441e-01
9.460029472046710408e-01
9.459911158024870703e-01
9.459792832250190076e-01
9.459674494564902503e-01
9.459556144977248060e-01
9.459437783716656556e-01
9.459319410625400826e-01
9.459201025656419626e-01
9.459082629039056167e-01
9.458964216159445604e-01
9.458845787681785522e-01
9.458727347276565389e-01
9.458608894896541885e-01
9.458490430439235874e-01
9.458371953967962265e-01
9.458253465490765732e-01
9.458134964905230424e-01
9.458016452495575654e-01
9.457897927938470062e-01
9.457779391352446607e-01
9.457660842966397752e-01
9.457542282457112037e-01
9.457423709998280525e-01
9.457305125542758706e-01
9.457186529098616790e-01
9.457067920563568819e-01
9.456949300166399563e-01
9.456830667804811963e-01
9.456712023431719238e-01
9.456593367220650359e-01
9.456474699014214558e-01
9.456356018710214695e-01
9.456237326757828132e-01
9.456118622724033473e-01
9.455999906616950890e-01
9.455881178775380480e-01
9.455762438931802905e-01
9.455643687149426491e-01
9.455524923436335882e-01
9.455406147800620165e-01
9.455287360195285817e-01
9.455168560793660859e-01
9.455049749438595441e-01
9.454930926193252372e-01
9.454812091065725177e-01
9.454693244064098501e-01
9.454574385141421011e-01
9.454455514415864847e-01
9.454336631730417828e-01
9.454217737148229439e-01
9.454098830787434071e-01
9.453979912491076165e-01
9.453860982377286781e-01
9.453742040399162327e-01
9.453623086564802991e-01
9.453504120827337376e-01
9.453385143414801961e-01
9.453266154060393500e-01
9.453147152772254369e-01
9.453028139833322685e-01
9.452909114976891791e-01
9.452790078211106284e-01
9.452671029818815462e-01
9.452551969478462102e-01
9.452432897308071791e-01
9.452313813425612388e-01
9.452194717619515352e-01
9.452075610007765194e-01
9.451956490818089751e-01
9.451837359674284400e-01
9.451718216749190882e-01
9.451599062160707110e-01
9.451479895752296079e-01
9.451360713180096962e-01
9.451241515204265031e-01
9.451122305296731918e-01
9.451003083246027892e-01
9.450883849279563265e-01
9.450764603350445547e-01
9.450645345247291607e-01
9.450526075307116303e-01
9.450406793373382630e-01
9.450287499399246949e-01
9.450168193557153540e-01
9.450048875745430399e-01
9.449929545807670417e-01
9.449810204135453695e-01
9.449690850353194005e-01
9.449571484578482838e-01
9.449452107038416315e-01
9.449332717467091580e-01
9.449213315872524444e-01
9.449093902426999314e-01
9.448974477028989627e-01
9.448855039686494539e-01
9.448735590516987859e-01
9.448616129254786555e-01
9.448496656072121747e-01
9.448377171141144615e-01
9.448257674250959415e-01
9.448138165409585287e-01
9.448018644789142328e-01
9.447899112124138465e-01
9.447779567586684912e-01
9.447660011348821829e-01
9.447540443090465256e-01
9.447420862874333913e-01
9.447301270927113137e-01
9.447181667038152542e-01
9.447062051160846075e-01
9.446942423576463188e-01
9.446822784074423440e-01
9.446703132662770397e-01
9.446583469568039515e-01
9.446463794579729178e-01
9.446344107651266642e-01
9.446224409118340049e-01
9.446104698552116874e-01
9.445984976179054859e-01
9.445865242061769473e-01
9.445745496099103855e-01
9.445625738244528558e-01
9.445505968669801744e-01
9.445386187219246832e-01
9.445266393900927371e-01
9.445146588995638748e-01
9.445026772184105246e-01
9.444906943528939003e-01
9.444787103201787160e-01
9.444667251047085266e-01
9.444547387072902422e-01
9.444427511396312758e-01
9.444307623861830647e-01
9.444187724532034922e-01
9.444067813578461701e-01
9.443947890736689166e-01
9.443827956123778122e-01
9.443708005661846094e-01
9.443588039769869047e-01
9.443468061833073524e-01
9.443348072022746953e-01
9.443228070128950602e-01
9.443108056214064572e-01
9.442988030449324111e-01
9.442867992624865980e-01
9.442747942911896564e-01
9.442627881318306216e-01
9.442507807688734767e-01
9.442387722085523460e-01
9.442267624625394484e-01
9.442147515261837265e-01
9.442027393839582672e-01
9.441907260638502386e-01
9.441787115394575380e-01
9.441666958170128465e-01
9.441546789136193718e-01
9.441426608246299423e-01
9.441306415290925402e-01
9.441186210549791236e-01
9.441065993867748807e-01
9.440945765252745092e-01
9.440825524875693375e-01
9.440705272472872389e-01
9.440585008106574527e-01
9.440464732001990766e-01
9.440344443949791886e-01
9.440224144012236973e-01
9.440103832360127178e-01
9.439983508838496462e-01
9.439863173292454279e-01
9.439742825947078364e-01
9.439622466810285717e-01
9.439502095727226871e-01
9.439381712977135130e-01
9.439261318350909979e-01
9.439140911748026275e-01
9.439020493501890652e-01
9.438900063295010412e-01
9.438779621243826856e-01
9.438659167518946846e-01
9.438538701857224211e-01
9.438418224375058063e-01
9.438297735188807547e-01
9.438177234143815264e-01
9.438056721248055947e-01
9.437936196672048750e-01
9.437815660315366229e-01
9.437695112131798680e-01
9.437574552075167489e-01
9.437453980424234112e-01
9.437333396862018775e-01
9.437212801558956254e-01
9.437092194523009070e-01
9.436971575708006377e-01
9.436850945121924017e-01
9.436730302772737833e-01
9.436609648776650427e-01
9.436488983141599896e-01
9.436368305550941749e-01
9.436247616174995301e-01
9.436126915400366855e-01
9.436006198546003088e-01
9.435885466289729573e-01
9.435764722093321621e-01
9.435643965910546216e-01
9.435523197803290518e-01
9.435402417725321511e-01
9.435281625738525246e-01
9.435160821850721025e-01
9.435040006123762701e-01
9.434919178403362583e-01
9.434798338697377718e-01
9.434677487121694295e-01
9.434556623630128147e-01
9.434435748014493583e-01
9.434314860660690805e-01
9.434193961522506777e-01
9.434073050283833251e-01
9.433952127276454824e-01
9.433831192292279066e-01
9.433710245501083502e-01
9.433589286964647602e-01
9.433468316421002031e-01
9.433347333824083636e-01
9.433226339559409590e-01
9.433105333311135876e-01
9.432984315195023228e-01
9.432863285380700402e-01
9.432742243552455497e-01
9.432621189772113501e-01
9.432500124478822023e-01
9.432379047195220689e-01
9.432257958144798504e-01
9.432136857227622073e-01
9.432015744505444221e-01
9.431894619770616606e-01
9.431773483408165681e-01
9.431652335102704843e-01
9.431531174916005789e-01
9.431410003071367676e-01
9.431288819253542677e-01
9.431167623685809964e-01
9.431046416429867962e-01
9.430925197332071797e-01
9.430803966400315153e-01
9.430682723803935907e-01
9.430561469281733000e-01
9.430440203003043198e-01
9.430318925190923629e-01
9.430197635530445099e-01
9.430076334029513507e-01
9.429955020749816175e-01
9.429833695645484237e-01
9.429712358831958685e-01
9.429591010424633879e-01
9.429469650216336651e-01
9.429348278161229224e-01
9.429226894482214405e-01
9.429105499079679653e-01
9.428984091854056837e-01
9.428862672974449577e-01
9.428741242395014543e-01
9.428619800016230235e-01
9.428498345953433279e-01
9.428376880214520694e-01
9.428255398436918844e-01
9.428133901607287370e-01
9.428012392779517858e-01
9.427890871961386310e-01
9.427769339268009530e-01
9.427647794653464253e-01
9.427526238071843867e-01
9.427404669691885619e-01
9.427283089360370960e-01
9.427161497085070341e-01
9.427039893034667717e-01
9.426918276948735853e-01
9.426796648995956485e-01
9.426675009291322072e-01
9.426553357628109087e-01
9.426431694121325533e-01
9.426310018617921616e-01
9.426188331232902007e-01
9.426066631974039378e-01
9.425944921063438287e-01
9.425823198187346375e-01
9.425701463407150094e-01
9.425579716944891828e-01
9.425457958486949117e-01
9.425336188148255578e-01
9.425214406150790314e-01
9.425092612234572398e-01
9.424970806460951644e-01
9.424848988891247892e-01
9.424727159533237142e-01
9.424605318394696507e-01
9.424483465536914739e-01
9.424361600646620207e-01
9.424239723999174867e-01
9.424117835548861954e-01
9.423995935249989131e-01
9.423874023270807365e-01
9.423752099565605445e-01
9.423630164035217138e-01
9.423508216634004508e-01
9.423386257476698002e-01
9.423264286571100268e-01
9.423142303871561154e-01
9.423020309439332776e-01
9.422898303175342161e-01
9.422776285247698169e-01
9.422654255717601846e-01
9.422532214272325568e-01
9.422410161079965984e-01
9.422288096308529814e-01
9.422166019698811068e-01
9.422043931258655691e-01
9.421921831316208973e-01
9.421799719452197408e-01
9.421677595941360117e-01
9.421555460684768457e-01
9.421433313690247280e-01
9.421311154965630319e-01
9.421188984518753529e-01
9.421066802464126422e-01
9.420944608702876977e-01
9.420822403349492502e-01
9.420700186145158916e-01
9.420577957204391284e-01
9.420455712691765404e-01
9.420333452885503167e-01
9.420211181130414557e-01
9.420088897380898274e-01
9.419966601857834299e-01
9.419844294462292877e-01
9.419721975095390887e-01
9.419599643818121759e-01
9.419477300638181561e-01
9.419354945669783374e-01
9.419232578814079604e-01
9.419110200132019273e-01
9.418987809631276242e-01
9.418865407053345074e-01
9.418742992725379626e-01
9.418620566601816346e-01
9.418498128530679026e-01
9.418375678572906695e-01
9.418253216895839941e-01
9.418130743347534750e-01
9.418008257935707173e-01
9.417885760774448167e-01
9.417763251765072230e-01
9.417640731021645895e-01
9.417518198498677773e-01
9.417395654044367070e-01
9.417273097719625063e-01
9.417150529691646899e-01
9.417027949861812575e-01
9.416905358131555381e-01
9.416782754721171322e-01
9.416660139638336480e-01
9.416537512571983015e-01
9.416414873901732818e-01
9.416292223316565790e-01
9.416169560877363232e-01
9.416046886963573836e-01
9.415924201051879550e-01
9.415801503309352283e-01
9.415678794009157970e-01
9.415556072840491897e-01
9.415433339970339377e-01
9.415310595353352241e-01
9.415187839050319640e-01
9.415065070962855831e-01
9.414942291204798641e-01
9.414819499624742516e-01
9.414696696336533055e-01
9.414573881347898521e-01
9.414451054613546255e-01
9.414328216194249865e-01
9.414205366150756316e-01
9.414082504331762191e-01
9.413959630798032219e-01
9.413836745716306353e-01
9.413713848935316708e-01
9.413590940303867560e-01
9.413468020094641897e-01
9.413345088209421618e-01
9.413222144497063182e-01
9.413099189230165198e-01
9.412976222310535102e-01
9.412853243692981264e-01
9.412730253438212902e-01
9.412607247489325202e-01
9.412484226326297554e-01
9.412361193421725503e-01
9.412238148624417766e-01
9.412115091730329786e-01
9.411992023170420163e-01
9.411868942687724449e-01
9.411745850342777553e-01
9.411622746143194496e-01
9.411499630043709264e-01
9.411376502104837893e-01
9.411253362387073107e-01
9.411130210792276740e-01
9.411007047275228299e-01
9.410883872055003652e-01
9.410760684980634672e-01
9.410637485954069792e-01
9.410514275352852565e-01
9.410391052867530526e-01
9.410267818611416368e-01
9.410144572592122891e-01
9.410021314606015208e-01
9.409898044872015976e-01
9.409774763450549084e-01
9.409651470243619586e-01
9.409528164994906962e-01
9.409404848187206127e-01
9.409281519458625453e-01
9.409158178922404359e-01
9.409034826902800130e-01
9.408911462985271035e-01
9.408788087124746458e-01
9.408664699592684810e-01
9.408541300343963298e-01
9.408417889228000153e-01
9.408294466568885017e-01
9.408171032110567156e-01
9.408047585702552507e-01
9.407924127932438818e-01
9.407800658280658368e-01
9.407677176807625052e-01
9.407553683784515286e-01
9.407430178955477063e-01
9.407306662433565503e-01
9.407183134226442256e-01
9.407059594341756759e-01
9.406936042576492518e-01
9.406812479254349491e-01
9.406688904119665517e-01
9.406565317285450201e-01
9.406441719022602399e-01
9.406318108864949457e-01
9.406194486978138869e-01
9.406070853527740416e-01
9.405947208468775633e-01
9.405823551703662577e-01
9.405699883240095094e-01
9.405576203138366065e-01
9.405452511353553646e-01
9.405328807998527552e-01
9.405205092923188959e-01
9.405081366135240595e-01
9.404957627800123454e-01
9.404833877872919023e-01
9.404710112288687807e-01
9.404586331621243023e-01
9.404462539153697342e-01
9.404338734683377332e-01
9.404214918428049907e-01
9.404091090237631789e-01
9.403967250224753993e-01
9.403843398554547761e-01
9.403719534971893834e-01
9.403595659484371705e-01
9.403471772309592858e-01
9.403347873350057506e-01
9.403223962350824028e-01
9.403100039791943976e-01
9.402976105365973281e-01
9.402852158975533170e-01
9.402728201048025092e-01
9.402604231066240548e-01
9.402480249300139148e-01
9.402356255809733998e-01
9.402232250602569064e-01
9.402108233528853054e-01
9.401984204910815990e-01
9.401860164441343537e-01
9.401736112128037393e-01
9.401612048240596264e-01
9.401487972367196244e-01
9.401363884829951889e-01
9.401239785531596560e-01
9.401115674584501480e-01
9.400991551839035232e-01
9.400867417355173172e-01
9.400743271088114472e-01
9.400619112940704625e-01
9.400494943339530174e-01
9.400370761925533891e-01
9.400246568706327466e-01
9.400122364003640207e-01
9.399998147406201099e-01
9.399873919078685081e-01
9.399749679081020881e-01
9.399625427473117245e-01
9.399501164105560358e-01
9.399376889038282279e-01
9.399252602226568776e-01
9.399128303625721159e-01
9.399003993609476026e-01
9.398879671923867640e-01
9.398755338419625405e-01
9.398630993522658628e-01
9.398506636717708362e-01
9.398382268326079814e-01
9.398257888303087615e-01
9.398133496499546657e-01
9.398009093132122516e-01
9.397884678208394682e-01
9.397760251631452899e-01
9.397635813252203096e-01
9.397511363443923349e-01
9.397386901900810496e-01
9.397262428734943773e-01
9.397137944110587338e-01
9.397013447826463306e-01
9.396888939890207793e-01
9.396764416333407421e-01
9.396639877770224247e-01
9.396515327192528355e-01
9.396390764973132637e-01
9.396266190806390473e-01
9.396141604960674965e-01
9.396017007286922018e-01
9.395892397844775035e-01
9.395767776589551978e-01
9.395643143580879597e-01
9.395518498669801488e-01
9.395393841968103787e-01
9.395269173483274949e-01
9.395144493222795656e-01
9.395019801142032723e-01
9.394895097352716773e-01
9.394770381810202409e-01
9.394645654313564798e-01
9.394520915287135621e-01
9.394396164477872846e-01
9.394271401737017690e-01
9.394146627436683605e-01
9.394021841323932920e-01
9.393897043354215715e-01
9.393772233795383286e-01
9.393647412446657352e-01
9.393522579419654184e-01
9.393397734825954526e-01
9.393272878412809446e-01
9.393148010083682831e-01
9.393023130314401836e-01
9.392898238592156668e-01
9.392773335288652214e-01
9.392648420255322872e-01
9.392523493499688181e-01
9.392398555081264977e-01
9.392273605007555037e-01
9.392148643182084422e-01
9.392023669716353940e-01
9.391898684617868698e-01
9.391773687790180292e-01
9.391648679240831576e-01
9.391523659185196937e-01
9.391398627422924417e-01
9.391273583909605094e-01
9.391148528756676495e-01
9.391023461919720816e-01
9.390898383354339130e-01
9.390773293171941205e-01
9.390648191328123673e-01
9.390523077882340086e-01
9.390397952894018463e-01
9.390272816163043323e-01
9.390147667852684066e-01
9.390022507970456900e-01
9.389897336471997313e-01
9.389772153312956338e-01
9.389646958708391944e-01
9.389521752406441157e-01
9.389396534310948672e-01
9.389271304896240622e-01
9.389146063806802500e-01
9.389020810946512308e-01
9.388895546685859239e-01
9.388770266995990488e-01
9.388644972116424459e-01
9.388519665632726330e-01
9.388394347241316718e-01
9.388269016949636336e-01
9.388143675024177570e-01
9.388018321161475388e-01
9.387892955627979985e-01
9.387767578431073234e-01
9.387642189474552090e-01
9.387516788662264577e-01
9.387391376156981604e-01
9.387265951759016236e-01
9.387140515579353028e-01
9.387015067780705158e-01
9.386889608215177594e-01
9.386764136838458006e-01
9.386638653916701269e-01
9.386513159043368137e-01
9.386387652484609045e-01
9.386262134403012825e-01
9.386136604495621816e-01
9.386011062769891167e-01
9.385885509336699961e-01
9.385759944151773615e-01
9.385634367274253709e-01
9.385508778814950492e-01
9.385383178626200973e-01
9.385257566612081881e-01
9.385131943141802324e-01
9.385006307706025286e-01
9.384880660622259008e-01
9.384755001949589559e-01
9.384629331540477182e-01
9.384503649402371472e-01
9.384377955749310107e-01
9.384252250433768872e-01
9.384126533308309037e-01
9.384000804638541471e-01
9.383875064328645044e-01
9.383749312231219886e-01
9.383623548663408975e-01
9.383497773426197064e-01
9.383371986423852951e-01
9.383246187818643502e-01
9.383120377721181349e-01
9.382994555880984633e-01
9.382868722563413311e-01
9.382742877414900207e-01
9.382617020752352932e-01
9.382491152531635681e-01
9.382365272657097188e-01
9.382239381187761351e-01
9.382113478234164194e-01
9.381987563546065889e-01
9.381861637337089999e-01
9.381735699563160669e-01
9.381609750231737488e-01
9.381483789195749212e-01
9.381357816668728367e-01
9.381231832452121555e-01
9.381105836759420225e-01
9.380979829443597540e-01
9.380853810666603954e-01
9.380727776288616537e-01
9.380601727209292306e-01
9.380475666261257617e-01
9.380349593400408859e-01
9.380223508942894250e-01
9.380097412638729315e-01
9.379971304598181403e-01
9.379845184777145795e-01
9.379719053234409909e-01
9.379592909925882349e-01
9.379466754961766073e-01
9.379340588195124173e-01
9.379214409581905221e-01
9.379088219386548797e-01
9.378962017410742424e-01
9.378835803713249097e-01
9.378709578455605156e-01
9.378583341234019155e-01
9.378457092364211878e-01
9.378330832007651940e-01
9.378204559863402290e-01
9.378078275938851460e-01
9.377951980344105820e-01
9.377825673086513936e-01
9.377699354122087660e-01
9.377573023560876742e-01
9.377446681204871792e-01
9.377320327061480221e-01
9.377193961548708767e-01
9.377067584211947748e-01
9.376941195161243581e-01
9.376814794506604933e-01
9.376688382204079186e-01
9.376561958261042662e-01
9.376435522787442967e-01
9.376309075534188242e-01
9.376182616611258291e-01
9.376056146128592950e-01
9.375929663991007246e-01
9.375803170103356177e-01
9.375676664780617786e-01
9.375550147671335433e-01
9.375423619090437199e-01
9.375297078942774753e-01
9.375170526979530461e-01
9.375043963464319008e-01
9.374917388455735745e-01
9.374790801705032983e-01
9.374664203526936745e-01
9.374537593775156274e-01
9.374410972303470757e-01
9.374284339324105986e-01
9.374157694690856690e-01
9.374031038462331544e-01
9.373904370645934625e-01
9.373777691453771821e-01
9.373651000637331920e-01
9.373524298152867695e-01
9.373397584212457279e-01
9.373270858670006422e-01
9.373144121430639908e-01
9.373017372910958933e-01
9.372890612811458633e-01
9.372763841139556407e-01
9.372637054259524980e-01
9.372510252341780257e-01
9.372383438652132082e-01
9.372256613248978185e-01
9.372129776139579427e-01
9.372002927228999525e-01
9.371876066780019388e-01
9.371749194391127968e-01
9.371622310376176435e-01
9.371495414589188222e-01
9.371368507190672714e-01
9.371241587881469215e-01
9.371114657026368144e-01
9.370987714428370419e-01
9.370860760043718818e-01
9.370733794083920820e-01
9.370606816454140064e-01
9.370479826957510694e-01
9.370352825958596643e-01
9.370225813260530945e-01
9.370098788819586355e-01
9.369971752847142676e-01
9.369844704993379736e-01
9.369717645520682092e-01
9.369590574589324872e-01
9.369463491900580365e-01
9.369336397512773029e-01
9.369209291586158006e-01
9.369082173975076255e-01
9.368955044533927579e-01
9.368827903575862592e-01
9.368700751006237004e-01
9.368573586832341649e-01
9.368446411010526997e-01
9.368319223548107200e-01
9.368192024503338988e-01
9.368064813985378381e-01
9.367937591797788066e-01
9.367810357947896627e-01
9.367683112544868962e-01
9.367555855443271406e-01
9.367428586752259978e-01
9.367301306580952946e-01
9.367174014783943292e-01
9.367046711215900601e-01
9.366919396291267796e-01
9.366792069813784094e-01
9.366664731638150165e-01
9.366537381924329164e-01
9.366410020628771482e-01
9.366282647707956377e-01
9.366155263372628603e-01
9.366027867375849025e-01
9.365900459877501971e-01
9.365773040834062257e-01
9.365645610354522699e-01
9.365518168090419815e-01
9.365390714506525160e-01
9.365263249356040598e-01
9.365135772646318024e-01
9.365008284486306955e-01
9.364880784680137404e-01
9.364753273387563803e-01
9.364625750768266199e-01
9.364498212668114219e-01
9.364370659757021986e-01
9.364243095270921025e-01
9.364115518963144202e-01
9.363987930942456739e-01
9.363860331216067312e-01
9.363732719841938446e-01
9.363605096725770016e-01
9.363477462027010034e-01
9.363349815499170115e-01
9.363222157352422137e-01
9.363094487441789848e-01
9.362966805774517454e-01
9.362839112560693566e-01
9.362711407706085787e-01
9.362583691217900572e-01
9.362455962951268251e-01
9.362328223116205272e-01
9.362200471618534747e-01
9.362072708364127527e-01
9.361944933562938997e-01
9.361817147019487750e-01
9.361689348791698562e-01
9.361561539038784074e-01
9.361433717565330603e-01
9.361305884429247381e-01
9.361178039890978297e-01
9.361050183552603876e-01
9.360922315573301233e-01
9.360794436061570245e-01
9.360666544923377241e-01
9.360538642165969758e-01
9.360410727948416110e-01
9.360282802024889603e-01
9.360154864503864580e-01
9.360026915493767641e-01
9.359898954748877564e-01
9.359770982529393990e-01
9.359642998741372066e-01
9.359515003341484229e-01
9.359386996286426230e-01
9.359258977735154250e-01
9.359130947644338505e-01
9.359002905920126292e-01
9.358874852771964514e-01
9.358746787903837738e-01
9.358618711474651075e-01
9.358490623592718993e-01
9.358362524164223206e-01
9.358234413246941941e-01
9.358106290797605364e-01
9.357978156772968070e-01
9.357850011230806064e-01
9.357721854228875369e-01
9.357593685723925025e-01
9.357465505521280758e-01
9.357337313931142209e-01
9.357209110809310282e-01
9.357080896062131004e-01
9.356952669949221146e-01
9.356824432477807152e-01
9.356696183402861688e-01
9.356567922832580431e-01
9.356439650723804569e-01
9.356311363419920202e-01
9.356183061377475463e-01
9.356054747550685002e-01
9.355926422047564639e-01
9.355798084824838989e-01
9.355669736040900242e-01
9.355541375450822095e-01
9.355413003213000067e-01
9.355284619435363380e-01
9.355156223873072330e-01
9.355027816835623788e-01
9.354899397977455289e-01
9.354770967507263224e-01
9.354642525532932407e-01
9.354514071709019163e-01
9.354385606395261288e-01
9.354257129447700603e-01
9.354128640772800818e-01
9.354000140377755068e-01
9.353871628420756812e-01
9.353743104858619484e-01
9.353614569698498471e-01
9.353486023048191988e-01
9.353357464612932493e-01
9.353228894500557056e-01
9.353100312969786501e-01
9.352971719776224102e-01
9.352843114977358319e-01
9.352714498630645412e-01
9.352585870743246321e-01
9.352457231221764644e-01
9.352328580173927541e-01
9.352199917556625053e-01
9.352071243175983373e-01
9.351942557340785500e-01
9.351813860058161287e-01
9.351685151084030423e-01
9.351556430626569716e-01
9.351427698542233991e-01
9.351298954888457304e-01
9.351170199672427241e-01
9.351041433051994201e-01
9.350912654833436477e-01
9.350783865023962749e-01
9.350655063731186933e-01
9.350526250761483915e-01
9.350397426473443518e-01
9.350268590623254106e-01
9.350139743117752422e-01
9.350010884315418380e-01
9.349882013972512507e-01
9.349753131945746087e-01
9.349624238643658991e-01
9.349495333722281920e-01
9.349366417188859080e-01
9.349237489351492902e-01
9.349108550066903556e-01
9.348979599191881151e-01
9.348850636984304963e-01
9.348721663250836311e-01
9.348592677998699418e-01
9.348463681235110734e-01
9.348334673017402174e-01
9.348205653302675833e-01
9.348076618474150390e-01
9.347947568928322015e-01
9.347818507692056134e-01
9.347689434872606951e-01
9.347560350376876714e-01
9.347431254061727701e-01
9.347302146384912636e-01
9.347173026902857451e-01
9.347043895772867428e-01
9.346914753152194555e-01
9.346785598797637817e-01
9.346656432716319296e-01
9.346527255065466555e-01
9.346398065952217227e-01
9.346268865083451338e-01
9.346139652616366478e-01
9.346010428558055860e-01
9.345881192915603819e-01
9.345751945696096907e-01
9.345622686756626107e-01
9.345493416204311288e-01
9.345364134196231243e-01
9.345234840439531343e-01
9.345105535141282616e-01
9.344976218308569393e-01
9.344846889848543725e-01
9.344717549918215571e-01
9.344588198474697016e-01
9.344458835425168974e-01
9.344329460776759078e-01
9.344200074636459519e-01
9.344070676911495621e-01
9.343941267559050523e-01
9.343811846785958775e-01
9.343682414349694376e-01
9.343552970407156266e-01
9.343423515015354397e-01
9.343294047981756112e-01
9.343164569413314746e-01
9.343035079416937005e-01
9.342905577800152406e-01
9.342776064669882086e-01
9.342646540133002775e-01
9.342517004046982931e-01
9.342387456418954628e-01
9.342257897256054378e-01
9.342128326764846946e-01
9.341998744603438043e-01
9.341869151127943915e-01
9.341739546096220481e-01
9.341609929515424238e-01
9.341480301592026692e-01
9.341350662034162422e-01
9.341221011098119753e-01
9.341091348691370477e-01
9.340961674771233181e-01
9.340831989295059756e-01
9.340702292568812126e-01
9.340572584450183014e-01
9.340442864747131591e-01
9.340313133616193753e-01
9.340183391064503793e-01
9.340053637099196004e-01
9.339923871627870966e-01
9.339794091073073679e-01
9.339664295871711319e-01
9.339534488972912607e-01
9.339404670582717172e-01
9.339274840459369509e-01
9.339144998659665298e-01
9.339015145339837343e-01
9.338885280307962500e-01
9.338755403819709588e-01
9.338625515633460772e-01
9.338495615756267076e-01
9.338365704344301355e-01
9.338235781354866649e-01
9.338105846695587964e-01
9.337975900621979797e-01
9.337845942991949144e-01
9.337715973564113536e-01
9.337585992742977181e-01
9.337456000187818184e-01
9.337325996203713618e-01
9.337195980549346519e-01
9.337065953380755401e-01
9.336935914605652975e-01
9.336805864280739442e-01
9.336675802413050285e-01
9.336545729009622097e-01
9.336415644127114000e-01
9.336285547673301988e-01
9.336155439655239308e-01
9.336025320129586191e-01
9.335895189103378122e-01
9.335765046484446605e-01
9.335634892379052197e-01
9.335504726744638937e-01
9.335374549588255633e-01
9.335244360867374080e-01
9.335114160737787437e-01
9.334983948958659461e-01
9.334853725884058040e-01
9.334723491273160256e-01
9.334593244984358273e-01
9.334462987322080796e-01
9.334332718243800731e-01
9.334202437558383192e-01
9.334072145471077331e-01
9.333941841889850100e-01
9.333811526821772508e-01
9.333681200471991568e-01
9.333550862500904488e-01
9.333420512965133753e-01
9.333290152119302352e-01
9.333159779772430831e-01
9.333029395931602412e-01
9.332899000801854195e-01
9.332768594142788476e-01
9.332638175961498472e-01
9.332507746462981313e-01
9.332377305604799833e-01
9.332246853097226902e-01
9.332116389293614311e-01
9.331985914151541550e-01
9.331855427430826300e-01
9.331724929385805112e-01
9.331594419924655881e-01
9.331463895409899401e-01
9.331333356268953771e-01
9.331202805621258145e-01
9.331072243226635754e-01
9.330941669339160027e-01
9.330811083866935585e-01
9.330680486718103683e-01
9.330549878097247340e-01
9.330419257863110660e-01
9.330288626022655851e-01
9.330157982681623885e-01
9.330027327649432767e-01
9.329896661081207299e-01
9.329765983082636271e-01
9.329635293364464399e-01
9.329504592032418220e-01
9.329373879192190966e-01
9.329243154850734854e-01
9.329112418916316596e-01
9.328981671593269409e-01
9.328850912641860615e-01
9.328720142019754080e-01
9.328589360079222459e-01
9.328458566531270257e-01
9.328327761333586876e-01
9.328196944789026723e-01
9.328066116608699776e-01
9.327935276947511012e-01
9.327804425763137619e-01
9.327673563111853472e-01
9.327542688951340200e-01
9.327411803337861684e-01
9.327280906130570592e-01
9.327149997484277533e-01
9.327019077455218632e-01
9.326888145804062002e-01
9.326757202685591608e-01
9.326626248156038024e-01
9.326495282074648285e-01
9.326364304497667401e-01
9.326233315530559898e-01
9.326102315180291313e-01
9.325971303256950229e-01
9.325840279964429103e-01
9.325709245112854262e-01
9.325578198955279952e-01
9.325447141351057567e-01
9.325316072257995303e-01
9.325184991683106439e-01
9.325053899780959554e-01
9.324922796312623552e-01
9.324791681481845451e-01
9.324660555246431226e-01
9.324529417564224598e-01
9.324398268442234405e-01
9.324267108034939300e-01
9.324135936054414042e-01
9.324004752556865894e-01
9.323873557942441437e-01
9.323742351874133583e-01
9.323611134358971153e-01
9.323479905403985191e-01
9.323348665065320784e-01
9.323217413349993432e-01
9.323086146855996681e-01
9.322954865608463759e-01
9.322823572894918254e-01
9.322692268525841763e-01
9.322560952557245040e-01
9.322429625094195149e-01
9.322298286143562152e-01
9.322166935614077943e-01
9.322035573316364010e-01
9.321904199649896361e-01
9.321772814425278719e-01
9.321641417600365909e-01
9.321510009231123162e-01
9.321378589373493506e-01
9.321247157887250223e-01
9.321115715024497206e-01
9.320984260595969184e-01
9.320852794559569832e-01
9.320721317069282641e-01
9.320589828082982420e-01
9.320458327509554275e-01
9.320326815502943951e-01
9.320195291923040193e-01
9.320063756776779673e-01
9.319932210267044548e-01
9.319800652302739907e-01
9.319669082792818582e-01
9.319537501744206143e-01
9.319405909163840374e-01
9.319274305156578508e-01
9.319142689680361968e-01
9.319011062693162151e-01
9.318879424201906847e-01
9.318747774360354175e-01
9.318616113028583836e-01
9.318484440164596094e-01
9.318352755971046619e-01
9.318221060210210016e-01
9.318089352937967140e-01
9.317957634308007275e-01
9.317825904278318472e-01
9.317694162806915426e-01
9.317562409949634583e-01
9.317430645664496192e-01
9.317298869811777573e-01
9.317167082593978966e-01
9.317035284066894629e-01
9.316903474090812987e-01
9.316771652770415857e-01
9.316639820014898099e-01
9.316507975880060632e-01
9.316376120323985877e-01
9.316244253353624938e-01
9.316112374878239288e-01
9.315980485100153752e-01
9.315848583977451858e-01
9.315716671321765396e-01
9.315584747481829853e-01
9.315452812220456069e-01
9.315320865495797520e-01
9.315188907510048022e-01
9.315056938172532330e-01
9.314924957343805323e-01
9.314792965274811820e-01
9.314660958210412289e-01
9.314528936705901430e-01
9.314396903677889528e-01
9.314264859084431247e-01
9.314132802932360011e-01
9.314000735277273568e-01
9.313868655979733457e-01
9.313736565144100643e-01
9.313604462923461558e-01
9.313472349178378851e-01
9.313340223818217245e-01
9.313208087142237357e-01
9.313075938767400030e-01
9.312943778895492741e-01
9.312811607484637877e-01
9.312679424736527434e-01
9.312547230365720852e-01
9.312415024573905686e-01
9.312282807124416806e-01
9.312150578316308325e-01
9.312018337961637249e-01
9.311886086164635756e-01
9.311753822834787364e-01
9.311621548222318578e-01
9.311489261944689844e-01
9.311356964300780970e-01
9.311224655151443264e-01
9.311092334503546786e-01
9.310960002461252660e-01
9.310827658934112128e-01
9.310695303928997468e-01
9.310562937501400960e-01
9.310430559755434876e-01
9.310298170503432669e-01
9.310165769800887725e-01
9.310033357703285661e-01
9.309900934217478774e-01
9.309768499107302642e-01
9.309636052817067409e-01
9.309503595062005310e-01
9.309371125703239658e-01
9.309238645087771769e-01
9.309106152979538251e-01
9.308973649482583657e-01
9.308841134749473722e-01
9.308708608495654957e-01
9.308576070873715302e-01
9.308443521987623814e-01
9.308310961504390191e-01
9.308178389770747074e-01
9.308045806696459978e-01
9.307913212239863343e-01
9.307780606262258116e-01
9.307647989013180245e-01
9.307515360353932898e-01
9.307382720388435171e-01
9.307250069026542505e-01
9.307117406323648368e-01
9.306984732335135124e-01
9.306852047019379404e-01
9.306719350286285497e-01
9.306586642239730311e-01
9.306453922838120452e-01
9.306321192185292857e-01
9.306188446710892404e-01
9.306055686814889150e-01
9.305922915193135525e-01
9.305790132143189064e-01
9.305657337671793261e-01
9.305524531688801337e-01
9.305391714055673003e-01
9.305258885166699523e-01
9.305126044689574494e-01
9.304993192534254387e-01
9.304860328998088015e-01
9.304727453990990771e-01
9.304594567519736126e-01
9.304461669591097550e-01
9.304328760163449452e-01
9.304195839195184004e-01
9.304062906838277414e-01
9.303929963002717241e-01
9.303797007646907868e-01
9.303664040922786649e-01
9.303531062546881447e-01
9.303398072864600410e-01
9.303265071737611969e-01
9.303132059027627854e-01
9.302999034886538787e-01
9.302865999466169988e-01
9.302732952483219186e-01
9.302599894089529364e-01
9.302466824291885095e-01
9.302333743097073171e-01
9.302200650463565701e-01
9.302067546494796613e-01
9.301934431052601981e-01
9.301801304095498324e-01
9.301668165920122799e-01
9.301535016195143779e-01
9.301401855120574602e-01
9.301268682751493433e-01
9.301135498853260186e-01
9.301002303674110738e-01
9.300869097027726351e-01
9.300735878872673501e-01
9.300602649408848954e-01
9.300469408739555632e-01
9.300336156678539190e-01
9.300202893039628549e-01
9.300069618215643930e-01
9.299936331972152859e-01
9.299803034364217957e-01
9.299669725495116612e-01
9.299536405323409749e-01
9.299403073711249856e-01
9.299269730761904329e-01
9.299136376530403592e-01
9.299003010927142654e-01
9.298869634007151941e-01
9.298736245680861989e-01
9.298602846051496895e-01
9.298469435125870097e-01
9.298336012814445439e-01
9.298202579124071887e-01
9.298069134302433536e-01
9.297935678163651296e-01
9.297802210666396006e-01
9.297668728422674445e-01
9.297535231871827399e-01
9.297401723684354247e-01
9.297268204107712597e-01
9.297134672907905184e-01
9.297001130284211490e-01
9.296867576291455437e-01
9.296734010695709705e-01
9.296600433744311998e-01
9.296466845203383844e-01
9.296333245368325615e-01
9.296199633957189512e-01
9.296066011169117349e-01
9.295932376818442089e-01
9.295798731008088067e-01
9.295665073889026742e-01
9.295531405179477957e-01
9.295397725126572919e-01
9.295264033688939165e-01
9.295130330825224219e-01
9.294996616446037363e-01
9.294862890606189199e-01
9.294729153312415448e-01
9.294595404619503398e-01
9.294461644582210358e-01
9.294327873015116870e-01
9.294194090069077818e-01
9.294060295750816714e-01
9.293926490067059287e-01
9.293792673024530160e-01
9.293658844629955063e-01
9.293525004746047147e-01
9.293391153523569148e-01
9.293257290873259135e-01
9.293123416897851596e-01
9.292989531556088423e-01
9.292855634902680295e-01
9.292721726704487040e-01
9.292587807160181956e-01
9.292453876372434030e-01
9.292319934204075205e-01
9.292185980661855638e-01
9.292052015896383743e-01
9.291918039578751509e-01
9.291784051907527875e-01
9.291650053033277956e-01
9.291516042818921406e-01
9.291382021175358386e-01
9.291247988205209030e-01
9.291113943915234596e-01
9.290979888312181911e-01
9.290845821450715025e-01
9.290711743145968482e-01
9.290577653548421910e-01
9.290443552808513861e-01
9.290309440693510501e-01
9.290175317210200845e-01
9.290041182413244503e-01
9.289907036405148366e-01
9.289772879001186867e-01
9.289638710495332630e-01
9.289504530559289375e-01
9.289370339343424599e-01
9.289236137045904229e-01
9.289101919836744159e-01
9.288967688385633137e-01
9.288833445481431417e-01
9.288699191035133529e-01
9.288564925101238101e-01
9.288430647829876152e-01
9.288296359036403160e-01
9.288162058775305541e-01
9.288027747292280090e-01
9.287893424307108736e-01
9.287759089635276855e-01
9.287624743809240746e-01
9.287490386501057182e-01
9.287356017526282592e-01
9.287221637273868069e-01
9.287087245702662086e-01
9.286952842628224403e-01
9.286818428296069738e-01
9.286684002474016042e-01
9.286549565073254353e-01
9.286415116339248321e-01
9.286280656326391103e-01
9.286146184850356811e-01
9.286011702013307056e-01
9.285877207726447313e-01
9.285742702044194052e-01
9.285608185068663367e-01
9.285473656806502163e-01
9.285339116930386716e-01
9.285204565781006725e-01
9.285070003269607630e-01
9.284935429355172243e-01
9.284800844187464097e-01
9.284666247534698602e-01
9.284531639642004119e-01
9.284397020420674940e-01
9.284262389829717188e-01
9.284127747780488438e-01
9.283993094565681226e-01
9.283858429953641966e-01
9.283723753951076407e-01
9.283589066707631510e-01
9.283454368182328942e-01
9.283319658238933236e-01
9.283184936979427260e-01
9.283050204410503436e-01
9.282915460586472767e-01
9.282780705466399107e-01
9.282645939009352976e-01
9.282511161174437087e-01
9.282376372158785971e-01
9.282241571731062457e-01
9.282106760040784721e-01
9.281971937237414316e-01
9.281837103137259293e-01
9.281702257556703195e-01
9.281567400835535331e-01
9.281432532837707861e-01
9.281297653474793741e-01
9.281162762896206786e-01
9.281027861203754448e-01
9.280892948118787400e-01
9.280758023790696143e-01
9.280623088178641122e-01
9.280488138014750810e-01
9.280353173673178135e-01
9.280218197726841645e-01
9.280083210372488400e-01
9.279948211664226232e-01
9.279813201371051035e-01
9.279678179642141256e-01
9.279543146579104507e-01
9.279408102141019077e-01
9.279273046191984786e-01
9.279137978928594377e-01
9.279002900167475643e-01
9.278867810057707111e-01
9.278732708558395936e-01
9.278597595771087558e-01
9.278462471465022121e-01
9.278327335931615405e-01
9.278192188892682157e-01
9.278057030354869283e-01
9.277921860656951347e-01
9.277786679520823032e-01
9.277651487047982037e-01
9.277516283197597691e-01
9.277381067976289142e-01
9.277245841343246813e-01
9.277110603447356052e-01
9.276975354105548854e-01
9.276840093419286282e-01
9.276704821347780960e-01
9.276569538087262590e-01
9.276434243312535743e-01
9.276298937362008612e-01
9.276163620005322130e-01
9.276028291249122093e-01
9.275892951384312468e-01
9.275757599943729170e-01
9.275622237218275057e-01
9.275486863451385400e-01
9.275351478223379242e-01
9.275216081540926805e-01
9.275080673836839651e-01
9.274945254596878019e-01
9.274809824064439434e-01
9.274674382340821754e-01
9.274538929290634393e-01
9.274403464967848620e-01
9.274267989473731211e-01
9.274132502530992861e-01
9.273997004335563510e-01
9.273861494941376682e-01
9.273725974213141710e-01
9.273590442157517710e-01
9.273454899017621322e-01
9.273319344610888582e-01
9.273183778802120969e-01
9.273048201881661790e-01
9.272912613667028126e-01
9.272777014259409034e-01
9.272641403665432547e-01
9.272505781891728915e-01
9.272370148708662940e-01
9.272234504311924752e-01
9.272098848708156815e-01
9.271963181762288286e-01
9.271827500336188299e-01
9.271691804748626309e-01
9.271556097689830356e-01
9.271420379213578533e-01
9.271284649326413385e-01
9.271148908034876346e-01
9.271013155487135560e-01
9.270877391500872422e-01
9.270741616129846152e-01
9.270605829286207022e-01
9.270470031212472151e-01
9.270334221584849432e-01
9.270198400693014928e-01
9.270062568354782151e-01
9.269926724718232647e-01
9.269790869789890086e-01
9.269655003434802421e-01
9.269519125753851174e-01
9.269383236753575561e-01
9.269247336440520346e-01
9.269111424585509962e-01
9.268975501572263020e-01
9.268839567124476098e-01
9.268703621342989640e-01
9.268567664281484042e-01
9.268431695805142700e-01
9.268295716061891731e-01
9.268159725152491646e-01
9.268023722800823316e-01
9.267887709060584900e-01
9.267751684079650332e-01
9.267615647864555495e-01
9.267479600233496928e-01
9.267343541428479936e-01
9.267207471267726593e-01
9.267071389757814970e-01
9.266935297093598090e-01
9.266799193140418112e-01
9.266663077763668266e-01
9.266526951158169378e-01
9.266390813236384805e-01
9.266254663957849136e-01
9.266118503517315474e-01
9.265982331827254947e-01
9.265846148753147382e-01
9.265709954583756236e-01
9.265573749184542462e-01
9.265437532468046022e-01
9.265301304581893271e-01
9.265165065391622878e-01
9.265028814903829568e-01
9.264892553313096579e-01
9.264756280437995706e-01
9.264619996332112972e-01
9.264483700908062724e-01
9.264347394360366028e-01
9.264211076554660362e-01
9.264074747591475312e-01
9.263938407336489433e-01
9.263802055843272099e-01
9.263665693306233351e-01
9.263529319497171288e-01
9.263392934469636408e-01
9.263256538230223436e-01
9.263120127487349809e-01
9.262983702598939217e-01
9.262847266277135505e-01
9.262710818528431256e-01
9.262574359453162876e-01
9.262437889104710997e-01
9.262301407348801918e-01
9.262164914145029071e-01
9.262028409781299931e-01
9.261891893841984746e-01
9.261755366614978779e-01
9.261618828106750190e-01
9.261482278276885749e-01
9.261345716991233878e-01
9.261209144490684109e-01
9.261072560594219016e-01
9.260935965355209243e-01
9.260799358873865739e-01
9.260662740922390723e-01
9.260526111788417447e-01
9.260389471244172555e-01
9.260252819436703975e-01
9.260116156325651771e-01
9.259979481964347725e-01
9.259842796265620457e-01
9.259706099142335223e-01
9.259569390835110658e-01
9.259432671256790925e-01
9.259295940273453152e-01
9.259159198172448590e-01
9.259022444726238144e-01
9.258885679988136941e-01
9.258748903964657551e-01
9.258612116709092899e-01
9.258475318181154101e-01
9.258338508480905560e-01
9.258201687474515440e-01
9.258064855121737047e-01
9.257928011662917012e-01
9.257791156870738281e-01
9.257654290798487118e-01
9.257517413452689414e-01
9.257380524886607009e-01
9.257243625106752472e-01
9.257106714119627267e-01
9.256969791885019117e-01
9.256832858362724625e-01
9.256695913746151305e-01
9.256558957854925662e-01
9.256421990742293993e-01
9.256285012414776636e-01
9.256148022925599905e-01
9.256011022094485785e-01
9.255874010254830919e-01
9.255736987086304879e-01
9.255599952782194162e-01
9.255462907208977796e-01
9.255325850466546989e-01
9.255188782654761859e-01
9.255051703546797182e-01
9.254914613382513311e-01
9.254777511795170275e-01
9.254640399257867411e-01
9.254503275403911378e-01
9.254366137163400063e-01
9.254228984793052559e-01
9.254091821166452458e-01
9.253954646056854472e-01
9.253817459703844728e-01
9.253680261927339501e-01
9.253543052920251144e-01
9.253405832595752445e-01
9.253268600867058380e-01
9.253131357833820347e-01
9.252994103455868258e-01
9.252856837739634743e-01
9.252719560691557987e-01
9.252582272411244979e-01
9.252444972765364595e-01
9.252307661806948857e-01
9.252170339588994263e-01
9.252033006117929004e-01
9.251895661167379714e-01
9.251758305069717192e-01
9.251620937645141929e-01
9.251483558900099879e-01
9.251346169073748626e-01
9.251208767800178645e-01
9.251071355272005858e-01
9.250933931635252350e-01
9.250796496663694635e-01
9.250659050270767514e-01
9.250521592742037003e-01
9.250384123944388470e-01
9.250246643930775114e-01
9.250109152614637287e-01
9.249971650048927074e-01
9.249834136193606504e-01
9.249696611194602180e-01
9.249559075011843934e-01
9.249421527419396938e-01
9.249283968749058005e-01
9.249146398867842400e-01
9.249008817642809799e-01
9.248871225312735866e-01
9.248733621744689160e-01
9.248596006852231044e-01
9.248458380874075013e-01
9.248320743723761339e-01
9.248183095175566137e-01
9.248045435607452625e-01
9.247907764793694696e-01
9.247770082740770503e-01
9.247632389547995047e-01
9.247494685175396967e-01
9.247356969536630888e-01
9.247219242823794261e-01
9.247081504950529496e-01
9.246943755830510092e-01
9.246805995516611532e-01
9.246668224108083312e-01
9.246530441564995151e-01
9.246392647940182563e-01
9.246254843147351243e-01
9.246117027007515476e-01
9.245979199851735997e-01
9.245841361501020428e-01
9.245703512054561646e-01
9.245565648244096213e-01
9.245427770319277760e-01
9.245289880988607489e-01
9.245151980582833051e-01
9.245014068783935501e-01
9.244876145551970126e-01
9.244738211078644685e-01
9.244600265370301884e-01
9.244462308201734091e-01
9.244324339903519094e-01
9.244186360204158515e-01
9.244048369202656490e-01
9.243910367090572011e-01
9.243772353550198106e-01
9.243634328680525591e-01
9.243496292626787181e-01
9.243358245256511063e-01
9.243220186622357337e-01
9.243082116776976109e-01
9.242944035680463744e-01
9.242805943246685807e-01
9.242667839759575177e-01
9.242529724855450546e-01
9.242391598771979577e-01
9.242253461376799262e-01
9.242115312815023520e-01
9.241977152815630259e-01
9.241838981754881832e-01
9.241700799454225512e-01
9.241562605781394879e-01
9.241424401020112978e-01
9.241286184991888142e-01
9.241147957749327180e-01
9.241009719345028017e-01
9.240871469785365555e-01
9.240733208984335256e-01
9.240594936948345328e-01
9.240456653683798427e-01
9.240318359197098319e-01
9.240180053679344363e-01
9.240041736906043912e-01
9.239903408837450982e-01
9.239765069618470772e-01
9.239626719163196444e-01
9.239488357662637430e-01
9.239349984984724928e-01
9.239211601135859375e-01
9.239073206030177232e-01
9.238934799812503762e-01
9.238796382396976536e-01
9.238657953836131309e-01
9.238519514136377397e-01
9.238381063350231681e-01
9.238242601299646584e-01
9.238104128129380754e-01
9.237965643845842401e-01
9.237827148363239038e-01
9.237688641826278246e-01
9.237550124195264001e-01
9.237411595338352877e-01
9.237273055538455235e-01
9.237134504433349713e-01
9.236995942305918916e-01
9.236857369208616442e-01
9.236718781631236830e-01
9.236580180046874977e-01
9.236441567185107449e-01
9.236302943098294582e-01
9.236164307516467886e-01
9.236025660906393986e-01
9.235887002906039145e-01
9.235748333521751618e-01
9.235609652990012242e-01
9.235470961271077250e-01
9.235332258187174403e-01
9.235193543836682784e-01
9.235054818225919560e-01
9.234916081453213854e-01
9.234777333386864351e-01
9.234638574079198081e-01
9.234499803490553438e-01
9.234361021811202663e-01
9.234222228725562642e-01
9.234083424469886614e-01
9.233944609004516302e-01
9.233805782243836857e-01
9.233666944240157548e-01
9.233528095137689684e-01
9.233389234804865175e-01
9.233250363156118024e-01
9.233111480519431424e-01
9.232972586579479835e-01
9.232833681342632604e-01
9.232694764998973236e-01
9.232555837371101415e-01
9.232416898603146294e-01
9.232277948793267131e-01
9.232138987534530550e-01
9.232000015108812185e-01
9.231861031706058984e-01
9.231722037011251825e-01
9.231583031168455467e-01
9.231444014229891470e-01
9.231304985972447197e-01
9.231165946631921804e-01
9.231026896122882519e-01
9.230887834543420878e-01
9.230748761716380812e-01
9.230609677831594917e-01
9.230470582711944871e-01
9.230331476409658897e-01
9.230192359068650765e-01
9.230053230466006564e-01
9.229914090837324503e-01
9.229774940143086193e-01
9.229635778206295438e-01
9.229496605216649385e-01
9.229357421180484078e-01
9.229218225875035486e-01
9.229079019535777473e-01
9.228939802077421595e-01
9.228800573552133901e-01
9.228661333783055865e-01
9.228522083142964849e-01
9.228382821317602236e-01
9.228243548313352917e-01
9.228104264228179643e-01
9.227964969114211824e-01
9.227825659634442124e-01
9.227686336253694277e-01
9.227547001539208038e-01
9.227407655634554118e-01
9.227268298545969749e-01
9.227128930142435292e-01
9.226989550475975799e-01
9.226850159598604106e-01
9.226710757516572992e-01
9.226571344190399593e-01
9.226431919717812402e-01
9.226292483922138299e-01
9.226153036809673358e-01
9.226013578615299693e-01
9.225874109162389702e-01
9.225734628411509375e-01
9.225595136460362777e-01
9.225455633360917229e-01
9.225316119028026396e-01
9.225176593513666479e-01
9.225037056869789254e-01
9.224897508965594906e-01
9.224757949898736431e-01
9.224618379629798692e-01
9.224478798165067772e-01
9.224339205556477683e-01
9.224199601810301186e-01
9.224059986795829502e-01
9.223920360701973742e-01
9.223780723352399402e-01
9.223641074799052708e-01
9.223501415093859901e-01
9.223361744334372947e-01
9.223222062298690460e-01
9.223082369221258237e-01
9.222942664880218189e-01
9.222802949418744678e-01
9.222663222888718426e-01
9.222523485205198490e-01
9.222383736237657059e-01
9.222243976266019105e-01
9.222104205205351457e-01
9.221964422925157390e-01
9.221824629568509124e-01
9.221684825050523449e-01
9.221545009377504210e-01
9.221405182646899013e-01
9.221265344773850181e-01
9.221125495810222894e-01
9.220985635853427009e-01
9.220845764727505500e-01
9.220705882529874886e-01
9.220565989175735222e-01
9.220426084716942805e-01
9.220286169205341720e-01
9.220146242692749405e-01
9.220006305094388122e-01
9.219866356279986519e-01
9.219726396529006607e-01
9.219586425711167044e-01
9.219446443696237559e-01
9.219306450718091073e-01
9.219166446646497315e-01
9.219026431533273724e-01
9.218886402348908105e-01
9.218746359095223442e-01
9.218606304542995566e-01
9.218466238925862033e-01
9.218326162022595360e-01
9.218186073793944724e-01
9.218045974428022982e-01
9.217905863840080150e-01
9.217765742036333476e-01
9.217625609068444970e-01
9.217485464988063315e-01
9.217345309574141998e-01
9.217205143014697288e-01
9.217064965225045814e-01
9.216924776165986710e-01
9.216784576161752840e-01
9.216644364900518083e-01
9.216504142297676783e-01
9.216363908677405181e-01
9.216223663818813305e-01
9.216083407773543179e-01
9.215943140638624964e-01
9.215802862329460776e-01
9.215662572806874175e-01
9.215522272167884221e-01
9.215381960373311143e-01
9.215241637429381072e-01
9.215101303433067548e-01
9.214960958209077457e-01
9.214820601763658026e-01
9.214680234239152057e-01
9.214539855596406426e-01
9.214399465750934271e-01
9.214259064845033986e-01
9.214118652839571322e-01
9.213978229695423128e-01
9.213837795464165925e-01
9.213697350197347369e-01
9.213556893583885188e-01
9.213416426037986939e-01
9.213275947339243377e-01
9.213135457493900615e-01
9.212994956598828944e-01
9.212854444660245612e-01
9.212713921593774780e-01
9.212573387450954110e-01
9.212432842192730398e-01
9.212292285870635755e-01
9.212151718536192302e-01
9.212011140105056395e-01
9.211870550492928800e-01
9.211729949932436767e-01
9.211589338203451938e-01
9.211448715448038449e-01
9.211308081536654369e-01
9.211167436611333859e-01
9.211026780678311932e-01
9.210886113698575350e-01
9.210745435723610708e-01
9.210604746578708868e-01
9.210464046586779308e-01
9.210323335392194277e-01
9.210182613272590579e-01
9.210041880053316810e-01
9.209901132737347007e-01
9.209760371502206944e-01
9.209619599093588072e-01
9.209478815472428304e-01
9.209338020690083226e-01
9.209197214752693483e-01
9.209056397576023123e-01
9.208915569256616029e-01
9.208774729800608405e-01
9.208633879078617079e-01
9.208493017232339817e-01
9.208352144222747837e-01
9.208211259965667361e-01
9.208070364467286772e-01
9.207929458049874949e-01
9.207788540403458732e-01
9.207647611579368174e-01
9.207506671583769453e-01
9.207365720422835409e-01
9.207224758147861676e-01
9.207083784765009993e-01
9.206942800235302649e-01
9.206801804429550762e-01
9.206660797714892874e-01
9.206519779871865650e-01
9.206378750816424095e-01
9.206237710599864954e-01
9.206096659228366619e-01
9.205955596708115252e-01
9.205814523180555486e-01
9.205673438561661204e-01
9.205532342857597472e-01
9.205391236029452084e-01
9.205250118128484038e-01
9.205108989070716063e-01
9.204967848952472220e-01
9.204826697644739042e-01
9.204685535288890108e-01
9.204544361891092707e-01
9.204403177412465720e-01
9.204261981859187536e-01
9.204120775237436547e-01
9.203979557598431782e-01
9.203838328813243042e-01
9.203697089023157307e-01
9.203555838189318994e-01
9.203414576272885839e-01
9.203273303325067989e-01
9.203132019307034284e-01
9.202990724179971327e-01
9.202849418040084384e-01
9.202708100938546965e-01
9.202566772791545002e-01
9.202425433605266880e-01
9.202284083385904312e-01
9.202142722049697632e-01
9.202001349782753525e-01
9.201859966456332751e-01
9.201718572076638125e-01
9.201577166784755679e-01
9.201435750496939070e-01
9.201294323129476371e-01
9.201152884823424749e-01
9.201011435405190841e-01
9.200869971954799276e-01
9.200728494733581009e-01
9.200587006372413779e-01
9.200445506697670917e-01
9.200303996029961517e-01
9.200162474150739289e-01
9.200020941066114899e-01
9.199879396872029380e-01
9.199737841439850072e-01
9.199596274865510237e-01
9.199454697289805027e-01
9.199313108449430620e-01
9.199171508485202153e-01
9.199029897358332875e-01
9.198888275209577969e-01
9.198746641820633174e-01
9.198604997511740100e-01
9.198463341974877361e-01
9.198321675261040831e-01
9.198179997510944617e-01
9.198038308685815290e-01
9.197896608657203377e-01
9.197754897520942219e-01
9.197613175283140263e-01
9.197471442039593104e-01
9.197329697617051547e-01
9.197187942200970578e-01
9.197046175618136532e-01
9.196904398009153603e-01
9.196762609335307204e-01
9.196620809468266655e-01
9.196478998638231150e-01
9.196337176627259469e-01
9.196195343575910286e-01
9.196053499490295380e-01
9.195911644331731249e-01
9.195769778106348546e-01
9.195627900909835173e-01
9.195486012569178413e-01
9.195344113090528904e-01
9.195202202703883776e-01
9.195060281281037806e-01
9.194918348783350792e-01
9.194776405261720909e-01
9.194634450677519055e-01
9.194492484947385247e-01
9.194350508345947581e-01
9.194208520700334342e-01
9.194066521927209967e-01
9.193924512301127061e-01
9.193782491559807646e-01
9.193640459888307026e-01
9.193498417248019416e-01
9.193356363510922780e-01
9.193214298727893086e-01
9.193072223083901262e-01
9.192930136361540105e-01
9.192788038656365401e-01
9.192645929929821325e-01
9.192503810232743877e-01
9.192361679571273703e-01
9.192219538085587560e-01
9.192077385469048512e-01
9.191935221906534226e-01
9.191793044375456967e-01
9.191650853085990835e-01
9.191508650600246355e-01
9.191366436968948506e-01
9.191224212242792291e-01
9.191081976293870026e-01
9.190939729396121471e-01
9.190797471287701637e-01
9.190655202063965357e-01
9.190512921730950024e-01
9.190370630294708576e-01
9.190228327627423255e-01
9.190086013958270739e-01
9.189943689159429940e-01
9.189801353192351696e-01
9.189659006196928548e-01
9.189516648089995909e-01
9.189374278922203265e-01
9.189231898699603551e-01
9.189089507383656485e-01
9.188947104846665326e-01
9.188804691362211230e-01
9.188662266758014230e-01
9.188519831084720479e-01
9.188377384348384025e-01
9.188234926510504552e-01
9.188092457577157202e-01
9.187949977688076864e-01
9.187807486671095702e-01
9.187664984621388697e-01
9.187522471589559814e-01
9.187379947492581023e-01
9.187237412291990868e-01
9.187094866127459847e-01
9.186952308915987686e-01
9.186809740530083035e-01
9.186667161242954016e-01
9.186524570882583784e-01
9.186381969544076265e-01
9.186239357277994344e-01
9.186096733867881170e-01
9.185954099408839557e-01
9.185811453995940123e-01
9.185668797590750279e-01
9.185526130110377441e-01
9.185383451694352219e-01
9.185240762259782032e-01
9.185098061812758674e-01
9.184955350448291700e-01
9.184812628039056293e-01
9.184669894680059787e-01
9.184527150421832875e-01
9.184384395137082935e-01
9.184241628876348429e-01
9.184098851556838916e-01
9.183956063273527315e-01
9.183813264076933214e-01
9.183670453884269502e-01
9.183527632790482453e-01
9.183384800712799390e-01
9.183241957657317656e-01
9.183099103674544628e-01
9.182956238770560997e-01
9.182813362907047416e-01
9.182670473048907267e-01
9.182527569533454059e-01
9.182384654899142795e-01
9.182241729151967569e-01
9.182098792342308080e-01
9.181955844387393872e-01
9.181812885293232362e-01
9.181669915154572204e-01
9.181526934066128742e-01
9.181383941767689016e-01
9.181240938354000569e-01
9.181097923964135488e-01
9.180954898471014314e-01
9.180811861791954298e-01
9.180668814243381215e-01
9.180525755520874132e-01
9.180382685674803867e-01
9.180239604799845798e-01
9.180096512901999573e-01
9.179953409809971099e-01
9.179810295884340832e-01
9.179667170820867694e-01
9.179524034581277858e-01
9.179380887437439407e-01
9.179237729262419432e-01
9.179094560017933002e-01
9.178951379798583332e-01
9.178808188521789813e-01
9.178664986016435989e-01
9.178521772687106006e-01
9.178378548406931348e-01
9.178235312916281918e-01
9.178092066575360697e-01
9.177948809168823274e-01
9.177805540702703713e-01
9.177662261315793213e-01
9.177518970881339833e-01
9.177375669405369862e-01
9.177232356982401029e-01
9.177089033574203913e-01
9.176945699186793703e-01
9.176802353914645938e-01
9.176658997498409187e-01
9.176515630121035993e-01
9.176372251832756177e-01
9.176228862551154553e-01
9.176085462238052770e-01
9.175942051076310113e-01
9.175798628806720592e-01
9.175655195612136827e-01
9.175511751542766437e-01
9.175368296472052876e-01
9.175224830406036869e-01
9.175081353483304225e-01
9.174937865665678816e-01
9.174794366782501598e-01
9.174650857149000416e-01
9.174507336506185773e-01
9.174363804948425516e-01
9.174220262481754817e-01
9.174076709023900600e-01
9.173933144713350973e-01
9.173789569467846183e-01
9.173645983293424733e-01
9.173502383142683181e-01
9.173358769390306255e-01
9.173215144551298827e-01
9.173071508587485878e-01
9.172927861637174551e-01
9.172784203662170954e-01
9.172640534491973696e-01
9.172496854353087148e-01
9.172353163075028792e-01
9.172209460663766079e-01
9.172065747301639815e-01
9.171922022906390248e-01
9.171778287351710635e-01
9.171634540996221885e-01
9.171490783493199128e-01
9.171347014848620915e-01
9.171203235244739238e-01
9.171059444643425707e-01
9.170915642918442412e-01
9.170771830296048366e-01
9.170628006650005659e-01
9.170484171854129674e-01
9.170340326178672008e-01
9.170196469365317071e-01
9.170052601640232837e-01
9.169908722877255780e-01
9.169764833082354460e-01
9.169620932261497437e-01
9.169477020596722427e-01
9.169333097873879623e-01
9.169189164098947575e-01
9.169045219409927006e-01
9.168901263724751338e-01
9.168757296961393966e-01
9.168613319301823772e-01
9.168469330663999717e-01
9.168325331097879616e-01
9.168181320609412044e-01
9.168037299028646281e-01
9.167893266581450540e-01
9.167749223141862247e-01
9.167605168715857733e-01
9.167461103353375940e-01
9.167317027104340266e-01
9.167172939842849200e-01
9.167028841662789862e-01
9.166884732570126371e-01
9.166740612570826174e-01
9.166596481495115079e-01
9.166452339656523396e-01
9.166308186797420543e-01
9.166164022967731029e-01
9.166019848349122867e-01
9.165875662727960282e-01
9.165731466110246251e-01
9.165587258765424128e-01
9.165443040436007660e-01
9.165298811171896931e-01
9.165154571022977592e-01
9.165010320083002426e-01
9.164866058094616186e-01
9.164721785283249655e-01
9.164577501610992050e-01
9.164433207039943685e-01
9.164288898642091175e-01
9.164144576697503819e-01
9.164000243654121247e-01
9.163855899605567457e-01
9.163711544426157429e-01
9.163567178165661353e-01
9.163422800961525949e-01
9.163278412731928890e-01
9.163134013395096700e-01
9.162989603132275507e-01
9.162845181730189248e-01
9.162700749413892343e-01
9.162556306013971419e-01
9.162411851623974979e-01
9.162267386162169513e-01
9.162122909809709004e-01
9.161978422353439511e-01
9.161833923974489480e-01
9.161689414547351529e-01
9.161544894121733673e-01
9.161400362747331716e-01
9.161255820298681574e-01
9.161111267000613401e-01
9.160966702596340383e-01
9.160822127354434352e-01
9.160677541105691768e-01
9.160532943724730703e-01
9.160388335480074140e-01
9.160243716290082938e-01
9.160099086073156816e-01
9.159954444966471598e-01
9.159809792888427005e-01
9.159665129844940523e-01
9.159520455885665768e-01
9.159375770929037985e-01
9.159231074980987986e-01
9.159086368222342234e-01
9.158941650440372007e-01
9.158796921772169863e-01
9.158652182179927159e-01
9.158507431625850792e-01
9.158362670115867132e-01
9.158217897699605370e-01
9.158073114382978552e-01
9.157928320128212452e-01
9.157783515072290825e-01
9.157638699002694782e-01
9.157493871969049071e-01
9.157349034108319685e-01
9.157204185382740169e-01
9.157059325623556623e-01
9.156914455055042978e-01
9.156769573726765143e-01
9.156624681339027294e-01
9.156479778203359121e-01
9.156334864151065567e-01
9.156189939144440126e-01
9.156045003276712668e-01
9.155900056510173357e-01
9.155755098981651630e-01
9.155610130566169680e-01
9.155465151269668311e-01
9.155320161098082776e-01
9.155175160231806553e-01
9.155030145424734034e-01
9.154885117037977471e-01
9.154740077758332095e-01
9.154595027373607641e-01
9.154449965933265654e-01
9.154304893530347265e-01
9.154159810127091568e-01
9.154014715685763193e-01
9.153869610386532463e-01
9.153724494060900829e-01
9.153579366627587754e-01
9.153434228266739137e-01
9.153289078897055564e-01
9.153143918524394573e-01
9.152998747241720690e-01
9.152853564967760036e-01
9.152708371621278705e-01
9.152563167425863400e-01
9.152417952300255788e-01
9.152272726119696777e-01
9.152127489107715341e-01
9.151982241008969066e-01
9.151836982003438425e-01
9.151691712096968745e-01
9.151546431164856443e-01
9.151401139212975711e-01
9.151255836508247477e-01
9.151110522664955838e-01
9.150965198036997705e-01
9.150819862369226065e-01
9.150674515841489276e-01
9.150529158416147446e-01
9.150383790055566235e-01
9.150238410722134619e-01
9.150093020421732337e-01
9.149947619334112270e-01
9.149802207204309479e-01
9.149656784255536524e-01
9.149511350406713817e-01
9.149365905620254757e-01
9.149220449945484335e-01
9.149074983431713104e-01
9.148929505954470631e-01
9.148784017649954636e-01
9.148638518437153255e-01
9.148493008321940678e-01
9.148347487353620799e-01
9.148201955538053376e-01
9.148056412837688445e-01
9.147910859214989365e-01
9.147765294806071701e-01
9.147619719486568268e-01
9.147474133262367690e-01
9.147328536226151385e-01
9.147182928296999638e-01
9.147037309524188586e-01
9.146891680000361902e-01
9.146746039557847041e-01
9.146600388202543730e-01
9.146454726070472052e-01
9.146309053037382508e-01
9.146163369195909887e-01
9.146017674551927268e-01
9.145871969067950191e-01
9.145726249833932009e-01
9.145580517247676733e-01
9.145434773581710974e-01
9.145289018928544067e-01
9.145143253380644266e-01
9.144997476857111840e-01
9.144851689277079254e-01
9.144705890776341217e-01
9.144560081274037966e-01
9.144414260819289098e-01
9.144268429417891086e-01
9.144122587032327276e-01
9.143976733625095443e-01
9.143830869288612773e-01
9.143684994115274245e-01
9.143539107851081926e-01
9.143393210718324671e-01
9.143247302636212659e-01
9.143101383567264762e-01
9.142955453647138020e-01
9.142809512751786105e-01
9.142663560930297528e-01
9.142517598318271599e-01
9.142371624661906893e-01
9.142225640053556202e-01
9.142079644585549003e-01
9.141933638177170973e-01
9.141787620877483977e-01
9.141641592822022933e-01
9.141495553757121861e-01
9.141349503731858173e-01
9.141203442752054986e-01
9.141057371039673640e-01
9.140911288254701672e-01
9.140765194791967696e-01
9.140619090354724641e-01
9.140472974948814500e-01
9.140326848796103132e-01
9.140180711772767363e-01
9.140034563711826321e-01
9.139888404964697788e-01
9.139742235321193231e-01
9.139596054743954756e-01
9.139449863411553965e-01
9.139303661157061054e-01
9.139157448029492370e-01
9.139011224121014187e-01
9.138864989264765537e-01
9.138718743596075944e-01
9.138572487120764087e-01
9.138426219715181098e-01
9.138279941514626525e-01
9.138133652568061205e-01
9.137987352751856251e-01
9.137841042028714833e-01
9.137694720620156419e-01
9.137548388316316661e-01
9.137402045123046435e-01
9.137255691348051823e-01
9.137109326565915346e-01
9.136962950998088751e-01
9.136816564822838327e-01
9.136670167744203042e-01
9.136523759811139289e-01
9.136377338187091635e-01
9.136230903176910667e-01
9.136084457160857930e-01
9.135938000317037622e-01
9.135791532521913005e-01
9.135645053608902888e-01
9.135498563842260333e-01
9.135352063141559675e-01
9.135205551383340783e-01
9.135059028831766792e-01
9.134912495277248690e-01
9.134765950811665203e-01
9.134619395483809523e-01
9.134472829170277031e-01
9.134326251919868689e-01
9.134179663910508840e-01
9.134033064846650563e-01
9.133886454863178184e-01
9.133739834051908257e-01
9.133593202289493895e-01
9.133446559624726069e-01
9.133299906106373545e-01
9.133153241611144946e-01
9.133006566316853592e-01
9.132859880100211436e-01
9.132713182923989370e-01
9.132566474879953988e-01
9.132419756102845287e-01
9.132273026383432857e-01
9.132126285770477692e-01
9.131979534355714190e-01
9.131832772015949784e-01
9.131685998713988672e-01
9.131539214670465476e-01
9.131392419805182126e-01
9.131245613952048146e-01
9.131098797374603837e-01
9.130951969863815298e-01
9.130805131468422431e-01
9.130658282323036445e-01
9.130511422304574687e-01
9.130364551418815866e-01
9.130217669886202536e-01
9.130070777411943839e-01
9.129923874130622119e-01
9.129776959962151439e-01
9.129630035083998729e-01
9.129483099287329928e-01
9.129336152835406670e-01
9.129189195433617954e-01
9.129042227216478400e-01
9.128895248275561425e-01
9.128748258530831050e-01
9.128601257859392248e-01
9.128454246481487733e-01
9.128307224274224696e-01
9.128160191286266434e-01
9.128013147523387216e-01
9.127866092905626560e-01
9.127719027567376964e-01
9.127571951557270635e-01
9.127424864666758841e-01
9.127277766944512649e-01
9.127130658610586034e-01
9.126983536515391737e-01
9.126836401086276807e-01
9.126689254895493653e-01
9.126542097648832064e-01
9.126394929437694481e-01
9.126247750439097084e-01
9.126100560530231443e-01
9.125953359588330205e-01
9.125806147833201987e-01
9.125658925142092759e-01
9.125511691477892207e-01
9.125364447103155863e-01
9.125217191723915544e-01
9.125069925388709091e-01
9.124922648317216334e-01
9.124775360258359225e-01
9.124628061303444726e-01
9.124480751500958498e-01
9.124333430856594873e-01
9.124186099290501062e-01
9.124038756893937396e-01
9.123891403501533937e-01
9.123744039247317916e-01
9.123596664308026849e-01
9.123449278432796961e-01
9.123301881712856387e-01
9.123154474239408840e-01
9.123007055847159874e-01
9.122859626584578496e-01
9.122712186457386796e-01
9.122564735556760729e-01
9.122417273760214940e-01
9.122269801116198451e-01
9.122122317673151404e-01
9.121974823351345352e-01
9.121827318327356826e-01
9.121679802393329872e-01
9.121532275725814376e-01
9.121384738245112977e-01
9.121237189914237486e-01
9.121089630696230799e-01
9.120942060724892553e-01
9.120794479920559805e-01
9.120646888331643831e-01
9.120499286006535922e-01
9.120351672822919475e-01
9.120204048871874969e-01
9.120056414201781481e-01
9.119908768647699837e-01
9.119761112258039093e-01
9.119613445251802952e-01
9.119465767421421898e-01
9.119318078772642444e-01
9.119170379439123231e-01
9.119022669341289022e-01
9.118874948442241557e-01
9.118727216875601727e-01
9.118579474519198369e-01
9.118431721336148765e-01
9.118283957502670845e-01
9.118136182854017502e-01
9.117988397310712312e-01
9.117840601176776527e-01
9.117692794330091166e-01
9.117544973822950816e-01
9.117397140075965689e-01
9.117249295510385654e-01
9.117101439961485809e-01
9.116953573647857967e-01
9.116805696319634222e-01
9.116657808152804909e-01
9.116509909195575911e-01
9.116361999198164812e-01
9.116214078464217607e-01
9.116066146786542257e-01
9.115918204170814221e-01
9.115770250707802003e-01
9.115622286488259673e-01
9.115474311305086230e-01
9.115326325291578380e-01
9.115178328453394929e-01
9.115030320838710676e-01
9.114882302283042748e-01
9.114734273004705400e-01
9.114586232839232416e-01
9.114438181834811914e-01
9.114290119954588931e-01
9.114142047204233377e-01
9.113993963589414049e-01
9.113845869328315308e-01
9.113697764214058195e-01
9.113549648167316164e-01
9.113401521448731835e-01
9.113253383809006847e-01
9.113105235381276925e-01
9.112957076171206428e-01
9.112808906141977028e-01
9.112660725341727996e-01
9.112512533733645448e-01
9.112364331365869763e-01
9.112216118201592607e-01
9.112067894288941039e-01
9.111919659548665118e-01
9.111771414028893012e-01
9.111623157777744009e-01
9.111474890715987041e-01
9.111326612891741394e-01
9.111178324268240925e-01
9.111030024851166642e-01
9.110881714646199558e-01
9.110733393701434535e-01
9.110585062064964212e-01
9.110436719530372596e-01
9.110288366357830458e-01
9.110140002468176679e-01
9.109991627824671756e-01
9.109843242475396119e-01
9.109694846341223062e-01
9.109546439385457495e-01
9.109398021825730885e-01
9.109249593413393242e-01
9.109101154238913312e-01
9.108952704477484286e-01
9.108804244007632223e-01
9.108655772707936471e-01
9.108507290795927469e-01
9.108358798107819565e-01
9.108210294734024881e-01
9.108061777884053356e-01
9.107913247760124342e-01
9.107764706761213302e-01
9.107616154892929083e-01
9.107467592203205564e-01
9.107319018612968220e-01
9.107170434339481035e-01
9.107021839134341601e-01
9.106873233003169865e-01
9.106724616078544221e-01
9.106575988323750703e-01
9.106427349744379285e-01
9.106278700388341640e-01
9.106130040092015321e-01
9.105981369030229367e-01
9.105832687208579301e-01
9.105683994505769929e-01
9.105535290885145017e-01
9.105386576648322183e-01
9.105237851504895952e-01
9.105089115418221191e-01
9.104940368689860009e-01
9.104791611156294318e-01
9.104642842780874545e-01
9.104494063611483501e-01
9.104345273695990670e-01
9.104196472870977885e-01
9.104047661395591184e-01
9.103898839064179516e-01
9.103750005966855241e-01
9.103601162066994323e-01
9.103452307412452926e-01
9.103303441966612564e-01
9.103154565861770742e-01
9.103005678976849868e-01
9.102856781275248110e-01
9.102707872847033421e-01
9.102558953571178169e-01
9.102410023453326726e-01
9.102261082836757833e-01
9.102112131347217527e-01
9.101963169032560863e-01
9.101814196067201657e-01
9.101665212414549178e-01
9.101516217911469475e-01
9.101367212732347500e-01
9.101218196798432913e-01
9.101069170199708180e-01
9.100920132899610326e-01
9.100771084903759300e-01
9.100622026091289563e-01
9.100472956636491695e-01
9.100323876502813825e-01
9.100174785527277432e-01
9.100025683926279418e-01
9.099876571705431960e-01
9.099727448659644669e-01
9.099578315005258933e-01
9.099429170579357296e-01
9.099280015513977471e-01
9.099130849814737187e-01
9.098981673318776719e-01
9.098832486200224556e-01
9.098683288422588777e-01
9.098534077098108241e-01
9.098384852676417722e-01
9.098235617365969530e-01
9.098086371214429979e-01
9.097937114227361288e-01
9.097787846536580236e-01
9.097638568021354510e-01
9.097489278560987325e-01
9.097339978413544470e-01
9.097190667374162043e-01
9.097041345574645721e-01
9.096892013020525525e-01
9.096742669633223199e-01
9.096593315334181584e-01
9.096443950339271334e-01
9.096294574527868937e-01
9.096145187947585198e-01
9.095995790561928196e-01
9.095846382502590366e-01
9.095696963564909865e-01
9.095547533838548304e-01
9.095398093329064571e-01
9.095248642042027543e-01
9.095099180025023600e-01
9.094949707199564415e-01
9.094800223613246359e-01
9.094650729313638049e-01
9.094501224222286684e-01
9.094351708386763100e-01
9.094202181896636761e-01
9.094052644631460680e-01
9.093903096554810661e-01
9.093753537756256167e-01
9.093603968157391026e-01
9.093454387805779415e-01
9.093304796916887867e-01
9.093155195244388977e-01
9.093005582751898519e-01
9.092855959612879957e-01
9.092706325790920197e-01
9.092556681165708810e-01
9.092407025868707304e-01
9.092257359779625236e-01
9.092107683029897469e-01
9.091957995541204429e-01
9.091808297403008998e-01
9.091658588495064031e-01
9.091508868906833518e-01
9.091359138727743705e-01
9.091209397837576311e-01
9.091059646283833340e-01
9.090909884030171639e-01
9.090760111082174522e-01
9.090610327487338438e-01
9.090460533125519493e-01
9.090310728128027096e-01
9.090160912542335492e-01
9.090011086164531129e-01
9.089861249167795476e-01
9.089711401599589458e-01
9.089561543339824690e-01
9.089411674394092255e-01
9.089261794809867512e-01
9.089111904550860599e-01
9.088962000842566447e-01
9.088812084128026214e-01
9.088662156510984858e-01
9.088512218122549724e-01
9.088362269010072936e-01
9.088212309095341501e-01
9.088062338383864347e-01
9.087912356922990265e-01
9.087762364634544010e-01
9.087612361524037841e-01
9.087462347680665964e-01
9.087312323068088560e-01
9.087162287649993564e-01
9.087012241515541877e-01
9.086862184628414774e-01
9.086712116952301299e-01
9.086562038618157811e-01
9.086411949422436019e-01
9.086261849454284611e-01
9.086111738761015744e-01
9.085961617306346216e-01
9.085811485095796058e-01
9.085661342218457337e-01
9.085511188554471484e-01
9.085361024109377404e-01
9.085210848972247177e-01
9.085060663065047670e-01
9.084910466518618666e-01
9.084760259254915926e-01
9.084610041362988220e-01
9.084459812597784900e-01
9.084309573257142167e-01
9.084159323054296076e-01
9.084009062245285149e-01
9.083858790835608321e-01
9.083708508622061473e-01
9.083558215651931222e-01
9.083407912097690717e-01
9.083257597756184687e-01
9.083107272674698640e-01
9.082956937025645772e-01
9.082806590605940755e-01
9.082656233546271274e-01
9.082505865810441836e-01
9.082355487403988015e-01
9.082205098290729861e-01
9.082054698559604011e-01
9.081904288132738312e-01
9.081753867057361651e-01
9.081603435255630741e-01
9.081452992899821108e-01
9.081302539828723930e-01
9.081152076131240314e-01
9.081001601854565841e-01
9.080851116795880529e-01
9.080700621169073283e-01
9.080550114896345226e-01
9.080399597983225268e-01
9.080249070393602295e-01
9.080098532299621938e-01
9.079947983456915228e-01
9.079797424037620024e-01
9.079646854088898600e-01
9.079496273449729760e-01
9.079345679457577756e-01
9.079195072382466591e-01
9.079044454516023155e-01
9.078893826030197678e-01
9.078743186639087748e-01
9.078592536556258086e-01
9.078441875745544287e-01
9.078291204087578503e-01
9.078140521671050900e-01
9.077989828584624998e-01
9.077839124833734230e-01
9.077688410132692676e-01
9.077537684861299860e-01
9.077386948817055545e-01
9.077236202005435350e-01
9.077085444515068380e-01
9.076934676268255675e-01
9.076783897270477297e-01
9.076633107610332374e-01
9.076482307251714232e-01
9.076331496116968323e-01
9.076180674336242760e-01
9.076029841831886324e-01
9.075878998650921403e-01
9.075728144715720092e-01
9.075577280073310327e-01
9.075426404646094181e-01
9.075275518564156485e-01
9.075124621791437196e-01
9.074973714374927614e-01
9.074822796361614596e-01
9.074671867549360949e-01
9.074520928068214864e-01
9.074369977965153211e-01
9.074219017245640506e-01
9.074068045790631976e-01
9.073917063688617946e-01
9.073766070903573899e-01
9.073615067440986559e-01
9.073464053347821689e-01
9.073313028588066986e-01
9.073161993167208061e-01
9.073010947132205128e-01
9.072859890447051434e-01
9.072708823117231480e-01
9.072557745148229769e-01
9.072406656545524140e-01
9.072255557273145588e-01
9.072104447460940246e-01
9.071953326865672684e-01
9.071802195658655865e-01
9.071651053969689293e-01
9.071499901638477859e-01
9.071348738629070318e-01
9.071197564988405793e-01
9.071046380846259360e-01
9.070895185959542140e-01
9.070743980582305355e-01
9.070592764512923623e-01
9.070441537798321630e-01
9.070290300609642475e-01
9.070139052745316288e-01
9.069987794293655758e-01
9.069836525260156490e-01
9.069685242968785754e-01
9.069533947559933473e-01
9.069382641469536654e-01
9.069231324744371214e-01
9.069079997224308576e-01
9.068928659038900664e-01
9.068777310152178472e-01
9.068625950445439177e-01
9.068474580048222489e-01
9.068323198965934084e-01
9.068171807079907776e-01
9.068020404643711840e-01
9.067868991373266851e-01
9.067717567398061451e-01
9.067566132847550975e-01
9.067414687520413130e-01
9.067263231463431605e-01
9.067111764764694826e-01
9.066960287346956804e-01
9.066808799215642090e-01
9.066657300541471898e-01
9.066505791123234959e-01
9.066354270925059966e-01
9.066202740117637049e-01
9.066051198706376324e-01
9.065899646531467848e-01
9.065748083722261486e-01
9.065596510201581193e-01
9.065444926016157368e-01
9.065293331253998499e-01
9.065141725796657113e-01
9.064990109649564420e-01
9.064838482900718919e-01
9.064686845555540717e-01
9.064535197536897071e-01
9.064383538932765383e-01
9.064231869666034003e-01
9.064080189700878254e-01
9.063928499249032100e-01
9.063776798068370333e-01
9.063625086329352154e-01
9.063473363913655545e-01
9.063321630909209059e-01
9.063169887197730645e-01
9.063018132949614003e-01
9.062866368129041117e-01
9.062714592700217286e-01
9.062562806668572613e-01
9.062411009998330158e-01
9.062259202653716317e-01
9.062107384887465589e-01
9.061955556375305143e-01
9.061803717246326162e-01
9.061651867588378373e-01
9.061500007365690390e-01
9.061348136542506371e-01
9.061196255165459013e-01
9.061044363157614301e-01
9.060892460689162764e-01
9.060740547641978893e-01
9.060588624021507220e-01
9.060436689792022991e-01
9.060284745082491931e-01
9.060132789774840711e-01
9.059980821220907643e-01
9.059828839803466538e-01
9.059676847565913960e-01
9.059524844637105723e-01
9.059372831104699486e-01
9.059220806809460402e-01
9.059068771839056122e-01
9.058916726239992778e-01
9.058764669853082152e-01
9.058612602683723258e-01
9.058460524984071061e-01
9.058308436594968427e-01
9.058156337562905946e-01
9.058004227852131107e-01
9.057852107509134498e-01
9.057699976333730696e-01
9.057547834660183428e-01
9.057395682206110799e-01
9.057243519100209861e-01
9.057091345388952330e-01
9.056939160995520766e-01
9.056786965884207063e-01
9.056634760265831474e-01
9.056482543940328478e-01
9.056330317036325184e-01
9.056178079518110158e-01
9.056025831349987509e-01
9.055873572455215292e-01
9.055721302962373986e-01
9.055569022876845953e-01
9.055416732162944182e-01
9.055264430867107084e-01
9.055112118912608254e-01
9.054959796386932158e-01
9.054807463295444503e-01
9.054655119479383396e-01
9.054502765108285445e-01
9.054350400228555751e-01
9.054198024640429665e-01
9.054045638513406047e-01
9.053893241770818445e-01
9.053740834459080844e-01
9.053588416460539579e-01
9.053435987985645195e-01
9.053283548957750115e-01
9.053131099259240644e-01
9.052978639018515183e-01
9.052826168199964441e-01
9.052673686686015797e-01
9.052521194809974858e-01
9.052368692290306829e-01
9.052216179255362372e-01
9.052063655669545517e-01
9.051911121456308607e-01
9.051758576662032318e-01
9.051606021374045685e-01
9.051453455474849363e-01
9.051300879092726293e-01
9.051148292233057724e-01
9.050995694737424824e-01
9.050843086775034463e-01
9.050690468228443919e-01
9.050537839144001673e-01
9.050385199608979025e-01
9.050232546961796132e-01
9.050079881333746856e-01
9.049927204953112092e-01
9.049774518070763385e-01
9.049621820446471787e-01
9.049469112085583022e-01
9.049316393197991415e-01
9.049163663543544622e-01
9.049010923209398483e-01
9.048858172282682188e-01
9.048705410768712598e-01
9.048552638509226309e-01
9.048399855673131542e-01
9.048247062183965017e-01
9.048094258006177393e-01
9.047941443226865665e-01
9.047788617892227325e-01
9.047635781884953987e-01
9.047482935251260905e-01
9.047330077996470488e-01
9.047177210044197171e-01
9.047024331481502424e-01
9.046871442354574855e-01
9.046718542546179354e-01
9.046565632265899382e-01
9.046412711314819610e-01
9.046259779739129758e-01
9.046106837625841335e-01
9.045953884898610964e-01
9.045800921481119694e-01
9.045647947582853288e-01
9.045494963005011879e-01
9.045341967875411004e-01
9.045188962281005551e-01
9.045035946104674762e-01
9.044882919147723133e-01
9.044729881782770375e-01
9.044576833892712386e-01
9.044423775319698766e-01
9.044270706232269141e-01
9.044117626554168954e-01
9.043964536331536852e-01
9.043811435528930076e-01
9.043658324151694350e-01
9.043505202327504211e-01
9.043352069980135077e-01
9.043198927033391232e-01
9.043045773533394671e-01
9.042892609444735941e-01
9.042739434895037398e-01
9.042586249808126642e-01
9.042433054230101241e-01
9.042279848044059154e-01
9.042126631296111272e-01
9.041973404195311481e-01
9.041820166461818076e-01
9.041666918182476032e-01
9.041513659484822218e-01
9.041360390252017876e-01
9.041207110367253108e-01
9.041053820080223735e-01
9.040900519396253276e-01
9.040747208117118072e-01
9.040593886411024682e-01
9.040440551562493043e-01
9.040287203820516204e-01
9.040133845473984353e-01
9.039980476406086485e-01
9.039827096703504372e-01
9.039673706493572825e-01
9.039520305537445122e-01
9.039366894003143527e-01
9.039213471855261917e-01
9.039060039099079402e-01
9.038906595699203184e-01
9.038753141782913669e-01
9.038599677111502917e-01
9.038446201893580723e-01
9.038292716093756507e-01
9.038139219676656344e-01
9.037985712688216822e-01
9.037832195133713720e-01
9.037678666937145611e-01
9.037525128063172986e-01
9.037371578760899915e-01
9.037218018832429145e-01
9.037064448242426717e-01
9.036910867199313691e-01
9.036757275545871382e-01
9.036603673246781376e-01
9.036450060388575567e-01
9.036296437057753650e-01
9.036142803015957403e-01
9.035989158512121033e-01
9.035835503470309726e-01
9.035681837814626416e-01
9.035528161712736983e-01
9.035374475007560413e-01
9.035220777744987775e-01
9.035067069930310391e-01
9.034913351568831796e-01
9.034759622544124014e-01
9.034605883104931401e-01
9.034452133094255100e-01
9.034298372598525972e-01
9.034144601582471124e-01
9.033990820091939433e-01
9.033837027929458863e-01
9.033683225343656087e-01
9.033529412177625506e-01
9.033375588517765786e-01
9.033221754450442287e-01
9.033067909818801589e-01
9.032914054668683690e-01
9.032760189045923038e-01
9.032606312874766896e-01
9.032452426160531012e-01
9.032298529111109087e-01
9.032144621569716536e-01
9.031990703460639480e-01
9.031836774951222946e-01
9.031682835965748612e-01
9.031528886428522584e-01
9.031374926425862482e-01
9.031220955922580895e-01
9.031066974964476746e-01
9.030912983597340071e-01
9.030758981745503622e-01
9.030604966802108224e-01
9.030450939051656301e-01
9.030296900681019645e-01
9.030142851735901699e-01
9.029988792261992581e-01
9.029834722224048260e-01
9.029680641425005261e-01
9.029526550112866312e-01
9.029372448211946400e-01
9.029218335687030361e-01
9.029064212624255958e-01
9.028910078947963713e-01
9.028755934663400540e-01
9.028601779856678666e-01
9.028447614492591811e-01
9.028293438535949234e-01
9.028139252072839849e-01
9.027985054906400020e-01
9.027830847203561770e-01
9.027676629090790605e-01
9.027522400371255085e-01
9.027368161009806657e-01
9.027213911132909718e-01
9.027059650745800079e-01
9.026905379813316976e-01
9.026751098421484931e-01
9.026596806373592408e-01
9.026442503755685021e-01
9.026288190653775079e-01
9.026133867032715141e-01
9.025979532897756563e-01
9.025825188334873905e-01
9.025670833147466654e-01
9.025516467421530464e-01
9.025362091283395394e-01
9.025207704576867496e-01
9.025053307347554732e-01
9.024898899641065064e-01
9.024744481422295461e-01
9.024590052656152883e-01
9.024435613347908669e-01
9.024281163664157335e-01
9.024126703448797082e-01
9.023972232747421440e-01
9.023817751605605064e-01
9.023663259826992800e-01
9.023508757699090221e-01
9.023354245065866586e-01
9.023199721932586570e-01
9.023045188425429242e-01
9.022890644348114941e-01
9.022736089826819406e-01
9.022581524826505106e-01
9.022426949352431169e-01
9.022272363369572279e-01
9.022117767084620876e-01
9.021963160301393891e-01
9.021808542944608211e-01
9.021653915301477422e-01
9.021499277175861753e-01
9.021344628492506956e-01
9.021189969417753307e-01
9.021035299956853271e-01
9.020880619994290361e-01
9.020725927111152842e-01
9.020571221425772723e-01
9.020416505144868147e-01
9.020261778354120574e-01
9.020107040978220247e-01
9.019952293062600823e-01
9.019797534612447043e-01
9.019642765552478014e-01
9.019487985928130724e-01
9.019333195825038896e-01
9.019178395047282581e-01
9.019023583801161204e-01
9.018868761971214898e-01
9.018713929643065175e-01
9.018559086741478881e-01
9.018404233392269820e-01
9.018249369439813590e-01
9.018094494849129283e-01
9.017939609826401970e-01
9.017784714296421811e-01
9.017629808184015605e-01
9.017474891614937205e-01
9.017319964514014519e-01
9.017165026846276632e-01
9.017010078737449641e-01
9.016855120112374777e-01
9.016700150976262318e-01
9.016545171374468204e-01
9.016390181191716868e-01
9.016235180553688888e-01
9.016080169425425561e-01
9.015925147771983728e-01
9.015770115598573664e-01
9.015615073111109545e-01
9.015460019993654095e-01
9.015304956492251609e-01
9.015149882451563013e-01
9.014994797876816346e-01
9.014839702933712395e-01
9.014684597547198974e-01
9.014529481642243880e-01
9.014374355224070712e-01
9.014219218378117793e-01
9.014064071029375125e-01
9.013908913303363413e-01
9.013753745084983615e-01
9.013598566339361406e-01
9.013443377232087661e-01
9.013288177728269179e-01
9.013132967752937041e-01
9.012977747351385016e-01
9.012822516528830041e-01
9.012667275250406673e-01
9.012512023521336291e-01
9.012356761426967289e-01
9.012201488852311648e-01
9.012046205882721095e-01
9.011890912523399244e-01
9.011735608659403596e-01
9.011580294416117187e-01
9.011424969798750295e-01
9.011269634772465231e-01
9.011114289262408539e-01
9.010958933393925507e-01
9.010803564613689698e-01
9.010648183075947726e-01
9.010492791046990080e-01
9.010337388491924671e-01
9.010181975335855853e-01
9.010026551784029447e-01
9.009871117601478963e-01
9.009715672913404250e-01
9.009560217724948972e-01
9.009404751961254121e-01
9.009249275747472918e-01
9.009093789048743250e-01
9.008938291830217437e-01
9.008782783937092642e-01
9.008627265614472801e-01
9.008471736827503573e-01
9.008316197501373690e-01
9.008160647681220379e-01
9.008005087452133353e-01
9.007849516619409469e-01
9.007693935348084491e-01
9.007538343643303191e-01
9.007382741390325132e-01
9.007227128714193620e-01
9.007071505460239047e-01
9.006915871753493619e-01
9.006760227599097668e-01
9.006604572962270128e-01
9.006448907888100486e-01
9.006293232381743508e-01
9.006137546408420347e-01
9.005981849933359928e-01
9.005826143081503421e-01
9.005670425698314441e-01
9.005514697828889137e-01
9.005358959598130930e-01
9.005203210851548956e-01
9.005047451714034423e-01
9.004891682110935935e-01
9.004735902047424911e-01
9.004580111488766914e-01
9.004424310639607132e-01
9.004268499305631002e-01
9.004112677531902476e-01
9.003956845363469963e-01
9.003801002765621231e-01
9.003645149743515486e-01
9.003489286382069245e-01
9.003333412447223072e-01
9.003177528183370359e-01
9.003021633595662543e-01
9.002865728450099025e-01
9.002709812911307008e-01
9.002553887064155269e-01
9.002397950754400524e-01
9.002242003987234176e-01
9.002086046967043842e-01
9.001930079579458788e-01
9.001774101749973056e-01
9.001618113643101715e-01
9.001462115104678086e-01
9.001306106100073201e-01
9.001150086873398459e-01
9.000994057151080474e-01
9.000838014605294646e-01
9.000681959425793632e-01
9.000525893698869684e-01
9.000369817429626496e-01
9.000213730742582241e-01
9.000057633523428358e-01
8.999901525777275202e-01
8.999745407628604310e-01
8.999589278963140426e-01
8.999433139785992797e-01
8.999276990142051069e-01
8.999120829956868128e-01
8.998964659195787252e-01
8.998808478182100945e-01
8.998652286602728534e-01
8.998496084462799249e-01
8.998339871926486211e-01
8.998183648919364508e-01
8.998027415406791851e-01
8.997871171552890290e-01
8.997714917124259859e-01
8.997558652245269961e-01
8.997402376960769166e-01
8.997246091156653192e-01
8.997089794917515482e-01
8.996933488367647724e-01
8.996777171353236291e-01
8.996620843760227970e-01
8.996464505871807349e-01
8.996308157534187444e-01
8.996151798633358343e-01
8.995995429333298876e-01
