shape_index,x,previous_h,smooth_h,previous_dh_dx,smooth_dh_dx,physical_y_over_A
0.000000000000000000e+00,2.799999999999999822e+00,1.002196485976858105e-04,1.002196485976858105e-04,-1.003587484541315747e-04,-1.003587484541315747e-04,5.725691580752704157e-04
0.000000000000000000e+00,2.803999999999999826e+00,9.981929439329602382e-05,9.981929439329602382e-05,-9.981895507757582197e-05,-9.981895507757582197e-05,5.694980397441397162e-04
0.000000000000000000e+00,2.807999999999999829e+00,9.942109216539918239e-05,9.942109216539918239e-05,-9.928275545922064143e-05,-9.928275545922064143e-05,5.664432769427775460e-04
0.000000000000000000e+00,2.811999999999999833e+00,9.902502759577026803e-05,9.902502759577026803e-05,-9.875012123844480855e-05,-9.875012123844480855e-05,5.634047546489160448e-04
0.000000000000000000e+00,2.815999999999999837e+00,9.863108647910952959e-05,9.863108647910952959e-05,-9.822102431277250547e-05,-9.822102431277250547e-05,5.603823587192438734e-04
0.000000000000000000e+00,2.819999999999999840e+00,9.823925472201518779e-05,9.823925472201518779e-05,-9.769543683521457261e-05,-9.769543683521457261e-05,5.573759758809441241e-04
0.000000000000000000e+00,2.823999999999999844e+00,9.784951834196695510e-05,9.784951834196695510e-05,-9.717333121164053815e-05,-9.717333121164053815e-05,5.543854937233154987e-04
0.000000000000000000e+00,2.827999999999999847e+00,9.746186346631962498e-05,9.746186346631962498e-05,-9.665468009818073414e-05,-9.665468009818073414e-05,5.514108006894689450e-04
0.000000000000000000e+00,2.831999999999999851e+00,9.707627633130715096e-05,9.707627633130715096e-05,-9.613945639865790278e-05,-9.613945639865790278e-05,5.484517860681060444e-04
0.000000000000000000e+00,2.835999999999999854e+00,9.669274328105722876e-05,9.669274328105722876e-05,-9.562763326204891661e-05,-9.562763326204891661e-05,5.455083399853752433e-04
0.000000000000000000e+00,2.839999999999999858e+00,9.631125076661537887e-05,9.631125076661537887e-05,-9.511918407997448446e-05,-9.511918407997448446e-05,5.425803533968014862e-04
0.000000000000000000e+00,2.843999999999999861e+00,9.593178534497954579e-05,9.593178534497954579e-05,-9.461408248421840209e-05,-9.461408248421840209e-05,5.396677180792951037e-04
0.000000000000000000e+00,2.847999999999999865e+00,9.555433367814433320e-05,9.555433367814433320e-05,-9.411230234427477514e-05,-9.411230234427477514e-05,5.367703266232333415e-04
0.000000000000000000e+00,2.851999999999999869e+00,9.517888253215492909e-05,9.517888253215492909e-05,-9.361381776492290279e-05,-9.361381776492290279e-05,5.338880724246156161e-04
0.000000000000000000e+00,2.855999999999999872e+00,9.480541877617085656e-05,9.480541877617085656e-05,-9.311860308383037785e-05,-9.311860308383037785e-05,5.310208496772921699e-04
0.000000000000000000e+00,2.859999999999999876e+00,9.443392938153917070e-05,9.443392938153917070e-05,-9.262663286918262776e-05,-9.262663286918262776e-05,5.281685533652636343e-04
0.000000000000000000e+00,2.863999999999999879e+00,9.406440142087700671e-05,9.406440142087700671e-05,-9.213788191734036028e-05,-9.213788191734036028e-05,5.253310792550516068e-04
0.000000000000000000e+00,2.867999999999999883e+00,9.369682206716370963e-05,9.369682206716370963e-05,-9.165232525052254215e-05,-9.165232525052254215e-05,5.225083238881395942e-04
0.000000000000000000e+00,2.871999999999999886e+00,9.333117859284159709e-05,9.333117859284159709e-05,-9.116993811451610326e-05,-9.116993811451610326e-05,5.197001845734801990e-04
0.000000000000000000e+00,2.875999999999999890e+00,9.296745836892675091e-05,9.296745836892675091e-05,-9.069069597641190575e-05,-9.069069597641190575e-05,5.169065593800748403e-04
0.000000000000000000e+00,2.879999999999999893e+00,9.260564886412785883e-05,9.260564886412785883e-05,-9.021457452236547343e-05,-9.021457452236547343e-05,5.141273471296152735e-04
0.000000000000000000e+00,2.883999999999999897e+00,9.224573764397462445e-05,9.224573764397462445e-05,-8.974154965538360664e-05,-8.974154965538360664e-05,5.113624473891948243e-04
0.000000000000000000e+00,2.887999999999999901e+00,9.188771236995460674e-05,9.188771236995460674e-05,-8.927159749313582531e-05,-8.927159749313582531e-05,5.086117604640823979e-04
0.000000000000000000e+00,2.891999999999999904e+00,9.153156079865899070e-05,9.153156079865899070e-05,-8.880469436579012518e-05,-8.880469436579012518e-05,5.058751873905620831e-04
0.000000000000000000e+00,2.895999999999999908e+00,9.117727078093696390e-05,9.117727078093696390e-05,-8.834081681387368433e-05,-8.834081681387368433e-05,5.031526299288365065e-04
0.000000000000000000e+00,2.899999999999999911e+00,9.082483026105823802e-05,9.082483026105823802e-05,-8.787994158615683937e-05,-8.787994158615683937e-05,5.004439905559894932e-04
0.000000000000000000e+00,2.903999999999999915e+00,9.047422727588459647e-05,9.047422727588459647e-05,-8.742204563756152385e-05,-8.742204563756152385e-05,4.977491724590143215e-04
0.000000000000000000e+00,2.907999999999999918e+00,9.012544995404924819e-05,9.012544995404924819e-05,-8.696710612709277323e-05,-8.696710612709277323e-05,4.950680795279000911e-04
0.000000000000000000e+00,2.911999999999999922e+00,8.977848651514451625e-05,8.977848651514451625e-05,-8.651510041579297085e-05,-8.651510041579297085e-05,4.924006163487773969e-04
0.000000000000000000e+00,2.915999999999999925e+00,8.943332526891805106e-05,8.943332526891805106e-05,-8.606600606472016328e-05,-8.606600606472016328e-05,4.897466881971263442e-04
0.000000000000000000e+00,2.919999999999999929e+00,8.908995461447642965e-05,8.908995461447642965e-05,-8.561980083294746331e-05,-8.561980083294746331e-05,4.871062010310372027e-04
0.000000000000000000e+00,2.923999999999999932e+00,8.874836303949721174e-05,8.874836303949721174e-05,-8.517646267558608869e-05,-8.517646267558608869e-05,4.844790614845330759e-04
0.000000000000000000e+00,2.927999999999999936e+00,8.840853911944880205e-05,8.840853911944880205e-05,-8.473596974182946132e-05,-8.473596974182946132e-05,4.818651768609469982e-04
0.000000000000000000e+00,2.931999999999999940e+00,8.807047151681778009e-05,8.807047151681778009e-05,-8.429830037301949209e-05,-8.429830037301949209e-05,4.792644551263534588e-04
0.000000000000000000e+00,2.935999999999999943e+00,8.773414898034430723e-05,8.773414898034430723e-05,-8.386343310073449543e-05,-8.386343310073449543e-05,4.766768049030563033e-04
0.000000000000000000e+00,2.939999999999999947e+00,8.739956034426494701e-05,8.739956034426494701e-05,-8.343134664489792063e-05,-8.343134664489792063e-05,4.741021354631300339e-04
0.000000000000000000e+00,2.943999999999999950e+00,8.706669452756285801e-05,8.706669452756285801e-05,-8.300201991190837413e-05,-8.300201991190837413e-05,4.715403567220124450e-04
0.000000000000000000e+00,2.947999999999999954e+00,8.673554053322594210e-05,8.673554053322594210e-05,-8.257543199279024164e-05,-8.257543199279024164e-05,4.689913792321528789e-04
0.000000000000000000e+00,2.951999999999999957e+00,8.640608744751167400e-05,8.640608744751167400e-05,-8.215156216136485596e-05,-8.215156216136485596e-05,4.664551141767076447e-04
0.000000000000000000e+00,2.955999999999999961e+00,8.607832443921968298e-05,8.607832443921968298e-05,-8.173038987244164114e-05,-8.173038987244164114e-05,4.639314733632891050e-04
0.000000000000000000e+00,2.959999999999999964e+00,8.575224075897134115e-05,8.575224075897134115e-05,-8.131189476002940932e-05,-8.131189476002940932e-05,4.614203692177626837e-04
0.000000000000000000e+00,2.963999999999999968e+00,8.542782573849662950e-05,8.542782573849662950e-05,-8.089605663556752552e-05,-8.089605663556752552e-05,4.589217147780942901e-04
0.000000000000000000e+00,2.967999999999999972e+00,8.510506878992778017e-05,8.510506878992778017e-05,-8.048285548617616796e-05,-8.048285548617616796e-05,4.564354236882444175e-04
0.000000000000000000e+00,2.971999999999999975e+00,8.478395940510002025e-05,8.478395940510002025e-05,-8.007227147292613118e-05,-8.007227147292613118e-05,4.539614101921092418e-04
0.000000000000000000e+00,2.975999999999999979e+00,8.446448715485932229e-05,8.446448715485932229e-05,-7.966428492912750771e-05,-7.966428492912750771e-05,4.514995891275106724e-04
0.000000000000000000e+00,2.979999999999999982e+00,8.414664168837675479e-05,8.414664168837675479e-05,-7.925887635863722140e-05,-7.925887635863722140e-05,4.490498759202293366e-04
0.000000000000000000e+00,2.983999999999999986e+00,8.383041273246959549e-05,8.383041273246959549e-05,-7.885602643418503283e-05,-7.885602643418503283e-05,4.466121865780830471e-04
0.000000000000000000e+00,2.987999999999999989e+00,8.351579009092932929e-05,8.351579009092932929e-05,-7.845571599571801681e-05,-7.845571599571801681e-05,4.441864376850516191e-04
0.000000000000000000e+00,2.991999999999999993e+00,8.320276364385578553e-05,8.320276364385578553e-05,-7.805792604876284784e-05,-7.805792604876284784e-05,4.417725463954406094e-04
0.000000000000000000e+00,2.995999999999999996e+00,8.289132334699843090e-05,8.289132334699843090e-05,-7.766263776280650359e-05,-7.766263776280650359e-05,4.393704304280931410e-04
0.000000000000000000e+00,3.000000000000000000e+00,8.258145923110338162e-05,8.258145923110338162e-05,-7.726983246969394952e-05,-7.726983246969394952e-05,4.369800080606376139e-04
0.000000000000000000e+00,3.004000000000000004e+00,8.227316140126732734e-05,8.227316140126732734e-05,-7.687949166204388922e-05,-7.687949166204388922e-05,4.346011981237809531e-04
0.000000000000000000e+00,3.008000000000000007e+00,8.196642003629763505e-05,8.196642003629763505e-05,-7.649159699168145519e-05,-7.649159699168145519e-05,4.322339199956400741e-04
0.000000000000000000e+00,3.012000000000000011e+00,8.166122538807847023e-05,8.166122538807847023e-05,-7.610613026808803021e-05,-7.610613026808803021e-05,4.298780935961121091e-04
0.000000000000000000e+00,3.016000000000000014e+00,8.135756778094330134e-05,8.135756778094330134e-05,-7.572307345686776531e-05,-7.572307345686776531e-05,4.275336393812843145e-04
0.000000000000000000e+00,3.020000000000000018e+00,8.105543761105357063e-05,8.105543761105357063e-05,-7.534240867823110619e-05,-7.534240867823110619e-05,4.252004783378820346e-04
0.000000000000000000e+00,3.024000000000000021e+00,8.075482534578298929e-05,8.075482534578298929e-05,-7.496411820549423030e-05,-7.496411820549423030e-05,4.228785319777517387e-04
0.000000000000000000e+00,3.028000000000000025e+00,8.045572152310848687e-05,8.045572152310848687e-05,-7.458818446359530264e-05,-7.458818446359530264e-05,4.205677223323833064e-04
0.000000000000000000e+00,3.032000000000000028e+00,8.015811675100628360e-05,8.015811675100628360e-05,-7.421459002762614073e-05,-7.421459002762614073e-05,4.182679719474644594e-04
0.000000000000000000e+00,3.036000000000000032e+00,7.986200170685440005e-05,7.986200170685440005e-05,-7.384331762138033239e-05,-7.384331762138033239e-05,4.159792038774717858e-04
0.000000000000000000e+00,3.040000000000000036e+00,7.956736713684066928e-05,7.956736713684066928e-05,-7.347435011591677630e-05,-7.347435011591677630e-05,4.137013416802962410e-04
0.000000000000000000e+00,3.044000000000000039e+00,7.927420385537656288e-05,7.927420385537656288e-05,-7.310767052813845553e-05,-7.310767052813845553e-05,4.114343094118991695e-04
0.000000000000000000e+00,3.048000000000000043e+00,7.898250274451656006e-05,7.898250274451656006e-05,-7.274326201938698631e-05,-7.274326201938698631e-05,4.091780316210031298e-04
0.000000000000000000e+00,3.052000000000000046e+00,7.869225475338323590e-05,7.869225475338323590e-05,-7.238110789405192546e-05,-7.238110789405192546e-05,4.069324333438130220e-04
0.000000000000000000e+00,3.056000000000000050e+00,7.840345089759777060e-05,7.840345089759777060e-05,-7.202119159819522949e-05,-7.202119159819522949e-05,4.046974400987671944e-04
0.000000000000000000e+00,3.060000000000000053e+00,7.811608225871601529e-05,7.811608225871601529e-05,-7.166349671819006594e-05,-7.166349671819006594e-05,4.024729778813201540e-04
0.000000000000000000e+00,3.064000000000000057e+00,7.783013998367007368e-05,7.783013998367007368e-05,-7.130800697937502027e-05,-7.130800697937502027e-05,4.002589731587537377e-04
0.000000000000000000e+00,3.068000000000000060e+00,7.754561528421487107e-05,7.754561528421487107e-05,-7.095470624472182829e-05,-7.095470624472182829e-05,3.980553528650147377e-04
0.000000000000000000e+00,3.072000000000000064e+00,7.726249943638036121e-05,7.726249943638036121e-05,-7.060357851351771810e-05,-7.060357851351771810e-05,3.958620443955825053e-04
0.000000000000000000e+00,3.076000000000000068e+00,7.698078377992900506e-05,7.698078377992900506e-05,-7.025460792006217202e-05,-7.025460792006217202e-05,3.936789756023620877e-04
0.000000000000000000e+00,3.080000000000000071e+00,7.670045971781807431e-05,7.670045971781807431e-05,-6.990777873237686148e-05,-6.990777873237686148e-05,3.915060747886024641e-04
0.000000000000000000e+00,3.084000000000000075e+00,7.642151871566752494e-05,7.642151871566752494e-05,-6.956307535093002900e-05,-6.956307535093002900e-05,3.893432707038410731e-04
0.000000000000000000e+00,3.088000000000000078e+00,7.614395230123253283e-05,7.614395230123253283e-05,-6.922048230737397540e-05,-6.922048230737397540e-05,3.871904925388710552e-04
0.000000000000000000e+00,3.092000000000000082e+00,7.586775206388159955e-05,7.586775206388159955e-05,-6.887998426329626218e-05,-6.887998426329626218e-05,3.850476699207342444e-04
0.000000000000000000e+00,3.096000000000000085e+00,7.559290965407881868e-05,7.559290965407881868e-05,-6.854156600898397855e-05,-6.854156600898397855e-05,3.829147329077319949e-04
0.000000000000000000e+00,3.099999999999999645e+00,7.531941678287199687e-05,7.531941678287199687e-05,-6.820521246220133057e-05,-6.820521246220133057e-05,3.807916119844636008e-04
0.000000000000000000e+00,3.104000000000000092e+00,7.504726522138469155e-05,7.504726522138469155e-05,-6.787090866697972577e-05,-6.787090866697972577e-05,3.786782380568787568e-04
0.000000000000000000e+00,3.107999999999999652e+00,7.477644680031410339e-05,7.477644680031410339e-05,-6.753863979242158639e-05,-6.753863979242158639e-05,3.765745424473576652e-04
0.000000000000000000e+00,3.112000000000000099e+00,7.450695340943257368e-05,7.450695340943257368e-05,-6.720839113151557396e-05,-6.720839113151557396e-05,3.744804568898012264e-04
0.000000000000000000e+00,3.115999999999999659e+00,7.423877699709490927e-05,7.423877699709490927e-05,-6.688014809996556962e-05,-6.688014809996556962e-05,3.723959135247478466e-04
0.000000000000000000e+00,3.120000000000000107e+00,7.397190956974936680e-05,7.397190956974936680e-05,-6.655389623503086237e-05,-6.655389623503086237e-05,3.703208448944996780e-04
0.000000000000000000e+00,3.123999999999999666e+00,7.370634319145424754e-05,7.370634319145424754e-05,-6.622962119437971374e-05,-6.622962119437971374e-05,3.682551839382728742e-04
0.000000000000000000e+00,3.128000000000000114e+00,7.344206998339796182e-05,7.344206998339796182e-05,-6.590730875495379149e-05,-6.590730875495379149e-05,3.661988639873546211e-04
0.000000000000000000e+00,3.131999999999999673e+00,7.317908212342473116e-05,7.317908212342473116e-05,-6.558694481184574937e-05,-6.558694481184574937e-05,3.641518187602834798e-04
0.000000000000000000e+00,3.136000000000000121e+00,7.291737184556374644e-05,7.291737184556374644e-05,-6.526851537718743193e-05,-6.526851537718743193e-05,3.621139823580346606e-04
0.000000000000000000e+00,3.139999999999999680e+00,7.265693143956359788e-05,7.265693143956359788e-05,-6.495200657905092728e-05,-6.495200657905092728e-05,3.600852892592256273e-04
0.000000000000000000e+00,3.144000000000000128e+00,7.239775325043045916e-05,7.239775325043045916e-05,-6.463740466035997382e-05,-6.463740466035997382e-05,3.580656743153264173e-04
0.000000000000000000e+00,3.147999999999999687e+00,7.213982967797092001e-05,7.213982967797092001e-05,-6.432469597781364568e-05,-6.432469597781364568e-05,3.560550727458853572e-04
0.000000000000000000e+00,3.152000000000000135e+00,7.188315317633884390e-05,7.188315317633884390e-05,-6.401386700082078529e-05,-6.401386700082078529e-05,3.540534201337606330e-04
0.000000000000000000e+00,3.155999999999999694e+00,7.162771625358709112e-05,7.162771625358709112e-05,-6.370490431044613171e-05,-6.370490431044613171e-05,3.520606524203651966e-04
0.000000000000000000e+00,3.160000000000000142e+00,7.137351147122242669e-05,7.137351147122242669e-05,-6.339779459836645083e-05,-6.339779459836645083e-05,3.500767059009123224e-04
0.000000000000000000e+00,3.163999999999999702e+00,7.112053144376560528e-05,7.112053144376560528e-05,-6.309252466583888986e-05,-6.309252466583888986e-05,3.481015172196748244e-04
0.000000000000000000e+00,3.168000000000000149e+00,7.086876883831465463e-05,7.086876883831465463e-05,-6.278908142267868313e-05,-6.278908142267868313e-05,3.461350233652429192e-04
0.000000000000000000e+00,3.171999999999999709e+00,7.061821637411325463e-05,7.061821637411325463e-05,-6.248745188624872985e-05,-6.248745188624872985e-05,3.441771616657931469e-04
0.000000000000000000e+00,3.176000000000000156e+00,7.036886682212182696e-05,7.036886682212182696e-05,-6.218762318045861803e-05,-6.218762318045861803e-05,3.422278697843526298e-04
0.000000000000000000e+00,3.179999999999999716e+00,7.012071300459409994e-05,7.012071300459409994e-05,-6.188958253477511379e-05,-6.188958253477511379e-05,3.402870857140745538e-04
0.000000000000000000e+00,3.184000000000000163e+00,6.987374779465605856e-05,6.987374779465605856e-05,-6.159331728324155474e-05,-6.159331728324155474e-05,3.383547477735037281e-04
0.000000000000000000e+00,3.187999999999999723e+00,6.962796411589028856e-05,6.962796411589028856e-05,-6.129881486350899334e-05,-6.129881486350899334e-05,3.364307946018530956e-04
0.000000000000000000e+00,3.191999999999999726e+00,6.938335494192303084e-05,6.938335494192303084e-05,-6.100606281587595968e-05,-6.100606281587595968e-05,3.345151651542697274e-04
0.000000000000000000e+00,3.195999999999999730e+00,6.913991329601565415e-05,6.913991329601565415e-05,-6.071504878233895792e-05,-6.071504878233895792e-05,3.326077986971029301e-04
0.000000000000000000e+00,3.199999999999999734e+00,6.889763225065962424e-05,6.889763225065962424e-05,-6.042576050565251716e-05,-6.042576050565251716e-05,3.307086348031662289e-04
0.000000000000000000e+00,3.203999999999999737e+00,6.865650492717559296e-05,6.865650492717559296e-05,-6.013818582839898670e-05,-6.013818582839898670e-05,3.288176133469963131e-04
0.000000000000000000e+00,3.207999999999999741e+00,6.841652449531557744e-05,6.841652449531557744e-05,-5.985231269206783150e-05,-5.985231269206783150e-05,3.269346745001018464e-04
0.000000000000000000e+00,3.211999999999999744e+00,6.817768417286947601e-05,6.817768417286947601e-05,-5.956812913614450934e-05,-5.956812913614450934e-05,3.250597587262087518e-04
0.000000000000000000e+00,3.215999999999999748e+00,6.793997722527471471e-05,6.793997722527471471e-05,-5.928562329720859760e-05,-5.928562329720859760e-05,3.231928067764921076e-04
0.000000000000000000e+00,3.219999999999999751e+00,6.770339696522968860e-05,6.770339696522968860e-05,-5.900478340804135932e-05,-5.900478340804135932e-05,3.213337596848000739e-04
0.000000000000000000e+00,3.223999999999999755e+00,6.746793675231075379e-05,6.746793675231075379e-05,-5.872559779674224042e-05,-5.872559779674224042e-05,3.194825587628646467e-04
0.000000000000000000e+00,3.227999999999999758e+00,6.723358999259268888e-05,6.723358999259268888e-05,-5.844805488585458938e-05,-5.844805488585458938e-05,3.176391455954991300e-04
0.000000000000000000e+00,3.231999999999999762e+00,6.700035013827265306e-05,6.700035013827265306e-05,-5.817214319150026063e-05,-5.817214319150026063e-05,3.158034620357799954e-04
0.000000000000000000e+00,3.235999999999999766e+00,6.676821068729758639e-05,6.676821068729758639e-05,-5.789785132252307451e-05,-5.789785132252307451e-05,3.139754502002127501e-04
0.000000000000000000e+00,3.239999999999999769e+00,6.653716518299505260e-05,6.653716518299505260e-05,-5.762516797964101179e-05,-5.762516797964101179e-05,3.121550524638795360e-04
0.000000000000000000e+00,3.243999999999999773e+00,6.630720721370736144e-05,6.630720721370736144e-05,-5.735408195460714291e-05,-5.735408195460714291e-05,3.103422114555662911e-04
0.000000000000000000e+00,3.247999999999999776e+00,6.607833041242910639e-05,6.607833041242910639e-05,-5.708458212937890541e-05,-5.708458212937890541e-05,3.085368700528686608e-04
0.000000000000000000e+00,3.251999999999999780e+00,6.585052845644806334e-05,6.585052845644806334e-05,-5.681665747529610934e-05,-5.681665747529610934e-05,3.067389713772752501e-04
0.000000000000000000e+00,3.255999999999999783e+00,6.562379506698919280e-05,6.562379506698919280e-05,-5.655029705226709443e-05,-5.655029705226709443e-05,3.049484587892250706e-04
0.000000000000000000e+00,3.259999999999999787e+00,6.539812400886215219e-05,6.539812400886215219e-05,-5.628549000796333049e-05,-5.628549000796333049e-05,3.031652758831388590e-04
0.000000000000000000e+00,3.263999999999999790e+00,6.517350909011154585e-05,6.517350909011154585e-05,-5.602222557702186479e-05,-5.602222557702186479e-05,3.013893664824203629e-04
0.000000000000000000e+00,3.267999999999999794e+00,6.494994416167087473e-05,6.494994416167087473e-05,-5.576049308025633451e-05,-5.576049308025633451e-05,2.996206746344287869e-04
0.000000000000000000e+00,3.271999999999999797e+00,6.472742311701938644e-05,6.472742311701938644e-05,-5.550028192387556876e-05,-5.550028192387556876e-05,2.978591446054178996e-04
0.000000000000000000e+00,3.275999999999999801e+00,6.450593989184198816e-05,6.450593989184198816e-05,-5.524158159871036942e-05,-5.524158159871036942e-05,2.961047208754400664e-04
0.000000000000000000e+00,3.279999999999999805e+00,6.428548846369220877e-05,6.428548846369220877e-05,-5.498438167944780014e-05,-5.498438167944780014e-05,2.943573481332135825e-04
0.000000000000000000e+00,3.283999999999999808e+00,6.406606285165849504e-05,6.406606285165849504e-05,-5.472867182387357299e-05,-5.472867182387357299e-05,2.926169712709522207e-04
0.000000000000000000e+00,3.287999999999999812e+00,6.384765711603306916e-05,6.384765711603306916e-05,-5.447444177212171278e-05,-5.447444177212171278e-05,2.908835353791517373e-04
0.000000000000000000e+00,3.291999999999999815e+00,6.363026535798435059e-05,6.363026535798435059e-05,-5.422168134593218349e-05,-5.422168134593218349e-05,2.891569857413356110e-04
0.000000000000000000e+00,3.295999999999999819e+00,6.341388171923162767e-05,6.341388171923162767e-05,-5.397038044791556204e-05,-5.397038044791556204e-05,2.874372678287515602e-04
0.000000000000000000e+00,3.299999999999999822e+00,6.319850038172332061e-05,6.319850038172332061e-05,-5.372052906082534893e-05,-5.372052906082534893e-05,2.857243272950224142e-04
0.000000000000000000e+00,3.303999999999999826e+00,6.298411556731773817e-05,6.298411556731773817e-05,-5.347211724683761068e-05,-5.347211724683761068e-05,2.840181099707454857e-04
0.000000000000000000e+00,3.307999999999999829e+00,6.277072153746676166e-05,6.277072153746676166e-05,-5.322513514683774430e-05,-5.322513514683774430e-05,2.823185618580373530e-04
0.000000000000000000e+00,3.311999999999999833e+00,6.255831259290261896e-05,6.255831259290261896e-05,-5.297957297971437701e-05,-5.297957297971437701e-05,2.806256291250247580e-04
0.000000000000000000e+00,3.315999999999999837e+00,6.234688307332701663e-05,6.234688307332701663e-05,-5.273542104166048278e-05,-5.273542104166048278e-05,2.789392581002736503e-04
0.000000000000000000e+00,3.319999999999999840e+00,6.213642735710355174e-05,6.213642735710355174e-05,-5.249266970548128184e-05,-5.249266970548128184e-05,2.772593952671588164e-04
0.000000000000000000e+00,3.323999999999999844e+00,6.192693986095237349e-05,6.192693986095237349e-05,-5.225130941990924855e-05,-5.225130941990924855e-05,2.755859872581669398e-04
0.000000000000000000e+00,3.327999999999999847e+00,6.171841503964811085e-05,6.171841503964811085e-05,-5.201133070892582097e-05,-5.201133070892582097e-05,2.739189808491329821e-04
0.000000000000000000e+00,3.331999999999999851e+00,6.151084738572006364e-05,6.151084738572006364e-05,-5.177272417108993410e-05,-5.177272417108993410e-05,2.722583229534043022e-04
0.000000000000000000e+00,3.335999999999999854e+00,6.130423142915517173e-05,6.130423142915517173e-05,-5.153548047887322779e-05,-5.153548047887322779e-05,2.706039606159300740e-04
0.000000000000000000e+00,3.339999999999999858e+00,6.109856173710383035e-05,6.109856173710383035e-05,-5.129959037800187503e-05,-5.129959037800187503e-05,2.689558410072740509e-04
0.000000000000000000e+00,3.343999999999999861e+00,6.089383291358812454e-05,6.089383291358812454e-05,-5.106504468680489510e-05,-5.106504468680489510e-05,2.673139114175443888e-04
0.000000000000000000e+00,3.347999999999999865e+00,6.069003959921261137e-05,6.069003959921261137e-05,-5.083183429556908044e-05,-5.083183429556908044e-05,2.656781192502379258e-04
0.000000000000000000e+00,3.351999999999999869e+00,6.048717647087794837e-05,6.048717647087794837e-05,-5.059995016590015758e-05,-5.059995016590015758e-05,2.640484120159968581e-04
0.000000000000000000e+00,3.355999999999999872e+00,6.028523824149673081e-05,6.028523824149673081e-05,-5.036938333009039913e-05,-5.036938333009039913e-05,2.624247373262704941e-04
0.000000000000000000e+00,3.359999999999999876e+00,6.008421965971205323e-05,6.008421965971205323e-05,-5.014012489049230728e-05,-5.014012489049230728e-05,2.608070428868799182e-04
0.000000000000000000e+00,3.363999999999999879e+00,5.988411550961848318e-05,5.988411550961848318e-05,-4.991216601889878900e-05,-4.991216601889878900e-05,2.591952764914817698e-04
0.000000000000000000e+00,3.367999999999999883e+00,5.968492061048571843e-05,5.968492061048571843e-05,-4.968549795592930784e-05,-4.968549795592930784e-05,2.575893860149257699e-04
0.000000000000000000e+00,3.371999999999999886e+00,5.948662981648412121e-05,5.948662981648412121e-05,-4.946011201042182950e-05,-4.946011201042182950e-05,2.559893194064993827e-04
0.000000000000000000e+00,3.375999999999999890e+00,5.928923801641341692e-05,5.928923801641341692e-05,-4.923599955883129289e-05,-4.923599955883129289e-05,2.543950246830592866e-04
0.000000000000000000e+00,3.379999999999999893e+00,5.909274013343324280e-05,5.909274013343324280e-05,-4.901315204463358355e-05,-4.901315204463358355e-05,2.528064499220407640e-04
0.000000000000000000e+00,3.383999999999999897e+00,5.889713112479621733e-05,5.889713112479621733e-05,-4.879156097773542272e-05,-4.879156097773542272e-05,2.512235432543404555e-04
0.000000000000000000e+00,3.387999999999999901e+00,5.870240598158349660e-05,5.870240598158349660e-05,-4.857121793389028734e-05,-4.857121793389028734e-05,2.496462528570690112e-04
0.000000000000000000e+00,3.391999999999999904e+00,5.850855972844253960e-05,5.850855972844253960e-05,-4.835211455411994748e-05,-4.835211455411994748e-05,2.480745269461656134e-04
0.000000000000000000e+00,3.395999999999999908e+00,5.831558742332701499e-05,5.831558742332701499e-05,-4.813424254414135712e-05,-4.813424254414135712e-05,2.465083137688686265e-04
0.000000000000000000e+00,3.399999999999999911e+00,5.812348415723937755e-05,5.812348415723937755e-05,-4.791759367379974514e-05,-4.791759367379974514e-05,2.449475615960383613e-04
0.000000000000000000e+00,3.403999999999999915e+00,5.793224505397534887e-05,5.793224505397534887e-05,-4.770215977650681561e-05,-4.770215977650681561e-05,2.433922187143228741e-04
0.000000000000000000e+00,3.407999999999999918e+00,5.774186526987081034e-05,5.774186526987081034e-05,-4.748793274868459279e-05,-4.748793274868459279e-05,2.418422334181617045e-04
0.000000000000000000e+00,3.411999999999999922e+00,5.755233999355083068e-05,5.755233999355083068e-05,-4.727490454921468705e-05,-4.727490454921468705e-05,2.402975540016195292e-04
0.000000000000000000e+00,3.415999999999999925e+00,5.736366444568094319e-05,5.736366444568094319e-05,-4.706306719889290051e-05,-4.706306719889290051e-05,2.387581287500431179e-04
0.000000000000000000e+00,3.419999999999999929e+00,5.717583387872062525e-05,5.717583387872062525e-05,-4.685241277988925373e-05,-4.685241277988925373e-05,2.372239059315344085e-04
0.000000000000000000e+00,3.423999999999999932e+00,5.698884357667875658e-05,5.698884357667875658e-05,-4.664293343521306744e-05,-4.664293343521306744e-05,2.356948337882293744e-04
0.000000000000000000e+00,3.427999999999999936e+00,5.680268885487138808e-05,5.680268885487138808e-05,-4.643462136818351274e-05,-4.643462136818351274e-05,2.341708605273778055e-04
0.000000000000000000e+00,3.431999999999999940e+00,5.661736505968159111e-05,5.661736505968159111e-05,-4.622746884190504022e-05,-4.622746884190504022e-05,2.326519343122122928e-04
0.000000000000000000e+00,3.435999999999999943e+00,5.643286756832126500e-05,5.643286756832126500e-05,-4.602146817874810134e-05,-4.602146817874810134e-05,2.311380032525984216e-04
0.000000000000000000e+00,3.439999999999999947e+00,5.624919178859519433e-05,5.624919178859519433e-05,-4.581661175983483674e-05,-4.581661175983483674e-05,2.296290153954578779e-04
0.000000000000000000e+00,3.443999999999999950e+00,5.606633315866698330e-05,5.606633315866698330e-05,-4.561289202452961650e-05,-4.561289202452961650e-05,2.281249187149516754e-04
0.000000000000000000e+00,3.447999999999999954e+00,5.588428714682722610e-05,5.588428714682722610e-05,-4.541030146993485896e-05,-4.541030146993485896e-05,2.266256611024165097e-04
0.000000000000000000e+00,3.451999999999999957e+00,5.570304925126331054e-05,5.570304925126331054e-05,-4.520883265039121355e-05,-4.520883265039121355e-05,2.251311903560389521e-04
0.000000000000000000e+00,3.455999999999999961e+00,5.552261499983172878e-05,5.552261499983172878e-05,-4.500847817698311716e-05,-4.500847817698311716e-05,2.236414541702619818e-04
0.000000000000000000e+00,3.459999999999999964e+00,5.534297994983193309e-05,5.534297994983193309e-05,-4.480923071704867377e-05,-4.480923071704867377e-05,2.221564001249052873e-04
0.000000000000000000e+00,3.463999999999999968e+00,5.516413968778235326e-05,5.516413968778235326e-05,-4.461108299369456883e-05,-4.461108299369456883e-05,2.206759756739925366e-04
0.000000000000000000e+00,3.467999999999999972e+00,5.498608982919818932e-05,5.498608982919818932e-05,-4.441402778531544247e-05,-4.441402778531544247e-05,2.192001281342672366e-04
0.000000000000000000e+00,3.471999999999999975e+00,5.480882601837134562e-05,5.480882601837134562e-05,-4.421805792511796537e-05,-4.421805792511796537e-05,2.177288046733889424e-04
0.000000000000000000e+00,3.475999999999999979e+00,5.463234392815201834e-05,5.463234392815201834e-05,-4.402316630064961742e-05,-4.402316630064961742e-05,2.162619522977900037e-04
0.000000000000000000e+00,3.479999999999999982e+00,5.445663925973232255e-05,5.445663925973232255e-05,-4.382934585333166084e-05,-4.382934585333166084e-05,2.147995178401812457e-04
0.000000000000000000e+00,3.483999999999999986e+00,5.428170774243173545e-05,5.428170774243173545e-05,-4.363658957799703965e-05,-4.363658957799703965e-05,2.133414479466890759e-04
0.000000000000000000e+00,3.487999999999999989e+00,5.410754513348433519e-05,5.410754513348433519e-05,-4.344489052243227041e-05,-4.344489052243227041e-05,2.118876890636075367e-04
0.000000000000000000e+00,3.491999999999999993e+00,5.393414721782785579e-05,5.393414721782785579e-05,-4.325424178692394075e-05,-4.325424178692394075e-05,2.104381874237470614e-04
0.000000000000000000e+00,3.495999999999999996e+00,5.376150980789470043e-05,5.376150980789470043e-05,-4.306463652380959216e-05,-4.306463652380959216e-05,2.089928890323633731e-04
0.000000000000000000e+00,3.500000000000000000e+00,5.358962874340454034e-05,5.358962874340454034e-05,-4.287606793703281768e-05,-4.287606793703281768e-05,2.075517396526440836e-04
0.000000000000000000e+00,3.504000000000000004e+00,5.341849989115877713e-05,5.341849989115877713e-05,-4.268852928170248622e-05,-4.268852928170248622e-05,2.061146847907348312e-04
0.000000000000000000e+00,3.508000000000000007e+00,5.324811914483676704e-05,5.324811914483676704e-05,-4.250201386365635802e-05,-4.250201386365635802e-05,2.046816696802820001e-04
0.000000000000000000e+00,3.512000000000000011e+00,5.307848242479382730e-05,5.307848242479382730e-05,-4.231651503902879286e-05,-4.231651503902879286e-05,2.032526392664704728e-04
0.000000000000000000e+00,3.516000000000000014e+00,5.290958567786083487e-05,5.290958567786083487e-05,-4.213202621382259867e-05,-4.213202621382259867e-05,2.018275381895309631e-04
0.000000000000000000e+00,3.520000000000000018e+00,5.274142487714561419e-05,5.274142487714561419e-05,-4.194854084348474931e-05,-4.194854084348474931e-05,2.004063107676924010e-04
0.000000000000000000e+00,3.524000000000000021e+00,5.257399602183600540e-05,5.257399602183600540e-05,-4.176605243248644598e-05,-4.176605243248644598e-05,1.989889009795530492e-04
0.000000000000000000e+00,3.528000000000000025e+00,5.240729513700463339e-05,5.240729513700463339e-05,-4.158455453390695974e-05,-4.158455453390695974e-05,1.975752524458417286e-04
0.000000000000000000e+00,3.532000000000000028e+00,5.224131827341527612e-05,5.224131827341527612e-05,-4.140404074902148565e-05,-4.140404074902148565e-05,1.961653084105395280e-04
0.000000000000000000e+00,3.536000000000000032e+00,5.207606150733089299e-05,5.207606150733089299e-05,-4.122450472689278476e-05,-4.122450472689278476e-05,1.947590117213304458e-04
0.000000000000000000e+00,3.540000000000000036e+00,5.191152094032327970e-05,5.191152094032327970e-05,-4.104594016396692581e-05,-4.104594016396692581e-05,1.933563048093483311e-04
0.000000000000000000e+00,3.544000000000000039e+00,5.174769269908437630e-05,5.174769269908437630e-05,-4.086834080367257084e-05,-4.086834080367257084e-05,1.919571296681849676e-04
0.000000000000000000e+00,3.548000000000000043e+00,5.158457293523909334e-05,5.158457293523909334e-05,-4.069170043602422500e-05,-4.069170043602422500e-05,1.905614278321213814e-04
0.000000000000000000e+00,3.552000000000000046e+00,5.142215782515975738e-05,5.142215782515975738e-05,-4.051601289722924035e-05,-4.051601289722924035e-05,1.891691403535449934e-04
0.000000000000000000e+00,3.556000000000000050e+00,5.126044356978214225e-05,5.126044356978214225e-05,-4.034127206929832301e-05,-4.034127206929832301e-05,1.877802077795090875e-04
0.000000000000000000e+00,3.560000000000000053e+00,5.109942639442298422e-05,5.109942639442298422e-05,-4.016747187965992308e-05,-4.016747187965992308e-05,1.863945701273920922e-04
0.000000000000000000e+00,3.564000000000000057e+00,5.093910254859915069e-05,5.093910254859915069e-05,-3.999460630077818896e-05,-3.999460630077818896e-05,1.850121668596098118e-04
0.000000000000000000e+00,3.568000000000000060e+00,5.077946830584821147e-05,5.077946830584821147e-05,-3.982266934977443163e-05,-3.982266934977443163e-05,1.836329368573305979e-04
0.000000000000000000e+00,3.572000000000000064e+00,5.062051996355053477e-05,5.062051996355053477e-05,-3.965165508805219407e-05,-3.965165508805219407e-05,1.822568183931418269e-04
0.000000000000000000e+00,3.576000000000000068e+00,5.046225384275293492e-05,5.046225384275293492e-05,-3.948155762092585774e-05,-3.948155762092585774e-05,1.808837491026118191e-04
0.000000000000000000e+00,3.580000000000000071e+00,5.030466628799378382e-05,5.030466628799378382e-05,-3.931237109725277282e-05,-3.931237109725277282e-05,1.795136659546883544e-04
0.000000000000000000e+00,3.584000000000000075e+00,5.014775366712949790e-05,5.014775366712949790e-05,-3.914408970906854614e-05,-3.914408970906854614e-05,1.781465052208701426e-04
0.000000000000000000e+00,3.588000000000000078e+00,4.999151237116266499e-05,4.999151237116266499e-05,-3.897670769122628647e-05,-3.897670769122628647e-05,1.767822024430869277e-04
0.000000000000000000e+00,3.592000000000000082e+00,4.983593881407136379e-05,4.983593881407136379e-05,-3.881021932103856029e-05,-3.881021932103856029e-05,1.754206924002136051e-04
0.000000000000000000e+00,3.596000000000000085e+00,4.968102943264010964e-05,4.968102943264010964e-05,-3.864461891792321681e-05,-3.864461891792321681e-05,1.740619090731465525e-04
0.000000000000000000e+00,3.600000000000000089e+00,4.952678068629214877e-05,4.952678068629214877e-05,-3.847990084305224882e-05,-3.847990084305224882e-05,1.727057856083595556e-04
0.000000000000000000e+00,3.604000000000000092e+00,4.937318905692308750e-05,4.937318905692308750e-05,-3.831605949900393992e-05,-3.831605949900393992e-05,1.713522542798540040e-04
0.000000000000000000e+00,3.608000000000000096e+00,4.922025104873597150e-05,4.922025104873597150e-05,-3.815308932941837962e-05,-3.815308932941837962e-05,1.700012464494121483e-04
0.000000000000000000e+00,3.612000000000000099e+00,4.906796318807777458e-05,4.906796318807777458e-05,-3.799098481865602778e-05,-3.799098481865602778e-05,1.686526925250566797e-04
0.000000000000000000e+00,3.616000000000000103e+00,4.891632202327709361e-05,4.891632202327709361e-05,-3.782974049145951126e-05,-3.782974049145951126e-05,1.673065219176104622e-04
0.000000000000000000e+00,3.620000000000000107e+00,4.876532412448339525e-05,4.876532412448339525e-05,-3.766935091261859191e-05,-3.766935091261859191e-05,1.659626629952475096e-04
0.000000000000000000e+00,3.624000000000000110e+00,4.861496608350741454e-05,4.861496608350741454e-05,-3.750981068663812964e-05,-3.750981068663812964e-05,1.646210430359142910e-04
0.000000000000000000e+00,3.628000000000000114e+00,4.846524451366300378e-05,4.846524451366300378e-05,-3.735111445740931847e-05,-3.735111445740931847e-05,1.632815881774957059e-04
0.000000000000000000e+00,3.632000000000000117e+00,4.831615604961024839e-05,4.831615604961024839e-05,-3.719325690788371434e-05,-3.719325690788371434e-05,1.619442233655882528e-04
0.000000000000000000e+00,3.636000000000000121e+00,4.816769734719979586e-05,4.816769734719979586e-05,-3.703623275975041393e-05,-3.703623275975041393e-05,1.606088722987345104e-04
0.000000000000000000e+00,3.640000000000000124e+00,4.801986508331860089e-05,4.801986508331860089e-05,-3.688003677311626246e-05,-3.688003677311626246e-05,1.592754573709631875e-04
0.000000000000000000e+00,3.644000000000000128e+00,4.787265595573694441e-05,4.787265595573694441e-05,-3.672466374618890749e-05,-3.672466374618890749e-05,1.579438996114663910e-04
0.000000000000000000e+00,3.648000000000000131e+00,4.772606668295649625e-05,4.772606668295649625e-05,-3.657010851496273943e-05,-3.657010851496273943e-05,1.566141186212323183e-04
0.000000000000000000e+00,3.652000000000000135e+00,4.758009400405999048e-05,4.758009400405999048e-05,-3.641636595290791530e-05,-3.641636595290791530e-05,1.552860325064423657e-04
0.000000000000000000e+00,3.656000000000000139e+00,4.743473467856178851e-05,4.743473467856178851e-05,-3.626343097066195059e-05,-3.626343097066195059e-05,1.539595578084212600e-04
0.000000000000000000e+00,3.660000000000000142e+00,4.728998548625991253e-05,4.728998548625991253e-05,-3.611129851572450282e-05,-3.611129851572450282e-05,1.526346094299169749e-04
0.000000000000000000e+00,3.664000000000000146e+00,4.714584322708912262e-05,4.714584322708912262e-05,-3.595996357215459454e-05,-3.595996357215459454e-05,1.513111005574693628e-04
0.000000000000000000e+00,3.668000000000000149e+00,4.700230472097534227e-05,4.700230472097534227e-05,-3.580942116027083818e-05,-3.580942116027083818e-05,1.499889425796047148e-04
0.000000000000000000e+00,3.672000000000000153e+00,4.685936680769125617e-05,4.685936680769125617e-05,-3.565966633635439856e-05,-3.565966633635439856e-05,1.486680450005776393e-04
0.000000000000000000e+00,3.676000000000000156e+00,4.671702634671286354e-05,4.671702634671286354e-05,-3.551069419235448969e-05,-3.551069419235448969e-05,1.473483153493522350e-04
0.000000000000000000e+00,3.680000000000000160e+00,4.657528021707765765e-05,4.657528021707765765e-05,-3.536249985559685989e-05,-3.536249985559685989e-05,1.460296590834994949e-04
0.000000000000000000e+00,3.684000000000000163e+00,4.643412531724343565e-05,4.643412531724343565e-05,-3.521507848849460124e-05,-3.521507848849460124e-05,1.447119794876488435e-04
0.000000000000000000e+00,3.688000000000000167e+00,4.629355856494873461e-05,4.629355856494873461e-05,-3.506842528826189983e-05,-3.506842528826189983e-05,1.433951775661145272e-04
0.000000000000000000e+00,3.692000000000000171e+00,4.615357689707406719e-05,4.615357689707406719e-05,-3.492253548663020520e-05,-3.492253548663020520e-05,1.420791519292750210e-04
0.000000000000000000e+00,3.696000000000000174e+00,4.601417726950443127e-05,4.601417726950443127e-05,-3.477740434956701541e-05,-3.477740434956701541e-05,1.407637986732536385e-04
0.000000000000000000e+00,3.700000000000000178e+00,4.587535665699301896e-05,4.587535665699301896e-05,-3.463302717699735225e-05,-3.463302717699735225e-05,1.394490112524084146e-04
0.000000000000000000e+00,3.704000000000000181e+00,4.573711205302580653e-05,4.573711205302580653e-05,-3.448939930252753369e-05,-3.448939930252753369e-05,1.381346803440937679e-04
0.000000000000000000e+00,3.708000000000000185e+00,4.559944046968745211e-05,4.559944046968745211e-05,-3.434651609317166348e-05,-3.434651609317166348e-05,1.368206937051123502e-04
0.000000000000000000e+00,3.712000000000000188e+00,4.546233893752820994e-05,4.546233893752820994e-05,-3.420437294908047223e-05,-3.420437294908047223e-05,1.355069360192202486e-04
0.000000000000000000e+00,3.716000000000000192e+00,4.532580450543189482e-05,4.532580450543189482e-05,-3.406296530327271310e-05,-3.406296530327271310e-05,1.341932887349915171e-04
0.000000000000000000e+00,3.720000000000000195e+00,4.518983424048492409e-05,4.518983424048492409e-05,-3.392228862136891562e-05,-3.392228862136891562e-05,1.328796298932849375e-04
0.000000000000000000e+00,3.724000000000000199e+00,4.505442522784655211e-05,4.505442522784655211e-05,-3.378233840132758572e-05,-3.378233840132758572e-05,1.315658339434827833e-04
0.000000000000000000e+00,3.728000000000000203e+00,4.491957457061986384e-05,4.491957457061986384e-05,-3.364311017318374366e-05,-3.364311017318374366e-05,1.302517715475929694e-04
0.000000000000000000e+00,3.732000000000000206e+00,4.478527938972415062e-05,4.478527938972415062e-05,-3.350459949878986741e-05,-3.350459949878986741e-05,1.289373093712200776e-04
0.000000000000000000e+00,3.736000000000000210e+00,4.465153682376805179e-05,4.465153682376805179e-05,-3.336680197155921461e-05,-3.336680197155921461e-05,1.276223098603096982e-04
0.000000000000000000e+00,3.740000000000000213e+00,4.451834402892386174e-05,4.451834402892386174e-05,-3.322971321621132643e-05,-3.322971321621132643e-05,1.263066310024647907e-04
0.000000000000000000e+00,3.743999999999999773e+00,4.438569817880287378e-05,4.438569817880287378e-05,-3.309332888851996407e-05,-3.309332888851996407e-05,1.249901260715089531e-04
0.000000000000000000e+00,3.748000000000000220e+00,4.425359646433141519e-05,4.425359646433141519e-05,-3.295764467506310537e-05,-3.295764467506310537e-05,1.236726433538354471e-04
0.000000000000000000e+00,3.751999999999999780e+00,4.412203609362854242e-05,4.412203609362854242e-05,-3.282265629297561791e-05,-3.282265629297561791e-05,1.223540258549340803e-04
0.000000000000000000e+00,3.756000000000000227e+00,4.399101429188387861e-05,4.399101429188387861e-05,-3.268835948970351103e-05,-3.268835948970351103e-05,1.210341109843037313e-04
0.000000000000000000e+00,3.759999999999999787e+00,4.386052830123713162e-05,4.386052830123713162e-05,-3.255475004276103395e-05,-3.255475004276103395e-05,1.197127302167854573e-04
0.000000000000000000e+00,3.764000000000000234e+00,4.373057538065820162e-05,4.373057538065820162e-05,-3.242182375948948812e-05,-3.242182375948948812e-05,1.183897087281145336e-04
0.000000000000000000e+00,3.767999999999999794e+00,4.360115280582839317e-05,4.360115280582839317e-05,-3.228957647681847246e-05,-3.228957647681847246e-05,1.170648650022632065e-04
0.000000000000000000e+00,3.772000000000000242e+00,4.347225786902244725e-05,4.347225786902244725e-05,-3.215800406102903254e-05,-3.215800406102903254e-05,1.157380104078554539e-04
0.000000000000000000e+00,3.775999999999999801e+00,4.334388787899173204e-05,4.334388787899173204e-05,-3.202710240751926286e-05,-3.202710240751926286e-05,1.144089487406353494e-04
0.000000000000000000e+00,3.780000000000000249e+00,4.321604016084814519e-05,4.321604016084814519e-05,-3.189686744057156255e-05,-3.189686744057156255e-05,1.130774757286030107e-04
0.000000000000000000e+00,3.783999999999999808e+00,4.308871205594909349e-05,4.308871205594909349e-05,-3.176729511312239825e-05,-3.176729511312239825e-05,1.117433784960407335e-04
0.000000000000000000e+00,3.788000000000000256e+00,4.296190092178326546e-05,4.296190092178326546e-05,-3.163838140653375429e-05,-3.163838140653375429e-05,1.104064349821800358e-04
0.000000000000000000e+00,3.791999999999999815e+00,4.283560413185750836e-05,4.283560413185750836e-05,-3.151012233036694777e-05,-3.151012233036694777e-05,1.090664133097449110e-04
0.000000000000000000e+00,3.796000000000000263e+00,4.270981907558430156e-05,4.270981907558430156e-05,-3.138251392215810390e-05,-3.138251392215810390e-05,1.077230710979926989e-04
0.000000000000000000e+00,3.799999999999999822e+00,4.258454315817046998e-05,4.258454315817046998e-05,-3.125555224719597580e-05,-3.125555224719597580e-05,1.063761547141939295e-04
0.000000000000000000e+00,3.804000000000000270e+00,4.245977380050650058e-05,4.245977380050650058e-05,-3.112923339830145846e-05,-3.112923339830145846e-05,1.050253984566825436e-04
0.000000000000000000e+00,3.807999999999999829e+00,4.233550843905699052e-05,4.233550843905699052e-05,-3.100355349560928467e-05,-3.100355349560928467e-05,1.036705236617001046e-04
0.000000000000000000e+00,3.812000000000000277e+00,4.221174452575157643e-05,4.221174452575157643e-05,-3.087850868635136749e-05,-3.087850868635136749e-05,1.023112377251792263e-04
0.000000000000000000e+00,3.815999999999999837e+00,4.208847952787730701e-05,4.208847952787730701e-05,-3.075409514464247384e-05,-3.075409514464247384e-05,1.009472330293894530e-04
0.000000000000000000e+00,3.820000000000000284e+00,4.196571092797118501e-05,4.196571092797118501e-05,-3.063030907126730753e-05,-3.063030907126730753e-05,9.957818576290889474e-05
0.000000000000000000e+00,3.823999999999999844e+00,4.184343622371422040e-05,4.184343622371422040e-05,-3.050714669346990632e-05,-3.050714669346990632e-05,9.820375462072294601e-05
0.000000000000000000e+00,3.828000000000000291e+00,4.172165292782581549e-05,4.172165292782581549e-05,-3.038460426474460445e-05,-3.038460426474460445e-05,9.682357936925692029e-05
0.000000000000000000e+00,3.831999999999999851e+00,4.160035856795926820e-05,4.160035856795926820e-05,-3.026267806462903462e-05,-3.026267806462903462e-05,9.543727925884635459e-05
0.000000000000000000e+00,3.836000000000000298e+00,4.147955068659793255e-05,4.147955068659793255e-05,-3.014136439849873615e-05,-3.014136439849873615e-05,9.404445126339441884e-05
0.000000000000000000e+00,3.839999999999999858e+00,4.135922684095242279e-05,4.135922684095242279e-05,-3.002065959736389410e-05,-3.002065959736389410e-05,9.264466812373343789e-05
0.000000000000000000e+00,3.844000000000000306e+00,4.123938460285822403e-05,4.123938460285822403e-05,-2.990056001766743378e-05,-2.990056001766743378e-05,9.123747616733011480e-05
0.000000000000000000e+00,3.847999999999999865e+00,4.112002155867469882e-05,4.112002155867469882e-05,-2.978106204108536148e-05,-2.978106204108536148e-05,8.982239287238247554e-05
0.000000000000000000e+00,3.852000000000000313e+00,4.100113530918423602e-05,4.100113530918423602e-05,-2.966216207432844021e-05,-2.966216207432844021e-05,8.839890413880295962e-05
0.000000000000000000e+00,3.855999999999999872e+00,4.088272346949266679e-05,4.088272346949266679e-05,-2.954385654894591185e-05,-2.954385654894591185e-05,8.696646122193887646e-05
0.000000000000000000e+00,3.860000000000000320e+00,4.076478366893030413e-05,4.076478366893030413e-05,-2.942614192113072357e-05,-2.942614192113072357e-05,8.552447727679323125e-05
0.000000000000000000e+00,3.863999999999999879e+00,4.064731355095374792e-05,4.064731355095374792e-05,-2.930901467152670250e-05,-2.930901467152670250e-05,8.407232345070898339e-05
0.000000000000000000e+00,3.868000000000000327e+00,4.053031077304834751e-05,4.053031077304834751e-05,-2.919247130503703144e-05,-2.919247130503703144e-05,8.260932445045590352e-05
0.000000000000000000e+00,3.871999999999999886e+00,4.041377300663173472e-05,4.041377300663173472e-05,-2.907650835063486241e-05,-2.907650835063486241e-05,8.113475349490955962e-05
0.000000000000000000e+00,3.876000000000000334e+00,4.029769793695773649e-05,4.029769793695773649e-05,-2.896112236117518389e-05,-2.896112236117518389e-05,7.964782654622215000e-05
0.000000000000000000e+00,3.879999999999999893e+00,4.018208326302139200e-05,4.018208326302139200e-05,-2.884630991320865653e-05,-2.884630991320865653e-05,7.814769568966182546e-05
0.000000000000000000e+00,3.884000000000000341e+00,4.006692669746435596e-05,4.006692669746435596e-05,-2.873206760679674647e-05,-2.873206760679674647e-05,7.663344150377819457e-05
0.000000000000000000e+00,3.887999999999999901e+00,3.995222596648145401e-05,3.995222596648145401e-05,-2.861839206532879341e-05,-2.861839206532879341e-05,7.510406422660823511e-05
0.000000000000000000e+00,3.892000000000000348e+00,3.983797880972744809e-05,3.983797880972744809e-05,-2.850527993534036940e-05,-2.850527993534036940e-05,7.355847347789731361e-05
0.000000000000000000e+00,3.895999999999999908e+00,3.972418298022509605e-05,3.972418298022509605e-05,-2.839272788633349446e-05,-2.839272788633349446e-05,7.199547623874083026e-05
0.000000000000000000e+00,3.900000000000000355e+00,3.961083624427341466e-05,3.961083624427341466e-05,-2.828073261059814973e-05,-2.828073261059814973e-05,7.041376271431046979e-05
0.000000000000000000e+00,3.903999999999999915e+00,3.949793638135708771e-05,3.949793638135708771e-05,-2.816929082303558647e-05,-2.816929082303558647e-05,6.881188960659166849e-05
0.000000000000000000e+00,3.908000000000000362e+00,3.938548118405610452e-05,3.938548118405610452e-05,-2.805839926098292584e-05,-2.805839926098292584e-05,6.718826019396821289e-05
0.000000000000000000e+00,3.911999999999999922e+00,3.927346845795671987e-05,3.927346845795671987e-05,-2.794805468403954084e-05,-2.794805468403954084e-05,6.554110044138534009e-05
0.000000000000000000e+00,3.916000000000000369e+00,3.916189602156237322e-05,3.916189602156237322e-05,-2.783825387389463090e-05,-2.783825387389463090e-05,6.386843013172722528e-05
0.000000000000000000e+00,3.919999999999999929e+00,3.905076170620600385e-05,3.905076170620600385e-05,-2.772899363415662609e-05,-2.772899363415662609e-05,6.216802769139086573e-05
0.000000000000000000e+00,3.924000000000000377e+00,3.894006335596240671e-05,3.894006335596240671e-05,-2.762027079018369920e-05,-2.762027079018369920e-05,6.043738694416900525e-05
0.000000000000000000e+00,3.927999999999999936e+00,3.882979882756186886e-05,3.882979882756186886e-05,-2.751208218891615481e-05,-2.751208218891615481e-05,5.867366341239350713e-05
0.000000000000000000e+00,3.932000000000000384e+00,3.871996599030392129e-05,3.871996599030392129e-05,-2.740442469870983157e-05,-2.740442469870983157e-05,5.687360690790019968e-05
0.000000000000000000e+00,3.935999999999999943e+00,3.861056272597223574e-05,3.861056272597223574e-05,-2.729729520917133044e-05,-2.729729520917133044e-05,5.503347588466723687e-05
0.000000000000000000e+00,3.940000000000000391e+00,3.850158692874966395e-05,3.850158692874966395e-05,-2.719069063099429690e-05,-2.719069063099429690e-05,5.314892714588588296e-05
0.000000000000000000e+00,3.943999999999999950e+00,3.839303650513456435e-05,3.839303650513456435e-05,-2.708460789579747834e-05,-2.708460789579747834e-05,5.121487165827373920e-05
0.000000000000000000e+00,3.948000000000000398e+00,3.828490937385704742e-05,3.828490937385704742e-05,-2.697904395596379120e-05,-2.697904395596379120e-05,4.922528282780299058e-05
0.000000000000000000e+00,3.951999999999999957e+00,3.817720346579661704e-05,3.817720346579661704e-05,-2.687399578448118381e-05,-2.687399578448118381e-05,4.717293658750938625e-05
0.000000000000000000e+00,3.956000000000000405e+00,3.806991672389973039e-05,3.806991672389973039e-05,-2.676946037478440728e-05,-2.676946037478440728e-05,4.504905114052570143e-05
0.000000000000000000e+00,3.959999999999999964e+00,3.796304710309856417e-05,3.796304710309856417e-05,-2.666543474059861589e-05,-2.666543474059861589e-05,4.284277459736253018e-05
0.000000000000000000e+00,3.964000000000000412e+00,3.785659257022999755e-05,3.785659257022999755e-05,-2.656191591578382479e-05,-2.656191591578382479e-05,4.054043391485788326e-05
0.000000000000000000e+00,3.967999999999999972e+00,3.775055110395555741e-05,3.775055110395555741e-05,-2.645890095418119720e-05,-2.645890095418119720e-05,3.812439351427091542e-05
0.000000000000000000e+00,3.972000000000000419e+00,3.764492069468158039e-05,3.764492069468158039e-05,-2.635638692946010755e-05,-2.635638692946010755e-05,3.557124312238528350e-05
0.000000000000000000e+00,3.975999999999999979e+00,3.753969934448044563e-05,3.753969934448044563e-05,-2.625437093496711211e-05,-2.625437093496711211e-05,3.284875993034289056e-05
0.000000000000000000e+00,3.980000000000000426e+00,3.743488506701190231e-05,3.743488506701190231e-05,-2.615285008357553625e-05,-2.615285008357553625e-05,2.991044974244716498e-05
0.000000000000000000e+00,3.983999999999999986e+00,3.733047588744554924e-05,3.733047588744554924e-05,-2.605182150753703705e-05,-2.605182150753703705e-05,2.668478926607948865e-05
0.000000000000000000e+00,3.988000000000000433e+00,3.722646984238334145e-05,3.722646984238334145e-05,-2.595128235833375871e-05,-2.595128235833375871e-05,2.305109184543597061e-05
0.000000000000000000e+00,3.991999999999999993e+00,3.712286497978318112e-05,3.712286497978318112e-05,-2.585122980653238207e-05,-2.585122980653238207e-05,1.877345528356310963e-05
0.000000000000000000e+00,3.995999999999999996e+00,3.701965935888271842e-05,3.701965935888271842e-05,-2.575166104163881774e-05,-2.575166104163881774e-05,1.324124441986650353e-05
0.000000000000000000e+00,4.000000000000000000e+00,3.691685105012392496e-05,3.691685105012392496e-05,-3.847885990793186806e-05,-2.565257327195458322e-05,0.000000000000000000e+00
0.000000000000000000e+00,4.003999999999999559e+00,3.676332475677444438e-05,3.681443813507837194e-05,-3.828447990787904235e-05,-2.555396372443438619e-05,0.000000000000000000e+00
0.000000000000000000e+00,4.008000000000000007e+00,3.661057367101947126e-05,3.671241870637246760e-05,-3.809125479096595930e-05,-2.545582964454428033e-05,0.000000000000000000e+00
0.000000000000000000e+00,4.012000000000000455e+00,3.645859318912218701e-05,3.661079086761417196e-05,-3.789917666948830135e-05,-2.535816829612199300e-05,0.000000000000000000e+00
0.000000000000000000e+00,4.016000000000000014e+00,3.630737873877476116e-05,3.650955273331954888e-05,-3.770823771661231682e-05,-2.526097696123771706e-05,0.000000000000000000e+00
0.000000000000000000e+00,4.019999999999999574e+00,3.615692577885582887e-05,3.640870242884015841e-05,-3.751843016585103502e-05,-2.516425294005637995e-05,0.000000000000000000e+00
0.000000000000000000e+00,4.024000000000000021e+00,3.600722979918997421e-05,3.630823809029082181e-05,-3.732974631054539422e-05,-2.506799355070085122e-05,0.000000000000000000e+00
0.000000000000000000e+00,4.028000000000000469e+00,3.585828632030989011e-05,3.620815786447828782e-05,-3.714217850335093291e-05,-2.497219612911666121e-05,0.000000000000000000e+00
0.000000000000000000e+00,4.032000000000000028e+00,3.571009089321973092e-05,3.610845990883011580e-05,-3.695571915572840450e-05,-2.487685802893757696e-05,0.000000000000000000e+00
0.000000000000000000e+00,4.035999999999999588e+00,3.556263909916091792e-05,3.600914239132411445e-05,-3.677036073743967755e-05,-2.478197662135235032e-05,0.000000000000000000e+00
0.000000000000000000e+00,4.040000000000000036e+00,3.541592654938020140e-05,3.591020349041847181e-05,-3.658609577604869781e-05,-2.468754929497263845e-05,0.000000000000000000e+00
0.000000000000000000e+00,4.044000000000000483e+00,3.526994888489928126e-05,3.581164139498224430e-05,-3.640291685642666511e-05,-2.459357345570199830e-05,0.000000000000000000e+00
0.000000000000000000e+00,4.048000000000000043e+00,3.512470177628662985e-05,3.571345430422669966e-05,-3.622081662026217731e-05,-2.450004652660617876e-05,0.000000000000000000e+00
0.000000000000000000e+00,4.051999999999999602e+00,3.498018092343110381e-05,3.561564042763647685e-05,-3.603978776557575166e-05,-2.440696594778401252e-05,0.000000000000000000e+00
0.000000000000000000e+00,4.056000000000000050e+00,3.483638205531740581e-05,3.551819798490212161e-05,-3.585982304623889301e-05,-2.431432917623996807e-05,0.000000000000000000e+00
0.000000000000000000e+00,4.060000000000000497e+00,3.469330092980411445e-05,3.542112520585254061e-05,-3.568091527149837983e-05,-2.422213368575740314e-05,0.000000000000000000e+00
0.000000000000000000e+00,4.064000000000000057e+00,3.455093333340279163e-05,3.532442033038813334e-05,-3.550305730550411444e-05,-2.413037696677300387e-05,0.000000000000000000e+00
0.000000000000000000e+00,4.067999999999999616e+00,3.440927508105938031e-05,3.522808160841450667e-05,-3.532624206684185903e-05,-2.403905652625223710e-05,0.000000000000000000e+00
0.000000000000000000e+00,4.072000000000000064e+00,3.426832201593732339e-05,3.513210729977640626e-05,-3.515046252807026096e-05,-2.394816988756576150e-05,0.000000000000000000e+00
0.000000000000000000e+00,4.076000000000000512e+00,3.412807000920250544e-05,3.503649567419267805e-05,-3.497571171526212686e-05,-2.385771459036721765e-05,0.000000000000000000e+00
0.000000000000000000e+00,4.080000000000000071e+00,3.398851495981073555e-05,3.494124501119110762e-05,-3.480198270755080595e-05,-2.376768819047158732e-05,0.000000000000000000e+00
0.000000000000000000e+00,4.083999999999999631e+00,3.384965279429539951e-05,3.484635360004408641e-05,-3.462926863667906033e-05,-2.367808825973474540e-05,0.000000000000000000e+00
0.000000000000000000e+00,4.088000000000000078e+00,3.371147946655861540e-05,3.475181973970470475e-05,-3.445756268655393221e-05,-2.358891238593414344e-05,0.000000000000000000e+00
0.000000000000000000e+00,4.092000000000000526e+00,3.357399095766336490e-05,3.465764173874327184e-05,-3.428685809280503994e-05,-2.350015817265032670e-05,0.000000000000000000e+00
0.000000000000000000e+00,4.096000000000000085e+00,3.343718327562738652e-05,3.456381791528447944e-05,-3.411714814234687206e-05,-2.341182323914952520e-05,0.000000000000000000e+00
0.000000000000000000e+00,4.099999999999999645e+00,3.330105245521881695e-05,3.447034659694461301e-05,-3.394842617294523514e-05,-2.332390522026706810e-05,0.000000000000000000e+00
0.000000000000000000e+00,4.104000000000000092e+00,3.316559455775369605e-05,3.437722612076979286e-05,-3.378068557278788268e-05,-2.323640176629203477e-05,0.000000000000000000e+00
0.000000000000000000e+00,4.108000000000000540e+00,3.303080567089548429e-05,3.428445483317422884e-05,-3.361391978005946036e-05,-2.314931054285256654e-05,0.000000000000000000e+00
0.000000000000000000e+00,4.112000000000000099e+00,3.289668190845514265e-05,3.419203108987914585e-05,-3.344812228251924996e-05,-2.306262923080240151e-05,0.000000000000000000e+00
0.000000000000000000e+00,4.115999999999999659e+00,3.276321941019466838e-05,3.409995325585200756e-05,-3.328328661708459185e-05,-2.297635552610798884e-05,0.000000000000000000e+00
0.000000000000000000e+00,4.120000000000000107e+00,3.263041434163030559e-05,3.400821970524651257e-05,-3.311940636941623854e-05,-2.289048713973708350e-05,0.000000000000000000e+00
0.000000000000000000e+00,4.124000000000000554e+00,3.249826289383906931e-05,3.391682882134252963e-05,-3.295647517350920396e-05,-2.280502179754760887e-05,0.000000000000000000e+00
0.000000000000000000e+00,4.128000000000000114e+00,3.236676128326605571e-05,3.382577899648700183e-05,-3.279448671128658743e-05,-2.271995724017803706e-05,0.000000000000000000e+00
0.000000000000000000e+00,4.131999999999999673e+00,3.223590575153337175e-05,3.373506863203491860e-05,-3.263343471219708392e-05,-2.263529122293822670e-05,0.000000000000000000e+00
0.000000000000000000e+00,4.136000000000000121e+00,3.210569256525088773e-05,3.364469613829081617e-05,-3.247331295281651942e-05,-2.255102151570137205e-05,0.000000000000000000e+00
0.000000000000000000e+00,4.140000000000000568e+00,3.197611801582885325e-05,3.355465993445081347e-05,-3.231411525645335722e-05,-2.246714590279684992e-05,0.000000000000000000e+00
0.000000000000000000e+00,4.144000000000000128e+00,3.184717841929116371e-05,3.346495844854502740e-05,-3.215583549275683335e-05,-2.238366218290391705e-05,0.000000000000000000e+00
0.000000000000000000e+00,4.147999999999999687e+00,3.171887011609114085e-05,3.337559011738032021e-05,-3.199846757732977443e-05,-2.230056816894618676e-05,0.000000000000000000e+00
0.000000000000000000e+00,4.152000000000000135e+00,3.159118947092856680e-05,3.328655338648346017e-05,-3.184200547134461394e-05,-2.221786168798706439e-05,0.000000000000000000e+00
0.000000000000000000e+00,4.156000000000000583e+00,3.146413287256797861e-05,3.319784671004487862e-05,-3.168644318116272882e-05,-2.213554058112607049e-05,0.000000000000000000e+00
0.000000000000000000e+00,4.160000000000000142e+00,3.133769673365864323e-05,3.310946855086285384e-05,-3.153177475795748268e-05,-2.205360270339603473e-05,0.000000000000000000e+00
0.000000000000000000e+00,4.163999999999999702e+00,3.121187749055619274e-05,3.302141738028768823e-05,-3.137799429734074532e-05,-2.197204592366092341e-05,0.000000000000000000e+00
0.000000000000000000e+00,4.168000000000000149e+00,3.108667160314548599e-05,3.293369167816673248e-05,-3.122509593899275282e-05,-2.189086812451468677e-05,0.000000000000000000e+00
0.000000000000000000e+00,4.172000000000000597e+00,3.096207555466527962e-05,3.284628993278973497e-05,-3.107307386629566079e-05,-2.181006720218097369e-05,0.000000000000000000e+00
0.000000000000000000e+00,4.176000000000000156e+00,3.083808585153390860e-05,3.275921064083447585e-05,-3.092192230596990297e-05,-2.172964106641355449e-05,0.000000000000000000e+00
0.000000000000000000e+00,4.179999999999999716e+00,3.071469902317672197e-05,3.267245230731272631e-05,-3.077163552771435126e-05,-2.164958764039751960e-05,0.000000000000000000e+00
0.000000000000000000e+00,4.184000000000000163e+00,3.059191162185479921e-05,3.258601344551683132e-05,-3.062220784384948451e-05,-2.156990486065136261e-05,0.000000000000000000e+00
0.000000000000000000e+00,4.188000000000000611e+00,3.046972022249568932e-05,3.249989257696669887e-05,-3.047363360896455524e-05,-2.149059067693003897e-05,0.000000000000000000e+00
0.000000000000000000e+00,4.192000000000000171e+00,3.034812142252431256e-05,3.241408823135675545e-05,-3.032590721956659609e-05,-2.141164305212835345e-05,0.000000000000000000e+00
0.000000000000000000e+00,4.195999999999999730e+00,3.022711184169631180e-05,3.232859894650376876e-05,-3.017902311373379704e-05,-2.133305996218556731e-05,0.000000000000000000e+00
0.000000000000000000e+00,4.200000000000000178e+00,3.010668812193240676e-05,3.224342326829484669e-05,-3.003297577077161678e-05,-2.125483939599056443e-05,0.000000000000000000e+00
0.000000000000000000e+00,4.204000000000000625e+00,2.998684692715451009e-05,3.215855975063574798e-05,-2.988775971087245846e-05,-2.117697935528786460e-05,0.000000000000000000e+00
0.000000000000000000e+00,4.208000000000000185e+00,2.986758494312215511e-05,3.207400695539976208e-05,-2.974336949477738163e-05,-2.109947785458441598e-05,0.000000000000000000e+00
0.000000000000000000e+00,4.211999999999999744e+00,2.974889887727171541e-05,3.198976345237675845e-05,-2.959979972344231030e-05,-2.102233292105700762e-05,0.000000000000000000e+00
0.000000000000000000e+00,4.216000000000000192e+00,2.963078545855561094e-05,3.190582781922263558e-05,-2.945704503770598586e-05,-2.094554259446055613e-05,0.000000000000000000e+00
0.000000000000000000e+00,4.220000000000000639e+00,2.951324143728375693e-05,3.182219864140937320e-05,-2.931510011796185697e-05,-2.086910492703717839e-05,0.000000000000000000e+00
0.000000000000000000e+00,4.224000000000000199e+00,2.939626358496614454e-05,3.173887451217513188e-05,-2.917395968383274782e-05,-2.079301798342588089e-05,0.000000000000000000e+00
0.000000000000000000e+00,4.227999999999999758e+00,2.927984869415605846e-05,3.165585403247484045e-05,-2.903361849384779634e-05,-2.071727984057297414e-05,0.000000000000000000e+00
0.000000000000000000e+00,4.232000000000000206e+00,2.916399357829539172e-05,3.157313581093119015e-05,-2.889407134512322103e-05,-2.064188858764334089e-05,0.000000000000000000e+00
0.000000000000000000e+00,4.236000000000000654e+00,2.904869507156116677e-05,3.149071846378591322e-05,-2.875531307304581187e-05,-2.056684232593229727e-05,0.000000000000000000e+00
0.000000000000000000e+00,4.240000000000000213e+00,2.893395002871270694e-05,3.140860061485152240e-05,-2.861733855095876917e-05,-2.049213916877822979e-05,0.000000000000000000e+00
0.000000000000000000e+00,4.243999999999999773e+00,2.881975532494054953e-05,3.132678089546311136e-05,-2.848014268985078491e-05,-2.041777724147586937e-05,0.000000000000000000e+00
0.000000000000000000e+00,4.248000000000000220e+00,2.870610785571645659e-05,3.124525794443088015e-05,-2.834372043804785822e-05,-2.034375468119033442e-05,0.000000000000000000e+00
0.000000000000000000e+00,4.252000000000000668e+00,2.859300453664484197e-05,3.116403040799278952e-05,-2.820806678090808238e-05,-2.027006963687185830e-05,0.000000000000000000e+00
0.000000000000000000e+00,4.256000000000000227e+00,2.848044230331513006e-05,3.108309693976757425e-05,-2.807317674051884739e-05,-2.019672026917117757e-05,0.000000000000000000e+00
0.000000000000000000e+00,4.259999999999999787e+00,2.836841811115531735e-05,3.100245620070810895e-05,-2.793904537539681761e-05,-2.012370475035555033e-05,0.000000000000000000e+00
0.000000000000000000e+00,4.264000000000000234e+00,2.825692893528702142e-05,3.092210685905502447e-05,-2.780566778019088060e-05,-2.005102126422549289e-05,0.000000000000000000e+00
0.000000000000000000e+00,4.268000000000000682e+00,2.814597177038153270e-05,3.084204759029089368e-05,-2.767303908538762028e-05,-1.997866800603226859e-05,0.000000000000000000e+00
0.000000000000000000e+00,4.272000000000000242e+00,2.803554363051688619e-05,3.076227707709451868e-05,-2.754115445701924640e-05,-1.990664318239593566e-05,0.000000000000000000e+00
0.000000000000000000e+00,4.275999999999999801e+00,2.792564154903662716e-05,3.068279400929559771e-05,-2.741000909637467158e-05,-1.983494501122400500e-05,0.000000000000000000e+00
0.000000000000000000e+00,4.280000000000000249e+00,2.781626257840882083e-05,3.060359708382978487e-05,-2.727959823971234005e-05,-1.976357172163088728e-05,0.000000000000000000e+00
0.000000000000000000e+00,4.284000000000000696e+00,2.770740379008722028e-05,3.052468500469393976e-05,-2.714991715797658003e-05,-1.969252155385785514e-05,0.000000000000000000e+00
0.000000000000000000e+00,4.288000000000000256e+00,2.759906227437278672e-05,3.044605648290192585e-05,-2.702096115651575524e-05,-1.962179275919378462e-05,0.000000000000000000e+00
0.000000000000000000e+00,4.291999999999999815e+00,2.749123514027692418e-05,3.036771023644039538e-05,-2.689272557480349614e-05,-1.955138359989630657e-05,0.000000000000000000e+00
0.000000000000000000e+00,4.296000000000000263e+00,2.738391951538514784e-05,3.028964499022521802e-05,-2.676520578616179474e-05,-1.948129234911385248e-05,0.000000000000000000e+00
0.000000000000000000e+00,4.300000000000000711e+00,2.727711254572246340e-05,3.021185947605800430e-05,-2.663839719748717914e-05,-1.941151729080813743e-05,0.000000000000000000e+00
0.000000000000000000e+00,4.304000000000000270e+00,2.717081139561980017e-05,3.013435243258299169e-05,-2.651229524897922934e-05,-1.934205671967729356e-05,0.000000000000000000e+00
0.000000000000000000e+00,4.307999999999999829e+00,2.706501324758087438e-05,3.005712260524433715e-05,-2.638689541387095308e-05,-1.927290894107967095e-05,0.000000000000000000e+00
0.000000000000000000e+00,4.312000000000000277e+00,2.695971530215105500e-05,2.998016874624352159e-05,-2.626219319816243465e-05,-1.920407227095816374e-05,0.000000000000000000e+00
0.000000000000000000e+00,4.316000000000000725e+00,2.685491477778649368e-05,2.990348961449722177e-05,-2.613818414035608625e-05,-1.913554503576521718e-05,0.000000000000000000e+00
0.000000000000000000e+00,4.320000000000000284e+00,2.675060891072480321e-05,2.982708397559543647e-05,-2.601486381119476915e-05,-1.906732557238839380e-05,0.000000000000000000e+00
0.000000000000000000e+00,4.323999999999999844e+00,2.664679495485652871e-05,2.975095060175983610e-05,-2.589222781340190361e-05,-1.899941222807644773e-05,0.000000000000000000e+00
0.000000000000000000e+00,4.328000000000000291e+00,2.654347018159788264e-05,2.967508827180247836e-05,-2.577027178142424197e-05,-1.893180336036614784e-05,0.000000000000000000e+00
0.000000000000000000e+00,4.332000000000000739e+00,2.644063187976420824e-05,2.959949577108489654e-05,-2.564899138117654237e-05,-1.886449733700957523e-05,0.000000000000000000e+00
0.000000000000000000e+00,4.336000000000000298e+00,2.633827735544470671e-05,2.952417189147717766e-05,-2.552838230978878706e-05,-1.879749253590192549e-05,0.000000000000000000e+00
0.000000000000000000e+00,4.339999999999999858e+00,2.623640393187802168e-05,2.944911543131781650e-05,-2.540844029535547417e-05,-1.873078734501012419e-05,0.000000000000000000e+00
0.000000000000000000e+00,4.344000000000000306e+00,2.613500894932884342e-05,2.937432519537329519e-05,-2.528916109668716264e-05,-1.866438016230168625e-05,0.000000000000000000e+00
0.000000000000000000e+00,4.347999999999999865e+00,2.603408976496576668e-05,2.929979999479840819e-05,-2.517054050306451077e-05,-1.859826939567441560e-05,0.000000000000000000e+00
0.000000000000000000e+00,4.352000000000000313e+00,2.593364375273957885e-05,2.922553864709655675e-05,-2.505257433399386317e-05,-1.853245346288643350e-05,0.000000000000000000e+00
0.000000000000000000e+00,4.355999999999999872e+00,2.583366830326312358e-05,2.915153997608057197e-05,-2.493525843896566345e-05,-1.846693079148698947e-05,0.000000000000000000e+00
0.000000000000000000e+00,4.360000000000000320e+00,2.573416082369150320e-05,2.907780281183353443e-05,-2.481858869721436099e-05,-1.840169981874753655e-05,0.000000000000000000e+00
0.000000000000000000e+00,4.363999999999999879e+00,2.563511873760394136e-05,2.900432599067022743e-05,-2.470256101748114009e-05,-1.833675899159367388e-05,0.000000000000000000e+00
0.000000000000000000e+00,4.368000000000000327e+00,2.553653948488621487e-05,2.893110835509842755e-05,-2.458717133777831945e-05,-1.827210676653727905e-05,0.000000000000000000e+00
0.000000000000000000e+00,4.371999999999999886e+00,2.543842052161358352e-05,2.885814875378083904e-05,-2.447241562515548976e-05,-1.820774160960945357e-05,0.000000000000000000e+00
0.000000000000000000e+00,4.376000000000000334e+00,2.534075931993564788e-05,2.878544604149715347e-05,-2.435828987546857186e-05,-1.814366199629386138e-05,0.000000000000000000e+00
0.000000000000000000e+00,4.379999999999999893e+00,2.524355336796126799e-05,2.871299907910625514e-05,-2.424479011315016578e-05,-1.807986641146056879e-05,0.000000000000000000e+00
0.000000000000000000e+00,4.384000000000000341e+00,2.514680016964481021e-05,2.864080673350897536e-05,-2.413191239098225793e-05,-1.801635334930049432e-05,0.000000000000000000e+00
0.000000000000000000e+00,4.387999999999999901e+00,2.505049724467329196e-05,2.856886787761078235e-05,-2.401965278987093063e-05,-1.795312131326030574e-05,0.000000000000000000e+00
0.000000000000000000e+00,4.392000000000000348e+00,2.495464212835395669e-05,2.849718139028495557e-05,-2.390800741862259639e-05,-1.789016881597777110e-05,0.000000000000000000e+00
0.000000000000000000e+00,4.395999999999999908e+00,2.485923237150369888e-05,2.842574615633599737e-05,-2.379697241372314247e-05,-1.782749437921783150e-05,0.000000000000000000e+00
0.000000000000000000e+00,4.400000000000000355e+00,2.476426554033834662e-05,2.835456106646313260e-05,-2.368654393911796667e-05,-1.776509653380882963e-05,0.000000000000000000e+00
0.000000000000000000e+00,4.403999999999999915e+00,2.466973921636335707e-05,2.828362501722435037e-05,-2.357671818599451678e-05,-1.770297381957964302e-05,0.000000000000000000e+00
0.000000000000000000e+00,4.408000000000000362e+00,2.457565099626531500e-05,2.821293691100029675e-05,-2.346749137256662929e-05,-1.764112478529685114e-05,0.000000000000000000e+00
0.000000000000000000e+00,4.411999999999999922e+00,2.448199849180434260e-05,2.814249565595890602e-05,-2.335885974386081953e-05,-1.757954798860287147e-05,0.000000000000000000e+00
0.000000000000000000e+00,4.416000000000000369e+00,2.438877932970712263e-05,2.807230016601981179e-05,-2.325081957150419145e-05,-1.751824199595413626e-05,0.000000000000000000e+00
0.000000000000000000e+00,4.419999999999999929e+00,2.429599115156099221e-05,2.800234936081932722e-05,-2.314336715351443779e-05,-1.745720538256007232e-05,0.000000000000000000e+00
0.000000000000000000e+00,4.424000000000000377e+00,2.420363161370873113e-05,2.793264216567551003e-05,-2.303649881409150724e-05,-1.739643673232237211e-05,0.000000000000000000e+00
0.000000000000000000e+00,4.427999999999999936e+00,2.411169838714441073e-05,2.786317751155353915e-05,-2.293021090341133499e-05,-1.733593463777481712e-05,0.000000000000000000e+00
0.000000000000000000e+00,4.432000000000000384e+00,2.402018915740963568e-05,2.779395433503128795e-05,-2.282449979742091160e-05,-1.727569770002351465e-05,0.000000000000000000e+00
0.000000000000000000e+00,4.435999999999999943e+00,2.392910162449122247e-05,2.772497157826516844e-05,-2.271936189763579803e-05,-1.721572452868768002e-05,0.000000000000000000e+00
0.000000000000000000e+00,4.440000000000000391e+00,2.383843350271889135e-05,2.765622818895617206e-05,-2.261479363093854539e-05,-1.715601374184074745e-05,0.000000000000000000e+00
0.000000000000000000e+00,4.443999999999999950e+00,2.374818252066466932e-05,2.758772312031621535e-05,-2.251079144937982853e-05,-1.709656396595209083e-05,0.000000000000000000e+00
0.000000000000000000e+00,4.448000000000000398e+00,2.365834642104209655e-05,2.751945533103457035e-05,-2.240735182998028778e-05,-1.703737383582900532e-05,0.000000000000000000e+00
0.000000000000000000e+00,4.451999999999999957e+00,2.356892296060727270e-05,2.745142378524480657e-05,-2.230447127453512519e-05,-1.697844199455939709e-05,0.000000000000000000e+00
0.000000000000000000e+00,4.456000000000000405e+00,2.347990991005978446e-05,2.738362745249157040e-05,-2.220214630941952076e-05,-1.691976709345458156e-05,0.000000000000000000e+00
0.000000000000000000e+00,4.459999999999999964e+00,2.339130505394491056e-05,2.731606530769799127e-05,-2.210037348539623062e-05,-1.686134779199286753e-05,0.000000000000000000e+00
0.000000000000000000e+00,4.464000000000000412e+00,2.330310619055629432e-05,2.724873633113300309e-05,-2.199914937742452345e-05,-1.680318275776329054e-05,0.000000000000000000e+00
0.000000000000000000e+00,4.467999999999999972e+00,2.321531113183981552e-05,2.718163950837907571e-05,-2.189847058447122780e-05,-1.674527066640997972e-05,0.000000000000000000e+00
0.000000000000000000e+00,4.472000000000000419e+00,2.312791770329782149e-05,2.711477383030006156e-05,-2.179833372932301941e-05,-1.668761020157679572e-05,0.000000000000000000e+00
0.000000000000000000e+00,4.475999999999999979e+00,2.304092374389403583e-05,2.704813829300933701e-05,-2.169873545840023658e-05,-1.663020005485252767e-05,0.000000000000000000e+00
0.000000000000000000e+00,4.480000000000000426e+00,2.295432710595951737e-05,2.698173189783813691e-05,-2.159967244157262343e-05,-1.657303892571642559e-05,0.000000000000000000e+00
0.000000000000000000e+00,4.483999999999999986e+00,2.286812565509949339e-05,2.691555365130408564e-05,-2.150114137197679426e-05,-1.651612552148416983e-05,0.000000000000000000e+00
0.000000000000000000e+00,4.488000000000000433e+00,2.278231727010010462e-05,2.684960256507992461e-05,-2.140313896583444339e-05,-1.645945855725425392e-05,0.000000000000000000e+00
0.000000000000000000e+00,4.491999999999999993e+00,2.269689984283705783e-05,2.678387765596260917e-05,-2.130566196227331961e-05,-1.640303675585485523e-05,0.000000000000000000e+00
0.000000000000000000e+00,4.496000000000000441e+00,2.261187127818368891e-05,2.671837794584231731e-05,-2.120870712314841078e-05,-1.634685884779089546e-05,0.000000000000000000e+00
0.000000000000000000e+00,4.500000000000000000e+00,2.252722949392105199e-05,2.665310246167202087e-05,-2.111227123286601168e-05,-1.629092357119180237e-05,0.000000000000000000e+00
0.000000000000000000e+00,4.504000000000000448e+00,2.244297242064756135e-05,2.658805023543688733e-05,-2.101635109820810025e-05,-1.623522967175935292e-05,0.000000000000000000e+00
0.000000000000000000e+00,4.508000000000000007e+00,2.235909800169019526e-05,2.652322030412439989e-05,-2.092094354815912603e-05,-1.617977590271629226e-05,0.000000000000000000e+00
0.000000000000000000e+00,4.512000000000000455e+00,2.227560419301576083e-05,2.645861170969405736e-05,-2.082604543373362552e-05,-1.612456102475492894e-05,0.000000000000000000e+00
0.000000000000000000e+00,4.516000000000000014e+00,2.219248896314333450e-05,2.639422349904777548e-05,-2.073165362780582616e-05,-1.606958380598640107e-05,0.000000000000000000e+00
0.000000000000000000e+00,4.520000000000000462e+00,2.210975029305686519e-05,2.633005472400024076e-05,-2.063776502494015508e-05,-1.601484302189025752e-05,0.000000000000000000e+00
0.000000000000000000e+00,4.524000000000000021e+00,2.202738617611922078e-05,2.626610444124968444e-05,-2.054437654122398400e-05,-1.596033745526445250e-05,0.000000000000000000e+00
0.000000000000000000e+00,4.528000000000000469e+00,2.194539461798593983e-05,2.620237171234841253e-05,-2.045148511410083819e-05,-1.590606589617553319e-05,0.000000000000000000e+00
0.000000000000000000e+00,4.532000000000000028e+00,2.186377363652036227e-05,2.613885560367415579e-05,-2.035908770220575711e-05,-1.585202714190954578e-05,0.000000000000000000e+00
0.000000000000000000e+00,4.536000000000000476e+00,2.178252126170931912e-05,2.607555518640107404e-05,-2.026718128520190501e-05,-1.579821999692297528e-05,0.000000000000000000e+00
0.000000000000000000e+00,4.540000000000000036e+00,2.170163553557913732e-05,2.601246953647128575e-05,-2.017576286361829645e-05,-1.574464327279430880e-05,0.000000000000000000e+00
0.000000000000000000e+00,4.544000000000000483e+00,2.162111451211246109e-05,2.594959773456635010e-05,-2.008482945868907347e-05,-1.569129578817571400e-05,0.000000000000000000e+00
0.000000000000000000e+00,4.548000000000000043e+00,2.154095625716593389e-05,2.588693886607927087e-05,-1.999437811219430063e-05,-1.563817636874542232e-05,0.000000000000000000e+00
0.000000000000000000e+00,4.552000000000000490e+00,2.146115884838831742e-05,2.582449202108624278e-05,-1.990440588630195955e-05,-1.558528384716010537e-05,0.000000000000000000e+00
0.000000000000000000e+00,4.556000000000000050e+00,2.138172037513903420e-05,2.576225629431906194e-05,-1.981490986341112915e-05,-1.553261706300790187e-05,0.000000000000000000e+00
0.000000000000000000e+00,4.560000000000000497e+00,2.130263893840793655e-05,2.570023078513728560e-05,-1.972588714599696853e-05,-1.548017486276157675e-05,0.000000000000000000e+00
0.000000000000000000e+00,4.564000000000000057e+00,2.122391265073478767e-05,2.563841459750096445e-05,-1.963733485645625539e-05,-1.542795609973225619e-05,0.000000000000000000e+00
0.000000000000000000e+00,4.568000000000000504e+00,2.114553963613045707e-05,2.557680683994328002e-05,-1.954925013695518775e-05,-1.537595963402329144e-05,0.000000000000000000e+00
0.000000000000000000e+00,4.572000000000000064e+00,2.106751802999759089e-05,2.551540662554353797e-05,-1.946163014927747712e-05,-1.532418433248466133e-05,0.000000000000000000e+00
0.000000000000000000e+00,4.576000000000000512e+00,2.098984597905294232e-05,2.545421307190008669e-05,-1.937447207467464722e-05,-1.527262906866745613e-05,0.000000000000000000e+00
0.000000000000000000e+00,4.580000000000000071e+00,2.091252164124954283e-05,2.539322530110390343e-05,-1.928777311371695960e-05,-1.522129272277913725e-05,0.000000000000000000e+00
0.000000000000000000e+00,4.584000000000000519e+00,2.083554318569960187e-05,2.533244243971180775e-05,-1.920153048614565042e-05,-1.517017418163862587e-05,0.000000000000000000e+00
0.000000000000000000e+00,4.588000000000000078e+00,2.075890879259834166e-05,2.527186361872023739e-05,-1.911574143072681392e-05,-1.511927233863213354e-05,0.000000000000000000e+00
0.000000000000000000e+00,4.592000000000000526e+00,2.068261665314815383e-05,2.521148797353897663e-05,-1.903040320510617349e-05,-1.506858609366904367e-05,0.000000000000000000e+00
0.000000000000000000e+00,4.596000000000000085e+00,2.060666496948342021e-05,2.515131464396526428e-05,-1.894551308566528260e-05,-1.501811435313837566e-05,0.000000000000000000e+00
0.000000000000000000e+00,4.600000000000000533e+00,2.053105195459548938e-05,2.509134277415782019e-05,-1.886106836737840673e-05,-1.496785602986528813e-05,0.000000000000000000e+00
0.000000000000000000e+00,4.604000000000000092e+00,2.045577583225907973e-05,2.503157151261131911e-05,-1.877706636367153643e-05,-1.491781004306819191e-05,0.000000000000000000e+00
0.000000000000000000e+00,4.608000000000000540e+00,2.038083483695852653e-05,2.497200001213083058e-05,-1.869350440628180356e-05,-1.486797531831599690e-05,0.000000000000000000e+00
0.000000000000000000e+00,4.612000000000000099e+00,2.030622721381464241e-05,2.491262742980650624e-05,-1.861037984511821890e-05,-1.481835078748572317e-05,0.000000000000000000e+00
0.000000000000000000e+00,4.616000000000000547e+00,2.023195121851280420e-05,2.485345292698845681e-05,-1.852769004812411063e-05,-1.476893538872046442e-05,0.000000000000000000e+00
0.000000000000000000e+00,4.620000000000000107e+00,2.015800511723046728e-05,2.479447566926177139e-05,-1.844543240113978642e-05,-1.471972806638764953e-05,0.000000000000000000e+00
0.000000000000000000e+00,4.624000000000000554e+00,2.008438718656630615e-05,2.473569482642165538e-05,-1.836360430776721480e-05,-1.467072777103754986e-05,0.000000000000000000e+00
0.000000000000000000e+00,4.628000000000000114e+00,2.001109571346926699e-05,2.467710957244885294e-05,-1.828220318923539096e-05,-1.462193345936222693e-05,0.000000000000000000e+00
0.000000000000000000e+00,4.632000000000000561e+00,1.993812899516841640e-05,2.461871908548507286e-05,-1.820122648426692575e-05,-1.457334409415462581e-05,0.000000000000000000e+00
0.000000000000000000e+00,4.636000000000000121e+00,1.986548533910307806e-05,2.456052254780877701e-05,-1.812067164894567804e-05,-1.452495864426814963e-05,0.000000000000000000e+00
0.000000000000000000e+00,4.640000000000000568e+00,1.979316306285366746e-05,2.450251914581093825e-05,-1.804053615658551214e-05,-1.447677608457636960e-05,0.000000000000000000e+00
0.000000000000000000e+00,4.644000000000000128e+00,1.972116049407331940e-05,2.444470806997103886e-05,-1.796081749760048145e-05,-1.442879539593311622e-05,0.000000000000000000e+00
0.000000000000000000e+00,4.648000000000000576e+00,1.964947597041927151e-05,2.438708851483326897e-05,-1.788151317937536125e-05,-1.438101556513288895e-05,0.000000000000000000e+00
0.000000000000000000e+00,4.652000000000000135e+00,1.957810783948570136e-05,2.432965967898285026e-05,-1.780262072613812951e-05,-1.433343558487149968e-05,0.000000000000000000e+00
0.000000000000000000e+00,4.656000000000000583e+00,1.950705445873632631e-05,2.427242076502242069e-05,-1.772413767883280358e-05,-1.428605445370701772e-05,0.000000000000000000e+00
0.000000000000000000e+00,4.660000000000000142e+00,1.943631419543786741e-05,2.421537097954880888e-05,-1.764606159499371675e-05,-1.423887117602108074e-05,0.000000000000000000e+00
0.000000000000000000e+00,4.664000000000000590e+00,1.936588542659383174e-05,2.415850953312966611e-05,-1.756839004862058431e-05,-1.419188476198032767e-05,0.000000000000000000e+00
0.000000000000000000e+00,4.668000000000000149e+00,1.929576653887917905e-05,2.410183564028047792e-05,-1.749112063005505693e-05,-1.414509422749833809e-05,0.000000000000000000e+00
0.000000000000000000e+00,4.672000000000000597e+00,1.922595592857491729e-05,2.404534851944167042e-05,-1.741425094585769763e-05,-1.409849859419763605e-05,0.000000000000000000e+00
0.000000000000000000e+00,4.676000000000000156e+00,1.915645200150365696e-05,2.398904739295584212e-05,-1.733777861868646640e-05,-1.405209688937215466e-05,0.000000000000000000e+00
0.000000000000000000e+00,4.679999999999999716e+00,1.908725317296529754e-05,2.393293148704508374e-05,-1.726170128717585204e-05,-1.400588814594981246e-05,0.000000000000000000e+00
0.000000000000000000e+00,4.684000000000000163e+00,1.901835786767341538e-05,2.387700003178859959e-05,-1.718601660581722359e-05,-1.395987140245548623e-05,0.000000000000000000e+00
0.000000000000000000e+00,4.688000000000000611e+00,1.894976451969225119e-05,2.382125226110032897e-05,-1.711072224484028648e-05,-1.391404570297423451e-05,0.000000000000000000e+00
0.000000000000000000e+00,4.692000000000000171e+00,1.888147157237375179e-05,2.376568741270687591e-05,-1.703581589009511106e-05,-1.386841009711475492e-05,0.000000000000000000e+00
0.000000000000000000e+00,4.695999999999999730e+00,1.881347747829543513e-05,2.371030472812537106e-05,-1.696129524293547931e-05,-1.382296363997312266e-05,0.000000000000000000e+00
0.000000000000000000e+00,4.700000000000000178e+00,1.874578069919847223e-05,2.365510345264163522e-05,-1.688715802010296664e-05,-1.377770539209679501e-05,0.000000000000000000e+00
0.000000000000000000e+00,4.704000000000000625e+00,1.867837970592679564e-05,2.360008283528851222e-05,-1.681340195361248066e-05,-1.373263441944893598e-05,0.000000000000000000e+00
0.000000000000000000e+00,4.708000000000000185e+00,1.861127297836560147e-05,2.354524212882419846e-05,-1.674002479063778633e-05,-1.368774979337290026e-05,0.000000000000000000e+00
0.000000000000000000e+00,4.711999999999999744e+00,1.854445900538137607e-05,2.349058058971078243e-05,-1.666702429339893873e-05,-1.364305059055702030e-05,0.000000000000000000e+00
0.000000000000000000e+00,4.716000000000000192e+00,1.847793628476188883e-05,2.343609747809297068e-05,-1.659439823905019005e-05,-1.359853589299970183e-05,0.000000000000000000e+00
0.000000000000000000e+00,4.720000000000000639e+00,1.841170332315645602e-05,2.338179205777694922e-05,-1.652214441956870305e-05,-1.355420478797473107e-05,0.000000000000000000e+00
0.000000000000000000e+00,4.724000000000000199e+00,1.834575863601721769e-05,2.332766359620933651e-05,-1.645026064164464006e-05,-1.351005636799682591e-05,0.000000000000000000e+00
0.000000000000000000e+00,4.727999999999999758e+00,1.828010074754016050e-05,2.327371136445620069e-05,-1.637874472657154673e-05,-1.346608973078743606e-05,0.000000000000000000e+00
0.000000000000000000e+00,4.732000000000000206e+00,1.821472819060711960e-05,2.321993463718238524e-05,-1.630759451013814190e-05,-1.342230397924079235e-05,0.000000000000000000e+00
0.000000000000000000e+00,4.736000000000000654e+00,1.814963950672788908e-05,2.316633269263089219e-05,-1.623680784252068681e-05,-1.337869822139028792e-05,0.000000000000000000e+00
0.000000000000000000e+00,4.740000000000000213e+00,1.808483324598320985e-05,2.311290481260237713e-05,-1.616638258817663164e-05,-1.333527157037498830e-05,0.000000000000000000e+00
0.000000000000000000e+00,4.743999999999999773e+00,1.802030796696728999e-05,2.305965028243472559e-05,-1.609631662573833661e-05,-1.329202314440639376e-05,0.000000000000000000e+00
0.000000000000000000e+00,4.748000000000000220e+00,1.795606223673175826e-05,2.300656839098294784e-05,-1.602660784790857856e-05,-1.324895206673555588e-05,0.000000000000000000e+00
0.000000000000000000e+00,4.752000000000000668e+00,1.789209463072957020e-05,2.295365843059898899e-05,-1.595725416135648794e-05,-1.320605746562031086e-05,0.000000000000000000e+00
0.000000000000000000e+00,4.756000000000000227e+00,1.782840373275910059e-05,2.290091969711182377e-05,-1.588825348661411925e-05,-1.316333847429280600e-05,0.000000000000000000e+00
0.000000000000000000e+00,4.759999999999999787e+00,1.776498813490914048e-05,2.284835148980758510e-05,-1.581960375797431583e-05,-1.312079423092725485e-05,0.000000000000000000e+00
0.000000000000000000e+00,4.764000000000000234e+00,1.770184643750386715e-05,2.279595311140989258e-05,-1.575130292338901511e-05,-1.307842387860793631e-05,0.000000000000000000e+00
0.000000000000000000e+00,4.768000000000000682e+00,1.763897724904855613e-05,2.274372386806024882e-05,-1.568334894436869558e-05,-1.303622656529739361e-05,0.000000000000000000e+00
0.000000000000000000e+00,4.772000000000000242e+00,1.757637918617544219e-05,2.269166306929864234e-05,-1.561573979588238629e-05,-1.299420144380492469e-05,0.000000000000000000e+00
0.000000000000000000e+00,4.775999999999999801e+00,1.751405087359028852e-05,2.263977002804412001e-05,-1.554847346625880453e-05,-1.295234767175518100e-05,0.000000000000000000e+00
0.000000000000000000e+00,4.780000000000000249e+00,1.745199094401872210e-05,2.258804406057566787e-05,-1.548154795708768668e-05,-1.291066441155713897e-05,0.000000000000000000e+00
0.000000000000000000e+00,4.784000000000000696e+00,1.739019803815387014e-05,2.253648448651316303e-05,-1.541496128312279612e-05,-1.286915083037323247e-05,0.000000000000000000e+00
0.000000000000000000e+00,4.788000000000000256e+00,1.732867080460360348e-05,2.248509062879834928e-05,-1.534871147218495156e-05,-1.282780610008867326e-05,0.000000000000000000e+00
0.000000000000000000e+00,4.791999999999999815e+00,1.726740789983854908e-05,2.243386181367603978e-05,-1.528279656506623094e-05,-1.278662939728102385e-05,0.000000000000000000e+00
0.000000000000000000e+00,4.796000000000000263e+00,1.720640798814032952e-05,2.238279737067536373e-05,-1.521721461543478873e-05,-1.274561990318997200e-05,0.000000000000000000e+00
0.000000000000000000e+00,4.800000000000000711e+00,1.714566974155039549e-05,2.233189663259126041e-05,-1.515196368974065052e-05,-1.270477680368742031e-05,0.000000000000000000e+00
0.000000000000000000e+00,4.804000000000000270e+00,1.708519183981888187e-05,2.228115893546597995e-05,-1.508704186712194826e-05,-1.266409928924762995e-05,0.000000000000000000e+00
0.000000000000000000e+00,4.807999999999999829e+00,1.702497297035419238e-05,2.223058361857068241e-05,-1.502244723931221242e-05,-1.262358655491768976e-05,0.000000000000000000e+00
0.000000000000000000e+00,4.812000000000000277e+00,1.696501182817286875e-05,2.218017002438722995e-05,-1.495817791054835210e-05,-1.258323780028812924e-05,0.000000000000000000e+00
0.000000000000000000e+00,4.816000000000000725e+00,1.690530711584945316e-05,2.212991749859016198e-05,-1.489423199747907546e-05,-1.254305222946388570e-05,0.000000000000000000e+00
0.000000000000000000e+00,4.820000000000000284e+00,1.684585754346735358e-05,2.207982539002853814e-05,-1.483060762907454692e-05,-1.250302905103525945e-05,0.000000000000000000e+00
0.000000000000000000e+00,4.823999999999999844e+00,1.678666182856955317e-05,2.202989305070817097e-05,-1.476730294653636449e-05,-1.246316747804924515e-05,0.000000000000000000e+00
0.000000000000000000e+00,4.828000000000000291e+00,1.672771869610996691e-05,2.198011983577378059e-05,-1.470431610320851119e-05,-1.242346672798098681e-05,0.000000000000000000e+00
0.000000000000000000e+00,4.832000000000000739e+00,1.666902687840491338e-05,2.193050510349144080e-05,-1.464164526448879096e-05,-1.238392602270554105e-05,0.000000000000000000e+00
0.000000000000000000e+00,4.836000000000000298e+00,1.661058511508530823e-05,2.188104821523094047e-05,-1.457928860774132342e-05,-1.234454458846967944e-05,0.000000000000000000e+00
0.000000000000000000e+00,4.839999999999999858e+00,1.655239215304859336e-05,2.183174853544837530e-05,-1.451724432220918426e-05,-1.230532165586402447e-05,0.000000000000000000e+00
0.000000000000000000e+00,4.844000000000000306e+00,1.649444674641181805e-05,2.178260543166883113e-05,-1.445551060892845173e-05,-1.226625645979531429e-05,0.000000000000000000e+00
0.000000000000000000e+00,4.848000000000000753e+00,1.643674765646430341e-05,2.173361827446921619e-05,-1.439408568064231578e-05,-1.222734823945893175e-05,0.000000000000000000e+00
0.000000000000000000e+00,4.852000000000000313e+00,1.637929365162139436e-05,2.168478643746110369e-05,-1.433296776171645612e-05,-1.218859623831157406e-05,0.000000000000000000e+00
0.000000000000000000e+00,4.855999999999999872e+00,1.632208350737746283e-05,2.163610929727374367e-05,-1.427215508805421524e-05,-1.214999970404407485e-05,0.000000000000000000e+00
0.000000000000000000e+00,4.860000000000000320e+00,1.626511600626060172e-05,2.158758623353722740e-05,-1.421164590701358069e-05,-1.211155788855456849e-05,0.000000000000000000e+00
0.000000000000000000e+00,4.864000000000000767e+00,1.620838993778667838e-05,2.153921662886568221e-05,-1.415143847732404206e-05,-1.207327004792169844e-05,0.000000000000000000e+00
0.000000000000000000e+00,4.868000000000000327e+00,1.615190409841403535e-05,2.149099986884058500e-05,-1.409153106900431525e-05,-1.203513544237808311e-05,0.000000000000000000e+00
0.000000000000000000e+00,4.871999999999999886e+00,1.609565729149837056e-05,2.144293534199424845e-05,-1.403192196328064786e-05,-1.199715333628396125e-05,0.000000000000000000e+00
0.000000000000000000e+00,4.876000000000000334e+00,1.603964832724836298e-05,2.139502243979328353e-05,-1.397260945250611557e-05,-1.195932299810099321e-05,0.000000000000000000e+00
0.000000000000000000e+00,4.880000000000000782e+00,1.598387602268097301e-05,2.134726055662234328e-05,-1.391359184008002864e-05,-1.192164370036634180e-05,0.000000000000000000e+00
0.000000000000000000e+00,4.884000000000000341e+00,1.592833920157789144e-05,2.129964908976781233e-05,-1.385486744036864626e-05,-1.188411471966680211e-05,0.000000000000000000e+00
0.000000000000000000e+00,4.887999999999999901e+00,1.587303669444121927e-05,2.125218743940166584e-05,-1.379643457862563507e-05,-1.184673533661322970e-05,0.000000000000000000e+00
0.000000000000000000e+00,4.892000000000000348e+00,1.581796733845065530e-05,2.120487500856543009e-05,-1.373829159091415567e-05,-1.180950483581506681e-05,0.000000000000000000e+00
0.000000000000000000e+00,4.896000000000000796e+00,1.576312997741992813e-05,2.115771120315419724e-05,-1.368043682402866284e-05,-1.177242250585510087e-05,0.000000000000000000e+00
0.000000000000000000e+00,4.900000000000000355e+00,1.570852346175450552e-05,2.111069543190091462e-05,-1.362286863541816268e-05,-1.173548763926442957e-05,0.000000000000000000e+00
0.000000000000000000e+00,4.903999999999999915e+00,1.565414664840870736e-05,2.106382710636049775e-05,-1.356558539310928168e-05,-1.169869953249748861e-05,0.000000000000000000e+00
0.000000000000000000e+00,4.908000000000000362e+00,1.559999840084368955e-05,2.101710564089421442e-05,-1.350858547563043865e-05,-1.166205748590734207e-05,0.000000000000000000e+00
0.000000000000000000e+00,4.912000000000000810e+00,1.554607758898569534e-05,2.097053045265419080e-05,-1.345186727193661799e-05,-1.162556080372116928e-05,0.000000000000000000e+00
0.000000000000000000e+00,4.916000000000000369e+00,1.549238308918452026e-05,2.092410096156796832e-05,-1.339542918133461568e-05,-1.158920879401587368e-05,0.000000000000000000e+00
0.000000000000000000e+00,4.919999999999999929e+00,1.543891378417191267e-05,2.087781659032306395e-05,-1.333926961340859526e-05,-1.155300076869383730e-05,0.000000000000000000e+00
0.000000000000000000e+00,4.924000000000000377e+00,1.538566856302108892e-05,2.083167676435179476e-05,-1.328338698794691938e-05,-1.151693604345891249e-05,0.000000000000000000e+00
0.000000000000000000e+00,4.928000000000000824e+00,1.533264632110560485e-05,2.078568091181612958e-05,-1.322777973486878155e-05,-1.148101393779258134e-05,0.000000000000000000e+00
0.000000000000000000e+00,4.932000000000000384e+00,1.527984596005941648e-05,2.073982846359255424e-05,-1.317244629415215410e-05,-1.144523377493019637e-05,0.000000000000000000e+00
0.000000000000000000e+00,4.935999999999999943e+00,1.522726638773643419e-05,2.069411885325716713e-05,-1.311738511576163961e-05,-1.140959488183749404e-05,0.000000000000000000e+00
0.000000000000000000e+00,4.940000000000000391e+00,1.517490651817081044e-05,2.064855151707075114e-05,-1.306259465957727613e-05,-1.137409658918719628e-05,0.000000000000000000e+00
0.000000000000000000e+00,4.944000000000000838e+00,1.512276527153765944e-05,2.060312589396408268e-05,-1.300807339532402162e-05,-1.133873823133583908e-05,0.000000000000000000e+00
0.000000000000000000e+00,4.948000000000000398e+00,1.507084157411342790e-05,2.055784142552314253e-05,-1.295381980250126903e-05,-1.130351914630070438e-05,0.000000000000000000e+00
0.000000000000000000e+00,4.951999999999999957e+00,1.501913435823721775e-05,2.051269755597456715e-05,-1.289983237031345559e-05,-1.126843867573694003e-05,0.000000000000000000e+00
0.000000000000000000e+00,4.956000000000000405e+00,1.496764256227204632e-05,2.046769373217109669e-05,-1.284610959760097380e-05,-1.123349616491480676e-05,0.000000000000000000e+00
0.000000000000000000e+00,4.960000000000000853e+00,1.491636513056630289e-05,2.042282940357724658e-05,-1.279264999277151255e-05,-1.119869096269720644e-05,0.000000000000000000e+00
0.000000000000000000e+00,4.964000000000000412e+00,1.486530101341588298e-05,2.037810402225494861e-05,-1.273945207373232675e-05,-1.116402242151721873e-05,0.000000000000000000e+00
0.000000000000000000e+00,4.967999999999999972e+00,1.481444916702602778e-05,2.033351704284924624e-05,-1.268651436782251020e-05,-1.112948989735581398e-05,0.000000000000000000e+00
0.000000000000000000e+00,4.972000000000000419e+00,1.476380855347396152e-05,2.028906792257423048e-05,-1.263383541174626978e-05,-1.109509274971983712e-05,0.000000000000000000e+00
0.000000000000000000e+00,4.976000000000000867e+00,1.471337814067137645e-05,2.024475612119893170e-05,-1.258141375150639436e-05,-1.106083034162000852e-05,0.000000000000000000e+00
0.000000000000000000e+00,4.980000000000000426e+00,1.466315690232756819e-05,2.020058110103339102e-05,-1.252924794233851491e-05,-1.102670203954918748e-05,0.000000000000000000e+00
0.000000000000000000e+00,4.983999999999999986e+00,1.461314381791244753e-05,2.015654232691471815e-05,-1.247733654864559324e-05,-1.099270721346068303e-05,0.000000000000000000e+00
0.000000000000000000e+00,4.988000000000000433e+00,1.456333787262011465e-05,2.011263926619335249e-05,-1.242567814393315450e-05,-1.095884523674680713e-05,0.000000000000000000e+00
0.000000000000000000e+00,4.992000000000000881e+00,1.451373805733267721e-05,2.006887138871931076e-05,-1.237427131074503975e-05,-1.092511548621753444e-05,0.000000000000000000e+00
0.000000000000000000e+00,4.996000000000000441e+00,1.446434336858386694e-05,2.002523816682857683e-05,-1.232311464059924656e-05,-1.089151734207930118e-05,0.000000000000000000e+00
0.000000000000000000e+00,5.000000000000000000e+00,1.441515280852364718e-05,1.998173907532952548e-05,-1.227220673392489282e-05,-1.085805018791395797e-05,0.000000000000000000e+00
0.000000000000000000e+00,5.004000000000000448e+00,1.436616538488250371e-05,1.993837359148953591e-05,-1.222154619999920600e-05,-1.082471341065791763e-05,0.000000000000000000e+00
0.000000000000000000e+00,5.008000000000000895e+00,1.431738011093627420e-05,1.989514119502151034e-05,-1.217113165688524926e-05,-1.079150640058134525e-05,0.000000000000000000e+00
0.000000000000000000e+00,5.012000000000000455e+00,1.426879600547102347e-05,1.985204136807068402e-05,-1.212096173136993387e-05,-1.075842855126760408e-05,0.000000000000000000e+00
0.000000000000000000e+00,5.016000000000000014e+00,1.422041209274832022e-05,1.980907359520133024e-05,-1.207103505890266696e-05,-1.072547925959273872e-05,0.000000000000000000e+00
0.000000000000000000e+00,5.020000000000000462e+00,1.417222740247071707e-05,1.976623736338368884e-05,-1.202135028353442270e-05,-1.069265792570521917e-05,0.000000000000000000e+00
0.000000000000000000e+00,5.024000000000000909e+00,1.412424096974746431e-05,1.972353216198089826e-05,-1.197190605785732010e-05,-1.065996395300570181e-05,0.000000000000000000e+00
0.000000000000000000e+00,5.028000000000000469e+00,1.407645183506052867e-05,1.968095748273603589e-05,-1.192270104294465643e-05,-1.062739674812701910e-05,0.000000000000000000e+00
0.000000000000000000e+00,5.032000000000000028e+00,1.402885904423062392e-05,1.963851281975915848e-05,-1.187373390829126763e-05,-1.059495572091422689e-05,0.000000000000000000e+00
0.000000000000000000e+00,5.036000000000000476e+00,1.398146164838375642e-05,1.959619766951457633e-05,-1.182500333175457145e-05,-1.056264028440489732e-05,0.000000000000000000e+00
0.000000000000000000e+00,5.040000000000000924e+00,1.393425870391790796e-05,1.955401153080814778e-05,-1.177650799949596631e-05,-1.053044985480946599e-05,0.000000000000000000e+00
0.000000000000000000e+00,5.044000000000000483e+00,1.388724927246991673e-05,1.951195390477455000e-05,-1.172824660592267741e-05,-1.049838385149174340e-05,0.000000000000000000e+00
0.000000000000000000e+00,5.048000000000000043e+00,1.384043242088254475e-05,1.947002429486467174e-05,-1.168021785362999247e-05,-1.046644169694948743e-05,0.000000000000000000e+00
0.000000000000000000e+00,5.052000000000000490e+00,1.379380722117187549e-05,1.942822220683323314e-05,-1.163242045334404803e-05,-1.043462281679525190e-05,0.000000000000000000e+00
0.000000000000000000e+00,5.056000000000000938e+00,1.374737275049503011e-05,1.938654714872630380e-05,-1.158485312386511893e-05,-1.040292663973728938e-05,0.000000000000000000e+00
0.000000000000000000e+00,5.060000000000000497e+00,1.370112809111781925e-05,1.934499863086896663e-05,-1.153751459201110086e-05,-1.037135259756053022e-05,0.000000000000000000e+00
0.000000000000000000e+00,5.064000000000000057e+00,1.365507233038279296e-05,1.930357616585300873e-05,-1.149040359256158415e-05,-1.033990012510776823e-05,0.000000000000000000e+00
0.000000000000000000e+00,5.068000000000000504e+00,1.360920456067754811e-05,1.926227926852475467e-05,-1.144351886820237485e-05,-1.030856866026095994e-05,0.000000000000000000e+00
0.000000000000000000e+00,5.072000000000000952e+00,1.356352387940332547e-05,1.922110745597303515e-05,-1.139685916947050701e-05,-1.027735764392267621e-05,0.000000000000000000e+00
0.000000000000000000e+00,5.076000000000000512e+00,1.351802938894350691e-05,1.918006024751696609e-05,-1.135042325469941423e-05,-1.024626651999757933e-05,0.000000000000000000e+00
0.000000000000000000e+00,5.080000000000000071e+00,1.347272019663269695e-05,1.913913716469412400e-05,-1.130420988996481107e-05,-1.021529473537414749e-05,0.000000000000000000e+00
0.000000000000000000e+00,5.084000000000000519e+00,1.342759541472575019e-05,1.909833773124855878e-05,-1.125821784903078616e-05,-1.018444173990644993e-05,0.000000000000000000e+00
0.000000000000000000e+00,5.088000000000000966e+00,1.338265416036718661e-05,1.905766147311905385e-05,-1.121244591329643909e-05,-1.015370698639610862e-05,0.000000000000000000e+00
0.000000000000000000e+00,5.092000000000000526e+00,1.333789555556078652e-05,1.901710791842727108e-05,-1.116689287174290703e-05,-1.012308993057429025e-05,0.000000000000000000e+00
0.000000000000000000e+00,5.096000000000000085e+00,1.329331872713932603e-05,1.897667659746614982e-05,-1.112155752088071989e-05,-1.009259003108390845e-05,0.000000000000000000e+00
0.000000000000000000e+00,5.100000000000000533e+00,1.324892280673452774e-05,1.893636704268823138e-05,-1.107643866469759433e-05,-1.006220674946190889e-05,0.000000000000000000e+00
0.000000000000000000e+00,5.104000000000000981e+00,1.320470693074728414e-05,1.889617878869419363e-05,-1.103153511460665121e-05,-1.003193955012167982e-05,0.000000000000000000e+00
0.000000000000000000e+00,5.108000000000000540e+00,1.316067024031812661e-05,1.885611137222131779e-05,-1.098684568939508203e-05,-1.000178790033558794e-05,0.000000000000000000e+00
0.000000000000000000e+00,5.112000000000000099e+00,1.311681188129779957e-05,1.881616433213210087e-05,-1.094236921517310502e-05,-9.971751270217598973e-06,0.000000000000000000e+00
0.000000000000000000e+00,5.116000000000000547e+00,1.307313100421791919e-05,1.877633720940289196e-05,-1.089810452532322958e-05,-9.941829132706059190e-06,0.000000000000000000e+00
0.000000000000000000e+00,5.120000000000000995e+00,1.302962676426222853e-05,1.873662954711275197e-05,-1.085405046045022877e-05,-9.912020963546632764e-06,0.000000000000000000e+00
0.000000000000000000e+00,5.124000000000000554e+00,1.298629832123761711e-05,1.869704089043212040e-05,-1.081020586833112886e-05,-9.882326241275215430e-06,0.000000000000000000e+00
0.000000000000000000e+00,5.128000000000000114e+00,1.294314483954567591e-05,1.865757078661175642e-05,-1.076656960386586284e-05,-9.852744447201102244e-06,0.000000000000000000e+00
0.000000000000000000e+00,5.132000000000000561e+00,1.290016548815415060e-05,1.861821878497162244e-05,-1.072314052902803577e-05,-9.823275065390180757e-06,0.000000000000000000e+00
0.000000000000000000e+00,5.136000000000001009e+00,1.285735944056892002e-05,1.857898443688998788e-05,-1.067991751281638477e-05,-9.793917582648324085e-06,0.000000000000000000e+00
0.000000000000000000e+00,5.140000000000000568e+00,1.281472587480581033e-05,1.853986729579241435e-05,-1.063689943120623888e-05,-9.764671488504811088e-06,0.000000000000000000e+00
0.000000000000000000e+00,5.144000000000000128e+00,1.277226397336288856e-05,1.850086691714096103e-05,-1.059408516710164820e-05,-9.735536275195902400e-06,0.000000000000000000e+00
0.000000000000000000e+00,5.148000000000000576e+00,1.272997292319291368e-05,1.846198285842330205e-05,-1.055147361028781448e-05,-9.706511437648506245e-06,0.000000000000000000e+00
0.000000000000000000e+00,5.152000000000001023e+00,1.268785191567568269e-05,1.842321467914206738e-05,-1.050906365738365053e-05,-9.677596473463976392e-06,0.000000000000000000e+00
0.000000000000000000e+00,5.156000000000000583e+00,1.264590014659105262e-05,1.838456194080419396e-05,-1.046685421179510022e-05,-9.648790882902032081e-06,0.000000000000000000e+00
0.000000000000000000e+00,5.160000000000000142e+00,1.260411681609168980e-05,1.834602420691028017e-05,-1.042484418366841952e-05,-9.620094168864738938e-06,0.000000000000000000e+00
0.000000000000000000e+00,5.164000000000000590e+00,1.256250112867626800e-05,1.830760104294400131e-05,-1.038303248984406067e-05,-9.591505836880594914e-06,0.000000000000000000e+00
0.000000000000000000e+00,5.168000000000001037e+00,1.252105229316283437e-05,1.826929201636175209e-05,-1.034141805381085103e-05,-9.563025395088816137e-06,0.000000000000000000e+00
0.000000000000000000e+00,5.172000000000000597e+00,1.247976952266223462e-05,1.823109669658216713e-05,-1.029999980566044651e-05,-9.534652354223631222e-06,0.000000000000000000e+00
0.000000000000000000e+00,5.176000000000000156e+00,1.243865203455181600e-05,1.819301465497575668e-05,-1.025877668204219817e-05,-9.506386227598695869e-06,0.000000000000000000e+00
0.000000000000000000e+00,5.180000000000000604e+00,1.239769905044923880e-05,1.815504546485466089e-05,-1.021774762611828496e-05,-9.478226531091642977e-06,0.000000000000000000e+00
0.000000000000000000e+00,5.184000000000001052e+00,1.235690979618671632e-05,1.811718870146240072e-05,-1.017691158751943250e-05,-9.450172783128746269e-06,0.000000000000000000e+00
0.000000000000000000e+00,5.188000000000000611e+00,1.231628350178488053e-05,1.807944394196374404e-05,-1.013626752230046246e-05,-9.422224504669644900e-06,0.000000000000000000e+00
0.000000000000000000e+00,5.192000000000000171e+00,1.227581940142749650e-05,1.804181076543452089e-05,-1.009581439289675344e-05,-9.394381219192151071e-06,0.000000000000000000e+00
0.000000000000000000e+00,5.195999999999999730e+00,1.223551673343587175e-05,1.800428875285170306e-05,-1.005555116808064751e-05,-9.366642452677272798e-06,0.000000000000000000e+00
0.000000000000000000e+00,5.200000000000000178e+00,1.219537474024360457e-05,1.796687748708331083e-05,-1.001547682291829220e-05,-9.339007733594199397e-06,0.000000000000000000e+00
1.000000000000000000e+00,2.799999999999999822e+00,2.074516830090707420e-01,2.074516830090707420e-01,-6.893832490530456270e-02,-6.893832490530456270e-02,1.185201077272030057e+00
1.000000000000000000e+00,2.803999999999999826e+00,2.071761910615499969e-01,2.071761910615499969e-01,-6.880770173557408664e-02,-6.880770173557408664e-02,1.182000287703237618e+00
1.000000000000000000e+00,2.807999999999999829e+00,2.069012209727587037e-01,2.069012209727587037e-01,-6.867739538652498088e-02,-6.867739538652498088e-02,1.178802234603279597e+00
1.000000000000000000e+00,2.811999999999999833e+00,2.066267714772607733e-01,2.066267714772607733e-01,-6.854740493535710355e-02,-6.854740493535710355e-02,1.175606897715383958e+00
1.000000000000000000e+00,2.815999999999999837e+00,2.063528413133051131e-01,2.063528413133051131e-01,-6.841772946234860042e-02,-6.841772946234860042e-02,1.172414256716720393e+00
1.000000000000000000e+00,2.819999999999999840e+00,2.060794292228134705e-01,2.060794292228134705e-01,-6.828836805084478878e-02,-6.828836805084478878e-02,1.169224291217194400e+00
1.000000000000000000e+00,2.823999999999999844e+00,2.058065339513679703e-01,2.058065339513679703e-01,-6.815931978724690254e-02,-6.815931978724690254e-02,1.166036980758222041e+00
1.000000000000000000e+00,2.827999999999999847e+00,2.055341542481990968e-01,2.055341542481990968e-01,-6.803058376100085125e-02,-6.803058376100085125e-02,1.162852304811487381e+00
1.000000000000000000e+00,2.831999999999999851e+00,2.052622888661736478e-01,2.052622888661736478e-01,-6.790215906458624273e-02,-6.790215906458624273e-02,1.159670242777683713e+00
1.000000000000000000e+00,2.835999999999999854e+00,2.049909365617821055e-01,2.049909365617821055e-01,-6.777404479350519761e-02,-6.777404479350519761e-02,1.156490773985231035e+00
1.000000000000000000e+00,2.839999999999999858e+00,2.047200960951272575e-01,2.047200960951272575e-01,-6.764624004627131648e-02,-6.764624004627131648e-02,1.153313877688983968e+00
1.000000000000000000e+00,2.843999999999999861e+00,2.044497662299116225e-01,2.044497662299116225e-01,-6.751874392439873029e-02,-6.751874392439873029e-02,1.150139533068910591e+00
1.000000000000000000e+00,2.847999999999999865e+00,2.041799457334257106e-01,2.041799457334257106e-01,-6.739155553239110918e-02,-6.739155553239110918e-02,1.146967719228758842e+00
1.000000000000000000e+00,2.851999999999999869e+00,2.039106333765361434e-01,2.039106333765361434e-01,-6.726467397773069901e-02,-6.726467397773069901e-02,1.143798415194700491e+00
1.000000000000000000e+00,2.855999999999999872e+00,2.036418279336736359e-01,2.036418279336736359e-01,-6.713809837086756604e-02,-6.713809837086756604e-02,1.140631599913955352e+00
1.000000000000000000e+00,2.859999999999999876e+00,2.033735281828210617e-01,2.033735281828210617e-01,-6.701182782520861969e-02,-6.701182782520861969e-02,1.137467252253392624e+00
1.000000000000000000e+00,2.863999999999999879e+00,2.031057329055019900e-01,2.031057329055019900e-01,-6.688586145710700981e-02,-6.688586145710700981e-02,1.134305350998116246e+00
1.000000000000000000e+00,2.867999999999999883e+00,2.028384408867685562e-01,2.028384408867685562e-01,-6.676019838585117716e-02,-6.676019838585117716e-02,1.131145874850024047e+00
1.000000000000000000e+00,2.871999999999999886e+00,2.025716509151899158e-01,2.025716509151899158e-01,-6.663483773365422302e-02,-6.663483773365422302e-02,1.127988802426345805e+00
1.000000000000000000e+00,2.875999999999999890e+00,2.023053617828405315e-01,2.023053617828405315e-01,-6.650977862564336207e-02,-6.650977862564336207e-02,1.124834112258162211e+00
1.000000000000000000e+00,2.879999999999999893e+00,2.020395722852885712e-01,2.020395722852885712e-01,-6.638502018984908382e-02,-6.638502018984908382e-02,1.121681782788897186e+00
1.000000000000000000e+00,2.883999999999999897e+00,2.017742812215843062e-01,2.017742812215843062e-01,-6.626056155719467489e-02,-6.626056155719467489e-02,1.118531792372789102e+00
1.000000000000000000e+00,2.887999999999999901e+00,2.015094873942485654e-01,2.015094873942485654e-01,-6.613640186148571354e-02,-6.613640186148571354e-02,1.115384119273337360e+00
1.000000000000000000e+00,2.891999999999999904e+00,2.012451896092610770e-01,2.012451896092610770e-01,-6.601254023939945315e-02,-6.601254023939945315e-02,1.112238741661724983e+00
1.000000000000000000e+00,2.895999999999999908e+00,2.009813866760493117e-01,2.009813866760493117e-01,-6.588897583047445550e-02,-6.588897583047445550e-02,1.109095637615217678e+00
1.000000000000000000e+00,2.899999999999999911e+00,2.007180774074766860e-01,2.007180774074766860e-01,-6.576570777710011306e-02,-6.576570777710011306e-02,1.105954785115535133e+00
1.000000000000000000e+00,2.903999999999999915e+00,2.004552606198315989e-01,2.004552606198315989e-01,-6.564273522450626841e-02,-6.564273522450626841e-02,1.102816162047200788e+00
1.000000000000000000e+00,2.907999999999999918e+00,2.001929351328156359e-01,2.001929351328156359e-01,-6.552005732075286137e-02,-6.552005732075286137e-02,1.099679746195859398e+00
1.000000000000000000e+00,2.911999999999999922e+00,1.999310997695327163e-01,1.999310997695327163e-01,-6.539767321671961786e-02,-6.539767321671961786e-02,1.096545515246574842e+00
1.000000000000000000e+00,2.915999999999999925e+00,1.996697533564774640e-01,1.996697533564774640e-01,-6.527558206609584968e-02,-6.527558206609584968e-02,1.093413446782094622e+00
1.000000000000000000e+00,2.919999999999999929e+00,1.994088947235242160e-01,1.994088947235242160e-01,-6.515378302537008781e-02,-6.515378302537008781e-02,1.090283518281089270e+00
1.000000000000000000e+00,2.923999999999999932e+00,1.991485227039157535e-01,1.991485227039157535e-01,-6.503227525382000718e-02,-6.503227525382000718e-02,1.087155707116363557e+00
1.000000000000000000e+00,2.927999999999999936e+00,1.988886361342521170e-01,1.988886361342521170e-01,-6.491105791350226806e-02,-6.491105791350226806e-02,1.084029990553037504e+00
1.000000000000000000e+00,2.931999999999999940e+00,1.986292338544797254e-01,1.986292338544797254e-01,-6.479013016924231594e-02,-6.479013016924231594e-02,1.080906345746699193e+00
1.000000000000000000e+00,2.935999999999999943e+00,1.983703147078801077e-01,1.983703147078801077e-01,-6.466949118862438950e-02,-6.466949118862438950e-02,1.077784749741524939e+00
1.000000000000000000e+00,2.939999999999999947e+00,1.981118775410589117e-01,1.981118775410589117e-01,-6.454914014198150085e-02,-6.454914014198150085e-02,1.074665179468370368e+00
1.000000000000000000e+00,2.943999999999999950e+00,1.978539212039349682e-01,1.978539212039349682e-01,-6.442907620238527699e-02,-6.442907620238527699e-02,1.071547611742829309e+00
1.000000000000000000e+00,2.947999999999999954e+00,1.975964445497295219e-01,1.975964445497295219e-01,-6.430929854563621761e-02,-6.430929854563621761e-02,1.068432023263262032e+00
1.000000000000000000e+00,2.951999999999999957e+00,1.973394464349548239e-01,1.973394464349548239e-01,-6.418980635025366144e-02,-6.418980635025366144e-02,1.065318390608785748e+00
1.000000000000000000e+00,2.955999999999999961e+00,1.970829257194041118e-01,1.970829257194041118e-01,-6.407059879746589137e-02,-6.407059879746589137e-02,1.062206690237239348e+00
1.000000000000000000e+00,2.959999999999999964e+00,1.968268812661399247e-01,1.968268812661399247e-01,-6.395167507120025352e-02,-6.395167507120025352e-02,1.059096898483104621e+00
1.000000000000000000e+00,2.963999999999999968e+00,1.965713119414837784e-01,1.965713119414837784e-01,-6.383303435807353987e-02,-6.383303435807353987e-02,1.055988991555399048e+00
1.000000000000000000e+00,2.967999999999999972e+00,1.963162166150055066e-01,1.963162166150055066e-01,-6.371467584738194079e-02,-6.371467584738194079e-02,1.052882945535531745e+00
1.000000000000000000e+00,2.971999999999999975e+00,1.960615941595122980e-01,1.960615941595122980e-01,-6.359659873109153871e-02,-6.359659873109153871e-02,1.049778736375118093e+00
1.000000000000000000e+00,2.975999999999999979e+00,1.958074434510381767e-01,1.958074434510381767e-01,-6.347880220382851046e-02,-6.347880220382851046e-02,1.046676339893764185e+00
1.000000000000000000e+00,2.979999999999999982e+00,1.955537633688334276e-01,1.955537633688334276e-01,-6.336128546286944052e-02,-6.336128546286944052e-02,1.043575731776806848e+00
1.000000000000000000e+00,2.983999999999999986e+00,1.953005527953537157e-01,1.953005527953537157e-01,-6.324404770813177312e-02,-6.324404770813177312e-02,1.040476887573015707e+00
1.000000000000000000e+00,2.987999999999999989e+00,1.950478106162501224e-01,1.950478106162501224e-01,-6.312708814216413944e-02,-6.312708814216413944e-02,1.037379782692260832e+00
1.000000000000000000e+00,2.991999999999999993e+00,1.947955357203579319e-01,1.947955357203579319e-01,-6.301040597013696232e-02,-6.301040597013696232e-02,1.034284392403129083e+00
1.000000000000000000e+00,2.995999999999999996e+00,1.945437269996868335e-01,1.945437269996868335e-01,-6.289400039983271407e-02,-6.289400039983271407e-02,1.031190691830510264e+00
1.000000000000000000e+00,3.000000000000000000e+00,1.942923833494099306e-01,1.942923833494099306e-01,-6.277787064163665998e-02,-6.277787064163665998e-02,1.028098655953130658e+00
1.000000000000000000e+00,3.004000000000000004e+00,1.940415036678537208e-01,1.940415036678537208e-01,-6.266201590852724101e-02,-6.266201590852724101e-02,1.025008259601049465e+00
1.000000000000000000e+00,3.008000000000000007e+00,1.937910868564876044e-01,1.937910868564876044e-01,-6.254643541606684509e-02,-6.254643541606684509e-02,1.021919477453107516e+00
1.000000000000000000e+00,3.012000000000000011e+00,1.935411318199135589e-01,1.935411318199135589e-01,-6.243112838239225915e-02,-6.243112838239225915e-02,1.018832284034330904e+00
1.000000000000000000e+00,3.016000000000000014e+00,1.932916374658559255e-01,1.932916374658559255e-01,-6.231609402820542654e-02,-6.231609402820542654e-02,1.015746653713288206e+00
1.000000000000000000e+00,3.020000000000000018e+00,1.930426027051510562e-01,1.930426027051510562e-01,-6.220133157676418362e-02,-6.220133157676418362e-02,1.012662560699399750e+00
1.000000000000000000e+00,3.024000000000000021e+00,1.927940264517372104e-01,1.927940264517372104e-01,-6.208684025387295469e-02,-6.208684025387295469e-02,1.009579979040198250e+00
1.000000000000000000e+00,3.028000000000000025e+00,1.925459076226443411e-01,1.925459076226443411e-01,-6.197261928787348856e-02,-6.197261928787348856e-02,1.006498882618538815e+00
1.000000000000000000e+00,3.032000000000000028e+00,1.922982451379839919e-01,1.922982451379839919e-01,-6.185866790963573392e-02,-6.185866790963573392e-02,1.003419245149758332e+00
1.000000000000000000e+00,3.036000000000000032e+00,1.920510379209391383e-01,1.920510379209391383e-01,-6.174498535254862447e-02,-6.174498535254862447e-02,1.000341040178782226e+00
1.000000000000000000e+00,3.040000000000000036e+00,1.918042848977543069e-01,1.918042848977543069e-01,-6.163157085251104450e-02,-6.163157085251104450e-02,9.972642410771797028e-01
1.000000000000000000e+00,3.044000000000000039e+00,1.915579849977252502e-01,1.915579849977252502e-01,-6.151842364792263484e-02,-6.151842364792263484e-02,9.941888210401588211e-01
1.000000000000000000e+00,3.048000000000000043e+00,1.913121371531892323e-01,1.913121371531892323e-01,-6.140554297967480701e-02,-6.140554297967480701e-02,9.911147530835121566e-01
1.000000000000000000e+00,3.052000000000000046e+00,1.910667402995150088e-01,1.910667402995150088e-01,-6.129292809114174345e-02,-6.129292809114174345e-02,9.880420100405019612e-01
1.000000000000000000e+00,3.056000000000000050e+00,1.908217933750928352e-01,1.908217933750928352e-01,-6.118057822817132146e-02,-6.118057822817132146e-02,9.849705645586843694e-01
1.000000000000000000e+00,3.060000000000000053e+00,1.905772953213245857e-01,1.905772953213245857e-01,-6.106849263907628000e-02,-6.106849263907628000e-02,9.819003890966770953e-01
1.000000000000000000e+00,3.064000000000000057e+00,1.903332450826141220e-01,1.903332450826141220e-01,-6.095667057462522687e-02,-6.095667057462522687e-02,9.788314559208655119e-01
1.000000000000000000e+00,3.068000000000000060e+00,1.900896416063571903e-01,1.900896416063571903e-01,-6.084511128803381935e-02,-6.084511128803381935e-02,9.757637371020416728e-01
1.000000000000000000e+00,3.072000000000000064e+00,1.898464838429319290e-01,1.898464838429319290e-01,-6.073381403495585473e-02,-6.073381403495585473e-02,9.726972045119846033e-01
1.000000000000000000e+00,3.076000000000000068e+00,1.896037707456888488e-01,1.896037707456888488e-01,-6.062277807347446479e-02,-6.062277807347446479e-02,9.696318298199682051e-01
1.000000000000000000e+00,3.080000000000000071e+00,1.893615012709414791e-01,1.893615012709414791e-01,-6.051200266409340750e-02,-6.051200266409340750e-02,9.665675844892085422e-01
1.000000000000000000e+00,3.084000000000000075e+00,1.891196743779561817e-01,1.891196743779561817e-01,-6.040148706972824078e-02,-6.040148706972824078e-02,9.635044397732328569e-01
1.000000000000000000e+00,3.088000000000000078e+00,1.888782890289432692e-01,1.888782890289432692e-01,-6.029123055569767659e-02,-6.029123055569767659e-02,9.604423667121887442e-01
1.000000000000000000e+00,3.092000000000000082e+00,1.886373441890467073e-01,1.886373441890467073e-01,-6.018123238971485878e-02,-6.018123238971485878e-02,9.573813361290701707e-01
1.000000000000000000e+00,3.096000000000000085e+00,1.883968388263347893e-01,1.883968388263347893e-01,-6.007149184187870333e-02,-6.007149184187870333e-02,9.543213186258734382e-01
1.000000000000000000e+00,3.099999999999999645e+00,1.881567719117909210e-01,1.881567719117909210e-01,-5.996200818466536353e-02,-5.996200818466536353e-02,9.512622845796799842e-01
1.000000000000000000e+00,3.104000000000000092e+00,1.879171424193036288e-01,1.879171424193036288e-01,-5.985278069291954245e-02,-5.985278069291954245e-02,9.482042041386524733e-01
1.000000000000000000e+00,3.107999999999999652e+00,1.876779493256574560e-01,1.876779493256574560e-01,-5.974380864384608303e-02,-5.974380864384608303e-02,9.451470472179611670e-01
1.000000000000000000e+00,3.112000000000000099e+00,1.874391916105233313e-01,1.874391916105233313e-01,-5.963509131700128058e-02,-5.963509131700128058e-02,9.420907834956171456e-01
1.000000000000000000e+00,3.115999999999999659e+00,1.872008682564493820e-01,1.872008682564493820e-01,-5.952662799428462548e-02,-5.952662799428462548e-02,9.390353824082314782e-01
1.000000000000000000e+00,3.120000000000000107e+00,1.869629782488513581e-01,1.869629782488513581e-01,-5.941841795993008796e-02,-5.941841795993008796e-02,9.359808131466786918e-01
1.000000000000000000e+00,3.123999999999999666e+00,1.867255205760035008e-01,1.867255205760035008e-01,-5.931046050049797180e-02,-5.931046050049797180e-02,9.329270446516805260e-01
1.000000000000000000e+00,3.128000000000000114e+00,1.864884942290290781e-01,1.864884942290290781e-01,-5.920275490486627545e-02,-5.920275490486627545e-02,9.298740456092889906e-01
1.000000000000000000e+00,3.131999999999999673e+00,1.862518982018913083e-01,1.862518982018913083e-01,-5.909530046422260818e-02,-5.909530046422260818e-02,9.268217844462870447e-01
1.000000000000000000e+00,3.136000000000000121e+00,1.860157314913840898e-01,1.860157314913840898e-01,-5.898809647205557893e-02,-5.898809647205557893e-02,9.237702293254834718e-01
1.000000000000000000e+00,3.139999999999999680e+00,1.857799930971226199e-01,1.857799930971226199e-01,-5.888114222414680965e-02,-5.888114222414680965e-02,9.207193481409176039e-01
1.000000000000000000e+00,3.144000000000000128e+00,1.855446820215345682e-01,1.855446820215345682e-01,-5.877443701856238656e-02,-5.877443701856238656e-02,9.176691085129575765e-01
1.000000000000000000e+00,3.147999999999999687e+00,1.853097972698506957e-01,1.853097972698506957e-01,-5.866798015564490820e-02,-5.866798015564490820e-02,9.146194777832997724e-01
1.000000000000000000e+00,3.152000000000000135e+00,1.850753378500957780e-01,1.850753378500957780e-01,-5.856177093800500610e-02,-5.856177093800500610e-02,9.115704230098584659e-01
1.000000000000000000e+00,3.155999999999999694e+00,1.848413027730798908e-01,1.848413027730798908e-01,-5.845580867051350382e-02,-5.845580867051350382e-02,9.085219109615521038e-01
1.000000000000000000e+00,3.160000000000000142e+00,1.846076910523887227e-01,1.846076910523887227e-01,-5.835009266029299313e-02,-5.835009266029299313e-02,9.054739081129685729e-01
1.000000000000000000e+00,3.163999999999999702e+00,1.843745017043754708e-01,1.843745017043754708e-01,-5.824462221670993756e-02,-5.824462221670993756e-02,9.024263806389302145e-01
1.000000000000000000e+00,3.168000000000000149e+00,1.841417337481508765e-01,1.841417337481508765e-01,-5.813939665136649143e-02,-5.813939665136649143e-02,8.993792944089235020e-01
1.000000000000000000e+00,3.171999999999999709e+00,1.839093862055752315e-01,1.839093862055752315e-01,-5.803441527809252015e-02,-5.803441527809252015e-02,8.963326149814254684e-01
1.000000000000000000e+00,3.176000000000000156e+00,1.836774581012486918e-01,1.836774581012486918e-01,-5.792967741293751638e-02,-5.792967741293751638e-02,8.932863075980911338e-01
1.000000000000000000e+00,3.179999999999999716e+00,1.834459484625033110e-01,1.834459484625033110e-01,-5.782518237416280765e-02,-5.782518237416280765e-02,8.902403371778281338e-01
1.000000000000000000e+00,3.184000000000000163e+00,1.832148563193930491e-01,1.832148563193930491e-01,-5.772092948223326442e-02,-5.772092948223326442e-02,8.871946683107224674e-01
1.000000000000000000e+00,3.187999999999999723e+00,1.829841807046861668e-01,1.829841807046861668e-01,-5.761691805980986153e-02,-5.761691805980986153e-02,8.841492652518510020e-01
1.000000000000000000e+00,3.191999999999999726e+00,1.827539206538555672e-01,1.827539206538555672e-01,-5.751314743174134464e-02,-5.751314743174134464e-02,8.811040919149363271e-01
1.000000000000000000e+00,3.195999999999999730e+00,1.825240752050704685e-01,1.825240752050704685e-01,-5.740961692505663905e-02,-5.740961692505663905e-02,8.780591118658728211e-01
1.000000000000000000e+00,3.199999999999999734e+00,1.822946433991878001e-01,1.822946433991878001e-01,-5.730632586895693936e-02,-5.730632586895693936e-02,8.750142883161016183e-01
1.000000000000000000e+00,3.203999999999999737e+00,1.820656242797430435e-01,1.820656242797430435e-01,-5.720327359480791019e-02,-5.720327359480791019e-02,8.719695841158345839e-01
1.000000000000000000e+00,3.207999999999999741e+00,1.818370168929420716e-01,1.818370168929420716e-01,-5.710045943613199088e-02,-5.710045943613199088e-02,8.689249617471280773e-01
1.000000000000000000e+00,3.211999999999999744e+00,1.816088202876525448e-01,1.816088202876525448e-01,-5.699788272860053379e-02,-5.699788272860053379e-02,8.658803833167969533e-01
1.000000000000000000e+00,3.215999999999999748e+00,1.813810335153947795e-01,1.813810335153947795e-01,-5.689554281002622005e-02,-5.689554281002622005e-02,8.628358105491605867e-01
1.000000000000000000e+00,3.219999999999999751e+00,1.811536556303338652e-01,1.811536556303338652e-01,-5.679343902035532965e-02,-5.679343902035532965e-02,8.597912047786309131e-01
1.000000000000000000e+00,3.223999999999999755e+00,1.809266856892706998e-01,1.809266856892706998e-01,-5.669157070166007395e-02,-5.669157070166007395e-02,8.567465269421188356e-01
1.000000000000000000e+00,3.227999999999999758e+00,1.807001227516338293e-01,1.807001227516338293e-01,-5.658993719813103229e-02,-5.658993719813103229e-02,8.537017375712708800e-01
1.000000000000000000e+00,3.231999999999999762e+00,1.804739658794705104e-01,1.804739658794705104e-01,-5.648853785606951228e-02,-5.648853785606951228e-02,8.506567967845160005e-01
1.000000000000000000e+00,3.235999999999999766e+00,1.802482141374388003e-01,1.802482141374388003e-01,-5.638737202388002800e-02,-5.638737202388002800e-02,8.476116642789323086e-01
1.000000000000000000e+00,3.239999999999999769e+00,1.800228665927990079e-01,1.800228665927990079e-01,-5.628643905206276443e-02,-5.628643905206276443e-02,8.445662993219159587e-01
1.000000000000000000e+00,3.243999999999999773e+00,1.797979223154051454e-01,1.797979223154051454e-01,-5.618573829320604174e-02,-5.618573829320604174e-02,8.415206607426518604e-01
1.000000000000000000e+00,3.247999999999999776e+00,1.795733803776966564e-01,1.795733803776966564e-01,-5.608526910197887683e-02,-5.608526910197887683e-02,8.384747069233797756e-01
1.000000000000000000e+00,3.251999999999999780e+00,1.793492398546902289e-01,1.793492398546902289e-01,-5.598503083512351708e-02,-5.598503083512351708e-02,8.354283957904518054e-01
1.000000000000000000e+00,3.255999999999999783e+00,1.791254998239714957e-01,1.791254998239714957e-01,-5.588502285144805737e-02,-5.588502285144805737e-02,8.323816848051706074e-01
1.000000000000000000e+00,3.259999999999999787e+00,1.789021593656866804e-01,1.789021593656866804e-01,-5.578524451181901544e-02,-5.578524451181901544e-02,8.293345309544044586e-01
1.000000000000000000e+00,3.263999999999999790e+00,1.786792175625344925e-01,1.786792175625344925e-01,-5.568569517915399752e-02,-5.568569517915399752e-02,8.262868907409732788e-01
1.000000000000000000e+00,3.267999999999999794e+00,1.784566734997576620e-01,1.784566734997576620e-01,-5.558637421841435000e-02,-5.558637421841435000e-02,8.232387201737950688e-01
1.000000000000000000e+00,3.271999999999999797e+00,1.782345262651353068e-01,1.782345262651353068e-01,-5.548728099659786667e-02,-5.548728099659786667e-02,8.201899747577926503e-01
1.000000000000000000e+00,3.275999999999999801e+00,1.780127749489743560e-01,1.780127749489743560e-01,-5.538841488273150981e-02,-5.538841488273150981e-02,8.171406094835433898e-01
1.000000000000000000e+00,3.279999999999999805e+00,1.777914186441015287e-01,1.777914186441015287e-01,-5.528977524786417297e-02,-5.528977524786417297e-02,8.140905788166725721e-01
1.000000000000000000e+00,3.283999999999999808e+00,1.775704564458554235e-01,1.775704564458554235e-01,-5.519136146505942975e-02,-5.519136146505942975e-02,8.110398366869775444e-01
1.000000000000000000e+00,3.287999999999999812e+00,1.773498874520783031e-01,1.773498874520783031e-01,-5.509317290938839373e-02,-5.509317290938839373e-02,8.079883364772779686e-01
1.000000000000000000e+00,3.291999999999999815e+00,1.771297107631081280e-01,1.771297107631081280e-01,-5.499520895792250896e-02,-5.499520895792250896e-02,8.049360310119791917e-01
1.000000000000000000e+00,3.295999999999999819e+00,1.769099254817706468e-01,1.769099254817706468e-01,-5.489746898972642369e-02,-5.489746898972642369e-02,8.018828725453448492e-01
1.000000000000000000e+00,3.299999999999999822e+00,1.766905307133713188e-01,1.766905307133713188e-01,-5.479995238585087802e-02,-5.479995238585087802e-02,7.988288127494629354e-01
1.000000000000000000e+00,3.303999999999999826e+00,1.764715255656874870e-01,1.764715255656874870e-01,-5.470265852932566786e-02,-5.470265852932566786e-02,7.957738027019044535e-01
1.000000000000000000e+00,3.307999999999999829e+00,1.762529091489603295e-01,1.762529091489603295e-01,-5.460558680515251173e-02,-5.460558680515251173e-02,7.927177928730551049e-01
1.000000000000000000e+00,3.311999999999999833e+00,1.760346805758872257e-01,1.760346805758872257e-01,-5.450873660029804252e-02,-5.450873660029804252e-02,7.896607331131186847e-01
1.000000000000000000e+00,3.315999999999999837e+00,1.758168389616137361e-01,1.758168389616137361e-01,-5.441210730368691018e-02,-5.441210730368691018e-02,7.866025726387733119e-01
1.000000000000000000e+00,3.319999999999999840e+00,1.755993834237256634e-01,1.755993834237256634e-01,-5.431569830619460693e-02,-5.431569830619460693e-02,7.835432600194737196e-01
1.000000000000000000e+00,3.323999999999999844e+00,1.753823130822416698e-01,1.753823130822416698e-01,-5.421950900064072265e-02,-5.421950900064072265e-02,7.804827431633917234e-01
1.000000000000000000e+00,3.327999999999999847e+00,1.751656270596050335e-01,1.751656270596050335e-01,-5.412353878178188804e-02,-5.412353878178188804e-02,7.774209693029713319e-01
1.000000000000000000e+00,3.331999999999999851e+00,1.749493244806762937e-01,1.749493244806762937e-01,-5.402778704630491896e-02,-5.402778704630491896e-02,7.743578849800997199e-01
1.000000000000000000e+00,3.335999999999999854e+00,1.747334044727253954e-01,1.747334044727253954e-01,-5.393225319281997471e-02,-5.393225319281997471e-02,7.712934360308703052e-01
1.000000000000000000e+00,3.339999999999999858e+00,1.745178661654238073e-01,1.745178661654238073e-01,-5.383693662185366768e-02,-5.383693662185366768e-02,7.682275675699297146e-01
1.000000000000000000e+00,3.343999999999999861e+00,1.743027086908373324e-01,1.743027086908373324e-01,-5.374183673584231880e-02,-5.374183673584231880e-02,7.651602239743958700e-01
1.000000000000000000e+00,3.347999999999999865e+00,1.740879311834180876e-01,1.740879311834180876e-01,-5.364695293912508794e-02,-5.364695293912508794e-02,7.620913488673258795e-01
1.000000000000000000e+00,3.351999999999999869e+00,1.738735327799970642e-01,1.738735327799970642e-01,-5.355228463793720861e-02,-5.355228463793720861e-02,7.590208851007261837e-01
1.000000000000000000e+00,3.355999999999999872e+00,1.736595126197764682e-01,1.736595126197764682e-01,-5.345783124040333345e-02,-5.345783124040333345e-02,7.559487747380849720e-01
1.000000000000000000e+00,3.359999999999999876e+00,1.734458698443223645e-01,1.734458698443223645e-01,-5.336359215653076193e-02,-5.336359215653076193e-02,7.528749590364099964e-01
1.000000000000000000e+00,3.363999999999999879e+00,1.732326035975569334e-01,1.732326035975569334e-01,-5.326956679820271656e-02,-5.326956679820271656e-02,7.497993784277583451e-01
1.000000000000000000e+00,3.367999999999999883e+00,1.730197130257511151e-01,1.730197130257511151e-01,-5.317575457917179255e-02,-5.317575457917179255e-02,7.467219725002360864e-01
1.000000000000000000e+00,3.371999999999999886e+00,1.728071972775170329e-01,1.728071972775170329e-01,-5.308215491505320627e-02,-5.308215491505320627e-02,7.436426799784505715e-01
1.000000000000000000e+00,3.375999999999999890e+00,1.725950555038008871e-01,1.725950555038008871e-01,-5.298876722331824496e-02,-5.298876722331824496e-02,7.405614387033996326e-01
1.000000000000000000e+00,3.379999999999999893e+00,1.723832868578750177e-01,1.723832868578750177e-01,-5.289559092328768863e-02,-5.289559092328768863e-02,7.374781856117699208e-01
1.000000000000000000e+00,3.383999999999999897e+00,1.721718904953308260e-01,1.721718904953308260e-01,-5.280262543612518344e-02,-5.280262543612518344e-02,7.343928567146311703e-01
1.000000000000000000e+00,3.387999999999999901e+00,1.719608655740715863e-01,1.719608655740715863e-01,-5.270987018483078157e-02,-5.270987018483078157e-02,7.313053870755010788e-01
1.000000000000000000e+00,3.391999999999999904e+00,1.717502112543047021e-01,1.717502112543047021e-01,-5.261732459423439090e-02,-5.261732459423439090e-02,7.282157107877557101e-01
1.000000000000000000e+00,3.395999999999999908e+00,1.715399266985346838e-01,1.715399266985346838e-01,-5.252498809098932880e-02,-5.252498809098932880e-02,7.251237609513668803e-01
1.000000000000000000e+00,3.399999999999999911e+00,1.713300110715557656e-01,1.713300110715557656e-01,-5.243286010356578569e-02,-5.243286010356578569e-02,7.220294696489352182e-01
1.000000000000000000e+00,3.403999999999999915e+00,1.711204635404447449e-01,1.711204635404447449e-01,-5.234094006224444817e-02,-5.234094006224444817e-02,7.189327679210014699e-01
1.000000000000000000e+00,3.407999999999999918e+00,1.709112832745536270e-01,1.709112832745536270e-01,-5.224922739911007363e-02,-5.224922739911007363e-02,7.158335857405985214e-01
1.000000000000000000e+00,3.411999999999999922e+00,1.707024694455025471e-01,1.707024694455025471e-01,-5.215772154804514116e-02,-5.215772154804514116e-02,7.127318519870258218e-01
1.000000000000000000e+00,3.415999999999999925e+00,1.704940212271723599e-01,1.704940212271723599e-01,-5.206642194472337060e-02,-5.206642194472337060e-02,7.096274944188075695e-01
1.000000000000000000e+00,3.419999999999999929e+00,1.702859377956978948e-01,1.702859377956978948e-01,-5.197532802660351919e-02,-5.197532802660351919e-02,7.065204396458145686e-01
1.000000000000000000e+00,3.423999999999999932e+00,1.700782183294603789e-01,1.700782183294603789e-01,-5.188443923292301863e-02,-5.188443923292301863e-02,7.034106131005044560e-01
1.000000000000000000e+00,3.427999999999999936e+00,1.698708620090806642e-01,1.698708620090806642e-01,-5.179375500469160509e-02,-5.179375500469160509e-02,7.002979390082596511e-01
1.000000000000000000e+00,3.431999999999999940e+00,1.696638680174119562e-01,1.696638680174119562e-01,-5.170327478468524085e-02,-5.170327478468524085e-02,6.971823403567762867e-01
1.000000000000000000e+00,3.435999999999999943e+00,1.694572355395329299e-01,1.694572355395329299e-01,-5.161299801743961940e-02,-5.161299801743961940e-02,6.940637388644762540e-01
1.000000000000000000e+00,3.439999999999999947e+00,1.692509637627404584e-01,1.692509637627404584e-01,-5.152292414924421193e-02,-5.152292414924421193e-02,6.909420549478982876e-01
1.000000000000000000e+00,3.443999999999999950e+00,1.690450518765428956e-01,1.690450518765428956e-01,-5.143305262813580025e-02,-5.143305262813580025e-02,6.878172076880301189e-01
1.000000000000000000e+00,3.447999999999999954e+00,1.688394990726529432e-01,1.688394990726529432e-01,-5.134338290389262732e-02,-5.134338290389262732e-02,6.846891147955382895e-01
1.000000000000000000e+00,3.451999999999999957e+00,1.686343045449806843e-01,1.686343045449806843e-01,-5.125391442802787467e-02,-5.125391442802787467e-02,6.815576925748507708e-01
1.000000000000000000e+00,3.455999999999999961e+00,1.684294674896266442e-01,1.684294674896266442e-01,-5.116464665378388232e-02,-5.116464665378388232e-02,6.784228558870493142e-01
1.000000000000000000e+00,3.459999999999999964e+00,1.682249871048750456e-01,1.682249871048750456e-01,-5.107557903612579969e-02,-5.107557903612579969e-02,6.752845181115179063e-01
1.000000000000000000e+00,3.463999999999999968e+00,1.680208625911866760e-01,1.680208625911866760e-01,-5.098671103173568753e-02,-5.098671103173568753e-02,6.721425911063008130e-01
1.000000000000000000e+00,3.467999999999999972e+00,1.678170931511923369e-01,1.678170931511923369e-01,-5.089804209900632842e-02,-5.089804209900632842e-02,6.689969851671125900e-01
1.000000000000000000e+00,3.471999999999999975e+00,1.676136779896857110e-01,1.676136779896857110e-01,-5.080957169803523160e-02,-5.080957169803523160e-02,6.658476089849484358e-01
1.000000000000000000e+00,3.475999999999999979e+00,1.674106163136167558e-01,1.674106163136167558e-01,-5.072129929061872100e-02,-5.072129929061872100e-02,6.626943696022317143e-01
1.000000000000000000e+00,3.479999999999999982e+00,1.672079073320847931e-01,1.672079073320847931e-01,-5.063322434024576657e-02,-5.063322434024576657e-02,6.595371723674389175e-01
1.000000000000000000e+00,3.483999999999999986e+00,1.670055502563318472e-01,1.670055502563318472e-01,-5.054534631209219031e-02,-5.054534631209219031e-02,6.563759208881377871e-01
1.000000000000000000e+00,3.487999999999999989e+00,1.668035442997360396e-01,1.668035442997360396e-01,-5.045766467301467106e-02,-5.045766467301467106e-02,6.532105169823687607e-01
1.000000000000000000e+00,3.491999999999999993e+00,1.666018886778043440e-01,1.666018886778043440e-01,-5.037017889154474931e-02,-5.037017889154474931e-02,6.500408606282959134e-01
1.000000000000000000e+00,3.495999999999999996e+00,1.664005826081666473e-01,1.664005826081666473e-01,-5.028288843788303319e-02,-5.028288843788303319e-02,6.468668499120604487e-01
1.000000000000000000e+00,3.500000000000000000e+00,1.661996253105684773e-01,1.661996253105684773e-01,-5.019579278389332821e-02,-5.019579278389332821e-02,6.436883809737443674e-01
1.000000000000000000e+00,3.504000000000000004e+00,1.659990160068646470e-01,1.659990160068646470e-01,-5.010889140309668366e-02,-5.010889140309668366e-02,6.405053479513733716e-01
1.000000000000000000e+00,3.508000000000000007e+00,1.657987539210126204e-01,1.657987539210126204e-01,-5.002218377066563332e-02,-5.002218377066563332e-02,6.373176429228615270e-01
1.000000000000000000e+00,3.512000000000000011e+00,1.655988382790658242e-01,1.655988382790658242e-01,-4.993566936341844315e-02,-4.993566936341844315e-02,6.341251558458114168e-01
1.000000000000000000e+00,3.516000000000000014e+00,1.653992683091671245e-01,1.653992683091671245e-01,-4.984934765981324095e-02,-4.984934765981324095e-02,6.309277744950688716e-01
1.000000000000000000e+00,3.520000000000000018e+00,1.652000432415423603e-01,1.652000432415423603e-01,-4.976321813994225712e-02,-4.976321813994225712e-02,6.277253843979296866e-01
1.000000000000000000e+00,3.524000000000000021e+00,1.650011623084937096e-01,1.650011623084937096e-01,-4.967728028552614861e-02,-4.967728028552614861e-02,6.245178687668907491e-01
1.000000000000000000e+00,3.528000000000000025e+00,1.648026247443931946e-01,1.648026247443931946e-01,-4.959153357990820493e-02,-4.959153357990820493e-02,6.213051084298307769e-01
1.000000000000000000e+00,3.532000000000000028e+00,1.646044297856762151e-01,1.646044297856762151e-01,-4.950597750804872771e-02,-4.950597750804872771e-02,6.180869817574998759e-01
1.000000000000000000e+00,3.536000000000000032e+00,1.644065766708351362e-01,1.644065766708351362e-01,-4.942061155651927828e-02,-4.942061155651927828e-02,6.148633645881897980e-01
1.000000000000000000e+00,3.540000000000000036e+00,1.642090646404127940e-01,1.642090646404127940e-01,-4.933543521349710581e-02,-4.933543521349710581e-02,6.116341301494510052e-01
1.000000000000000000e+00,3.544000000000000039e+00,1.640118929369961398e-01,1.640118929369961398e-01,-4.925044796875945041e-02,-4.925044796875945041e-02,6.083991489767137661e-01
1.000000000000000000e+00,3.548000000000000043e+00,1.638150608052099111e-01,1.638150608052099111e-01,-4.916564931367796432e-02,-4.916564931367796432e-02,6.051582888286617390e-01
1.000000000000000000e+00,3.552000000000000046e+00,1.636185674917099986e-01,1.636185674917099986e-01,-4.908103874121310523e-02,-4.908103874121310523e-02,6.019114145992006115e-01
1.000000000000000000e+00,3.556000000000000050e+00,1.634224122451773675e-01,1.634224122451773675e-01,-4.899661574590857133e-02,-4.899661574590857133e-02,5.986583882258516010e-01
1.000000000000000000e+00,3.560000000000000053e+00,1.632265943163117294e-01,1.632265943163117294e-01,-4.891237982388579875e-02,-4.891237982388579875e-02,5.953990685943922889e-01
1.000000000000000000e+00,3.564000000000000057e+00,1.630311129578250473e-01,1.630311129578250473e-01,-4.882833047283836880e-02,-4.882833047283836880e-02,5.921333114395536112e-01
1.000000000000000000e+00,3.568000000000000060e+00,1.628359674244355126e-01,1.628359674244355126e-01,-4.874446719202651240e-02,-4.874446719202651240e-02,5.888609692415768260e-01
1.000000000000000000e+00,3.572000000000000064e+00,1.626411569728608564e-01,1.626411569728608564e-01,-4.866078948227170464e-02,-4.866078948227170464e-02,5.855818911184104136e-01
1.000000000000000000e+00,3.576000000000000068e+00,1.624466808618127978e-01,1.624466808618127978e-01,-4.857729684595108594e-02,-4.857729684595108594e-02,5.822959227133319704e-01
1.000000000000000000e+00,3.580000000000000071e+00,1.622525383519901609e-01,1.622525383519901609e-01,-4.849398878699213988e-02,-4.849398878699213988e-02,5.790029060777420744e-01
1.000000000000000000e+00,3.584000000000000075e+00,1.620587287060731019e-01,1.620587287060731019e-01,-4.841086481086714216e-02,-4.841086481086714216e-02,5.757026795488879856e-01
1.000000000000000000e+00,3.588000000000000078e+00,1.618652511887168077e-01,1.618652511887168077e-01,-4.832792442458790083e-02,-4.832792442458790083e-02,5.723950776222405112e-01
1.000000000000000000e+00,3.592000000000000082e+00,1.616721050665453074e-01,1.616721050665453074e-01,-4.824516713670023993e-02,-4.824516713670023993e-02,5.690799308182337146e-01
1.000000000000000000e+00,3.596000000000000085e+00,1.614792896081453377e-01,1.614792896081453377e-01,-4.816259245727871896e-02,-4.816259245727871896e-02,5.657570655430685935e-01
1.000000000000000000e+00,3.600000000000000089e+00,1.612868040840603756e-01,1.612868040840603756e-01,-4.808019989792131077e-02,-4.808019989792131077e-02,5.624263039432497724e-01
1.000000000000000000e+00,3.604000000000000092e+00,1.610946477667844490e-01,1.610946477667844490e-01,-4.799798897174403084e-02,-4.799798897174403084e-02,5.590874637535075964e-01
1.000000000000000000e+00,3.608000000000000096e+00,1.609028199307560858e-01,1.609028199307560858e-01,-4.791595919337561515e-02,-4.791595919337561515e-02,5.557403581377369228e-01
1.000000000000000000e+00,3.612000000000000099e+00,1.607113198523522635e-01,1.607113198523522635e-01,-4.783411007895234379e-02,-4.783411007895234379e-02,5.523847955225591466e-01
1.000000000000000000e+00,3.616000000000000103e+00,1.605201468098824413e-01,1.605201468098824413e-01,-4.775244114611267021e-02,-4.775244114611267021e-02,5.490205794230818004e-01
1.000000000000000000e+00,3.620000000000000107e+00,1.603293000835824267e-01,1.603293000835824267e-01,-4.767095191399209342e-02,-4.767095191399209342e-02,5.456475082604074212e-01
1.000000000000000000e+00,3.624000000000000110e+00,1.601387789556087404e-01,1.601387789556087404e-01,-4.758964190321779419e-02,-4.758964190321779419e-02,5.422653751704126224e-01
1.000000000000000000e+00,3.628000000000000114e+00,1.599485827100321778e-01,1.599485827100321778e-01,-4.750851063590356277e-02,-4.750851063590356277e-02,5.388739678032770097e-01
1.000000000000000000e+00,3.632000000000000117e+00,1.597587106328322015e-01,1.597587106328322015e-01,-4.742755763564458771e-02,-4.742755763564458771e-02,5.354730681132167103e-01
1.000000000000000000e+00,3.636000000000000121e+00,1.595691620118909193e-01,1.595691620118909193e-01,-4.734678242751229338e-02,-4.734678242751229338e-02,5.320624521378277683e-01
1.000000000000000000e+00,3.640000000000000124e+00,1.593799361369872547e-01,1.593799361369872547e-01,-4.726618453804910802e-02,-4.726618453804910802e-02,5.286418897664091343e-01
1.000000000000000000e+00,3.644000000000000128e+00,1.591910322997910354e-01,1.591910322997910354e-01,-4.718576349526350938e-02,-4.718576349526350938e-02,5.252111444965859022e-01
1.000000000000000000e+00,3.648000000000000131e+00,1.590024497938569981e-01,1.590024497938569981e-01,-4.710551882862478584e-02,-4.710551882862478584e-02,5.217699731785030437e-01
1.000000000000000000e+00,3.652000000000000135e+00,1.588141879146193203e-01,1.588141879146193203e-01,-4.702545006905803349e-02,-4.702545006905803349e-02,5.183181257458099322e-01
1.000000000000000000e+00,3.656000000000000139e+00,1.586262459593853758e-01,1.586262459593853758e-01,-4.694555674893904906e-02,-4.694555674893904906e-02,5.148553449325904419e-01
1.000000000000000000e+00,3.660000000000000142e+00,1.584386232273302109e-01,1.584386232273302109e-01,-4.686583840208928542e-02,-4.686583840208928542e-02,5.113813659753341234e-01
1.000000000000000000e+00,3.664000000000000146e+00,1.582513190194906605e-01,1.582513190194906605e-01,-4.678629456377087631e-02,-4.678629456377087631e-02,5.078959162989762355e-01
1.000000000000000000e+00,3.668000000000000149e+00,1.580643326387597414e-01,1.580643326387597414e-01,-4.670692477068157100e-02,-4.670692477068157100e-02,5.043987151859500306e-01
1.000000000000000000e+00,3.672000000000000153e+00,1.578776633898808235e-01,1.578776633898808235e-01,-4.662772856094977297e-02,-4.662772856094977297e-02,5.008894734271224225e-01
1.000000000000000000e+00,3.676000000000000156e+00,1.576913105794416903e-01,1.576913105794416903e-01,-4.654870547412956472e-02,-4.654870547412956472e-02,4.973678929533821846e-01
1.000000000000000000e+00,3.680000000000000160e+00,1.575052735158692929e-01,1.575052735158692929e-01,-4.646985505119580889e-02,-4.646985505119580889e-02,4.938336664465673431e-01
1.000000000000000000e+00,3.684000000000000163e+00,1.573195515094238106e-01,1.573195515094238106e-01,-4.639117683453911067e-02,-4.639117683453911067e-02,4.902864769282868074e-01
1.000000000000000000e+00,3.688000000000000167e+00,1.571341438721929329e-01,1.571341438721929329e-01,-4.631267036796097442e-02,-4.631267036796097442e-02,4.867259973250976923e-01
1.000000000000000000e+00,3.692000000000000171e+00,1.569490499180864751e-01,1.569490499180864751e-01,-4.623433519666893948e-02,-4.623433519666893948e-02,4.831518900083526802e-01
1.000000000000000000e+00,3.696000000000000174e+00,1.567642689628304664e-01,1.567642689628304664e-01,-4.615617086727166751e-02,-4.615617086727166751e-02,4.795638063068927703e-01
1.000000000000000000e+00,3.700000000000000178e+00,1.565798003239618486e-01,1.565798003239618486e-01,-4.607817692777403662e-02,-4.607817692777403662e-02,4.759613859906113853e-01
1.000000000000000000e+00,3.704000000000000181e+00,1.563956433208226193e-01,1.563956433208226193e-01,-4.600035292757240213e-02,-4.600035292757240213e-02,4.723442567227309485e-01
1.000000000000000000e+00,3.708000000000000185e+00,1.562117972745545313e-01,1.562117972745545313e-01,-4.592269841744971159e-02,-4.592269841744971159e-02,4.687120334784543596e-01
1.000000000000000000e+00,3.712000000000000188e+00,1.560282615080934021e-01,1.560282615080934021e-01,-4.584521294957072390e-02,-4.584521294957072390e-02,4.650643179274339123e-01
1.000000000000000000e+00,3.716000000000000192e+00,1.558450353461636462e-01,1.558450353461636462e-01,-4.576789607747720062e-02,-4.576789607747720062e-02,4.614006977772764917e-01
1.000000000000000000e+00,3.720000000000000195e+00,1.556621181152727240e-01,1.556621181152727240e-01,-4.569074735608317367e-02,-4.569074735608317367e-02,4.577207460750421508e-01
1.000000000000000000e+00,3.724000000000000199e+00,1.554795091437057297e-01,1.554795091437057297e-01,-4.561376634167019911e-02,-4.561376634167019911e-02,4.540240204634105048e-01
1.000000000000000000e+00,3.728000000000000203e+00,1.552972077615199231e-01,1.552972077615199231e-01,-4.553695259188259015e-02,-4.553695259188259015e-02,4.503100623878736886e-01
1.000000000000000000e+00,3.732000000000000206e+00,1.551152133005392342e-01,1.551152133005392342e-01,-4.546030566572271947e-02,-4.546030566572271947e-02,4.465783962509652372e-01
1.000000000000000000e+00,3.736000000000000210e+00,1.549335250943488784e-01,1.549335250943488784e-01,-4.538382512354637022e-02,-4.538382512354637022e-02,4.428285285091439483e-01
1.000000000000000000e+00,3.740000000000000213e+00,1.547521424782899724e-01,1.547521424782899724e-01,-4.530751052705798976e-02,-4.530751052705798976e-02,4.390599467075172457e-01
1.000000000000000000e+00,3.743999999999999773e+00,1.545710647894542045e-01,1.545710647894542045e-01,-4.523136143930608921e-02,-4.523136143930608921e-02,4.352721184471032845e-01
1.000000000000000000e+00,3.748000000000000220e+00,1.543902913666780896e-01,1.543902913666780896e-01,-4.515537742467853194e-02,-4.515537742467853194e-02,4.314644902787877490e-01
1.000000000000000000e+00,3.751999999999999780e+00,1.542098215505383618e-01,1.542098215505383618e-01,-4.507955804889800938e-02,-4.507955804889800938e-02,4.276364865175387719e-01
1.000000000000000000e+00,3.756000000000000227e+00,1.540296546833457569e-01,1.540296546833457569e-01,-4.500390287901731567e-02,-4.500390287901731567e-02,4.237875079697255853e-01
1.000000000000000000e+00,3.759999999999999787e+00,1.538497901091405995e-01,1.538497901091405995e-01,-4.492841148341492064e-02,-4.492841148341492064e-02,4.199169305656795803e-01
1.000000000000000000e+00,3.764000000000000234e+00,1.536702271736865577e-01,1.536702271736865577e-01,-4.485308343179016111e-02,-4.485308343179016111e-02,4.160241038887084186e-01
1.000000000000000000e+00,3.767999999999999794e+00,1.534909652244663136e-01,1.534909652244663136e-01,-4.477791829515896660e-02,-4.477791829515896660e-02,4.121083495908689498e-01
1.000000000000000000e+00,3.772000000000000242e+00,1.533120036106755957e-01,1.533120036106755957e-01,-4.470291564584905758e-02,-4.470291564584905758e-02,4.081689596846457269e-01
1.000000000000000000e+00,3.775999999999999801e+00,1.531333416832182936e-01,1.531333416832182936e-01,-4.462807505749565029e-02,-4.462807505749565029e-02,4.042051946984934196e-01
1.000000000000000000e+00,3.780000000000000249e+00,1.529549787947011574e-01,1.529549787947011574e-01,-4.455339610503677994e-02,-4.455339610503677994e-02,4.002162816827447012e-01
1.000000000000000000e+00,3.783999999999999808e+00,1.527769142994285234e-01,1.527769142994285234e-01,-4.447887836470892226e-02,-4.447887836470892226e-02,3.962014120508199344e-01
1.000000000000000000e+00,3.788000000000000256e+00,1.525991475533973185e-01,1.525991475533973185e-01,-4.440452141404244851e-02,-4.440452141404244851e-02,3.921597392388133096e-01
1.000000000000000000e+00,3.791999999999999815e+00,1.524216779142916200e-01,1.524216779142916200e-01,-4.433032483185725403e-02,-4.433032483185725403e-02,3.880903761644710070e-01
1.000000000000000000e+00,3.796000000000000263e+00,1.522445047414777153e-01,1.522445047414777153e-01,-4.425628819825826177e-02,-4.425628819825826177e-02,3.839923924641566733e-01
1.000000000000000000e+00,3.799999999999999822e+00,1.520676273959989666e-01,1.520676273959989666e-01,-4.418241109463103694e-02,-4.418241109463103694e-02,3.798648114836828404e-01
1.000000000000000000e+00,3.804000000000000270e+00,1.518910452405705658e-01,1.518910452405705658e-01,-4.410869310363729756e-02,-4.410869310363729756e-02,3.757066069956930265e-01
1.000000000000000000e+00,3.807999999999999829e+00,1.517147576395745379e-01,1.517147576395745379e-01,-4.403513380921071640e-02,-4.403513380921071640e-02,3.715166996126656462e-01
1.000000000000000000e+00,3.812000000000000277e+00,1.515387639590545787e-01,1.515387639590545787e-01,-4.396173279655231358e-02,-4.396173279655231358e-02,3.672939528603528236e-01
1.000000000000000000e+00,3.815999999999999837e+00,1.513630635667111701e-01,1.513630635667111701e-01,-4.388848965212632097e-02,-4.388848965212632097e-02,3.630371688716049761e-01
1.000000000000000000e+00,3.820000000000000284e+00,1.511876558318963615e-01,1.511876558318963615e-01,-4.381540396365567192e-02,-4.381540396365567192e-02,3.587450836547794175e-01
1.000000000000000000e+00,3.823999999999999844e+00,1.510125401256087463e-01,1.510125401256087463e-01,-4.374247532011780321e-02,-4.374247532011780321e-02,3.544163618843199082e-01
1.000000000000000000e+00,3.828000000000000291e+00,1.508377158204885771e-01,1.508377158204885771e-01,-4.366970331174029052e-02,-4.366970331174029052e-02,3.500495911532325866e-01
1.000000000000000000e+00,3.831999999999999851e+00,1.506631822908126861e-01,1.506631822908126861e-01,-4.359708752999658099e-02,-4.359708752999658099e-02,3.456432756180478627e-01
1.000000000000000000e+00,3.836000000000000298e+00,1.504889389124894894e-01,1.504889389124894894e-01,-4.352462756760167029e-02,-4.352462756760167029e-02,3.411958289559845481e-01
1.000000000000000000e+00,3.839999999999999858e+00,1.503149850630542128e-01,1.503149850630542128e-01,-4.345232301850797396e-02,-4.345232301850797396e-02,3.367055665412414522e-01
1.000000000000000000e+00,3.844000000000000306e+00,1.501413201216635351e-01,1.501413201216635351e-01,-4.338017347790092126e-02,-4.338017347790092126e-02,3.321706967320346426e-01
1.000000000000000000e+00,3.847999999999999865e+00,1.499679434690912028e-01,1.499679434690912028e-01,-4.330817854219484730e-02,-4.330817854219484730e-02,3.275893111418424763e-01
1.000000000000000000e+00,3.852000000000000313e+00,1.497948544877226729e-01,1.497948544877226729e-01,-4.323633780902876034e-02,-4.323633780902876034e-02,3.229593737464142578e-01
1.000000000000000000e+00,3.855999999999999872e+00,1.496220525615504782e-01,1.496220525615504782e-01,-4.316465087726209515e-02,-4.316465087726209515e-02,3.182787086518542585e-01
1.000000000000000000e+00,3.860000000000000320e+00,1.494495370761693143e-01,1.494495370761693143e-01,-4.309311734697063995e-02,-4.309311734697063995e-02,3.135449863171935747e-01
1.000000000000000000e+00,3.863999999999999879e+00,1.492773074187710991e-01,1.492773074187710991e-01,-4.302173681944226891e-02,-4.302173681944226891e-02,3.087557079862013887e-01
1.000000000000000000e+00,3.868000000000000327e+00,1.491053629781401435e-01,1.491053629781401435e-01,-4.295050889717286213e-02,-4.295050889717286213e-02,3.039081880357799581e-01
1.000000000000000000e+00,3.871999999999999886e+00,1.489337031446484327e-01,1.489337031446484327e-01,-4.287943318386216313e-02,-4.287943318386216313e-02,2.989995338901468847e-01
1.000000000000000000e+00,3.876000000000000334e+00,1.487623273102507970e-01,1.487623273102507970e-01,-4.280850928440961545e-02,-4.280850928440961545e-02,2.940266230779555734e-01
1.000000000000000000e+00,3.879999999999999893e+00,1.485912348684799711e-01,1.485912348684799711e-01,-4.273773680491037286e-02,-4.273773680491037286e-02,2.889860769199924517e-01
1.000000000000000000e+00,3.884000000000000341e+00,1.484204252144419589e-01,1.484204252144419589e-01,-4.266711535265106658e-02,-4.266711535265106658e-02,2.838742302228193792e-01
1.000000000000000000e+00,3.887999999999999901e+00,1.482498977448112043e-01,1.482498977448112043e-01,-4.259664453610589180e-02,-4.259664453610589180e-02,2.786870962122508510e-01
1.000000000000000000e+00,3.892000000000000348e+00,1.480796518578259280e-01,1.480796518578259280e-01,-4.252632396493239569e-02,-4.252632396493239569e-02,2.734203257606149795e-01
1.000000000000000000e+00,3.895999999999999908e+00,1.479096869532835201e-01,1.479096869532835201e-01,-4.245615324996765416e-02,-4.245615324996765416e-02,2.680691597313847874e-01
1.000000000000000000e+00,3.900000000000000355e+00,1.477400024325352945e-01,1.477400024325352945e-01,-4.238613200322395580e-02,-4.238613200322395580e-02,2.626283729670099154e-01
1.000000000000000000e+00,3.903999999999999915e+00,1.475705976984825751e-01,1.475705976984825751e-01,-4.231625983788507572e-02,-4.231625983788507572e-02,2.570922080577273117e-01
1.000000000000000000e+00,3.908000000000000362e+00,1.474014721555712837e-01,1.474014721555712837e-01,-4.224653636830212611e-02,-4.224653636830212611e-02,2.514542965180693312e-01
1.000000000000000000e+00,3.911999999999999922e+00,1.472326252097878596e-01,1.472326252097878596e-01,-4.217696120998958714e-02,-4.217696120998958714e-02,2.457075643179797431e-01
1.000000000000000000e+00,3.916000000000000369e+00,1.470640562686541253e-01,1.470640562686541253e-01,-4.210753397962140043e-02,-4.210753397962140043e-02,2.398441178004080410e-01
1.000000000000000000e+00,3.919999999999999929e+00,1.468957647412232337e-01,1.468957647412232337e-01,-4.203825429502699995e-02,-4.203825429502699995e-02,2.338551047706989572e-01
1.000000000000000000e+00,3.924000000000000377e+00,1.467277500380743116e-01,1.467277500380743116e-01,-4.196912177518728748e-02,-4.196912177518728748e-02,2.277305438215365130e-01
1.000000000000000000e+00,3.927999999999999936e+00,1.465600115713086293e-01,1.465600115713086293e-01,-4.190013604023094113e-02,-4.190013604023094113e-02,2.214591125449672238e-01
1.000000000000000000e+00,3.932000000000000384e+00,1.463925487545443271e-01,1.463925487545443271e-01,-4.183129671143021033e-02,-4.183129671143021033e-02,2.150278818477396603e-01
1.000000000000000000e+00,3.935999999999999943e+00,1.462253610029124462e-01,1.462253610029124462e-01,-4.176260341119730074e-02,-4.176260341119730074e-02,2.084219786070964919e-01
1.000000000000000000e+00,3.940000000000000391e+00,1.460584477330519604e-01,1.460584477330519604e-01,-4.169405576308027328e-02,-4.169405576308027328e-02,2.016241515439596843e-01
1.000000000000000000e+00,3.943999999999999950e+00,1.458918083631054741e-01,1.458918083631054741e-01,-4.162565339175938739e-02,-4.162565339175938739e-02,1.946142040708516152e-01
1.000000000000000000e+00,3.948000000000000398e+00,1.457254423127144483e-01,1.457254423127144483e-01,-4.155739592304306257e-02,-4.155739592304306257e-02,1.873682406558970781e-01
1.000000000000000000e+00,3.951999999999999957e+00,1.455593490030151482e-01,1.455593490030151482e-01,-4.148928298386421465e-02,-4.148928298386421465e-02,1.798576458432876446e-01
1.000000000000000000e+00,3.956000000000000405e+00,1.453935278566335088e-01,1.453935278566335088e-01,-4.142131420227631450e-02,-4.142131420227631450e-02,1.720476700649843371e-01
1.000000000000000000e+00,3.959999999999999964e+00,1.452279782976812761e-01,1.452279782976812761e-01,-4.135348920744965490e-02,-4.135348920744965490e-02,1.638954197364830279e-01
1.000000000000000000e+00,3.964000000000000412e+00,1.450626997517511785e-01,1.450626997517511785e-01,-4.128580762966749945e-02,-4.128580762966749945e-02,1.553469130082620608e-01
1.000000000000000000e+00,3.967999999999999972e+00,1.448976916459127628e-01,1.448976916459127628e-01,-4.121826910032239111e-02,-4.121826910032239111e-02,1.463326085069903970e-01
1.000000000000000000e+00,3.972000000000000419e+00,1.447329534087074265e-01,1.447329534087074265e-01,-4.115087325191231493e-02,-4.115087325191231493e-02,1.367603113120475222e-01
1.000000000000000000e+00,3.975999999999999979e+00,1.445684844701447536e-01,1.445684844701447536e-01,-4.108361971803698581e-02,-4.108361971803698581e-02,1.265032891253438374e-01
1.000000000000000000e+00,3.980000000000000426e+00,1.444042842616975464e-01,1.444042842616975464e-01,-4.101650813339412227e-02,-4.101650813339412227e-02,1.153789327594247072e-01
1.000000000000000000e+00,3.983999999999999986e+00,1.442403522162976626e-01,1.442403522162976626e-01,-4.094953813377572027e-02,-4.094953813377572027e-02,1.031067327982130855e-01
1.000000000000000000e+00,3.988000000000000433e+00,1.440766877683314906e-01,1.440766877683314906e-01,-4.088270935606427847e-02,-4.088270935606427847e-02,8.921407204592952944e-02
1.000000000000000000e+00,3.991999999999999993e+00,1.439132903536359809e-01,1.439132903536359809e-01,-4.081602143822926632e-02,-4.081602143822926632e-02,7.277858868478419285e-02
1.000000000000000000e+00,3.995999999999999996e+00,1.437501594094938162e-01,1.437501594094938162e-01,-4.074947401932324520e-02,-4.074947401932324520e-02,5.141676150186292454e-02
1.000000000000000000e+00,4.000000000000000000e+00,1.435872943746294150e-01,1.435872943746294150e-01,-6.102460010921750139e-02,-4.068306673947833657e-02,0.000000000000000000e+00
1.000000000000000000e+00,4.003999999999999559e+00,1.433434749809876507e-01,1.434246946892043795e-01,-6.088516427448103369e-02,-4.061679923990266228e-02,0.000000000000000000e+00
1.000000000000000000e+00,4.008000000000000007e+00,1.431002125208940545e-01,1.432623597948134708e-01,-6.074613309453388149e-02,-4.055067116287641715e-02,0.000000000000000000e+00
1.000000000000000000e+00,4.012000000000000455e+00,1.428575053786122762e-01,1.431002891344801964e-01,-6.060750512905899862e-02,-4.048468215174851059e-02,0.000000000000000000e+00
1.000000000000000000e+00,4.016000000000000014e+00,1.426153519441548390e-01,1.429384821526524518e-01,-6.046927894388438168e-02,-4.041883185093283343e-02,0.000000000000000000e+00
1.000000000000000000e+00,4.019999999999999574e+00,1.423737506132585484e-01,1.427769382951984412e-01,-6.033145311095204633e-02,-4.035311990590467052e-02,0.000000000000000000e+00
1.000000000000000000e+00,4.024000000000000021e+00,1.421326997873604836e-01,1.426156570094021525e-01,-6.019402620828747524e-02,-4.028754596319714110e-02,0.000000000000000000e+00
1.000000000000000000e+00,4.028000000000000469e+00,1.418921978735733502e-01,1.424546377439596390e-01,-6.005699681996896910e-02,-4.022210967039764606e-02,0.000000000000000000e+00
1.000000000000000000e+00,4.032000000000000028e+00,1.416522432846617496e-01,1.422938799489743000e-01,-5.992036353609737215e-02,-4.015681067614428057e-02,0.000000000000000000e+00
1.000000000000000000e+00,4.035999999999999588e+00,1.414128344390175318e-01,1.421333830759529127e-01,-5.978412495276559657e-02,-4.009164863012228130e-02,0.000000000000000000e+00
1.000000000000000000e+00,4.040000000000000036e+00,1.411739697606364252e-01,1.419731465778014123e-01,-5.964827967202891712e-02,-4.002662318306052236e-02,0.000000000000000000e+00
1.000000000000000000e+00,4.044000000000000483e+00,1.409356476790940282e-01,1.418131699088208131e-01,-5.951282630187489098e-02,-3.996173398672793475e-02,0.000000000000000000e+00
1.000000000000000000e+00,4.048000000000000043e+00,1.406978666295223557e-01,1.416534525247029330e-01,-5.937776345619394380e-02,-3.989698069393015495e-02,0.000000000000000000e+00
1.000000000000000000e+00,4.051999999999999602e+00,1.404606250525858024e-01,1.414939938825262866e-01,-5.924308975474947003e-02,-3.983236295850585418e-02,0.000000000000000000e+00
1.000000000000000000e+00,4.056000000000000050e+00,1.402239213944581619e-01,1.413347934407518935e-01,-5.910880382314885606e-02,-3.976788043532331063e-02,0.000000000000000000e+00
1.000000000000000000e+00,4.060000000000000497e+00,1.399877541067991449e-01,1.411758506592195594e-01,-5.897490429281414259e-02,-3.970353278027707877e-02,0.000000000000000000e+00
1.000000000000000000e+00,4.064000000000000057e+00,1.397521216467312866e-01,1.410171649991430465e-01,-5.884138980095313110e-02,-3.963931965028432564e-02,0.000000000000000000e+00
1.000000000000000000e+00,4.067999999999999616e+00,1.395170224768165768e-01,1.408587359231066871e-01,-5.870825899053041391e-02,-3.957524070328154175e-02,0.000000000000000000e+00
1.000000000000000000e+00,4.072000000000000064e+00,1.392824550650337556e-01,1.407005628950608878e-01,-5.857551051023884847e-02,-3.951129559822103010e-02,0.000000000000000000e+00
1.000000000000000000e+00,4.076000000000000512e+00,1.390484178847554986e-01,1.405426453803183540e-01,-5.844314301447105231e-02,-3.944748399506753378e-02,0.000000000000000000e+00
1.000000000000000000e+00,4.080000000000000071e+00,1.388149094147254625e-01,1.403849828455498994e-01,-5.831115516329105075e-02,-3.938380555479491230e-02,0.000000000000000000e+00
1.000000000000000000e+00,4.083999999999999631e+00,1.385819281390357760e-01,1.402275747587802823e-01,-5.817954562240607724e-02,-3.932025993938252639e-02,0.000000000000000000e+00
1.000000000000000000e+00,4.088000000000000078e+00,1.383494725471043074e-01,1.400704205893844312e-01,-5.804831306313853329e-02,-3.925684681181206004e-02,0.000000000000000000e+00
1.000000000000000000e+00,4.092000000000000526e+00,1.381175411336527936e-01,1.399135198080833642e-01,-5.791745616239841327e-02,-3.919356583606410649e-02,0.000000000000000000e+00
1.000000000000000000e+00,4.096000000000000085e+00,1.378861323986840248e-01,1.397568718869402482e-01,-5.778697360265531296e-02,-3.913041667711482374e-02,0.000000000000000000e+00
1.000000000000000000e+00,4.099999999999999645e+00,1.376552448474598345e-01,1.396004762993561799e-01,-5.765686407191105561e-02,-3.906739900093252060e-02,0.000000000000000000e+00
1.000000000000000000e+00,4.104000000000000092e+00,1.374248769904789780e-01,1.394443325200665218e-01,-5.752712626367229715e-02,-3.900451247447442316e-02,0.000000000000000000e+00
1.000000000000000000e+00,4.108000000000000540e+00,1.371950273434553724e-01,1.392884400251368227e-01,-5.739775887692339512e-02,-3.894175676568330247e-02,0.000000000000000000e+00
1.000000000000000000e+00,4.112000000000000099e+00,1.369656944272959198e-01,1.391327982919589867e-01,-5.726876061609924295e-02,-3.887913154348424799e-02,0.000000000000000000e+00
1.000000000000000000e+00,4.115999999999999659e+00,1.367368767680791075e-01,1.389774067992470274e-01,-5.714013019105852742e-02,-3.881663647778120507e-02,0.000000000000000000e+00
1.000000000000000000e+00,4.120000000000000107e+00,1.365085728970329704e-01,1.388222650270335978e-01,-5.701186631705677105e-02,-3.875427123945392183e-02,0.000000000000000000e+00
1.000000000000000000e+00,4.124000000000000554e+00,1.362807813505139687e-01,1.386673724566657717e-01,-5.688396771472007535e-02,-3.869203550035450051e-02,0.000000000000000000e+00
1.000000000000000000e+00,4.128000000000000114e+00,1.360535006699852834e-01,1.385127285708014078e-01,-5.675643311001835056e-02,-3.862992893330428890e-02,0.000000000000000000e+00
1.000000000000000000e+00,4.131999999999999673e+00,1.358267294019955274e-01,1.383583328534049861e-01,-5.662926123423923236e-02,-3.856795121209048716e-02,0.000000000000000000e+00
1.000000000000000000e+00,4.136000000000000121e+00,1.356004660981576515e-01,1.382041847897439446e-01,-5.650245082396192220e-02,-3.850610201146301148e-02,0.000000000000000000e+00
1.000000000000000000e+00,4.140000000000000568e+00,1.353747093151275727e-01,1.380502838663848764e-01,-5.637600062103111098e-02,-3.844438100713127443e-02,0.000000000000000000e+00
1.000000000000000000e+00,4.144000000000000128e+00,1.351494576145836346e-01,1.378966295711896439e-01,-5.624990937253138146e-02,-3.838278787576100692e-02,0.000000000000000000e+00
1.000000000000000000e+00,4.147999999999999687e+00,1.349247095632052917e-01,1.377432213933114102e-01,-5.612417583076129840e-02,-3.832132229497092757e-02,0.000000000000000000e+00
1.000000000000000000e+00,4.152000000000000135e+00,1.347004637326521814e-01,1.375900588231910859e-01,-5.599879875320781103e-02,-3.825998394332968955e-02,0.000000000000000000e+00
1.000000000000000000e+00,4.156000000000000583e+00,1.344767186995440011e-01,1.374371413525532493e-01,-5.587377690252119666e-02,-3.819877250035268179e-02,0.000000000000000000e+00
1.000000000000000000e+00,4.160000000000000142e+00,1.342534730454393865e-01,1.372844684744027877e-01,-5.574910904648948395e-02,-3.813768764649886484e-02,0.000000000000000000e+00
1.000000000000000000e+00,4.163999999999999702e+00,1.340307253568155943e-01,1.371320396830206512e-01,-5.562479395801349369e-02,-3.807672906316759975e-02,0.000000000000000000e+00
1.000000000000000000e+00,4.168000000000000149e+00,1.338084742250480741e-01,1.369798544739603274e-01,-5.550083041508183102e-02,-3.801589643269550484e-02,0.000000000000000000e+00
1.000000000000000000e+00,4.172000000000000597e+00,1.335867182463903458e-01,1.368279123440442335e-01,-5.537721720074615522e-02,-3.795518943835338860e-02,0.000000000000000000e+00
1.000000000000000000e+00,4.176000000000000156e+00,1.333654560219534047e-01,1.366762127913597746e-01,-5.525395310309634544e-02,-3.789460776434310646e-02,0.000000000000000000e+00
1.000000000000000000e+00,4.179999999999999716e+00,1.331446861576861262e-01,1.365247553152556248e-01,-5.513103691523613126e-02,-3.783415109579442437e-02,0.000000000000000000e+00
1.000000000000000000e+00,4.184000000000000163e+00,1.329244072643545882e-01,1.363735394163380910e-01,-5.500846743525846655e-02,-3.777381911876191711e-02,0.000000000000000000e+00
1.000000000000000000e+00,4.188000000000000611e+00,1.327046179575230023e-01,1.362225645964675325e-01,-5.488624346622158340e-02,-3.771361152022205399e-02,0.000000000000000000e+00
1.000000000000000000e+00,4.192000000000000171e+00,1.324853168575331475e-01,1.360718303587545308e-01,-5.476436381612454635e-02,-3.765352798806992363e-02,0.000000000000000000e+00
1.000000000000000000e+00,4.195999999999999730e+00,1.322665025894850521e-01,1.359213362075561427e-01,-5.464282729788345200e-02,-3.759356821111623642e-02,0.000000000000000000e+00
1.000000000000000000e+00,4.200000000000000178e+00,1.320481737832173708e-01,1.357710816484724026e-01,-5.452163272930752452e-02,-3.753373187908432690e-02,0.000000000000000000e+00
1.000000000000000000e+00,4.204000000000000625e+00,1.318303290732877053e-01,1.356210661883426871e-01,-5.440077893307538465e-02,-3.747401868260714225e-02,0.000000000000000000e+00
1.000000000000000000e+00,4.208000000000000185e+00,1.316129670989531208e-01,1.354712893352421066e-01,-5.428026473671145047e-02,-3.741442831322412677e-02,0.000000000000000000e+00
1.000000000000000000e+00,4.211999999999999744e+00,1.313960865041513271e-01,1.353217505984776192e-01,-5.416008897256262278e-02,-3.735496046337822423e-02,0.000000000000000000e+00
1.000000000000000000e+00,4.216000000000000192e+00,1.311796859374804169e-01,1.351724494885846450e-01,-5.404025047777460955e-02,-3.729561482641297054e-02,0.000000000000000000e+00
1.000000000000000000e+00,4.220000000000000639e+00,1.309637640521808810e-01,1.350233855173234854e-01,-5.392074809426918719e-02,-3.723639109656939200e-02,0.000000000000000000e+00
1.000000000000000000e+00,4.224000000000000199e+00,1.307483195061158454e-01,1.348745581976757424e-01,-5.380158066872083034e-02,-3.717728896898313262e-02,0.000000000000000000e+00
1.000000000000000000e+00,4.227999999999999758e+00,1.305333509617521981e-01,1.347259670438406554e-01,-5.368274705253389678e-02,-3.711830813968137327e-02,0.000000000000000000e+00
1.000000000000000000e+00,4.232000000000000206e+00,1.303188570861418261e-01,1.345776115712314369e-01,-5.356424610181973606e-02,-3.705944830557991732e-02,0.000000000000000000e+00
1.000000000000000000e+00,4.236000000000000654e+00,1.301048365509027971e-01,1.344294912964720257e-01,-5.344607667737411721e-02,-3.700070916448032488e-02,0.000000000000000000e+00
1.000000000000000000e+00,4.240000000000000213e+00,1.298912880322007635e-01,1.342816057373933669e-01,-5.332823764465468436e-02,-3.694209041506685276e-02,0.000000000000000000e+00
1.000000000000000000e+00,4.243999999999999773e+00,1.296782102107300882e-01,1.341339544130298878e-01,-5.321072787375840524e-02,-3.688359175690361647e-02,0.000000000000000000e+00
1.000000000000000000e+00,4.248000000000000220e+00,1.294656017716954988e-01,1.339865368436159443e-01,-5.309354623939929740e-02,-3.682521289043160645e-02,0.000000000000000000e+00
1.000000000000000000e+00,4.252000000000000668e+00,1.292534614047939068e-01,1.338393525505824078e-01,-5.297669162088651518e-02,-3.676695351696585012e-02,0.000000000000000000e+00
1.000000000000000000e+00,4.256000000000000227e+00,1.290417878041955901e-01,1.336924010565533061e-01,-5.286016290210188845e-02,-3.670881333869252527e-02,0.000000000000000000e+00
1.000000000000000000e+00,4.259999999999999787e+00,1.288305796685264293e-01,1.335456818853419936e-01,-5.274395897147835660e-02,-3.665079205866598328e-02,0.000000000000000000e+00
1.000000000000000000e+00,4.264000000000000234e+00,1.286198357008491167e-01,1.333991945619478203e-01,-5.262807872197781262e-02,-3.659288938080594578e-02,0.000000000000000000e+00
1.000000000000000000e+00,4.268000000000000682e+00,1.284095546086459483e-01,1.332529386125529125e-01,-5.251252105106984230e-02,-3.653510500989465282e-02,0.000000000000000000e+00
1.000000000000000000e+00,4.272000000000000242e+00,1.281997351038000610e-01,1.331069135645185642e-01,-5.239728486070979047e-02,-3.647743865157403176e-02,0.000000000000000000e+00
1.000000000000000000e+00,4.275999999999999801e+00,1.279903759025779186e-01,1.329611189463816012e-01,-5.228236905731748624e-02,-3.641989001234275519e-02,0.000000000000000000e+00
1.000000000000000000e+00,4.280000000000000249e+00,1.277814757256112432e-01,1.328155542878513007e-01,-5.216777255175581579e-02,-3.636245879955351396e-02,0.000000000000000000e+00
1.000000000000000000e+00,4.284000000000000696e+00,1.275730332978798065e-01,1.326702191198056713e-01,-5.205349425930974605e-02,-3.630514472141011667e-02,0.000000000000000000e+00
1.000000000000000000e+00,4.288000000000000256e+00,1.273650473486932500e-01,1.325251129742884282e-01,-5.193953309966502230e-02,-3.624794748696480440e-02,0.000000000000000000e+00
1.000000000000000000e+00,4.291999999999999815e+00,1.271575166116735989e-01,1.323802353845052460e-01,-5.182588799688714332e-02,-3.619086680611530160e-02,0.000000000000000000e+00
1.000000000000000000e+00,4.296000000000000263e+00,1.269504398247379706e-01,1.322355858848204280e-01,-5.171255787940071819e-02,-3.613390238960208223e-02,0.000000000000000000e+00
1.000000000000000000e+00,4.300000000000000711e+00,1.267438157300811719e-01,1.320911640107538532e-01,-5.159954167996860103e-02,-3.607705394900567741e-02,0.000000000000000000e+00
1.000000000000000000e+00,4.304000000000000270e+00,1.265376430741582126e-01,1.319469692989773124e-01,-5.148683833567124779e-02,-3.602032119674376809e-02,0.000000000000000000e+00
1.000000000000000000e+00,4.307999999999999829e+00,1.263319206076673473e-01,1.318030012873111778e-01,-5.137444678788632979e-02,-3.596370384606852044e-02,0.000000000000000000e+00
1.000000000000000000e+00,4.312000000000000277e+00,1.261266470855324229e-01,1.316592595147212386e-01,-5.126236598226806274e-02,-3.590720161106380343e-02,0.000000000000000000e+00
1.000000000000000000e+00,4.316000000000000725e+00,1.259218212668865577e-01,1.315157435213152592e-01,-5.115059486872729905e-02,-3.585081420664244789e-02,0.000000000000000000e+00
1.000000000000000000e+00,4.320000000000000284e+00,1.257174419150545452e-01,1.313724528483397047e-01,-5.103913240141102342e-02,-3.579454134854353348e-02,0.000000000000000000e+00
1.000000000000000000e+00,4.323999999999999844e+00,1.255135077975360336e-01,1.312293870381764371e-01,-5.092797753868241739e-02,-3.573838275332967551e-02,0.000000000000000000e+00
1.000000000000000000e+00,4.328000000000000291e+00,1.253100176859890391e-01,1.310865456343394131e-01,-5.081712924310091695e-02,-3.568233813838425639e-02,0.000000000000000000e+00
1.000000000000000000e+00,4.332000000000000739e+00,1.251069703562128765e-01,1.309439281814714362e-01,-5.070658648140237423e-02,-3.562640722190883041e-02,0.000000000000000000e+00
1.000000000000000000e+00,4.336000000000000298e+00,1.249043645881316167e-01,1.308015342253408542e-01,-5.059634822447926089e-02,-3.557058972292033439e-02,0.000000000000000000e+00
1.000000000000000000e+00,4.339999999999999858e+00,1.247021991657775025e-01,1.306593633128383669e-01,-5.048641344736109343e-02,-3.551488536124847162e-02,0.000000000000000000e+00
1.000000000000000000e+00,4.344000000000000306e+00,1.245004728772743235e-01,1.305174149919736404e-01,-5.037678112919484474e-02,-3.545929385753301966e-02,0.000000000000000000e+00
1.000000000000000000e+00,4.347999999999999865e+00,1.242991845148212482e-01,1.303756888118722534e-01,-5.026745025322566784e-02,-3.540381493322115880e-02,0.000000000000000000e+00
1.000000000000000000e+00,4.352000000000000313e+00,1.240983328746760456e-01,1.302341843227723395e-01,-5.015841980677731432e-02,-3.534844831056485615e-02,0.000000000000000000e+00
1.000000000000000000e+00,4.355999999999999872e+00,1.238979167571393480e-01,1.300929010760214777e-01,-5.004968878123334380e-02,-3.529319371261818716e-02,0.000000000000000000e+00
1.000000000000000000e+00,4.360000000000000320e+00,1.236979349665378730e-01,1.299518386240733625e-01,-4.994125617201756323e-02,-3.523805086323473362e-02,0.000000000000000000e+00
1.000000000000000000e+00,4.363999999999999879e+00,1.234983863112090047e-01,1.298109965204847227e-01,-4.983312097857548612e-02,-3.518301948706493987e-02,0.000000000000000000e+00
1.000000000000000000e+00,4.368000000000000327e+00,1.232992696034838492e-01,1.296703743199119907e-01,-4.972528220435500773e-02,-3.512809930955352461e-02,0.000000000000000000e+00
1.000000000000000000e+00,4.371999999999999886e+00,1.231005836596720943e-01,1.295299715781084715e-01,-4.961773885678797541e-02,-3.507329005693687191e-02,0.000000000000000000e+00
1.000000000000000000e+00,4.376000000000000334e+00,1.229023273000456329e-01,1.293897878519206235e-01,-4.951048994727125230e-02,-3.501859145624036662e-02,0.000000000000000000e+00
1.000000000000000000e+00,4.379999999999999893e+00,1.227044993488229652e-01,1.292498226992855881e-01,-4.940353449114835704e-02,-3.496400323527598664e-02,0.000000000000000000e+00
1.000000000000000000e+00,4.384000000000000341e+00,1.225070986341530860e-01,1.291100756792273596e-01,-4.929687150769065940e-02,-3.490952512263952034e-02,0.000000000000000000e+00
1.000000000000000000e+00,4.387999999999999901e+00,1.223101239881004276e-01,1.289705463518542317e-01,-4.919050002007938766e-02,-3.485515684770815886e-02,0.000000000000000000e+00
1.000000000000000000e+00,4.392000000000000348e+00,1.221135742466287200e-01,1.288312342783552444e-01,-4.908441905538706018e-02,-3.480089814063783843e-02,0.000000000000000000e+00
1.000000000000000000e+00,4.395999999999999908e+00,1.219174482495857109e-01,1.286921390209974647e-01,-4.897862764455942347e-02,-3.474674873236076322e-02,0.000000000000000000e+00
1.000000000000000000e+00,4.400000000000000355e+00,1.217217448406875402e-01,1.285532601431224053e-01,-4.887312482239726530e-02,-3.469270835458283103e-02,0.000000000000000000e+00
1.000000000000000000e+00,4.403999999999999915e+00,1.215264628675036263e-01,1.284145972091434995e-01,-4.876790962753860259e-02,-3.463877673978114219e-02,0.000000000000000000e+00
1.000000000000000000e+00,4.408000000000000362e+00,1.213316011814409984e-01,1.282761497845425480e-01,-4.866298110244057090e-02,-3.458495362120137667e-02,0.000000000000000000e+00
1.000000000000000000e+00,4.411999999999999922e+00,1.211371586377295306e-01,1.281379174358669437e-01,-4.855833829336188984e-02,-3.453123873285546264e-02,0.000000000000000000e+00
1.000000000000000000e+00,4.416000000000000369e+00,1.209431340954062184e-01,1.279998997307263964e-01,-4.845398025034484274e-02,-3.447763180951891188e-02,0.000000000000000000e+00
1.000000000000000000e+00,4.419999999999999929e+00,1.207495264173004956e-01,1.278620962377900738e-01,-4.834990602719800579e-02,-3.442413258672840509e-02,0.000000000000000000e+00
1.000000000000000000e+00,4.424000000000000377e+00,1.205563344700188722e-01,1.277245065267834656e-01,-4.824611468147842891e-02,-3.437074080077930083e-02,0.000000000000000000e+00
1.000000000000000000e+00,4.427999999999999936e+00,1.203635571239305840e-01,1.275871301684853854e-01,-4.814260527447456611e-02,-3.431745618872314441e-02,0.000000000000000000e+00
1.000000000000000000e+00,4.432000000000000384e+00,1.201711932531516480e-01,1.274499667347248066e-01,-4.803937687118852579e-02,-3.426427848836520462e-02,0.000000000000000000e+00
1.000000000000000000e+00,4.435999999999999943e+00,1.199792417355312890e-01,1.273130157983781707e-01,-4.793642854031932021e-02,-3.421120743826207983e-02,0.000000000000000000e+00
1.000000000000000000e+00,4.440000000000000391e+00,1.197877014526362166e-01,1.271762769333659726e-01,-4.783375935424533099e-02,-3.415824277771914441e-02,0.000000000000000000e+00
1.000000000000000000e+00,4.443999999999999950e+00,1.195965712897363586e-01,1.270397497146502630e-01,-4.773136838900750994e-02,-3.410538424678820346e-02,0.000000000000000000e+00
1.000000000000000000e+00,4.448000000000000398e+00,1.194058501357902480e-01,1.269034337182311512e-01,-4.762925472429228868e-02,-3.405263158626498088e-02,0.000000000000000000e+00
1.000000000000000000e+00,4.451999999999999957e+00,1.192155368834304369e-01,1.267673285211442791e-01,-4.752741744341484886e-02,-3.399998453768680873e-02,0.000000000000000000e+00
1.000000000000000000e+00,4.456000000000000405e+00,1.190256304289487310e-01,1.266314337014574354e-01,-4.742585563330214971e-02,-3.394744284333009454e-02,0.000000000000000000e+00
1.000000000000000000e+00,4.459999999999999964e+00,1.188361296722824922e-01,1.264957488382680018e-01,-4.732456838447657299e-02,-3.389500624620797598e-02,0.000000000000000000e+00
1.000000000000000000e+00,4.464000000000000412e+00,1.186470335169992341e-01,1.263602735116998166e-01,-4.722355479103890197e-02,-3.384267449006796158e-02,0.000000000000000000e+00
1.000000000000000000e+00,4.467999999999999972e+00,1.184583408702835905e-01,1.262250073029002051e-01,-4.712281395065229250e-02,-3.379044731938950219e-02,0.000000000000000000e+00
1.000000000000000000e+00,4.472000000000000419e+00,1.182700506429218701e-01,1.260899497940371483e-01,-4.702234496452536994e-02,-3.373832447938158313e-02,0.000000000000000000e+00
1.000000000000000000e+00,4.475999999999999979e+00,1.180821617492888442e-01,1.259551005682963964e-01,-4.692214693739635983e-02,-3.368630571598042051e-02,0.000000000000000000e+00
1.000000000000000000e+00,4.480000000000000426e+00,1.178946731073331478e-01,1.258204592098783325e-01,-4.682221897751649015e-02,-3.363439077584706727e-02,0.000000000000000000e+00
1.000000000000000000e+00,4.483999999999999986e+00,1.177075836385634983e-01,1.256860253039954745e-01,-4.672256019663408727e-02,-3.358257940636506789e-02,0.000000000000000000e+00
1.000000000000000000e+00,4.488000000000000433e+00,1.175208922680345963e-01,1.255517984368690887e-01,-4.662316970997833904e-02,-3.353087135563809218e-02,0.000000000000000000e+00
1.000000000000000000e+00,4.491999999999999993e+00,1.173345979243333448e-01,1.254177781957269144e-01,-4.652404663624342546e-02,-3.347926637248767323e-02,0.000000000000000000e+00
1.000000000000000000e+00,4.496000000000000441e+00,1.171486995395646935e-01,1.252839641687997496e-01,-4.642519009757245518e-02,-3.342776420645077184e-02,0.000000000000000000e+00
1.000000000000000000e+00,4.500000000000000000e+00,1.169631960493386774e-01,1.251503559453188696e-01,-4.632659921954198484e-02,-3.337636460777755609e-02,0.000000000000000000e+00
1.000000000000000000e+00,4.504000000000000448e+00,1.167780863927557200e-01,1.250169531155131408e-01,-4.622827313114586528e-02,-3.332506732742902822e-02,0.000000000000000000e+00
1.000000000000000000e+00,4.508000000000000007e+00,1.165933695123936020e-01,1.248837552706061615e-01,-4.613021096477990662e-02,-3.327387211707477643e-02,0.000000000000000000e+00
1.000000000000000000e+00,4.512000000000000455e+00,1.164090443542938197e-01,1.247507620028134034e-01,-4.603241185622620329e-02,-3.322277872909061569e-02,0.000000000000000000e+00
1.000000000000000000e+00,4.516000000000000014e+00,1.162251098679480399e-01,1.246179729053395330e-01,-4.593487494463770887e-02,-3.317178691655636724e-02,0.000000000000000000e+00
1.000000000000000000e+00,4.520000000000000462e+00,1.160415650062843057e-01,1.244853875723753306e-01,-4.583759937252265826e-02,-3.312089643325352717e-02,0.000000000000000000e+00
1.000000000000000000e+00,4.524000000000000021e+00,1.158584087256542272e-01,1.243530055990952343e-01,-4.574058428572951029e-02,-3.307010703366305981e-02,0.000000000000000000e+00
1.000000000000000000e+00,4.528000000000000469e+00,1.156756399858192425e-01,1.242208265816542034e-01,-4.564382883343152952e-02,-3.301941847296308713e-02,0.000000000000000000e+00
1.000000000000000000e+00,4.532000000000000028e+00,1.154932577499376140e-01,1.240888501171852065e-01,-4.554733216811173574e-02,-3.296883050702664741e-02,0.000000000000000000e+00
1.000000000000000000e+00,4.536000000000000476e+00,1.153112609845508424e-01,1.239570758037962517e-01,-4.545109344554768005e-02,-3.291834289241944711e-02,0.000000000000000000e+00
1.000000000000000000e+00,4.540000000000000036e+00,1.151296486595709406e-01,1.238255032405677636e-01,-4.535511182479667197e-02,-3.286795538639766118e-02,0.000000000000000000e+00
1.000000000000000000e+00,4.544000000000000483e+00,1.149484197482671249e-01,1.236941320275497247e-01,-4.525938646818061795e-02,-3.281766774690563632e-02,0.000000000000000000e+00
1.000000000000000000e+00,4.548000000000000043e+00,1.147675732272527144e-01,1.235629617657590246e-01,-4.516391654127135252e-02,-3.276747973257376767e-02,0.000000000000000000e+00
1.000000000000000000e+00,4.552000000000000490e+00,1.145871080764724326e-01,1.234319920571765455e-01,-4.506870121287584463e-02,-3.271739110271616041e-02,0.000000000000000000e+00
1.000000000000000000e+00,4.556000000000000050e+00,1.144070232791891267e-01,1.233012225047446925e-01,-4.497373965502139692e-02,-3.266740161732856196e-02,0.000000000000000000e+00
1.000000000000000000e+00,4.560000000000000497e+00,1.142273178219712915e-01,1.231706527123644368e-01,-4.487903104294124756e-02,-3.261751103708603744e-02,0.000000000000000000e+00
1.000000000000000000e+00,4.564000000000000057e+00,1.140479906946801347e-01,1.230402822848926936e-01,-4.478457455505990142e-02,-3.256771912334090191e-02,0.000000000000000000e+00
1.000000000000000000e+00,4.568000000000000504e+00,1.138690408904565743e-01,1.229101108281396570e-01,-4.469036937297860002e-02,-3.251802563812043051e-02,0.000000000000000000e+00
1.000000000000000000e+00,4.572000000000000064e+00,1.136904674057089837e-01,1.227801379488661360e-01,-4.459641468146115229e-02,-3.246843034412478374e-02,0.000000000000000000e+00
1.000000000000000000e+00,4.576000000000000512e+00,1.135122692401004107e-01,1.226503632547805839e-01,-4.450270966841949477e-02,-3.241893300472472456e-02,0.000000000000000000e+00
1.000000000000000000e+00,4.580000000000000071e+00,1.133344453965357684e-01,1.225207863545368370e-01,-4.440925352489942524e-02,-3.236953338395960611e-02,0.000000000000000000e+00
1.000000000000000000e+00,4.584000000000000519e+00,1.131569948811497334e-01,1.223914068577311443e-01,-4.431604544506657917e-02,-3.232023124653509577e-02,0.000000000000000000e+00
1.000000000000000000e+00,4.588000000000000078e+00,1.129799167032940754e-01,1.222622243748996557e-01,-4.422308462619226749e-02,-3.227102635782111428e-02,0.000000000000000000e+00
1.000000000000000000e+00,4.592000000000000526e+00,1.128032098755252510e-01,1.221332385175156049e-01,-4.413037026863948775e-02,-3.222191848384962226e-02,0.000000000000000000e+00
1.000000000000000000e+00,4.596000000000000085e+00,1.126268734135921212e-01,1.220044488979869779e-01,-4.403790157584897003e-02,-3.217290739131260791e-02,0.000000000000000000e+00
1.000000000000000000e+00,4.600000000000000533e+00,1.124509063364236006e-01,1.218758551296534320e-01,-4.394567775432528522e-02,-3.212399284755983880e-02,0.000000000000000000e+00
1.000000000000000000e+00,4.604000000000000092e+00,1.122753076661165139e-01,1.217474568267841450e-01,-4.385369801362319631e-02,-3.207517462059686353e-02,0.000000000000000000e+00
1.000000000000000000e+00,4.608000000000000540e+00,1.121000764279235368e-01,1.216192536045747619e-01,-4.376196156633380130e-02,-3.202645247908281201e-02,0.000000000000000000e+00
1.000000000000000000e+00,4.612000000000000099e+00,1.119252116502406358e-01,1.214912450791451604e-01,-4.367046762807088450e-02,-3.197782619232839713e-02,0.000000000000000000e+00
1.000000000000000000e+00,4.616000000000000547e+00,1.117507123645955225e-01,1.213634308675365370e-01,-4.357921541745745503e-02,-3.192929553029369427e-02,0.000000000000000000e+00
1.000000000000000000e+00,4.620000000000000107e+00,1.115765776056354408e-01,1.212358105877090753e-01,-4.348820415611216045e-02,-3.188086026358622621e-02,0.000000000000000000e+00
1.000000000000000000e+00,4.624000000000000554e+00,1.114028064111149408e-01,1.211083838585390871e-01,-4.339743306863580452e-02,-3.183252016345872182e-02,0.000000000000000000e+00
1.000000000000000000e+00,4.628000000000000114e+00,1.112293978218845403e-01,1.209811502998168198e-01,-4.330690138259813554e-02,-3.178427500180720788e-02,0.000000000000000000e+00
1.000000000000000000e+00,4.632000000000000561e+00,1.110563508818783462e-01,1.208541095322433201e-01,-4.321660832852437101e-02,-3.173612455116875397e-02,0.000000000000000000e+00
1.000000000000000000e+00,4.636000000000000121e+00,1.108836646381025637e-01,1.207272611774285465e-01,-4.312655313988211780e-02,-3.168806858471966137e-02,0.000000000000000000e+00
1.000000000000000000e+00,4.640000000000000568e+00,1.107113381406236580e-01,1.206006048578882744e-01,-4.303673505306809810e-02,-3.164010687627323570e-02,0.000000000000000000e+00
1.000000000000000000e+00,4.644000000000000128e+00,1.105393704425566281e-01,1.204741401970417791e-01,-4.294715330739513892e-02,-3.159223920027776078e-02,0.000000000000000000e+00
1.000000000000000000e+00,4.648000000000000576e+00,1.103677606000534606e-01,1.203478668192093370e-01,-4.285780714507912009e-02,-3.154446533181458345e-02,0.000000000000000000e+00
1.000000000000000000e+00,4.652000000000000135e+00,1.101965076722914993e-01,1.202217843496096450e-01,-4.276869581122600544e-02,-3.149678504659601808e-02,0.000000000000000000e+00
1.000000000000000000e+00,4.656000000000000583e+00,1.100256107214618861e-01,1.200958924143571693e-01,-4.267981855381897116e-02,-3.144919812096325096e-02,0.000000000000000000e+00
1.000000000000000000e+00,4.660000000000000142e+00,1.098550688127580832e-01,1.199701906404599117e-01,-4.259117462370557577e-02,-3.140170433188452237e-02,0.000000000000000000e+00
1.000000000000000000e+00,4.664000000000000590e+00,1.096848810143644104e-01,1.198446786558165778e-01,-4.250276327458495790e-02,-3.135430345695291998e-02,0.000000000000000000e+00
1.000000000000000000e+00,4.668000000000000149e+00,1.095150463974447624e-01,1.197193560892144681e-01,-4.241458376299526295e-02,-3.130699527438454699e-02,0.000000000000000000e+00
1.000000000000000000e+00,4.672000000000000597e+00,1.093455640361312847e-01,1.195942225703265915e-01,-4.232663534830088947e-02,-3.125977956301642657e-02,0.000000000000000000e+00
1.000000000000000000e+00,4.676000000000000156e+00,1.091764330075131184e-01,1.194692777297094999e-01,-4.223891729268006850e-02,-3.121265610230458676e-02,0.000000000000000000e+00
1.000000000000000000e+00,4.679999999999999716e+00,1.090076523916246043e-01,1.193445211988005822e-01,-4.215142886111207521e-02,-3.116562467232204120e-02,0.000000000000000000e+00
1.000000000000000000e+00,4.684000000000000163e+00,1.088392212714351798e-01,1.192199526099157192e-01,-4.206416932136521764e-02,-3.111868505375684629e-02,0.000000000000000000e+00
1.000000000000000000e+00,4.688000000000000611e+00,1.086711387328373191e-01,1.190955715962468964e-01,-4.197713794398413856e-02,-3.107183702791016869e-02,0.000000000000000000e+00
1.000000000000000000e+00,4.692000000000000171e+00,1.085034038646358751e-01,1.189713777918596227e-01,-4.189033400227763770e-02,-3.102508037669426261e-02,0.000000000000000000e+00
1.000000000000000000e+00,4.695999999999999730e+00,1.083360157585369216e-01,1.188473708316905159e-01,-4.180375677230639686e-02,-3.097841488263059634e-02,0.000000000000000000e+00
1.000000000000000000e+00,4.700000000000000178e+00,1.081689735091368454e-01,1.187235503515448876e-01,-4.171740553287082293e-02,-3.093184032884784343e-02,0.000000000000000000e+00
1.000000000000000000e+00,4.704000000000000625e+00,1.080022762139112996e-01,1.185999159880943982e-01,-4.163127956549889097e-02,-3.088535649908003347e-02,0.000000000000000000e+00
1.000000000000000000e+00,4.708000000000000185e+00,1.078359229732046010e-01,1.184764673788744893e-01,-4.154537815443420240e-02,-3.083896317766456063e-02,0.000000000000000000e+00
1.000000000000000000e+00,4.711999999999999744e+00,1.076699128902182945e-01,1.183532041622820663e-01,-4.145970058662374474e-02,-3.079266014954027200e-02,0.000000000000000000e+00
1.000000000000000000e+00,4.716000000000000192e+00,1.075042450710011616e-01,1.182301259775730973e-01,-4.137424615170626208e-02,-3.074644720024560102e-02,0.000000000000000000e+00
1.000000000000000000e+00,4.720000000000000639e+00,1.073389186244377846e-01,1.181072324648601568e-01,-4.128901414200014663e-02,-3.070032411591661070e-02,0.000000000000000000e+00
1.000000000000000000e+00,4.724000000000000199e+00,1.071739326622383331e-01,1.179845232651101916e-01,-4.120400385249176761e-02,-3.065429068328513751e-02,0.000000000000000000e+00
1.000000000000000000e+00,4.727999999999999758e+00,1.070092862989275445e-01,1.178619980201418976e-01,-4.111921458082361258e-02,-3.060834668967685884e-02,0.000000000000000000e+00
1.000000000000000000e+00,4.732000000000000206e+00,1.068449786518343575e-01,1.177396563726235412e-01,-4.103464562728267873e-02,-3.056249192300944037e-02,0.000000000000000000e+00
1.000000000000000000e+00,4.736000000000000654e+00,1.066810088410813512e-01,1.176174979660705583e-01,-4.095029629478878080e-02,-3.051672617179065211e-02,0.000000000000000000e+00
1.000000000000000000e+00,4.740000000000000213e+00,1.065173759895740313e-01,1.174955224448431951e-01,-4.086616588888300483e-02,-3.047104922511649494e-02,0.000000000000000000e+00
1.000000000000000000e+00,4.743999999999999773e+00,1.063540792229907550e-01,1.173737294541440240e-01,-4.078225371771623808e-02,-3.042546087266932014e-02,0.000000000000000000e+00
1.000000000000000000e+00,4.748000000000000220e+00,1.061911176697718368e-01,1.172521186400158621e-01,-4.069855909203758809e-02,-3.037996090471598715e-02,0.000000000000000000e+00
1.000000000000000000e+00,4.752000000000000668e+00,1.060284904611094037e-01,1.171306896493391897e-01,-4.061508132518305142e-02,-3.033454911210601429e-02,0.000000000000000000e+00
1.000000000000000000e+00,4.756000000000000227e+00,1.058661967309374591e-01,1.170094421298299991e-01,-4.053181973306432123e-02,-3.028922528626974697e-02,0.000000000000000000e+00
1.000000000000000000e+00,4.759999999999999787e+00,1.057042356159208080e-01,1.168883757300373666e-01,-4.044877363415717852e-02,-3.024398921921647720e-02,0.000000000000000000e+00
1.000000000000000000e+00,4.764000000000000234e+00,1.055426062554453565e-01,1.167674900993411341e-01,-4.036594234949051480e-02,-3.019884070353261868e-02,0.000000000000000000e+00
1.000000000000000000e+00,4.768000000000000682e+00,1.053813077916078422e-01,1.166467848879497171e-01,-4.028332520263507716e-02,-3.015377953237994776e-02,0.000000000000000000e+00
1.000000000000000000e+00,4.772000000000000242e+00,1.052203393692057870e-01,1.165262597468977868e-01,-4.020092151969245631e-02,-3.010880549949370572e-02,0.000000000000000000e+00
1.000000000000000000e+00,4.775999999999999801e+00,1.050597001357271160e-01,1.164059143280437303e-01,-4.011873062928384553e-02,-3.006391839918080150e-02,0.000000000000000000e+00
1.000000000000000000e+00,4.780000000000000249e+00,1.048993892413400963e-01,1.162857482840677498e-01,-4.003675186253909113e-02,-3.001911802631804238e-02,0.000000000000000000e+00
1.000000000000000000e+00,4.784000000000000696e+00,1.047394058388838034e-01,1.161657612684693364e-01,-3.995498455308590241e-02,-2.997440417635029858e-02,0.000000000000000000e+00
1.000000000000000000e+00,4.788000000000000256e+00,1.045797490838576288e-01,1.160459529355651054e-01,-3.987342803703879113e-02,-2.992977664528872692e-02,0.000000000000000000e+00
1.000000000000000000e+00,4.791999999999999815e+00,1.044204181344116078e-01,1.159263229404864370e-01,-3.979208165298827454e-02,-2.988523522970897711e-02,0.000000000000000000e+00
1.000000000000000000e+00,4.796000000000000263e+00,1.042614121513364411e-01,1.158068709391772838e-01,-3.971094474199009933e-02,-2.984077972674938767e-02,0.000000000000000000e+00
1.000000000000000000e+00,4.800000000000000711e+00,1.041027302980536695e-01,1.156875965883920193e-01,-3.963001664755451403e-02,-2.979640993410927891e-02,0.000000000000000000e+00
1.000000000000000000e+00,4.804000000000000270e+00,1.039443717406061118e-01,1.155684995456930098e-01,-3.954929671563569421e-02,-2.975212565004710374e-02,0.000000000000000000e+00
1.000000000000000000e+00,4.807999999999999829e+00,1.037863356476475263e-01,1.154495794694485045e-01,-3.946878429462083449e-02,-2.970792667337873727e-02,0.000000000000000000e+00
1.000000000000000000e+00,4.812000000000000277e+00,1.036286211904336174e-01,1.153308360188303044e-01,-3.938847873531994143e-02,-2.966381280347567956e-02,0.000000000000000000e+00
1.000000000000000000e+00,4.816000000000000725e+00,1.034712275428117945e-01,1.152122688538117501e-01,-3.930837939095504358e-02,-2.961978384026336952e-02,0.000000000000000000e+00
1.000000000000000000e+00,4.820000000000000284e+00,1.033141538812119703e-01,1.150938776351653203e-01,-3.922848561714990107e-02,-2.957583958421938081e-02,0.000000000000000000e+00
1.000000000000000000e+00,4.823999999999999844e+00,1.031573993846366666e-01,1.149756620244604677e-01,-3.914879677191949320e-02,-2.953197983637171134e-02,0.000000000000000000e+00
1.000000000000000000e+00,4.828000000000000291e+00,1.030009632346514520e-01,1.148576216840613701e-01,-3.906931221565962398e-02,-2.948820439829700699e-02,0.000000000000000000e+00
1.000000000000000000e+00,4.832000000000000739e+00,1.028448446153757828e-01,1.147397562771249047e-01,-3.899003131113679826e-02,-2.944451307211894131e-02,0.000000000000000000e+00
1.000000000000000000e+00,4.836000000000000298e+00,1.026890427134732747e-01,1.146220654675983441e-01,-3.891095342347779262e-02,-2.940090566050636289e-02,0.000000000000000000e+00
1.000000000000000000e+00,4.839999999999999858e+00,1.025335567181423352e-01,1.145045489202171640e-01,-3.883207792015955229e-02,-2.935738196667170286e-02,0.000000000000000000e+00
1.000000000000000000e+00,4.844000000000000306e+00,1.023783858211066017e-01,1.143872063005029471e-01,-3.875340417099886609e-02,-2.931394179436917768e-02,0.000000000000000000e+00
1.000000000000000000e+00,4.848000000000000753e+00,1.022235292166059628e-01,1.142700372747611215e-01,-3.867493154814252709e-02,-2.927058494789311696e-02,0.000000000000000000e+00
1.000000000000000000e+00,4.852000000000000313e+00,1.020689861013871491e-01,1.141530415100789619e-01,-3.859665942605712552e-02,-2.922731123207631537e-02,0.000000000000000000e+00
1.000000000000000000e+00,4.855999999999999872e+00,1.019147556746942823e-01,1.140362186743231754e-01,-3.851858718151904976e-02,-2.918412045228823554e-02,0.000000000000000000e+00
1.000000000000000000e+00,4.860000000000000320e+00,1.017608371382596327e-01,1.139195684361380828e-01,-3.844071419360447356e-02,-2.914101241443343634e-02,0.000000000000000000e+00
1.000000000000000000e+00,4.864000000000000767e+00,1.016072296962948762e-01,1.138030904649432185e-01,-3.836303984367963466e-02,-2.909798692494983130e-02,0.000000000000000000e+00
1.000000000000000000e+00,4.868000000000000327e+00,1.014539325554814908e-01,1.136867844309314146e-01,-3.828556351539084274e-02,-2.905504379080705787e-02,0.000000000000000000e+00
1.000000000000000000e+00,4.871999999999999886e+00,1.013009449249617916e-01,1.135706500050663592e-01,-3.820828459465465399e-02,-2.901218281950471850e-02,0.000000000000000000e+00
1.000000000000000000e+00,4.876000000000000334e+00,1.011482660163299935e-01,1.134546868590809027e-01,-3.813120246964820520e-02,-2.896940381907085055e-02,0.000000000000000000e+00
1.000000000000000000e+00,4.880000000000000782e+00,1.009958950436231628e-01,1.133388946654745599e-01,-3.805431653079951321e-02,-2.892670659806018466e-02,0.000000000000000000e+00
1.000000000000000000e+00,4.884000000000000341e+00,1.008438312233119610e-01,1.132232730975117480e-01,-3.797762617077767716e-02,-2.888409096555253491e-02,0.000000000000000000e+00
1.000000000000000000e+00,4.887999999999999901e+00,1.006920737742920818e-01,1.131078218292193849e-01,-3.790113078448339307e-02,-2.884155673115112312e-02,0.000000000000000000e+00
1.000000000000000000e+00,4.892000000000000348e+00,1.005406219178750921e-01,1.129925405353849194e-01,-3.782482976903935035e-02,-2.879910370498093425e-02,0.000000000000000000e+00
1.000000000000000000e+00,4.896000000000000796e+00,1.003894748777795914e-01,1.128774288915543739e-01,-3.774872252378067006e-02,-2.875673169768716911e-02,0.000000000000000000e+00
1.000000000000000000e+00,4.900000000000000355e+00,1.002386318801226223e-01,1.127624865740300547e-01,-3.767280845024557900e-02,-2.871444052043351999e-02,0.000000000000000000e+00
1.000000000000000000e+00,4.903999999999999915e+00,1.000880921534104961e-01,1.126477132598686787e-01,-3.759708695216577162e-02,-2.867222998490060251e-02,0.000000000000000000e+00
1.000000000000000000e+00,4.908000000000000362e+00,9.993785492853016206e-02,1.125331086268789860e-01,-3.752155743545714656e-02,-2.863009990328427984e-02,0.000000000000000000e+00
1.000000000000000000e+00,4.912000000000000810e+00,9.978791943874094905e-02,1.124186723536201998e-01,-3.744621930821061262e-02,-2.858805008829417432e-02,0.000000000000000000e+00
1.000000000000000000e+00,4.916000000000000369e+00,9.963828491966501832e-02,1.123044041193995285e-01,-3.737107198068248537e-02,-2.854608035315196746e-02,0.000000000000000000e+00
1.000000000000000000e+00,4.919999999999999929e+00,9.948895060927939737e-02,1.121903036042702778e-01,-3.729611486528547348e-02,-2.850419051158979006e-02,0.000000000000000000e+00
1.000000000000000000e+00,4.924000000000000377e+00,9.933991574790723700e-02,1.120763704890297419e-01,-3.722134737657949860e-02,-2.846238037784868530e-02,0.000000000000000000e+00
1.000000000000000000e+00,4.928000000000000824e+00,9.919117957820902665e-02,1.119626044552173849e-01,-3.714676893126237639e-02,-2.842064976667701276e-02,0.000000000000000000e+00
1.000000000000000000e+00,4.932000000000000384e+00,9.904274134517425388e-02,1.118490051851125794e-01,-3.707237894816088619e-02,-2.837899849332885249e-02,0.000000000000000000e+00
1.000000000000000000e+00,4.935999999999999943e+00,9.889460029611292502e-02,1.117355723617327046e-01,-3.699817684822163250e-02,-2.833742637356242294e-02,0.000000000000000000e+00
1.000000000000000000e+00,4.940000000000000391e+00,9.874675568064697484e-02,1.116223056688309678e-01,-3.692416205450198968e-02,-2.829593322363851970e-02,0.000000000000000000e+00
1.000000000000000000e+00,4.944000000000000838e+00,9.859920675070180107e-02,1.115092047908947531e-01,-3.685033399216117167e-02,-2.825451886031895080e-02,0.000000000000000000e+00
1.000000000000000000e+00,4.948000000000000398e+00,9.845195276049825694e-02,1.113962694131433034e-01,-3.677669208845141952e-02,-2.821318310086501704e-02,0.000000000000000000e+00
1.000000000000000000e+00,4.951999999999999957e+00,9.830499296654370001e-02,1.112834992215257501e-01,-3.670323577270884902e-02,-2.817192576303585369e-02,0.000000000000000000e+00
1.000000000000000000e+00,4.956000000000000405e+00,9.815832662762416505e-02,1.111708939027191978e-01,-3.662996447634483954e-02,-2.813074666508696975e-02,0.000000000000000000e+00
1.000000000000000000e+00,4.960000000000000853e+00,9.801195300479587091e-02,1.110584531441268785e-01,-3.655687763283716613e-02,-2.808964562576870411e-02,0.000000000000000000e+00
1.000000000000000000e+00,4.964000000000000412e+00,9.786587136137703258e-02,1.109461766338758898e-01,-3.648397467772124259e-02,-2.804862246432465733e-02,0.000000000000000000e+00
1.000000000000000000e+00,4.967999999999999972e+00,9.772008096293960389e-02,1.108340640608155014e-01,-3.641125504858138545e-02,-2.800767700049014430e-02,0.000000000000000000e+00
1.000000000000000000e+00,4.972000000000000419e+00,9.757458107730102026e-02,1.107221151145148796e-01,-3.633871818504214035e-02,-2.796680905449071275e-02,0.000000000000000000e+00
1.000000000000000000e+00,4.976000000000000867e+00,9.742937097451630224e-02,1.106103294852615049e-01,-3.626636352875974717e-02,-2.792601844704059588e-02,0.000000000000000000e+00
1.000000000000000000e+00,4.980000000000000426e+00,9.728444992686977044e-02,1.104987068640589098e-01,-3.619419052341345255e-02,-2.788530499934118584e-02,0.000000000000000000e+00
1.000000000000000000e+00,4.983999999999999986e+00,9.713981720886695481e-02,1.103872469426248892e-01,-3.612219861469699589e-02,-2.784466853307955223e-02,0.000000000000000000e+00
1.000000000000000000e+00,4.988000000000000433e+00,9.699547209722650387e-02,1.102759494133895013e-01,-3.605038725031008140e-02,-2.780410887042688781e-02,0.000000000000000000e+00
1.000000000000000000e+00,4.992000000000000881e+00,9.685141387087246867e-02,1.101648139694931389e-01,-3.597875587995000984e-02,-2.776362583403707562e-02,0.000000000000000000e+00
1.000000000000000000e+00,4.996000000000000441e+00,9.670764181092604550e-02,1.100538403047846836e-01,-3.590730395530317837e-02,-2.772321924704513121e-02,0.000000000000000000e+00
1.000000000000000000e+00,5.000000000000000000e+00,9.656415520069765168e-02,1.099430281138194659e-01,-3.583603093003668444e-02,-2.768288893306574197e-02,0.000000000000000000e+00
1.000000000000000000e+00,5.004000000000000448e+00,9.642095332567914012e-02,1.098323770918573777e-01,-3.576493625979003388e-02,-2.764263471619177528e-02,0.000000000000000000e+00
1.000000000000000000e+00,5.008000000000000895e+00,9.627803547353588898e-02,1.097218869348610404e-01,-3.569401940216684888e-02,-2.760245642099280056e-02,0.000000000000000000e+00
1.000000000000000000e+00,5.012000000000000455e+00,9.613540093409898846e-02,1.096115573394938203e-01,-3.562327981672661764e-02,-2.756235387251361815e-02,0.000000000000000000e+00
1.000000000000000000e+00,5.016000000000000014e+00,9.599304899935727498e-02,1.095013880031179831e-01,-3.555271696497636774e-02,-2.752232689627276407e-02,0.000000000000000000e+00
1.000000000000000000e+00,5.020000000000000462e+00,9.585097896344974000e-02,1.093913786237926677e-01,-3.548233031036264473e-02,-2.748237531826106667e-02,0.000000000000000000e+00
1.000000000000000000e+00,5.024000000000000909e+00,9.570919012265773074e-02,1.092815289002723039e-01,-3.541211931826324794e-02,-2.744249896494022761e-02,0.000000000000000000e+00
1.000000000000000000e+00,5.028000000000000469e+00,9.556768177539728959e-02,1.091718385320043505e-01,-3.534208345597923684e-02,-2.740269766324127110e-02,0.000000000000000000e+00
1.000000000000000000e+00,5.032000000000000028e+00,9.542645322221132709e-02,1.090623072191277132e-01,-3.527222219272679177e-02,-2.736297124056315602e-02,0.000000000000000000e+00
1.000000000000000000e+00,5.036000000000000476e+00,9.528550376576203074e-02,1.089529346624706907e-01,-3.520253499962915783e-02,-2.732331952477133619e-02,0.000000000000000000e+00
1.000000000000000000e+00,5.040000000000000924e+00,9.514483271082345428e-02,1.088437205635492400e-01,-3.513302134970882479e-02,-2.728374234419629271e-02,0.000000000000000000e+00
1.000000000000000000e+00,5.044000000000000483e+00,9.500443936427366287e-02,1.087346646245651305e-01,-3.506368071787940854e-02,-2.724423952763213932e-02,0.000000000000000000e+00
1.000000000000000000e+00,5.048000000000000043e+00,9.486432303508732233e-02,1.086257665484038903e-01,-3.499451258093783101e-02,-2.720481090433513396e-02,0.000000000000000000e+00
1.000000000000000000e+00,5.052000000000000490e+00,9.472448303432816352e-02,1.085170260386331548e-01,-3.492551641755643754e-02,-2.716545630402226325e-02,0.000000000000000000e+00
1.000000000000000000e+00,5.056000000000000938e+00,9.458491867514147444e-02,1.084084427995008204e-01,-3.485669170827515595e-02,-2.712617555686990325e-02,0.000000000000000000e+00
1.000000000000000000e+00,5.060000000000000497e+00,9.444562927274671726e-02,1.083000165359331718e-01,-3.478803793549373885e-02,-2.708696849351231728e-02,0.000000000000000000e+00
1.000000000000000000e+00,5.064000000000000057e+00,9.430661414442997881e-02,1.081917469535329246e-01,-3.471955458346395740e-02,-2.704783494504025762e-02,0.000000000000000000e+00
1.000000000000000000e+00,5.068000000000000504e+00,9.416787260953662919e-02,1.080836337585776019e-01,-3.465124113828186442e-02,-2.700877474299956393e-02,0.000000000000000000e+00
1.000000000000000000e+00,5.072000000000000952e+00,9.402940398946409151e-02,1.079756766580176885e-01,-3.458309708788025183e-02,-2.696978771938983790e-02,0.000000000000000000e+00
1.000000000000000000e+00,5.076000000000000512e+00,9.389120760765427842e-02,1.078678753594746742e-01,-3.451512192202083745e-02,-2.693087370666291669e-02,0.000000000000000000e+00
1.000000000000000000e+00,5.080000000000000071e+00,9.375328278958647288e-02,1.077602295712393743e-01,-3.444731513228674324e-02,-2.689203253772156493e-02,0.000000000000000000e+00
1.000000000000000000e+00,5.084000000000000519e+00,9.361562886277001450e-02,1.076527390022700703e-01,-3.437967621207493191e-02,-2.685326404591808006e-02,0.000000000000000000e+00
1.000000000000000000e+00,5.088000000000000966e+00,9.347824515673699985e-02,1.075454033621907890e-01,-3.431220465658860880e-02,-2.681456806505289753e-02,0.000000000000000000e+00
1.000000000000000000e+00,5.092000000000000526e+00,9.334113100303509380e-02,1.074382223612894288e-01,-3.424489996282980425e-02,-2.677594442937322738e-02,0.000000000000000000e+00
1.000000000000000000e+00,5.096000000000000085e+00,9.320428573522039628e-02,1.073311957105159975e-01,-3.417776162959183101e-02,-2.673739297357163869e-02,0.000000000000000000e+00
1.000000000000000000e+00,5.100000000000000533e+00,9.306770868885029524e-02,1.072243231214808357e-01,-3.411078915745190815e-02,-2.669891353278476195e-02,0.000000000000000000e+00
1.000000000000000000e+00,5.104000000000000981e+00,9.293139920147625022e-02,1.071176043064529237e-01,-3.404398204876377121e-02,-2.666050594259188403e-02,0.000000000000000000e+00
1.000000000000000000e+00,5.108000000000000540e+00,9.279535661263683954e-02,1.070110389783579669e-01,-3.397733980765026834e-02,-2.662217003901359152e-02,0.000000000000000000e+00
1.000000000000000000e+00,5.112000000000000099e+00,9.265958026385053004e-02,1.069046268507767572e-01,-3.391086193999607451e-02,-2.658390565851041776e-02,0.000000000000000000e+00
1.000000000000000000e+00,5.116000000000000547e+00,9.252406949860877972e-02,1.067983676379432728e-01,-3.384454795344038480e-02,-2.654571263798147576e-02,0.000000000000000000e+00
1.000000000000000000e+00,5.120000000000000995e+00,9.238882366236907118e-02,1.066922610547431510e-01,-3.377839735736971882e-02,-2.650759081476318849e-02,0.000000000000000000e+00
1.000000000000000000e+00,5.124000000000000554e+00,9.225384210254779227e-02,1.065863068167117594e-01,-3.371240966291061403e-02,-2.646954002662787325e-02,0.000000000000000000e+00
1.000000000000000000e+00,5.128000000000000114e+00,9.211912416851325558e-02,1.064805046400324473e-01,-3.364658438292245091e-02,-2.643156011178240949e-02,0.000000000000000000e+00
1.000000000000000000e+00,5.132000000000000561e+00,9.198466921157905096e-02,1.063748542415349357e-01,-3.358092103199041001e-02,-2.639365090886694118e-02,0.000000000000000000e+00
1.000000000000000000e+00,5.136000000000001009e+00,9.185047658499694012e-02,1.062693553386935275e-01,-3.351541912641824161e-02,-2.635581225695356883e-02,0.000000000000000000e+00
1.000000000000000000e+00,5.140000000000000568e+00,9.171654564394994547e-02,1.061640076496253166e-01,-3.345007818422120194e-02,-2.631804399554495827e-02,0.000000000000000000e+00
1.000000000000000000e+00,5.144000000000000128e+00,9.158287574554581367e-02,1.060588108930886203e-01,-3.338489772511907955e-02,-2.628034596457309510e-02,0.000000000000000000e+00
1.000000000000000000e+00,5.148000000000000576e+00,9.144946624880975761e-02,1.059537647884810224e-01,-3.331987727052904136e-02,-2.624271800439790386e-02,0.000000000000000000e+00
1.000000000000000000e+00,5.152000000000001023e+00,9.131631651467810029e-02,1.058488690558379713e-01,-3.325501634355879088e-02,-2.620515995580600943e-02,0.000000000000000000e+00
1.000000000000000000e+00,5.156000000000000583e+00,9.118342590599147479e-02,1.057441234158308652e-01,-3.319031446899960158e-02,-2.616767166000940475e-02,0.000000000000000000e+00
1.000000000000000000e+00,5.160000000000000142e+00,9.105079378748774654e-02,1.056395275897653585e-01,-3.312577117331926696e-02,-2.613025295864412900e-02,0.000000000000000000e+00
1.000000000000000000e+00,5.164000000000000590e+00,9.091841952579561570e-02,1.055350812995797527e-01,-3.306138598465531431e-02,-2.609290369376898733e-02,0.000000000000000000e+00
1.000000000000000000e+00,5.168000000000001037e+00,9.078630248942813619e-02,1.054307842678432472e-01,-3.299715843280825317e-02,-2.605562370786428800e-02,0.000000000000000000e+00
1.000000000000000000e+00,5.172000000000000597e+00,9.065444204877556866e-02,1.053266362177543436e-01,-3.293308804923452543e-02,-2.601841284383053093e-02,0.000000000000000000e+00
1.000000000000000000e+00,5.176000000000000156e+00,9.052283757609912163e-02,1.052226368731390693e-01,-3.286917436703989254e-02,-2.598127094498712403e-02,0.000000000000000000e+00
1.000000000000000000e+00,5.180000000000000604e+00,9.039148844552447049e-02,1.051187859584492429e-01,-3.280541692097267703e-02,-2.594419785507110637e-02,0.000000000000000000e+00
1.000000000000000000e+00,5.184000000000001052e+00,9.026039403303476316e-02,1.050150831987610445e-01,-3.274181524741690691e-02,-2.590719341823588540e-02,0.000000000000000000e+00
1.000000000000000000e+00,5.188000000000000611e+00,9.012955371646449998e-02,1.049115283197731702e-01,-3.267836888438576531e-02,-2.587025747904998785e-02,0.000000000000000000e+00
1.000000000000000000e+00,5.192000000000000171e+00,8.999896687549288621e-02,1.048081210478051806e-01,-3.261507737151485981e-02,-2.583338988249573448e-02,0.000000000000000000e+00
1.000000000000000000e+00,5.195999999999999730e+00,8.986863289163726787e-02,1.047048611097958770e-01,-3.255194025005560959e-02,-2.579659047396804655e-02,0.000000000000000000e+00
1.000000000000000000e+00,5.200000000000000178e+00,8.973855114824681733e-02,1.046017482333016779e-01,-3.248895706286862584e-02,-2.575985909927315520e-02,0.000000000000000000e+00
