12.013,0.00113,1.0000000000000001e-7,4.1825511024932845e-8,4.182516821676797e-8,4.182559370327106e-8
12.013,0.00113,1.6426491045299075e-7,4.182547667976582e-8,4.182513387134026e-8,4.182559370327106e-8
12.013,0.00113,2.698296080612907e-7,4.182542806737271e-8,4.182508525857858e-8,4.182559370327106e-8
12.013,0.00113,4.432353640575351e-7,4.182535926104565e-8,4.182501645172918e-8,4.182559370327106e-8
12.013,0.00113,7.280801738650976e-7,4.182526187207867e-8,4.1824919062021813e-8,4.182559370327106e-8
12.013,0.00113,1.1959802456254818e-6,4.1825124027034663e-8,4.1824781215928774e-8,4.182559370327106e-8
12.013,0.00113,1.9645758795121526e-6,4.1824928920157695e-8,4.182458610756529e-8,4.182559370327106e-8
12.013,0.00113,3.227108809261693e-6,4.182465276444152e-8,4.182430994974393e-8,4.182559370327106e-8
12.013,0.00113,5.301007395754297e-6,4.1824261891541516e-8,4.182391907386839e-8,4.182559370327106e-8
12.013,0.00113,8.707695051742211e-6,4.1823708646933024e-8,4.18233658250563e-8,4.182559370327106e-8
12.013,0.00113,1.4303687479263852e-5,4.1822925579804563e-8,4.182258275198458e-8,4.182559370327106e-8
12.013,0.00113,2.3495939429288417e-5,4.182181721919221e-8,4.182147438296259e-8,4.182559370327106e-8
12.013,0.00113,3.8595583863609565e-5,4.182024843339641e-8,4.181990558525731e-8,4.182559370327106e-8
12.013,0.00113,6.33990012723672e-5,4.1818027952727257e-8,4.181768508771068e-8,4.182559370327106e-8
12.013,0.00113,0.00010414231266814445,4.1814885044922e-8,4.181454215597962e-8,4.182559370327106e-8
12.013,0.00113,0.00017106927664800093,4.1810436495357026e-8,4.1810093572500154e-8,4.182559370327106e-8
12.013,0.00113,0.00028100679409841776,4.1804139856472093e-8,4.180379688557328e-8,4.182559370327106e-8
12.013,0.00113,0.00046159555869258604,4.179522724338145e-8,4.179488420451926e-8,4.182559370327106e-8
12.013,0.00113,0.0007582395311413588,4.1782611549131006e-8,4.1782268414205804e-8,4.182559370327106e-8
12.013,0.00113,0.00124552148684853,4.176475351524416e-8,4.176441024441644e-8,4.182559370327106e-8
12.013,0.00113,0.002045954755044497,4.173947314175438e-8,4.1739129678429006e-8,4.182559370327106e-8
12.013,0.00113,0.0033607857462825456,4.170368170799731e-8,4.1703337971669714e-8,4.182559370327106e-8
12.013,0.00113,0.005520591696647901,4.1652999974927185e-8,4.165265585098335e-8,4.182559370327106e-8
12.013,0.00113,0.009068395006973916,4.1581211809835725e-8,4.158086713509943e-8,4.182559370327106e-8
12.013,0.00113,0.01489619093772919,4.147947649348495e-8,4.147913103602475e-8,4.182559370327106e-8
12.013,0.00113,0.024469214704767362,4.133517922027197e-8,4.133483265203883e-8,4.182559370327106e-8
12.013,0.00113,0.04019433362333615,4.11302203175441e-8,4.112987217973778e-8,4.182559370327106e-8
12.013,0.00113,0.06602518613354949,4.083838993139121e-8,4.083803959520547e-8,4.182559370327106e-8
12.013,0.00113,0.1084562128786955,4.042115315716603e-8,4.0420799791088784e-8,4.182559370327106e-8
12.013,0.00113,0.17815550096589414,3.982045401609003e-8,3.982009661485667e-8,4.182559370327106e-8
12.013,0.00113,0.292646974128703,3.8945463375711186e-8,3.8945100986311655e-8,4.182559370327106e-8
12.013,0.00113,0.480716289995901,3.76460176661525e-8,3.764565012693018e-8,4.182559370327106e-8
12.013,0.00113,0.789648183294706,3.565421338984291e-8,3.565384323748023e-8,4.182559370327106e-8
12.013,0.00113,1.297114881182717,3.243942879817184e-8,3.243906571560721e-8,4.182559370327106e-8
12.013,0.00113,2.1307045980472066,2.675396700758465e-8,2.6753639370678307e-8,4.182559370327106e-8
12.013,0.00113,3.5000000000000004,1.3711908574757754e-8,1.3711721065359166e-8,4.182559370327106e-8
12.013,0.00113,3.8,8.657019804601606e-9,8.656898905501924e-9,4.182559370327106e-8
12.013,0.00113,3.98,2.734756349490952e-9,2.73471768698663e-9,4.182559370327106e-8
12.013,0.00113,3.9998,2.7344460168375515e-10,2.7344073075881195e-10,4.182559370327106e-8
12.013,0.0037,1.0000000000000001e-7,4.151069539901062e-8,4.151035347977809e-8,4.151077747472382e-8
12.013,0.0037,1.6426491045299075e-7,4.151066130417828e-8,4.1510319384676305e-8,4.151077747472382e-8
12.013,0.0037,2.698296080612907e-7,4.1510613046110647e-8,4.1510271126227294e-8,4.151077747472382e-8
12.013,0.0037,4.432353640575351e-7,4.15105447412984e-8,4.1510202820874436e-8,4.151077747472382e-8
12.013,0.0037,7.280801738650976e-7,4.1510448062179064e-8,4.151010614099091e-8,4.151077747472382e-8
12.013,0.0037,1.1959802456254818e-6,4.151031122185844e-8,4.1509969299591086e-8,4.151077747472382e-8
12.013,0.0037,1.9645758795121526e-6,4.151011753707411e-8,4.150977561328064e-8,4.151077747472382e-8
12.013,0.0037,3.227108809261693e-6,4.150984339419807e-8,4.150950146824575e-8,4.151077747472382e-8
12.013,0.0037,5.301007395754297e-6,4.1509455370286634e-8,4.150911344127693e-8,4.151077747472382e-8
12.013,0.0037,8.707695051742211e-6,4.150890615815756e-8,4.150856422481607e-8,4.151077747472382e-8
12.013,0.0037,1.4303687479263852e-5,4.1508128798631074e-8,4.150778685914979e-8,4.151077747472382e-8
12.013,0.0037,2.3495939429288417e-5,4.150702851660393e-8,4.1506686568421273e-8,4.151077747472382e-8
12.013,0.0037,3.8595583863609565e-5,4.15054711653066e-8,4.150512920479991e-8,4.151077747472382e-8
12.013,0.0037,6.33990012723672e-5,4.15032668691358e-8,4.150292489119746e-8,4.151077747472382e-8
12.013,0.0037,0.00010414231266814445,4.1500146869051894e-8,4.149980486648407e-8,4.151077747472382e-8
12.013,0.0037,0.00017106927664800093,4.1495730743400785e-8,4.149538870601248e-8,4.151077747472382e-8
12.013,0.0037,0.00028100679409841776,4.14894799979469e-8,4.14891379112838e-8,4.151077747472382e-8
12.013,0.0037,0.00046159555869258604,4.1480632343698244e-8,4.148029018723951e-8,4.151077747472382e-8
12.013,0.0037,0.0007582395311413588,4.146810859497851e-8,4.146776633957401e-8,4.151077747472382e-8
12.013,0.0037,0.00124552148684853,4.1450380707139917e-8,4.14500383113775e-8,4.151077747472382e-8
12.013,0.0037,0.002045954755044497,4.142528455729443e-8,4.142494196236808e-8,4.151077747472382e-8
12.013,0.0037,0.0033607857462825456,4.138975390962802e-8,4.138941103213533e-8,4.151077747472382e-8
12.013,0.0037,0.005520591696647901,4.133944138117547e-8,4.1339098103097034e-8,4.151077747472382e-8
12.013,0.0037,0.009068395006973916,4.126817600629436e-8,4.126783216086256e-8,4.151077747472382e-8
12.013,0.0037,0.01489619093772919,4.116718119243429e-8,4.116683654305901e-8,4.151077747472382e-8
12.013,0.0037,0.024469214704767362,4.1023933400740015e-8,4.102358761201246e-8,4.151077747472382e-8
12.013,0.0037,0.04019433362333615,4.082046342151412e-8,4.082011602109164e-8,4.151077747472382e-8
12.013,0.0037,0.06602518613354949,4.053074936067179e-8,4.053039969474574e-8,4.151077747472382e-8
12.013,0.0037,0.1084562128786955,4.0116530890006896e-8,4.0116178088693704e-8,4.151077747472382e-8
12.013,0.0037,0.17815550096589414,3.9520162858880865e-8,3.9519805864910974e-8,4.151077747472382e-8
12.013,0.0037,0.292646974128703,3.865145569161858e-8,3.8651093493680454e-8,4.151077747472382e-8
12.013,0.0037,0.480716289995901,3.736130465874638e-8,3.736093705021883e-8,4.151077747472382e-8
12.013,0.0037,0.789648183294706,3.53837208092534e-8,3.5383350312984516e-8,4.151077747472382e-8
12.013,0.0037,1.297114881182717,3.219198605720318e-8,3.219162236935864e-8,4.151077747472382e-8
12.013,0.0037,2.1307045980472066,2.6547974037931792e-8,2.654764564162077e-8,4.151077747472382e-8
12.013,0.0037,3.5000000000000004,1.360466103350985e-8,1.3604473037141497e-8,4.151077747472382e-8
12.013,0.0037,3.8,8.589076086370847e-9,8.588954877036372e-9,4.151077747472382e-8
12.013,0.0037,3.98,2.713248765393802e-9,2.7132100042714775e-9,4.151077747472382e-8
12.013,0.0037,3.9998,2.71293602088038e-10,2.7128972124806546e-10,4.151077747472382e-8
12.013,0.0127,1.0000000000000001e-7,4.043657411565593e-8,4.0436235550989656e-8,4.043665413512731e-8
12.013,0.0127,1.6426491045299075e-7,4.043654087500103e-8,4.04362023100743e-8,4.043665413512731e-8
12.013,0.0127,2.698296080612907e-7,4.043649382594215e-8,4.043615526064607e-8,4.043665413512731e-8
12.013,0.0127,4.432353640575351e-7,4.0436427232369466e-8,4.043608866655053e-8,4.043665413512731e-8
12.013,0.0127,7.280801738650976e-7,4.043633297535074e-8,4.0435994408792894e-8,4.043665413512731e-8
12.013,0.0127,1.1959802456254818e-6,4.0436199563288556e-8,4.0435860995686575e-8,4.043665413512731e-8
12.013,0.0127,1.9645758795121526e-6,4.043601073088568e-8,4.043567216180747e-8,4.043665413512731e-8
12.013,0.0127,3.227108809261693e-6,4.0435743456105226e-8,4.043540488493866e-8,4.043665413512731e-8
12.013,0.0127,5.301007395754297e-6,4.0435365153346115e-8,4.043502657922199e-8,4.043665413512731e-8
12.013,0.0127,8.707695051742211e-6,4.043482970060783e-8,4.043449112229298e-8,4.043665413512731e-8
12.013,0.0127,1.4303687479263852e-5,4.043407181622756e-8,4.043373323197265e-8,4.043665413512731e-8
12.013,0.0127,2.3495939429288417e-5,4.043299909947712e-8,4.0432660506803866e-8,4.043665413512731e-8
12.013,0.0127,3.8595583863609565e-5,4.0431480764307965e-8,4.043114215971285e-8,4.043665413512731e-8
12.013,0.0127,6.33990012723672e-5,4.042933169193781e-8,4.042899307048151e-8,4.043665413512731e-8
12.013,0.0127,0.00010414231266814445,4.042628985624389e-8,4.042595121096516e-8,4.043665413512731e-8
12.013,0.0127,0.00017106927664800093,4.042198436558127e-8,4.042164568662113e-8,4.043665413512731e-8
12.013,0.0127,0.00028100679409841776,4.041589021501932e-8,4.041555148839336e-8,4.043665413512731e-8
12.013,0.0127,0.00046159555869258604,4.040726420955329e-8,4.040692541540657e-8,4.043665413512731e-8
12.013,0.0127,0.0007582395311413588,4.039505419203978e-8,4.0394715302167454e-8,4.043665413512731e-8
12.013,0.0127,0.00124552148684853,4.037777038102942e-8,4.0377431355362753e-8,4.043665413512731e-8
12.013,0.0127,0.002045954755044497,4.035330282853503e-8,4.035296361017961e-8,4.043665413512731e-8
12.013,0.0127,0.0033607857462825456,4.03186620203749e-8,4.0318322528649886e-8,4.043665413512731e-8
12.013,0.0127,0.005520591696647901,4.026960927135865e-8,4.0269269392122056e-8,4.043665413512731e-8
12.013,0.0127,0.009068395006973916,4.020012773298786e-8,4.0199787304916235e-8,4.043665413512731e-8
12.013,0.0127,0.01489619093772919,4.0101659623676994e-8,4.0101318417820903e-8,4.043665413512731e-8
12.013,0.0127,0.024469214704767362,3.9961992823288776e-8,3.9961650515005685e-8,4.043665413512731e-8
12.013,0.0127,0.04019433362333615,3.976360328833912e-8,3.976325942036447e-8,4.043665413512731e-8
12.013,0.0127,0.06602518613354949,3.948111048822248e-8,3.9480764427562425e-8,4.043665413512731e-8
12.013,0.0127,0.1084562128786955,3.907719102742168e-8,3.9076841932056876e-8,4.043665413512731e-8
12.013,0.0127,0.17815550096589414,3.849560164205313e-8,3.849524848965805e-8,4.043665413512731e-8
12.013,0.0127,0.292646974128703,3.7648335185392614e-8,3.7647977002401964e-8,4.043665413512731e-8
12.013,0.0127,0.480716289995901,3.6389900171374265e-8,3.638953677667948e-8,4.043665413512731e-8
12.013,0.0127,0.789648183294706,3.4460840906914096e-8,3.446047479953167e-8,4.043665413512731e-8
12.013,0.0127,1.297114881182717,3.134775968925121e-8,3.134740042111796e-8,4.043665413512731e-8
12.013,0.0127,2.1307045980472066,2.584518416423102e-8,2.5844859809714405e-8,4.043665413512731e-8
12.013,0.0127,3.5000000000000004,1.3238781503324355e-8,1.323859582481849e-8,4.043665413512731e-8
12.013,0.0127,3.8,8.357286131773048e-9,8.357166416981236e-9,4.043665413512731e-8
12.013,0.0127,3.98,2.6398762241764174e-9,2.63983794115932e-9,4.043665413512731e-8
12.013,0.0127,3.9998,2.6395553149424887e-10,2.6395169852475474e-10,4.043665413512731e-8
12.013,0.047,1.0000000000000001e-7,3.671445511294957e-8,3.6714128416817536e-8,3.671452800534678e-8
12.013,0.047,1.6426491045299075e-7,3.6714424832931685e-8,3.671409813657007e-8,3.671452800534678e-8
12.013,0.047,2.698296080612907e-7,3.67143819743794e-8,3.671405527769254e-8,3.671452800534678e-8
12.013,0.047,4.432353640575351e-7,3.671432131207943e-8,3.671399461493094e-8,3.671452800534678e-8
12.013,0.047,7.280801738650976e-7,3.6714235450226234e-8,3.671390875242406e-8,3.671452800534678e-8
12.013,0.047,1.1959802456254818e-6,3.6714113920741e-8,3.6713787222013194e-8,3.671452800534678e-8
12.013,0.047,1.9645758795121526e-6,3.6713941907022406e-8,3.671361520698464e-8,3.671452800534678e-8
12.013,0.047,3.227108809261693e-6,3.671369843752849e-8,3.67133717356404e-8,3.671452800534678e-8
12.013,0.047,5.301007395754297e-6,3.6713353828944766e-8,3.6713027124441764e-8,3.671452800534678e-8
12.013,0.047,8.707695051742211e-6,3.671286606719118e-8,3.6712539358989095e-8,3.671452800534678e-8
12.013,0.047,1.4303687479263852e-5,3.671217568499298e-8,3.671184897155418e-8,3.671452800534678e-8
12.013,0.047,2.3495939429288417e-5,3.671119851136788e-8,3.671087179050939e-8,3.671452800534678e-8
12.013,0.047,3.8595583863609565e-5,3.670981540875569e-8,3.6709488677380385e-8,3.671452800534678e-8
12.013,0.047,6.33990012723672e-5,3.670785774584099e-8,3.6707530999558265e-8,3.671452800534678e-8
12.013,0.047,0.00010414231266814445,3.6705086833253605e-8,3.670476006584937e-8,3.671452800534678e-8
12.013,0.047,0.00017106927664800093,3.670116481101789e-8,3.6700838013722556e-8,3.671452800534678e-8
12.013,0.047,0.00028100679409841776,3.669561342907526e-8,3.669528658953711e-8,3.671452800534678e-8
12.013,0.047,0.00046159555869258604,3.6687755673532365e-8,3.6687428774275e-8,3.671452800534678e-8
12.013,0.047,0.0007582395311413588,3.667663307010142e-8,3.667630608632768e-8,3.671452800534678e-8
12.013,0.047,0.00124552148684853,3.666088846046197e-8,3.666056135694172e-8,3.671452800534678e-8
12.013,0.047,0.002045954755044497,3.6638599671163406e-8,3.663827239779536e-8,3.671452800534678e-8
12.013,0.047,0.0033607857462825456,3.660704311189929e-8,3.6606715597392866e-8,3.671452800534678e-8
12.013,0.047,0.005520591696647901,3.6562356854743714e-8,3.6562028997665596e-8,3.671452800534678e-8
12.013,0.047,0.009068395006973916,3.649905823941781e-8,3.649872989561894e-8,3.671452800534678e-8
12.013,0.047,0.01489619093772919,3.640934791555215e-8,3.640901888081922e-8,3.671452800534678e-8
12.013,0.047,0.024469214704767362,3.6282093201097785e-8,3.628176318778948e-8,3.671452800534678e-8
12.013,0.047,0.04019433362333615,3.6101313117975375e-8,3.6100981722613466e-8,3.671452800534678e-8
12.013,0.047,0.06602518613354949,3.5843850343337544e-8,3.5843517008368297e-8,3.671452800534678e-8
12.013,0.047,0.1084562128786955,3.547562939057543e-8,3.54752933753426e-8,3.671452800534678e-8
12.013,0.047,0.17815550096589414,3.494526697423016e-8,3.494492738110918e-8,3.671452800534678e-8
12.013,0.047,0.292646974128703,3.4172322375649345e-8,3.4171978357169226e-8,3.671452800534678e-8
12.013,0.047,0.480716289995901,3.302383179424897e-8,3.302348323585294e-8,3.671452800534678e-8
12.013,0.047,0.789648183294706,3.126299116225511e-8,3.126264045321608e-8,3.671452800534678e-8
12.013,0.047,1.297114881182717,2.8422579778214585e-8,2.8422235975407163e-8,3.671452800534678e-8
12.013,0.047,2.1307045980472066,2.341028658761734e-8,2.3409976362940077e-8,3.671452800534678e-8
12.013,0.047,3.5000000000000004,1.1971379541865353e-8,1.1971201961635787e-8,3.671452800534678e-8
12.013,0.047,3.8,7.554404841436398e-9,7.554290348693266e-9,3.671452800534678e-8
12.013,0.047,3.98,2.385733183816408e-9,2.385696570457128e-9,3.671452800534678e-8
12.013,0.047,3.9998,2.385384779995206e-10,2.385348122334924e-10,3.671452800534678e-8
12.013,0.173,1.0000000000000001e-7,2.6824553406610173e-8,2.6824260133528023e-8,2.6824607353018862e-8
12.013,0.173,1.6426491045299075e-7,2.6824530996889923e-8,2.6824237723657078e-8,2.6824607353018862e-8
12.013,0.173,2.698296080612907e-7,2.6824499278012654e-8,2.6824206004566843e-8,2.6824607353018862e-8
12.013,0.173,4.432353640575351e-7,2.6824454382887623e-8,2.6824161109140332e-8,2.6824607353018862e-8
12.013,0.173,7.280801738650976e-7,2.6824390838005734e-8,2.6824097563831545e-8,2.6824607353018862e-8
12.013,0.173,1.1959802456254818e-6,2.6824300896120428e-8,2.6824007621341526e-8,2.6824607353018862e-8
12.013,0.173,1.9645758795121526e-6,2.6824173591716215e-8,2.6823880316079914e-8,2.6824607353018862e-8
12.013,0.173,3.227108809261693e-6,2.682399340410714e-8,2.6823700127255414e-8,2.6824607353018862e-8
12.013,0.173,5.301007395754297e-6,2.6823738365162632e-8,2.682344508658919e-8,2.6824607353018862e-8
12.013,0.173,8.707695051742211e-6,2.6823377380938012e-8,2.682308409993002e-8,2.6824607353018862e-8
12.013,0.173,1.4303687479263852e-5,2.6822866440617584e-8,2.6822573156171128e-8,2.6824607353018862e-8
12.013,0.173,2.3495939429288417e-5,2.6822143250453772e-8,2.6821849961148354e-8,2.6824607353018862e-8
12.013,0.173,3.8595583863609565e-5,2.6821119638206087e-8,2.6820826342026703e-8,2.6824607353018862e-8
12.013,0.173,6.33990012723672e-5,2.6819670801396194e-8,2.681937749548306e-8,2.6824607353018862e-8
12.013,0.173,0.00010414231266814445,2.6817620087032933e-8,2.6817326767325138e-8,2.6824607353018862e-8
12.013,0.173,0.00017106927664800093,2.6814717443641634e-8,2.6814424104373382e-8,2.6824607353018862e-8
12.013,0.173,0.00028100679409841776,2.681060891023695e-8,2.6810315543230573e-8,2.6824607353018862e-8
12.013,0.173,0.00046159555869258604,2.680479340304436e-8,2.6804499996722277e-8,2.6824607353018862e-8
12.013,0.173,0.0007582395311413588,2.6796561486208433e-8,2.6796268024227726e-8,2.6824607353018862e-8
12.013,0.173,0.00124552148684853,2.6784908555472003e-8,2.6784615014798375e-8,2.6824607353018862e-8
12.013,0.173,0.002045954755044497,2.676841160168138e-8,2.676811794965399e-8,2.6824607353018862e-8
12.013,0.173,0.0033607857462825456,2.6745053945623257e-8,2.674476013577775e-8,2.6824607353018862e-8
12.013,0.173,0.005520591696647901,2.671197520392852e-8,2.6711681170034015e-8,2.6824607353018862e-8
12.013,0.173,0.009068395006973916,2.6665112771014745e-8,2.6664818418533434e-8,2.6824607353018862e-8
12.013,0.173,0.01489619093772919,2.659868348354124e-8,2.6598388677531605e-8,2.6824607353018862e-8
12.013,0.173,0.024469214704767362,2.650442424588883e-8,2.6504128794315272e-8,2.6824607353018862e-8
12.013,0.173,0.04019433362333615,2.6370456294561812e-8,2.637015992669257e-8,2.6824607353018862e-8
12.013,0.173,0.06602518613354949,2.617953296820964e-8,2.6179235310933696e-8,2.6824607353018862e-8
12.013,0.173,0.1084562128786955,2.5906214480110926e-8,2.5905915043746208e-8,2.6824607353018862e-8
12.013,0.173,0.17815550096589414,2.5512041309547724e-8,2.551173951332039e-8,2.6824607353018862e-8
12.013,0.173,0.292646974128703,2.493669769178849e-8,2.4936393027616105e-8,2.6824607353018862e-8
12.013,0.173,0.480716289995901,2.4080548827989235e-8,2.4080241396921712e-8,2.6824607353018862e-8
12.013,0.173,0.789648183294706,2.276706459578606e-8,2.276675653326794e-8,2.6824607353018862e-8
12.013,0.173,1.297114881182717,2.0651881676671977e-8,2.0651580658274177e-8,2.6824607353018862e-8
12.013,0.173,2.1307045980472066,1.694352341203667e-8,1.6943252266894436e-8,2.6824607353018862e-8
12.013,0.173,3.5000000000000004,8.607121874768169e-9,8.606966815558789e-9,2.6824607353018862e-8
12.013,0.173,3.8,5.423490894280746e-9,5.42339094780533e-9,2.6824607353018862e-8
12.013,0.173,3.98,1.7112748829968241e-9,1.7112429280230102e-9,2.6824607353018862e-8
12.013,0.173,3.9998,1.7108600568040578e-10,1.7108280637407242e-10,2.6824607353018862e-8
12.013,0.61,1.0000000000000001e-7,1.2762674087094019e-8,1.2762431654014996e-8,1.2762701179754105e-8
12.013,0.61,1.6426491045299075e-7,1.2762662832610884e-8,1.2762420399618508e-8,1.2762701179754105e-8
12.013,0.61,2.698296080612907e-7,1.276264690293513e-8,1.2762404469883742e-8,1.2762701179754105e-8
12.013,0.61,4.432353640575351e-7,1.276262435595771e-8,1.276238192282309e-8,1.2762701179754105e-8
12.013,0.61,7.280801738650976e-7,1.2762592442802385e-8,1.2762350009550225e-8,1.2762701179754105e-8
12.013,0.61,1.1959802456254818e-6,1.2762547272687321e-8,1.2762304839268815e-8,1.2762701179754105e-8
12.013,0.61,1.9645758795121526e-6,1.2762483338565316e-8,1.2762240904910871e-8,1.2762701179754105e-8
12.013,0.61,3.227108809261693e-6,1.2762392845706435e-8,1.276215041171716e-8,1.2762701179754105e-8
12.013,0.61,5.301007395754297e-6,1.2762264761356766e-8,1.2762022326892276e-8,1.2762701179754105e-8
12.013,0.61,8.707695051742211e-6,1.2762083469590135e-8,1.2761841034451531e-8,1.2762701179754105e-8
12.013,0.61,1.4303687479263852e-5,1.2761826867309377e-8,1.2761584431216642e-8,1.2762701179754105e-8
12.013,0.61,2.3495939429288417e-5,1.2761463669159257e-8,1.2761221231720344e-8,1.2762701179754105e-8
12.013,0.61,3.8595583863609565e-5,1.2760949592524775e-8,1.2760707153187355e-8,1.2762701179754105e-8
12.013,0.61,6.33990012723672e-5,1.276022195692546e-8,1.2759979514905637e-8,1.2762701179754105e-8
12.013,0.61,0.00010414231266814445,1.2759192038048841e-8,1.2758949592231891e-8,1.2762701179754105e-8
12.013,0.61,0.00017106927664800093,1.275773424117583e-8,1.2757491789974014e-8,1.2762701179754105e-8
12.013,0.61,0.00028100679409841776,1.2755670766955262e-8,1.2755428308106573e-8,1.2762701179754105e-8
12.013,0.61,0.00046159555869258604,1.2752749883649036e-8,1.275250741393227e-8,1.2762701179754105e-8
12.013,0.61,0.0007582395311413588,1.274861511912696e-8,1.274837263396428e-8,1.2762701179754105e-8
12.013,0.61,0.00124552148684853,1.2742761529750373e-8,1.274251902265716e-8,1.2762701179754105e-8
12.013,0.61,0.002045954755044497,1.273447351507732e-8,1.273423097690683e-8,1.2762701179754105e-8
12.013,0.61,0.0033607857462825456,1.2722736139557824e-8,1.2722493557315025e-8,1.2762701179754105e-8
12.013,0.61,0.005520591696647901,1.2706108103720401e-8,1.2705865458712939e-8,1.2762701179754105e-8
12.013,0.61,0.009068395006973916,1.2682538492114881e-8,1.268229575726004e-8,1.2762701179754105e-8
12.013,0.61,0.01489619093772919,1.2649099533825589e-8,1.2648856669628949e-8,1.2762701179754105e-8
12.013,0.61,0.024469214704767362,1.2601590518202345e-8,1.2601347466858254e-8,1.2762701179754105e-8
12.013,0.61,0.04019433362333615,1.253393691236741e-8,1.2533693589619525e-8,1.2762701179754105e-8
12.013,0.61,0.06602518613354949,1.2437249409271362e-8,1.2437005695038514e-8,1.2762701179754105e-8
12.013,0.61,0.1084562128786955,1.2298289944507017e-8,1.2298045678423373e-8,1.2762701179754105e-8
12.013,0.61,0.17815550096589414,1.209685093231103e-8,1.2096605935758226e-8,1.2762701179754105e-8
12.013,0.61,0.292646974128703,1.1801047792566395e-8,1.1800801975245885e-8,1.2762701179754105e-8
12.013,0.61,0.480716289995901,1.1358417988025969e-8,1.1358171695086737e-8,1.2762701179754105e-8
12.013,0.61,0.789648183294706,1.0678061806274638e-8,1.0677816809936392e-8,1.2762701179754105e-8
12.013,0.61,1.297114881182717,9.590980266635691e-9,9.590742433916571e-9,1.2762701179754105e-8
12.013,0.61,2.1307045980472066,7.736241207065068e-9,7.736028284720771e-9,1.2762701179754105e-8
12.013,0.61,3.5000000000000004,3.819146907344693e-9,3.819026445242658e-9,1.2762701179754105e-8
12.013,0.61,3.8,2.3914766811192364e-9,2.3913992679173417e-9,1.2762701179754105e-8
12.013,0.61,3.98,7.517575289077345e-10,7.517328247070898e-10,1.2762701179754105e-8
12.013,0.61,3.9998,7.51265546604628e-11,7.512408184728978e-11,1.2762701179754105e-8
12.013,1.73,1.0000000000000001e-7,5.0135988476881755e-9,5.01339278902961e-9,5.013617085344686e-9
12.013,1.73,1.6426491045299075e-7,5.013598780413649e-9,5.013392720897761e-9,5.013617085344686e-9
12.013,1.73,2.698296080612907e-7,5.013591176414136e-9,5.013385117755014e-9,5.013617085344686e-9
12.013,1.73,4.432353640575351e-7,5.0135804136571735e-9,5.013374354997535e-9,5.013617085344686e-9
12.013,1.73,7.280801738650976e-7,5.0135651799695475e-9,5.013359121309218e-9,5.013617085344686e-9
12.013,1.73,1.1959802456254818e-6,5.013543618088061e-9,5.013337559426848e-9,5.013617085344686e-9
12.013,1.73,1.9645758795121526e-6,5.013513099219976e-9,5.013307040557358e-9,5.013617085344686e-9
12.013,1.73,3.227108809261693e-6,5.013469902532062e-9,5.013263843867145e-9,5.013617085344686e-9
12.013,1.73,5.301007395754297e-6,5.013408761481028e-9,5.013202702812178e-9,5.013617085344686e-9
12.013,1.73,8.707695051742211e-6,5.013322221649419e-9,5.013116162974134e-9,5.013617085344686e-9
12.013,1.73,1.4303687479263852e-5,5.01319973173641e-9,5.012993673051409e-9,5.013617085344686e-9
12.013,1.73,2.3495939429288417e-5,5.013026356742256e-9,5.012820298044389e-9,5.013617085344686e-9
12.013,1.73,3.8595583863609565e-5,5.012780956145212e-9,5.012574897432501e-9,5.013617085344686e-9
12.013,1.73,6.33990012723672e-5,5.0124336042325365e-9,5.012227545501846e-9,5.013617085344686e-9
12.013,1.73,0.00010414231266814445,5.0119419364113194e-9,5.011735877655333e-9,5.013617085344686e-9
12.013,1.73,0.00017106927664800093,5.0112459722313616e-9,5.011039913433744e-9,5.013617085344686e-9
12.013,1.73,0.00028100679409841776,5.01026077523072e-9,5.010054716357244e-9,5.013617085344686e-9
12.013,1.73,0.00046159555869258604,5.00886603484116e-9,5.008659975823986e-9,5.013617085344686e-9
12.013,1.73,0.0007582395311413588,5.006891255130497e-9,5.006685195840535e-9,5.013617085344686e-9
12.013,1.73,0.00124552148684853,5.004094642854818e-9,5.003888583052247e-9,5.013617085344686e-9
12.013,1.73,0.002045954755044497,5.000132892420825e-9,4.999926831664144e-9,5.013617085344686e-9
12.013,1.73,0.0033607857462825456,4.99451767471578e-9,4.994311612158251e-9,5.013617085344686e-9
12.013,1.73,0.005520591696647901,4.986552399874517e-9,4.986346333708121e-9,5.013617085344686e-9
12.013,1.73,0.009068395006973916,4.975239086636688e-9,4.975033012951679e-9,5.013617085344686e-9
12.013,1.73,0.01489619093772919,4.959138694545887e-9,4.9589326050169e-9,5.013617085344686e-9
12.013,1.73,0.024469214704767362,4.936156727239414e-9,4.935950604562891e-9,5.013617085344686e-9
12.013,1.73,0.04019433362333615,4.903205029302559e-9,4.902998838744444e-9,5.013617085344686e-9
12.013,1.73,0.06602518613354949,4.8556531785428556e-9,4.855446853909332e-9,5.013617085344686e-9
12.013,1.73,0.1084562128786955,4.786417911449828e-9,4.786211336846687e-9,5.013617085344686e-9
12.013,1.73,0.17815550096589414,4.684435905053282e-9,4.684228907867926e-9,5.013617085344686e-9
12.013,1.73,0.292646974128703,4.532130979537566e-9,4.5319233948992686e-9,5.013617085344686e-9
12.013,1.73,0.480716289995901,4.30139616969577e-9,4.30118815425943e-9,5.013617085344686e-9
12.013,1.73,0.789648183294706,3.9477745691888954e-9,3.947567650091958e-9,5.013617085344686e-9
12.013,1.73,1.297114881182717,3.4029319826696043e-9,3.4027319879924507e-9,5.013617085344686e-9
12.013,1.73,2.1307045980472066,2.560746447685634e-9,2.560571068564064e-9,5.013617085344686e-9
12.013,1.73,3.5000000000000004,1.1284294489598016e-9,1.1283361601459613e-9,5.013617085344686e-9
12.013,1.73,3.8,6.895551687949799e-10,6.894962085170891e-10,5.013617085344686e-9
12.013,1.73,3.98,2.1363061785385068e-10,2.136119979304452e-10,5.013617085344686e-9
12.013,1.73,3.9998,2.1315056382797755e-11,2.1313194728136075e-11,5.013617085344686e-9
12.013,4.71,1.0000000000000001e-7,1.295480663170849e-9,1.2954417126239577e-9,1.2954932907307105e-9
12.013,4.71,1.6426491045299075e-7,1.295480663170849e-9,1.2954417126239577e-9,1.2954932907307105e-9
12.013,4.71,2.698296080612907e-7,1.2954800692961603e-9,1.2954411184900073e-9,1.2954932907307105e-9
12.013,4.71,4.432353640575351e-7,1.2954745770102645e-9,1.2954356263540362e-9,1.2954932907307105e-9
12.013,4.71,7.280801738650976e-7,1.295466803178761e-9,1.2954278523827786e-9,1.2954932907307105e-9
12.013,4.71,1.1959802456254818e-6,1.2954558000167038e-9,1.2954168490230061e-9,1.2954932907307105e-9
12.013,4.71,1.9645758795121526e-6,1.2954402260031448e-9,1.2954012747294738e-9,1.2954932907307105e-9
12.013,4.71,3.227108809261693e-6,1.2954181822949076e-9,1.2953792306247247e-9,1.2954932907307105e-9
12.013,4.71,5.301007395754297e-6,1.2953869811520885e-9,1.2953480289202985e-9,1.2954932907307105e-9
12.013,4.71,8.707695051742211e-6,1.2953428180889007e-9,1.295303865061726e-9,1.2954932907307105e-9
12.013,4.71,1.4303687479263852e-5,1.2952803076565661e-9,1.2952413535033245e-9,1.2954932907307105e-9
12.013,4.71,2.3495939429288417e-5,1.2951918259803477e-9,1.2951528702336936e-9,1.2954932907307105e-9
12.013,4.71,3.8595583863609565e-5,1.2950665792494521e-9,1.2950276212478983e-9,1.2954932907307105e-9
12.013,4.71,6.33990012723672e-5,1.2948892831195334e-9,1.294850321924716e-9,1.2954932907307105e-9
12.013,4.71,0.00010414231266814445,1.2946382886715174e-9,1.2945993229504694e-9,1.2954932907307105e-9
12.013,4.71,0.00017106927664800093,1.2942829188487108e-9,1.29424394670445e-9,1.2954932907307105e-9
12.013,4.71,0.00028100679409841776,1.2937796734923719e-9,1.293740692218585e-9,1.2954932907307105e-9
12.013,4.71,0.00046159555869258604,1.2930668018538606e-9,1.2930278075759946e-9,1.2954932907307105e-9
12.013,4.71,0.0007582395311413588,1.2920564952873042e-9,1.292017482429739e-9,1.2954932907307105e-9
12.013,4.71,0.00124552148684853,1.2906235595159426e-9,1.2905845199952174e-9,1.2954932907307105e-9
12.013,4.71,0.002045954755044497,1.2885887740792473e-9,1.2885496960506328e-9,1.2954932907307105e-9
12.013,4.71,0.0033607857462825456,1.2856940276748967e-9,1.2856548934828494e-9,1.2954932907307105e-9
12.013,4.71,0.005520591696647901,1.2815643438828308e-9,1.281525126599692e-9,1.2954932907307105e-9
12.013,4.71,0.009068395006973916,1.2756483844288142e-9,1.2756090419124517e-9,1.2954932907307105e-9
12.013,4.71,0.01489619093772919,1.267122780571312e-9,1.2670832450610976e-9,1.2954932907307105e-9
12.013,4.71,0.024469214704767362,1.2547351174596915e-9,1.254695277427467e-9,1.2954932907307105e-9
12.013,4.71,0.04019433362333615,1.2365445739183172e-9,1.2365042434902496e-9,1.2954932907307105e-9
12.013,4.71,0.06602518613354949,1.2095020236910053e-9,1.2094608954641156e-9,1.2954932907307105e-9
12.013,4.71,0.1084562128786955,1.1688155796568661e-9,1.1687731657383737e-9,1.2954932907307105e-9
12.013,4.71,0.17815550096589414,1.1071500648872193e-9,1.107105664880261e-9,1.2954932907307105e-9
12.013,4.71,0.292646974128703,1.0141047749603507e-9,1.0140575944487202e-9,1.2954932907307105e-9
12.013,4.71,0.480716289995901,8.774307721257411e-10,8.773804710303528e-10,1.2954932907307105e-9
12.013,4.71,0.789648183294706,6.890649182784515e-10,6.890129699689716e-10,1.2954932907307105e-9
12.013,4.71,1.297114881182717,4.5879774704892404e-10,4.587494081392538e-10,1.2954932907307105e-9
12.013,4.71,2.1307045980472066,2.2837135785703479e-10,2.2833599239072905e-10,1.2954932907307105e-9
12.013,4.71,3.5000000000000004,5.408822435588518e-11,5.407547903162585e-11,1.2954932907307105e-9
12.013,4.71,3.8,2.918805906069021e-11,2.918067547086539e-11,1.2954932907307105e-9
12.013,4.71,3.98,8.410962195713813e-12,8.408750781914398e-12,1.2954932907307105e-9
12.013,4.71,3.9998,8.326305375795917e-13,8.324106460611478e-13,1.2954932907307105e-9
12.53,0.00113,1.0000000000000001e-7,3.3020735457436455e-7,3.30207355543984e-7,3.3020806999034205e-7
12.53,0.00113,1.6426491045299075e-7,3.3020705738549084e-7,3.302070583552053e-7,3.3020806999034205e-7
12.53,0.00113,2.698296080612907e-7,3.302066367422336e-7,3.302066377120787e-7,3.3020806999034205e-7
12.53,0.00113,4.432353640575351e-7,3.302060413607374e-7,3.302060423307719e-7,3.3020806999034205e-7
12.53,0.00113,7.280801738650976e-7,3.302051986534272e-7,3.302051996237409e-7,3.3020806999034205e-7
12.53,0.00113,1.1959802456254818e-6,3.30204005879241e-7,3.302040068499649e-7,3.3020806999034205e-7
12.53,0.00113,1.9645758795121526e-6,3.3020231761752484e-7,3.3020231858883536e-7,3.3020806999034205e-7
12.53,0.00113,3.227108809261693e-6,3.301999280383313e-7,3.301999290104725e-7,3.3020806999034205e-7
12.53,0.00113,5.301007395754297e-6,3.30196545807278e-7,3.3019654678056966e-7,3.3020806999034205e-7
12.53,0.00113,8.707695051742211e-6,3.3019175856478954e-7,3.301917595396628e-7,3.3020806999034205e-7
12.53,0.00113,1.4303687479263852e-5,3.301849826476503e-7,3.3018498362469334e-7,3.3020806999034205e-7
12.53,0.00113,2.3495939429288417e-5,3.3017539191961787e-7,3.301753928996611e-7,3.3020806999034205e-7
12.53,0.00113,3.8595583863609565e-5,3.301618170264151e-7,3.3016181801073965e-7,3.3020806999034205e-7
12.53,0.00113,6.33990012723672e-5,3.3014260277426565e-7,3.301426037649143e-7,3.3020806999034205e-7
12.53,0.00113,0.00010414231266814445,3.3011540620179454e-7,3.30115407201746e-7,3.3020806999034205e-7
12.53,0.00113,0.00017106927664800093,3.300769106295863e-7,3.30076911642957e-7,3.3020806999034205e-7
12.53,0.00113,0.00028100679409841776,3.300224206013361e-7,3.3002242163369206e-7,3.3020806999034205e-7
12.53,0.00113,0.00046159555869258604,3.299452878185376e-7,3.2994528887732175e-7,3.3020806999034205e-7
12.53,0.00113,0.0007582395311413588,3.2983609689991646e-7,3.298360979950849e-7,3.3020806999034205e-7
12.53,0.00113,0.00124552148684853,3.296815089934676e-7,3.296815101385622e-7,3.3020806999034205e-7
12.53,0.00113,0.002045954755044497,3.294626160879628e-7,3.29462617302189e-7,3.3020806999034205e-7
12.53,0.00113,0.0033607857462825456,3.2915259134603904e-7,3.2915259265855804e-7,3.3020806999034205e-7
12.53,0.00113,0.005520591696647901,3.287133171675352e-7,3.287133186256945e-7,3.3020806999034205e-7
12.53,0.00113,0.009068395006973916,3.2809050808097086e-7,3.280905097564406e-7,3.3020806999034205e-7
12.53,0.00113,0.01489619093772919,3.2720657278025084e-7,3.2720657477513196e-7,3.3020806999034205e-7
12.53,0.00113,0.024469214704767362,3.2594998620792714e-7,3.259499886656726e-7,3.3020806999034205e-7
12.53,0.00113,0.04019433362333615,3.2415908313551005e-7,3.2415908625534425e-7,3.3020806999034205e-7
12.53,0.00113,0.06602518613354949,3.215965632283463e-7,3.2159656728435823e-7,3.3020806999034205e-7
12.53,0.00113,0.1084562128786955,3.1790784965389265e-7,3.1790785502278076e-7,3.3020806999034205e-7
12.53,0.00113,0.17815550096589414,3.125502136948415e-7,3.125502209054003e-7,3.3020806999034205e-7
12.53,0.00113,0.292646974128703,3.046670484429909e-7,3.046670582728428e-7,3.3020806999034205e-7
12.53,0.00113,0.480716289995901,2.9285560057592546e-7,2.9285561416874925e-7,3.3020806999034205e-7
12.53,0.00113,0.789648183294706,2.7471599486233427e-7,2.74716013389768e-7,3.3020806999034205e-7
12.53,0.00113,1.297114881182717,2.4588269826182373e-7,2.458827217704605e-7,3.3020806999034205e-7
12.53,0.00113,2.1307045980472066,1.9727423860348367e-7,1.9727426406487423e-7,3.3020806999034205e-7
12.53,0.00113,3.5000000000000004,9.668244454084433e-8,9.668246043877035e-8,3.3020806999034205e-7
12.53,0.00113,3.8,6.046000182090503e-8,6.046001213699383e-8,3.3020806999034205e-7
12.53,0.00113,3.98,1.8991142987389083e-8,1.8991146292846737e-8,3.3020806999034205e-7
12.53,0.00113,3.9998,1.897717165766101e-9,1.897717496022905e-9,3.3020806999034205e-7
12.53,0.0037,1.0000000000000001e-7,3.2758023561365105e-7,3.2758023584217943e-7,3.2758094581511183e-7
12.53,0.0037,1.6426491045299075e-7,3.275799405909243e-7,3.275799408194598e-7,3.2758094581511183e-7
12.53,0.0037,2.698296080612907e-7,3.2757952301364696e-7,3.275795232421916e-7,3.2758094581511183e-7
12.53,0.0037,4.432353640575351e-7,3.2757893197176047e-7,3.2757893220032045e-7,3.2758094581511183e-7
12.53,0.0037,7.280801738650976e-7,3.275780954067648e-7,3.275780956353411e-7,3.2758094581511183e-7
12.53,0.0037,1.1959802456254818e-6,3.2757691132645496e-7,3.275769115550432e-7,3.2758094581511183e-7
12.53,0.0037,1.9645758795121526e-6,3.275752353701145e-7,3.275752355986983e-7,3.2758094581511183e-7
12.53,0.0037,3.227108809261693e-6,3.275728632080406e-7,3.2757286343660474e-7,3.2758094581511183e-7
12.53,0.0037,5.301007395754297e-6,3.275695056293107e-7,3.2756950585784513e-7,3.2758094581511183e-7
12.53,0.0037,8.707695051742211e-6,3.275647532799167e-7,3.27564753508469e-7,3.2758094581511183e-7
12.53,0.0037,1.4303687479263852e-5,3.2755802675075965e-7,3.2755802697942895e-7,3.2758094581511183e-7
12.53,0.0037,2.3495939429288417e-5,3.275485059269428e-7,3.2754850615585065e-7,3.2758094581511183e-7
12.53,0.0037,3.8595583863609565e-5,3.2753502997693286e-7,3.275350302061868e-7,3.2758094581511183e-7
12.53,0.0037,6.33990012723672e-5,3.2751595577031416e-7,3.2751595599996157e-7,3.2758094581511183e-7
12.53,0.0037,0.00010414231266814445,3.2748895742076505e-7,3.2748895765071856e-7,3.2758094581511183e-7
12.53,0.0037,0.00017106927664800093,3.2745074241816844e-7,3.2745074264814143e-7,3.2758094581511183e-7
12.53,0.0037,0.00028100679409841776,3.273966495183063e-7,3.273966497478461e-7,3.2758094581511183e-7
12.53,0.0037,0.00046159555869258604,3.273200788530405e-7,3.273200790818548e-7,3.2758094581511183e-7
12.53,0.0037,0.0007582395311413588,3.272116836047204e-7,3.272116838336676e-7,3.2758094581511183e-7
12.53,0.0037,0.00124552148684853,3.270582220020715e-7,3.270582222334938e-7,3.2758094581511183e-7
12.53,0.0037,0.002045954755044497,3.26840923526179e-7,3.2684092376305037e-7,3.2758094581511183e-7
12.53,0.0037,0.0033607857462825456,3.2653315614561027e-7,3.265331563909323e-7,3.2758094581511183e-7
12.53,0.0037,0.005520591696647901,3.2609707846197974e-7,3.2609707871764996e-7,3.2758094581511183e-7
12.53,0.0037,0.009068395006973916,3.2547879706888506e-7,3.2547879733394147e-7,3.2758094581511183e-7
12.53,0.0037,0.01489619093772919,3.2460127829213236e-7,3.246012785606354e-7,3.2758094581511183e-7
12.53,0.0037,0.024469214704767362,3.233537928431284e-7,3.233537931033386e-7,3.2758094581511183e-7
12.53,0.0037,0.04019433362333615,3.2157581750465997e-7,3.215758177450707e-7,3.2758094581511183e-7
12.53,0.0037,0.06602518613354949,3.1903170635700015e-7,3.190317065944216e-7,3.2758094581511183e-7
12.53,0.0037,0.1084562128786955,3.153693168158033e-7,3.1536931712355093e-7,3.2758094581511183e-7
12.53,0.0037,0.17815550096589414,3.100495923311507e-7,3.1004959281538457e-7,3.2758094581511183e-7
12.53,0.0037,0.292646974128703,3.0222168254425004e-7,3.022216832972302e-7,3.2758094581511183e-7
12.53,0.0037,0.480716289995901,2.904923747364043e-7,2.9049237573363815e-7,3.2758094581511183e-7
12.53,0.0037,0.789648183294706,2.724788470351263e-7,2.7247884804282463e-7,3.2758094581511183e-7
12.53,0.0037,1.297114881182717,2.438493010278546e-7,2.438493017182916e-7,3.2758094581511183e-7
12.53,0.0037,2.1307045980472066,1.95600941939614e-7,1.9560094223971547e-7,3.2758094581511183e-7
12.53,0.0037,3.5000000000000004,9.582901243587362e-8,9.582901255133697e-8,3.2758094581511183e-7
12.53,0.0037,3.8,5.992184564789735e-8,5.992184566753825e-8,3.2758094581511183e-7
12.53,0.0037,3.98,1.8821267673914652e-8,1.8821267694396974e-8,3.2758094581511183e-7
12.53,0.0037,3.9998,1.8807329906559677e-9,1.8807329932863086e-9,3.2758094581511183e-7
12.53,0.0127,1.0000000000000001e-7,3.1861893543541234e-7,3.1861893565719685e-7,3.1861962784420486e-7
12.53,0.0127,1.6426491045299075e-7,3.1861864780388603e-7,3.1861864802567754e-7,3.1861962784420486e-7
12.53,0.0127,2.698296080612907e-7,3.1861824068816625e-7,3.186182409099675e-7,3.1861962784420486e-7
12.53,0.0127,4.432353640575351e-7,3.186176644536427e-7,3.1861766467545676e-7,3.1861962784420486e-7
12.53,0.0127,7.280801738650976e-7,3.186168488470944e-7,3.1861684906892305e-7,3.1861962784420486e-7
12.53,0.0127,1.1959802456254818e-6,3.186156944315216e-7,3.186156946533618e-7,3.1861962784420486e-7
12.53,0.0127,1.9645758795121526e-6,3.186140604628653e-7,3.1861406068470234e-7,3.1861962784420486e-7
12.53,0.0127,3.227108809261693e-6,3.1861174773047005e-7,3.186117479522865e-7,3.1861962784420486e-7
12.53,0.0127,5.301007395754297e-6,3.1860847426895873e-7,3.186084744907462e-7,3.1861962784420486e-7
12.53,0.0127,8.707695051742211e-6,3.186038409797438e-7,3.186038412015523e-7,3.1861962784420486e-7
12.53,0.0127,1.4303687479263852e-5,3.1859728296937663e-7,3.185972831913026e-7,3.1861962784420486e-7
12.53,0.0127,2.3495939429288417e-5,3.185880006686446e-7,3.1858800089080374e-7,3.1861962784420486e-7
12.53,0.0127,3.8595583863609565e-5,3.185748623268254e-7,3.185748625493196e-7,3.1861962784420486e-7
12.53,0.0127,6.33990012723672e-5,3.1855626597540234e-7,3.1855626619826693e-7,3.1861962784420486e-7
12.53,0.0127,0.00010414231266814445,3.185299439905662e-7,3.1852994421370635e-7,3.1861962784420486e-7
12.53,0.0127,0.00017106927664800093,3.184926863312922e-7,3.184926865544205e-7,3.1861962784420486e-7
12.53,0.0127,0.00028100679409841776,3.184399484899104e-7,3.1843994871259226e-7,3.1861962784420486e-7
12.53,0.0127,0.00046159555869258604,3.183652958496938e-7,3.183652960716765e-7,3.1861962784420486e-7
12.53,0.0127,0.0007582395311413588,3.1825961554211117e-7,3.182596157643137e-7,3.1861962784420486e-7
12.53,0.0127,0.00124552148684853,3.181099970498451e-7,3.1810999727454966e-7,3.1861962784420486e-7
12.53,0.0127,0.002045954755044497,3.17898138998977e-7,3.178981392290332e-7,3.1861962784420486e-7
12.53,0.0127,0.0033607857462825456,3.1759807406756055e-7,3.1759807430578195e-7,3.1861962784420486e-7
12.53,0.0127,0.005520591696647901,3.1717290330620916e-7,3.1717290355426614e-7,3.1861962784420486e-7
12.53,0.0127,0.009068395006973916,3.1657007111191584e-7,3.1657007136861326e-7,3.1861962784420486e-7
12.53,0.0127,0.01489619093772919,3.157144465799826e-7,3.157144468392579e-7,3.1861962784420486e-7
12.53,0.0127,0.024469214704767362,3.144980158143585e-7,3.144980160646713e-7,3.1861962784420486e-7
12.53,0.0127,0.04019433362333615,3.127641525701756e-7,3.127641528010111e-7,3.1861962784420486e-7
12.53,0.0127,0.06602518613354949,3.1028285663989467e-7,3.1028285687023067e-7,3.1861962784420486e-7
12.53,0.0127,0.1084562128786955,3.0671029283428645e-7,3.0671029313670257e-7,3.1861962784420486e-7
12.53,0.0127,0.17815550096589414,3.0151993768528724e-7,3.0151993816281646e-7,3.1861962784420486e-7
12.53,0.0127,0.292646974128703,2.9388058981812943e-7,2.938805905584138e-7,3.1861962784420486e-7
12.53,0.0127,0.480716289995901,2.8243160450135967e-7,2.824316054762634e-7,3.1861962784420486e-7
12.53,0.0127,0.789648183294706,2.6484837388489486e-7,2.648483748632078e-7,3.1861962784420486e-7
12.53,0.0127,1.297114881182717,2.3691423560078385e-7,2.3691423626640116e-7,3.1861962784420486e-7
12.53,0.0127,2.1307045980472066,1.8989478067050275e-7,1.8989478096202446e-7,3.1861962784420486e-7
12.53,0.0127,3.5000000000000004,9.291946612643287e-8,9.291946624425437e-8,3.1861962784420486e-7
12.53,0.0127,3.8,5.808726443703136e-8,5.8087264460621064e-8,3.1861962784420486e-7
12.53,0.0127,3.98,1.824218318400893e-8,1.8242183203981264e-8,3.1861962784420486e-7
12.53,0.0127,3.9998,1.8228362332484694e-9,1.822836235846865e-9,3.1861962784420486e-7
12.53,0.047,1.0000000000000001e-7,2.8759290975611006e-7,2.8759290999313503e-7,2.875935404943035e-7
12.53,0.047,1.6426491045299075e-7,2.8759264774298725e-7,2.875926479800084e-7,2.875935404943035e-7
12.53,0.047,2.698296080612907e-7,2.875922768877375e-7,2.875922771247596e-7,2.875935404943035e-7
12.53,0.047,4.432353640575351e-7,2.875917519765413e-7,2.8759175221357115e-7,2.875935404943035e-7
12.53,0.047,7.280801738650976e-7,2.87591009013397e-7,2.875910092504456e-7,2.875935404943035e-7
12.53,0.047,1.1959802456254818e-6,2.8758995741782097e-7,2.875899576548969e-7,2.875935404943035e-7
12.53,0.047,1.9645758795121526e-6,2.8758846898133515e-7,2.8758846921844345e-7,2.875935404943035e-7
12.53,0.047,3.227108809261693e-6,2.875863622362498e-7,2.8758636247338467e-7,2.875935404943035e-7
12.53,0.047,5.301007395754297e-6,2.875833803307428e-7,2.8758338056788373e-7,2.875935404943035e-7
12.53,0.047,8.707695051742211e-6,2.875791597122135e-7,2.875791599493246e-7,2.875935404943035e-7
12.53,0.047,1.4303687479263852e-5,2.8757318579944826e-7,2.8757318603649906e-7,2.875935404943035e-7
12.53,0.047,2.3495939429288417e-5,2.875647302359833e-7,2.8756473047302864e-7,2.875935404943035e-7
12.53,0.047,3.8595583863609565e-5,2.8755276206718784e-7,2.8755276230440397e-7,2.875935404943035e-7
12.53,0.047,6.33990012723672e-5,2.8753582199453614e-7,2.87535822232154e-7,2.875935404943035e-7
12.53,0.047,0.00010414231266814445,2.8751184433617105e-7,2.8751184457441807e-7,2.875935404943035e-7
12.53,0.047,0.00017106927664800093,2.8747790489482884e-7,2.874779051338442e-7,2.875935404943035e-7
12.53,0.047,0.00028100679409841776,2.8742986378029835e-7,2.8742986401999735e-7,2.875935404943035e-7
12.53,0.047,0.00046159555869258604,2.8736185914998727e-7,2.87361859389928e-7,2.875935404943035e-7
12.53,0.047,0.0007582395311413588,2.872655890224296e-7,2.87265589261787e-7,2.875935404943035e-7
12.53,0.047,0.00124552148684853,2.8712929103722405e-7,2.871292912752055e-7,2.875935404943035e-7
12.53,0.047,0.002045954755044497,2.869362899279904e-7,2.8693629016540927e-7,2.875935404943035e-7
12.53,0.047,0.0033607857462825456,2.866629223456033e-7,2.866629225865502e-7,2.875935404943035e-7
12.53,0.047,0.005520591696647901,2.86275556037034e-7,2.86275556287409e-7,2.875935404943035e-7
12.53,0.047,0.009068395006973916,2.8572627255991856e-7,2.8572627282645426e-7,2.875935404943035e-7
12.53,0.047,0.01489619093772919,2.8494653670611695e-7,2.849465369946109e-7,2.875935404943035e-7
12.53,0.047,0.024469214704767362,2.838377476417769e-7,2.838377479536872e-7,2.875935404943035e-7
12.53,0.047,0.04019433362333615,2.822567893887634e-7,2.8225678971592086e-7,2.875935404943035e-7
12.53,0.047,0.06602518613354949,2.799932373615126e-7,2.7999323768109247e-7,2.875935404943035e-7
12.53,0.047,0.1084562128786955,2.7673206700949465e-7,2.7673206729040434e-7,2.875935404943035e-7
12.53,0.047,0.17815550096589414,2.719902333840421e-7,2.7199023363645276e-7,2.875935404943035e-7
12.53,0.047,0.292646974128703,2.65004724529183e-7,2.65004724884332e-7,2.875935404943035e-7
12.53,0.047,0.480716289995901,2.5452795787264843e-7,2.545279584919022e-7,2.875935404943035e-7
12.53,0.047,0.789648183294706,2.3843743460735986e-7,2.3843743550215286e-7,2.875935404943035e-7
12.53,0.047,1.297114881182717,2.1291596868597862e-7,2.1291596956975242e-7,2.875935404943035e-7
12.53,0.047,2.1307045980472066,1.7015858133895614e-7,1.7015858181446958e-7,2.875935404943035e-7
12.53,0.047,3.5000000000000004,8.286591663072413e-8,8.286591667687559e-8,2.875935404943035e-7
12.53,0.047,3.8,5.174961736702842e-8,5.174961735824129e-8,2.875935404943035e-7
12.53,0.047,3.98,1.6241999494708812e-8,1.6241999518584107e-8,2.875935404943035e-7
12.53,0.047,3.9998,1.6228614731906148e-9,1.6228614747266244e-9,2.875935404943035e-7
12.53,0.173,1.0000000000000001e-7,2.0538925774425439e-7,2.053892578223678e-7,2.0538972454273855e-7
12.53,0.173,1.6426491045299075e-7,2.053890638328474e-7,2.053890639109617e-7,2.0538972454273855e-7
12.53,0.173,2.698296080612907e-7,2.0538878936924944e-7,2.0538878944736383e-7,2.0538972454273855e-7
12.53,0.173,4.432353640575351e-7,2.0538840089148302e-7,2.0538840096959492e-7,2.0538972454273855e-7
12.53,0.173,7.280801738650976e-7,2.0538785103719036e-7,2.0538785111529791e-7,2.0538972454273855e-7
12.53,0.173,1.1959802456254818e-6,2.0538707276927057e-7,2.053870728473818e-7,2.0538972454273855e-7
12.53,0.173,1.9645758795121526e-6,2.053859712027361e-7,2.0538597128086634e-7,2.0538972454273855e-7
12.53,0.173,3.227108809261693e-6,2.0538441203624072e-7,2.053844121144119e-7,2.0538972454273855e-7
12.53,0.173,5.301007395754297e-6,2.053822051776336e-7,2.053822052558641e-7,2.0538972454273855e-7
12.53,0.173,8.707695051742211e-6,2.0537908156664744e-7,2.0537908164494646e-7,2.0538972454273855e-7
12.53,0.173,1.4303687479263852e-5,2.0537466036770426e-7,2.0537466044605891e-7,2.0538972454273855e-7
12.53,0.173,2.3495939429288417e-5,2.0536840253007297e-7,2.0536840260844075e-7,2.0538972454273855e-7
12.53,0.173,3.8595583863609565e-5,2.0535954504663475e-7,2.0535954512494188e-7,2.0538972454273855e-7
12.53,0.173,6.33990012723672e-5,2.053470078803172e-7,2.053470079585189e-7,2.0538972454273855e-7
12.53,0.173,0.00010414231266814445,2.0532926217419852e-7,2.0532926225243164e-7,2.0538972454273855e-7
12.53,0.173,0.00017106927664800093,2.0530414359342526e-7,2.0530414367207402e-7,2.0538972454273855e-7
12.53,0.173,0.00028100679409841776,2.0526858784845844e-7,2.05268587928011e-7,2.0538972454273855e-7
12.53,0.173,0.00046159555869258604,2.0521825571209912e-7,2.0521825579303436e-7,2.0538972454273855e-7
12.53,0.173,0.0007582395311413588,2.0514700080138502e-7,2.0514700088399437e-7,2.0538972454273855e-7
12.53,0.173,0.00124552148684853,2.0504611293495005e-7,2.0504611301906026e-7,2.0538972454273855e-7
12.53,0.173,0.002045954755044497,2.0490323959865974e-7,2.049032396833496e-7,2.0538972454273855e-7
12.53,0.173,0.0033607857462825456,2.0470084225498215e-7,2.0470084233856347e-7,2.0538972454273855e-7
12.53,0.173,0.005520591696647901,2.0441397289683835e-7,2.0441397297780904e-7,2.0538972454273855e-7
12.53,0.173,0.009068395006973916,2.0400704101377662e-7,2.0400704109457215e-7,2.0538972454273855e-7
12.53,0.173,0.01489619093772919,2.034290472122698e-7,2.034290473028975e-7,2.0538972454273855e-7
12.53,0.173,0.024469214704767362,2.026064198047893e-7,2.0260641992056151e-7,2.0538972454273855e-7
12.53,0.173,0.04019433362333615,2.0143197380604273e-7,2.0143197396648146e-7,2.0538972454273855e-7
12.53,0.173,0.06602518613354949,1.9974736577854607e-7,1.9974736600290125e-7,2.0538972454273855e-7
12.53,0.173,0.1084562128786955,1.9731427025021585e-7,1.9731427054537507e-7,2.0538972454273855e-7
12.53,0.173,0.17815550096589414,1.9376550589931716e-7,1.937655062391992e-7,2.0538972454273855e-7
12.53,0.173,0.292646974128703,1.8852003490612672e-7,1.885200352194938e-7,2.0538972454273855e-7
12.53,0.173,0.480716289995901,1.8063249172727226e-7,1.8063249194578977e-7,2.0538972454273855e-7
12.53,0.173,0.789648183294706,1.6852115197631317e-7,1.6852115217648238e-7,2.0538972454273855e-7
12.53,0.173,1.297114881182717,1.494361296981224e-7,1.4943613005743594e-7,2.0538972454273855e-7
12.53,0.173,2.1307045980472066,1.1803983276892127e-7,1.1803983316118769e-7,2.0538972454273855e-7
12.53,0.173,3.5000000000000004,5.6410370117632004e-8,5.641037021156302e-8,2.0538972454273855e-7
12.53,0.173,3.8,3.508683147941648e-8,3.5086831557505794e-8,2.0538972454273855e-7
12.53,0.173,3.98,1.0985978322992517e-8,1.0985978325939118e-8,2.0538972454273855e-7
12.53,0.173,3.9998,1.0974051682508482e-9,1.0974051684824824e-9,2.0538972454273855e-7
12.53,0.61,1.0000000000000001e-7,8.926157033296005e-8,8.926157025305686e-8,8.92618047658582e-8
12.53,0.61,1.6426491045299075e-7,8.926147294786166e-8,8.926147286795972e-8,8.92618047658582e-8
12.53,0.61,2.698296080612907e-7,8.926133510828516e-8,8.926133502838538e-8,8.92618047658582e-8
12.53,0.61,4.432353640575351e-7,8.926114000912837e-8,8.926113992922987e-8,8.92618047658582e-8
12.53,0.61,7.280801738650976e-7,8.926086386429615e-8,8.926086378439636e-8,8.92618047658582e-8
12.53,0.61,1.1959802456254818e-6,8.926047300670257e-8,8.926047292680025e-8,8.92618047658582e-8
12.53,0.61,1.9645758795121526e-6,8.925991978353102e-8,8.925991970362821e-8,8.92618047658582e-8
12.53,0.61,3.227108809261693e-6,8.925913674622119e-8,8.925913666632846e-8,8.92618047658582e-8
12.53,0.61,5.301007395754297e-6,8.925802842661462e-8,8.9258028346749e-8,8.92618047658582e-8
12.53,0.61,8.707695051742211e-6,8.925645969611604e-8,8.925645961629502e-8,8.92618047658582e-8
12.53,0.61,1.4303687479263852e-5,8.92542392874637e-8,8.925423920770135e-8,8.92618047658582e-8
12.53,0.61,2.3495939429288417e-5,8.925109646739588e-8,8.925109638769197e-8,8.92618047658582e-8
12.53,0.61,3.8595583863609565e-5,8.924664800992333e-8,8.92466479302567e-8,8.92618047658582e-8
12.53,0.61,6.33990012723672e-5,8.924035142923847e-8,8.924035134956023e-8,8.92618047658582e-8
12.53,0.61,0.00010414231266814445,8.923143873743039e-8,8.923143865768511e-8,8.92618047658582e-8
12.53,0.61,0.00017106927664800093,8.921882257516429e-8,8.92188224953764e-8,8.92618047658582e-8
12.53,0.61,0.00028100679409841776,8.920096309817365e-8,8.920096301859108e-8,8.92618047658582e-8
12.53,0.61,0.00046159555869258604,8.917567899768948e-8,8.91756789187045e-8,8.92618047658582e-8
12.53,0.61,0.0007582395311413588,8.913987872494123e-8,8.913987864699926e-8,8.92618047658582e-8
12.53,0.61,0.00124552148684853,8.908917714630431e-8,8.908917706979312e-8,8.92618047658582e-8
12.53,0.61,0.002045954755044497,8.901734640377773e-8,8.901734632883516e-8,8.92618047658582e-8
12.53,0.61,0.0033607857462825456,8.891552405928004e-8,8.89155239855369e-8,8.92618047658582e-8
12.53,0.61,0.005520591696647901,8.877106004681496e-8,8.877105997317336e-8,8.92618047658582e-8
12.53,0.61,0.009068395006973916,8.856581421070143e-8,8.856581413555133e-8,8.92618047658582e-8
12.53,0.61,0.01489619093772919,8.827359507370845e-8,8.827359499683105e-8,8.92618047658582e-8
12.53,0.61,0.024469214704767362,8.785621485268483e-8,8.78562147806883e-8,8.92618047658582e-8
12.53,0.61,0.04019433362333615,8.725724872876041e-8,8.725724867639454e-8,8.92618047658582e-8
12.53,0.61,0.06602518613354949,8.639190253424344e-8,8.639190252445445e-8,8.92618047658582e-8
12.53,0.61,0.1084562128786955,8.513024570262124e-8,8.513024576380283e-8,8.92618047658582e-8
12.53,0.61,0.17815550096589414,8.32693564792223e-8,8.326935663094358e-8,8.92618047658582e-8
12.53,0.61,0.292646974128703,8.048803620694518e-8,8.04880364302987e-8,8.92618047658582e-8
12.53,0.61,0.480716289995901,7.627757079164065e-8,7.62775710062992e-8,8.92618047658582e-8
12.53,0.61,0.789648183294706,6.984794828121066e-8,6.984794839420133e-8,8.92618047658582e-8
12.53,0.61,1.297114881182717,6.001922008333856e-8,6.001922012404946e-8,8.92618047658582e-8
12.53,0.61,2.1307045980472066,4.50135130301846e-8,4.5013513113440584e-8,8.92618047658582e-8
12.53,0.61,3.5000000000000004,1.981665551543874e-8,1.9816655536196546e-8,8.92618047658582e-8
12.53,0.61,3.8,1.2114898357704029e-8,1.211489839088051e-8,8.92618047658582e-8
12.53,0.61,3.98,3.754696866591273e-9,3.754696850598554e-9,8.92618047658582e-8
12.53,0.61,3.9998,3.746428700968081e-10,3.7464286892539723e-10,8.92618047658582e-8
12.53,1.73,1.0000000000000001e-7,2.712227503102539e-8,2.7122274813810394e-8,2.7122394568103078e-8
12.53,1.73,1.6426491045299075e-7,2.712223617543382e-8,2.7122235958238432e-8,2.7122394568103078e-8
12.53,1.73,2.698296080612907e-7,2.7122170377953408e-8,2.7122170160743177e-8,2.7122394568103078e-8
12.53,1.73,4.432353640575351e-7,2.7122077247674145e-8,2.7122077030465903e-8,2.7122394568103078e-8
12.53,1.73,7.280801738650976e-7,2.7121945430278594e-8,2.712194521307167e-8,2.7122394568103078e-8
12.53,1.73,1.1959802456254818e-6,2.7121758854680972e-8,2.7121758637474513e-8,2.7122394568103078e-8
12.53,1.73,1.9645758795121526e-6,2.712149477351029e-8,2.7121494556304294e-8,2.7122394568103078e-8
12.53,1.73,3.227108809261693e-6,2.71211209894158e-8,2.712112077221522e-8,2.7122394568103078e-8
12.53,1.73,5.301007395754297e-6,2.712059192874274e-8,2.7120591711557165e-8,2.7122394568103078e-8
12.53,1.73,8.707695051742211e-6,2.711984308322216e-8,2.7119842866063547e-8,2.7122394568103078e-8
12.53,1.73,1.4303687479263852e-5,2.7118783140482734e-8,2.7118782923363182e-8,2.7122394568103078e-8
12.53,1.73,2.3495939429288417e-5,2.7117282840423375e-8,2.7117282623351353e-8,2.7122394568103078e-8
12.53,1.73,3.8595583863609565e-5,2.7115159190746115e-8,2.711515897372203e-8,2.7122394568103078e-8
12.53,1.73,6.33990012723672e-5,2.7112153098726657e-8,2.711215288173784e-8,2.7122394568103078e-8
12.53,1.73,0.00010414231266814445,2.710789764991398e-8,2.7107897432938928e-8,2.7122394568103078e-8
12.53,1.73,0.00017106927664800093,2.7101873070426564e-8,2.7101872853461152e-8,2.7122394568103078e-8
12.53,1.73,0.00028100679409841776,2.7093342664891766e-8,2.709334244803034e-8,2.7122394568103078e-8
12.53,1.73,0.00046159555869258604,2.7081261431275537e-8,2.708126121474632e-8,2.7122394568103078e-8
12.53,1.73,0.0007582395311413588,2.7064145119152714e-8,2.7064144903261154e-8,2.7122394568103078e-8
12.53,1.73,0.00124552148684853,2.7039881346050243e-8,2.7039881131146738e-8,2.7122394568103078e-8
12.53,1.73,0.002045954755044497,2.7005454430519512e-8,2.7005454216938345e-8,2.7122394568103078e-8
12.53,1.73,0.0033607857462825456,2.6956538891014332e-8,2.6956538678960252e-8,2.7122394568103078e-8
12.53,1.73,0.005520591696647901,2.688688758381547e-8,2.6886887373209405e-8,2.7122394568103078e-8
12.53,1.73,0.009068395006973916,2.6787389085601797e-8,2.6787388875984214e-8,2.7122394568103078e-8
12.53,1.73,0.01489619093772919,2.664457749536546e-8,2.6644577286426764e-8,2.7122394568103078e-8
12.53,1.73,0.024469214704767362,2.643821886237252e-8,2.64382186571939e-8,2.7122394568103078e-8
12.53,1.73,0.04019433362333615,2.6137340583355922e-8,2.6137340393832006e-8,2.7122394568103078e-8
12.53,1.73,0.06602518613354949,2.569371782511749e-8,2.5693717673894477e-8,2.7122394568103078e-8
12.53,1.73,0.1084562128786955,2.5031570407670787e-8,2.5031570328279286e-8,2.7122394568103078e-8
12.53,1.73,0.17815550096589414,2.4032838205424484e-8,2.403283823133454e-8,2.7122394568103078e-8
12.53,1.73,0.292646974128703,2.252118616104052e-8,2.2521186297745862e-8,2.7122394568103078e-8
12.53,1.73,0.480716289995901,2.0259713263996302e-8,2.0259713462206373e-8,2.7122394568103078e-8
12.53,1.73,0.789648183294706,1.7002045273063742e-8,1.7002045458066782e-8,2.7122394568103078e-8
12.53,1.73,1.297114881182717,1.2658566860688452e-8,1.2658567027694386e-8,2.7122394568103078e-8
12.53,1.73,2.1307045980472066,7.56638571629124e-9,7.566385893467667e-9,2.7122394568103078e-8
12.53,1.73,3.5000000000000004,2.375455147893243e-9,2.37545519595455e-9,2.7122394568103078e-8
12.53,1.73,3.8,1.3568861472837457e-9,1.356886192190754e-9,2.7122394568103078e-8
12.53,1.73,3.98,4.0416717022971014e-10,4.0416715537821784e-10,2.7122394568103078e-8
12.53,1.73,3.9998,4.0153955496530866e-11,4.0153954640964446e-11,2.7122394568103078e-8
12.53,4.71,1.0000000000000001e-7,5.171683727004188e-9,5.171690162245841e-9,5.1717664932572736e-9
12.53,4.71,1.6426491045299075e-7,5.171683727004188e-9,5.171690162245841e-9,5.1717664932572736e-9
12.53,4.71,2.698296080612907e-7,5.171652087969365e-9,5.171658523576938e-9,5.1717664932572736e-9
12.53,4.71,4.432353640575351e-7,5.171604562980149e-9,5.171610999144322e-9,5.1717664932572736e-9
12.53,4.71,7.280801738650976e-7,5.171537295479797e-9,5.1715437324257894e-9,5.1717664932572736e-9
12.53,4.71,1.1959802456254818e-6,5.171442083902307e-9,5.171448521954538e-9,5.1717664932572736e-9
12.53,4.71,1.9645758795121526e-6,5.171307319185194e-9,5.171313758804186e-9,5.1717664932572736e-9
12.53,4.71,3.227108809261693e-6,5.17111656860701e-9,5.1711230104469925e-9,5.1717664932572736e-9
12.53,4.71,5.301007395754297e-6,5.17084657047562e-9,5.170853015463199e-9,5.1717664932572736e-9
12.53,4.71,8.707695051742211e-6,5.170464393809048e-9,5.170470843255726e-9,5.1717664932572736e-9
12.53,4.71,1.4303687479263852e-5,5.169923413576592e-9,5.169929869338585e-9,5.1717664932572736e-9
12.53,4.71,2.3495939429288417e-5,5.169157603629125e-9,5.1691640683352805e-9,5.1717664932572736e-9
12.53,4.71,3.8595583863609565e-5,5.16807343519354e-9,5.168079912572299e-9,5.1717664932572736e-9
12.53,4.71,6.33990012723672e-5,5.166538356227806e-9,5.166544851581351e-9,5.1717664932572736e-9
12.53,4.71,0.00010414231266814445,5.164364363729989e-9,5.1643708846301205e-9,5.1717664932572736e-9
12.53,4.71,0.00017106927664800093,5.161284479581408e-9,5.161291036912141e-9,5.1717664932572736e-9
12.53,4.71,0.00028100679409841776,5.156918847373867e-9,5.156925456908973e-9,5.1717664932572736e-9
12.53,4.71,0.00046159555869258604,5.15072540492941e-9,5.150732089694317e-9,5.1717664932572736e-9
12.53,4.71,0.0007582395311413588,5.1419271379671225e-9,5.141933932007452e-9,5.1717664932572736e-9
12.53,4.71,0.00124552148684853,5.1294028150772305e-9,5.1294097696722954e-9,5.1717664932572736e-9
12.53,4.71,0.002045954755044497,5.111519047476995e-9,5.111526241694365e-9,5.1717664932572736e-9
12.53,4.71,0.0033607857462825456,5.085865325811136e-9,5.085872884905515e-9,5.1717664932572736e-9
12.53,4.71,0.005520591696647901,5.04882524736447e-9,5.048833375305373e-9,5.1717664932572736e-9
12.53,4.71,0.009068395006973916,4.9948700471566015e-9,4.994879083958855e-9,5.1717664932572736e-9
12.53,4.71,0.01489619093772919,4.915393034717953e-9,4.9154035547741e-9,5.1717664932572736e-9
12.53,4.71,0.024469214704767362,4.79684215604104e-9,4.796855124988111e-9,5.1717664932572736e-9
12.53,4.71,0.04019433362333615,4.6179790764299876e-9,4.6179960568642565e-9,5.1717664932572736e-9
12.53,4.71,0.06602518613354949,4.346695686288038e-9,4.34671900293989e-9,5.1717664932572736e-9
12.53,4.71,0.1084562128786955,3.938896931920195e-9,3.938929496279844e-9,5.1717664932572736e-9
12.53,4.71,0.17815550096589414,3.3468619923182727e-9,3.3469061311547296e-9,5.1717664932572736e-9
12.53,4.71,0.292646974128703,2.5509744382004564e-9,2.551028962232233e-9,5.1717664932572736e-9
12.53,4.71,0.480716289995901,1.622176521044951e-9,1.6222328708888952e-9,5.1717664932572736e-9
12.53,4.71,0.789648183294706,7.672750818955793e-10,7.673181844949857e-10,5.1717664932572736e-9
12.53,4.71,1.297114881182717,2.2665545548369106e-10,2.2667584740869823e-10,5.1717664932572736e-9
12.53,4.71,2.1307045980472066,3.241633935945393e-11,3.242093859084638e-11,5.1717664932572736e-9
12.53,4.71,3.5000000000000004,1.3752227698166295e-12,1.375508369618564e-12,5.1717664932572736e-9
12.53,4.71,3.8,5.476469813537637e-13,5.477649412469274e-13,5.1717664932572736e-9
12.53,4.71,3.98,1.335262216127582e-13,1.335548600823621e-13,5.1717664932572736e-9
12.53,4.71,3.9998,1.2986862578339538e-14,1.2989652690194746e-14,5.1717664932572736e-9
13.07,0.00113,1.0000000000000001e-7,2.4427363120946377e-6,2.442736314207515e-6,2.4427431263388435e-6
13.07,0.00113,1.6426491045299075e-7,2.442733481408858e-6,2.4427334835226743e-6,2.4427431263388435e-6
13.07,0.00113,2.698296080612907e-7,2.4427294748354594e-6,2.4427294769506506e-6,2.4427431263388435e-6
13.07,0.00113,4.432353640575351e-7,2.4427238039014425e-6,2.4427238060186306e-6,2.4427431263388435e-6
13.07,0.00113,7.280801738650976e-7,2.442715777217389e-6,2.4427157793374263e-6,2.4427431263388435e-6
13.07,0.00113,1.1959802456254818e-6,2.4427044161828857e-6,2.442704418306913e-6,2.4427431263388435e-6
13.07,0.00113,1.9645758795121526e-6,2.4426883356731185e-6,2.442688337802638e-6,2.4427431263388435e-6
13.07,0.00113,3.227108809261693e-6,2.442665575156761e-6,2.442665577293843e-6,2.4427431263388435e-6
13.07,0.00113,5.301007395754297e-6,2.4426333596471756e-6,2.4426333617946337e-6,2.4427431263388435e-6
13.07,0.00113,8.707695051742211e-6,2.442587761323679e-6,2.44258776348568e-6,2.4427431263388435e-6
13.07,0.00113,1.4303687479263852e-5,2.442523220524784e-6,2.4425232227079045e-6,2.4427431263388435e-6
13.07,0.00113,2.3495939429288417e-5,2.4424318676131568e-6,2.442431869827539e-6,2.4427431263388435e-6
13.07,0.00113,3.8595583863609565e-5,2.4423025628037784e-6,2.4423025650637013e-6,2.4427431263388435e-6
13.07,0.00113,6.33990012723672e-5,2.4421195363613227e-6,2.4421195386863028e-6,2.4427431263388435e-6
13.07,0.00113,0.00010414231266814445,2.441860462164449e-6,2.441860464580751e-6,2.4427431263388435e-6
13.07,0.00113,0.00017106927664800093,2.44149372698907e-6,2.4414937295317714e-6,2.4427431263388435e-6
13.07,0.00113,0.00028100679409841776,2.4409745562588508e-6,2.4409745589751414e-6,2.4427431263388435e-6
13.07,0.00113,0.00046159555869258604,2.4402395095799813e-6,2.440239512535152e-6,2.4427431263388435e-6
13.07,0.00113,0.0007582395311413588,2.439198642621753e-6,2.4391986459110148e-6,2.4427431263388435e-6
13.07,0.00113,0.00124552148684853,2.4377243072302313e-6,2.4377243110033413e-6,2.4427431263388435e-6
13.07,0.00113,0.002045954755044497,2.435635062997479e-6,2.4356350674934347e-6,2.4427431263388435e-6
13.07,0.00113,0.0033607857462825456,2.432672383310022e-6,2.4326723888762838e-6,2.4427431263388435e-6
13.07,0.00113,0.005520591696647901,2.428466541842729e-6,2.4284665489733682e-6,2.4427431263388435e-6
13.07,0.00113,0.009068395006973916,2.4224858613163778e-6,2.4224858707104483e-6,2.4427431263388435e-6
13.07,0.00113,0.01489619093772919,2.4139596551304803e-6,2.4139596677776067e-6,2.4427431263388435e-6
13.07,0.00113,0.024469214704767362,2.4017583700255245e-6,2.401758387337676e-6,2.4427431263388435e-6
13.07,0.00113,0.04019433362333615,2.3842024503107245e-6,2.3842024743508523e-6,2.4427431263388435e-6
13.07,0.00113,0.06602518613354949,2.3587512457554562e-6,2.3587512797174146e-6,2.4427431263388435e-6
13.07,0.00113,0.1084562128786955,2.3214925710371187e-6,2.321492620400063e-6,2.4427431263388435e-6
13.07,0.00113,0.17815550096589414,2.2663174811674237e-6,2.2663175557480377e-6,2.4427431263388435e-6
13.07,0.00113,0.292646974128703,2.183655485576509e-6,2.1836555998377058e-6,2.4427431263388435e-6
13.07,0.00113,0.480716289995901,2.058758886625724e-6,2.0587590566780954e-6,2.4427431263388435e-6
13.07,0.00113,0.789648183294706,1.8699253134492808e-6,1.8699255478399972e-6,2.4427431263388435e-6
13.07,0.00113,1.297114881182717,1.587558445357469e-6,1.5875587298735363e-6,2.4427431263388435e-6
13.07,0.00113,2.1307045980472066,1.1719640215062193e-6,1.171964302989241e-6,2.4427431263388435e-6
13.07,0.00113,3.5000000000000004,5.074613032179299e-7,5.07461455966544e-7,2.4427431263388435e-6
13.07,0.00113,3.8,3.095065657589513e-7,3.09506660113758e-7,2.4427431263388435e-6
13.07,0.00113,3.98,9.580592839608787e-8,9.580595913020636e-8,2.4427431263388435e-6
13.07,0.00113,3.9998,9.558283973735138e-9,9.558287031829175e-9,2.4427431263388435e-6
13.07,0.0037,1.0000000000000001e-7,2.4207068531219784e-6,2.4207068489921e-6,2.420713617698594e-6
13.07,0.0037,1.6426491045299075e-7,2.420704043068467e-6,2.4207040389386624e-6,2.420713617698594e-6
13.07,0.0037,2.698296080612907e-7,2.4207000656981297e-6,2.4207000615684045e-6,2.420713617698594e-6
13.07,0.0037,4.432353640575351e-7,2.420694436098337e-6,2.4206944319686764e-6,2.420713617698594e-6
13.07,0.0037,7.280801738650976e-7,2.420686467919045e-6,2.4206864637893975e-6,2.420713617698594e-6
13.07,0.0037,1.1959802456254818e-6,2.420675189692615e-6,2.4206751855629115e-6,2.420713617698594e-6
13.07,0.0037,1.9645758795121526e-6,2.4206592263900325e-6,2.4206592222603035e-6,2.420713617698594e-6
13.07,0.0037,3.227108809261693e-6,2.4206366317696728e-6,2.4206366276402148e-6,2.420713617698594e-6
13.07,0.0037,5.301007395754297e-6,2.4206046510707236e-6,2.420604646942066e-6,2.420713617698594e-6
13.07,0.0037,8.707695051742211e-6,2.420559385100498e-6,2.4205593809732156e-6,2.420713617698594e-6
13.07,0.0037,1.4303687479263852e-5,2.4204953147182417e-6,2.4204953105928584e-6,2.420713617698594e-6
13.07,0.0037,2.3495939429288417e-5,2.4204046276410562e-6,2.4204046235177697e-6,2.420713617698594e-6
13.07,0.0037,3.8595583863609565e-5,2.4202762652663623e-6,2.4202762611447593e-6,2.420713617698594e-6
13.07,0.0037,6.33990012723672e-5,2.4200945727709615e-6,2.420094568649801e-6,2.420713617698594e-6
13.07,0.0037,0.00010414231266814445,2.4198373866946902e-6,2.419837382572354e-6,2.420713617698594e-6
13.07,0.0037,0.00017106927664800093,2.4194733240770653e-6,2.4194733199535534e-6,2.420713617698594e-6
13.07,0.0037,0.00028100679409841776,2.418957936332095e-6,2.4189579322138647e-6,2.420713617698594e-6
13.07,0.0037,0.00046159555869258604,2.4182282446452044e-6,2.4182282405443567e-6,2.420713617698594e-6
13.07,0.0037,0.0007582395311413588,2.4171949584012696e-6,2.4171949543324223e-6,2.420713617698594e-6
13.07,0.0037,0.00124552148684853,2.415731355626851e-6,2.415731351604315e-6,2.420713617698594e-6
13.07,0.0037,0.002045954755044497,2.4136573089256562e-6,2.413657304958208e-6,2.420713617698594e-6
13.07,0.0037,0.0033607857462825456,2.4107161549358304e-6,2.410716151019086e-6,2.420713617698594e-6
13.07,0.0037,0.005520591696647901,2.406540815624461e-6,2.4065408117328017e-6,2.420713617698594e-6
13.07,0.0037,0.009068395006973916,2.4006033873933867e-6,2.400603383480843e-6,2.420713617698594e-6
13.07,0.0037,0.01489619093772919,2.3921385826495315e-6,2.3921385786925107e-6,2.420713617698594e-6
13.07,0.0037,0.024469214704767362,2.3800246212647117e-6,2.3800246174275093e-6,2.420713617698594e-6
13.07,0.0037,0.04019433362333615,2.362593247219193e-6,2.362593243966454e-6,2.420713617698594e-6
13.07,0.0037,0.06602518613354949,2.337320473849291e-6,2.3373204719461353e-6,2.420713617698594e-6
13.07,0.0037,0.1084562128786955,2.300319197476901e-6,2.300319197914964e-6,2.420713617698594e-6
13.07,0.0037,0.17815550096589414,2.2455192738578596e-6,2.245519277375563e-6,2.420713617698594e-6
13.07,0.0037,0.292646974128703,2.1634122789223356e-6,2.1634122849790604e-6,2.420713617698594e-6
13.07,0.0037,0.480716289995901,2.039353422645491e-6,2.039353428672167e-6,2.420713617698594e-6
13.07,0.0037,0.789648183294706,1.85181657437961e-6,1.8518165775736286e-6,2.420713617698594e-6
13.07,0.0037,1.297114881182717,1.571516180889272e-6,1.571516182389081e-6,2.420713617698594e-6
13.07,0.0037,2.1307045980472066,1.1593488154103616e-6,1.159348817769433e-6,2.420713617698594e-6
13.07,0.0037,3.5000000000000004,5.015038086072149e-7,5.015038087353661e-7,2.420713617698594e-6
13.07,0.0037,3.8,3.058121924779187e-7,3.0581219359090747e-7,2.420713617698594e-6
13.07,0.0037,3.98,9.465132506183803e-8,9.465132432064214e-8,2.420713617698594e-6
13.07,0.0037,3.9998,9.442972612456798e-9,9.442972558086398e-9,2.420713617698594e-6
13.07,0.0127,1.0000000000000001e-7,2.345652218930114e-6,2.3456522146579035e-6,2.3456588140338815e-6
13.07,0.0127,1.6426491045299075e-7,2.3456494792768257e-6,2.3456494750046854e-6,2.3456588140338815e-6
13.07,0.0127,2.698296080612907e-7,2.345645601551469e-6,2.3456455972794135e-6,2.3456588140338815e-6
13.07,0.0127,4.432353640575351e-7,2.3456401129898985e-6,2.345640108717897e-6,2.3456588140338815e-6
13.07,0.0127,7.280801738650976e-7,2.345632344437137e-6,2.3456323401651473e-6,2.3456588140338815e-6
13.07,0.0127,1.1959802456254818e-6,2.3456213487635854e-6,2.3456213444915306e-6,2.3456588140338815e-6
13.07,0.0127,1.9645758795121526e-6,2.3456057853885164e-6,2.3456057811164397e-6,2.3456588140338815e-6
13.07,0.0127,3.227108809261693e-6,2.3455837568287874e-6,2.345583752556999e-6,2.3456588140338815e-6
13.07,0.0127,5.301007395754297e-6,2.345552577336992e-6,2.345552573065998e-6,2.3456588140338815e-6
13.07,0.0127,8.707695051742211e-6,2.3455084454032002e-6,2.3455084411335524e-6,2.3456588140338815e-6
13.07,0.0127,1.4303687479263852e-5,2.3454459801491574e-6,2.345445975881334e-6,2.3456588140338815e-6
13.07,0.0127,2.3495939429288417e-5,2.34535756499346e-6,2.3453575607276464e-6,2.3456588140338815e-6
13.07,0.0127,3.8595583863609565e-5,2.3452324183395654e-6,2.3452324140753263e-6,2.3456588140338815e-6
13.07,0.0127,6.33990012723672e-5,2.3450552774608762e-6,2.345055273196995e-6,2.3456588140338815e-6
13.07,0.0127,0.00010414231266814445,2.344804533920576e-6,2.3448045296554957e-6,2.3456588140338815e-6
13.07,0.0127,0.00017106927664800093,2.344449590451054e-6,2.3444495861849344e-6,2.3456588140338815e-6
13.07,0.0127,0.00028100679409841776,2.343947110793567e-6,2.343947106532941e-6,2.3456588140338815e-6
13.07,0.0127,0.00046159555869258604,2.343235691112011e-6,2.343235686868607e-6,2.3456588140338815e-6
13.07,0.0127,0.0007582395311413588,2.342228271372656e-6,2.3422282671605576e-6,2.3456588140338815e-6
13.07,0.0127,0.00124552148684853,2.3408012898876075e-6,2.340801285720422e-6,2.3456588140338815e-6
13.07,0.0127,0.002045954755044497,2.3387790995051315e-6,2.338779095390845e-6,2.3456588140338815e-6
13.07,0.0127,0.0033607857462825456,2.3359113946909574e-6,2.33591139062453e-6,2.3456588140338815e-6
13.07,0.0127,0.005520591696647901,2.3318401341149796e-6,2.3318401300706798e-6,2.3456588140338815e-6
13.07,0.0127,0.009068395006973916,2.3260502913584976e-6,2.3260502872915354e-6,2.3456588140338815e-6
13.07,0.0127,0.01489619093772919,2.31779500302347e-6,2.3177949989141793e-6,2.3456588140338815e-6
13.07,0.0127,0.024469214704767362,2.3059790168245215e-6,2.3059790128422135e-6,2.3456588140338815e-6
13.07,0.0127,0.04019433362333615,2.2889726443166924e-6,2.288972640918237e-6,2.3456588140338815e-6
13.07,0.0127,0.06602518613354949,2.264308784610813e-6,2.264308782542915e-6,2.3456588140338815e-6
13.07,0.0127,0.1084562128786955,2.228185980441784e-6,2.228185980662781e-6,2.3456588140338815e-6
13.07,0.0127,0.17815550096589414,2.17466662922227e-6,2.174666632424054e-6,2.3456588140338815e-6
13.07,0.0127,0.292646974128703,2.094454412358681e-6,2.094454417967125e-6,2.3456588140338815e-6
13.07,0.0127,0.480716289995901,1.9732563259001954e-6,1.973256331390972e-6,2.3456588140338815e-6
13.07,0.0127,0.789648183294706,1.7901486139107803e-6,1.7901486166541532e-6,2.3456588140338815e-6
13.07,0.0127,1.297114881182717,1.5169065036872216e-6,1.516906504984431e-6,2.3456588140338815e-6
13.07,0.0127,2.1307045980472066,1.116436589833521e-6,1.116436592102828e-6,2.3456588140338815e-6
13.07,0.0127,3.5000000000000004,4.812651214028942e-7,4.812651214784196e-7,2.3456588140338815e-6
13.07,0.0127,3.8,2.9326538677916774e-7,2.9326538788072673e-7,2.3456588140338815e-6
13.07,0.0127,3.98,9.073075184120448e-8,9.073075111196282e-8,2.3456588140338815e-6
13.07,0.0127,3.9998,9.051428632579864e-9,9.051428578549472e-9,2.3456588140338815e-6
13.07,0.047,1.0000000000000001e-7,2.0869440081234485e-6,2.086944003736716e-6,2.0869500158227995e-6
13.07,0.047,1.6426491045299075e-7,2.0869415124821253e-6,2.086941508095447e-6,2.0869500158227995e-6
13.07,0.047,2.698296080612907e-7,2.0869379801330486e-6,2.086937975746487e-6,2.0869500158227995e-6
13.07,0.047,4.432353640575351e-7,2.0869329804195554e-6,2.0869329760331436e-6,2.0869500158227995e-6
13.07,0.047,7.280801738650976e-7,2.0869259037859326e-6,2.0869258993997025e-6,2.0869500158227995e-6
13.07,0.047,1.1959802456254818e-6,2.0869158874598805e-6,2.0869158830738024e-6,2.0869500158227995e-6
13.07,0.047,1.9645758795121526e-6,2.086901710260792e-6,2.0869017058747813e-6,2.0869500158227995e-6
13.07,0.047,3.227108809261693e-6,2.0868816437057503e-6,2.0868816393196853e-6,2.0869500158227995e-6
13.07,0.047,5.301007395754297e-6,2.0868532412525255e-6,2.0868532368663593e-6,2.0869500158227995e-6
13.07,0.047,8.707695051742211e-6,2.086813039966332e-6,2.086813035580505e-6,2.0869500158227995e-6
13.07,0.047,1.4303687479263852e-5,2.0867561381962707e-6,2.0867561338117384e-6,2.0869500158227995e-6
13.07,0.047,2.3495939429288417e-5,2.08667559767593e-6,2.0866755932938465e-6,2.0869500158227995e-6
13.07,0.047,3.8595583863609565e-5,2.0865615969312523e-6,2.0865615925527365e-6,2.0869500158227995e-6
13.07,0.047,6.33990012723672e-5,2.0864002322708337e-6,2.086400227896571e-6,2.0869500158227995e-6
13.07,0.047,0.00010414231266814445,2.0861718190104875e-6,2.0861718146401304e-6,2.0869500158227995e-6
13.07,0.047,0.00017106927664800093,2.085848483156916e-6,2.085848478788626e-6,2.0869500158227995e-6
13.07,0.047,0.00028100679409841776,2.0853907438754348e-6,2.0853907395060983e-6,2.0869500158227995e-6
13.07,0.047,0.00046159555869258604,2.0847426563649796e-6,2.0847426519929936e-6,2.0869500158227995e-6
13.07,0.047,0.0007582395311413588,2.083824892063511e-6,2.08382488769734e-6,2.0869500158227995e-6
13.07,0.047,0.00124552148684853,2.0825248433454357e-6,2.0825248390075818e-6,2.0869500158227995e-6
13.07,0.047,0.002045954755044497,2.080682392602991e-6,2.0806823883235563e-6,2.0869500158227995e-6
13.07,0.047,0.0033607857462825456,2.0780692726713947e-6,2.078069268484457e-6,2.0869500158227995e-6
13.07,0.047,0.005520591696647901,2.0743587681530516e-6,2.0743587640888994e-6,2.0869500158227995e-6
13.07,0.047,0.009068395006973916,2.069080495716566e-6,2.069080491787026e-6,2.0869500158227995e-6
13.07,0.047,0.01489619093772919,2.061551475443096e-6,2.0615514716184807e-6,2.0869500158227995e-6
13.07,0.047,0.024469214704767362,2.0507684604155225e-6,2.050768456603894e-6,2.0869500158227995e-6
13.07,0.047,0.04019433362333615,2.035235580635886e-6,2.03523557672986e-6,2.0869500158227995e-6
13.07,0.047,0.06602518613354949,2.0126832444159453e-6,2.012683240636099e-6,2.0869500158227995e-6
13.07,0.047,0.1084562128786955,1.9796076609935784e-6,1.9796076583984266e-6,2.0869500158227995e-6
13.07,0.047,0.17815550096589414,1.9305325189132743e-6,1.9305325192513163e-6,2.0869500158227995e-6
13.07,0.047,0.292646974128703,1.8569008948491137e-6,1.8569008998023474e-6,2.0869500158227995e-6
13.07,0.047,0.480716289995901,1.7456476439922305e-6,1.745647653215618e-6,2.0869500158227995e-6
13.07,0.047,0.789648183294706,1.5779504457943876e-6,1.577950455191246e-6,2.0869500158227995e-6
13.07,0.047,1.297114881182717,1.3292671113982678e-6,1.329267115942487e-6,2.0869500158227995e-6
13.07,0.047,2.1307045980472066,9.693942470429515e-7,9.693942477480137e-7,2.0869500158227995e-6
13.07,0.047,3.5000000000000004,4.122559771421488e-7,4.122559782738874e-7,2.0869500158227995e-6
13.07,0.047,3.8,2.505304806760772e-7,2.505304799747744e-7,2.0869500158227995e-6
13.07,0.047,3.98,7.738586430057125e-8,7.738586444655587e-8,2.0869500158227995e-6
13.07,0.047,3.9998,7.718783011510549e-9,7.718783042619713e-9,2.0869500158227995e-6
13.07,0.173,1.0000000000000001e-7,1.4124139605542368e-6,1.412413954578534e-6,1.412418406749229e-6
13.07,0.173,1.6426491045299075e-7,1.4124121135729077e-6,1.4124121075972038e-6,1.412418406749229e-6
13.07,0.173,2.698296080612907e-7,1.4124094993418272e-6,1.4124094933661283e-6,1.412418406749229e-6
13.07,0.173,4.432353640575351e-7,1.412405799139166e-6,1.4124057931635258e-6,1.412418406749229e-6
13.07,0.173,7.280801738650976e-7,1.4124005618426648e-6,1.4124005558671733e-6,1.412418406749229e-6
13.07,0.173,1.1959802456254818e-6,1.4123931489280732e-6,1.412393142952833e-6,1.412418406749229e-6
13.07,0.173,1.9645758795121526e-6,1.4123826566175878e-6,1.4123826506426998e-6,1.412418406749229e-6
13.07,0.173,3.227108809261693e-6,1.4123678056836778e-6,1.4123677997092018e-6,1.412418406749229e-6
13.07,0.173,5.301007395754297e-6,1.4123467854661879e-6,1.4123467794920772e-6,1.412418406749229e-6
13.07,0.173,8.707695051742211e-6,1.4123170330688787e-6,1.4123170270949732e-6,1.412418406749229e-6
13.07,0.173,1.4303687479263852e-5,1.4122749207770014e-6,1.4122749148030837e-6,1.412418406749229e-6
13.07,0.173,2.3495939429288417e-5,1.4122153134977513e-6,1.4122153075238456e-6,1.412418406749229e-6
13.07,0.173,3.8595583863609565e-5,1.4121309420638322e-6,1.4121309360910406e-6,1.412418406749229e-6
13.07,0.173,6.33990012723672e-5,1.4120115155273737e-6,1.412011509557793e-6,1.412418406749229e-6
13.07,0.173,0.00010414231266814445,1.411842463148859e-6,1.411842457185029e-6,1.412418406749229e-6
13.07,0.173,0.00017106927664800093,1.4116031502732481e-6,1.4116031443176832e-6,1.412418406749229e-6
13.07,0.173,0.00028100679409841776,1.4112643450519315e-6,1.4112643391062589e-6,1.412418406749229e-6
13.07,0.173,0.00046159555869258604,1.4107846146747865e-6,1.410784608738613e-6,1.412418406749229e-6
13.07,0.173,0.0007582395311413588,1.4101051836974686e-6,1.4101051777674247e-6,1.412418406749229e-6
13.07,0.173,0.00124552148684853,1.409142565006956e-6,1.409142559077421e-6,1.412418406749229e-6
13.07,0.173,0.002045954755044497,1.4077779265364002e-6,1.4077779206060119e-6,1.412418406749229e-6
13.07,0.173,0.0033607857462825456,1.405841594378327e-6,1.4058415884703822e-6,1.412418406749229e-6
13.07,0.173,0.005520591696647901,1.4030901495033314e-6,1.403090143675211e-6,1.412418406749229e-6
13.07,0.173,0.009068395006973916,1.3991719428786323e-6,1.399171937215685e-6,1.412418406749229e-6
13.07,0.173,0.01489619093772919,1.3935739731620832e-6,1.3935739677784758e-6,1.412418406749229e-6
13.07,0.173,0.024469214704767362,1.3855379852151753e-6,1.385537980240036e-6,1.412418406749229e-6
13.07,0.173,0.04019433362333615,1.3739249240195805e-6,1.3739249195449854e-6,1.412418406749229e-6
13.07,0.173,0.06602518613354949,1.356993056942876e-6,1.3569930529133e-6,1.412418406749229e-6
13.07,0.173,0.1084562128786955,1.3320370888379131e-6,1.3320370849473676e-6,1.412418406749229e-6
13.07,0.173,0.17815550096589414,1.294824851077023e-6,1.2948248470314653e-6,1.412418406749229e-6
13.07,0.173,0.292646974128703,1.2388070407946455e-6,1.2388070376119846e-6,1.412418406749229e-6
13.07,0.173,0.480716289995901,1.1542716353228443e-6,1.1542716355828428e-6,1.412418406749229e-6
13.07,0.173,0.789648183294706,1.028130592109871e-6,1.0281305964011812e-6,1.412418406749229e-6
13.07,0.173,1.297114881182717,8.457124297749117e-7,8.45712433805225e-7,1.412418406749229e-6
13.07,0.173,2.1307045980472066,5.943893437376399e-7,5.94389342684505e-7,1.412418406749229e-6
13.07,0.173,3.5000000000000004,2.3951468370403584e-7,2.3951468138494364e-7,1.412418406749229e-6
13.07,0.173,3.8,1.4399852546770284e-7,1.4399852381728942e-7,1.412418406749229e-6
13.07,0.173,3.98,4.420095459250269e-8,4.420095458104271e-8,1.412418406749229e-6
13.07,0.173,3.9998,4.405772739096973e-9,4.405772719219537e-9,1.412418406749229e-6
13.07,0.61,1.0000000000000001e-7,5.11954755302548e-7,5.119547510726364e-7,5.119569882456414e-7
13.07,0.61,1.6426491045299075e-7,5.119538277217442e-7,5.119538234918339e-7,5.119569882456414e-7
13.07,0.61,2.698296080612907e-7,5.119525148167162e-7,5.11952510586801e-7,5.119569882456414e-7
13.07,0.61,4.432353640575351e-7,5.119506565202655e-7,5.119506522903425e-7,5.119569882456414e-7
13.07,0.61,7.280801738650976e-7,5.119480262711044e-7,5.119480220411904e-7,5.119569882456414e-7
13.07,0.61,1.1959802456254818e-6,5.119443033903698e-7,5.119442991605254e-7,5.119569882456414e-7
13.07,0.61,1.9645758795121526e-6,5.119390339813389e-7,5.119390297516443e-7,5.119569882456414e-7
13.07,0.61,3.227108809261693e-6,5.11931575582448e-7,5.119315713529794e-7,5.119569882456414e-7
13.07,0.61,5.301007395754297e-6,5.119210188191675e-7,5.119210145899788e-7,5.119569882456414e-7
13.07,0.61,8.707695051742211e-6,5.119060764873472e-7,5.119060722584304e-7,5.119569882456414e-7
13.07,0.61,1.4303687479263852e-5,5.118849265099923e-7,5.118849222812368e-7,5.119569882456414e-7
13.07,0.61,2.3495939429288417e-5,5.118549895399689e-7,5.118549853111555e-7,5.119569882456414e-7
13.07,0.61,3.8595583863609565e-5,5.118126139085833e-7,5.118126096795235e-7,5.119569882456414e-7
13.07,0.61,6.33990012723672e-5,5.117526290849735e-7,5.117526248560128e-7,5.119569882456414e-7
13.07,0.61,0.00010414231266814445,5.116677122378794e-7,5.116677080103562e-7,5.119569882456414e-7
13.07,0.61,0.00017106927664800093,5.115474884782478e-7,5.115474842540297e-7,5.119569882456414e-7
13.07,0.61,0.00028100679409841776,5.113772501319901e-7,5.113772459131111e-7,5.119569882456414e-7
13.07,0.61,0.00046159555869258604,5.111361277776275e-7,5.111361235657493e-7,5.119569882456414e-7
13.07,0.61,0.0007582395311413588,5.107944652763744e-7,5.107944610718785e-7,5.119569882456414e-7
13.07,0.61,0.00124552148684853,5.103100240057681e-7,5.103100198066513e-7,5.119569882456414e-7
13.07,0.61,0.002045954755044497,5.096224339468017e-7,5.09622429747988e-7,5.119569882456414e-7
13.07,0.61,0.0033607857462825456,5.086449578527839e-7,5.086449536481568e-7,5.119569882456414e-7
13.07,0.61,0.005520591696647901,5.072520218602095e-7,5.072520176547763e-7,5.119569882456414e-7
13.07,0.61,0.009068395006973916,5.05259879187735e-7,5.052598750226698e-7,5.119569882456414e-7
13.07,0.61,0.01489619093772919,5.023958550384879e-7,5.023958509952041e-7,5.119569882456414e-7
13.07,0.61,0.024469214704767362,4.982483565047362e-7,4.982483527143821e-7,5.119569882456414e-7
13.07,0.61,0.04019433362333615,4.921847851571431e-7,4.921847817939126e-7,5.119569882456414e-7
13.07,0.61,0.06602518613354949,4.83218422824177e-7,4.832184200366577e-7,5.119569882456414e-7
13.07,0.61,0.1084562128786955,4.6980389288945195e-7,4.698038906314191e-7,5.119569882456414e-7
13.07,0.61,0.17815550096589414,4.495638386546438e-7,4.4956383650536776e-7,5.119569882456414e-7
13.07,0.61,0.292646974128703,4.190484140155522e-7,4.1904841139985846e-7,5.119569882456414e-7
13.07,0.61,0.480716289995901,3.738926743207644e-7,3.7389267155147194e-7,5.119569882456414e-7
13.07,0.61,0.789648183294706,3.1017738701375914e-7,3.1017738546282783e-7,5.119569882456414e-7
13.07,0.61,1.297114881182717,2.27863221198145e-7,2.2786322007278156e-7,5.119569882456414e-7
13.07,0.61,2.1307045980472066,1.3498288205185513e-7,1.3498287928850037e-7,5.119569882456414e-7
13.07,0.61,3.5000000000000004,4.278906737638216e-8,4.2789065264605805e-8,5.119569882456414e-7
13.07,0.61,3.8,2.4558476415400598e-8,2.4558475545800883e-8,5.119569882456414e-7
13.07,0.61,3.98,7.338369150473023e-9,7.3383688153523715e-9,5.119569882456414e-7
13.07,0.61,3.9998,7.293304721935491e-10,7.293304337535771e-10,5.119569882456414e-7
13.07,1.73,1.0000000000000001e-7,1.188003214911904e-7,1.1880032264203727e-7,1.1880138738239938e-7
13.07,1.73,1.6426491045299075e-7,1.187998787118457e-7,1.1879987986323148e-7,1.1880138738239938e-7
13.07,1.73,2.698296080612907e-7,1.18799251998039e-7,1.1879925314942309e-7,1.1880138738239938e-7
13.07,1.73,4.432353640575351e-7,1.1879836494105131e-7,1.1879836609242687e-7,1.1880138738239938e-7
13.07,1.73,7.280801738650976e-7,1.1879710939006935e-7,1.18797110541437e-7,1.1880138738239938e-7
13.07,1.73,1.1959802456254818e-6,1.1879533226449256e-7,1.1879533341587421e-7,1.1880138738239938e-7
13.07,1.73,1.9645758795121526e-6,1.1879281688561958e-7,1.1879281803705154e-7,1.1880138738239938e-7
13.07,1.73,3.227108809261693e-6,1.1878925654794307e-7,1.1878925769946787e-7,1.1880138738239938e-7
13.07,1.73,5.301007395754297e-6,1.1878421709924842e-7,1.1878421825090255e-7,1.1880138738239938e-7
13.07,1.73,8.707695051742211e-6,1.1877708394743646e-7,1.1877708509922607e-7,1.1880138738239938e-7
13.07,1.73,1.4303687479263852e-5,1.1876698698759961e-7,1.1876698813948312e-7,1.1880138738239938e-7
13.07,1.73,2.3495939429288417e-5,1.1875269419227479e-7,1.1875269534414023e-7,1.1880138738239938e-7
13.07,1.73,3.8595583863609565e-5,1.1873246065391933e-7,1.1873246180560988e-7,1.1880138738239938e-7
13.07,1.73,6.33990012723672e-5,1.1870381413574581e-7,1.1870381528721537e-7,1.1880138738239938e-7
13.07,1.73,0.00010414231266814445,1.1866324976720908e-7,1.1866325091890899e-7,1.1880138738239938e-7
13.07,1.73,0.00017106927664800093,1.1860579392522155e-7,1.1860579507806606e-7,1.1880138738239938e-7
13.07,1.73,0.00028100679409841776,1.1852437802650724e-7,1.185243791816469e-7,1.1880138738239938e-7
13.07,1.73,0.00046159555869258604,1.1840893239153605e-7,1.1840893355016977e-7,1.1880138738239938e-7
13.07,1.73,0.0007582395311413588,1.1824506021001563e-7,1.1824506137303054e-7,1.1880138738239938e-7
13.07,1.73,0.00124552148684853,1.1801206640234097e-7,1.1801206756970788e-7,1.1880138738239938e-7
13.07,1.73,0.002045954755044497,1.1767996683461834e-7,1.1767996800457261e-7,1.1880138738239938e-7
13.07,1.73,0.0033607857462825456,1.1720483723498655e-7,1.1720483840370458e-7,1.1880138738239938e-7
13.07,1.73,0.005520591696647901,1.1652138880155651e-7,1.1652138996688193e-7,1.1880138738239938e-7
13.07,1.73,0.009068395006973916,1.1553084855140445e-7,1.15530849731916e-7,1.1880138738239938e-7
13.07,1.73,0.01489619093772919,1.1408096052491116e-7,1.1408096178129388e-7,1.1880138738239938e-7
13.07,1.73,0.024469214704767362,1.11933380175699e-7,1.1193338162064553e-7,1.1880138738239938e-7
13.07,1.73,0.04019433362333615,1.0871328900954714e-7,1.0871329080453655e-7,1.1880138738239938e-7
13.07,1.73,0.06602518613354949,1.0384176988750079e-7,1.0384177217823247e-7,1.1880138738239938e-7
13.07,1.73,0.1084562128786955,9.647702435265612e-8,9.64770271170476e-8,1.1880138738239938e-7
13.07,1.73,0.17815550096589414,8.556181824007015e-8,8.556182114041634e-8,1.1880138738239938e-7
13.07,1.73,0.292646974128703,7.020523097103398e-8,7.020523348270425e-8,1.1880138738239938e-7
13.07,1.73,0.480716289995901,5.068501865154497e-8,5.068502057904002e-8,1.1880138738239938e-7
13.07,1.73,0.789648183294706,2.981216830065101e-8,2.981216984258829e-8,1.1880138738239938e-7
13.07,1.73,1.297114881182717,1.2784736189867895e-8,1.278473694097139e-8,1.1880138738239938e-7
13.07,1.73,2.1307045980472066,3.423128771437048e-9,3.4231285352073954e-9,1.1880138738239938e-7
13.07,1.73,3.5000000000000004,3.805855364275757e-10,3.8058533212771694e-10,1.1880138738239938e-7
13.07,1.73,3.8,1.8118710070204856e-10,1.8118704316401035e-10,1.1880138738239938e-7
13.07,1.73,3.98,4.874535872748197e-11,4.874533466075322e-11,1.1880138738239938e-7
13.07,1.73,3.9998,4.790538852767153e-12,4.7905362698849225e-12,1.1880138738239938e-7
13.07,4.71,1.0000000000000001e-7,2.159882571792931e-8,2.159885397920954e-8,2.1599415529094773e-8
13.07,4.71,1.6426491045299075e-7,2.1598645646212923e-8,2.1598673909661278e-8,2.1599415529094773e-8
13.07,4.71,2.698296080612907e-7,2.159832582848631e-8,2.159835409550024e-8,2.1599415529094773e-8
13.07,4.71,4.432353640575351e-7,2.159787315235624e-8,2.1597901424552564e-8,2.1599415529094773e-8
13.07,4.71,7.280801738650976e-7,2.1597232422438908e-8,2.1597260701977554e-8,2.1599415529094773e-8
13.07,4.71,1.1959802456254818e-6,2.1596325508171462e-8,2.159635379811826e-8,2.1599415529094773e-8
13.07,4.71,1.9645758795121526e-6,2.1595041807737374e-8,2.1595070112434212e-8,2.1599415529094773e-8
13.07,4.71,3.227108809261693e-6,2.1593224739431366e-8,2.1593253065022876e-8,2.1599415529094773e-8
13.07,4.71,5.301007395754297e-6,2.1590652595790087e-8,2.1590680950974595e-8,2.1599415529094773e-8
13.07,4.71,8.707695051742211e-6,2.1587011385848485e-8,2.158703978294993e-8,2.1599415529094773e-8
13.07,4.71,1.4303687479263852e-5,2.158185626271484e-8,2.158188471922483e-8,2.1599415529094773e-8
13.07,4.71,2.3495939429288417e-5,2.1574556626251117e-8,2.1574585167073907e-8,2.1599415529094773e-8
13.07,4.71,3.8595583863609565e-5,2.1564217741187826e-8,2.156424640195719e-8,2.1599415529094773e-8
13.07,4.71,6.33990012723672e-5,2.15495682721079e-8,2.1549597104192082e-8,2.1599415529094773e-8
13.07,4.71,0.00010414231266814445,2.152879771511735e-8,2.152882679318101e-8,2.1599415529094773e-8
13.07,4.71,0.00017106927664800093,2.149931884766392e-8,2.1499348281158986e-8,2.1599415529094773e-8
13.07,4.71,0.00028100679409841776,2.1457415304156328e-8,2.145744525595912e-8,2.1599415529094773e-8
13.07,4.71,0.00046159555869258604,2.1397708122679094e-8,2.139773884016276e-8,2.1599415529094773e-8
13.07,4.71,0.0007582395311413588,2.131232826329487e-8,2.1312360131690666e-8,2.1599415529094773e-8
13.07,4.71,0.00124552148684853,2.1189598533017817e-8,2.1189632169102933e-8,2.1599415529094773e-8
13.07,4.71,0.002045954755044497,2.1011883601321165e-8,2.1011920019277802e-8,2.1599415529094773e-8
13.07,4.71,0.0033607857462825456,2.075203540042352e-8,2.0752076302262996e-8,2.1599415529094773e-8
13.07,4.71,0.005520591696647901,2.036755912867918e-8,2.036760739335329e-8,2.1599415529094773e-8
13.07,4.71,0.009068395006973916,1.9791460393944855e-8,1.979152082118055e-8,2.1599415529094773e-8
13.07,4.71,0.01489619093772919,1.891953191411997e-8,1.8919612094941083e-8,2.1599415529094773e-8
13.07,4.71,0.024469214704767362,1.7597968223012657e-8,1.7598078932987576e-8,2.1599415529094773e-8
13.07,4.71,0.04019433362333615,1.562764064699281e-8,1.5627794011271146e-8,2.1599415529094773e-8
13.07,4.71,0.06602518613354949,1.2826837972942007e-8,1.2827040151841304e-8,2.1599415529094773e-8
13.07,4.71,0.1084562128786955,9.215171725210189e-9,9.215407931826897e-9,2.1599415529094773e-8
13.07,4.71,0.17815550096589414,5.300039579279537e-9,5.300260857792256e-9,2.1599415529094773e-8
13.07,4.71,0.292646974128703,2.1160934254587884e-9,2.1162367149261477e-9,2.1599415529094773e-8
13.07,4.71,0.480716289995901,4.703702875664812e-10,4.704215446520782e-10,2.1599415529094773e-8
13.07,4.71,0.789648183294706,4.194778971792491e-11,4.1955060863513824e-11,2.1599415529094773e-8
13.07,4.71,1.297114881182717,9.49980139682934e-13,9.502375281871657e-13,2.1599415529094773e-8
13.07,4.71,2.1307045980472066,3.0584819369439974e-15,3.0597435534788096e-15,2.1599415529094773e-8
13.07,4.71,3.5000000000000004,7.291679474550869e-19,7.295507272850776e-19,2.1599415529094773e-8
13.07,4.71,3.8,1.2006195978481907e-19,1.2012222586330643e-19,2.1599415529094773e-8
13.07,4.71,3.98,1.8706701435829483e-20,1.8718475716045535e-20,2.1599415529094773e-8
13.07,4.71,3.9998,1.7397815796264224e-21,1.7408623127200135e-21,2.1599415529094773e-8
13.61,0.00113,1.0000000000000001e-7,1.3409615690272001e-5,1.3409615648140638e-5,1.3409680595071278e-5
13.61,0.00113,1.6426491045299075e-7,1.340958872834254e-5,1.3409588686220788e-5,1.3409680595071278e-5
13.61,0.00113,2.698296080612907e-7,1.3409550566214613e-5,1.3409550524106292e-5,1.3409680595071278e-5
13.61,0.00113,4.432353640575351e-7,1.3409496551217138e-5,1.3409496509127537e-5,1.3409680595071278e-5
13.61,0.00113,7.280801738650976e-7,1.3409420097887756e-5,1.3409420055823781e-5,1.3409680595071278e-5
13.61,0.00113,1.1959802456254818e-6,1.3409311885026673e-5,1.3409311842997998e-5,1.3409680595071278e-5
13.61,0.00113,1.9645758795121526e-6,1.3409158719133944e-5,1.3409158677154325e-5,1.3409680595071278e-5
13.61,0.00113,3.227108809261693e-6,1.3408941925555954e-5,1.3408941883646838e-5,1.3409680595071278e-5
13.61,0.00113,5.301007395754297e-6,1.3408635070946116e-5,1.3408635029141284e-5,1.3409680595071278e-5
13.61,0.00113,8.707695051742211e-6,1.3408200738798259e-5,1.3408200697146222e-5,1.3409680595071278e-5
13.61,0.00113,1.4303687479263852e-5,1.3407585963625365e-5,1.3407585922192414e-5,1.3409680595071278e-5
13.61,0.00113,2.3495939429288417e-5,1.3406715764130312e-5,1.3406715723006334e-5,1.3409680595071278e-5
13.61,0.00113,3.8595583863609565e-5,1.3405483980088968e-5,1.3405483939393915e-5,1.3409680595071278e-5
13.61,0.00113,6.33990012723672e-5,1.3403740280159474e-5,1.3403740240054092e-5,1.3409680595071278e-5
13.61,0.00113,0.00010414231266814445,1.3401271721104124e-5,1.3401271681808833e-5,1.3409680595071278e-5
13.61,0.00113,0.00017106927664800093,1.3397776529779464e-5,1.3397776491610223e-5,1.3409680595071278e-5
13.61,0.00113,0.00028100679409841776,1.3392826730573441e-5,1.3392826694016562e-5,1.3409680595071278e-5
13.61,0.00113,0.00046159555869258604,1.338581465758063e-5,1.338581462342064e-5,1.3409680595071278e-5
13.61,0.00113,0.0007582395311413588,1.3375875933991006e-5,1.3375875903385802e-5,1.3409680595071278e-5
13.61,0.00113,0.00124552148684853,1.3361777561783745e-5,1.3361777536376938e-5,1.3409680595071278e-5
13.61,0.00113,0.002045954755044497,1.3341753220572717e-5,1.3341753202682658e-5,1.3409680595071278e-5
13.61,0.00113,0.0033607857462825456,1.3313256642458468e-5,1.3313256635357833e-5,1.3409680595071278e-5
13.61,0.00113,0.005520591696647901,1.3272584203877192e-5,1.3272584212227715e-5,1.3409680595071278e-5
13.61,0.00113,0.009068395006973916,1.321428303481825e-5,1.3214283065414559e-5,1.3409680595071278e-5
13.61,0.00113,0.01489619093772919,1.3130200702482843e-5,1.3130200765757366e-5,1.3409680595071278e-5
13.61,0.00113,0.024469214704767362,1.3007935032889676e-5,1.300793514656577e-5,1.3409680595071278e-5
13.61,0.00113,0.04019433362333615,1.2828308753825215e-5,1.2828308951573172e-5,1.3409680595071278e-5
13.61,0.00113,0.06602518613354949,1.2561388849737126e-5,1.2561389190215312e-5,1.3409680595071278e-5
13.61,0.00113,0.1084562128786955,1.2160769880755097e-5,1.2160770452735236e-5,1.3409680595071278e-5
13.61,0.00113,0.17815550096589414,1.1557133037804138e-5,1.1557133952410287e-5,1.3409680595071278e-5
13.61,0.00113,0.292646974128703,1.0656086973844746e-5,1.0656088326493373e-5,1.3409680595071278e-5
13.61,0.00113,0.480716289995901,9.353411408049536e-6,9.353413206639374e-6,1.3409680595071278e-5
13.61,0.00113,0.789648183294706,7.588027234232521e-6,7.588029321435076e-6,1.3409680595071278e-5
13.61,0.00113,1.297114881182717,5.434763114117962e-6,5.434765127273717e-6,1.3409680595071278e-5
13.61,0.00113,2.1307045980472066,3.159930947427518e-6,3.159932387592553e-6,1.3409680595071278e-5
13.61,0.00113,3.5000000000000004,1.0069776296417426e-6,1.0069781171358825e-6,1.3409680595071278e-5
13.61,0.00113,3.8,5.805652348799752e-7,5.805655147303911e-7,1.3409680595071278e-5
13.61,0.00113,3.98,1.7401412230607001e-7,1.7401420256824767e-7,1.3409680595071278e-5
13.61,0.00113,3.9998,1.730065494345691e-8,1.7300663028942374e-8,1.3409680595071278e-5
13.61,0.0037,1.0000000000000001e-7,1.3266948493809456e-5,1.3266948412891436e-5,1.32670129255314e-5
13.61,0.0037,1.6426491045299075e-7,1.3266921728399707e-5,1.326692164748181e-5,1.32670129255314e-5
13.61,0.0037,2.698296080612907e-7,1.3266883844427218e-5,1.3266883763509177e-5,1.32670129255314e-5
13.61,0.0037,4.432353640575351e-7,1.3266830223133042e-5,1.3266830142214621e-5,1.32670129255314e-5
13.61,0.0037,7.280801738650976e-7,1.3266754327054377e-5,1.3266754246135954e-5,1.32670129255314e-5
13.61,0.0037,1.1959802456254818e-6,1.3266646902930563e-5,1.3266646822013652e-5,1.32670129255314e-5
13.61,0.0037,1.9645758795121526e-6,1.3266494853423681e-5,1.3266494772510592e-5,1.32670129255314e-5
13.61,0.0037,3.227108809261693e-6,1.3266279639989678e-5,1.3266279559082761e-5,1.32670129255314e-5
13.61,0.0037,5.301007395754297e-6,1.3265975021935087e-5,1.326597494103602e-5,1.32670129255314e-5
13.61,0.0037,8.707695051742211e-6,1.3265543855442529e-5,1.3265543774551385e-5,1.32670129255314e-5
13.61,0.0037,1.4303687479263852e-5,1.3264933561004987e-5,1.3264933480118494e-5,1.32670129255314e-5
13.61,0.0037,2.3495939429288417e-5,1.3264069703677411e-5,1.3264069622788915e-5,1.32670129255314e-5
13.61,0.0037,3.8595583863609565e-5,1.326284689662312e-5,1.326284681572546e-5,1.32670129255314e-5
13.61,0.0037,6.33990012723672e-5,1.326111590333589e-5,1.326111582243375e-5,1.32670129255314e-5
13.61,0.0037,0.00010414231266814445,1.3258665330625906e-5,1.3258665249754803e-5,1.32670129255314e-5
13.61,0.0037,0.00017106927664800093,1.3255195600242903e-5,1.3255195519456534e-5,1.32670129255314e-5
13.61,0.0037,0.00028100679409841776,1.3250281845415625e-5,1.3250281764774847e-5,1.32670129255314e-5
13.61,0.0037,0.00046159555869258604,1.3243320805506539e-5,1.3243320725064323e-5,1.32670129255314e-5
13.61,0.0037,0.0007582395311413588,1.3233454350397051e-5,1.323345427017255e-5,1.32670129255314e-5
13.61,0.0037,0.00124552148684853,1.321945834984163e-5,1.3219458269784989e-5,1.32670129255314e-5
13.61,0.0037,0.002045954755044497,1.3199579094595451e-5,1.3199579014557043e-5,1.32670129255314e-5
13.61,0.0037,0.0033607857462825456,1.3171288302031874e-5,1.3171288221793735e-5,1.32670129255314e-5
13.61,0.0037,0.005520591696647901,1.313090811092425e-5,1.3130908030498096e-5,1.32670129255314e-5
13.61,0.0037,0.009068395006973916,1.3073022802248723e-5,1.3073022722729345e-5,1.32670129255314e-5
13.61,0.0037,0.01489619093772919,1.2989534056789944e-5,1.2989533980660725e-5,1.32670129255314e-5
13.61,0.0037,0.024469214704767362,1.2868119663743283e-5,1.2868119595144495e-5,1.32670129255314e-5
13.61,0.0037,0.04019433362333615,1.2689722840685313e-5,1.2689722785147155e-5,1.32670129255314e-5
13.61,0.0037,0.06602518613354949,1.2424596585077156e-5,1.2424596547066121e-5,1.32670129255314e-5
13.61,0.0037,0.1084562128786955,1.202663018052406e-5,1.2026630157751479e-5,1.32670129255314e-5
13.61,0.0037,0.17815550096589414,1.1426981225030393e-5,1.14269812033553e-5,1.32670129255314e-5
13.61,0.0037,0.292646974128703,1.053202782523743e-5,1.0532027787374261e-5,1.32670129255314e-5
13.61,0.0037,0.480716289995901,9.238734347412157e-6,9.23873430090579e-6,1.32670129255314e-5
13.61,0.0037,0.789648183294706,7.487600160522467e-6,7.487600129915835e-6,1.32670129255314e-5
13.61,0.0037,1.297114881182717,5.354895207504325e-6,5.354895166650957e-6,1.32670129255314e-5
13.61,0.0037,2.1307045980472066,3.1070452433992714e-6,3.1070451782710775e-6,1.32670129255314e-5
13.61,0.0037,3.5000000000000004,9.875081883899563e-7,9.875081594559016e-7,1.32670129255314e-5
13.61,0.0037,3.8,5.690658609858283e-7,5.690658506773807e-7,1.32670129255314e-5
13.61,0.0037,3.98,1.7052043905730114e-7,1.7052043497405944e-7,1.32670129255314e-5
13.61,0.0037,3.9998,1.6952806480576372e-8,1.6952806020471612e-8,1.32670129255314e-5
13.61,0.0127,1.0000000000000001e-7,1.2782586081243303e-5,1.2782586005214437e-5,1.27826488987584e-5
13.61,0.0127,1.6426491045299075e-7,1.278255998638663e-5,1.2782559910357918e-5,1.27826488987584e-5
13.61,0.0127,2.698296080612907e-7,1.2782523051519888e-5,1.278252297549094e-5,1.27826488987584e-5
13.61,0.0127,4.432353640575351e-7,1.2782470773597116e-5,1.278247069756779e-5,1.27826488987584e-5
13.61,0.0127,7.280801738650976e-7,1.2782396778936813e-5,1.278239670290744e-5,1.27826488987584e-5
13.61,0.0127,1.1959802456254818e-6,1.278229204609626e-5,1.2782291970068355e-5,1.27826488987584e-5
13.61,0.0127,1.9645758795121526e-6,1.2782143805856003e-5,1.2782143729831709e-5,1.27826488987584e-5
13.61,0.0127,3.227108809261693e-6,1.2781933984097117e-5,1.2781933908078728e-5,1.27826488987584e-5
13.61,0.0127,5.301007395754297e-6,1.2781636997485941e-5,1.2781636921475153e-5,1.27826488987584e-5
13.61,0.0127,8.707695051742211e-6,1.2781216632658013e-5,1.2781216556654628e-5,1.27826488987584e-5
13.61,0.0127,1.4303687479263852e-5,1.2780621627125154e-5,1.2780621551126036e-5,1.27826488987584e-5
13.61,0.0127,2.3495939429288417e-5,1.2779779410173858e-5,1.27797793341723e-5,1.27826488987584e-5
13.61,0.0127,3.8595583863609565e-5,1.2778587233877097e-5,1.2778587157865922e-5,1.27826488987584e-5
13.61,0.0127,6.33990012723672e-5,1.2776899597468025e-5,1.2776899521451799e-5,1.27826488987584e-5
13.61,0.0127,0.00010414231266814445,1.2774510396751874e-5,1.2774510320764689e-5,1.27826488987584e-5
13.61,0.0127,0.00017106927664800093,1.2771127542793657e-5,1.2771127466887306e-5,1.27826488987584e-5
13.61,0.0127,0.00028100679409841776,1.2766336776695875e-5,1.2766336700929112e-5,1.27826488987584e-5
13.61,0.0127,0.00046159555869258604,1.275954986938303e-5,1.2759549793806421e-5,1.27826488987584e-5
13.61,0.0127,0.0007582395311413588,1.2749930005725411e-5,1.274992993035625e-5,1.27826488987584e-5
13.61,0.0127,0.00124552148684853,1.273628331452707e-5,1.2736283239314628e-5,1.27826488987584e-5
13.61,0.0127,0.002045954755044497,1.2716899119820072e-5,1.2716899044614842e-5,1.27826488987584e-5
13.61,0.0127,0.0033607857462825456,1.2689310512782196e-5,1.2689310437365765e-5,1.27826488987584e-5
13.61,0.0127,0.005520591696647901,1.264992755028514e-5,1.26499274746604e-5,1.27826488987584e-5
13.61,0.0127,0.009068395006973916,1.2593461310191514e-5,1.2593461235417687e-5,1.27826488987584e-5
13.61,0.0127,0.01489619093772919,1.2511998195416241e-5,1.251199812390883e-5,1.27826488987584e-5
13.61,0.0127,0.024469214704767362,1.2393489032252974e-5,1.2393488968043948e-5,1.27826488987584e-5
13.61,0.0127,0.04019433362333615,1.2219288627153078e-5,1.2219288575616038e-5,1.27826488987584e-5
13.61,0.0127,0.06602518613354949,1.196028576937816e-5,1.196028573479375e-5,1.27826488987584e-5
13.61,0.0127,0.1084562128786955,1.1571377862793201e-5,1.1571377842747756e-5,1.27826488987584e-5
13.61,0.0127,0.17815550096589414,1.0985353324016075e-5,1.0985353304470182e-5,1.27826488987584e-5
13.61,0.0127,0.292646974128703,1.0111225204330099e-5,1.011122516836429e-5,1.27826488987584e-5
13.61,0.0127,0.480716289995901,8.850011016113589e-6,8.850010971408549e-6,1.27826488987584e-5
13.61,0.0127,0.789648183294706,7.147587677841742e-6,7.147587648495157e-6,1.27826488987584e-5
13.61,0.0127,1.297114881182717,5.085053871383713e-6,5.085053831889014e-6,1.27826488987584e-5
13.61,0.0127,2.1307045980472066,2.928965776313755e-6,2.9289657134613203e-6,1.27826488987584e-5
13.61,0.0127,3.5000000000000004,9.222660057844911e-7,9.222659781145848e-7,1.27826488987584e-5
13.61,0.0127,3.8,5.305674810181995e-7,5.305674711973764e-7,1.27826488987584e-5
13.61,0.0127,3.98,1.58830388003965e-7,1.5883038411856046e-7,1.27826488987584e-5
13.61,0.0127,3.9998,1.5788955266891987e-8,1.5788954828808522e-8,1.27826488987584e-5
13.61,0.047,1.0000000000000001e-7,1.1134496421212096e-5,1.1134496365249645e-5,1.1134553643776436e-5
13.61,0.047,1.6426491045299075e-7,1.1134472650538004e-5,1.113447259457616e-5,1.1134553643776436e-5
13.61,0.047,2.698296080612907e-7,1.1134439005336356e-5,1.113443894937514e-5,1.1134553643776436e-5
13.61,0.047,4.432353640575351e-7,1.1134391383630292e-5,1.113439132766952e-5,1.1134553643776436e-5
13.61,0.047,7.280801738650976e-7,1.113432397941546e-5,1.1134323923454534e-5,1.1134553643776436e-5
13.61,0.047,1.1959802456254818e-6,1.1134228574745957e-5,1.1134228518784269e-5,1.1134553643776436e-5
13.61,0.047,1.9645758795121526e-6,1.1134093537683362e-5,1.1134093481720908e-5,1.1134553643776436e-5
13.61,0.047,3.227108809261693e-6,1.113390240383822e-5,1.1133902347877393e-5,1.1134553643776436e-5
13.61,0.047,5.301007395754297e-6,1.1133631868331368e-5,1.113363181237626e-5,1.1134553643776436e-5
13.61,0.047,8.707695051742211e-6,1.1133248942813304e-5,1.113324888686861e-5,1.1134553643776436e-5
13.61,0.047,1.4303687479263852e-5,1.1132706929676892e-5,1.1132706873746634e-5,1.1134553643776436e-5
13.61,0.047,2.3495939429288417e-5,1.1131939719772018e-5,1.1131939663857357e-5,1.1134553643776436e-5
13.61,0.047,3.8595583863609565e-5,1.11308537118358e-5,1.1130853655932497e-5,1.1134553643776436e-5
13.61,0.047,6.33990012723672e-5,1.1129316353484546e-5,1.1129316297581037e-5,1.1134553643776436e-5
13.61,0.047,0.00010414231266814445,1.1127139872674714e-5,1.1127139816754713e-5,1.1134553643776436e-5
13.61,0.047,0.00017106927664800093,1.1124058139269529e-5,1.1124058083328507e-5,1.1134553643776436e-5
13.61,0.047,0.00028100679409841776,1.1119693662756756e-5,1.1119693606843845e-5,1.1134553643776436e-5
13.61,0.047,0.00046159555869258604,1.1113510316341109e-5,1.1113510260557133e-5,1.1134553643776436e-5
13.61,0.047,0.0007582395311413588,1.1104745168603862e-5,1.1104745113076895e-5,1.1134553643776436e-5
13.61,0.047,0.00124552148684853,1.109230923922964e-5,1.1092309184096076e-5,1.1134553643776436e-5
13.61,0.047,0.002045954755044497,1.107464103524211e-5,1.1074640980606521e-5,1.1134553643776436e-5
13.61,0.047,0.0033607857462825456,1.104948643904434e-5,1.1049486384905493e-5,1.1134553643776436e-5
13.61,0.047,0.005520591696647901,1.101356039839601e-5,1.1013560344535276e-5,1.1134553643776436e-5
13.61,0.047,0.009068395006973916,1.0962013873684109e-5,1.0962013819587264e-5,1.1134553643776436e-5
13.61,0.047,0.01489619093772919,1.08875745025604e-5,1.0887574447791099e-5,1.1134553643776436e-5
13.61,0.047,0.024469214704767362,1.0779141872440699e-5,1.0779141818771797e-5,1.1134553643776436e-5
13.61,0.047,0.04019433362333615,1.0619503221438696e-5,1.061950317502116e-5,1.1134553643776436e-5
13.61,0.047,0.06602518613354949,1.0381764988731979e-5,1.0381764959936706e-5,1.1134553643776436e-5
13.61,0.047,0.1084562128786955,1.0024350886066933e-5,1.0024350886160675e-5,1.1134553643776436e-5
13.61,0.047,0.17815550096589414,9.485770188541914e-6,9.48577021896737e-6,1.1134553643776436e-5
13.61,0.047,0.292646974128703,8.684292154581282e-6,8.684292193969278e-6,1.1134553643776436e-5
13.61,0.047,0.480716289995901,7.535123843721479e-6,7.535123856299238e-6,1.1134553643776436e-5
13.61,0.047,0.789648183294706,6.002661185629563e-6,6.0026611655015864e-6,1.1134553643776436e-5
13.61,0.047,1.297114881182717,4.183560546502558e-6,4.183560530758629e-6,1.1134553643776436e-5
13.61,0.047,2.1307045980472066,2.3415158825914066e-6,2.3415158768678534e-6,1.1134553643776436e-5
13.61,0.047,3.5000000000000004,7.10902239166795e-7,7.109022326699577e-7,1.1134553643776436e-5
13.61,0.047,3.8,4.0627895702546714e-7,4.0627895799680514e-7,1.1134553643776436e-5
13.61,0.047,3.98,1.2116605353240883e-7,1.211660500968855e-7,1.1134553643776436e-5
13.61,0.047,3.9998,1.2039945015842652e-8,1.2039944741302173e-8,1.1134553643776436e-5
13.61,0.173,1.0000000000000001e-7,7.027139524884637e-6,7.027139514794674e-6,7.027181874322851e-6
13.61,0.173,1.6426491045299075e-7,7.027121932613581e-6,7.027121922523812e-6,7.027181874322851e-6
13.61,0.173,2.698296080612907e-7,7.027097032368969e-6,7.0270970222797305e-6,7.027181874322851e-6
13.61,0.173,4.432353640575351e-7,7.027061788340851e-6,7.027061778252509e-6,7.027181874322851e-6
13.61,0.173,7.280801738650976e-7,7.027011903588029e-6,7.027011893500875e-6,7.027181874322851e-6
13.61,0.173,1.1959802456254818e-6,7.026941296110116e-6,7.026941286024101e-6,7.027181874322851e-6
13.61,0.173,1.9645758795121526e-6,7.026841357217024e-6,7.0268413471316064e-6,7.027181874322851e-6
13.61,0.173,3.227108809261693e-6,7.0266999016833815e-6,7.026699891597357e-6,7.027181874322851e-6
13.61,0.173,5.301007395754297e-6,7.026499681475004e-6,7.02649967138697e-6,7.027181874322851e-6
13.61,0.173,8.707695051742211e-6,7.026216281342814e-6,7.026216271252948e-6,7.027181874322851e-6
13.61,0.173,1.4303687479263852e-5,7.025815138568605e-6,7.025815128482037e-6,7.027181874322851e-6
13.61,0.173,2.3495939429288417e-5,7.025247320880551e-6,7.025247310805571e-6,7.027181874322851e-6
13.61,0.173,3.8595583863609565e-5,7.024443541771227e-6,7.0244435317170164e-6,7.027181874322851e-6
13.61,0.173,6.33990012723672e-5,7.023305669876619e-6,7.023305659850636e-6,7.027181874322851e-6
13.61,0.173,0.00010414231266814445,7.0216946661944194e-6,7.021694656197927e-6,7.027181874322851e-6
13.61,0.173,0.00017106927664800093,7.0194134083932465e-6,7.019413398415685e-6,7.027181874322851e-6
13.61,0.173,0.00028100679409841776,7.016182151027359e-6,7.016182141042367e-6,7.027181874322851e-6
13.61,0.173,0.00046159555869258604,7.011603279972502e-6,7.011603269943977e-6,7.027181874322851e-6
13.61,0.173,0.0007582395311413588,7.00511029248774e-6,7.005110282408428e-6,7.027181874322851e-6
13.61,0.173,0.00124552148684853,6.995893101369318e-6,6.995893091358121e-6,7.027181874322851e-6
13.61,0.173,0.002045954755044497,6.9827869493352635e-6,6.98278693964183e-6,7.027181874322851e-6
13.61,0.173,0.0033607857462825456,6.964103811773202e-6,6.964103802764893e-6,7.027181874322851e-6
13.61,0.173,0.005520591696647901,6.937370266820299e-6,6.937370258981488e-6,7.027181874322851e-6
13.61,0.173,0.009068395006973916,6.898909625593869e-6,6.898909619439585e-6,7.027181874322851e-6
13.61,0.173,0.01489619093772919,6.843162043572076e-6,6.8431620393493215e-6,7.027181874322851e-6
13.61,0.173,0.024469214704767362,6.761569869504149e-6,6.761569866581776e-6,7.027181874322851e-6
13.61,0.173,0.04019433362333615,6.640781273216333e-6,6.640781269602985e-6,7.027181874322851e-6
13.61,0.173,0.06602518613354949,6.459930659469839e-6,6.459930653728357e-6,7.027181874322851e-6
13.61,0.173,0.1084562128786955,6.1871321711369e-6,6.187132170505281e-6,7.027181874322851e-6
13.61,0.173,0.17815550096589414,5.776791929114362e-6,5.776791949092979e-6,7.027181874322851e-6
13.61,0.173,0.292646974128703,5.173031187379899e-6,5.173031233515332e-6,7.027181874322851e-6
13.61,0.173,0.480716289995901,4.330121761395993e-6,4.330121808349126e-6,7.027181874322851e-6
13.61,0.173,0.789648183294706,3.2600780490761904e-6,3.2600780536158665e-6,7.027181874322851e-6
13.61,0.173,1.297114881182717,2.088421687022756e-6,2.0884216494893274e-6,7.027181874322851e-6
13.61,0.173,2.1307045980472066,1.0399226464314318e-6,1.0399226179321362e-6,7.027181874322851e-6
13.61,0.173,3.5000000000000004,2.7273793663997074e-7,2.7273793365342156e-7,7.027181874322851e-6
13.61,0.173,3.8,1.518446605577212e-7,1.5184465568989136e-7,7.027181874322851e-6
13.61,0.173,3.98,4.4617897520966324e-8,4.461789763153476e-8,7.027181874322851e-6
13.61,0.173,3.9998,4.426491159730244e-9,4.4264911833829925e-9,7.027181874322851e-6
13.61,0.61,1.0000000000000001e-7,2.2069368832593505e-6,2.206936897993542e-6,2.206958151761322e-6
13.61,0.61,1.6426491045299075e-7,2.206928048159399e-6,2.206928062893482e-6,2.206958151761322e-6
13.61,0.61,2.698296080612907e-7,2.2069155428781934e-6,2.206915557612288e-6,2.206958151761322e-6
13.61,0.61,4.432353640575351e-7,2.2068978427724254e-6,2.206897857506765e-6,2.206958151761322e-6
13.61,0.61,7.280801738650976e-7,2.2068727898195284e-6,2.2068728045544276e-6,2.206958151761322e-6
13.61,0.61,1.1959802456254818e-6,2.206837329465907e-6,2.206837344201615e-6,2.206958151761322e-6
13.61,0.61,1.9645758795121526e-6,2.2067871381056893e-6,2.206787152842285e-6,2.206958151761322e-6
13.61,0.61,3.227108809261693e-6,2.2067160956862204e-6,2.206716110423419e-6,2.206958151761322e-6
13.61,0.61,5.301007395754297e-6,2.2066155389419138e-6,2.206615553678873e-6,2.206958151761322e-6
13.61,0.61,8.707695051742211e-6,2.2064732037542314e-6,2.206473218489648e-6,2.206958151761322e-6
13.61,0.61,1.4303687479263852e-5,2.2062717266438747e-6,2.2062717413767863e-6,2.206958151761322e-6
13.61,0.61,2.3495939429288417e-5,2.2059865203060677e-6,2.2059865350384452e-6,2.206958151761322e-6
13.61,0.61,3.8595583863609565e-5,2.205582758731517e-6,2.2055827734691256e-6,2.206958151761322e-6
13.61,0.61,6.33990012723672e-5,2.2050110920027262e-6,2.205011106752822e-6,2.206958151761322e-6
13.61,0.61,0.00010414231266814445,2.2042015404951607e-6,2.204201555264815e-6,2.206958151761322e-6
13.61,0.61,0.00017106927664800093,2.2030547617209426e-6,2.2030547765140063e-6,2.206958151761322e-6
13.61,0.61,0.00028100679409841776,2.201429486419546e-6,2.201429501232179e-6,2.206958151761322e-6
13.61,0.61,0.00046159555869258604,2.1991242867109402e-6,2.1991243015261885e-6,2.206958151761322e-6
13.61,0.61,0.0007582395311413588,2.1958507890677352e-6,2.19585080385331e-6,2.206958151761322e-6
13.61,0.61,0.00124552148684853,2.1911936438906503e-6,2.19119365861297e-6,2.206958151761322e-6
13.61,0.61,0.002045954755044497,2.184549391885912e-6,2.184549406582143e-6,2.206958151761322e-6
13.61,0.61,0.0033607857462825456,2.1750307204331155e-6,2.175030735307439e-6,2.206958151761322e-6
13.61,0.61,0.005520591696647901,2.1613126773906026e-6,2.161312692828718e-6,2.206958151761322e-6
13.61,0.61,0.009068395006973916,2.1413808288822406e-6,2.141380845497648e-6,2.206958151761322e-6
13.61,0.61,0.01489619093772919,2.1121169316136734e-6,2.11211695017549e-6,2.206958151761322e-6
13.61,0.61,0.024469214704767362,2.0686327845641852e-6,2.0686328055745813e-6,2.206958151761322e-6
13.61,0.61,0.04019433362333615,2.0032759750375474e-6,2.003275997791142e-6,2.206958151761322e-6
13.61,0.61,0.06602518613354949,1.904406737182488e-6,1.9044067588790951e-6,2.206958151761322e-6
13.61,0.61,0.1084562128786955,1.7556828099972775e-6,1.7556828271632377e-6,2.206958151761322e-6
13.61,0.61,0.17815550096589414,1.5381370338427922e-6,1.5381370483672028e-6,2.206958151761322e-6
13.61,0.61,0.292646974128703,1.2395355739502682e-6,1.2395355928824238e-6,2.206958151761322e-6
13.61,0.61,0.480716289995901,8.743827718999683e-7,8.743827902984147e-7,2.206958151761322e-6
13.61,0.61,0.789648183294706,5.034434085479953e-7,5.034434112700654e-7,2.206958151761322e-6
13.61,0.61,1.297114881182717,2.1632504587582945e-7,2.1632503304527493e-7,2.206958151761322e-6
13.61,0.61,2.1307045980472066,6.20815102835747e-8,6.208149928136294e-8,2.206958151761322e-6
13.61,0.61,3.5000000000000004,8.326143302312928e-9,8.32614173915957e-9,2.206958151761322e-6
13.61,0.61,3.8,4.134445877689788e-9,4.1344449947240654e-9,2.206958151761322e-6
13.61,0.61,3.98,1.1398482926709885e-9,1.139848265487997e-9,2.206958151761322e-6
13.61,0.61,3.9998,1.1231729028167558e-10,1.1231728460581192e-10,2.206958151761322e-6
13.61,1.73,1.0000000000000001e-7,4.914255072419425e-7,4.914255074853965e-7,4.914356597304478e-7
13.61,1.73,1.6426491045299075e-7,4.914212898081662e-7,4.914212900516041e-7,4.914356597304478e-7
13.61,1.73,2.698296080612907e-7,4.914153203985224e-7,4.9141532064197e-7,4.914356597304478e-7
13.61,1.73,4.432353640575351e-7,4.914068711982144e-7,4.914068714418034e-7,4.914356597304478e-7
13.61,1.73,7.280801738650976e-7,4.913949120115328e-7,4.913949122554573e-7,4.914356597304478e-7
13.61,1.73,1.1959802456254818e-6,4.913779845963933e-7,4.913779848408601e-7,4.914356597304478e-7
13.61,1.73,1.9645758795121526e-6,4.913540247258078e-7,4.9135402497099e-7,4.914356597304478e-7
13.61,1.73,3.227108809261693e-6,4.913201101699558e-7,4.913201104159008e-7,4.914356597304478e-7
13.61,1.73,5.301007395754297e-6,4.91272103615911e-7,4.912721038624353e-7,4.914356597304478e-7
13.61,1.73,8.707695051742211e-6,4.912041464027251e-7,4.912041466493821e-7,4.914356597304478e-7
13.61,1.73,1.4303687479263852e-5,4.911079400115454e-7,4.911079402578243e-7,4.914356597304478e-7
13.61,1.73,2.3495939429288417e-5,4.909717246803008e-7,4.909717249265876e-7,4.914356597304478e-7
13.61,1.73,3.8595583863609565e-5,4.907788237822351e-7,4.90778824031462e-7,4.914356597304478e-7
13.61,1.73,6.33990012723672e-5,4.905055611810625e-7,4.905055614379764e-7,4.914356597304478e-7
13.61,1.73,0.00010414231266814445,4.901182635702107e-7,4.901182638406538e-7,4.914356597304478e-7
13.61,1.73,0.00017106927664800093,4.895689072352095e-7,4.895689075252502e-7,4.914356597304478e-7
13.61,1.73,0.00028100679409841776,4.887887150552841e-7,4.887887153695226e-7,4.914356597304478e-7
13.61,1.73,0.00046159555869258604,4.876785729950532e-7,4.876785733338594e-7,4.914356597304478e-7
13.61,1.73,0.0007582395311413588,4.860943637288746e-7,4.86094364084989e-7,4.914356597304478e-7
13.61,1.73,0.00124552148684853,4.83823936338288e-7,4.838239366976615e-7,4.914356597304478e-7
13.61,1.73,0.002045954755044497,4.805499992888601e-7,4.8054999965853e-7,4.914356597304478e-7
13.61,1.73,0.0033607857462825456,4.75789146863328e-7,4.7578914737773496e-7,4.914356597304478e-7
13.61,1.73,0.005520591696647901,4.687911989062687e-7,4.6879119990614464e-7,4.914356597304478e-7
13.61,1.73,0.009068395006973916,4.5837683666465226e-7,4.5837683874863707e-7,4.914356597304478e-7
13.61,1.73,0.01489619093772919,4.426946943894238e-7,4.426946983645267e-7,4.914356597304478e-7
13.61,1.73,0.024469214704767362,4.1892303155145104e-7,4.1892303806626837e-7,4.914356597304478e-7
13.61,1.73,0.04019433362333615,3.8310351430845766e-7,3.8310352311629244e-7,4.914356597304478e-7
13.61,1.73,0.06602518613354949,3.3069903962849556e-7,3.3069904903122175e-7,4.914356597304478e-7
13.61,1.73,0.1084562128786955,2.590729567181986e-7,2.5907296443342846e-7,4.914356597304478e-7
13.61,1.73,0.17815550096589414,1.7284189177794416e-7,1.7284189737463336e-7,4.914356597304478e-7
13.61,1.73,0.292646974128703,8.895153983834061e-8,8.895154466678242e-8,4.914356597304478e-7
13.61,1.73,0.480716289995901,3.052708881771852e-8,3.052709169829501e-8,4.914356597304478e-7
13.61,1.73,0.789648183294706,5.727354696357286e-9,5.7273552998978975e-9,4.914356597304478e-7
13.61,1.73,1.297114881182717,4.6116267929827636e-10,4.6116267273407035e-10,4.914356597304478e-7
13.61,1.73,2.1307045980472066,1.2447905867425964e-11,1.2447893869812582e-11,4.914356597304478e-7
13.61,1.73,3.5000000000000004,8.600003951350786e-14,8.599939989063089e-14,4.914356597304478e-7
13.61,1.73,3.8,2.644909366096797e-14,2.644895676401709e-14,4.914356597304478e-7
13.61,1.73,3.98,5.665368065182691e-15,5.665387112321777e-15,4.914356597304478e-7
13.61,1.73,3.9998,5.438643267784807e-16,5.438667882844442e-16,4.914356597304478e-7
13.61,4.71,1.0000000000000001e-7,9.04269848326061e-8,9.04271078056536e-8,9.043216571908649e-8
13.61,4.71,1.6426491045299075e-7,9.04248326172911e-8,9.042495561653968e-8,9.043216571908649e-8
13.61,4.71,2.698296080612907e-7,9.04217863060494e-8,9.042190933989575e-8,9.043216571908649e-8
13.61,4.71,4.432353640575351e-7,9.041747441902906e-8,9.041759750192036e-8,9.043216571908649e-8
13.61,4.71,7.280801738650976e-7,9.041137107479688e-8,9.041149422718572e-8,9.043216571908649e-8
13.61,4.71,1.1959802456254818e-6,9.040273173885097e-8,9.040285498968683e-8,9.043216571908649e-8
13.61,4.71,1.9645758795121526e-6,9.039050213708838e-8,9.039062552735965e-8,9.043216571908649e-8
13.61,4.71,3.227108809261693e-6,9.03731890018037e-8,9.037331258961227e-8,9.043216571908649e-8
13.61,4.71,5.301007395754297e-6,9.03486763762491e-8,9.034880024413285e-8,9.043216571908649e-8
13.61,4.71,8.707695051742211e-6,9.031396391827271e-8,9.031408818391212e-8,9.043216571908649e-8
13.61,4.71,1.4303687479263852e-5,9.026479268638843e-8,9.02649175185322e-8,9.043216571908649e-8
13.61,4.71,2.3495939429288417e-5,9.019510696843807e-8,9.019523261110499e-8,9.043216571908649e-8
13.61,4.71,3.8595583863609565e-5,9.009627370202161e-8,9.009640051096958e-8,9.043216571908649e-8
13.61,4.71,6.33990012723672e-5,8.995593631377929e-8,8.995606481309744e-8,9.043216571908649e-8
13.61,4.71,0.00010414231266814445,8.975630307113028e-8,8.97564340461762e-8,9.043216571908649e-8
13.61,4.71,0.00017106927664800093,8.947153461978489e-8,8.947166927387455e-8,9.043216571908649e-8
13.61,4.71,0.00028100679409841776,8.906365310751113e-8,8.906379333358095e-8,9.043216571908649e-8
13.61,4.71,0.00046159555869258604,8.847596564801096e-8,8.847611450794595e-8,9.043216571908649e-8
13.61,4.71,0.0007582395311413588,8.762226543758943e-8,8.762242800957205e-8,9.043216571908649e-8
13.61,4.71,0.00124552148684853,8.636896360319681e-8,8.636914845008616e-8,9.043216571908649e-8
13.61,4.71,0.002045954755044497,8.450605214878261e-8,8.450627373025463e-8,9.043216571908649e-8
13.61,4.71,0.0033607857462825456,8.170289852875771e-8,8.170318063519744e-8,9.043216571908649e-8
13.61,4.71,0.005520591696647901,7.745152906235971e-8,7.745190821314167e-8,9.043216571908649e-8
13.61,4.71,0.009068395006973916,7.102686788720184e-8,7.102739282752083e-8,9.043216571908649e-8
13.61,4.71,0.01489619093772919,6.15647268369918e-8,6.156544442091042e-8,9.043216571908649e-8
13.61,4.71,0.024469214704767362,4.8479633889919344e-8,4.848054666245037e-8,9.043216571908649e-8
13.61,4.71,0.04019433362333615,3.245549226431823e-8,3.245648854688618e-8,9.043216571908649e-8
13.61,4.71,0.06602518613354949,1.6565818271663973e-8,1.6566647932402498e-8,9.043216571908649e-8
13.61,4.71,0.1084562128786955,5.411485657500425e-9,5.411926305417464e-9,9.043216571908649e-8
13.61,4.71,0.17815550096589414,8.596110636231977e-10,8.597242125936871e-10,9.043216571908649e-8
13.61,4.71,0.292646974128703,4.37172713930086e-11,4.3726492471084637e-11,9.043216571908649e-8
13.61,4.71,0.480716289995901,3.878517094092112e-13,3.8798102970526713e-13,9.043216571908649e-8
13.61,4.71,0.789648183294706,2.6428704334171073e-16,2.644235988200968e-16,9.043216571908649e-8
13.61,4.71,1.297114881182717,5.15001652309843e-21,5.1540302103203e-21,9.043216571908649e-8
13.61,4.71,2.1307045980472066,1.0676341617989905e-27,1.0688461949296845e-27,9.043216571908649e-8
13.61,4.71,3.5000000000000004,1.1593674385324757e-36,1.162150228746217e-36,9.043216571908649e-8
13.61,4.71,3.8,2.1824131829983661e-38,2.167990953295364e-38,9.043216571908649e-8
13.61,4.71,3.98,1.180011917954127e-39,1.1867458028666467e-39,9.043216571908649e-8
13.61,4.71,3.9998,9.961226042484195e-41,1.0046124591121492e-40,9.043216571908649e-8
14.13,0.00113,1.0000000000000001e-7,5.3396817724863356e-5,5.339681797993181e-5,5.339738642333766e-5
14.13,0.00113,1.6426491045299075e-7,5.33965814830417e-5,5.339658173818597e-5,5.339738642333766e-5
14.13,0.00113,2.698296080612907e-7,5.339624710409788e-5,5.339624735935281e-5,5.339738642333766e-5
14.13,0.00113,4.432353640575351e-7,5.339577382038859e-5,5.3395774075807006e-5,5.339738642333766e-5
14.13,0.00113,7.280801738650976e-7,5.3395103928066266e-5,5.33951041837226e-5,5.339738642333766e-5
14.13,0.00113,1.1959802456254818e-6,5.33941557502998e-5,5.339415600629628e-5,5.339738642333766e-5
14.13,0.00113,1.9645758795121526e-6,5.339281367558906e-5,5.339281393206224e-5,5.339738642333766e-5
14.13,0.00113,3.227108809261693e-6,5.339091405382962e-5,5.339091431096249e-5,5.339738642333766e-5
14.13,0.00113,5.301007395754297e-6,5.33882252240902e-5,5.338822548212826e-5,5.339738642333766e-5
14.13,0.00113,8.707695051742211e-6,5.33844192241948e-5,5.338441948347758e-5,5.339738642333766e-5
14.13,0.00113,1.4303687479263852e-5,5.337903169884955e-5,5.337903195987027e-5,5.339738642333766e-5
14.13,0.00113,2.3495939429288417e-5,5.337140504055549e-5,5.337140530408483e-5,5.339738642333766e-5
14.13,0.00113,3.8595583863609565e-5,5.3360607654403084e-5,5.3360607921654115e-5,5.339738642333766e-5
14.13,0.00113,6.33990012723672e-5,5.3345319104094756e-5,5.3345319376796567e-5,5.339738642333766e-5
14.13,0.00113,0.00010414231266814445,5.33236662381137e-5,5.3323666518657694e-5,5.339738642333766e-5
14.13,0.00113,0.00017106927664800093,5.3292988311043644e-5,5.329298860269503e-5,5.339738642333766e-5
14.13,0.00113,0.00028100679409841776,5.3249498023381904e-5,5.324949833058107e-5,5.339738642333766e-5
14.13,0.00113,0.00046159555869258604,5.318778742911439e-5,5.318778775795096e-5,5.339738642333766e-5
14.13,0.00113,0.0007582395311413588,5.310009747007651e-5,5.3100097829138246e-5,5.339738642333766e-5
14.13,0.00113,0.00124552148684853,5.297521756208525e-5,5.297521796419741e-5,5.339738642333766e-5
14.13,0.00113,0.002045954755044497,5.279678908466837e-5,5.2796789550960636e-5,5.339738642333766e-5
14.13,0.00113,0.0033607857462825456,5.254062267662914e-5,5.2540623244806026e-5,5.339738642333766e-5
14.13,0.00113,0.005520591696647901,5.2170356921974815e-5,5.21703576552007e-5,5.339738642333766e-5
14.13,0.00113,0.009068395006973916,5.163033660993896e-5,5.163033761133665e-5,5.339738642333766e-5
14.13,0.00113,0.01489619093772919,5.083400187847744e-5,5.083400331101435e-5,5.339738642333766e-5
14.13,0.00113,0.024469214704767362,4.964574232180144e-5,4.9645744427806016e-5,5.339738642333766e-5
14.13,0.00113,0.04019433362333615,4.7855589849536465e-5,4.785559295956959e-5,5.339738642333766e-5
14.13,0.00113,0.06602518613354949,4.5153487276898044e-5,4.515349179752975e-5,5.339738642333766e-5
14.13,0.00113,0.1084562128786955,4.1131413884694003e-5,4.113142025076906e-5,5.339738642333766e-5
14.13,0.00113,0.17815550096589414,3.53833499827823e-5,3.53833584833436e-5,5.339738642333766e-5
14.13,0.00113,0.292646974128703,2.7802628511074487e-5,2.7802638699742657e-5,5.339738642333766e-5
14.13,0.00113,0.480716289995901,1.905301334932519e-5,1.905302325120744e-5,5.339738642333766e-5
14.13,0.00113,0.789648183294706,1.0759733658767684e-5,1.0759740708561608e-5,5.339738642333766e-5
14.13,0.00113,1.297114881182717,4.7144095303974674e-6,4.714412900104371e-6,5.339738642333766e-5
14.13,0.00113,2.1307045980472066,1.497450965655417e-6,1.497451941471681e-6,5.339738642333766e-5
14.13,0.00113,3.5000000000000004,2.478093540235654e-7,2.4780946835160663e-7,5.339738642333766e-5
14.13,0.00113,3.8,1.2846389475399606e-7,1.284639473235493e-7,5.339738642333766e-5
14.13,0.00113,3.98,3.630218540923561e-8,3.6302200243971145e-8,5.339738642333766e-5
14.13,0.00113,3.9998,3.5866377074855408e-9,3.586639148485738e-9,5.339738642333766e-5
14.13,0.0037,1.0000000000000001e-7,5.279415782177387e-5,5.279415790542686e-5,5.279472237512711e-5
14.13,0.0037,1.6426491045299075e-7,5.2793923301865865e-5,5.2793923385522546e-5,5.279472237512711e-5
14.13,0.0037,2.698296080612907e-7,5.2793591360132264e-5,5.2793591443796764e-5,5.279472237512711e-5
14.13,0.0037,4.432353640575351e-7,5.279312152607086e-5,5.279312160974728e-5,5.279472237512711e-5
14.13,0.0037,7.280801738650976e-7,5.279245651641221e-5,5.2792456600102426e-5,5.279472237512711e-5
14.13,0.0037,1.1959802456254818e-6,5.2791515249620256e-5,5.2791515333321816e-5,5.279472237512711e-5
14.13,0.0037,1.9645758795121526e-6,5.279018295679307e-5,5.279018304049615e-5,5.279472237512711e-5
14.13,0.0037,3.227108809261693e-6,5.2788297180476635e-5,5.2788297264165e-5,5.279472237512711e-5
14.13,0.0037,5.301007395754297e-6,5.2785627947897324e-5,5.2785628031557325e-5,5.279472237512711e-5
14.13,0.0037,8.707695051742211e-6,5.2781849686475586e-5,5.2781849770129224e-5,5.279472237512711e-5
14.13,0.0037,1.4303687479263852e-5,5.2776501423553514e-5,5.2776501507278926e-5,5.279472237512711e-5
14.13,0.0037,2.3495939429288417e-5,5.276893034032708e-5,5.2768930424227186e-5,5.279472237512711e-5
14.13,0.0037,3.8595583863609565e-5,5.275821162188899e-5,5.2758211706066766e-5,5.279472237512711e-5
14.13,0.0037,6.33990012723672e-5,5.2743034433130304e-5,5.2743034517651344e-5,5.279472237512711e-5
14.13,0.0037,0.00010414231266814445,5.272153922300239e-5,5.272153930783467e-5,5.279472237512711e-5
14.13,0.0037,0.00017106927664800093,5.269108452128556e-5,5.2691084606232957e-5,5.279472237512711e-5
14.13,0.0037,0.00028100679409841776,5.2647910368052026e-5,5.2647910452727233e-5,5.279472237512711e-5
14.13,0.0037,0.00046159555869258604,5.258664764504461e-5,5.2586647729033415e-5,5.279472237512711e-5
14.13,0.0037,0.0007582395311413588,5.249959255021436e-5,5.249959263384693e-5,5.279472237512711e-5
14.13,0.0037,0.00124552148684853,5.237561338863402e-5,5.237561347410674e-5,5.279472237512711e-5
14.13,0.0037,0.002045954755044497,5.219846473633743e-5,5.2198464827553846e-5,5.279472237512711e-5
14.13,0.0037,0.0033607857462825456,5.194412090343976e-5,5.194412100629846e-5,5.279472237512711e-5
14.13,0.0037,0.005520591696647901,5.157645983143826e-5,5.157645995349494e-5,5.279472237512711e-5
14.13,0.0037,0.009068395006973916,5.10401820637819e-5,5.104018221136868e-5,5.279472237512711e-5
14.13,0.0037,0.01489619093772919,5.024926806827027e-5,5.0249268238632606e-5,5.279472237512711e-5
14.13,0.0037,0.024469214704767362,4.906894996998326e-5,4.906895013984288e-5,5.279472237512711e-5
14.13,0.0037,0.04019433362333615,4.7290609258092066e-5,4.729060938664656e-5,5.279472237512711e-5
14.13,0.0037,0.06602518613354949,4.46063898585945e-5,4.460638995015548e-5,5.279472237512711e-5
14.13,0.0037,0.1084562128786955,4.0611828459782406e-5,4.061182864289729e-5,5.279472237512711e-5
14.13,0.0037,0.17815550096589414,3.490626278416831e-5,3.4906263130339635e-5,5.279472237512711e-5
14.13,0.0037,0.292646974128703,2.7389546439765383e-5,2.7389546753164632e-5,5.279472237512711e-5
14.13,0.0037,0.480716289995901,1.872911832659005e-5,1.8729118291400204e-5,5.279472237512711e-5
14.13,0.0037,0.789648183294706,1.0542648876300964e-5,1.0542648553711549e-5,5.279472237512711e-5
14.13,0.0037,1.297114881182717,4.598520842587535e-6,4.59852059878559e-6,5.279472237512711e-5
14.13,0.0037,2.1307045980472066,1.4522774528942468e-6,1.4522773895448962e-6,5.279472237512711e-5
14.13,0.0037,3.5000000000000004,2.3880435283417123e-7,2.388043511968253e-7,5.279472237512711e-5
14.13,0.0037,3.8,1.2366825048262174e-7,1.2366824851012495e-7,5.279472237512711e-5
14.13,0.0037,3.98,3.492718740554198e-8,3.492718713549889e-8,5.279472237512711e-5
14.13,0.0037,3.9998,3.4505809552436768e-9,3.4505809465326286e-9,5.279472237512711e-5
14.13,0.0127,1.0000000000000001e-7,5.075408223591018e-5,5.075408231460704e-5,5.0754632645523454e-5
14.13,0.0127,1.6426491045299075e-7,5.0753853591415467e-5,5.075385367011559e-5,5.0754632645523454e-5
14.13,0.0127,2.698296080612907e-7,5.075352996578826e-5,5.075353004449574e-5,5.0754632645523454e-5
14.13,0.0127,4.432353640575351e-7,5.0753071902413955e-5,5.0753071981133124e-5,5.0754632645523454e-5
14.13,0.0127,7.280801738650976e-7,5.0752423553095366e-5,5.075242363182823e-5,5.0754632645523454e-5
14.13,0.0127,1.1959802456254818e-6,5.0751505867527516e-5,5.075150594627198e-5,5.0754632645523454e-5
14.13,0.0127,1.9645758795121526e-6,5.0750206951873194e-5,5.0750207030620505e-5,5.0754632645523454e-5
14.13,0.0127,3.227108809261693e-6,5.074836841817135e-5,5.074836849690516e-5,5.0754632645523454e-5
14.13,0.0127,5.301007395754297e-6,5.0745766053883274e-5,5.074576613258897e-5,5.0754632645523454e-5
14.13,0.0127,8.707695051742211e-6,5.074208244007546e-5,5.074208251876948e-5,5.0754632645523454e-5
14.13,0.0127,1.4303687479263852e-5,5.0736868146134025e-5,5.073686822489117e-5,5.0754632645523454e-5
14.13,0.0127,2.3495939429288417e-5,5.072948669298602e-5,5.072948677190798e-5,5.0754632645523454e-5
14.13,0.0127,3.8595583863609565e-5,5.07190364001139e-5,5.07190364793058e-5,5.0754632645523454e-5
14.13,0.0127,6.33990012723672e-5,5.0704239193170846e-5,5.0704239272704224e-5,5.0754632645523454e-5
14.13,0.0127,0.00010414231266814445,5.068328192818256e-5,5.068328200803707e-5,5.0754632645523454e-5
14.13,0.0127,0.00017106927664800093,5.065358890546985e-5,5.065358898546477e-5,5.0754632645523454e-5
14.13,0.0127,0.00028100679409841776,5.061149345362423e-5,5.061149353338276e-5,5.0754632645523454e-5
14.13,0.0127,0.00046159555869258604,5.055175894505812e-5,5.055175902414162e-5,5.0754632645523454e-5
14.13,0.0127,0.0007582395311413588,5.0466870131180895e-5,5.04668702097841e-5,5.0754632645523454e-5
14.13,0.0127,0.00124552148684853,5.0345964526936076e-5,5.0345964607111946e-5,5.0754632645523454e-5
14.13,0.0127,0.002045954755044497,5.017318302038155e-5,5.017318310594739e-5,5.0754632645523454e-5
14.13,0.0127,0.0033607857462825456,4.992505856086898e-5,4.992505865769406e-5,5.0754632645523454e-5
14.13,0.0127,0.005520591696647901,4.956628622513532e-5,4.9566286340915645e-5,5.0754632645523454e-5
14.13,0.0127,0.009068395006973916,4.9042781446267676e-5,4.9042781587833424e-5,5.0754632645523454e-5
14.13,0.0127,0.01489619093772919,4.8270370798655835e-5,4.8270370964252965e-5,5.0754632645523454e-5
14.13,0.0127,0.024469214704767362,4.711716697157277e-5,4.711716713899978e-5,5.0754632645523454e-5
14.13,0.0127,0.04019433362333615,4.53791694071431e-5,4.5379169534453994e-5,5.0754632645523454e-5
14.13,0.0127,0.06602518613354949,4.275605964021834e-5,4.2756059722781444e-5,5.0754632645523454e-5
14.13,0.0127,0.1084562128786955,3.885555968949521e-5,3.8855559848151616e-5,5.0754632645523454e-5
14.13,0.0127,0.17815550096589414,3.3295333533335755e-5,3.32953338477153e-5,5.0754632645523454e-5
14.13,0.0127,0.292646974128703,2.5997405869113964e-5,2.599740616150196e-5,5.0754632645523454e-5
14.13,0.0127,0.480716289995901,1.7641248311614098e-5,1.764124827864047e-5,5.0754632645523454e-5
14.13,0.0127,0.789648183294706,9.817616039242031e-6,9.817615732030864e-6,5.0754632645523454e-5
14.13,0.0127,1.297114881182717,4.214744304705594e-6,4.214744070257365e-6,5.0754632645523454e-5
14.13,0.0127,2.1307045980472066,1.3043800453540393e-6,1.3043799831570512e-6,5.0754632645523454e-5
14.13,0.0127,3.5000000000000004,2.097091999959462e-7,2.0970919832937953e-7,5.0754632645523454e-5
14.13,0.0127,3.8,1.0820745588827807e-7,1.0820745402348596e-7,5.0754632645523454e-5
14.13,0.0127,3.98,3.049968675056653e-8,3.049968653087855e-8,5.0754632645523454e-5
14.13,0.0127,3.9998,3.01253425021384e-9,3.0125342441022385e-9,5.0754632645523454e-5
14.13,0.047,1.0000000000000001e-7,4.3883030022902546e-5,4.388303009232432e-5,4.388353140935077e-5
14.13,0.047,1.6426491045299075e-7,4.388282174299014e-5,4.3882821812409876e-5,4.388353140935077e-5
14.13,0.047,2.698296080612907e-7,4.388252694155375e-5,4.388252701097214e-5,4.388353140935077e-5
14.13,0.047,4.432353640575351e-7,4.3882109676182616e-5,4.388210974560519e-5,4.388353140935077e-5
14.13,0.047,7.280801738650976e-7,4.38815190727381e-5,4.3881519142173533e-5,4.388353140935077e-5
14.13,0.047,1.1959802456254818e-6,4.388068312130219e-5,4.388068319075955e-5,4.388353140935077e-5
14.13,0.047,1.9645758795121526e-6,4.387949989321119e-5,4.387949996269753e-5,4.388353140935077e-5
14.13,0.047,3.227108809261693e-6,4.387782510565264e-5,4.3877825175167915e-5,4.388353140935077e-5
14.13,0.047,5.301007395754297e-6,4.387545451147526e-5,4.3875454581006974e-5,4.388353140935077e-5
14.13,0.047,8.707695051742211e-6,4.3872098952888136e-5,4.387209902240853e-5,4.388353140935077e-5
14.13,0.047,1.4303687479263852e-5,4.386734900490741e-5,4.386734907438245e-5,4.388353140935077e-5
14.13,0.047,2.3495939429288417e-5,4.386062482336647e-5,4.386062489279807e-5,4.388353140935077e-5
14.13,0.047,3.8595583863609565e-5,4.385110491380228e-5,4.38511049833119e-5,4.388353140935077e-5
14.13,0.047,6.33990012723672e-5,4.3837624754543334e-5,4.3837624824334844e-5,4.388353140935077e-5
14.13,0.047,0.00010414231266814445,4.3818532055653576e-5,4.381853212596513e-5,4.388353140935077e-5
14.13,0.047,0.00017106927664800093,4.379147909219818e-5,4.37914791632451e-5,4.388353140935077e-5
14.13,0.047,0.00028100679409841776,4.375312256037005e-5,4.375312263224468e-5,4.388353140935077e-5
14.13,0.047,0.00046159555869258604,4.36986851109227e-5,4.369868518344549e-5,4.388353140935077e-5
14.13,0.047,0.0007582395311413588,4.3621305173081976e-5,4.3621305245641956e-5,4.388353140935077e-5
14.13,0.047,0.00124552148684853,4.3511053702323855e-5,4.3511053773897645e-5,4.388353140935077e-5
14.13,0.047,0.002045954755044497,4.335341141056607e-5,4.335341148068206e-5,4.388353140935077e-5
14.13,0.047,0.0033607857462825456,4.3126849603995114e-5,4.312684967634186e-5,4.388353140935077e-5
14.13,0.047,0.005520591696647901,4.27989007323661e-5,4.279890081701682e-5,4.388353140935077e-5
14.13,0.047,0.009068395006973916,4.2319703740294364e-5,4.231970385504304e-5,4.388353140935077e-5
14.13,0.047,0.01489619093772919,4.1611514704808856e-5,4.161151487461994e-5,4.388353140935077e-5
14.13,0.047,0.024469214704767362,4.0552503994133876e-5,4.0552504240740736e-5,4.388353140935077e-5
14.13,0.047,0.04019433362333615,3.895484511072278e-5,3.8954845426298386e-5,4.388353140935077e-5
14.13,0.047,0.06602518613354949,3.654469721852666e-5,3.654469753694694e-5,4.388353140935077e-5
14.13,0.047,0.1084562128786955,3.2972625085562354e-5,3.297262530692479e-5,4.388353140935077e-5
14.13,0.047,0.17815550096589414,2.7920388073744208e-5,2.7920388186135746e-5,4.388353140935077e-5
14.13,0.047,0.292646974128703,2.1385749600854857e-5,2.1385749717202646e-5,4.388353140935077e-5
14.13,0.047,0.480716289995901,1.4083155012446413e-5,1.4083155067513132e-5,4.388353140935077e-5
14.13,0.047,0.789648183294706,7.495696685967987e-6,7.495696543619058e-6,4.388353140935077e-5
14.13,0.047,1.297114881182717,3.0239976343885267e-6,3.0239974317173034e-6,4.388353140935077e-5
14.13,0.047,2.1307045980472066,8.644840508615782e-7,8.644839558526575e-7,4.388353140935077e-5
14.13,0.047,3.5000000000000004,1.272600729923793e-7,1.2726006567299165e-7,4.388353140935077e-5
14.13,0.047,3.8,6.474242266138845e-8,6.47424197984967e-8,4.388353140935077e-5
14.13,0.047,3.98,1.8107346219127743e-8,1.8107346197262895e-8,4.388353140935077e-5
14.13,0.047,3.9998,1.787039063930919e-9,1.7870390564296234e-9,4.388353140935077e-5
14.13,0.173,1.0000000000000001e-7,2.7251013215171718e-5,2.7251013224370035e-5,2.7251384282739714e-5
14.13,0.173,1.6426491045299075e-7,2.7250859070678077e-5,2.7250859079879125e-5,2.7251384282739714e-5
14.13,0.173,2.698296080612907e-7,2.725064089294177e-5,2.725064090214435e-5,2.7251384282739714e-5
14.13,0.173,4.432353640575351e-7,2.725033208140335e-5,2.7250332090605e-5,2.7251384282739714e-5
14.13,0.173,7.280801738650976e-7,2.7249894984526363e-5,2.7249894993724988e-5,2.7251384282739714e-5
14.13,0.173,1.1959802456254818e-6,2.7249276307942302e-5,2.7249276317140216e-5,2.7251384282739714e-5
14.13,0.173,1.9645758795121526e-6,2.7248400613538098e-5,2.7248400622748487e-5,2.7251384282739714e-5
14.13,0.173,3.227108809261693e-6,2.7247161114410074e-5,2.7247161123651468e-5,2.7251384282739714e-5
14.13,0.173,5.301007395754297e-6,2.7245406637691964e-5,2.7245406646984397e-5,2.7251384282739714e-5
14.13,0.173,8.707695051742211e-6,2.7242923152668056e-5,2.7242923162026882e-5,2.7251384282739714e-5
14.13,0.173,1.4303687479263852e-5,2.7239407582161975e-5,2.7239407591588554e-5,2.7251384282739714e-5
14.13,0.173,2.3495939429288417e-5,2.7234430636197587e-5,2.7234430645668072e-5,2.7251384282739714e-5
14.13,0.173,3.8595583863609565e-5,2.722738398232627e-5,2.722738399178712e-5,2.7251384282739714e-5
14.13,0.173,6.33990012723672e-5,2.7217404963814283e-5,2.72174049732042e-5,2.7251384282739714e-5
14.13,0.173,0.00010414231266814445,2.7203268908148977e-5,2.7203268917498858e-5,2.7251384282739714e-5
14.13,0.173,0.00017106927664800093,2.718323416405327e-5,2.7183234173660898e-5,2.7251384282739714e-5
14.13,0.173,0.00028100679409841776,2.715481716107972e-5,2.715481717144095e-5,2.7251384282739714e-5
14.13,0.173,0.00046159555869258604,2.711446177811334e-5,2.711446178986913e-5,2.7251384282739714e-5
14.13,0.173,0.0007582395311413588,2.7057044983684263e-5,2.705704499755118e-5,2.7251384282739714e-5
14.13,0.173,0.00124552148684853,2.6975121396289307e-5,2.6975121412863614e-5,2.7251384282739714e-5
14.13,0.173,0.002045954755044497,2.6857739470214632e-5,2.685773948952536e-5,2.7251384282739714e-5
14.13,0.173,0.0033607857462825456,2.6688539340181466e-5,2.6688539360926818e-5,2.7251384282739714e-5
14.13,0.173,0.005520591696647901,2.64426383647598e-5,2.6442638383903352e-5,2.7251384282739714e-5
14.13,0.173,0.009068395006973916,2.6081513060154227e-5,2.6081513076688577e-5,2.7251384282739714e-5
14.13,0.173,0.01489619093772919,2.5544793265155577e-5,2.554479329546303e-5,2.7251384282739714e-5
14.13,0.173,0.024469214704767362,2.4738087221085087e-5,2.4738087305466397e-5,2.7251384282739714e-5
14.13,0.173,0.04019433362333615,2.3518216688994853e-5,2.3518216881942185e-5,2.7251384282739714e-5
14.13,0.173,0.06602518613354949,2.1685240159051584e-5,2.168524049122895e-5,2.7251384282739714e-5
14.13,0.173,0.1084562128786955,1.9009597552617224e-5,1.9009597968249017e-5,2.7251384282739714e-5
14.13,0.173,0.17815550096589414,1.534832412622876e-5,1.534832447331619e-5,2.7251384282739714e-5
14.13,0.173,0.292646974128703,1.0886215893314094e-5,1.088621606011381e-5,2.7251384282739714e-5
14.13,0.173,0.480716289995901,6.359232043541093e-6,6.3592320986721065e-6,2.7251384282739714e-5
14.13,0.173,0.789648183294706,2.832270134157834e-6,2.832270174972848e-6,2.7251384282739714e-5
14.13,0.173,1.297114881182717,8.90717020048019e-7,8.907170291338202e-7,2.7251384282739714e-5
14.13,0.173,2.1307045980472066,1.8492420106942857e-7,1.8492419060467567e-7,2.7251384282739714e-5
14.13,0.173,3.5000000000000004,1.9072997627419824e-8,1.9072995475022393e-8,2.7251384282739714e-5
14.13,0.173,3.8,9.172304227423484e-9,9.172303843321553e-9,2.7251384282739714e-5
14.13,0.173,3.98,2.4879290222759088e-9,2.487928979913224e-9,2.7251384282739714e-5
14.13,0.173,3.9998,2.4474432786267674e-10,2.4474432249243626e-10,2.7251384282739714e-5
14.13,0.61,1.0000000000000001e-7,8.559705690015518e-6,8.55970568993987e-6,8.559892045655405e-6
14.13,0.61,1.6426491045299075e-7,8.559628276193578e-6,8.559628276119873e-6,8.559892045655405e-6
14.13,0.61,2.698296080612907e-7,8.559518703633504e-6,8.559518703561862e-6,8.559892045655405e-6
14.13,0.61,4.432353640575351e-7,8.559363612725106e-6,8.559363612654908e-6,8.559892045655405e-6
14.13,0.61,7.280801738650976e-7,8.559144093338438e-6,8.559144093267956e-6,8.559892045655405e-6
14.13,0.61,1.1959802456254818e-6,8.558833377996063e-6,8.55883337792275e-6,8.559892045655405e-6
14.13,0.61,1.9645758795121526e-6,8.55839357533704e-6,8.558393575259982e-6,8.559892045655405e-6
14.13,0.61,3.227108809261693e-6,8.557771043343025e-6,8.557771043268574e-6,8.559892045655405e-6
14.13,0.61,5.301007395754297e-6,8.556889833022181e-6,8.556889832963533e-6,8.559892045655405e-6
14.13,0.61,8.707695051742211e-6,8.555642391314556e-6,8.555642391287463e-6,8.559892045655405e-6
14.13,0.61,1.4303687479263852e-5,8.553876362674565e-6,8.553876362693508e-6,8.559892045655405e-6
14.13,0.61,2.3495939429288417e-5,8.551375818948237e-6,8.551375819019564e-6,8.559892045655405e-6
14.13,0.61,3.8595583863609565e-5,8.547834491182074e-6,8.547834491294721e-6,8.559892045655405e-6
14.13,0.61,6.33990012723672e-5,8.542817431181584e-6,8.542817431298084e-6,8.559892045655405e-6
14.13,0.61,0.00010414231266814445,8.535705743552468e-6,8.535705743611265e-6,8.559892045655405e-6
14.13,0.61,0.00017106927664800093,8.525616144629436e-6,8.52561614458847e-6,8.559892045655405e-6
14.13,0.61,0.00028100679409841776,8.511282275973683e-6,8.511282275962411e-6,8.559892045655405e-6
14.13,0.61,0.00046159555869258604,8.490876341392648e-6,8.490876341802922e-6,8.559892045655405e-6
14.13,0.61,0.0007582395311413588,8.461734823271903e-6,8.461734824729325e-6,8.559892045655405e-6
14.13,0.61,0.00124552148684853,8.41992561901363e-6,8.419925622410581e-6,8.559892045655405e-6
14.13,0.61,0.002045954755044497,8.359547772274135e-6,8.359547778664787e-6,8.559892045655405e-6
14.13,0.61,0.0033607857462825456,8.27157923700063e-6,8.271579247080547e-6,8.559892045655405e-6
14.13,0.61,0.005520591696647901,8.141981813593742e-6,8.14198182643615e-6,8.559892045655405e-6
14.13,0.61,0.009068395006973916,7.9486834930017e-6,7.948683504476087e-6,8.559892045655405e-6
14.13,0.61,0.01489619093772919,7.657202160983076e-6,7.65720216536112e-6,8.559892045655405e-6
14.13,0.61,0.024469214704767362,7.215707370811792e-6,7.215707374550218e-6,8.559892045655405e-6
14.13,0.61,0.04019433362333615,6.553724354602129e-6,6.553724387501266e-6,8.559892045655405e-6
14.13,0.61,0.06602518613354949,5.5963382014077185e-6,5.5963382908718585e-6,8.559892045655405e-6
14.13,0.61,0.1084562128786955,4.314701511362222e-6,4.314701643399221e-6,8.559892045655405e-6
14.13,0.61,0.17815550096589414,2.8201657725457603e-6,2.820165880701217e-6,8.559892045655405e-6
14.13,0.61,0.292646974128703,1.42533604176752e-6,1.425336077521455e-6,8.559892045655405e-6
14.13,0.61,0.480716289995901,4.926158679284032e-7,4.926158637094389e-7,8.559892045655405e-6
14.13,0.61,0.789648183294706,1.0082582076262094e-7,1.0082581756286623e-7,8.559892045655405e-6
14.13,0.61,1.297114881182717,1.0657551827489994e-8,1.0657551641277943e-8,8.559892045655405e-6
14.13,0.61,2.1307045980472066,5.3171529797826e-10,5.317153042079311e-10,8.559892045655405e-6
14.13,0.61,3.5000000000000004,1.075197903533648e-11,1.0751972854173662e-11,8.559892045655405e-6
14.13,0.61,3.8,4.024744598566643e-12,4.024744646840157e-12,8.559892045655405e-6
14.13,0.61,3.98,9.563094215179386e-13,9.563095864428868e-13,8.559892045655405e-6
14.13,0.61,3.9998,9.27894862959477e-14,9.278948611619302e-14,8.559892045655405e-6
14.13,1.73,1.0000000000000001e-7,1.9392739597658723e-6,1.9392739607154864e-6,1.939362916592607e-6
14.13,1.73,1.6426491045299075e-7,1.939237005982158e-6,1.9392370069329418e-6,1.939362916592607e-6
14.13,1.73,2.698296080612907e-7,1.9391847006929996e-6,1.9391847016452353e-6,1.939362916592607e-6
14.13,1.73,4.432353640575351e-7,1.939110665932465e-6,1.9391106668861508e-6,1.939362916592607e-6
14.13,1.73,7.280801738650976e-7,1.9390058731822904e-6,1.939005874136927e-6,1.939362916592607e-6
14.13,1.73,1.1959802456254818e-6,1.9388575408823385e-6,1.9388575418368705e-6,1.939362916592607e-6
14.13,1.73,1.9645758795121526e-6,1.9386475721072544e-6,1.938647573060745e-6,1.939362916592607e-6
14.13,1.73,3.227108809261693e-6,1.938350339013422e-6,1.9383503399673623e-6,1.939362916592607e-6
14.13,1.73,5.301007395754297e-6,1.937929537300759e-6,1.9379295382618356e-6,1.939362916592607e-6
14.13,1.73,8.707695051742211e-6,1.9373337121613835e-6,1.937333713139186e-6,1.939362916592607e-6
14.13,1.73,1.4303687479263852e-5,1.9364898764005887e-6,1.936489877405959e-6,1.939362916592607e-6
14.13,1.73,2.3495939429288417e-5,1.9352943669299698e-6,1.935294367972484e-6,1.939362916592607e-6
14.13,1.73,3.8595583863609565e-5,1.9335996567662713e-6,1.933599657850053e-6,1.939362916592607e-6
14.13,1.73,6.33990012723672e-5,1.9311951452853886e-6,1.9311951464035784e-6,1.939362916592607e-6
14.13,1.73,0.00010414231266814445,1.9277787835295987e-6,1.927778784660421e-6,1.939362916592607e-6
14.13,1.73,0.00017106927664800093,1.9229143670680963e-6,1.922914368183851e-6,1.939362916592607e-6
14.13,1.73,0.00028100679409841776,1.915965731946594e-6,1.9159657330761526e-6,1.939362916592607e-6
14.13,1.73,0.00046159555869258604,1.9059926614364835e-6,1.9059926628210563e-6,1.939362916592607e-6
14.13,1.73,0.0007582395311413588,1.8915820612181716e-6,1.8915820633761973e-6,1.939362916592607e-6
14.13,1.73,0.00124552148684853,1.870569497584469e-6,1.8705695014133327e-6,1.939362916592607e-6
14.13,1.73,0.002045954755044497,1.839580334217672e-6,1.8395803410207022e-6,1.939362916592607e-6
14.13,1.73,0.0033607857462825456,1.7932984537979021e-6,1.7932984649370478e-6,1.939362916592607e-6
14.13,1.73,0.005520591696647901,1.723407713842208e-6,1.7234077297044844e-6,1.939362916592607e-6
14.13,1.73,0.009068395006973916,1.617411880743406e-6,1.6174118993358221e-6,1.939362916592607e-6
14.13,1.73,0.01489619093772919,1.458401065122713e-6,1.458401082418929e-6,1.939362916592607e-6
14.13,1.73,0.024469214704767362,1.2287895845484211e-6,1.2287896002388076e-6,1.939362916592607e-6
14.13,1.73,0.04019433362333615,9.23379553161634e-7,9.233795774075535e-7,1.939362916592607e-6
14.13,1.73,0.06602518613354949,5.735253515828279e-7,5.735253874217097e-7,1.939362916592607e-6
14.13,1.73,0.1084562128786955,2.6111812281426957e-7,2.611181541084864e-7,1.939362916592607e-6
14.13,1.73,0.17815550096589414,7.264762883571944e-8,7.264764160149433e-8,1.939362916592607e-6
14.13,1.73,0.292646974128703,9.5194161266558e-9,9.51941793022915e-9,1.939362916592607e-6
14.13,1.73,0.480716289995901,4.1703511591544455e-10,4.1703517908594037e-10,1.939362916592607e-6
14.13,1.73,0.789648183294706,4.111441756436443e-12,4.111442351226203e-12,1.939362916592607e-6
14.13,1.73,1.297114881182717,6.302285014520114e-15,6.3022866445447254e-15,1.939362916592607e-6
14.13,1.73,2.1307045980472066,1.1955272437034522e-18,1.1955277573004494e-18,1.939362916592607e-6
14.13,1.73,3.5000000000000004,2.781232256683285e-23,2.7812352859470727e-23,1.939362916592607e-6
14.13,1.73,3.8,3.520512178796661e-24,3.520548588945061e-24,1.939362916592607e-6
14.13,1.73,3.98,4.892091301765932e-25,4.891586563041012e-25,1.939362916592607e-6
14.13,1.73,3.9998,4.5024960394046997e-26,4.502017197041575e-26,1.939362916592607e-6
14.13,4.71,1.0000000000000001e-7,3.595459204379074e-7,3.5954642063331007e-7,3.5959131631479086e-7
14.13,4.71,1.6426491045299075e-7,3.5952706164553034e-7,3.595275620543869e-7,3.5959131631479086e-7
14.13,4.71,2.698296080612907e-7,3.595003674379781e-7,3.5950086814897397e-7,3.5959131631479086e-7
14.13,4.71,4.432353640575351e-7,3.594625811832975e-7,3.594630823219201e-7,3.5959131631479086e-7
14.13,4.71,7.280801738650976e-7,3.594090911598194e-7,3.594095929038841e-7,3.5959131631479086e-7
14.13,4.71,1.1959802456254818e-6,3.593333647311275e-7,3.593338673332009e-7,3.5959131631479086e-7
14.13,4.71,1.9645758795121526e-6,3.592261437614112e-7,3.592266475815758e-7,3.5959131631479086e-7
14.13,4.71,3.227108809261693e-6,3.590742974171804e-7,3.5907480297140523e-7,3.5959131631479086e-7
14.13,4.71,5.301007395754297e-6,3.5885917958791896e-7,3.588596876174963e-7,3.5959131631479086e-7
14.13,4.71,8.707695051742211e-6,3.585542619862179e-7,3.5855477356119214e-7,3.5959131631479086e-7
14.13,4.71,1.4303687479263852e-5,3.581216912342959e-7,3.5812220791404653e-7,3.5959131631479086e-7
14.13,4.71,2.3495939429288417e-5,3.5750721297120493e-7,3.575077370599261e-7,3.5959131631479086e-7
14.13,4.71,3.8595583863609565e-5,3.566325507538913e-7,3.566330857214266e-7,3.5959131631479086e-7
14.13,4.71,6.33990012723672e-5,3.553836970940761e-7,3.553842482930693e-7,3.5959131631479086e-7
14.13,4.71,0.00010414231266814445,3.53592445621136e-7,3.535930215439885e-7,3.5959131631479086e-7
14.13,4.71,0.00017106927664800093,3.510065066778454e-7,3.5100712119865025e-7,3.5959131631479086e-7
14.13,4.71,0.00028100679409841776,3.4724024269733645e-7,3.4724091907043315e-7,3.5959131631479086e-7
14.13,4.71,0.00046159555869258604,3.41693270918541e-7,3.41694048553925e-7,3.5959131631479086e-7
14.13,4.71,0.0007582395311413588,3.334196519717826e-7,3.334205969908947e-7,3.5959131631479086e-7
14.13,4.71,0.00124552148684853,3.2093470421480885e-7,3.2093592347789535e-7,3.5959131631479086e-7
14.13,4.71,0.002045954755044497,3.019872248720738e-7,3.019888773711527e-7,3.5959131631479086e-7
14.13,4.71,0.0033607857462825456,2.7346877427066475e-7,2.7347105934488413e-7,3.5959131631479086e-7
14.13,4.71,0.005520591696647901,2.319795381280184e-7,2.319826151012884e-7,3.5959131631479086e-7
14.13,4.71,0.009068395006973916,1.760566570997069e-7,1.7606044082338e-7,3.5959131631479086e-7
14.13,4.71,0.01489619093772919,1.1068959313532456e-7,1.1069347811538645e-7,3.5959131631479086e-7
14.13,4.71,0.024469214704767362,5.080347528192909e-8,5.080639054455966e-8,3.5959131631479086e-7
14.13,4.71,0.04019433362333615,1.3876106586236418e-8,1.3877405532966892e-8,3.5959131631479086e-7
14.13,4.71,0.06602518613354949,1.630545848377891e-9,1.6307937026917612e-9,3.5959131631479086e-7
14.13,4.71,0.1084562128786955,4.981487159241505e-11,4.982708004574521e-11,3.5959131631479086e-7
14.13,4.71,0.17815550096589414,1.8580396899502516e-13,1.8587660535987853e-13,3.5959131631479086e-7
14.13,4.71,0.292646974128703,2.8868417607573156e-17,2.888614169084494e-17,3.5959131631479086e-7
14.13,4.71,0.480716289995901,4.586238938026085e-23,4.59056597610948e-23,3.5959131631479086e-7
14.13,4.71,0.789648183294706,1.5001523401498224e-31,1.5022653318726518e-31,3.5959131631479086e-7
14.13,4.71,1.297114881182717,2.3373430328072948e-43,2.3420844937780037e-43,3.5959131631479086e-7
14.13,4.71,2.1307045980472066,7.3794679856488515e-59,7.400168948114183e-59,3.5959131631479086e-7
14.13,4.71,3.5000000000000004,5.20025230255049e-78,5.225554495702917e-78,3.5959131631479086e-7
14.13,4.71,3.8,1.6420140113230258e-81,1.648024323863958e-81,3.5959131631479086e-7
14.13,4.71,3.98,1.1046523884229803e-83,1.1332526964236175e-83,3.5959131631479086e-7
14.13,4.71,3.9998,7.820713194577164e-85,8.034238858442851e-85,3.5959131631479086e-7
14.69,0.00113,1.0000000000000001e-7,0.00022586070840651797,0.00022586070910622319,0.00022586659678925424
14.69,0.00113,1.6426491045299075e-7,0.0002258582623150061,0.00022585826301560867,0.00022586659678925424
14.69,0.00113,2.698296080612907e-7,0.00022585480007913922,0.0002258548007810251,0.00022586659678925424
14.69,0.00113,4.432353640575351e-7,0.00022584989955825089,0.00022584990026194198,0.00022586659678925424
14.69,0.00113,7.280801738650976e-7,0.00022584296321593187,0.0002258429639221297,0.00022586659678925424
14.69,0.00113,1.1959802456254818e-6,0.00022583314521301473,0.00022583314592265673,0.00022586659678925424
14.69,0.00113,1.9645758795121526e-6,0.00022581924815417634,0.000225819248868553,0.00022586659678925424
14.69,0.00113,3.227108809261693e-6,0.00022579957680414855,0.00022579957752511746,0.00022586659678925424
14.69,0.00113,5.301007395754297e-6,0.00022577173072063829,0.00022577173145105165,0.00022586659678925424
14.69,0.00113,8.707695051742211e-6,0.00022573231002526932,0.00022573231076965155,0.00022586659678925424
14.69,0.00113,1.4303687479263852e-5,0.00022567649731403195,0.00022567649807890032,0.00022586659678925424
14.69,0.00113,2.3495939429288417e-5,0.00022559746219223613,0.00022559746298662431,0.00022586659678925424
14.69,0.00113,3.8595583863609565e-5,0.00022548551013328445,0.00022548551096953644,0.00022586659678925424
14.69,0.00113,6.33990012723672e-5,0.00022532685919386528,0.000225326860088748,0.00022586659678925424
14.69,0.00113,0.00010414231266814445,0.00022510186743235453,0.00022510186840875993,0.00022586659678925424
14.69,0.00113,0.00017106927664800093,0.00022478243385060592,0.00022478243494051538,0.00022586659678925424
14.69,0.00113,0.00028100679409841776,0.00022432812489375567,0.00022432812614408027,0.00022586659678925424
14.69,0.00113,0.00046159555869258604,0.00022368027863482474,0.00022368028012054468,0.00022586659678925424
14.69,0.00113,0.0007582395311413588,0.00022275280482070335,0.0002227528066731949,0.00022586659678925424
14.69,0.00113,0.00124552148684853,0.0002214174565389906,0.00022141745897767042,0.00022586659678925424
14.69,0.00113,0.002045954755044497,0.00021947975718996588,0.00021947976057157525,0.00022586659678925424
14.69,0.00113,0.0033607857462825456,0.00021663935766735927,0.00021663936256205885,0.00022586659678925424
14.69,0.00113,0.005520591696647901,0.00021242590630546427,0.00021242591358792666,0.00022586659678925424
14.69,0.00113,0.009068395006973916,0.00020610177080879435,0.00020610178173932365,0.00022586659678925424
14.69,0.00113,0.01489619093772919,0.00019653715673207127,0.0001965371729978857,0.00022586659678925424
14.69,0.00113,0.024469214704767362,0.00018211911680422375,0.00018211914050216796,0.00022586659678925424
14.69,0.00113,0.04019433362333615,0.00016089998391673622,0.0001609000173250444,0.00022586659678925424
14.69,0.00113,0.06602518613354949,0.00013142109995251746,0.00013142114413962366,0.00022586659678925424
14.69,0.00113,0.1084562128786955,9.463834968905313e-5,9.463840002356554e-5,0.00022586659678925424
14.69,0.00113,0.17815550096589414,5.613894087720293e-5,5.613898510639757e-5,0.00022586659678925424
14.69,0.00113,0.292646974128703,2.51377311078661e-5,2.513775799914552e-5,0.00022586659678925424
14.69,0.00113,0.480716289995901,7.720660746502611e-6,7.72067101151868e-6,0.00022586659678925424
14.69,0.00113,0.789648183294706,1.499759370803318e-6,1.4997616408883677e-6,0.00022586659678925424
14.69,0.00113,1.297114881182717,1.7722138137454675e-7,1.7722165104484828e-7,0.00022586659678925424
14.69,0.00113,2.1307045980472066,1.291347962176579e-8,1.2913494778214983e-8,0.00022586659678925424
14.69,0.00113,3.5000000000000004,5.055625795807161e-10,5.055626674622003e-10,0.00022586659678925424
14.69,0.00113,3.8,2.1268883012789016e-10,2.126888375106663e-10,0.00022586659678925424
14.69,0.00113,3.98,5.379840928224463e-11,5.379839180102107e-11,0.00022586659678925424
14.69,0.00113,3.9998,5.254129745600393e-12,5.254127707929275e-12,0.00022586659678925424
14.69,0.0037,1.0000000000000001e-7,0.0002233566794045198,0.0002233566793964055,0.00022336252486815865
14.69,0.0037,1.6426491045299075e-7,0.00022335425114194187,0.00022335425113388313,0.00022336252486815865
14.69,0.0037,2.698296080612907e-7,0.0002233508141413237,0.000223350814133361,0.00022336252486815865
14.69,0.0037,4.432353640575351e-7,0.00022334594933869943,0.0002233459493308615,0.00022336252486815865
14.69,0.0037,7.280801738650976e-7,0.0002233390635525299,0.0002233390635448214,0.00022336252486815865
14.69,0.0037,1.1959802456254818e-6,0.00022332931710776117,0.00022332931710013521,0.00022336252486815865
14.69,0.0037,1.9645758795121526e-6,0.00022331552133426173,0.0002233155213266084,0.00022336252486815865
14.69,0.0037,3.227108809261693e-6,0.00022329599334753095,0.00022329599333971887,0.00022336252486815865
14.69,0.0037,5.301007395754297e-6,0.00022326835018911202,0.0002232683501811596,0.00022336252486815865
14.69,0.0037,8.707695051742211e-6,0.00022322921673309003,0.00022322921672550733,0.00022336252486815865
14.69,0.0037,1.4303687479263852e-5,0.00022317381062345526,0.00022317381061709842,0.00022336252486815865
14.69,0.0037,2.3495939429288417e-5,0.00022309535110311813,0.00022309535109898512,0.00022336252486815865
14.69,0.0037,3.8595583863609565e-5,0.00022298421397290945,0.00022298421397190103,0.00022336252486815865
14.69,0.0037,6.33990012723672e-5,0.00022282671699236028,0.000222826716994872,0.00022336252486815865
14.69,0.0037,0.00010414231266814445,0.00022260335970896025,0.00022260335971430344,0.00022336252486815865
14.69,0.0037,0.00017106927664800093,0.000222286242233352,0.00022228624223919415,0.00022336252486815865
14.69,0.0037,0.00028100679409841776,0.0002218352175863696,0.00022183521758897094,0.00022336252486815865
14.69,0.0037,0.00046159555869258604,0.00022119203383500212,0.00022119203383307785,0.00022336252486815865
14.69,0.0037,0.0007582395311413588,0.00022027119091941634,0.00022027119092753083,0.00022336252486815865
14.69,0.0037,0.00124552148684853,0.00021894529949524665,0.0002189452995513626,0.00022336252486815865
14.69,0.0037,0.002045954755044497,0.00021702114622109108,0.0002170211463919917,0.00022336252486815865
14.69,0.0037,0.0033607857462825456,0.00021420027880725956,0.00021420027919164826,0.00022336252486815865
14.69,0.0037,0.005520591696647901,0.00021001526529520258,0.00021001526599773228,0.00022336252486815865
14.69,0.0037,0.009068395006973916,0.00020373309802360943,0.0002037330990693108,0.00022336252486815865
14.69,0.0037,0.01489619093772919,0.00019423150312796827,0.0001942315043299861,0.00022336252486815865
14.69,0.0037,0.024469214704767362,0.00017990990064812183,0.00017990990159756317,0.00022336252486815865
14.69,0.0037,0.04019433362333615,0.00015884039234747617,0.00015884039285098613,0.00022336252486815865
14.69,0.0037,0.06602518613354949,0.0001295923983510953,0.00012959239910259504,0.00022336252486815865
14.69,0.0037,0.1084562128786955,9.314944740725755e-5,9.31494487846728e-5,0.00022336252486815865
14.69,0.0037,0.17815550096589414,5.5094236069430156e-5,5.5094237018019e-5,0.00022336252486815865
14.69,0.0037,0.292646974128703,2.456001118417193e-5,2.4560011064007646e-5,0.00022336252486815865
14.69,0.0037,0.480716289995901,7.494417414596616e-6,7.494417069097812e-6,0.00022336252486815865
14.69,0.0037,0.789648183294706,1.4428937943697067e-6,1.4428936911005986e-6,0.00022336252486815865
14.69,0.0037,1.297114881182717,1.6855344462023324e-7,1.685534310338421e-7,0.00022336252486815865
14.69,0.0037,2.1307045980472066,1.2113153358980145e-8,1.2113152094206807e-8,0.00022336252486815865
14.69,0.0037,3.5000000000000004,4.673402453386783e-10,4.673402648039117e-10,0.00022336252486815865
14.69,0.0037,3.8,1.9618708211164093e-10,1.961871236139272e-10,0.00022336252486815865
14.69,0.0037,3.98,4.956865149305401e-11,4.956865212550497e-11,0.00022336252486815865
14.69,0.0037,3.9998,4.8404744596621655e-12,4.8404743296761945e-12,0.00022336252486815865
14.69,0.0127,1.0000000000000001e-7,0.00021487713537315467,0.0002148771353640439,0.00021488283439075547
14.69,0.0127,1.6426491045299075e-7,0.00021487476794542458,0.00021487476793635992,0.00021488283439075547
14.69,0.0127,2.698296080612907e-7,0.0002148714170510493,0.000214871417042075,0.00021488283439075547
14.69,0.0127,4.432353640575351e-7,0.00021486667412420253,0.00021486667411535493,0.00021488283439075547
14.69,0.0127,7.280801738650976e-7,0.00021485996084278096,0.0002148599608340751,0.00021488283439075547
14.69,0.0127,1.1959802456254818e-6,0.00021485045856456373,0.00021485045855596871,0.00021488283439075547
14.69,0.0127,1.9645758795121526e-6,0.0002148370083910216,0.00021483700838243827,0.00021488283439075547
14.69,0.0127,3.227108809261693e-6,0.00021481796958025133,0.00021481796957153218,0.00021488283439075547
14.69,0.0127,5.301007395754297e-6,0.0002147910188311941,0.0002147910188222657,0.00021488283439075547
14.69,0.0127,8.707695051742211e-6,0.00021475286547700595,0.00021475286546822797,0.00021488283439075547
14.69,0.0127,1.4303687479263852e-5,0.00021469884675081916,0.00021469884674303974,0.00021488283439075547
14.69,0.0127,2.3495939429288417e-5,0.00021462235126702806,0.00021462235126130404,0.00021488283439075547
14.69,0.0127,3.8595583863609565e-5,0.00021451399479590044,0.0002145139947932939,0.00021488283439075547
14.69,0.0127,6.33990012723672e-5,0.00021436043530269423,0.00021436043530389097,0.00021488283439075547
14.69,0.0127,0.00010414231266814445,0.00021414265512904513,0.00021414265513376902,0.00021488283439075547
14.69,0.0127,0.00017106927664800093,0.0002138334406292797,0.0002138334406355965,0.00021488283439075547
14.69,0.0127,0.00028100679409841776,0.00021339362273870789,0.00021339362274275556,0.00021488283439075547
14.69,0.0127,0.00046159555869258604,0.00021276634867054985,0.00021276634866882979,0.00021488283439075547
14.69,0.0127,0.0007582395311413588,0.0002118681326482685,0.00021186813264929577,0.00021488283439075547
14.69,0.0127,0.00124552148684853,0.00021057451259494535,0.00021057451263348313,0.00021488283439075547
14.69,0.0127,0.002045954755044497,0.00020869658832737274,0.00020869658846925943,0.00021488283439075547
14.69,0.0127,0.0033607857462825456,0.000205942386418824,0.000205942386767793,0.00021488283439075547
14.69,0.0127,0.005520591696647901,0.00020185445332151312,0.00020185445400035807,0.00021488283439075547
14.69,0.0127,0.009068395006973916,0.00019571559851786277,0.00019571559958823643,0.00021488283439075547
14.69,0.0127,0.01489619093772919,0.00018642929166081141,0.00018642929297784793,0.00021488283439075547
14.69,0.0127,0.024469214704767362,0.00017243731336009954,0.00017243731450291818,0.00021488283439075547
14.69,0.0127,0.04019433362333615,0.00015187945732763776,0.00015187945793657551,0.00021488283439075547
14.69,0.0127,0.06602518613354949,0.0001234210080165579,0.0001234210085388662,0.00021488283439075547
14.69,0.0127,0.1084562128786955,8.813869646724929e-5,8.81386975195577e-5,0.00021488283439075547
14.69,0.0127,0.17815550096589414,5.1595845999752555e-5,5.1595846815790304e-5,0.00021488283439075547
14.69,0.0127,0.292646974128703,2.2641574393149776e-5,2.2641574304337724e-5,0.00021488283439075547
14.69,0.0127,0.480716289995901,6.752882046731944e-6,6.752881733855562e-6,0.00021488283439075547
14.69,0.0127,0.789648183294706,1.2599622909737377e-6,1.2599621928268844e-6,0.00021488283439075547
14.69,0.0127,1.297114881182717,1.413472560196374e-7,1.4134724221156366e-7,0.00021488283439075547
14.69,0.0127,2.1307045980472066,9.674943258602877e-9,9.674941741204843e-9,0.00021488283439075547
14.69,0.0127,3.5000000000000004,3.5449951503936576e-10,3.544995323938244e-10,0.00021488283439075547
14.69,0.0127,3.8,1.4769503535474956e-10,1.4769507237026927e-10,0.00021488283439075547
14.69,0.0127,3.98,3.716924673109944e-11,3.716924578904155e-11,0.00021488283439075547
14.69,0.0127,3.9998,3.6281624016145866e-12,3.6281622541634212e-12,0.00021488283439075547
14.69,0.047,1.0000000000000001e-7,0.0001862766626779534,0.0001862766627036209,0.00018628185410361889
14.69,0.047,1.6426491045299075e-7,0.00018627450610794985,0.00018627450613360077,0.00018628185410361889
14.69,0.047,2.698296080612907e-7,0.00018627145366368358,0.00018627145368933822,0.00018628185410361889
14.69,0.047,4.432353640575351e-7,0.00018626713316660486,0.00018626713319232948,0.00018628185410361889
14.69,0.047,7.280801738650976e-7,0.00018626101779844995,0.00018626101782433184,0.00018628185410361889
14.69,0.047,1.1959802456254818e-6,0.00018625236181828722,0.00018625236184441395,0.00018628185410361889
14.69,0.047,1.9645758795121526e-6,0.0001862401095181254,0.0001862401095445543,0.00018628185410361889
14.69,0.047,3.227108809261693e-6,0.00018622276622550036,0.00018622276625221301,0.00018628185410361889
14.69,0.047,5.301007395754297e-6,0.00018619821541673734,0.00018619821544359048,0.00018628185410361889
14.69,0.047,8.707695051742211e-6,0.00018616345916775196,0.00018616345919446868,0.00018628185410361889
14.69,0.047,1.4303687479263852e-5,0.00018611424922026598,0.00018611424924659006,0.00018628185410361889
14.69,0.047,2.3495939429288417e-5,0.00018604456125254496,0.0001860445612788054,0.00018628185410361889
14.69,0.047,3.8595583863609565e-5,0.0001859458428112838,0.00018594584283902166,0.00018628185410361889
14.69,0.047,6.33990012723672e-5,0.00018580593110100916,0.00018580593113247642,0.00018628185410361889
14.69,0.047,0.00010414231266814445,0.0001856074820141867,0.00018560748205205833,0.00018628185410361889
14.69,0.047,0.00017106927664800093,0.0001853256608474503,0.00018532566089431897,0.00018628185410361889
14.69,0.047,0.00028100679409841776,0.00018492468897426685,0.0001849246890316059,0.00018628185410361889
14.69,0.047,0.00046159555869258604,0.0001843525654094205,0.0001843525654757363,0.00018628185410361889
14.69,0.047,0.0007582395311413588,0.00018353279161389664,0.000183532791682308,0.00018628185410361889
14.69,0.047,0.00124552148684853,0.00018235106545372824,0.00018235106551261002,0.00018628185410361889
14.69,0.047,0.002045954755044497,0.00018063347061898947,0.00018063347067295924,0.00018628185410361889
14.69,0.047,0.0033607857462825456,0.000178110573805407,0.00017811057393578514,0.00018628185410361889
14.69,0.047,0.005520591696647901,0.00017435971072575124,0.0001743597111146487,0.00018628185410361889
14.69,0.047,0.009068395006973916,0.0001687189932029546,0.00016871899412897534,0.00018628185410361889
14.69,0.047,0.01489619093772919,0.000160182184442111,0.00016018218616932126,0.00018628185410361889
14.69,0.047,0.024469214704767362,0.0001473399853081349,0.00014733998780713106,0.00018628185410361889
14.69,0.047,0.04019433362333615,0.0001285698669670985,0.00012856986964011825,0.00018628185410361889
14.69,0.047,0.06602518613354949,0.0001028699145449738,0.00010286991647103237,0.00018628185410361889
14.69,0.047,0.1084562128786955,7.162470004622036e-5,7.162470093534663e-5,0.00018628185410361889
14.69,0.047,0.17815550096589414,4.027846839925291e-5,4.0278468860415705e-5,0.00018628185410361889
14.69,0.047,0.292646974128703,1.6625844737970943e-5,1.6625844960146862e-5,0.00018628185410361889
14.69,0.047,0.480716289995901,4.5368914822033285e-6,4.536891442723125e-6,0.00018628185410361889
14.69,0.047,0.789648183294706,7.492813468620377e-7,7.492813042103054e-7,0.00018628185410361889
14.69,0.047,1.297114881182717,7.182269660255441e-8,7.182268685547422e-8,0.00018628185410361889
14.69,0.047,2.1307045980472066,4.0670943826153564e-9,4.067092446469016e-9,0.00018628185410361889
14.69,0.047,3.5000000000000004,1.2181341789989715e-10,1.2181339197439986e-10,0.00018628185410361889
14.69,0.047,3.8,4.927346634785337e-11,4.92734784504569e-11,0.00018628185410361889
14.69,0.047,3.98,1.2210736025685007e-11,1.2210740149937024e-11,0.00018628185410361889
14.69,0.047,3.9998,1.1900188530638446e-12,1.1900195076180727e-12,0.00018628185410361889
14.69,0.173,1.0000000000000001e-7,0.00011666208189394574,0.00011666208185278009,0.00011666592398174751
14.69,0.173,1.6426491045299075e-7,0.00011666048584962821,0.00011666048580848807,0.00011666592398174751
14.69,0.173,2.698296080612907e-7,0.00011665822677896341,0.00011665822673783401,0.00011666592398174751
14.69,0.173,4.432353640575351e-7,0.00011665502923216439,0.000116655029191024,0.00011666592398174751
14.69,0.173,7.280801738650976e-7,0.00011665050330430671,0.00011665050326314126,0.00011666592398174751
14.69,0.173,1.1959802456254818e-6,0.00011664409704898222,0.00011664409700784603,0.00011666592398174751
14.69,0.173,1.9645758795121526e-6,0.00011663502907121936,0.00011663502903025944,0.00011666592398174751
14.69,0.173,3.227108809261693e-6,0.00011662219299764713,0.00011662219295705087,0.00011666592398174751
14.69,0.173,5.301007395754297e-6,0.00011660402198584854,0.00011660402194580719,0.00011666592398174751
14.69,0.173,8.707695051742211e-6,0.00011657829631974651,0.00011657829628038992,0.00011666592398174751
14.69,0.173,1.4303687479263852e-5,0.00011654186965110056,0.00011654186961240355,0.00011666592398174751
14.69,0.173,2.3495939429288417e-5,0.00011649027830172316,0.00011649027826340672,0.00011666592398174751
14.69,0.173,3.8595583863609565e-5,0.00011641718105783739,0.00011641718101936444,0.00011666592398174751
14.69,0.173,6.33990012723672e-5,0.00011631355022406841,0.00011631355018499378,0.00011666592398174751
14.69,0.173,0.00010414231266814445,0.00011616649134895719,0.0001161664913103024,0.00011666592398174751
14.69,0.173,0.00017106927664800093,0.0001159574959248508,0.00011595749589059187,0.00011666592398174751
14.69,0.173,0.00028100679409841776,0.00011565980408915339,0.00011565980406574076,0.00011666592398174751
14.69,0.173,0.00046159555869258604,0.0001152343282029667,0.0001152343281996725,0.00011666592398174751
14.69,0.173,0.0007582395311413588,0.00011462318574768524,0.00011462318577627092,0.00011666592398174751
14.69,0.173,0.00124552148684853,0.00011373919320299348,0.00011373919327455421,0.00011666592398174751
14.69,0.173,0.002045954755044497,0.00011244855535737271,0.0001124485554732305,0.00011666592398174751
14.69,0.173,0.0033607857462825456,0.00011054250690771077,0.00011054250704489969,0.00011666592398174751
14.69,0.173,0.005520591696647901,0.00010769276433922242,0.00010769276445335026,0.00011666592398174751
14.69,0.173,0.009068395006973916,0.00010338908982894507,0.00010338908995664444,0.00011666592398174751
14.69,0.173,0.01489619093772919,9.687583709795852e-5,9.687583754552704e-5,0.00011666592398174751
14.69,0.173,0.024469214704767362,8.716046895394692e-5,8.716047014666432e-5,0.00011666592398174751
14.69,0.173,0.04019433362333615,7.328140850120905e-5,7.328141057749613e-5,0.00011666592398174751
14.69,0.173,0.06602518613354949,5.511860268098569e-5,5.5118605049329286e-5,0.00011666592398174751
14.69,0.173,0.1084562128786955,3.470236315061732e-5,3.470236476758523e-5,0.00011666592398174751
14.69,0.173,0.17815550096589414,1.664487071284606e-5,1.6644871258876343e-5,0.00011666592398174751
14.69,0.173,0.292646974128703,5.394321404871015e-6,5.39432149770726e-6,0.00011666592398174751
14.69,0.173,0.480716289995901,1.0366223534713317e-6,1.0366223825170406e-6,0.00011666592398174751
14.69,0.173,0.789648183294706,1.0587875537878263e-7,1.0587876083307443e-7,0.00011666592398174751
14.69,0.173,1.297114881182717,5.463969132359004e-9,5.463969321313634e-9,0.00011666592398174751
14.69,0.173,2.1307045980472066,1.4640759226891913e-10,1.4640755615841008e-10,0.00011666592398174751
14.69,0.173,3.5000000000000004,1.9564041551726867e-12,1.956401356138196e-12,0.00011666592398174751
14.69,0.173,3.8,7.030808180522648e-13,7.030804773092326e-13,0.00011666592398174751
14.69,0.173,3.98,1.6393176491154385e-13,1.6393209881360368e-13,0.00011666592398174751
14.69,0.173,3.9998,1.5876684393550947e-14,1.5876714989540073e-14,0.00011666592398174751
14.69,0.61,1.0000000000000001e-7,3.7249839013822945e-5,3.724983901266987e-5,3.725176857187346e-5
14.69,0.61,1.6426491045299075e-7,3.724903744896739e-5,3.724903744783417e-5,3.725176857187346e-5
14.69,0.61,2.698296080612907e-7,3.724790289159608e-5,3.724790289048279e-5,3.725176857187346e-5
14.69,0.61,4.432353640575351e-7,3.724629699224874e-5,3.724629699114684e-5,3.725176857187346e-5
14.69,0.61,7.280801738650976e-7,3.7244023901383806e-5,3.7244023900275216e-5,3.725176857187346e-5
14.69,0.61,1.1959802456254818e-6,3.72408063460957e-5,3.7240806344958546e-5,3.725176857187346e-5
14.69,0.61,1.9645758795121526e-6,3.723625172069833e-5,3.7236251719539046e-5,3.725176857187346e-5
14.69,0.61,3.227108809261693e-6,3.722980398107382e-5,3.7229803979979365e-5,3.725176857187346e-5
14.69,0.61,5.301007395754297e-6,3.7220675305494656e-5,3.722067530460319e-5,3.725176857187346e-5
14.69,0.61,8.707695051742211e-6,3.720774880077956e-5,3.72077488002491e-5,3.725176857187346e-5
14.69,0.61,1.4303687479263852e-5,3.71894395172247e-5,3.718943951719217e-5,3.725176857187346e-5
14.69,0.61,2.3495939429288417e-5,3.716349487630646e-5,3.716349487681931e-5,3.725176857187346e-5
14.69,0.61,3.8595583863609565e-5,3.7126705865033446e-5,3.712670586595522e-5,3.725176857187346e-5
14.69,0.61,6.33990012723672e-5,3.707448435159077e-5,3.707448435251507e-5,3.725176857187346e-5
14.69,0.61,0.00010414231266814445,3.7000234656388794e-5,3.700023465670068e-5,3.725176857187346e-5
14.69,0.61,0.00017106927664800093,3.689439978179719e-5,3.689439978135977e-5,3.725176857187346e-5
14.69,0.61,0.00028100679409841776,3.6742977560239925e-5,3.67429775615528e-5,3.725176857187346e-5
14.69,0.61,0.00046159555869258604,3.652515063192365e-5,3.6525150641091954e-5,3.725176857187346e-5
14.69,0.61,0.0007582395311413588,3.6209414430920095e-5,3.620941445858491e-5,3.725176857187346e-5
14.69,0.61,0.00124552148684853,3.5747180741854976e-5,3.574718080374066e-5,3.725176857187346e-5
14.69,0.61,0.002045954755044497,3.5062332792785046e-5,3.5062332905787e-5,3.725176857187346e-5
14.69,0.61,0.0033607857462825456,3.403504822009707e-5,3.403504838884319e-5,3.725176857187346e-5
14.69,0.61,0.005520591696647901,3.248000845113993e-5,3.248000864585373e-5,3.725176857187346e-5
14.69,0.61,0.009068395006973916,3.0127304344284727e-5,3.0127304495310196e-5,3.725176857187346e-5
14.69,0.61,0.01489619093772919,2.663751541643612e-5,2.663751548657824e-5,3.725176857187346e-5
14.69,0.61,0.024469214704767362,2.1725818750674195e-5,2.172581888781077e-5,3.725176857187346e-5
14.69,0.61,0.04019433362333615,1.549196860414898e-5,1.5491968967187304e-5,3.725176857187346e-5
14.69,0.61,0.06602518613354949,8.875436164059928e-6,8.875436612127487e-6,3.725176857187346e-5
14.69,0.61,0.1084562128786955,3.5999269746072373e-6,3.599927217852926e-6,3.725176857187346e-5
14.69,0.61,0.17815550096589414,8.664310694175375e-7,8.664311081171428e-7,3.725176857187346e-5
14.69,0.61,0.292646974128703,9.905046396248737e-8,9.905046217317412e-8,3.725176857187346e-5
14.69,0.61,0.480716289995901,4.232682903802151e-9,4.232682669541274e-9,3.725176857187346e-5
14.69,0.61,0.789648183294706,5.548402421512505e-11,5.548402338260591e-11,3.725176857187346e-5
14.69,0.61,1.297114881182717,2.0453890243939395e-13,2.0453891133631534e-13,3.725176857187346e-5
14.69,0.61,2.1307045980472066,2.250216575776913e-16,2.2502166965610856e-16,3.725176857187346e-5
14.69,0.61,3.5000000000000004,8.52790507692292e-20,8.527823459701834e-20,3.725176857187346e-5
14.69,0.61,3.8,1.793345389373572e-20,1.7933414367363662e-20,3.725176857187346e-5
14.69,0.61,3.98,3.2034917300908333e-21,3.2035188210284555e-21,3.725176857187346e-5
14.69,0.61,3.9998,3.0211419545755525e-22,3.0211517748736735e-22,3.725176857187346e-5
14.69,1.73,1.0000000000000001e-7,8.54012639243891e-6,8.54012639645143e-6,8.541047474906142e-6
14.69,1.73,1.6426491045299075e-7,8.53974375148347e-6,8.539743755508217e-6,8.541047474906142e-6
14.69,1.73,2.698296080612907e-7,8.539202136797098e-6,8.539202140836453e-6,8.541047474906142e-6
14.69,1.73,4.432353640575351e-7,8.538435480910522e-6,8.538435484963583e-6,8.541047474906142e-6
14.69,1.73,7.280801738650976e-7,8.537350234264123e-6,8.537350238324872e-6,8.541047474906142e-6
14.69,1.73,1.1959802456254818e-6,8.535813900983096e-6,8.535813905041449e-6,8.541047474906142e-6
14.69,1.73,1.9645758795121526e-6,8.533638751004356e-6,8.53363875505555e-6,8.541047474906142e-6
14.69,1.73,3.227108809261693e-6,8.53055862730542e-6,8.530558631378826e-6,8.541047474906142e-6
14.69,1.73,5.301007395754297e-6,8.526195806190675e-6,8.526195810363176e-6,8.541047474906142e-6
14.69,1.73,8.707695051742211e-6,8.520013392048341e-6,8.520013396423497e-6,8.541047474906142e-6
14.69,1.73,1.4303687479263852e-5,8.511246385308503e-6,8.51124639000554e-6,8.541047474906142e-6
14.69,1.73,2.3495939429288417e-5,8.498800708142331e-6,8.498800713273777e-6,8.541047474906142e-6
14.69,1.73,3.8595583863609565e-5,8.481102897773466e-6,8.481102903403537e-6,8.541047474906142e-6
14.69,1.73,6.33990012723672e-5,8.455871621849945e-6,8.455871627930742e-6,8.541047474906142e-6
14.69,1.73,0.00010414231266814445,8.419761522538237e-6,8.419761528857692e-6,8.541047474906142e-6
14.69,1.73,0.00017106927664800093,8.367793165703579e-6,8.367793172060256e-6,8.541047474906142e-6
14.69,1.73,0.00028100679409841776,8.292419879465077e-6,8.29241988693089e-6,8.541047474906142e-6
14.69,1.73,0.00046159555869258604,8.181983983363099e-6,8.181983996605231e-6,8.541047474906142e-6
14.69,1.73,0.0007582395311413588,8.018195148230375e-6,8.018195176598704e-6,8.541047474906142e-6
14.69,1.73,0.00124552148684853,7.772232477840682e-6,7.772232535912637e-6,8.541047474906142e-6
14.69,1.73,0.002045954755044497,7.399534598890312e-6,7.39953470272247e-6,8.541047474906142e-6
14.69,1.73,0.0033607857462825456,6.835404850793879e-6,6.835405006535732e-6,8.541047474906142e-6
14.69,1.73,0.005520591696647901,5.999368510691952e-6,5.9993686991615704e-6,8.541047474906142e-6
14.69,1.73,0.009068395006973916,4.82705708685974e-6,4.827057262151615e-6,8.541047474906142e-6
14.69,1.73,0.01489619093772919,3.353469411357421e-6,3.3534695354978274e-6,8.541047474906142e-6
14.69,1.73,0.024469214704767362,1.8241731474434115e-6,1.8241732356580663e-6,8.541047474906142e-6
14.69,1.73,0.04019433362333615,6.650214648024395e-7,6.650215332370726e-7,8.541047474906142e-6
14.69,1.73,0.06602518613354949,1.2785191770010366e-7,1.2785194411377676e-7,8.541047474906142e-6
14.69,1.73,0.1084562128786955,9.10074018545626e-9,9.100743062189836e-9,8.541047474906142e-6
14.69,1.73,0.17815550096589414,1.4706266119395727e-10,1.470627117871579e-10,8.541047474906142e-6
14.69,1.73,0.292646974128703,2.9269701317877156e-13,2.926970917716413e-13,8.541047474906142e-6
14.69,1.73,0.480716289995901,3.7428666324058427e-17,3.7428676277588324e-17,8.541047474906142e-6
14.69,1.73,0.789648183294706,1.818450542089881e-22,1.8184515039266985e-22,8.541047474906142e-6
14.69,1.73,1.297114881182717,2.7118053434774133e-29,2.711807833048619e-29,8.541047474906142e-6
14.69,1.73,2.1307045980472066,1.4970358754977596e-37,1.4970377168457303e-37,8.541047474906142e-6
14.69,1.73,3.5000000000000004,5.088770330678031e-47,5.089860755838864e-47,8.541047474906142e-6
14.69,1.73,3.8,1.0663855748009556e-48,1.0663833092161247e-48,8.541047474906142e-6
14.69,1.73,3.98,6.269943314557746e-50,6.259077256791077e-50,8.541047474906142e-6
14.69,1.73,3.9998,5.337507375679882e-51,5.328391060935437e-51,8.541047474906142e-6
14.69,4.71,1.0000000000000001e-7,1.5911627800661738e-6,1.5911650291949434e-6,1.59163284160172e-6
14.69,4.71,1.6426491045299075e-7,1.59096747827366e-6,1.5909697296083641e-6,1.59163284160172e-6
14.69,4.71,2.698296080612907e-7,1.590691001358818e-6,1.5906932558185261e-6,1.59163284160172e-6
14.69,4.71,4.432353640575351e-7,1.5902995699630981e-6,1.5903018288523232e-6,1.59163284160172e-6
14.69,4.71,7.280801738650976e-7,1.589745297368728e-6,1.5897475625447345e-6,1.59163284160172e-6
14.69,4.71,1.1959802456254818e-6,1.5889602338737075e-6,1.588962507993819e-6,1.59163284160172e-6
14.69,4.71,1.9645758795121526e-6,1.5878478181026552e-6,1.5878501049975987e-6,1.59163284160172e-6
14.69,4.71,3.227108809261693e-6,1.5862705126147807e-6,1.586272817860402e-6,1.59163284160172e-6
14.69,4.71,5.301007395754297e-6,1.5840317213119436e-6,1.5840340530970316e-6,1.59163284160172e-6
14.69,4.71,8.707695051742211e-6,1.5808489310206997e-6,1.5808513015534257e-6,1.59163284160172e-6
14.69,4.71,1.4303687479263852e-5,1.5763129949191984e-6,1.5763154227831056e-6,1.59163284160172e-6
14.69,4.71,2.3495939429288417e-5,1.569824859590651e-6,1.569827373800898e-6,1.59163284160172e-6
14.69,4.71,3.8595583863609565e-5,1.5604945874977927e-6,1.5604972346324715e-6,1.59163284160172e-6
14.69,4.71,6.33990012723672e-5,1.546976376187685e-6,1.5469792330078208e-6,1.59163284160172e-6
14.69,4.71,0.00010414231266814445,1.527195551855746e-6,1.5271987473417123e-6,1.59163284160172e-6
14.69,4.71,0.00017106927664800093,1.4979007596308722e-6,1.497904511867362e-6,1.59163284160172e-6
14.69,4.71,0.00028100679409841776,1.4539637617188973e-6,1.45396843377803e-6,1.59163284160172e-6
14.69,4.71,0.00046159555869258604,1.3874164249594155e-6,1.3874225890320586e-6,1.59163284160172e-6
14.69,4.71,0.0007582395311413588,1.2865473204133726e-6,1.286555780899538e-6,1.59163284160172e-6
14.69,4.71,0.00124552148684853,1.136367993540557e-6,1.13637963229834e-6,1.59163284160172e-6
14.69,4.71,0.002045954755044497,9.237446022120662e-7,9.23759796818785e-7,1.59163284160172e-6
14.69,4.71,0.0033607857462825456,6.519693917910036e-7,6.51986862542335e-7,1.59163284160172e-6
14.69,4.71,0.005520591696647901,3.6257184227826087e-7,3.6258773642006255e-7,1.59163284160172e-6
14.69,4.71,0.009068395006973916,1.3548350360390338e-7,1.3549321454455797e-7,1.59163284160172e-6
14.69,4.71,0.01489619093772919,2.628402944441886e-8,2.628710325669802e-8,1.59163284160172e-6
14.69,4.71,0.024469214704767362,1.7527986097593485e-9,1.7531321000631902e-9,1.59163284160172e-6
14.69,4.71,0.04019433362333615,2.100991610623369e-11,2.1016388672671234e-11,1.59163284160172e-6
14.69,4.71,0.06602518613354949,1.6758404289497383e-14,1.676669663637938e-14,1.59163284160172e-6
14.69,4.71,0.1084562128786955,2.0637238235307673e-19,2.065343384179113e-19,1.59163284160172e-6
14.69,4.71,0.17815550096589414,5.256093810975781e-27,5.2625163418434715e-27,1.59163284160172e-6
14.69,4.71,0.292646974128703,2.2959494339033585e-38,2.3002090870644357e-38,1.59163284160172e-6
14.69,4.71,0.480716289995901,1.26839963262907e-54,1.2718594110779333e-54,1.59163284160172e-6
14.69,4.71,0.789648183294706,1.1527629730862369e-76,1.1572124910983157e-76,1.59163284160172e-6
14.69,4.71,1.297114881182717,8.286429846399358e-105,8.329860382050902e-105,1.59163284160172e-6
14.69,4.71,2.1307045980472066,1.1382399447316837e-138,1.1460196334256033e-138,1.59163284160172e-6
14.69,4.71,3.5000000000000004,2.5118461165415167e-177,2.553477301971197e-177,1.59163284160172e-6
14.69,4.71,3.8,4.0828289696677566e-184,4.0981921278453137e-184,1.59163284160172e-6
14.69,4.71,3.98,4.678163582135056e-188,6.622304416843371e-188,1.59163284160172e-6
14.69,4.71,3.9998,2.3725403091863965e-189,3.4301380652166857e-189,1.59163284160172e-6
15.19,0.00113,1.0000000000000001e-7,0.0008316391428771391,0.0008316391454097927,0.0008316866052514623
15.19,0.00113,1.6426491045299075e-7,0.0008316194263015513,0.0008316194288416745,0.0008316866052514623
15.19,0.00113,2.698296080612907e-7,0.000831591518835786,0.0008315915213863092,0.0008316866052514623
15.19,0.00113,4.432353640575351e-7,0.000831552017290945,0.000831552019855806,0.0008316866052514623
15.19,0.00113,7.280801738650976e-7,0.0008314961039409607,0.0008314961065255263,0.0008316866052514623
15.19,0.00113,1.1959802456254818e-6,0.0008314169578385824,0.0008314169604504509,0.0008316866052514623
15.19,0.00113,1.9645758795121526e-6,0.0008313049202012165,0.000831304922851815,0.0008316866052514623
15.19,0.00113,3.227108809261693e-6,0.0008311463099327639,0.00083114631264028,0.0008316866052514623
15.19,0.00113,5.301007395754297e-6,0.0008309217399335948,0.0008309217427249498,0.0008316866052514623
15.19,0.00113,8.707695051742211e-6,0.0008306037177903992,0.0008306037207031529,0.0008316866052514623
15.19,0.00113,1.4303687479263852e-5,0.0008301532133689763,0.000830153216454767,0.0008316866052514623
15.19,0.00113,2.3495939429288417e-5,0.0008295147193260647,0.0008295147226553014,0.0008316866052514623
15.19,0.00113,3.8595583863609565e-5,0.0008286090800327041,0.0008286090837015775,0.0008316866052514623
15.19,0.00113,6.33990012723672e-5,0.0008273229484869227,0.0008273229526290552,0.0008316866052514623
15.19,0.00113,0.00010414231266814445,0.0008254930158785662,0.0008254930206870769,0.0008316866052514623
15.19,0.00113,0.00017106927664800093,0.0008228818966720295,0.0008228819024477866,0.0008316866052514623
15.19,0.00113,0.00028100679409841776,0.00081914030057751,0.0008191403078430708,0.0008316866052514623
15.19,0.00113,0.00046159555869258604,0.0008137461569026706,0.0008137461665592026,0.0008316866052514623
15.19,0.00113,0.0007582395311413588,0.0008059047168477055,0.0008059047303775695,0.0008316866052514623
15.19,0.00113,0.00124552148684853,0.0007943838546287855,0.0007943838744239024,0.0008316866052514623
15.19,0.00113,0.002045954755044497,0.0007772487397025396,0.0007772487694537308,0.0008316866052514623
15.19,0.00113,0.0033607857462825456,0.0007514652393160503,0.0007514652843228385,0.0008316866052514623
15.19,0.00113,0.005520591696647901,0.0007124124770388232,0.0007124125442238266,0.0008316866052514623
15.19,0.00113,0.009068395006973916,0.0006536058346415252,0.0006536059320451094,0.0008316866052514623
15.19,0.00113,0.01489619093772919,0.0005675748849007568,0.0005675750200446646,0.0008316866052514623
15.19,0.00113,0.024469214704767362,0.00044978511026738855,0.0004497852846948267,0.0008316866052514623
15.19,0.00113,0.04019433362333615,0.000307072252315529,0.0003070724456024861,0.0008316866052514623
15.19,0.00113,0.06602518613354949,0.0001657381528782872,0.00016573831471806432,0.0008316866052514623
15.19,0.00113,0.1084562128786955,6.283564886898464e-5,6.283573754843433e-5,0.0008316866052514623
15.19,0.00113,0.17815550096589414,1.4477349134547687e-5,1.4477376490422228e-5,0.0008316866052514623
15.19,0.00113,0.292646974128703,1.7475663623847738e-6,1.7475704972564143e-6,0.0008316866052514623
15.19,0.00113,0.480716289995901,9.887478122000565e-8,9.887505627334519e-8,0.0008316866052514623
15.19,0.00113,0.789648183294706,2.535714727002959e-9,2.5357224029850177e-9,0.0008316866052514623
15.19,0.00113,1.297114881182717,3.123320452500412e-11,3.1233298441537665e-11,0.0008316866052514623
15.19,0.00113,2.1307045980472066,2.0929355637513272e-13,2.0929410316200457e-13,0.0008316866052514623
15.19,0.00113,3.5000000000000004,8.091810834297279e-16,8.091798941943947e-16,0.0008316866052514623
15.19,0.00113,3.8,2.4666947446482233e-16,2.466692780030571e-16,0.0008316866052514623
15.19,0.00113,3.98,5.3007291267759143e-17,5.300737310232536e-17,0.0008316866052514623
15.19,0.00113,3.9998,5.091778824113276e-18,5.091780682247461e-18,0.0008316866052514623
15.19,0.0037,1.0000000000000001e-7,0.0008225306067912552,0.0008225306067425054,0.000822577723224331
15.19,0.0037,1.6426491045299075e-7,0.0008225110339229941,0.0008225110338741026,0.000822577723224331
15.19,0.0037,2.698296080612907e-7,0.0008224833298627663,0.0008224833298139938,0.000822577723224331
15.19,0.0037,4.432353640575351e-7,0.000822444116222276,0.0008224441161742352,0.000822577723224331
15.19,0.0037,7.280801738650976e-7,0.000822388610380437,0.0008223886103338866,0.000822577723224331
15.19,0.0037,1.1959802456254818e-6,0.0008223100410825452,0.0008223100410382083,0.000822577723224331
15.19,0.0037,1.9645758795121526e-6,0.0008221988198920733,0.000822198819850367,0.000822577723224331
15.19,0.0037,3.227108809261693e-6,0.0008220413653064038,0.0008220413652670081,0.000822577723224331
15.19,0.0037,5.301007395754297e-6,0.0008218184312493035,0.0008218184312107763,0.000822577723224331
15.19,0.0037,8.707695051742211e-6,0.0008215027250469027,0.0008215027250067597,0.000822577723224331
15.19,0.0037,1.4303687479263852e-5,0.0008210554995859847,0.0008210554995424224,0.000822577723224331
15.19,0.0037,2.3495939429288417e-5,0.0008204216488219878,0.0008204216487798174,0.000822577723224331
15.19,0.0037,3.8595583863609565e-5,0.000819522586752829,0.0008195225867275825,0.000822577723224331
15.19,0.0037,6.33990012723672e-5,0.0008182457763505589,0.0008182457763649251,0.000822577723224331
15.19,0.0037,0.00010414231266814445,0.0008164290637338599,0.0008164290638168723,0.000822577723224331
15.19,0.0037,0.00017106927664800093,0.0008138367173446418,0.0008138367175279969,0.000822577723224331
15.19,0.0037,0.00028100679409841776,0.000810121831550009,0.0008101218318565099,0.000822577723224331
15.19,0.0037,0.00046159555869258604,0.0008047658088964133,0.000804765809313282,0.000822577723224331
15.19,0.0037,0.0007582395311413588,0.0007969790348706308,0.0007969790353104664,0.000822577723224331
15.19,0.0037,0.00124552148684853,0.0007855371308377215,0.0007855371311563538,0.000822577723224331
15.19,0.0037,0.002045954755044497,0.0007685172672484921,0.0007685172676090621,0.000822577723224331
15.19,0.0037,0.0033607857462825456,0.000742904460253085,0.0007429044618311834,0.000822577723224331
15.19,0.0037,0.005520591696647901,0.0007041091881280296,0.0007041091930179245,0.000822577723224331
15.19,0.0037,0.009068395006973916,0.0006456985651264875,0.0006456985754462293,0.000822577723224331
15.19,0.0037,0.01489619093772919,0.0005602843069593572,0.0005602843226550985,0.000822577723224331
15.19,0.0037,0.024469214704767362,0.0004434446937952251,0.00044344471061434675,0.000822577723224331
15.19,0.0037,0.04019433362333615,0.00030211100203107174,0.0003021110135800234,0.000822577723224331
15.19,0.0037,0.06602518613354949,0.00016251247803097992,0.00016251248244329136,0.000822577723224331
15.19,0.0037,0.1084562128786955,6.129037806570433e-5,6.129037921017063e-5,0.000822577723224331
15.19,0.0037,0.17815550096589414,1.4010873522538426e-5,1.4010873876208587e-5,0.000822577723224331
15.19,0.0037,0.292646974128703,1.6724412982947568e-6,1.6724413222650049e-6,0.000822577723224331
15.19,0.0037,0.480716289995901,9.321054462102868e-8,9.321054235158157e-8,0.000822577723224331
15.19,0.0037,0.789648183294706,2.34534512391773e-9,2.3453450225270406e-9,0.000822577723224331
15.19,0.0037,1.297114881182717,2.8239368622222373e-11,2.8239365974532334e-11,0.000822577723224331
15.19,0.0037,2.1307045980472066,1.8442343002643917e-13,1.8442325089690753e-13,0.000822577723224331
15.19,0.0037,3.5000000000000004,6.939483877146408e-16,6.93946596109349e-16,0.000822577723224331
15.19,0.0037,3.8,2.107119777964162e-16,2.1071227583929107e-16,0.000822577723224331
15.19,0.0037,3.98,4.519160609691059e-17,4.51917377766776e-17,0.000822577723224331
15.19,0.0037,3.9998,4.340164179011485e-18,4.3401855555216556e-18,0.000822577723224331
15.19,0.0127,1.0000000000000001e-7,0.0007916729700172466,0.0007916729699736192,0.0007917189060497922
15.19,0.0127,1.6426491045299075e-7,0.0007916538874987476,0.0007916538874549739,0.0007917189060497922
15.19,0.0127,2.698296080612907e-7,0.0007916268774870466,0.0007916268774431052,0.0007917189060497922
15.19,0.0127,4.432353640575351e-7,0.0007915886462170412,0.000791588646173381,0.0007917189060497922
15.19,0.0127,7.280801738650976e-7,0.000791534530850867,0.0007915345308083155,0.0007917189060497922
15.19,0.0127,1.1959802456254818e-6,0.0007914579296919603,0.0007914579296514946,0.0007917189060497922
15.19,0.0127,1.9645758795121526e-6,0.0007913494943348522,0.0007913494942973425,0.0007917189060497922
15.19,0.0127,3.227108809261693e-6,0.0007911959831047314,0.0007911959830705362,0.0007917189060497922
15.19,0.0127,5.301007395754297e-6,0.0007909786311189489,0.0007909786310873637,0.0007917189060497922
15.19,0.0127,8.707695051742211e-6,0.0007906708272471438,0.0007906708272159436,0.0007917189060497922
15.19,0.0127,1.4303687479263852e-5,0.0007902347900939456,0.0007902347900597383,0.0007917189060497922
15.19,0.0127,2.3495939429288417e-5,0.0007896167829272114,0.0007896167828884796,0.0007917189060497922
15.19,0.0127,3.8595583863609565e-5,0.0007887401634512735,0.000788740163417416,0.0007917189060497922
15.19,0.0127,6.33990012723672e-5,0.0007874951585265277,0.0007874951585205295,0.0007917189060497922
15.19,0.0127,0.00010414231266814445,0.0007857235553976133,0.0007857235554530952,0.0007917189060497922
15.19,0.0127,0.00017106927664800093,0.0007831952669522541,0.0007831952671134002,0.0007917189060497922
15.19,0.0127,0.00028100679409841776,0.0007795715263951535,0.0007795715267107376,0.0007917189060497922
15.19,0.0127,0.00046159555869258604,0.0007743455924647763,0.0007743455929660855,0.0007917189060497922
15.19,0.0127,0.0007582395311413588,0.0007667453817818323,0.0007667453824317515,0.0007917189060497922
15.19,0.0127,0.00124552148684853,0.0007555729797191942,0.000755572980349273,0.0007917189060497922
15.19,0.0127,0.002045954755044497,0.0007389465766784592,0.0007389465770767208,0.0007917189060497922
15.19,0.0127,0.0033607857462825456,0.0007139166919304374,0.0007139166925833152,0.0007917189060497922
15.19,0.0127,0.005520591696647901,0.0006760011485482333,0.0006760011513849074,0.0007917189060497922
15.19,0.0127,0.009068395006973916,0.0006189442607517098,0.0006189442683701652,0.0007917189060497922
15.19,0.0127,0.01489619093772919,0.0005356389316935778,0.0005356389452830621,0.0007917189060497922
15.19,0.0127,0.024469214704767362,0.00042204806293951364,0.00042204807948580526,0.0007917189060497922
15.19,0.0127,0.04019433362333615,0.00028542271800451296,0.00028542273079991984,0.0007917189060497922
15.19,0.0127,0.06602518613354949,0.0001517259646205656,0.00015172596991441762,0.0007917189060497922
15.19,0.0127,0.1084562128786955,5.6174987379752234e-5,5.6174988403493533e-5,0.0007917189060497922
15.19,0.0127,0.17815550096589414,1.2491325770286955e-5,1.2491326011519987e-5,0.0007917189060497922
15.19,0.0127,0.292646974128703,1.4334638486421853e-6,1.4334638895035326e-6,0.0007917189060497922
15.19,0.0127,0.480716289995901,7.576781981767449e-8,7.576782020368469e-8,0.0007917189060497922
15.19,0.0127,0.789648183294706,1.7827995960187968e-9,1.7827995573844843e-9,0.0007917189060497922
15.19,0.0127,1.297114881182717,1.981592329504346e-11,1.9815921796823262e-11,0.0007917189060497922
15.19,0.0127,2.1307045980472066,1.1820258991844356e-13,1.1820247734533755e-13,0.0007917189060497922
15.19,0.0127,3.5000000000000004,4.042441170314888e-16,4.0424249799281174e-16,0.0007917189060497922
15.19,0.0127,3.8,1.2105556904449146e-16,1.2105559690428194e-16,0.0007917189060497922
15.19,0.0127,3.98,2.5784172479352303e-17,2.578431279843954e-17,0.0007917189060497922
15.19,0.0127,3.9998,2.474574177482407e-18,2.4745921496855174e-18,0.0007917189060497922
15.19,0.047,1.0000000000000001e-7,0.0006874417398522672,0.0006874417399542968,0.0006874835845361688
15.19,0.047,1.6426491045299075e-7,0.0006874243569195408,0.0006874243570218294,0.0006874835845361688
15.19,0.047,2.698296080612907e-7,0.0006873997525275802,0.0006873997526299739,0.0006874835845361688
15.19,0.047,4.432353640575351e-7,0.0006873649262212806,0.0006873649263235076,0.0006874835845361688
15.19,0.047,7.280801738650976e-7,0.0006873156303402022,0.0006873156304420588,0.0006874835845361688
15.19,0.047,1.1959802456254818e-6,0.0006872458508892735,0.0006872458509912367,0.0006874835845361688
15.19,0.047,1.9645758795121526e-6,0.0006871470714304804,0.0006871470715340892,0.0006874835845361688
15.19,0.047,3.227108809261693e-6,0.000687007228163602,0.0006870072282708879,0.0006874835845361688
15.19,0.047,5.301007395754297e-6,0.0006868092240755795,0.0006868092241886656,0.0006874835845361688
15.19,0.047,8.707695051742211e-6,0.000686528810360069,0.0006865288104804819,0.0006874835845361688
15.19,0.047,1.4303687479263852e-5,0.0006861315529810496,0.0006861315531086714,0.0006874835845361688
15.19,0.047,2.3495939429288417e-5,0.0006855684616167414,0.00068556846174859,0.0006874835845361688
15.19,0.047,3.8595583863609565e-5,0.0006847696316730274,0.0006847696318027614,0.0006874835845361688
15.19,0.047,6.33990012723672e-5,0.0006836348715056693,0.0006836348716267014,0.0006874835845361688
15.19,0.047,0.00010414231266814445,0.0006820196326720873,0.0006820196327930064,0.0006874835845361688
15.19,0.047,0.00017106927664800093,0.0006797134022033182,0.0006797134023723196,0.0006874835845361688
15.19,0.047,0.00028100679409841776,0.0006764056480532048,0.0006764056483602553,0.0006874835845361688
15.19,0.047,0.00046159555869258604,0.0006716307851369055,0.0006716307857262924,0.0006874835845361688
15.19,0.047,0.0007582395311413588,0.0006646776468277336,0.0006646776478963877,0.0006874835845361688
15.19,0.047,0.00124552148684853,0.0006544404190805762,0.0006544404208158846,0.0006874835845361688
15.19,0.047,0.002045954755044497,0.0006391803750980252,0.0006391803774988389,0.0006874835845361688
15.19,0.047,0.0033607857462825456,0.0006161771895558621,0.000616177192178915,0.0006874835845361688
15.19,0.047,0.005520591696647901,0.0005813253897889465,0.0005813253918362842,0.0006874835845361688
15.19,0.047,0.009068395006973916,0.0005289923103223616,0.0005289923120305197,0.0006874835845361688
15.19,0.047,0.01489619093772919,0.0004530570064960388,0.0004530570108394906,0.0006874835845361688
15.19,0.047,0.024469214704767362,0.0003508110309497512,0.0003508110399280824,0.0006874835845361688
15.19,0.047,0.04019433362333615,0.00023053081854477398,0.00023053082909877095,0.0006874835845361688
15.19,0.047,0.06602518613354949,0.0001170180915747712,0.00011701809780164653,0.0006874835845361688
15.19,0.047,0.1084562128786955,4.032003575766399e-5,4.0320036974910276e-5,0.0006874835845361688
15.19,0.047,0.17815550096589414,8.051764132243713e-6,8.051764051990192e-6,0.0006874835845361688
15.19,0.047,0.292646974128703,7.92804218027735e-7,7.928042051586223e-7,0.0006874835845361688
15.19,0.047,0.480716289995901,3.410496700736939e-8,3.410496787209459e-8,0.0006874835845361688
15.19,0.047,0.789648183294706,6.184122015056394e-10,6.184122367751481e-10,0.0006874835845361688
15.19,0.047,1.297114881182717,5.037902756497836e-12,5.037902997895327e-12,0.0006874835845361688
15.19,0.047,2.1307045980472066,2.113555441459354e-14,2.113554779953375e-14,0.0006874835845361688
15.19,0.047,3.5000000000000004,4.982052629107144e-17,4.982021908405701e-17,0.0006874835845361688
15.19,0.047,3.8,1.4132407164722318e-17,1.4132372309393085e-17,0.0006874835845361688
15.19,0.047,3.98,2.930201485928304e-18,2.9302292462168415e-18,0.0006874835845361688
15.19,0.047,3.9998,2.804626485851656e-19,2.8046512851671905e-19,0.0006874835845361688
15.19,0.173,1.0000000000000001e-7,0.0004326286851899568,0.00043262868505041327,0.00043265965379149024
15.19,0.173,1.6426491045299075e-7,0.0004326158202871465,0.0004326158201479777,0.00043265965379149024
15.19,0.173,2.698296080612907e-7,0.0004325976107842223,0.0004325976106456033,0.00043265965379149024
15.19,0.173,4.432353640575351e-7,0.00043257183593624614,0.0004325718357982814,0.00043265965379149024
15.19,0.173,7.280801738650976e-7,0.0004325353517555704,0.0004325353516181942,0.00043265965379149024
15.19,0.173,1.1959802456254818e-6,0.0004324837065453359,0.0004324837064082379,0.00043265965379149024
15.19,0.173,1.9645758795121526e-6,0.0004324105955076628,0.00043241059537032367,0.00043265965379149024
15.19,0.173,3.227108809261693e-6,0.00043230708602945086,0.0004323070858915676,0.00043265965379149024
15.19,0.173,5.301007395754297e-6,0.000432160514891658,0.0004321605147545022,0.00043265965379149024
15.19,0.173,8.707695051742211e-6,0.00043195291328394363,0.00043195291315102093,0.00043265965379149024
15.19,0.173,1.4303687479263852e-5,0.00043165874603086053,0.00043165874590687296,0.00043265965379149024
15.19,0.173,2.3495939429288417e-5,0.00043124164167217363,0.0004312416415624273,0.00043265965379149024
15.19,0.173,3.8595583863609565e-5,0.0004306496103100471,0.0004306496102192692,0.00043265965379149024
15.19,0.173,6.33990012723672e-5,0.000429807940976187,0.00042980794090634675,0.00043265965379149024
15.19,0.173,0.00010414231266814445,0.00042860843604016125,0.0004286084359871096,0.00043265965379149024
15.19,0.173,0.00017106927664800093,0.0004268926879667891,0.0004268926879171039,0.00043265965379149024
15.19,0.173,0.00028100679409841776,0.0004244254103996318,0.000424425410337255,0.00043265965379149024
15.19,0.173,0.00046159555869258604,0.00042085092278685085,0.00042085092274822707,0.00043265965379149024
15.19,0.173,0.0007582395311413588,0.0004156212996886101,0.0004156212998663185,0.00043265965379149024
15.19,0.173,0.00124552148684853,0.0004078789316842659,0.00040787893246903935,0.00043265965379149024
15.19,0.173,0.002045954755044497,0.00039627396296024604,0.0003962739649555361,0.00043265965379149024
15.19,0.173,0.0033607857462825456,0.0003787158431274993,0.0003787158469655556,0.00043265965379149024
15.19,0.173,0.005520591696647901,0.00035214662831619797,0.000352146634131188,0.00043265965379149024
15.19,0.173,0.009068395006973916,0.0003126776059929123,0.00031267761276453467,0.00043265965379149024
15.19,0.173,0.01489619093772919,0.00025691668889224933,0.0002569166945832685,0.00043265965379149024
15.19,0.173,0.024469214704767362,0.00018560259362475348,0.00018560259700330136,0.00043265965379149024
15.19,0.173,0.04019433362333615,0.00010882502521795991,0.00010882502749061557,0.00043265965379149024
15.19,0.173,0.06602518613354949,4.601250170400107e-5,4.6012503572172235e-5,0.00043265965379149024
15.19,0.173,0.1084562128786955,1.1935197296163834e-5,1.1935197903771516e-5,0.00043265965379149024
15.19,0.173,0.17815550096589414,1.559731552033263e-6,1.5597315710364052e-6,0.00043265965379149024
15.19,0.173,0.292646974128703,8.402184028131519e-8,8.402183560395301e-8,0.00043265965379149024
15.19,0.173,0.480716289995901,1.6072589409882367e-9,1.6072588408322278e-9,0.00043265965379149024
15.19,0.173,0.789648183294706,1.0462312999990017e-11,1.0462313122786334e-11,0.00043265965379149024
15.19,0.173,1.297114881182717,2.5139254565307257e-14,2.513925596747515e-14,0.00043265965379149024
15.19,0.173,2.1307045980472066,2.646541229700394e-17,2.6465408593634866e-17,0.00043265965379149024
15.19,0.173,3.5000000000000004,1.4289455680275737e-20,1.4289454112021155e-20,0.00043265965379149024
15.19,0.173,3.8,3.2604903484276532e-21,3.260511290245283e-21,0.00043265965379149024
15.19,0.173,3.98,6.074952505616335e-22,6.074934774976444e-22,0.00043265965379149024
15.19,0.173,3.9998,5.753374169070342e-23,5.753348912980589e-23,0.00043265965379149024
15.19,0.61,1.0000000000000001e-7,0.0001393541359112308,0.00013935413590796282,0.0001393696889393561
15.19,0.61,1.6426491045299075e-7,0.00013934767477267378,0.00013934767476948606,0.0001393696889393561
15.19,0.61,2.698296080612907e-7,0.00013933852923796202,0.0001393385292349885,0.0001393696889393561
15.19,0.61,4.432353640575351e-7,0.00013932558367689538,0.0001393255836742805,0.0001393696889393561
15.19,0.61,7.280801738650976e-7,0.00013930725835297527,0.00013930725835082898,0.0001393696889393561
15.19,0.61,1.1959802456254818e-6,0.0001392813157724806,0.00013928131577080777,0.0001393696889393561
15.19,0.61,1.9645758795121526e-6,0.00013924458549373133,0.00013924458549234843,0.0001393696889393561
15.19,0.61,3.227108809261693e-6,0.0001391925721416367,0.00013919257214012806,0.0001393696889393561
15.19,0.61,5.301007395754297e-6,0.00013911889501291763,0.00013911889501078573,0.0001393696889393561
15.19,0.61,8.707695051742211e-6,0.00013901448242893645,0.0001390144824263252,0.0001393696889393561
15.19,0.61,1.4303687479263852e-5,0.0001388664038014124,0.00013886640380048274,0.0001393696889393561
15.19,0.61,2.3495939429288417e-5,0.00013865615596802503,0.00013865615597257673,0.0001393696889393561
15.19,0.61,3.8595583863609565e-5,0.0001383571066410215,0.00013835710665623067,0.0001393696889393561
15.19,0.61,6.33990012723672e-5,0.0001379305974623434,0.00013793059749444493,0.0001393696889393561
15.19,0.61,0.00010414231266814445,0.0001373198511011165,0.0001373198511559484,0.0001393696889393561
15.19,0.61,0.00017106927664800093,0.0001364401919419944,0.0001364401920209589,0.0001393696889393561
15.19,0.61,0.00028100679409841776,0.0001351630106497094,0.00013516301074199773,0.0001393696889393561
15.19,0.61,0.00046159555869258604,0.00013328925326717256,0.0001332892533440988,0.0001393696889393561
15.19,0.61,0.0007582395311413588,0.000130506325538368,0.0001305063255850428,0.0001393696889393561
15.19,0.61,0.00124552148684853,0.0001263223142971436,0.00012632231445284614,0.0001393696889393561
15.19,0.61,0.002045954755044497,0.00011998084264595937,0.00011998084326481633,0.0001393696889393561
15.19,0.61,0.0033607857462825456,0.00011039835740457604,0.00011039835895903906,0.0001393696889393561
15.19,0.61,0.005520591696647901,9.626860534430651e-5,9.626860810794092e-5,0.0001393696889393561
15.19,0.61,0.009068395006973916,7.665572714647833e-5,7.665573070429403e-5,0.0001393696889393561
15.19,0.61,0.01489619093772919,5.24237765096525e-5,5.242377964519542e-5,0.0001393696889393561
15.19,0.61,0.024469214704767362,2.7917687477299464e-5,2.791768911905627e-5,0.0001393696889393561
15.19,0.61,0.04019433362333615,9.957366217131047e-6,9.957366628239474e-6,0.0001393696889393561
15.19,0.61,0.06602518613354949,1.9085642745571614e-6,1.9085643312027434e-6,0.0001393696889393561
15.19,0.61,0.1084562128786955,1.4584557408720388e-7,1.4584558070181434e-7,0.0001393696889393561
15.19,0.61,0.17815550096589414,3.09547728797283e-9,3.095477353769964e-9,0.0001393696889393561
15.19,0.61,0.292646974128703,1.2666348224843535e-11,1.2666347038309013e-11,0.0001393696889393561
15.19,0.61,0.480716289995901,7.652624158235099e-15,7.652622783038535e-15,0.0001393696889393561
15.19,0.61,0.789648183294706,6.372434346252627e-19,6.372433632261027e-19,0.0001393696889393561
15.19,0.61,1.297114881182717,8.563673593989242e-24,8.563673302159357e-24,0.0001393696889393561
15.19,0.61,2.1307045980472066,2.556061515113733e-29,2.5560595364063076e-29,0.0001393696889393561
15.19,0.61,3.5000000000000004,2.44402653321464e-35,2.4438190677120086e-35,0.0001393696889393561
15.19,0.61,3.8,2.077621315590103e-36,2.0771669541742417e-36,0.0001393696889393561
15.19,0.61,3.98,2.4117595170919237e-37,2.4114347509337098e-37,0.0001393696889393561
15.19,0.61,3.9998,2.1833973652842068e-38,2.1834623658771122e-38,0.0001393696889393561
15.19,1.73,1.0000000000000001e-7,3.2155394544441924e-5,3.2155394559343415e-5,3.216281902976786e-5
15.19,1.73,1.6426491045299075e-7,3.215230996811987e-5,3.2152309983050946e-5,3.216281902976786e-5
15.19,1.73,2.698296080612907e-7,3.2147943525585965e-5,3.21479435406212e-5,3.216281902976786e-5
15.19,1.73,4.432353640575351e-7,3.214176205793522e-5,3.2141762073166984e-5,3.216281902976786e-5
15.19,1.73,7.280801738650976e-7,3.2133010075755286e-5,3.213301009127709e-5,3.216281902976786e-5
15.19,1.73,1.1959802456254818e-6,3.212061631503507e-5,3.2120616330911076e-5,3.216281902976786e-5
15.19,1.73,1.9645758795121526e-6,3.210306010945252e-5,3.210306012567539e-5,3.216281902976786e-5
15.19,1.73,3.227108809261693e-6,3.207817920026034e-5,3.207817921670991e-5,3.216281902976786e-5
15.19,1.73,5.301007395754297e-6,3.2042890946077605e-5,3.204289096253301e-5,3.216281902976786e-5
15.19,1.73,8.707695051742211e-6,3.1992782895994556e-5,3.199278291235348e-5,3.216281902976786e-5
15.19,1.73,1.4303687479263852e-5,3.1921501228584586e-5,3.1921501245678774e-5,3.216281902976786e-5
15.19,1.73,2.3495939429288417e-5,3.1819817084284145e-5,3.181981710461031e-5,3.216281902976786e-5
15.19,1.73,3.8595583863609565e-5,3.167416409088742e-5,3.1674164118730164e-5,3.216281902976786e-5
15.19,1.73,6.33990012723672e-5,3.1464286619796855e-5,3.146428666184916e-5,3.216281902976786e-5
15.19,1.73,0.00010414231266814445,3.1159377459112676e-5,3.115937752449115e-5,3.216281902976786e-5
15.19,1.73,0.00017106927664800093,3.0711687306179585e-5,3.071168740413325e-5,3.216281902976786e-5
15.19,1.73,0.00028100679409841776,3.004614403284782e-5,3.0046144166132726e-5,3.216281902976786e-5
15.19,1.73,0.00046159555869258604,2.9044567456250935e-5,2.9044567612527887e-5,3.216281902976786e-5
15.19,1.73,0.0007582395311413588,2.7525478877318833e-5,2.7525479037893786e-5,3.216281902976786e-5
15.19,1.73,0.00124552148684853,2.523016347568393e-5,2.5230163689602563e-5,3.216281902976786e-5
15.19,1.73,0.002045954755044497,2.1851237725723677e-5,2.1851238173031995e-5,3.216281902976786e-5
15.19,1.73,0.0033607857462825456,1.718318319500164e-5,1.718318403050218e-5,3.216281902976786e-5
15.19,1.73,0.005520591696647901,1.1476900126692414e-5,1.147690125179033e-5,3.216281902976786e-5
15.19,1.73,0.009068395006973916,5.835539189545594e-6,5.835540169554148e-6,3.216281902976786e-5
15.19,1.73,0.01489619093772919,1.8944101843264015e-6,1.8944106489067419e-6,3.216281902976786e-5
15.19,1.73,0.024469214704767362,2.979578844068327e-7,2.9795797468337704e-7,3.216281902976786e-5
15.19,1.73,0.04019433362333615,1.4923607293727702e-8,1.4923612135887197e-8,3.216281902976786e-5
15.19,1.73,0.06602518613354949,1.2944993761352047e-10,1.2944998422418016e-10,3.216281902976786e-5
15.19,1.73,0.1084562128786955,8.550138552602223e-14,8.550142930009605e-14,3.216281902976786e-5
15.19,1.73,0.17815550096589414,1.602007767076371e-18,1.6020088519831291e-18,3.216281902976786e-5
15.19,1.73,0.292646974128703,3.1812470921852474e-25,3.1812491756017963e-25,3.216281902976786e-5
15.19,1.73,0.480716289995901,3.3258117855877877e-34,3.32581407953277e-34,3.216281902976786e-5
15.19,1.73,0.789648183294706,1.5760652467991945e-45,1.576067084318403e-45,3.216281902976786e-5
15.19,1.73,1.297114881182717,5.382676487408759e-59,5.382686470312432e-59,3.216281902976786e-5
15.19,1.73,2.1307045980472066,3.2191467319867008e-74,3.2191488605925626e-74,3.216281902976786e-5
15.19,1.73,3.5000000000000004,9.297232107992103e-91,9.345499023858411e-91,3.216281902976786e-5
15.19,1.73,3.8,1.3415486715124419e-93,1.291032400448224e-93,3.216281902976786e-5
15.19,1.73,3.98,2.0886193789921235e-95,2.0872324853308614e-95,3.216281902976786e-5
15.19,1.73,3.9998,1.5877848171148985e-96,1.6105538404127787e-96,3.216281902976786e-5
15.19,4.71,1.0000000000000001e-7,6.0065176406568584e-6,6.0065262238791354e-6,6.010307073847621e-6
15.19,4.71,1.6426491045299075e-7,6.00494267459682e-6,6.0049512756197804e-6,6.010307073847621e-6
15.19,4.71,2.698296080612907e-7,6.0027124137075226e-6,6.002721040051691e-6,6.010307073847621e-6
15.19,4.71,4.432353640575351e-7,5.999553310994776e-6,5.999561973415733e-6,6.010307073847621e-6
15.19,4.71,7.280801738650976e-7,5.995076502826547e-6,5.995085216791333e-6,6.010307073847621e-6
15.19,4.71,1.1959802456254818e-6,5.988727815556999e-6,5.988736603499645e-6,6.010307073847621e-6
15.19,4.71,1.9645758795121526e-6,5.979714472726973e-6,5.97972336760205e-6,6.010307073847621e-6
15.19,4.71,3.227108809261693e-6,5.966895870321016e-6,5.966904921402819e-6,6.010307073847621e-6
15.19,4.71,5.301007395754297e-6,5.948617300122654e-6,5.948626582825214e-6,6.010307073847621e-6
15.19,4.71,8.707695051742211e-6,5.922450320002758e-6,5.92245995308533e-6,6.010307073847621e-6
15.19,4.71,1.4303687479263852e-5,5.884776468728277e-6,5.8847866449405354e-6,6.010307073847621e-6
15.19,4.71,2.3495939429288417e-5,5.830104809688791e-6,5.830115849151603e-6,6.010307073847621e-6
15.19,4.71,3.8595583863609565e-5,5.749942099211255e-6,5.749954541572678e-6,6.010307073847621e-6
15.19,4.71,6.33990012723672e-5,5.630948617231047e-6,5.630963371526165e-6,6.010307073847621e-6
15.19,4.71,0.00010414231266814445,5.452097470972499e-6,5.452116030438137e-6,6.010307073847621e-6
15.19,4.71,0.00017106927664800093,5.180917737656595e-6,5.18094240751842e-6,6.010307073847621e-6
15.19,4.71,0.00028100679409841776,4.7704742086079316e-6,4.77050812103875e-6,6.010307073847621e-6
15.19,4.71,0.00046159555869258604,4.163113120519092e-6,4.163159451834942e-6,6.010307073847621e-6
15.19,4.71,0.0007582395311413588,3.3150302229642375e-6,3.3150896445418143e-6,6.010307073847621e-6
15.19,4.71,0.00124552148684853,2.2588312133362597e-6,2.258897321238111e-6,6.010307073847621e-6
15.19,4.71,0.002045954755044497,1.1835244829459643e-6,1.183581275774791e-6,6.010307073847621e-6
15.19,4.71,0.0033607857462825456,4.000322287843617e-7,4.000636914119291e-7,6.010307073847621e-6
15.19,4.71,0.005520591696647901,6.556184005423519e-8,6.557027360087958e-8,6.010307073847621e-6
15.19,4.71,0.009068395006973916,3.289874805307165e-9,3.2905648794121853e-9,6.010307073847621e-6
15.19,4.71,0.01489619093772919,2.431413702434333e-11,2.4322419408112368e-11,6.010307073847621e-6
15.19,4.71,0.024469214704767362,8.430823072019129e-15,8.435459370723367e-15,6.010307073847621e-6
15.19,4.71,0.04019433362333615,2.416701610984735e-20,2.4188281736977778e-20,6.010307073847621e-6
15.19,4.71,0.06602518613354949,4.6467822069862754e-29,4.653238163793745e-29,6.010307073847621e-6
15.19,4.71,0.1084562128786955,2.0682356068966735e-42,2.0726835768495887e-42,6.010307073847621e-6
15.19,4.71,0.17815550096589414,3.903219016445932e-62,3.915858829616825e-62,6.010307073847621e-6
15.19,4.71,0.292646974128703,6.251177998929552e-90,6.280619871155349e-90,6.010307073847621e-6
15.19,4.71,0.480716289995901,5.899961671129792e-127,5.938814971407626e-127,6.010307073847621e-6
15.19,4.71,0.789648183294706,2.2083621122607923e-173,2.227879760153564e-173,6.010307073847621e-6
15.19,4.71,1.297114881182717,2.5297482716360643e-228,2.5607297346373128e-228,6.010307073847621e-6
15.19,4.71,2.1307045980472066,3.4392170855003024e-290,3.5977608686339936e-290,6.010307073847621e-6
15.19,4.71,3.5000000000000004,0.0,3.9999207227583137e-300,6.010307073847621e-6
15.19,4.71,3.8,0.0,2.5688670455605975e-300,6.010307073847621e-6
15.19,4.71,3.98,0.0,7.968808915524061e-301,6.010307073847621e-6
15.19,4.71,3.9998,0.0,7.960561794689942e-302,6.010307073847621e-6
15.67,0.00113,1.0000000000000001e-7,0.0029334203423467247,0.0029334202257758875,0.002933772269796228
15.67,0.00113,1.6426491045299075e-7,0.0029332741415435295,0.002933274025424506,0.002933772269796228
15.67,0.00113,2.698296080612907e-7,0.0029330671978840313,0.0029330670824057317,0.002933772269796228
15.67,0.00113,4.432353640575351e-7,0.0029327742653157576,0.0029327741507443627,0.002933772269796228
15.67,0.00113,7.280801738650976e-7,0.002932359593494723,0.002932359480205193,0.002933772269796228
15.67,0.00113,1.1959802456254818e-6,0.0029317725424702836,0.0029317724309916174,0.002933772269796228
15.67,0.00113,1.9645758795121526e-6,0.0029309413479324236,0.0029309412390138134,0.002933772269796228
15.67,0.00113,3.227108809261693e-6,0.002929764233824825,0.002929764128534457,0.002933772269796228
15.67,0.00113,5.301007395754297e-6,0.002928096692308788,0.0029280965921859446,0.002933772269796228
15.67,0.00113,8.707695051742211e-6,0.002925733165790356,0.0029257330730776284,0.002933772269796228
15.67,0.00113,1.4303687479263852e-5,0.002922380425507911,0.00292238034346402,0.002933772269796228
15.67,0.00113,2.3495939429288417e-5,0.0029176183743031305,0.002917618307690829,0.002933772269796228
15.67,0.00113,3.8595583863609565e-5,0.0029108412984269675,0.002910841254301379,0.002933772269796228
15.67,0.00113,6.33990012723672e-5,0.002901167810375579,0.0029011677993811937,0.002933772269796228
15.67,0.00113,0.00010414231266814445,0.002887299180477682,0.002887299219044989,0.002933772269796228
15.67,0.00113,0.00017106927664800093,0.002867290719961909,0.0028672908341168864,0.002933772269796228
15.67,0.00113,0.00028100679409841776,0.002838175822213053,0.002838176054292382,0.002933772269796228
15.67,0.00113,0.00046159555869258604,0.0027953457480574422,0.0027953461685985225,0.002933772269796228
15.67,0.00113,0.0007582395311413588,0.0027315526679329155,0.0027315533958630167,0.002933772269796228
15.67,0.00113,0.00124552148684853,0.0026354312944689945,0.0026354325234880013,0.002933772269796228
15.67,0.00113,0.002045954755044497,0.002489726602922592,0.002489728623926495,0.002933772269796228
15.67,0.00113,0.0033607857462825456,0.0022704566267460866,0.0022704598124873607,0.002933772269796228
15.67,0.00113,0.005520591696647901,0.0019507590065571713,0.0019507636816346742,0.002933772269796228
15.67,0.00113,0.009068395006973916,0.0015167124993489866,0.0015167186029052555,0.002933772269796228
15.67,0.00113,0.01489619093772919,0.0010000214544811843,0.001000028072845202,0.002933772269796228
15.67,0.00113,0.024469214704767362,0.0005059135560582487,0.0005059189334693316,0.002933772269796228
15.67,0.00113,0.04019433362333615,0.000169833036137631,0.0001698358561866774,0.002933772269796228
15.67,0.00113,0.06602518613354949,3.116125338050334e-5,3.1162033935894985e-5,0.002933772269796228
15.67,0.00113,0.1084562128786955,2.4869313654082187e-6,2.4870212232893165e-6,0.002933772269796228
15.67,0.00113,0.17815550096589414,6.927137535000472e-8,6.927480672270435e-8,0.002933772269796228
15.67,0.00113,0.292646974128703,5.81931881403236e-10,5.8196944897584e-10,0.002933772269796228
15.67,0.00113,0.480716289995901,1.4514887008440738e-12,1.4516053232625894e-12,0.002933772269796228
15.67,0.00113,0.789648183294706,1.2129683817695507e-15,1.2130850312533592e-15,0.002933772269796228
15.67,0.00113,1.297114881182717,4.183359302555514e-19,4.1838259518727736e-19,0.002933772269796228
15.67,0.00113,2.1307045980472066,7.485239660984111e-23,7.486179747330196e-23,0.002933772269796228
15.67,0.00113,3.5000000000000004,8.261883999035056e-27,8.262950859202175e-27,0.002933772269796228
15.67,0.00113,3.8,1.5134249938636294e-27,1.513637969237557e-27,0.002933772269796228
15.67,0.00113,3.98,2.539425108520748e-28,2.5397113545902154e-28,0.002933772269796228
15.67,0.00113,3.9998,2.3807044458789068e-29,2.380980379301859e-29,0.002933772269796228
15.67,0.0037,1.0000000000000001e-7,0.002901523955347863,0.0029015238314511423,0.0029018733177139312
15.67,0.0037,1.6426491045299075e-7,0.00290137882011696,0.00290137869651396,0.0029018733177139312
15.67,0.0037,2.698296080612907e-7,0.0029011733847004134,0.0029011732615155193,0.0029018733177139312
15.67,0.0037,4.432353640575351e-7,0.0029008825869663865,0.002900882464377925,0.0029018733177139312
15.67,0.0037,7.280801738650976e-7,0.0029004709369356715,0.0029004708151957478,0.0029018733177139312
15.67,0.0037,1.1959802456254818e-6,0.0028998881632773484,0.0028998880427413675,0.0029018733177139312
15.67,0.0037,1.9645758795121526e-6,0.0028990630236536094,0.002899062904822283,0.0029018733177139312
15.67,0.0037,3.227108809261693e-6,0.002897894481330764,0.0028978943649109706,0.0029018733177139312
15.67,0.0037,5.301007395754297e-6,0.0028962390761088446,0.0028962389631040754,0.0029018733177139312
15.67,0.0037,8.707695051742211e-6,0.0028938927359793342,0.002893892627829072,0.0029018733177139312
15.67,0.0037,1.4303687479263852e-5,0.002890564341198407,0.002890564240002293,0.0029018733177139312
15.67,0.0037,2.3495939429288417e-5,0.0028858367941669277,0.0028858367030641877,0.0029018733177139312
15.67,0.0037,3.8595583863609565e-5,0.0028791086596820447,0.0028791085834366094,0.0029018733177139312
15.67,0.0037,6.33990012723672e-5,0.0028695046810197833,0.002869504626909078,0.0029018733177139312
15.67,0.0037,0.00010414231266814445,0.0028557349754791757,0.0028557349548558927,0.0029018733177139312
15.67,0.0037,0.00017106927664800093,0.0028358677571677197,0.0028358677881436278,0.0029018733177139312
15.67,0.0037,0.00028100679409841776,0.002806955530813789,0.00280695564283583,0.0029018733177139312
15.67,0.0037,0.00046159555869258604,0.002764418474366574,0.002764418715848824,0.0029018733177139312
15.67,0.0037,0.0007582395311413588,0.0027010537144391633,0.00270105416493241,0.0029018733177139312
15.67,0.0037,0.00124552148684853,0.0026055679941583117,0.002605568782026836,0.0029018733177139312
15.67,0.0037,0.002045954755044497,0.00246082469287502,0.0024608260153424293,0.0029018733177139312
15.67,0.0037,0.0033607857462825456,0.0022430375747062013,0.002243039695683918,0.0029018733177139312
15.67,0.0037,0.005520591696647901,0.0019256538881045513,0.0019256570469527938,0.0029018733177139312
15.67,0.0037,0.009068395006973916,0.0014951689061839908,0.0014951730756440009,0.0029018733177139312
15.67,0.0037,0.01489619093772919,0.0009836033288888493,0.000983607877464691,0.0029018733177139312
15.67,0.0037,0.024469214704767362,0.0004957895220523972,0.0004957932216744621,0.0029018733177139312
15.67,0.0037,0.04019433362333615,0.00016547056115286837,0.0001654724968856353,0.0029018733177139312
15.67,0.0037,0.06602518613354949,3.009108377670085e-5,3.0091618632365502e-5,0.0029018733177139312
15.67,0.0037,0.1084562128786955,2.3701130048937855e-6,2.370174713277337e-6,0.0029018733177139312
15.67,0.0037,0.17815550096589414,6.480911008964626e-8,6.481147437212836e-8,0.0029018733177139312
15.67,0.0037,0.292646974128703,5.312881446156808e-10,5.313140131463944e-10,0.0029018733177139312
15.67,0.0037,0.480716289995901,1.2853871652200881e-12,1.285467054513137e-12,0.0029018733177139312
15.67,0.0037,0.789648183294706,1.0363251552805169e-15,1.0364042957853158e-15,0.0029018733177139312
15.67,0.0037,1.297114881182717,3.433356257205117e-19,3.4336679305189954e-19,0.0029018733177139312
15.67,0.0037,2.1307045980472066,5.88247165737573e-23,5.883081374152209e-23,0.0029018733177139312
15.67,0.0037,3.5000000000000004,6.2059657802871595e-27,6.20642256265442e-27,0.0029018733177139312
15.67,0.0037,3.8,1.1291199612452335e-27,1.1292194719738444e-27,0.0029018733177139312
15.67,0.0037,3.98,1.8884117102396553e-28,1.8886775443336947e-28,0.0029018733177139312
15.67,0.0037,3.9998,1.7698222460544706e-29,1.7701074313054917e-29,0.0029018733177139312
15.67,0.0127,1.0000000000000001e-7,0.0027934400328255785,0.002793439915675854,0.0027937806427635464
15.67,0.0127,1.6426491045299075e-7,0.00279329853347851,0.002793298416601249,0.0027937806427635464
15.67,0.0127,2.698296080612907e-7,0.0027930982444011408,0.002793098127908331,0.0027937806427635464
15.67,0.0127,4.432353640575351e-7,0.002792814731025412,0.0027928146150776457,0.0027937806427635464
15.67,0.0127,7.280801738650976e-7,0.0027924133917748566,0.0027924132766048893,0.0027937806427635464
15.67,0.0127,1.1959802456254818e-6,0.002791845213104131,0.0027918450990443025,0.0027937806427635464
15.67,0.0127,1.9645758795121526e-6,0.0027910407337254604,0.0027910406212461438,0.0027937806427635464
15.67,0.0127,3.227108809261693e-6,0.0027899014395951862,0.0027899013293616413,0.0027937806427635464
15.67,0.0127,5.301007395754297e-6,0.0027882874452446536,0.0027882873381996614,0.0027937806427635464
15.67,0.0127,8.707695051742211e-6,0.0027859997477883095,0.0027859996452757997,0.0027937806427635464
15.67,0.0127,1.4303687479263852e-5,0.002782754423978892,0.0027827543279358006,0.0027937806427635464
15.67,0.0127,2.3495939429288417e-5,0.0027781446116924395,0.0027781445249605396,0.0027937806427635464
15.67,0.0127,3.8595583863609565e-5,0.0027715834760775587,0.0027715834029401476,0.0027937806427635464
15.67,0.0127,6.33990012723672e-5,0.0027622166827772103,0.0027622166299230634,0.0027937806427635464
15.67,0.0127,0.00010414231266814445,0.0027487845442078045,0.0027487845222590747,0.0027937806427635464
15.67,0.0127,0.00017106927664800093,0.0027293993204799212,0.0027293993465617797,0.0027937806427635464
15.67,0.0127,0.00028100679409841776,0.0027011787746338287,0.0027011788768598224,0.0027937806427635464
15.67,0.0127,0.00046159555869258604,0.0026596418695620763,0.002659642094405063,0.0027937806427635464
15.67,0.0127,0.0007582395311413588,0.0025977394047384523,0.002597739828284351,0.0027937806427635464
15.67,0.0127,0.00124552148684853,0.002504424539602655,0.002504425282463167,0.0027937806427635464
15.67,0.0127,0.002045954755044497,0.0023629660447795444,0.002362967285747603,0.0027937806427635464
15.67,0.0127,0.0033607857462825456,0.002150248121631298,0.0021502500920390502,0.0027937806427635464
15.67,0.0127,0.005520591696647901,0.0018407776351713782,0.0018407805481052348,0.0027937806427635464
15.67,0.0127,0.009068395006973916,0.0014224689213574197,0.001422472752253125,0.0027937806427635464
15.67,0.0127,0.01489619093772919,0.000928395362085039,0.0009283995242500941,0.0027937806427635464
15.67,0.0127,0.024469214704767362,0.00046196723461336403,0.00046197058932933015,0.0027937806427635464
15.67,0.0127,0.04019433362333615,0.00015106065925328101,0.0001510623821823257,0.0027937806427635464
15.67,0.0127,0.06602518613354949,2.6620832496106823e-5,2.6621293659607812e-5,0.0027937806427635464
15.67,0.0127,0.1084562128786955,2.0018057615603352e-6,2.0018565378571864e-6,0.0027937806427635464
15.67,0.0127,0.17815550096589414,5.129125139913797e-8,5.1293078849765515e-8,0.0027937806427635464
15.67,0.0127,0.292646974128703,3.857766215311026e-10,3.857950527389942e-10,0.0027937806427635464
15.67,0.0127,0.480716289995901,8.383789782398801e-13,8.38430282532056e-13,0.0027937806427635464
15.67,0.0127,0.789648183294706,5.957743934768127e-16,5.95819301746994e-16,0.0027937806427635464
15.67,0.0127,1.297114881182717,1.7134493932336192e-19,1.7136033900392447e-19,0.0027937806427635464
15.67,0.0127,2.1307045980472066,2.5199918526544263e-23,2.520251716080932e-23,0.0027937806427635464
15.67,0.0127,3.5000000000000004,2.2675398878578884e-27,2.2676781716445534e-27,0.0027937806427635464
15.67,0.0127,3.8,4.0279155511897784e-28,4.028185857732188e-28,0.0027937806427635464
15.67,0.0127,3.98,6.659483655575282e-29,6.660638309335922e-29,0.0027937806427635464
15.67,0.0127,3.9998,6.2343453994053075e-30,6.2354741828259396e-30,0.0027937806427635464
15.67,0.047,1.0000000000000001e-7,0.0024280413489336005,0.0024280412542711303,0.002428351622358119
15.67,0.047,1.6426491045299075e-7,0.002427912451810275,0.0024279123573972814,0.002428351622358119
15.67,0.047,2.698296080612907e-7,0.002427730000301757,0.0024277299062404395,0.002428351622358119
15.67,0.047,4.432353640575351e-7,0.0024274717350243964,0.0024274716414583934,0.002428351622358119
15.67,0.047,7.280801738650976e-7,0.00242710613367955,0.0024271060408120066,0.002428351622358119
15.67,0.047,1.1959802456254818e-6,0.0024265885423245493,0.0024265884504456343,0.002428351622358119
15.67,0.047,1.9645758795121526e-6,0.0024258556729895666,0.002425855582519823,0.002428351622358119
15.67,0.047,3.227108809261693e-6,0.002424817755632516,0.002424817667181682,0.002428351622358119
15.67,0.047,5.301007395754297e-6,0.002423347295496928,0.002423347209937221,0.002428351622358119
15.67,0.047,8.707695051742211e-6,0.002421262860714956,0.0024212627792959303,0.002428351622358119
15.67,0.047,1.4303687479263852e-5,0.002418305474248872,0.0024183053987720843,0.002428351622358119
15.67,0.047,2.3495939429288417e-5,0.0024141037573449614,0.0024141036904378414,0.002428351622358119
15.67,0.047,3.8595583863609565e-5,0.002408121496976582,0.0024081214425389786,0.002428351622358119
15.67,0.047,6.33990012723672e-5,0.0023995769166198586,0.0023995768805859545,0.002428351622358119
15.67,0.047,0.00010414231266814445,0.002387315084638448,0.0023873150763430617,0.002428351622358119
15.67,0.047,0.00017106927664800093,0.0023696011691296264,0.0023696012038900193,0.002428351622358119
15.67,0.047,0.00028100679409841776,0.002343779719371926,0.0023437798231245367,0.002428351622358119
15.67,0.047,0.00046159555869258604,0.002305713556174465,0.002305713772647944,0.002428351622358119
15.67,0.047,0.0007582395311413588,0.0022488896474335105,0.002248890049169362,0.002428351622358119
15.67,0.047,0.00124552148684853,0.0021631234728189275,0.0021631241748667537,0.002428351622358119
15.67,0.047,0.002045954755044497,0.0020331067990588276,0.0020331079680961073,0.002428351622358119
15.67,0.047,0.0033607857462825456,0.0018380809907181418,0.0018380828286603717,0.002428351622358119
15.67,0.047,0.005520591696647901,0.0015562661501633923,0.0015562688102907576,0.002428351622358119
15.67,0.047,0.009068395006973916,0.0011804627642455713,0.0011804661556561104,0.002428351622358119
15.67,0.047,0.01489619093772919,0.0007470357474219218,0.0007470392937783358,0.002428351622358119
15.67,0.047,0.024469214704767362,0.00035352568460674547,0.0003535284029871572,0.002428351622358119
15.67,0.047,0.04019433362333615,0.00010675772661591465,0.00010675901983697058,0.002428351622358119
15.67,0.047,0.06602518613354949,1.664942706688087e-5,1.664973385462938e-5,0.002428351622358119
15.67,0.047,0.1084562128786955,1.0455401061146611e-6,1.0455682675937398e-6,0.002428351622358119
15.67,0.047,0.17815550096589414,2.080585652892036e-8,2.0806641866479606e-8,0.002428351622358119
15.67,0.047,0.292646974128703,1.1198203360359256e-10,1.119877029424734e-10,0.002428351622358119
15.67,0.047,0.480716289995901,1.6040391983113346e-13,1.6041434235923649e-13,0.002428351622358119
15.67,0.047,0.789648183294706,6.980876500081909e-17,6.98143582418068e-17,0.002428351622358119
15.67,0.047,1.297114881182717,1.1590252205520568e-20,1.15913601415684e-20,0.002428351622358119
15.67,0.047,2.1307045980472066,9.420673741135771e-25,9.421715668181082e-25,0.002428351622358119
15.67,0.047,3.5000000000000004,4.5670176406375215e-29,4.567433916856089e-29,0.002428351622358119
15.67,0.047,3.8,7.387431305635353e-30,7.388137182652088e-30,0.002428351622358119
15.67,0.047,3.98,1.1677994329414337e-30,1.1679653602690974e-30,0.002428351622358119
15.67,0.047,3.9998,1.0885370910479087e-31,1.0886788241672943e-31,0.002428351622358119
15.67,0.173,1.0000000000000001e-7,0.0015324601510921508,0.0015324601029605065,0.0015326897805874322
15.67,0.173,1.6426491045299075e-7,0.001532364754620811,0.001532364706671741,0.0015326897805874322
15.67,0.173,2.698296080612907e-7,0.0015322297209563157,0.0015322296732669062,0.0015326897805874322
15.67,0.173,4.432353640575351e-7,0.0015320385730505906,0.0015320385257293105,0.0015326897805874322
15.67,0.173,7.280801738650976e-7,0.0015317679743296288,0.0015317679275288557,0.0015326897805874322
15.67,0.173,1.1959802456254818e-6,0.0015313848601486305,0.0015313848140826656,0.0015326897805874322
15.67,0.173,1.9645758795121526e-6,0.0015308423534427552,0.0015308423084143122,0.0015326897805874322
15.67,0.173,3.227108809261693e-6,0.0015300739292474447,0.0015300738856877912,0.0015326897805874322
15.67,0.173,5.301007395754297e-6,0.0015289850332894765,0.0015289849918218772,0.0015326897805874322
15.67,0.173,8.707695051742211e-6,0.0015274409485418398,0.0015274409100857846,0.0015326897805874322
15.67,0.173,1.4303687479263852e-5,0.0015252490276598653,0.0015252489935811122,0.0015326897805874322
15.67,0.173,2.3495939429288417e-5,0.001522132257386002,0.0015221322297113411,0.0015326897805874322
15.67,0.173,3.8595583863609565e-5,0.0015176890987600293,0.0015176890805444867,0.0015326897805874322
15.67,0.173,6.33990012723672e-5,0.0015113309369184226,0.0015113309328634126,0.0015326897805874322
15.67,0.173,0.00010414231266814445,0.0015021820571933743,0.0015021820747049817,0.0015326897805874322
15.67,0.173,0.00017106927664800093,0.0014889160646906604,0.0014889161157108893,0.0015326897805874322
15.67,0.173,0.00028100679409841776,0.0014694855047483414,0.0014694856089333594,0.0015326897805874322
15.67,0.173,0.00046159555869258604,0.0014406805076355252,0.0014406806978254267,0.0015326897805874322
15.67,0.173,0.0007582395311413588,0.001397446647813807,0.001397446979078232,0.0015326897805874322
15.67,0.173,0.00124552148684853,0.0013319719752555984,0.00133197253598449,0.0015326897805874322
15.67,0.173,0.002045954755044497,0.0012329089801449273,0.0012329098944023158,0.0015326897805874322
15.67,0.173,0.0033607857462825456,0.0010860960737500655,0.00108609747499325,0.0015326897805874322
15.67,0.173,0.005520591696647901,0.000879994367851516,0.0008799963086325422,0.0015326897805874322
15.67,0.173,0.009068395006973916,0.0006199052852667341,0.0006199075736079119,0.0015326897805874322
15.67,0.173,0.01489619093772919,0.000347080871037887,0.0003470829684219699,0.0015326897805874322
15.67,0.173,0.024469214704767362,0.00013465636502106985,0.00013465766786039285,0.0015326897805874322
15.67,0.173,0.04019433362333615,2.969582601515636e-5,2.9696275457817544e-5,0.0015326897805874322
15.67,0.173,0.06602518613354949,2.8602877686076306e-6,2.86035359019739e-6,0.0015326897805874322
15.67,0.173,0.1084562128786955,8.832365644200894e-8,8.832663114233569e-8,0.0015326897805874322
15.67,0.173,0.17815550096589414,6.499252420702677e-10,6.499558627073658e-10,0.0015326897805874322
15.67,0.173,0.292646974128703,9.38083126293601e-13,9.381422109203219e-13,0.0015326897805874322
15.67,0.173,0.480716289995901,2.610445755543172e-16,2.6106564394675455e-16,0.0015326897805874322
15.67,0.173,0.789648183294706,1.655065602707746e-20,1.655230326541393e-20,0.0015326897805874322
15.67,0.173,1.297114881182717,3.1765723099906908e-25,3.176949420416368e-25,0.0015326897805874322
15.67,0.173,2.1307045980472066,2.5167667903754054e-30,2.5171113758866137e-30,0.0015326897805874322
15.67,0.173,3.5000000000000004,1.0690719142706347e-35,1.0691842967142697e-35,0.0015326897805874322
15.67,0.173,3.8,1.1878917071113279e-36,1.187998252939901e-36,0.0015326897805874322
15.67,0.173,3.98,1.5701625849758833e-37,1.5702058188813041e-37,0.0015326897805874322
15.67,0.173,3.9998,1.4389445004801862e-38,1.4390671538126396e-38,0.0015326897805874322
15.67,0.61,1.0000000000000001e-7,0.0004962331264228386,0.0004962331182581572,0.0004963484527985678
15.67,0.61,1.6426491045299075e-7,0.0004961852128317983,0.0004961852047561565,0.0004963484527985678
15.67,0.61,2.698296080612907e-7,0.0004961173875227595,0.0004961173795742931,0.0004963484527985678
15.67,0.61,4.432353640575351e-7,0.0004960213685681693,0.0004960213608010767,0.0004963484527985678
15.67,0.61,7.280801738650976e-7,0.000495885420215408,0.0004958854127062851,0.0004963484527985678
15.67,0.61,1.1959802456254818e-6,0.000495692901003647,0.000495692893860657,0.0004963484527985678
15.67,0.61,1.9645758795121526e-6,0.0004954201872123669,0.0004954201805886067,0.0004963484527985678
15.67,0.61,3.227108809261693e-6,0.0004950336855749899,0.0004950336796884791,0.0004963484527985678
15.67,0.61,5.301007395754297e-6,0.0004944854984840543,0.0004944854936488788,0.0004963484527985678
15.67,0.61,8.707695051742211e-6,0.0004937070550065637,0.0004937070516837068,0.0004963484527985678
15.67,0.61,1.4303687479263852e-5,0.0004925995916907839,0.0004925995905761531,0.0004963484527985678
15.67,0.61,2.3495939429288417e-5,0.0004910196089159543,0.0004910196110941548,0.0004963484527985678
15.67,0.61,3.8595583863609565e-5,0.0004887560723584047,0.0004887560795369271,0.0004963484527985678
15.67,0.61,6.33990012723672e-5,0.00048549372809348755,0.00048549374301167425,0.0004963484527985678
15.67,0.61,0.00010414231266814445,0.00048075283986247355,0.000480752867000432,0.0004963484527985678
15.67,0.61,0.00017106927664800093,0.0004737895348173322,0.0004737895815732042,0.0004963484527985678
15.67,0.61,0.00028100679409841776,0.0004634342374975912,0.00046343431602760364,0.0004963484527985678
15.67,0.61,0.00046159555869258604,0.00044784710640293705,0.00044784723618978943,0.0004963484527985678
15.67,0.61,0.0007582395311413588,0.00042420875823026067,0.00042420896882709096,0.0004963484527985678
15.67,0.61,0.00124552148684853,0.000388518348011625,0.00038851867947323676,0.0004963484527985678
15.67,0.61,0.002045954755044497,0.0003360714604238993,0.00033607195397740495,0.0004963484527985678
15.67,0.61,0.0033607857462825456,0.00026384469748562845,0.0002638453602246156,0.0004963484527985678
15.67,0.61,0.005520591696647901,0.00017597172765535966,0.00017597247296478015,0.0004963484527985678
15.67,0.61,0.009068395006973916,8.958332900843603e-5,8.958395713733853e-5,0.0004963484527985678
15.67,0.61,0.01489619093772919,2.9421540768630384e-5,2.942187549108029e-5,0.0004963484527985678
15.67,0.61,0.024469214704767362,4.83317088681648e-6,4.833258235404715e-6,0.0004963484527985678
15.67,0.61,0.04019433362333615,2.755981504905752e-7,2.7560588398612186e-7,0.0004963484527985678
15.67,0.61,0.06602518613354949,3.3625139990645607e-9,3.3626566342967327e-9,0.0004963484527985678
15.67,0.61,0.1084562128786955,4.9895452403635724e-12,4.989854373606601e-12,0.0004963484527985678
15.67,0.61,0.17815550096589414,5.262453827961129e-16,5.262909600919367e-16,0.0004963484527985678
15.67,0.61,0.292646974128703,2.7936412033476565e-21,2.7939639103696796e-21,0.0004963484527985678
15.67,0.61,0.480716289995901,7.3303135973628475e-28,7.331395660699884e-28,0.0004963484527985678
15.67,0.61,0.789648183294706,1.3042995932785728e-35,1.304536650412633e-35,0.0004963484527985678
15.67,0.61,1.297114881182717,2.6591725636443413e-44,2.6597489784943567e-44,0.0004963484527985678
15.67,0.61,2.1307045980472066,1.0947459389240736e-53,1.0950202126514813e-53,0.0004963484527985678
15.67,0.61,3.5000000000000004,1.4887462679899857e-63,1.489503759217667e-63,0.0004963484527985678
15.67,0.61,3.8,3.0976917399213625e-65,3.0819754881993062e-65,0.0004963484527985678
15.67,0.61,3.98,1.8383335495949867e-66,1.841613925733031e-66,0.0004963484527985678
15.67,0.61,3.9998,1.5668708942192556e-67,1.5730355265504005e-67,0.0004963484527985678
15.67,1.73,1.0000000000000001e-7,0.00011494751678955769,0.00011494751623952114,0.00011500257334673018
15.67,1.73,1.6426491045299075e-7,0.00011492463786216974,0.00011492463735420426,0.00011500257334673018
15.67,1.73,2.698296080612907e-7,0.00011489224446013608,0.00011489224401223542,0.00011500257334673018
15.67,1.73,4.432353640575351e-7,0.00011484637084296731,0.0001148463704810805,0.00011500257334673018
15.67,1.73,7.280801738650976e-7,0.00011478138689730919,0.00011478138665844751,0.00011500257334673018
15.67,1.73,1.1959802456254818e-6,0.00011468928548285825,0.00011468928541990878,0.00011500257334673018
15.67,1.73,1.9645758795121526e-6,0.000114558647650997,0.00011455864783998909,0.00011500257334673018
15.67,1.73,3.227108809261693e-6,0.00011437312088561648,0.00011437312143708022,0.00011500257334673018
15.67,1.73,5.301007395754297e-6,0.00011410914185635106,0.00011410914293381939,0.00011500257334673018
15.67,1.73,8.707695051742211e-6,0.00011373245180620565,0.00011373245365785128,0.00011500257334673018
15.67,1.73,1.4303687479263852e-5,0.00011319262448992254,0.0001131926275056766,0.00011500257334673018
15.67,1.73,2.3495939429288417e-5,0.00011241424590525922,0.00011241425072550577,0.00011500257334673018
15.67,1.73,3.8595583863609565e-5,0.00011128240609200144,0.00011128241379495672,0.00011500257334673018
15.67,1.73,6.33990012723672e-5,0.0001096186987911779,0.0001096187111916717,0.00011500257334673018
15.67,1.73,0.00010414231266814445,0.00010714236529515651,0.00010714238541880599,0.00011500257334673018
15.67,1.73,0.00017106927664800093,0.00010341176759243711,0.00010341180030438597,0.00011500257334673018
15.67,1.73,0.00028100679409841776,9.775146061298301e-5,9.775151316775656e-5,0.00011500257334673018
15.67,1.73,0.00046159555869258604,8.920863068245472e-5,8.920871241893624e-5,0.00011500257334673018
15.67,1.73,0.0007582395311413588,7.66815480348967e-5,7.668166744371699e-5,0.00011500257334673018
15.67,1.73,0.00124552148684853,5.9520154322382624e-5,5.952031095460379e-5,0.00011500257334673018
15.67,1.73,0.002045954755044497,3.886848803251157e-5,3.88686599019255e-5,0.00011500257334673018
15.67,1.73,0.0033607857462825456,1.900439977088582e-5,1.9004540085306714e-5,0.00011500257334673018
15.67,1.73,0.005520591696647901,5.760228197883466e-6,5.760298524166883e-6,0.00011500257334673018
15.67,1.73,0.009068395006973916,8.015439049072345e-7,8.015598889048271e-7,0.00011500257334673018
15.67,1.73,0.01489619093772919,3.208934300864812e-8,3.209037264752417e-8,0.00011500257334673018
15.67,1.73,0.024469214704767362,1.828229891615458e-10,1.8283225840186146e-10,0.00011500257334673018
15.67,1.73,0.04019433362333615,5.414519680902407e-14,5.414944133826259e-14,0.00011500257334673018
15.67,1.73,0.06602518613354949,2.209998625197335e-19,2.2102595023463395e-19,0.00011500257334673018
15.67,1.73,0.1084562128786955,2.673064078298754e-27,2.673523439326703e-27,0.00011500257334673018
15.67,1.73,0.17815550096589414,2.2714033700658978e-38,2.271947757838e-38,0.00011500257334673018
15.67,1.73,0.292646974128703,5.556741461775489e-53,5.558513249707094e-53,0.00011500257334673018
15.67,1.73,0.480716289995901,3.944847514546211e-71,3.946450573935578e-71,0.00011500257334673018
15.67,1.73,0.789648183294706,2.007776097513008e-92,2.008778618418413e-92,0.00011500257334673018
15.67,1.73,1.297114881182717,3.104527347733549e-116,3.106374577408327e-116,0.00011500257334673018
15.67,1.73,2.1307045980472066,6.766456051360811e-142,6.771097020989516e-142,0.00011500257334673018
15.67,1.73,3.5000000000000004,7.793416064779333e-169,8.07262146551109e-169,0.00011500257334673018
15.67,1.73,3.8,2.1721608760536962e-173,1.8298964466966588e-173,0.00011500257334673018
15.67,1.73,3.98,4.313485423941824e-176,4.7586836371810156e-176,0.00011500257334673018
15.67,1.73,3.9998,2.768451452570994e-177,3.2380077913621e-177,0.00011500257334673018
15.67,4.71,1.0000000000000001e-7,2.149981701532963e-5,2.1499848092354308e-5,2.1527926647956114e-5
15.67,4.71,1.6426491045299075e-7,2.1488123723298305e-5,2.1488154954997592e-5,2.1527926647956114e-5
15.67,4.71,2.698296080612907e-7,2.1471552110504618e-5,2.1471583563520496e-5,2.1527926647956114e-5
15.67,4.71,4.432353640575351e-7,2.1448049462270927e-5,2.1448081233514028e-5,2.1527926647956114e-5
15.67,4.71,7.280801738650976e-7,2.1414677962724997e-5,2.1414710194791805e-5,2.1527926647956114e-5
15.67,4.71,1.1959802456254818e-6,2.136720809250868e-5,2.136724099882234e-5,2.1527926647956114e-5
15.67,4.71,1.9645758795121526e-6,2.1299498271538864e-5,2.1299532178670534e-5,2.1527926647956114e-5
15.67,4.71,3.227108809261693e-6,2.120252380267436e-5,2.1202559223675137e-5,2.1527926647956114e-5
15.67,4.71,5.301007395754297e-6,2.1062816213101033e-5,2.1062853976973293e-5,2.1527926647956114e-5
15.67,4.71,8.707695051742211e-6,2.0859900599203802e-5,2.0859942080267225e-5,2.1527926647956114e-5
15.67,4.71,1.4303687479263852e-5,2.0562053233454436e-5,2.0562100750367783e-5,2.1527926647956114e-5
15.67,4.71,2.3495939429288417e-5,2.011939787646884e-5,2.011945534696854e-5,2.1527926647956114e-5
15.67,4.71,3.8595583863609565e-5,1.9453364152533213e-5,1.9453438013437988e-5,2.1527926647956114e-5
15.67,4.71,6.33990012723672e-5,1.844306649636008e-5,1.8443166638400886e-5,2.1527926647956114e-5
15.67,4.71,0.00010414231266814445,1.6915453022789583e-5,1.6915592694566864e-5,2.1527926647956114e-5
15.67,4.71,0.00017106927664800093,1.4663022803389819e-5,1.4663214862515922e-5,2.1527926647956114e-5
15.67,4.71,0.00028100679409841776,1.1542380696347348e-5,1.1542626148004814e-5,2.1527926647956114e-5
15.67,4.71,0.00046159555869258604,7.711930765773463e-6,7.712199525547504e-6,2.1527926647956114e-5
15.67,4.71,0.0007582395311413588,3.9082176855190235e-6,3.908441305443488e-6,2.1527926647956114e-5
15.67,4.71,0.00124552148684853,1.2485140403813428e-6,1.2486312181355057e-6,2.1527926647956114e-5
15.67,4.71,0.002045954755044497,1.859494893409375e-7,1.8597807722485833e-7,2.1527926647956114e-5
15.67,4.71,0.0033607857462825456,7.921885474272547e-9,7.923876992279137e-9,2.1527926647956114e-5
15.67,4.71,0.005520591696647901,4.4041655030915814e-11,4.405970901883821e-11,2.1527926647956114e-5
15.67,4.71,0.009068395006973916,9.197517732008473e-15,9.203638008855793e-15,2.1527926647956114e-5
15.67,4.71,0.01489619093772919,1.0409875096576117e-20,1.0421039749459775e-20,2.1527926647956114e-5
15.67,4.71,0.024469214704767362,3.47626216608414e-30,3.482206794857663e-30,2.1527926647956114e-5
15.67,4.71,0.04019433362333615,5.419140324696115e-45,5.433684916904714e-45,2.1527926647956114e-5
15.67,4.71,0.06602518613354949,1.740481282453775e-67,1.7476516885304564e-67,2.1527926647956114e-5
15.67,4.71,0.1084562128786955,2.344427952937274e-100,2.358818920940189e-100,2.1527926647956114e-5
15.67,4.71,0.17815550096589414,4.554910556285402e-146,4.595065317302175e-146,2.1527926647956114e-5
15.67,4.71,0.292646974128703,4.5743024226201143e-206,4.6300083747456193e-206,2.1527926647956114e-5
15.67,4.71,0.480716289995901,3.3601356884836604e-280,1.1356076026072675e-280,2.1527926647956114e-5
15.67,4.71,0.789648183294706,0.0,8.143568651846239e-300,2.1527926647956114e-5
15.67,4.71,1.297114881182717,0.0,7.568356502646901e-300,2.1527926647956114e-5
15.67,4.71,2.1307045980472066,0.0,6.770558573802229e-300,2.1527926647956114e-5
15.67,4.71,3.5000000000000004,0.0,3.872983354376527e-300,2.1527926647956114e-5
15.67,4.71,3.8,0.0,2.4979992074437545e-300,2.1527926647956114e-5
15.67,4.71,3.98,0.0,7.989993745337347e-301,2.1527926647956114e-5
15.67,4.71,3.9998,0.0,7.999900000571319e-302,2.1527926647956114e-5
