12.013,0.00113,1.0000000000000001e-7,4.1825511024932845e-8,4.182430515279026e-8,4.182559370327106e-8
12.013,0.00113,1.6426491045299075e-7,4.182547667976582e-8,4.182427080698597e-8,4.182559370327106e-8
12.013,0.00113,2.698296080612907e-7,4.182542806737271e-8,4.1824222193679115e-8,4.182559370327106e-8
12.013,0.00113,4.432353640575351e-7,4.182535926104565e-8,4.1824153386035574e-8,4.182559370327106e-8
12.013,0.00113,7.280801738650976e-7,4.182526187207867e-8,4.182405599528703e-8,4.182559370327106e-8
12.013,0.00113,1.1959802456254818e-6,4.1825124027034663e-8,4.1823918147546944e-8,4.182559370327106e-8
12.013,0.00113,1.9645758795121526e-6,4.1824928920157695e-8,4.182372303714647e-8,4.182559370327106e-8
12.013,0.00113,3.227108809261693e-6,4.182465276444152e-8,4.18234468760399e-8,4.182559370327106e-8
12.013,0.00113,5.301007395754297e-6,4.1824261891541516e-8,4.182305599599896e-8,4.182559370327106e-8
12.013,0.00113,8.707695051742211e-6,4.1823708646933024e-8,4.182250274082169e-8,4.182559370327106e-8
12.013,0.00113,1.4303687479263852e-5,4.1822925579804563e-8,4.1821719658971134e-8,4.182559370327106e-8
12.013,0.00113,2.3495939429288417e-5,4.182181721919221e-8,4.182061127778106e-8,4.182559370327106e-8
12.013,0.00113,3.8595583863609565e-5,4.182024843339641e-8,4.181904246161418e-8,4.182559370327106e-8
12.013,0.00113,6.33990012723672e-5,4.1818027952727257e-8,4.1816821940634e-8,4.182559370327106e-8
12.013,0.00113,0.00010414231266814445,4.1814885044922e-8,4.181367897118335e-8,4.182559370327106e-8
12.013,0.00113,0.00017106927664800093,4.1810436495357026e-8,4.1809230341087033e-8,4.182559370327106e-8
12.013,0.00113,0.00028100679409841776,4.1804139856472093e-8,4.1802933580097954e-8,4.182559370327106e-8
12.013,0.00113,0.00046159555869258604,4.179522724338145e-8,4.1794020802158925e-8,4.182559370327106e-8
12.013,0.00113,0.0007582395311413588,4.1782611549131006e-8,4.178140486936719e-8,4.182559370327106e-8
12.013,0.00113,0.00124552148684853,4.176475351524416e-8,4.176354649431666e-8,4.182559370327106e-8
12.013,0.00113,0.002045954755044497,4.173947314175438e-8,4.1738265655210373e-8,4.182559370327106e-8
12.013,0.00113,0.0033607857462825456,4.170368170799731e-8,4.170247351903263e-8,4.182559370327106e-8
12.013,0.00113,0.005520591696647901,4.1652999974927185e-8,4.1651790865469096e-8,4.182559370327106e-8
12.013,0.00113,0.009068395006973916,4.1581211809835725e-8,4.1580001284319595e-8,4.182559370327106e-8
12.013,0.00113,0.01489619093772919,4.147947649348495e-8,4.147826410351151e-8,4.182559370327106e-8
12.013,0.00113,0.024469214704767362,4.133517922027197e-8,4.133396404319437e-8,4.182559370327106e-8
12.013,0.00113,0.04019433362333615,4.11302203175441e-8,4.1129001313989066e-8,4.182559370327106e-8
12.013,0.00113,0.06602518613354949,4.083838993139121e-8,4.083716561183691e-8,4.182559370327106e-8
12.013,0.00113,0.1084562128786955,4.042115315716603e-8,4.041992128883211e-8,4.182559370327106e-8
12.013,0.00113,0.17815550096589414,3.982045401609003e-8,3.9819212977727705e-8,4.182559370327106e-8
12.013,0.00113,0.292646974128703,3.8945463375711186e-8,3.8944210465205253e-8,4.182559370327106e-8
12.013,0.00113,0.480716289995901,3.76460176661525e-8,3.764475549014468e-8,4.182559370327106e-8
12.013,0.00113,0.789648183294706,3.565421338984291e-8,3.5652950959745404e-8,4.182559370327106e-8
12.013,0.00113,1.297114881182717,3.243942879817184e-8,3.243820004549539e-8,4.182559370327106e-8
12.013,0.00113,2.1307045980472066,2.675396700758465e-8,2.6752865474658528e-8,4.182559370327106e-8
12.013,0.00113,3.5000000000000004,1.3711908574757754e-8,1.371128072149231e-8,4.182559370327106e-8
12.013,0.00113,3.8,8.657019804601606e-9,8.65661511174936e-9,4.182559370327106e-8
12.013,0.00113,3.98,2.734756349490952e-9,2.734626964853021e-9,4.182559370327106e-8
12.013,0.00113,3.9998,2.7344460168375515e-10,2.7343164748422174e-10,4.182559370327106e-8
12.013,0.0037,1.0000000000000001e-7,4.151069539901062e-8,4.15094905027499e-8,4.151077747472382e-8
12.013,0.0037,1.6426491045299075e-7,4.151066130417828e-8,4.150945640695124e-8,4.151077747472382e-8
12.013,0.0037,2.698296080612907e-7,4.1510613046110647e-8,4.150940814758012e-8,4.151077747472382e-8
12.013,0.0037,4.432353640575351e-7,4.15105447412984e-8,4.150933984082146e-8,4.151077747472382e-8
12.013,0.0037,7.280801738650976e-7,4.1510448062179064e-8,4.1509243159088715e-8,4.151077747472382e-8
12.013,0.0037,1.1959802456254818e-6,4.151031122185844e-8,4.150910631490927e-8,4.151077747472382e-8
12.013,0.0037,1.9645758795121526e-6,4.151011753707411e-8,4.150891262480362e-8,4.151077747472382e-8
12.013,0.0037,3.227108809261693e-6,4.150984339419807e-8,4.1508638474340093e-8,4.151077747472382e-8
12.013,0.0037,5.301007395754297e-6,4.1509455370286634e-8,4.150825043954139e-8,4.151077747472382e-8
12.013,0.0037,8.707695051742211e-6,4.150890615815756e-8,4.150770121248153e-8,4.151077747472382e-8
12.013,0.0037,1.4303687479263852e-5,4.1508128798631074e-8,4.15069238308223e-8,4.151077747472382e-8
12.013,0.0037,2.3495939429288417e-5,4.150702851660393e-8,4.150582351912661e-8,4.151077747472382e-8
12.013,0.0037,3.8595583863609565e-5,4.15054711653066e-8,4.150426612357203e-8,4.151077747472382e-8
12.013,0.0037,6.33990012723672e-5,4.15032668691358e-8,4.150206176745477e-8,4.151077747472382e-8
12.013,0.0037,0.00010414231266814445,4.1500146869051894e-8,4.149894168001445e-8,4.151077747472382e-8
12.013,0.0037,0.00017106927664800093,4.1495730743400785e-8,4.149452543185034e-8,4.151077747472382e-8
12.013,0.0037,0.00028100679409841776,4.14894799979469e-8,4.148827451467496e-8,4.151077747472382e-8
12.013,0.0037,0.00046159555869258604,4.1480632343698244e-8,4.1479426609906286e-8,4.151077747472382e-8
12.013,0.0037,0.0007582395311413588,4.146810859497851e-8,4.146690252192848e-8,4.151077747472382e-8
12.013,0.0037,0.00124552148684853,4.1450380707139917e-8,4.144917412728391e-8,4.151077747472382e-8
12.013,0.0037,0.002045954755044497,4.142528455729443e-8,4.142407729750806e-8,4.151077747472382e-8
12.013,0.0037,0.0033607857462825456,4.138975390962802e-8,4.138854564043049e-8,4.151077747472382e-8
12.013,0.0037,0.005520591696647901,4.133944138117547e-8,4.1338231724990925e-8,4.151077747472382e-8
12.013,0.0037,0.009068395006973916,4.126817600629436e-8,4.126696435557938e-8,4.151077747472382e-8
12.013,0.0037,0.01489619093772919,4.116718119243429e-8,4.1165966687812043e-8,4.151077747472382e-8
12.013,0.0037,0.024469214704767362,4.1023933400740015e-8,4.102271496066049e-8,4.151077747472382e-8
12.013,0.0037,0.04019433362333615,4.082046342151412e-8,4.081923915448191e-8,4.151077747472382e-8
12.013,0.0037,0.06602518613354949,4.053074936067179e-8,4.052951737218118e-8,4.151077747472382e-8
12.013,0.0037,0.1084562128786955,4.0116530890006896e-8,4.0115287569605266e-8,4.151077747472382e-8
12.013,0.0037,0.17815550096589414,3.9520162858880865e-8,3.951890520896088e-8,4.151077747472382e-8
12.013,0.0037,0.292646974128703,3.865145569161858e-8,3.865017952699182e-8,4.151077747472382e-8
12.013,0.0037,0.480716289995901,3.736130465874638e-8,3.736000951446962e-8,4.151077747472382e-8
12.013,0.0037,0.789648183294706,3.53837208092534e-8,3.538241554382605e-8,4.151077747472382e-8
12.013,0.0037,1.297114881182717,3.219198605720318e-8,3.219070422923239e-8,4.151077747472382e-8
12.013,0.0037,2.1307045980472066,2.6547974037931792e-8,2.6546816470477294e-8,4.151077747472382e-8
12.013,0.0037,3.5000000000000004,1.360466103350985e-8,1.3603998426546583e-8,4.151077747472382e-8
12.013,0.0037,3.8,8.589076086370847e-9,8.588648793297737e-9,4.151077747472382e-8
12.013,0.0037,3.98,2.713248765393802e-9,2.7131121423586604e-9,4.151077747472382e-8
12.013,0.0037,3.9998,2.71293602088038e-10,2.7127992338124347e-10,4.151077747472382e-8
12.013,0.0127,1.0000000000000001e-7,4.043657411565593e-8,4.043538102257332e-8,4.043665413512731e-8
12.013,0.0127,1.6426491045299075e-7,4.043654087500103e-8,4.043534778102128e-8,4.043665413512731e-8
12.013,0.0127,2.698296080612907e-7,4.043649382594215e-8,4.043530073063276e-8,4.043665413512731e-8
12.013,0.0127,4.432353640575351e-7,4.0436427232369466e-8,4.043523413527845e-8,4.043665413512731e-8
12.013,0.0127,7.280801738650976e-7,4.043633297535074e-8,4.0435139875600615e-8,4.043665413512731e-8
12.013,0.0127,1.1959802456254818e-6,4.0436199563288556e-8,4.043500645994062e-8,4.043665413512731e-8
12.013,0.0127,1.9645758795121526e-6,4.043601073088568e-8,4.0434817622288844e-8,4.043665413512731e-8
12.013,0.0127,3.227108809261693e-6,4.0435743456105226e-8,4.043455034015895e-8,4.043665413512731e-8
12.013,0.0127,5.301007395754297e-6,4.0435365153346115e-8,4.043417202708812e-8,4.043665413512731e-8
12.013,0.0127,8.707695051742211e-6,4.043482970060783e-8,4.0433636559327466e-8,4.043665413512731e-8
12.013,0.0127,1.4303687479263852e-5,4.043407181622756e-8,4.043287865460103e-8,4.043665413512731e-8
12.013,0.0127,2.3495939429288417e-5,4.043299909947712e-8,4.043180590748802e-8,4.043665413512731e-8
12.013,0.0127,3.8595583863609565e-5,4.0431480764307965e-8,4.04302875316357e-8,4.043665413512731e-8
12.013,0.0127,6.33990012723672e-5,4.042933169193781e-8,4.0428138398929537e-8,4.043665413512731e-8
12.013,0.0127,0.00010414231266814445,4.042628985624389e-8,4.0425096480548516e-8,4.043665413512731e-8
12.013,0.0127,0.00017106927664800093,4.042198436558127e-8,4.0420790871125795e-8,4.043665413512731e-8
12.013,0.0127,0.00028100679409841776,4.041589021501932e-8,4.0414696551279274e-8,4.043665413512731e-8
12.013,0.0127,0.00046159555869258604,4.040726420955329e-8,4.040607031217602e-8,4.043665413512731e-8
12.013,0.0127,0.0007582395311413588,4.039505419203978e-8,4.039385994942388e-8,4.043665413512731e-8
12.013,0.0127,0.00124552148684853,4.037777038102942e-8,4.037657567470667e-8,4.043665413512731e-8
12.013,0.0127,0.002045954755044497,4.035330282853503e-8,4.035210742825055e-8,4.043665413512731e-8
12.013,0.0127,0.0033607857462825456,4.03186620203749e-8,4.031746568355304e-8,4.043665413512731e-8
12.013,0.0127,0.005520591696647901,4.026960927135865e-8,4.0268411557899464e-8,4.043665413512731e-8
12.013,0.0127,0.009068395006973916,4.020012773298786e-8,4.019892809907476e-8,4.043665413512731e-8
12.013,0.0127,0.01489619093772919,4.0101659623676994e-8,4.0100457272543424e-8,4.043665413512731e-8
12.013,0.0127,0.024469214704767362,3.9961992823288776e-8,3.996078652165628e-8,4.043665413512731e-8
12.013,0.0127,0.04019433362333615,3.976360328833912e-8,3.976239163417378e-8,4.043665413512731e-8
12.013,0.0127,0.06602518613354949,3.948111048822248e-8,3.9479890883186244e-8,4.043665413512731e-8
12.013,0.0127,0.1084562128786955,3.907719102742168e-8,3.9075961100128595e-8,4.043665413512731e-8
12.013,0.0127,0.17815550096589414,3.849560164205313e-8,3.849435712205249e-8,4.043665413512731e-8
12.013,0.0127,0.292646974128703,3.7648335185392614e-8,3.7647073347693465e-8,4.043665413512731e-8
12.013,0.0127,0.480716289995901,3.6389900171374265e-8,3.638861988626084e-8,4.043665413512731e-8
12.013,0.0127,0.789648183294706,3.4460840906914096e-8,3.445955076706654e-8,4.043665413512731e-8
12.013,0.0127,1.297114881182717,3.134775968925121e-8,3.134649365786963e-8,4.043665413512731e-8
12.013,0.0127,2.1307045980472066,2.584518416423102e-8,2.5844040932278266e-8,4.043665413512731e-8
12.013,0.0127,3.5000000000000004,1.3238781503324355e-8,1.3238126949209757e-8,4.043665413512731e-8
12.013,0.0127,3.8,8.357286131773048e-9,8.356864176943237e-9,4.043665413512731e-8
12.013,0.0127,3.98,2.6398762241764174e-9,2.639741271573381e-9,4.043665413512731e-8
12.013,0.0127,3.9998,2.6395553149424887e-10,2.639420197230135e-10,4.043665413512731e-8
12.013,0.047,1.0000000000000001e-7,3.671445511294957e-8,3.671330392899182e-8,3.671452800534678e-8
12.013,0.047,1.6426491045299075e-7,3.6714424832931685e-8,3.671327364816335e-8,3.671452800534678e-8
12.013,0.047,2.698296080612907e-7,3.67143819743794e-8,3.6713230788457475e-8,3.671452800534678e-8
12.013,0.047,4.432353640575351e-7,3.671432131207943e-8,3.671317012456486e-8,3.671452800534678e-8
12.013,0.047,7.280801738650976e-7,3.6714235450226234e-8,3.6713084260359955e-8,3.671452800534678e-8
12.013,0.047,1.1959802456254818e-6,3.6714113920741e-8,3.671296272772091e-8,3.671452800534678e-8
12.013,0.047,1.9645758795121526e-6,3.6713941907022406e-8,3.671279070928153e-8,3.671452800534678e-8
12.013,0.047,3.227108809261693e-6,3.671369843752849e-8,3.671254723343754e-8,3.671452800534678e-8
12.013,0.047,5.301007395754297e-6,3.6713353828944766e-8,3.671220261552383e-8,3.671452800534678e-8
12.013,0.047,8.707695051742211e-6,3.671286606719118e-8,3.6711714840806566e-8,3.671452800534678e-8
12.013,0.047,1.4303687479263852e-5,3.671217568499298e-8,3.671102444028566e-8,3.671452800534678e-8
12.013,0.047,2.3495939429288417e-5,3.671119851136788e-8,3.6710047240125484e-8,3.671452800534678e-8
12.013,0.047,3.8595583863609565e-5,3.670981540875569e-8,3.6708664101429496e-8,3.671452800534678e-8
12.013,0.047,6.33990012723672e-5,3.670785774584099e-8,3.670670638470174e-8,3.671452800534678e-8
12.013,0.047,0.00010414231266814445,3.6705086833253605e-8,3.670393540018378e-8,3.671452800534678e-8
12.013,0.047,0.00017106927664800093,3.670116481101789e-8,3.670001327071785e-8,3.671452800534678e-8
12.013,0.047,0.00028100679409841776,3.669561342907526e-8,3.6694461742840234e-8,3.671452800534678e-8
12.013,0.047,0.00046159555869258604,3.6687755673532365e-8,3.668660377602515e-8,3.671452800534678e-8
12.013,0.047,0.0007582395311413588,3.667663307010142e-8,3.667548087358361e-8,3.671452800534678e-8
12.013,0.047,0.00124552148684853,3.666088846046197e-8,3.6659735848466203e-8,3.671452800534678e-8
12.013,0.047,0.002045954755044497,3.6638599671163406e-8,3.6637446447255574e-8,3.671452800534678e-8
12.013,0.047,0.0033607857462825456,3.660704311189929e-8,3.6605889064454825e-8,3.671452800534678e-8
12.013,0.047,0.005520591696647901,3.6562356854743714e-8,3.656120157054693e-8,3.671452800534678e-8
12.013,0.047,0.009068395006973916,3.649905823941781e-8,3.6497901294107725e-8,3.671452800534678e-8
12.013,0.047,0.01489619093772919,3.640934791555215e-8,3.6408188507818326e-8,3.671452800534678e-8
12.013,0.047,0.024469214704767362,3.6282093201097785e-8,3.6280930388530555e-8,3.671452800534678e-8
12.013,0.047,0.04019433362333615,3.6101313117975375e-8,3.610014546393652e-8,3.671452800534678e-8
12.013,0.047,0.06602518613354949,3.5843850343337544e-8,3.5842675758236615e-8,3.671452800534678e-8
12.013,0.047,0.1084562128786955,3.547562939057543e-8,3.5474445602273814e-8,3.671452800534678e-8
12.013,0.047,0.17815550096589414,3.494526697423016e-8,3.49440701748564e-8,3.671452800534678e-8
12.013,0.047,0.292646974128703,3.4172322375649345e-8,3.4171110580521585e-8,3.671452800534678e-8
12.013,0.047,0.480716289995901,3.302383179424897e-8,3.302260347495813e-8,3.671452800534678e-8
12.013,0.047,0.789648183294706,3.126299116225511e-8,3.126175562812574e-8,3.671452800534678e-8
12.013,0.047,1.297114881182717,2.8422579778214585e-8,2.8421368300579142e-8,3.671452800534678e-8
12.013,0.047,2.1307045980472066,2.341028658761734e-8,2.3409193206853592e-8,3.671452800534678e-8
12.013,0.047,3.5000000000000004,1.1971379541865353e-8,1.1970753617818355e-8,3.671452800534678e-8
12.013,0.047,3.8,7.554404841436398e-9,7.554001302345932e-9,3.671452800534678e-8
12.013,0.047,3.98,2.385733183816408e-9,2.38560413155557e-9,3.671452800534678e-8
12.013,0.047,3.9998,2.385384779995206e-10,2.385255571511765e-10,3.671452800534678e-8
12.013,0.173,1.0000000000000001e-7,2.6824553406610173e-8,2.682351983920049e-8,2.6824607353018862e-8
12.013,0.173,1.6426491045299075e-7,2.6824530996889923e-8,2.682349742896675e-8,2.6824607353018862e-8
12.013,0.173,2.698296080612907e-7,2.6824499278012654e-8,2.6823465709322742e-8,2.6824607353018862e-8
12.013,0.173,4.432353640575351e-7,2.6824454382887623e-8,2.6823420813151196e-8,2.6824607353018862e-8
12.013,0.173,7.280801738650976e-7,2.6824390838005734e-8,2.6823357266765664e-8,2.6824607353018862e-8
12.013,0.173,1.1959802456254818e-6,2.6824300896120428e-8,2.6823267322731574e-8,2.6824607353018862e-8
12.013,0.173,1.9645758795121526e-6,2.6824173591716215e-8,2.6823140015379653e-8,2.6824607353018862e-8
12.013,0.173,3.227108809261693e-6,2.682399340410714e-8,2.68229598233834e-8,2.6824607353018862e-8
12.013,0.173,5.301007395754297e-6,2.6823738365162632e-8,2.682270477860373e-8,2.6824607353018862e-8
12.013,0.173,8.707695051742211e-6,2.6823377380938012e-8,2.682234378558466e-8,2.6824607353018862e-8
12.013,0.173,1.4303687479263852e-5,2.6822866440617584e-8,2.6821832833489757e-8,2.6824607353018862e-8
12.013,0.173,2.3495939429288417e-5,2.6822143250453772e-8,2.6821109625987945e-8,2.6824607353018862e-8
12.013,0.173,3.8595583863609565e-5,2.6821119638206087e-8,2.6820085989625827e-8,2.6824607353018862e-8
12.013,0.173,6.33990012723672e-5,2.6819670801396194e-8,2.681863711885457e-8,2.6824607353018862e-8
12.013,0.173,0.00010414231266814445,2.6817620087032933e-8,2.6816586354999653e-8,2.6824607353018862e-8
12.013,0.173,0.00017106927664800093,2.6814717443641634e-8,2.6813683644819246e-8,2.6824607353018862e-8
12.013,0.173,0.00028100679409841776,2.681060891023695e-8,2.6809575010978646e-8,2.6824607353018862e-8
12.013,0.173,0.00046159555869258604,2.680479340304436e-8,2.6803759370478757e-8,2.6824607353018862e-8
12.013,0.173,0.0007582395311413588,2.6796561486208433e-8,2.6795527253730207e-8,2.6824607353018862e-8
12.013,0.173,0.00124552148684853,2.6784908555472003e-8,2.6783874051436972e-8,2.6824607353018862e-8
12.013,0.173,0.002045954755044497,2.676841160168138e-8,2.6767376704176604e-8,2.6824607353018862e-8
12.013,0.173,0.0033607857462825456,2.6745053945623257e-8,2.6744018488541784e-8,2.6824607353018862e-8
12.013,0.173,0.005520591696647901,2.671197520392852e-8,2.6710938972667207e-8,2.6824607353018862e-8
12.013,0.173,0.009068395006973916,2.6665112771014745e-8,2.666407538721969e-8,2.6824607353018862e-8
12.013,0.173,0.01489619093772919,2.659868348354124e-8,2.65976445606242e-8,2.6824607353018862e-8
12.013,0.173,0.024469214704767362,2.650442424588883e-8,2.6503382984572094e-8,2.6824607353018862e-8
12.013,0.173,0.04019433362333615,2.6370456294561812e-8,2.6369411924470114e-8,2.6824607353018862e-8
12.013,0.173,0.06602518613354949,2.617953296820964e-8,2.6178483999983036e-8,2.6824607353018862e-8
12.013,0.173,0.1084562128786955,2.5906214480110926e-8,2.5905159327223373e-8,2.6824607353018862e-8
12.013,0.173,0.17815550096589414,2.5512041309547724e-8,2.5510977915901578e-8,2.6824607353018862e-8
12.013,0.173,0.292646974128703,2.493669769178849e-8,2.4935623952631206e-8,2.6824607353018862e-8
12.013,0.173,0.480716289995901,2.4080548827989235e-8,2.4079465746286332e-8,2.6824607353018862e-8
12.013,0.173,0.789648183294706,2.276706459578606e-8,2.27659787002646e-8,2.6824607353018862e-8
12.013,0.173,1.297114881182717,2.0651881676671977e-8,2.0650820990029916e-8,2.6824607353018862e-8
12.013,0.173,2.1307045980472066,1.694352341203667e-8,1.694256774881258e-8,2.6824607353018862e-8
12.013,0.173,3.5000000000000004,8.607121874768169e-9,8.606575354008014e-9,2.6824607353018862e-8
12.013,0.173,3.8,5.423490894280746e-9,5.423138620698262e-9,2.6824607353018862e-8
12.013,0.173,3.98,1.7112748829968241e-9,1.7111622535455257e-9,2.6824607353018862e-8
12.013,0.173,3.9998,1.7108600568040578e-10,1.7107472932095483e-10,2.6824607353018862e-8
12.013,0.61,1.0000000000000001e-7,1.2762674087094019e-8,1.2761819539825784e-8,1.2762701179754105e-8
12.013,0.61,1.6426491045299075e-7,1.2762662832610884e-8,1.2761808284093633e-8,1.2762701179754105e-8
12.013,0.61,2.698296080612907e-7,1.276264690293513e-8,1.2761792354258823e-8,1.2762701179754105e-8
12.013,0.61,4.432353640575351e-7,1.276262435595771e-8,1.2761769807005242e-8,1.2762701179754105e-8
12.013,0.61,7.280801738650976e-7,1.2762592442802385e-8,1.2761737893424393e-8,1.2762701179754105e-8
12.013,0.61,1.1959802456254818e-6,1.2762547272687321e-8,1.2761692722735322e-8,1.2762701179754105e-8
12.013,0.61,1.9645758795121526e-6,1.2762483338565316e-8,1.276162878779461e-8,1.2762701179754105e-8
12.013,0.61,3.227108809261693e-6,1.2762392845706435e-8,1.2761538293733068e-8,1.2762701179754105e-8
12.013,0.61,5.301007395754297e-6,1.2762264761356766e-8,1.2761410207804184e-8,1.2762701179754105e-8
12.013,0.61,8.707695051742211e-6,1.2762083469590135e-8,1.2761228913559649e-8,1.2762701179754105e-8
12.013,0.61,1.4303687479263852e-5,1.2761826867309377e-8,1.2760972308162754e-8,1.2762701179754105e-8
12.013,0.61,2.3495939429288417e-5,1.2761463669159257e-8,1.2760609105084824e-8,1.2762701179754105e-8
12.013,0.61,3.8595583863609565e-5,1.2760949592524775e-8,1.276009502206876e-8,1.2762701179754105e-8
12.013,0.61,6.33990012723672e-5,1.276022195692546e-8,1.2759367376919499e-8,1.2762701179754105e-8
12.013,0.61,0.00010414231266814445,1.2759192038048841e-8,1.2758337444682501e-8,1.2762701179754105e-8
12.013,0.61,0.00017106927664800093,1.275773424117583e-8,1.2756879629445801e-8,1.2762701179754105e-8
12.013,0.61,0.00028100679409841776,1.2755670766955262e-8,1.2754816127315052e-8,1.2762701179754105e-8
12.013,0.61,0.00046159555869258604,1.2752749883649036e-8,1.2751895208270447e-8,1.2762701179754105e-8
12.013,0.61,0.0007582395311413588,1.274861511912696e-8,1.2747760386889828e-8,1.2762701179754105e-8
12.013,0.61,0.00124552148684853,1.2742761529750373e-8,1.2741906725594569e-8,1.2762701179754105e-8
12.013,0.61,0.002045954755044497,1.273447351507732e-8,1.2733618598613575e-8,1.2762701179754105e-8
12.013,0.61,0.0033607857462825456,1.2722736139557824e-8,1.2721881072570185e-8,1.2762701179754105e-8
12.013,0.61,0.005520591696647901,1.2706108103720401e-8,1.2705252817438658e-8,1.2762701179754105e-8
12.013,0.61,0.009068395006973916,1.2682538492114881e-8,1.2681682883685845e-8,1.2762701179754105e-8
12.013,0.61,0.01489619093772919,1.2649099533825589e-8,1.2648243492373926e-8,1.2762701179754105e-8
12.013,0.61,0.024469214704767362,1.2601590518202345e-8,1.2600733785190125e-8,1.2762701179754105e-8
12.013,0.61,0.04019433362333615,1.253393691236741e-8,1.2533079298363298e-8,1.2762701179754105e-8
12.013,0.61,0.06602518613354949,1.2437249409271362e-8,1.2436390358393417e-8,1.2762701179754105e-8
12.013,0.61,0.1084562128786955,1.2298289944507017e-8,1.229742909170973e-8,1.2762701179754105e-8
12.013,0.61,0.17815550096589414,1.209685093231103e-8,1.2095987485041084e-8,1.2762701179754105e-8
12.013,0.61,0.292646974128703,1.1801047792566395e-8,1.1800181521582047e-8,1.2762701179754105e-8
12.013,0.61,0.480716289995901,1.1358417988025969e-8,1.1357550220016522e-8,1.2762701179754105e-8
12.013,0.61,0.789648183294706,1.0678061806274638e-8,1.067719835173194e-8,1.2762701179754105e-8
12.013,0.61,1.297114881182717,9.590980266635691e-9,9.590142528728809e-9,1.2762701179754105e-8
12.013,0.61,2.1307045980472066,7.736241207065068e-9,7.735490955177416e-9,1.2762701179754105e-8
12.013,0.61,3.5000000000000004,3.819146907344693e-9,3.81872262975352e-9,1.2762701179754105e-8
12.013,0.61,3.8,2.3914766811192364e-9,2.391203969350412e-9,1.2762701179754105e-8
12.013,0.61,3.98,7.517575289077345e-10,7.51670515828292e-10,1.2762701179754105e-8
12.013,0.61,3.9998,7.51265546604628e-11,7.511784502285994e-11,1.2762701179754105e-8
12.013,1.73,1.0000000000000001e-7,5.0135988476881755e-9,5.012871900768015e-9,5.013617085344686e-9
12.013,1.73,1.6426491045299075e-7,5.013598780413649e-9,5.012871831658392e-9,5.013617085344686e-9
12.013,1.73,2.698296080612907e-7,5.013591176414136e-9,5.012864229668649e-9,5.013617085344686e-9
12.013,1.73,4.432353640575351e-7,5.0135804136571735e-9,5.012853466736429e-9,5.013617085344686e-9
12.013,1.73,7.280801738650976e-7,5.0135651799695475e-9,5.012838233059852e-9,5.013617085344686e-9
12.013,1.73,1.1959802456254818e-6,5.013543618088061e-9,5.012816671173406e-9,5.013617085344686e-9
12.013,1.73,1.9645758795121526e-6,5.013513099219976e-9,5.0127861523107535e-9,5.013617085344686e-9
12.013,1.73,3.227108809261693e-6,5.013469902532062e-9,5.01274295563607e-9,5.013617085344686e-9
12.013,1.73,5.301007395754297e-6,5.013408761481028e-9,5.01268181456118e-9,5.013617085344686e-9
12.013,1.73,8.707695051742211e-6,5.013322221649419e-9,5.012595274793745e-9,5.013617085344686e-9
12.013,1.73,1.4303687479263852e-5,5.01319973173641e-9,5.012472784796597e-9,5.013617085344686e-9
12.013,1.73,2.3495939429288417e-5,5.013026356742256e-9,5.012299409947651e-9,5.013617085344686e-9
12.013,1.73,3.8595583863609565e-5,5.012780956145212e-9,5.012054009227348e-9,5.013617085344686e-9
12.013,1.73,6.33990012723672e-5,5.0124336042325365e-9,5.011706657480887e-9,5.013617085344686e-9
12.013,1.73,0.00010414231266814445,5.0119419364113194e-9,5.011214989641508e-9,5.013617085344686e-9
12.013,1.73,0.00017106927664800093,5.0112459722313616e-9,5.010519025370809e-9,5.013617085344686e-9
12.013,1.73,0.00028100679409841776,5.01026077523072e-9,5.009533828800943e-9,5.013617085344686e-9
12.013,1.73,0.00046159555869258604,5.00886603484116e-9,5.008139087411433e-9,5.013617085344686e-9
12.013,1.73,0.0007582395311413588,5.006891255130497e-9,5.006164308945337e-9,5.013617085344686e-9
12.013,1.73,0.00124552148684853,5.004094642854818e-9,5.003367693780662e-9,5.013617085344686e-9
12.013,1.73,0.002045954755044497,5.000132892420825e-9,4.999405944139149e-9,5.013617085344686e-9
12.013,1.73,0.0033607857462825456,4.99451767471578e-9,4.993790719545027e-9,5.013617085344686e-9
12.013,1.73,0.005520591696647901,4.986552399874517e-9,4.98582543581416e-9,5.013617085344686e-9
12.013,1.73,0.009068395006973916,4.975239086636688e-9,4.97451210100893e-9,5.013617085344686e-9
12.013,1.73,0.01489619093772919,4.959138694545887e-9,4.958411650095133e-9,5.013617085344686e-9
12.013,1.73,0.024469214704767362,4.936156727239414e-9,4.935429592086191e-9,5.013617085344686e-9
12.013,1.73,0.04019433362333615,4.903205029302559e-9,4.902477633741089e-9,5.013617085344686e-9
12.013,1.73,0.06602518613354949,4.8556531785428556e-9,4.854925393977541e-9,5.013617085344686e-9
12.013,1.73,0.1084562128786955,4.786417911449828e-9,4.785689215298837e-9,5.013617085344686e-9
12.013,1.73,0.17815550096589414,4.684435905053282e-9,4.683705884361313e-9,5.013617085344686e-9
12.013,1.73,0.292646974128703,4.532130979537566e-9,4.531398929964969e-9,5.013617085344686e-9
12.013,1.73,0.480716289995901,4.30139616969577e-9,4.3006626793740446e-9,5.013617085344686e-9
12.013,1.73,0.789648183294706,3.9477745691888954e-9,3.947045265073089e-9,5.013617085344686e-9
12.013,1.73,1.297114881182717,3.4029319826696043e-9,3.4022268502830566e-9,5.013617085344686e-9
12.013,1.73,2.1307045980472066,2.560746447685634e-9,2.5601285547390247e-9,5.013617085344686e-9
12.013,1.73,3.5000000000000004,1.1284294489598016e-9,1.1281007252239853e-9,5.013617085344686e-9
12.013,1.73,3.8,6.895551687949799e-10,6.893474110472188e-10,5.013617085344686e-9
12.013,1.73,3.98,2.1363061785385068e-10,2.1356501123048598e-10,5.013617085344686e-9
12.013,1.73,3.9998,2.1315056382797755e-11,2.1308496955413553e-11,5.013617085344686e-9
12.013,4.71,1.0000000000000001e-7,1.295480663170849e-9,1.29529238840751e-9,1.2954932907307105e-9
12.013,4.71,1.6426491045299075e-7,1.295480663170849e-9,1.29529238840751e-9,1.2954932907307105e-9
12.013,4.71,2.698296080612907e-7,1.2954800692961603e-9,1.2952917882814546e-9,1.2954932907307105e-9
12.013,4.71,4.432353640575351e-7,1.2954745770102645e-9,1.2952863011995592e-9,1.2954932907307105e-9
12.013,4.71,7.280801738650976e-7,1.295466803178761e-9,1.295278525981607e-9,1.2954932907307105e-9
12.013,4.71,1.1959802456254818e-6,1.2954558000167038e-9,1.2952675208804977e-9,1.2954932907307105e-9
12.013,4.71,1.9645758795121526e-6,1.2954402260031448e-9,1.2952519441266653e-9,1.2954932907307105e-9
12.013,4.71,3.227108809261693e-6,1.2954181822949076e-9,1.2952298965463905e-9,1.2954932907307105e-9
12.013,4.71,5.301007395754297e-6,1.2953869811520885e-9,1.2951986898956396e-9,1.2954932907307105e-9
12.013,4.71,8.707695051742211e-6,1.2953428180889007e-9,1.2951545190905502e-9,1.2954932907307105e-9
12.013,4.71,1.4303687479263852e-5,1.2952803076565661e-9,1.2950919976050614e-9,1.2954932907307105e-9
12.013,4.71,2.3495939429288417e-5,1.2951918259803477e-9,1.2950035004099803e-9,1.2954932907307105e-9
12.013,4.71,3.8595583863609565e-5,1.2950665792494521e-9,1.2948782315429418e-9,1.2954932907307105e-9
12.013,4.71,6.33990012723672e-5,1.2948892831195334e-9,1.2947009041965633e-9,1.2954932907307105e-9
12.013,4.71,0.00010414231266814445,1.2946382886715174e-9,1.294449865408188e-9,1.2954932907307105e-9
12.013,4.71,0.00017106927664800093,1.2942829188487108e-9,1.2940944325683947e-9,1.2954932907307105e-9
12.013,4.71,0.00028100679409841776,1.2937796734923719e-9,1.2935910980459269e-9,1.2954932907307105e-9
12.013,4.71,0.00046159555869258604,1.2930668018538606e-9,1.2928780985037279e-9,1.2954932907307105e-9
12.013,4.71,0.0007582395311413588,1.2920564952873042e-9,1.2918676106900573e-9,1.2954932907307105e-9
12.013,4.71,0.00124552148684853,1.2906235595159426e-9,1.2904344122145675e-9,1.2954932907307105e-9
12.013,4.71,0.002045954755044497,1.2885887740792473e-9,1.2883992494025742e-9,1.2954932907307105e-9
12.013,4.71,0.0033607857462825456,1.2856940276748967e-9,1.2855039474821588e-9,1.2954932907307105e-9
12.013,4.71,0.005520591696647901,1.2815643438828308e-9,1.2813734403212946e-9,1.2954932907307105e-9
12.013,4.71,0.009068395006973916,1.2756483844288142e-9,1.2754562346259764e-9,1.2954932907307105e-9
12.013,4.71,0.01489619093772919,1.267122780571312e-9,1.2669286890401062e-9,1.2954932907307105e-9
12.013,4.71,0.024469214704767362,1.2547351174596915e-9,1.254537967683539e-9,1.2954932907307105e-9
12.013,4.71,0.04019433362333615,1.2365445739183172e-9,1.2363424075977578e-9,1.2954932907307105e-9
12.013,4.71,0.06602518613354949,1.2095020236910053e-9,1.2092917285737302e-9,1.2954932907307105e-9
12.013,4.71,0.1084562128786955,1.1688155796568661e-9,1.1685918836307305e-9,1.2954932907307105e-9
12.013,4.71,0.17815550096589414,1.1071500648872193e-9,1.1069054424110857e-9,1.2954932907307105e-9
12.013,4.71,0.292646974128703,1.0141047749603507e-9,1.0138296147958014e-9,1.2954932907307105e-9
12.013,4.71,0.480716289995901,8.774307721257411e-10,8.771180749249414e-10,1.2954932907307105e-9
12.013,4.71,0.789648183294706,6.890649182784515e-10,6.887221466379105e-10,1.2954932907307105e-9
12.013,4.71,1.297114881182717,4.5879774704892404e-10,4.5846377379559944e-10,1.2954932907307105e-9
12.013,4.71,2.1307045980472066,2.2837135785703479e-10,2.2812209970330032e-10,1.2954932907307105e-9
12.013,4.71,3.5000000000000004,5.408822435588518e-11,5.400080681659334e-11,1.2954932907307105e-9
12.013,4.71,3.8,2.918805906069021e-11,2.913788708307121e-11,1.2954932907307105e-9
12.013,4.71,3.98,8.410962195713813e-12,8.396064909808155e-12,1.2954932907307105e-9
12.013,4.71,3.9998,8.326305375795917e-13,8.311512397439825e-13,1.2954932907307105e-9
12.53,0.00113,1.0000000000000001e-7,3.3020735457436455e-7,3.3020737544299415e-7,3.3020806999034205e-7
12.53,0.00113,1.6426491045299075e-7,3.3020705738549084e-7,3.3020707825663063e-7,3.3020806999034205e-7
12.53,0.00113,2.698296080612907e-7,3.302066367422336e-7,3.302066576175612e-7,3.3020806999034205e-7
12.53,0.00113,4.432353640575351e-7,3.302060413607374e-7,3.3020606224113974e-7,3.3020806999034205e-7
12.53,0.00113,7.280801738650976e-7,3.302051986534272e-7,3.302052195420129e-7,3.3020806999034205e-7
12.53,0.00113,1.1959802456254818e-6,3.30204005879241e-7,3.3020402677851187e-7,3.3020806999034205e-7
12.53,0.00113,1.9645758795121526e-6,3.3020231761752484e-7,3.30202338532274e-7,3.3020806999034205e-7
12.53,0.00113,3.227108809261693e-6,3.301999280383313e-7,3.3019994897576957e-7,3.3020806999034205e-7
12.53,0.00113,5.301007395754297e-6,3.30196545807278e-7,3.3019656677388807e-7,3.3020806999034205e-7
12.53,0.00113,8.707695051742211e-6,3.3019175856478954e-7,3.301917795787463e-7,3.3020806999034205e-7
12.53,0.00113,1.4303687479263852e-5,3.301849826476503e-7,3.3018500371863286e-7,3.3020806999034205e-7
12.53,0.00113,2.3495939429288417e-5,3.3017539191961787e-7,3.3017541308563846e-7,3.3020806999034205e-7
12.53,0.00113,3.8595583863609565e-5,3.301618170264151e-7,3.3016183831028933e-7,3.3020806999034205e-7
12.53,0.00113,6.33990012723672e-5,3.3014260277426565e-7,3.301426242407497e-7,3.3020806999034205e-7
12.53,0.00113,0.00010414231266814445,3.3011540620179454e-7,3.3011542791838984e-7,3.3020806999034205e-7
12.53,0.00113,0.00017106927664800093,3.300769106295863e-7,3.3007693268973394e-7,3.3020806999034205e-7
12.53,0.00113,0.00028100679409841776,3.300224206013361e-7,3.3002244319068645e-7,3.3020806999034205e-7
12.53,0.00113,0.00046159555869258604,3.299452878185376e-7,3.2994531106262633e-7,3.3020806999034205e-7
12.53,0.00113,0.0007582395311413588,3.2983609689991646e-7,3.298361212352917e-7,3.3020806999034205e-7
12.53,0.00113,0.00124552148684853,3.296815089934676e-7,3.296815346451425e-7,3.3020806999034205e-7
12.53,0.00113,0.002045954755044497,3.294626160879628e-7,3.29462643896835e-7,3.3020806999034205e-7
12.53,0.00113,0.0033607857462825456,3.2915259134603904e-7,3.29152621936225e-7,3.3020806999034205e-7
12.53,0.00113,0.005520591696647901,3.287133171675352e-7,3.2871335188990554e-7,3.3020806999034205e-7
12.53,0.00113,0.009068395006973916,3.2809050808097086e-7,3.2809054881547244e-7,3.3020806999034205e-7
12.53,0.00113,0.01489619093772919,3.2720657278025084e-7,3.2720662142357423e-7,3.3020806999034205e-7
12.53,0.00113,0.024469214704767362,3.2594998620792714e-7,3.2595004790103663e-7,3.3020806999034205e-7
12.53,0.00113,0.04019433362333615,3.2415908313551005e-7,3.241591606635848e-7,3.3020806999034205e-7
12.53,0.00113,0.06602518613354949,3.215965632283463e-7,3.2159666869872415e-7,3.3020806999034205e-7
12.53,0.00113,0.1084562128786955,3.1790784965389265e-7,3.179079895846887e-7,3.3020806999034205e-7
12.53,0.00113,0.17815550096589414,3.125502136948415e-7,3.1255041070953825e-7,3.3020806999034205e-7
12.53,0.00113,0.292646974128703,3.046670484429909e-7,3.0466732221727985e-7,3.3020806999034205e-7
12.53,0.00113,0.480716289995901,2.9285560057592546e-7,2.9285597790283416e-7,3.3020806999034205e-7
12.53,0.00113,0.789648183294706,2.7471599486233427e-7,2.747165118565206e-7,3.3020806999034205e-7
12.53,0.00113,1.297114881182717,2.4588269826182373e-7,2.4588333932847834e-7,3.3020806999034205e-7
12.53,0.00113,2.1307045980472066,1.9727423860348367e-7,1.9727494446825618e-7,3.3020806999034205e-7
12.53,0.00113,3.5000000000000004,9.668244454084433e-8,9.668289132179896e-8,3.3020806999034205e-7
12.53,0.00113,3.8,6.046000182090503e-8,6.046028982719205e-8,3.3020806999034205e-7
12.53,0.00113,3.98,1.8991142987389083e-8,1.8991235758297087e-8,3.3020806999034205e-7
12.53,0.00113,3.9998,1.897717165766101e-9,1.897726461881156e-9,3.3020806999034205e-7
12.53,0.0037,1.0000000000000001e-7,3.2758023561365105e-7,3.275802358851713e-7,3.2758094581511183e-7
12.53,0.0037,1.6426491045299075e-7,3.275799405909243e-7,3.275799408623586e-7,3.2758094581511183e-7
12.53,0.0037,2.698296080612907e-7,3.2757952301364696e-7,3.275795232852381e-7,3.2758094581511183e-7
12.53,0.0037,4.432353640575351e-7,3.2757893197176047e-7,3.275789322434902e-7,3.2758094581511183e-7
12.53,0.0037,7.280801738650976e-7,3.275780954067648e-7,3.2757809567832685e-7,3.2758094581511183e-7
12.53,0.0037,1.1959802456254818e-6,3.2757691132645496e-7,3.2757691159886446e-7,3.2758094581511183e-7
12.53,0.0037,1.9645758795121526e-6,3.275752353701145e-7,3.2757523564152777e-7,3.2758094581511183e-7
12.53,0.0037,3.227108809261693e-6,3.275728632080406e-7,3.2757286348163926e-7,3.2758094581511183e-7
12.53,0.0037,5.301007395754297e-6,3.275695056293107e-7,3.2756950590117775e-7,3.2758094581511183e-7
12.53,0.0037,8.707695051742211e-6,3.275647532799167e-7,3.275647535549943e-7,3.2758094581511183e-7
12.53,0.0037,1.4303687479263852e-5,3.2755802675075965e-7,3.2755802702530515e-7,3.2758094581511183e-7
12.53,0.0037,2.3495939429288417e-5,3.275485059269428e-7,3.2754850620273556e-7,3.2758094581511183e-7
12.53,0.0037,3.8595583863609565e-5,3.2753502997693286e-7,3.2753503025891823e-7,3.2758094581511183e-7
12.53,0.0037,6.33990012723672e-5,3.2751595577031416e-7,3.275159560444181e-7,3.2758094581511183e-7
12.53,0.0037,0.00010414231266814445,3.2748895742076505e-7,3.274889577179406e-7,3.2758094581511183e-7
12.53,0.0037,0.00017106927664800093,3.2745074241816844e-7,3.2745074269152117e-7,3.2758094581511183e-7
12.53,0.0037,0.00028100679409841776,3.273966495183063e-7,3.273966498390251e-7,3.2758094581511183e-7
12.53,0.0037,0.00046159555869258604,3.273200788530405e-7,3.2732007914627107e-7,3.2758094581511183e-7
12.53,0.0037,0.0007582395311413588,3.272116836047204e-7,3.2721168394887034e-7,3.2758094581511183e-7
12.53,0.0037,0.00124552148684853,3.270582220020715e-7,3.2705822237054047e-7,3.2758094581511183e-7
12.53,0.0037,0.002045954755044497,3.26840923526179e-7,3.2684092386889237e-7,3.2758094581511183e-7
12.53,0.0037,0.0033607857462825456,3.2653315614561027e-7,3.265331567001548e-7,3.2758094581511183e-7
12.53,0.0037,0.005520591696647901,3.2609707846197974e-7,3.2609707876179923e-7,3.2758094581511183e-7
12.53,0.0037,0.009068395006973916,3.2547879706888506e-7,3.254787979878986e-7,3.2758094581511183e-7
12.53,0.0037,0.01489619093772919,3.2460127829213236e-7,3.2460127868416785e-7,3.2758094581511183e-7
12.53,0.0037,0.024469214704767362,3.233537928431284e-7,3.2335379432833807e-7,3.2758094581511183e-7
12.53,0.0037,0.04019433362333615,3.2157581750465997e-7,3.215758187058384e-7,3.2758094581511183e-7
12.53,0.0037,0.06602518613354949,3.1903170635700015e-7,3.190317083739822e-7,3.2758094581511183e-7
12.53,0.0037,0.1084562128786955,3.153693168158033e-7,3.153693208198869e-7,3.2758094581511183e-7
12.53,0.0037,0.17815550096589414,3.100495923311507e-7,3.100495939791553e-7,3.2758094581511183e-7
12.53,0.0037,0.292646974128703,3.0222168254425004e-7,3.022216925471698e-7,3.2758094581511183e-7
12.53,0.0037,0.480716289995901,2.904923747364043e-7,2.9049237561021904e-7,3.2758094581511183e-7
12.53,0.0037,0.789648183294706,2.724788470351263e-7,2.724788601463455e-7,3.2758094581511183e-7
12.53,0.0037,1.297114881182717,2.438493010278546e-7,2.438493044696891e-7,3.2758094581511183e-7
12.53,0.0037,2.1307045980472066,1.95600941939614e-7,1.9560094413388607e-7,3.2758094581511183e-7
12.53,0.0037,3.5000000000000004,9.582901243587362e-8,9.582901149039881e-8,3.2758094581511183e-7
12.53,0.0037,3.8,5.992184564789735e-8,5.992184402177482e-8,3.2758094581511183e-7
12.53,0.0037,3.98,1.8821267673914652e-8,1.8821267119030565e-8,3.2758094581511183e-7
12.53,0.0037,3.9998,1.8807329906559677e-9,1.8807329406207096e-9,3.2758094581511183e-7
12.53,0.0127,1.0000000000000001e-7,3.1861893543541234e-7,3.1861893558243873e-7,3.1861962784420486e-7
12.53,0.0127,1.6426491045299075e-7,3.1861864780388603e-7,3.186186479511108e-7,3.1861962784420486e-7
12.53,0.0127,2.698296080612907e-7,3.1861824068816625e-7,3.186182408353465e-7,3.1861962784420486e-7
12.53,0.0127,4.432353640575351e-7,3.186176644536427e-7,3.1861766460090606e-7,3.1861962784420486e-7
12.53,0.0127,7.280801738650976e-7,3.186168488470944e-7,3.1861684899470645e-7,3.1861962784420486e-7
12.53,0.0127,1.1959802456254818e-6,3.186156944315216e-7,3.1861569457866324e-7,3.1861962784420486e-7
12.53,0.0127,1.9645758795121526e-6,3.186140604628653e-7,3.186140606113693e-7,3.1861962784420486e-7
12.53,0.0127,3.227108809261693e-6,3.1861174773047005e-7,3.186117478775085e-7,3.1861962784420486e-7
12.53,0.0127,5.301007395754297e-6,3.1860847426895873e-7,3.186084744188384e-7,3.1861962784420486e-7
12.53,0.0127,8.707695051742211e-6,3.186038409797438e-7,3.186038411278458e-7,3.1861962784420486e-7
12.53,0.0127,1.4303687479263852e-5,3.1859728296937663e-7,3.185972831205711e-7,3.1861962784420486e-7
12.53,0.0127,2.3495939429288417e-5,3.185880006686446e-7,3.1858800082098885e-7,3.1861962784420486e-7
12.53,0.0127,3.8595583863609565e-5,3.185748623268254e-7,3.185748624777171e-7,3.1861962784420486e-7
12.53,0.0127,6.33990012723672e-5,3.1855626597540234e-7,3.1855626613809233e-7,3.1861962784420486e-7
12.53,0.0127,0.00010414231266814445,3.185299439905662e-7,3.1852994413837833e-7,3.1861962784420486e-7
12.53,0.0127,0.00017106927664800093,3.184926863312922e-7,3.184926865129833e-7,3.1861962784420486e-7
12.53,0.0127,0.00028100679409841776,3.184399484899104e-7,3.1843994864119654e-7,3.1861962784420486e-7
12.53,0.0127,0.00046159555869258604,3.183652958496938e-7,3.1836529605668995e-7,3.1861962784420486e-7
12.53,0.0127,0.0007582395311413588,3.1825961554211117e-7,3.1825961572976677e-7,3.1861962784420486e-7
12.53,0.0127,0.00124552148684853,3.181099970498451e-7,3.181099972726171e-7,3.1861962784420486e-7
12.53,0.0127,0.002045954755044497,3.17898138998977e-7,3.1789813929969416e-7,3.1861962784420486e-7
12.53,0.0127,0.0033607857462825456,3.1759807406756055e-7,3.1759807426448936e-7,3.1861962784420486e-7
12.53,0.0127,0.005520591696647901,3.1717290330620916e-7,3.1717290386145206e-7,3.1861962784420486e-7
12.53,0.0127,0.009068395006973916,3.1657007111191584e-7,3.1657007126244435e-7,3.1861962784420486e-7
12.53,0.0127,0.01489619093772919,3.157144465799826e-7,3.1571444759422463e-7,3.1861962784420486e-7
12.53,0.0127,0.024469214704767362,3.144980158143585e-7,3.14498016232331e-7,3.1861962784420486e-7
12.53,0.0127,0.04019433362333615,3.127641525701756e-7,3.1276415419796334e-7,3.1861962784420486e-7
12.53,0.0127,0.06602518613354949,3.1028285663989467e-7,3.1028285847988423e-7,3.1861962784420486e-7
12.53,0.0127,0.1084562128786955,3.0671029283428645e-7,3.0671029469870936e-7,3.1861962784420486e-7
12.53,0.0127,0.17815550096589414,3.0151993768528724e-7,3.015199436865873e-7,3.1861962784420486e-7
12.53,0.0127,0.292646974128703,2.9388058981812943e-7,2.938805905182786e-7,3.1861962784420486e-7
12.53,0.0127,0.480716289995901,2.8243160450135967e-7,2.8243161662302006e-7,3.1861962784420486e-7
12.53,0.0127,0.789648183294706,2.6484837388489486e-7,2.6484837494976494e-7,3.1861962784420486e-7
12.53,0.0127,1.297114881182717,2.3691423560078385e-7,2.3691424430678507e-7,3.1861962784420486e-7
12.53,0.0127,2.1307045980472066,1.8989478067050275e-7,1.8989478273038476e-7,3.1861962784420486e-7
12.53,0.0127,3.5000000000000004,9.291946612643287e-8,9.291946454859639e-8,3.1861962784420486e-7
12.53,0.0127,3.8,5.808726443703136e-8,5.808726407032579e-8,3.1861962784420486e-7
12.53,0.0127,3.98,1.824218318400893e-8,1.8242182980500747e-8,3.1861962784420486e-7
12.53,0.0127,3.9998,1.8228362332484694e-9,1.8228362047990353e-9,3.1861962784420486e-7
12.53,0.047,1.0000000000000001e-7,2.8759290975611006e-7,2.875929109207092e-7,2.875935404943035e-7
12.53,0.047,1.6426491045299075e-7,2.8759264774298725e-7,2.8759264890782495e-7,2.875935404943035e-7
12.53,0.047,2.698296080612907e-7,2.875922768877375e-7,2.875922780523593e-7,2.875935404943035e-7
12.53,0.047,4.432353640575351e-7,2.875917519765413e-7,2.8759175314156155e-7,2.875935404943035e-7
12.53,0.047,7.280801738650976e-7,2.87591009013397e-7,2.875910101782691e-7,2.875935404943035e-7
12.53,0.047,1.1959802456254818e-6,2.8758995741782097e-7,2.875899585829561e-7,2.875935404943035e-7
12.53,0.047,1.9645758795121526e-6,2.8758846898133515e-7,2.8758847014697393e-7,2.875935404943035e-7
12.53,0.047,3.227108809261693e-6,2.875863622362498e-7,2.875863634012177e-7,2.875935404943035e-7
12.53,0.047,5.301007395754297e-6,2.875833803307428e-7,2.875833814980468e-7,2.875935404943035e-7
12.53,0.047,8.707695051742211e-6,2.875791597122135e-7,2.8757916087686366e-7,2.875935404943035e-7
12.53,0.047,1.4303687479263852e-5,2.8757318579944826e-7,2.8757318696947965e-7,2.875935404943035e-7
12.53,0.047,2.3495939429288417e-5,2.875647302359833e-7,2.875647314021884e-7,2.875935404943035e-7
12.53,0.047,3.8595583863609565e-5,2.8755276206718784e-7,2.8755276324020327e-7,2.875935404943035e-7
12.53,0.047,6.33990012723672e-5,2.8753582199453614e-7,2.8753582316800637e-7,2.875935404943035e-7
12.53,0.047,0.00010414231266814445,2.8751184433617105e-7,2.8751184550960306e-7,2.875935404943035e-7
12.53,0.047,0.00017106927664800093,2.8747790489482884e-7,2.874779060871495e-7,2.875935404943035e-7
12.53,0.047,0.00028100679409841776,2.8742986378029835e-7,2.874298649483221e-7,2.875935404943035e-7
12.53,0.047,0.00046159555869258604,2.8736185914998727e-7,2.873618603788898e-7,2.875935404943035e-7
12.53,0.047,0.0007582395311413588,2.872655890224296e-7,2.8726559019238066e-7,2.875935404943035e-7
12.53,0.047,0.00124552148684853,2.8712929103722405e-7,2.871292923193463e-7,2.875935404943035e-7
12.53,0.047,0.002045954755044497,2.869362899279904e-7,2.8693629115756517e-7,2.875935404943035e-7
12.53,0.047,0.0033607857462825456,2.866629223456033e-7,2.866629236729567e-7,2.875935404943035e-7
12.53,0.047,0.005520591696647901,2.86275556037034e-7,2.862755574745259e-7,2.875935404943035e-7
12.53,0.047,0.009068395006973916,2.8572627255991856e-7,2.8572627386150565e-7,2.875935404943035e-7
12.53,0.047,0.01489619093772919,2.8494653670611695e-7,2.8494653866127424e-7,2.875935404943035e-7
12.53,0.047,0.024469214704767362,2.838377476417769e-7,2.8383774883496126e-7,2.875935404943035e-7
12.53,0.047,0.04019433362333615,2.822567893887634e-7,2.822567924035462e-7,2.875935404943035e-7
12.53,0.047,0.06602518613354949,2.799932373615126e-7,2.799932389928346e-7,2.875935404943035e-7
12.53,0.047,0.1084562128786955,2.7673206700949465e-7,2.7673207163869996e-7,2.875935404943035e-7
12.53,0.047,0.17815550096589414,2.719902333840421e-7,2.7199023782520613e-7,2.875935404943035e-7
12.53,0.047,0.292646974128703,2.65004724529183e-7,2.6500472984943117e-7,2.875935404943035e-7
12.53,0.047,0.480716289995901,2.5452795787264843e-7,2.5452796894681764e-7,2.875935404943035e-7
12.53,0.047,0.789648183294706,2.3843743460735986e-7,2.3843743735964567e-7,2.875935404943035e-7
12.53,0.047,1.297114881182717,2.1291596868597862e-7,2.1291598022615569e-7,2.875935404943035e-7
12.53,0.047,2.1307045980472066,1.7015858133895614e-7,1.7015858321933545e-7,2.875935404943035e-7
12.53,0.047,3.5000000000000004,8.286591663072413e-8,8.2865915368199e-8,2.875935404943035e-7
12.53,0.047,3.8,5.174961736702842e-8,5.174961793782419e-8,2.875935404943035e-7
12.53,0.047,3.98,1.6241999494708812e-8,1.6241999166124122e-8,2.875935404943035e-7
12.53,0.047,3.9998,1.6228614731906148e-9,1.6228614344296985e-9,2.875935404943035e-7
12.53,0.173,1.0000000000000001e-7,2.0538925774425439e-7,2.0538925760485984e-7,2.0538972454273855e-7
12.53,0.173,1.6426491045299075e-7,2.053890638328474e-7,2.0538906369342916e-7,2.0538972454273855e-7
12.53,0.173,2.698296080612907e-7,2.0538878936924944e-7,2.0538878923000887e-7,2.0538972454273855e-7
12.53,0.173,4.432353640575351e-7,2.0538840089148302e-7,2.0538840075202e-7,2.0538972454273855e-7
12.53,0.173,7.280801738650976e-7,2.0538785103719036e-7,2.0538785089822926e-7,2.0538972454273855e-7
12.53,0.173,1.1959802456254818e-6,2.0538707276927057e-7,2.0538707262987253e-7,2.0538972454273855e-7
12.53,0.173,1.9645758795121526e-6,2.053859712027361e-7,2.053859710641419e-7,2.0538972454273855e-7
12.53,0.173,3.227108809261693e-6,2.0538441203624072e-7,2.053844118973965e-7,2.0538972454273855e-7
12.53,0.173,5.301007395754297e-6,2.053822051776336e-7,2.053822050392538e-7,2.0538972454273855e-7
12.53,0.173,8.707695051742211e-6,2.0537908156664744e-7,2.0537908142944777e-7,2.0538972454273855e-7
12.53,0.173,1.4303687479263852e-5,2.0537466036770426e-7,2.0537466022894362e-7,2.0538972454273855e-7
12.53,0.173,2.3495939429288417e-5,2.0536840253007297e-7,2.0536840239636498e-7,2.0538972454273855e-7
12.53,0.173,3.8595583863609565e-5,2.0535954504663475e-7,2.0535954490733626e-7,2.0538972454273855e-7
12.53,0.173,6.33990012723672e-5,2.053470078803172e-7,2.0534700775221911e-7,2.0538972454273855e-7
12.53,0.173,0.00010414231266814445,2.0532926217419852e-7,2.0532926203857335e-7,2.0538972454273855e-7
12.53,0.173,0.00017106927664800093,2.0530414359342526e-7,2.0530414347124756e-7,2.0538972454273855e-7
12.53,0.173,0.00028100679409841776,2.0526858784845844e-7,2.0526858772873036e-7,2.0538972454273855e-7
12.53,0.173,0.00046159555869258604,2.0521825571209912e-7,2.052182555902432e-7,2.0538972454273855e-7
12.53,0.173,0.0007582395311413588,2.0514700080138502e-7,2.0514700072219078e-7,2.0538972454273855e-7
12.53,0.173,0.00124552148684853,2.0504611293495005e-7,2.0504611280180865e-7,2.0538972454273855e-7
12.53,0.173,0.002045954755044497,2.0490323959865974e-7,2.049032395983585e-7,2.0538972454273855e-7
12.53,0.173,0.0033607857462825456,2.0470084225498215e-7,2.047008421306031e-7,2.0538972454273855e-7
12.53,0.173,0.005520591696647901,2.0441397289683835e-7,2.0441397301502655e-7,2.0538972454273855e-7
12.53,0.173,0.009068395006973916,2.0400704101377662e-7,2.0400704103354073e-7,2.0538972454273855e-7
12.53,0.173,0.01489619093772919,2.034290472122698e-7,2.0342904744212976e-7,2.0538972454273855e-7
12.53,0.173,0.024469214704767362,2.026064198047893e-7,2.02606420352397e-7,2.0538972454273855e-7
12.53,0.173,0.04019433362333615,2.0143197380604273e-7,2.0143197398880626e-7,2.0538972454273855e-7
12.53,0.173,0.06602518613354949,1.9974736577854607e-7,1.9974736777215886e-7,2.0538972454273855e-7
12.53,0.173,0.1084562128786955,1.9731427025021585e-7,1.9731427018282713e-7,2.0538972454273855e-7
12.53,0.173,0.17815550096589414,1.9376550589931716e-7,1.9376551084573766e-7,2.0538972454273855e-7
12.53,0.173,0.292646974128703,1.8852003490612672e-7,1.885200361910738e-7,2.0538972454273855e-7
12.53,0.173,0.480716289995901,1.8063249172727226e-7,1.8063249918592326e-7,2.0538972454273855e-7
12.53,0.173,0.789648183294706,1.6852115197631317e-7,1.6852115818789996e-7,2.0538972454273855e-7
12.53,0.173,1.297114881182717,1.494361296981224e-7,1.4943613340154684e-7,2.0538972454273855e-7
12.53,0.173,2.1307045980472066,1.1803983276892127e-7,1.180398368550936e-7,2.0538972454273855e-7
12.53,0.173,3.5000000000000004,5.6410370117632004e-8,5.641037032519102e-8,2.0538972454273855e-7
12.53,0.173,3.8,3.508683147941648e-8,3.5086830747184975e-8,2.0538972454273855e-7
12.53,0.173,3.98,1.0985978322992517e-8,1.0985978430301685e-8,2.0538972454273855e-7
12.53,0.173,3.9998,1.0974051682508482e-9,1.0974051785734177e-9,2.0538972454273855e-7
12.53,0.61,1.0000000000000001e-7,8.926157033296005e-8,8.926157082705123e-8,8.92618047658582e-8
12.53,0.61,1.6426491045299075e-7,8.926147294786166e-8,8.926147344143432e-8,8.92618047658582e-8
12.53,0.61,2.698296080612907e-7,8.926133510828516e-8,8.926133560190032e-8,8.92618047658582e-8
12.53,0.61,4.432353640575351e-7,8.926114000912837e-8,8.926114050270963e-8,8.92618047658582e-8
12.53,0.61,7.280801738650976e-7,8.926086386429615e-8,8.926086435810552e-8,8.92618047658582e-8
12.53,0.61,1.1959802456254818e-6,8.926047300670257e-8,8.926047350030332e-8,8.92618047658582e-8
12.53,0.61,1.9645758795121526e-6,8.925991978353102e-8,8.925992027768236e-8,8.92618047658582e-8
12.53,0.61,3.227108809261693e-6,8.925913674622119e-8,8.925913724004936e-8,8.92618047658582e-8
12.53,0.61,5.301007395754297e-6,8.925802842661462e-8,8.925802892122955e-8,8.92618047658582e-8
12.53,0.61,8.707695051742211e-6,8.925645969611604e-8,8.92564601908013e-8,8.92618047658582e-8
12.53,0.61,1.4303687479263852e-5,8.92542392874637e-8,8.925423978248887e-8,8.92618047658582e-8
12.53,0.61,2.3495939429288417e-5,8.925109646739588e-8,8.925109696424411e-8,8.92618047658582e-8
12.53,0.61,3.8595583863609565e-5,8.924664800992333e-8,8.924664850510155e-8,8.92618047658582e-8
12.53,0.61,6.33990012723672e-5,8.924035142923847e-8,8.924035193040328e-8,8.92618047658582e-8
12.53,0.61,0.00010414231266814445,8.923143873743039e-8,8.923143923377582e-8,8.92618047658582e-8
12.53,0.61,0.00017106927664800093,8.921882257516429e-8,8.92188230832425e-8,8.92618047658582e-8
12.53,0.61,0.00028100679409841776,8.920096309817365e-8,8.920096360191108e-8,8.92618047658582e-8
12.53,0.61,0.00046159555869258604,8.917567899768948e-8,8.917567951400048e-8,8.92618047658582e-8
12.53,0.61,0.0007582395311413588,8.913987872494123e-8,8.9139879251517e-8,8.92618047658582e-8
12.53,0.61,0.00124552148684853,8.908917714630431e-8,8.9089177668205e-8,8.92618047658582e-8
12.53,0.61,0.002045954755044497,8.901734640377773e-8,8.901734698411105e-8,8.92618047658582e-8
12.53,0.61,0.0033607857462825456,8.891552405928004e-8,8.891552458545764e-8,8.92618047658582e-8
12.53,0.61,0.005520591696647901,8.877106004681496e-8,8.877106073442119e-8,8.92618047658582e-8
12.53,0.61,0.009068395006973916,8.856581421070143e-8,8.856581479529537e-8,8.92618047658582e-8
12.53,0.61,0.01489619093772919,8.827359507370845e-8,8.8273595947954e-8,8.92618047658582e-8
12.53,0.61,0.024469214704767362,8.785621485268483e-8,8.785621572914596e-8,8.92618047658582e-8
12.53,0.61,0.04019433362333615,8.725724872876041e-8,8.725724986653702e-8,8.92618047658582e-8
12.53,0.61,0.06602518613354949,8.639190253424344e-8,8.639190444481794e-8,8.92618047658582e-8
12.53,0.61,0.1084562128786955,8.513024570262124e-8,8.513024707389504e-8,8.92618047658582e-8
12.53,0.61,0.17815550096589414,8.32693564792223e-8,8.326936125418715e-8,8.92618047658582e-8
12.53,0.61,0.292646974128703,8.048803620694518e-8,8.048803828303154e-8,8.92618047658582e-8
12.53,0.61,0.480716289995901,7.627757079164065e-8,7.627758017481251e-8,8.92618047658582e-8
12.53,0.61,0.789648183294706,6.984794828121066e-8,6.984795445220431e-8,8.92618047658582e-8
12.53,0.61,1.297114881182717,6.001922008333856e-8,6.0019229536723e-8,8.92618047658582e-8
12.53,0.61,2.1307045980472066,4.50135130301846e-8,4.501352058552219e-8,8.92618047658582e-8
12.53,0.61,3.5000000000000004,1.981665551543874e-8,1.9816658160256822e-8,8.92618047658582e-8
12.53,0.61,3.8,1.2114898357704029e-8,1.2114899858226496e-8,8.92618047658582e-8
12.53,0.61,3.98,3.754696866591273e-9,3.754697506368226e-9,8.92618047658582e-8
12.53,0.61,3.9998,3.746428700968081e-10,3.7464292980866215e-10,8.92618047658582e-8
12.53,1.73,1.0000000000000001e-7,2.712227503102539e-8,2.7122274151494947e-8,2.7122394568103078e-8
12.53,1.73,1.6426491045299075e-7,2.712223617543382e-8,2.7122235294118e-8,2.7122394568103078e-8
12.53,1.73,2.698296080612907e-7,2.7122170377953408e-8,2.712216949844628e-8,2.7122394568103078e-8
12.53,1.73,4.432353640575351e-7,2.7122077247674145e-8,2.712207636823083e-8,2.7122394568103078e-8
12.53,1.73,7.280801738650976e-7,2.7121945430278594e-8,2.7121944550800983e-8,2.7122394568103078e-8
12.53,1.73,1.1959802456254818e-6,2.7121758854680972e-8,2.7121757975372668e-8,2.7122394568103078e-8
12.53,1.73,1.9645758795121526e-6,2.712149477351029e-8,2.7121493894061282e-8,2.7122394568103078e-8
12.53,1.73,3.227108809261693e-6,2.71211209894158e-8,2.712112011033649e-8,2.7122394568103078e-8
12.53,1.73,5.301007395754297e-6,2.712059192874274e-8,2.712059104949306e-8,2.7122394568103078e-8
12.53,1.73,8.707695051742211e-6,2.711984308322216e-8,2.7119842204442234e-8,2.7122394568103078e-8
12.53,1.73,1.4303687479263852e-5,2.7118783140482734e-8,2.711878226188392e-8,2.7122394568103078e-8
12.53,1.73,2.3495939429288417e-5,2.7117282840423375e-8,2.7117281961900595e-8,2.7122394568103078e-8
12.53,1.73,3.8595583863609565e-5,2.7115159190746115e-8,2.7115158313696385e-8,2.7122394568103078e-8
12.53,1.73,6.33990012723672e-5,2.7112153098726657e-8,2.7112152220375222e-8,2.7122394568103078e-8
12.53,1.73,0.00010414231266814445,2.710789764991398e-8,2.7107896775848937e-8,2.7122394568103078e-8
12.53,1.73,0.00017106927664800093,2.7101873070426564e-8,2.71018721933654e-8,2.7122394568103078e-8
12.53,1.73,0.00028100679409841776,2.7093342664891766e-8,2.7093341795501808e-8,2.7122394568103078e-8
12.53,1.73,0.00046159555869258604,2.7081261431275537e-8,2.7081260560325324e-8,2.7122394568103078e-8
12.53,1.73,0.0007582395311413588,2.7064145119152714e-8,2.70641442553562e-8,2.7122394568103078e-8
12.53,1.73,0.00124552148684853,2.7039881346050243e-8,2.7039880493039023e-8,2.7122394568103078e-8
12.53,1.73,0.002045954755044497,2.7005454430519512e-8,2.700545357126017e-8,2.7122394568103078e-8
12.53,1.73,0.0033607857462825456,2.6956538891014332e-8,2.6956538082036854e-8,2.7122394568103078e-8
12.53,1.73,0.005520591696647901,2.688688758381547e-8,2.688688673303016e-8,2.7122394568103078e-8
12.53,1.73,0.009068395006973916,2.6787389085601797e-8,2.6787388376737483e-8,2.7122394568103078e-8
12.53,1.73,0.01489619093772919,2.664457749536546e-8,2.6644576718535573e-8,2.7122394568103078e-8
12.53,1.73,0.024469214704767362,2.643821886237252e-8,2.6438218363402643e-8,2.7122394568103078e-8
12.53,1.73,0.04019433362333615,2.6137340583355922e-8,2.613734018375398e-8,2.7122394568103078e-8
12.53,1.73,0.06602518613354949,2.569371782511749e-8,2.5693717665864274e-8,2.7122394568103078e-8
12.53,1.73,0.1084562128786955,2.5031570407670787e-8,2.5031571396220408e-8,2.7122394568103078e-8
12.53,1.73,0.17815550096589414,2.4032838205424484e-8,2.40328383818746e-8,2.7122394568103078e-8
12.53,1.73,0.292646974128703,2.252118616104052e-8,2.2521190285395355e-8,2.7122394568103078e-8
12.53,1.73,0.480716289995901,2.0259713263996302e-8,2.0259714612216143e-8,2.7122394568103078e-8
12.53,1.73,0.789648183294706,1.7002045273063742e-8,1.700205103631197e-8,2.7122394568103078e-8
12.53,1.73,1.297114881182717,1.2658566860688452e-8,1.2658570302541678e-8,2.7122394568103078e-8
12.53,1.73,2.1307045980472066,7.56638571629124e-9,7.566386581791295e-9,2.7122394568103078e-8
12.53,1.73,3.5000000000000004,2.375455147893243e-9,2.375454382228843e-9,2.7122394568103078e-8
12.53,1.73,3.8,1.3568861472837457e-9,1.356885419617166e-9,2.7122394568103078e-8
12.53,1.73,3.98,4.0416717022971014e-10,4.041668014311143e-10,2.7122394568103078e-8
12.53,1.73,3.9998,4.0153955496530866e-11,4.015392224930224e-11,2.7122394568103078e-8
12.53,4.71,1.0000000000000001e-7,5.171683727004188e-9,5.1716373105380594e-9,5.1717664932572736e-9
12.53,4.71,1.6426491045299075e-7,5.171683727004188e-9,5.1716373105380594e-9,5.1717664932572736e-9
12.53,4.71,2.698296080612907e-7,5.171652087969365e-9,5.171605669510967e-9,5.1717664932572736e-9
12.53,4.71,4.432353640575351e-7,5.171604562980149e-9,5.17155813989785e-9,5.1717664932572736e-9
12.53,4.71,7.280801738650976e-7,5.171537295479797e-9,5.171490866735569e-9,5.1717664932572736e-9
12.53,4.71,1.1959802456254818e-6,5.171442083902307e-9,5.1713956472502415e-9,5.1717664932572736e-9
12.53,4.71,1.9645758795121526e-6,5.171307319185194e-9,5.17126087113932e-9,5.1717664932572736e-9
12.53,4.71,3.227108809261693e-6,5.17111656860701e-9,5.1710701047143e-9,5.1717664932572736e-9
12.53,4.71,5.301007395754297e-6,5.17084657047562e-9,5.1708000838187305e-9,5.1717664932572736e-9
12.53,4.71,8.707695051742211e-6,5.170464393809048e-9,5.170417875219244e-9,5.1717664932572736e-9
12.53,4.71,1.4303687479263852e-5,5.169923413576592e-9,5.169876849601969e-9,5.1717664932572736e-9
12.53,4.71,2.3495939429288417e-5,5.169157603629125e-9,5.16911097510348e-9,5.1717664932572736e-9
12.53,4.71,3.8595583863609565e-5,5.16807343519354e-9,5.1680267160122634e-9,5.1717664932572736e-9
12.53,4.71,6.33990012723672e-5,5.166538356227806e-9,5.166491506417443e-9,5.1717664932572736e-9
12.53,4.71,0.00010414231266814445,5.164364363729989e-9,5.1643173314977856e-9,5.1717664932572736e-9
12.53,4.71,0.00017106927664800093,5.161284479581408e-9,5.161237182612919e-9,5.1717664932572736e-9
12.53,4.71,0.00028100679409841776,5.156918847373867e-9,5.1568711774799216e-9,5.1717664932572736e-9
12.53,4.71,0.00046159555869258604,5.15072540492941e-9,5.150677192497788e-9,5.1717664932572736e-9
12.53,4.71,0.0007582395311413588,5.1419271379671225e-9,5.141878141656624e-9,5.1717664932572736e-9
12.53,4.71,0.00124552148684853,5.1294028150772305e-9,5.129352670564101e-9,5.1717664932572736e-9
12.53,4.71,0.002045954755044497,5.111519047476995e-9,5.111467171809253e-9,5.1717664932572736e-9
12.53,4.71,0.0033607857462825456,5.085865325811136e-9,5.085810857561989e-9,5.1717664932572736e-9
12.53,4.71,0.005520591696647901,5.04882524736447e-9,5.04876664584015e-9,5.1717664932572736e-9
12.53,4.71,0.009068395006973916,4.9948700471566015e-9,4.994804998407186e-9,5.1717664932572736e-9
12.53,4.71,0.01489619093772919,4.915393034717953e-9,4.9153172329083275e-9,5.1717664932572736e-9
12.53,4.71,0.024469214704767362,4.79684215604104e-9,4.796748931604801e-9,5.1717664932572736e-9
12.53,4.71,0.04019433362333615,4.6179790764299876e-9,4.617857124421065e-9,5.1717664932572736e-9
12.53,4.71,0.06602518613354949,4.346695686288038e-9,4.3465282940226475e-9,5.1717664932572736e-9
12.53,4.71,0.1084562128786955,3.938896931920195e-9,3.938663999845541e-9,5.1717664932572736e-9
12.53,4.71,0.17815550096589414,3.3468619923182727e-9,3.346544876599774e-9,5.1717664932572736e-9
12.53,4.71,0.292646974128703,2.5509744382004564e-9,2.5505842632382715e-9,5.1717664932572736e-9
12.53,4.71,0.480716289995901,1.622176521044951e-9,1.6217711347112718e-9,5.1717664932572736e-9
12.53,4.71,0.789648183294706,7.672750818955793e-10,7.66965345875117e-10,5.1717664932572736e-9
12.53,4.71,1.297114881182717,2.2665545548369106e-10,2.2650863153735816e-10,5.1717664932572736e-9
12.53,4.71,2.1307045980472066,3.241633935945393e-11,3.238300333655557e-11,5.1717664932572736e-9
12.53,4.71,3.5000000000000004,1.3752227698166295e-12,1.3730924488744434e-12,5.1717664932572736e-9
12.53,4.71,3.8,5.476469813537637e-13,5.46778665743346e-13,5.1717664932572736e-9
12.53,4.71,3.98,1.335262216127582e-13,1.3330837668143345e-13,5.1717664932572736e-9
12.53,4.71,3.9998,1.2986862578339538e-14,1.2965680798722153e-14,5.1717664932572736e-9
13.07,0.00113,1.0000000000000001e-7,2.4427363120946377e-6,2.442736416707219e-6,2.4427431263388435e-6
13.07,0.00113,1.6426491045299075e-7,2.442733481408858e-6,2.442733586046012e-6,2.4427431263388435e-6
13.07,0.00113,2.698296080612907e-7,2.4427294748354594e-6,2.4427295795117186e-6,2.4427431263388435e-6
13.07,0.00113,4.432353640575351e-7,2.4427238039014425e-6,2.4427239086295863e-6,2.4427431263388435e-6
13.07,0.00113,7.280801738650976e-7,2.442715777217389e-6,2.4427158820193455e-6,2.4427431263388435e-6
13.07,0.00113,1.1959802456254818e-6,2.4427044161828857e-6,2.4427045210948233e-6,2.4427431263388435e-6
13.07,0.00113,1.9645758795121526e-6,2.4426883356731185e-6,2.44268844072464e-6,2.4427431263388435e-6
13.07,0.00113,3.227108809261693e-6,2.442665575156761e-6,2.44266568043668e-6,2.4427431263388435e-6
13.07,0.00113,5.301007395754297e-6,2.4426333596471756e-6,2.4426334652023073e-6,2.4427431263388435e-6
13.07,0.00113,8.707695051742211e-6,2.442587761323679e-6,2.4425878673341615e-6,2.4427431263388435e-6
13.07,0.00113,1.4303687479263852e-5,2.442523220524784e-6,2.4425233271070768e-6,2.4427431263388435e-6
13.07,0.00113,2.3495939429288417e-5,2.4424318676131568e-6,2.442431975066687e-6,2.4427431263388435e-6
13.07,0.00113,3.8595583863609565e-5,2.4423025628037784e-6,2.4423026714712666e-6,2.4427431263388435e-6
13.07,0.00113,6.33990012723672e-5,2.4421195363613227e-6,2.4421196466682728e-6,2.4427431263388435e-6
13.07,0.00113,0.00010414231266814445,2.441860462164449e-6,2.441860575031644e-6,2.4427431263388435e-6
13.07,0.00113,0.00017106927664800093,2.44149372698907e-6,2.4414938429991064e-6,2.4427431263388435e-6
13.07,0.00113,0.00028100679409841776,2.4409745562588508e-6,2.440974677517598e-6,2.4427431263388435e-6
13.07,0.00113,0.00046159555869258604,2.4402395095799813e-6,2.440239637210884e-6,2.4427431263388435e-6
13.07,0.00113,0.0007582395311413588,2.439198642621753e-6,2.4391987805658135e-6,2.4427431263388435e-6
13.07,0.00113,0.00124552148684853,2.4377243072302313e-6,2.4377244586909552e-6,2.4427431263388435e-6
13.07,0.00113,0.002045954755044497,2.435635062997479e-6,2.43563523419107e-6,2.4427431263388435e-6
13.07,0.00113,0.0033607857462825456,2.432672383310022e-6,2.432672583771769e-6,2.4427431263388435e-6
13.07,0.00113,0.005520591696647901,2.428466541842729e-6,2.428466780340846e-6,2.4427431263388435e-6
13.07,0.00113,0.009068395006973916,2.4224858613163778e-6,2.4224861637205552e-6,2.4427431263388435e-6
13.07,0.00113,0.01489619093772919,2.4139596551304803e-6,2.413960035490235e-6,2.4427431263388435e-6
13.07,0.00113,0.024469214704767362,2.4017583700255245e-6,2.4017588905017414e-6,2.4427431263388435e-6
13.07,0.00113,0.04019433362333615,2.3842024503107245e-6,2.384203149552901e-6,2.4427431263388435e-6
13.07,0.00113,0.06602518613354949,2.3587512457554562e-6,2.358752252627543e-6,2.4427431263388435e-6
13.07,0.00113,0.1084562128786955,2.3214925710371187e-6,2.3214940294580445e-6,2.4427431263388435e-6
13.07,0.00113,0.17815550096589414,2.2663174811674237e-6,2.2663196038587502e-6,2.4427431263388435e-6
13.07,0.00113,0.292646974128703,2.183655485576509e-6,2.183658721776071e-6,2.4427431263388435e-6
13.07,0.00113,0.480716289995901,2.058758886625724e-6,2.0587634103316165e-6,2.4427431263388435e-6
13.07,0.00113,0.789648183294706,1.8699253134492808e-6,1.869931750556272e-6,2.4427431263388435e-6
13.07,0.00113,1.297114881182717,1.587558445357469e-6,1.5875662709169283e-6,2.4427431263388435e-6
13.07,0.00113,2.1307045980472066,1.1719640215062193e-6,1.1719719165274749e-6,2.4427431263388435e-6
13.07,0.00113,3.5000000000000004,5.074613032179299e-7,5.074656168420472e-7,2.4427431263388435e-6
13.07,0.00113,3.8,3.095065657589513e-7,3.095092406485181e-7,2.4427431263388435e-6
13.07,0.00113,3.98,9.580592839608787e-8,9.580677133351092e-8,2.4427431263388435e-6
13.07,0.00113,3.9998,9.558283973735138e-9,9.558368388934693e-9,2.4427431263388435e-6
13.07,0.0037,1.0000000000000001e-7,2.4207068531219784e-6,2.420706784456253e-6,2.420713617698594e-6
13.07,0.0037,1.6426491045299075e-7,2.420704043068467e-6,2.420703974403673e-6,2.420713617698594e-6
13.07,0.0037,2.698296080612907e-7,2.4207000656981297e-6,2.420699997032691e-6,2.420713617698594e-6
13.07,0.0037,4.432353640575351e-7,2.420694436098337e-6,2.420694367437439e-6,2.420713617698594e-6
13.07,0.0037,7.280801738650976e-7,2.420686467919045e-6,2.4206863992538836e-6,2.420713617698594e-6
13.07,0.0037,1.1959802456254818e-6,2.420675189692615e-6,2.420675121038603e-6,2.420713617698594e-6
13.07,0.0037,1.9645758795121526e-6,2.4206592263900325e-6,2.420659157729166e-6,2.420713617698594e-6
13.07,0.0037,3.227108809261693e-6,2.4206366317696728e-6,2.420636563125048e-6,2.420713617698594e-6
13.07,0.0037,5.301007395754297e-6,2.4206046510707236e-6,2.420604582426715e-6,2.420713617698594e-6
13.07,0.0037,8.707695051742211e-6,2.420559385100498e-6,2.420559316464042e-6,2.420713617698594e-6
13.07,0.0037,1.4303687479263852e-5,2.4204953147182417e-6,2.420495246117386e-6,2.420713617698594e-6
13.07,0.0037,2.3495939429288417e-5,2.4204046276410562e-6,2.42040455900683e-6,2.420713617698594e-6
13.07,0.0037,3.8595583863609565e-5,2.4202762652663623e-6,2.420276196752251e-6,2.420713617698594e-6
13.07,0.0037,6.33990012723672e-5,2.4200945727709615e-6,2.4200945041568323e-6,2.420713617698594e-6
13.07,0.0037,0.00010414231266814445,2.4198373866946902e-6,2.4198373183198834e-6,2.420713617698594e-6
13.07,0.0037,0.00017106927664800093,2.4194733240770653e-6,2.41947325560559e-6,2.420713617698594e-6
13.07,0.0037,0.00028100679409841776,2.418957936332095e-6,2.418957868122209e-6,2.420713617698594e-6
13.07,0.0037,0.00046159555869258604,2.4182282446452044e-6,2.418228176623739e-6,2.420713617698594e-6
13.07,0.0037,0.0007582395311413588,2.4171949584012696e-6,2.4171948902963394e-6,2.420713617698594e-6
13.07,0.0037,0.00124552148684853,2.415731355626851e-6,2.4157312886664777e-6,2.420713617698594e-6
13.07,0.0037,0.002045954755044497,2.4136573089256562e-6,2.413657240870421e-6,2.420713617698594e-6
13.07,0.0037,0.0033607857462825456,2.4107161549358304e-6,2.410716090065116e-6,2.420713617698594e-6
13.07,0.0037,0.005520591696647901,2.406540815624461e-6,2.4065407486010645e-6,2.420713617698594e-6
13.07,0.0037,0.009068395006973916,2.4006033873933867e-6,2.4006033260413745e-6,2.420713617698594e-6
13.07,0.0037,0.01489619093772919,2.3921385826495315e-6,2.3921385209436505e-6,2.420713617698594e-6
13.07,0.0037,0.024469214704767362,2.3800246212647117e-6,2.380024564560946e-6,2.420713617698594e-6
13.07,0.0037,0.04019433362333615,2.362593247219193e-6,2.362593204248222e-6,2.420713617698594e-6
13.07,0.0037,0.06602518613354949,2.337320473849291e-6,2.337320420064264e-6,2.420713617698594e-6
13.07,0.0037,0.1084562128786955,2.300319197476901e-6,2.3003192077292227e-6,2.420713617698594e-6
13.07,0.0037,0.17815550096589414,2.2455192738578596e-6,2.245519226755412e-6,2.420713617698594e-6
13.07,0.0037,0.292646974128703,2.1634122789223356e-6,2.1634123837345813e-6,2.420713617698594e-6
13.07,0.0037,0.480716289995901,2.039353422645491e-6,2.039353446861814e-6,2.420713617698594e-6
13.07,0.0037,0.789648183294706,1.85181657437961e-6,1.8518166882160251e-6,2.420713617698594e-6
13.07,0.0037,1.297114881182717,1.571516180889272e-6,1.571516259257321e-6,2.420713617698594e-6
13.07,0.0037,2.1307045980472066,1.1593488154103616e-6,1.1593488102890264e-6,2.420713617698594e-6
13.07,0.0037,3.5000000000000004,5.015038086072149e-7,5.015037448056638e-7,2.420713617698594e-6
13.07,0.0037,3.8,3.058121924779187e-7,3.058121807680892e-7,2.420713617698594e-6
13.07,0.0037,3.98,9.465132506183803e-8,9.465130843556774e-8,2.420713617698594e-6
13.07,0.0037,3.9998,9.442972612456798e-9,9.442970977419582e-9,2.420713617698594e-6
13.07,0.0127,1.0000000000000001e-7,2.345652218930114e-6,2.3456521475836455e-6,2.3456588140338815e-6
13.07,0.0127,1.6426491045299075e-7,2.3456494792768257e-6,2.3456494079308598e-6,2.3456588140338815e-6
13.07,0.0127,2.698296080612907e-7,2.345645601551469e-6,2.345645530207537e-6,2.3456588140338815e-6
13.07,0.0127,4.432353640575351e-7,2.3456401129898985e-6,2.345640041643994e-6,2.3456588140338815e-6
13.07,0.0127,7.280801738650976e-7,2.345632344437137e-6,2.3456322730983326e-6,2.3456588140338815e-6
13.07,0.0127,1.1959802456254818e-6,2.3456213487635854e-6,2.34562127741861e-6,2.3456588140338815e-6
13.07,0.0127,1.9645758795121526e-6,2.3456057853885164e-6,2.3456057140579762e-6,2.3456588140338815e-6
13.07,0.0127,3.227108809261693e-6,2.3455837568287874e-6,2.3455836854917908e-6,2.3456588140338815e-6
13.07,0.0127,5.301007395754297e-6,2.345552577336992e-6,2.345552506016081e-6,2.3456588140338815e-6
13.07,0.0127,8.707695051742211e-6,2.3455084454032002e-6,2.3455083740919585e-6,2.3456588140338815e-6
13.07,0.0127,1.4303687479263852e-5,2.3454459801491574e-6,2.3454459088337097e-6,2.3456588140338815e-6
13.07,0.0127,2.3495939429288417e-5,2.34535756499346e-6,2.3453574937420135e-6,2.3456588140338815e-6
13.07,0.0127,3.8595583863609565e-5,2.3452324183395654e-6,2.3452323470246166e-6,2.3456588140338815e-6
13.07,0.0127,6.33990012723672e-5,2.3450552774608762e-6,2.3450552063198173e-6,2.3456588140338815e-6
13.07,0.0127,0.00010414231266814445,2.344804533920576e-6,2.3448044626554517e-6,2.3456588140338815e-6
13.07,0.0127,0.00017106927664800093,2.344449590451054e-6,2.344449519468837e-6,2.3456588140338815e-6
13.07,0.0127,0.00028100679409841776,2.343947110793567e-6,2.3439470397668344e-6,2.3456588140338815e-6
13.07,0.0127,0.00046159555869258604,2.343235691112011e-6,2.3432356202820106e-6,2.3456588140338815e-6
13.07,0.0127,0.0007582395311413588,2.342228271372656e-6,2.3422282010095235e-6,2.3456588140338815e-6
13.07,0.0127,0.00124552148684853,2.3408012898876075e-6,2.340801219099379e-6,2.3456588140338815e-6
13.07,0.0127,0.002045954755044497,2.3387790995051315e-6,2.33877903060015e-6,2.3456588140338815e-6
13.07,0.0127,0.0033607857462825456,2.3359113946909574e-6,2.3359113240592457e-6,2.3456588140338815e-6
13.07,0.0127,0.005520591696647901,2.3318401341149796e-6,2.331840067928658e-6,2.3456588140338815e-6
13.07,0.0127,0.009068395006973916,2.3260502913584976e-6,2.326050222861727e-6,2.3456588140338815e-6
13.07,0.0127,0.01489619093772919,2.31779500302347e-6,2.3177949410870528e-6,2.3456588140338815e-6
13.07,0.0127,0.024469214704767362,2.3059790168245215e-6,2.3059789576087217e-6,2.3456588140338815e-6
13.07,0.0127,0.04019433362333615,2.2889726443166924e-6,2.288972586788139e-6,2.3456588140338815e-6
13.07,0.0127,0.06602518613354949,2.264308784610813e-6,2.2643087561301446e-6,2.3456588140338815e-6
13.07,0.0127,0.1084562128786955,2.228185980441784e-6,2.228185923136196e-6,2.3456588140338815e-6
13.07,0.0127,0.17815550096589414,2.17466662922227e-6,2.174666676121963e-6,2.3456588140338815e-6
13.07,0.0127,0.292646974128703,2.094454412358681e-6,2.094454376018889e-6,2.3456588140338815e-6
13.07,0.0127,0.480716289995901,1.9732563259001954e-6,1.9732564522987195e-6,2.3456588140338815e-6
13.07,0.0127,0.789648183294706,1.7901486139107803e-6,1.7901486722998257e-6,2.3456588140338815e-6
13.07,0.0127,1.297114881182717,1.5169065036872216e-6,1.516906546209203e-6,2.3456588140338815e-6
13.07,0.0127,2.1307045980472066,1.116436589833521e-6,1.116436583054493e-6,2.3456588140338815e-6
13.07,0.0127,3.5000000000000004,4.812651214028942e-7,4.8126512209917e-7,2.3456588140338815e-6
13.07,0.0127,3.8,2.9326538677916774e-7,2.932653578110506e-7,2.3456588140338815e-6
13.07,0.0127,3.98,9.073075184120448e-8,9.073075618212136e-8,2.3456588140338815e-6
13.07,0.0127,3.9998,9.051428632579864e-9,9.051428994744557e-9,2.3456588140338815e-6
13.07,0.047,1.0000000000000001e-7,2.0869440081234485e-6,2.08694394080922e-6,2.0869500158227995e-6
13.07,0.047,1.6426491045299075e-7,2.0869415124821253e-6,2.0869414451699544e-6,2.0869500158227995e-6
13.07,0.047,2.698296080612907e-7,2.0869379801330486e-6,2.0869379128205443e-6,2.0869500158227995e-6
13.07,0.047,4.432353640575351e-7,2.0869329804195554e-6,2.08693291310859e-6,2.0869500158227995e-6
13.07,0.047,7.280801738650976e-7,2.0869259037859326e-6,2.086925836478117e-6,2.0869500158227995e-6
13.07,0.047,1.1959802456254818e-6,2.0869158874598805e-6,2.0869158201494713e-6,2.0869500158227995e-6
13.07,0.047,1.9645758795121526e-6,2.086901710260792e-6,2.0869016429628627e-6,2.0869500158227995e-6
13.07,0.047,3.227108809261693e-6,2.0868816437057503e-6,2.0868815763967985e-6,2.0869500158227995e-6
13.07,0.047,5.301007395754297e-6,2.0868532412525255e-6,2.0868531739713305e-6,2.0869500158227995e-6
13.07,0.047,8.707695051742211e-6,2.086813039966332e-6,2.0868129726709485e-6,2.0869500158227995e-6
13.07,0.047,1.4303687479263852e-5,2.0867561381962707e-6,2.0867560709366246e-6,2.0869500158227995e-6
13.07,0.047,2.3495939429288417e-5,2.08667559767593e-6,2.086675530427112e-6,2.0869500158227995e-6
13.07,0.047,3.8595583863609565e-5,2.0865615969312523e-6,2.0865615296885545e-6,2.0869500158227995e-6
13.07,0.047,6.33990012723672e-5,2.0864002322708337e-6,2.0864001651346568e-6,2.0869500158227995e-6
13.07,0.047,0.00010414231266814445,2.0861718190104875e-6,2.0861717517740367e-6,2.0869500158227995e-6
13.07,0.047,0.00017106927664800093,2.085848483156916e-6,2.0858484162386035e-6,2.0869500158227995e-6
13.07,0.047,0.00028100679409841776,2.0853907438754348e-6,2.0853906767184957e-6,2.0869500158227995e-6
13.07,0.047,0.00046159555869258604,2.0847426563649796e-6,2.084742589784861e-6,2.0869500158227995e-6
13.07,0.047,0.0007582395311413588,2.083824892063511e-6,2.0838248253311535e-6,2.0869500158227995e-6
13.07,0.047,0.00124552148684853,2.0825248433454357e-6,2.0825247771519475e-6,2.0869500158227995e-6
13.07,0.047,0.002045954755044497,2.080682392602991e-6,2.080682327140831e-6,2.0869500158227995e-6
13.07,0.047,0.0033607857462825456,2.0780692726713947e-6,2.0780692067202846e-6,2.0869500158227995e-6
13.07,0.047,0.005520591696647901,2.0743587681530516e-6,2.0743587057628167e-6,2.0869500158227995e-6
13.07,0.047,0.009068395006973916,2.069080495716566e-6,2.0690804300775444e-6,2.0869500158227995e-6
13.07,0.047,0.01489619093772919,2.061551475443096e-6,2.061551419693113e-6,2.0869500158227995e-6
13.07,0.047,0.024469214704767362,2.0507684604155225e-6,2.050768399024166e-6,2.0869500158227995e-6
13.07,0.047,0.04019433362333615,2.035235580635886e-6,2.035235537454687e-6,2.0869500158227995e-6
13.07,0.047,0.06602518613354949,2.0126832444159453e-6,2.0126832049422177e-6,2.0869500158227995e-6
13.07,0.047,0.1084562128786955,1.9796076609935784e-6,1.9796076338116275e-6,2.0869500158227995e-6
13.07,0.047,0.17815550096589414,1.9305325189132743e-6,1.930532552471773e-6,2.0869500158227995e-6
13.07,0.047,0.292646974128703,1.8569008948491137e-6,1.85690087227367e-6,2.0869500158227995e-6
13.07,0.047,0.480716289995901,1.7456476439922305e-6,1.745647795371549e-6,2.0869500158227995e-6
13.07,0.047,0.789648183294706,1.5779504457943876e-6,1.5779504552050929e-6,2.0869500158227995e-6
13.07,0.047,1.297114881182717,1.3292671113982678e-6,1.3292671945109378e-6,2.0869500158227995e-6
13.07,0.047,2.1307045980472066,9.693942470429515e-7,9.693942734524633e-7,2.0869500158227995e-6
13.07,0.047,3.5000000000000004,4.122559771421488e-7,4.122559438733519e-7,2.0869500158227995e-6
13.07,0.047,3.8,2.505304806760772e-7,2.505304806619761e-7,2.0869500158227995e-6
13.07,0.047,3.98,7.738586430057125e-8,7.738586340557537e-8,2.0869500158227995e-6
13.07,0.047,3.9998,7.718783011510549e-9,7.718782724491564e-9,2.0869500158227995e-6
13.07,0.173,1.0000000000000001e-7,1.4124139605542368e-6,1.4124138726398912e-6,1.412418406749229e-6
13.07,0.173,1.6426491045299075e-7,1.4124121135729077e-6,1.4124120256576746e-6,1.412418406749229e-6
13.07,0.173,2.698296080612907e-7,1.4124094993418272e-6,1.4124094114292348e-6,1.412418406749229e-6
13.07,0.173,4.432353640575351e-7,1.412405799139166e-6,1.4124057112249075e-6,1.412418406749229e-6
13.07,0.173,7.280801738650976e-7,1.4124005618426648e-6,1.4124004739326423e-6,1.412418406749229e-6
13.07,0.173,1.1959802456254818e-6,1.4123931489280732e-6,1.4123930610177711e-6,1.412418406749229e-6
13.07,0.173,1.9645758795121526e-6,1.4123826566175878e-6,1.4123825687102387e-6,1.412418406749229e-6
13.07,0.173,3.227108809261693e-6,1.4123678056836778e-6,1.4123677177837589e-6,1.412418406749229e-6
13.07,0.173,5.301007395754297e-6,1.4123467854661879e-6,1.4123466975604526e-6,1.412418406749229e-6
13.07,0.173,8.707695051742211e-6,1.4123170330688787e-6,1.4123169451904932e-6,1.412418406749229e-6
13.07,0.173,1.4303687479263852e-5,1.4122749207770014e-6,1.4122748328761624e-6,1.412418406749229e-6
13.07,0.173,2.3495939429288417e-5,1.4122153134977513e-6,1.4122152256555612e-6,1.412418406749229e-6
13.07,0.173,3.8595583863609565e-5,1.4121309420638322e-6,1.4121308541957272e-6,1.412418406749229e-6
13.07,0.173,6.33990012723672e-5,1.4120115155273737e-6,1.412011427732079e-6,1.412418406749229e-6
13.07,0.173,0.00010414231266814445,1.411842463148859e-6,1.4118423753861755e-6,1.412418406749229e-6
13.07,0.173,0.00017106927664800093,1.4116031502732481e-6,1.4116030625176098e-6,1.412418406749229e-6
13.07,0.173,0.00028100679409841776,1.4112643450519315e-6,1.4112642575397006e-6,1.412418406749229e-6
13.07,0.173,0.00046159555869258604,1.4107846146747865e-6,1.4107845269467049e-6,1.412418406749229e-6
13.07,0.173,0.0007582395311413588,1.4101051836974686e-6,1.4101050966730267e-6,1.412418406749229e-6
13.07,0.173,0.00124552148684853,1.409142565006956e-6,1.4091424774978898e-6,1.412418406749229e-6
13.07,0.173,0.002045954755044497,1.4077779265364002e-6,1.4077778403031764e-6,1.412418406749229e-6
13.07,0.173,0.0033607857462825456,1.405841594378327e-6,1.4058415079251995e-6,1.412418406749229e-6
13.07,0.173,0.005520591696647901,1.4030901495033314e-6,1.4030900642884686e-6,1.412418406749229e-6
13.07,0.173,0.009068395006973916,1.3991719428786323e-6,1.399171859799998e-6,1.412418406749229e-6
13.07,0.173,0.01489619093772919,1.3935739731620832e-6,1.3935738887964024e-6,1.412418406749229e-6
13.07,0.173,0.024469214704767362,1.3855379852151753e-6,1.3855379116069068e-6,1.412418406749229e-6
13.07,0.173,0.04019433362333615,1.3739249240195805e-6,1.3739248409247042e-6,1.412418406749229e-6
13.07,0.173,0.06602518613354949,1.356993056942876e-6,1.3569930066867255e-6,1.412418406749229e-6
13.07,0.173,0.1084562128786955,1.3320370888379131e-6,1.3320370212394196e-6,1.412418406749229e-6
13.07,0.173,0.17815550096589414,1.294824851077023e-6,1.2948248404821258e-6,1.412418406749229e-6
13.07,0.173,0.292646974128703,1.2388070407946455e-6,1.2388070414478658e-6,1.412418406749229e-6
13.07,0.173,0.480716289995901,1.1542716353228443e-6,1.154271641960424e-6,1.412418406749229e-6
13.07,0.173,0.789648183294706,1.028130592109871e-6,1.0281306768145385e-6,1.412418406749229e-6
13.07,0.173,1.297114881182717,8.457124297749117e-7,8.457124272762795e-7,1.412418406749229e-6
13.07,0.173,2.1307045980472066,5.943893437376399e-7,5.943893041053922e-7,1.412418406749229e-6
13.07,0.173,3.5000000000000004,2.3951468370403584e-7,2.395146965893893e-7,1.412418406749229e-6
13.07,0.173,3.8,1.4399852546770284e-7,1.4399849068251728e-7,1.412418406749229e-6
13.07,0.173,3.98,4.420095459250269e-8,4.4200953718444156e-8,1.412418406749229e-6
13.07,0.173,3.9998,4.405772739096973e-9,4.405772786821165e-9,1.412418406749229e-6
13.07,0.61,1.0000000000000001e-7,5.11954755302548e-7,5.119546946199559e-7,5.119569882456414e-7
13.07,0.61,1.6426491045299075e-7,5.119538277217442e-7,5.119537670392158e-7,5.119569882456414e-7
13.07,0.61,2.698296080612907e-7,5.119525148167162e-7,5.11952454135457e-7,5.119569882456414e-7
13.07,0.61,4.432353640575351e-7,5.119506565202655e-7,5.119505958382305e-7,5.119569882456414e-7
13.07,0.61,7.280801738650976e-7,5.119480262711044e-7,5.119479655919985e-7,5.119569882456414e-7
13.07,0.61,1.1959802456254818e-6,5.119443033903698e-7,5.119442427102453e-7,5.119569882456414e-7
13.07,0.61,1.9645758795121526e-6,5.119390339813389e-7,5.119389733054881e-7,5.119569882456414e-7
13.07,0.61,3.227108809261693e-6,5.11931575582448e-7,5.119315149080275e-7,5.119569882456414e-7
13.07,0.61,5.301007395754297e-6,5.119210188191675e-7,5.11920958147364e-7,5.119569882456414e-7
13.07,0.61,8.707695051742211e-6,5.119060764873472e-7,5.119060158263782e-7,5.119569882456414e-7
13.07,0.61,1.4303687479263852e-5,5.118849265099923e-7,5.118848658432925e-7,5.119569882456414e-7
13.07,0.61,2.3495939429288417e-5,5.118549895399689e-7,5.118549289056784e-7,5.119569882456414e-7
13.07,0.61,3.8595583863609565e-5,5.118126139085833e-7,5.11812553256798e-7,5.119569882456414e-7
13.07,0.61,6.33990012723672e-5,5.117526290849735e-7,5.117525684956069e-7,5.119569882456414e-7
13.07,0.61,0.00010414231266814445,5.116677122378794e-7,5.116676516401555e-7,5.119569882456414e-7
13.07,0.61,0.00017106927664800093,5.115474884782478e-7,5.115474279521242e-7,5.119569882456414e-7
13.07,0.61,0.00028100679409841776,5.113772501319901e-7,5.113771896804106e-7,5.119569882456414e-7
13.07,0.61,0.00046159555869258604,5.111361277776275e-7,5.111360673279991e-7,5.119569882456414e-7
13.07,0.61,0.0007582395311413588,5.107944652763744e-7,5.107944051563328e-7,5.119569882456414e-7
13.07,0.61,0.00124552148684853,5.103100240057681e-7,5.103099636854869e-7,5.119569882456414e-7
13.07,0.61,0.002045954755044497,5.096224339468017e-7,5.096223744990018e-7,5.119569882456414e-7
13.07,0.61,0.0033607857462825456,5.086449578527839e-7,5.086448980614993e-7,5.119569882456414e-7
13.07,0.61,0.005520591696647901,5.072520218602095e-7,5.072519636780583e-7,5.119569882456414e-7
13.07,0.61,0.009068395006973916,5.05259879187735e-7,5.052598214237097e-7,5.119569882456414e-7
13.07,0.61,0.01489619093772919,5.023958550384879e-7,5.023957990568688e-7,5.119569882456414e-7
13.07,0.61,0.024469214704767362,4.982483565047362e-7,4.98248305687197e-7,5.119569882456414e-7
13.07,0.61,0.04019433362333615,4.921847851571431e-7,4.921847326762129e-7,5.119569882456414e-7
13.07,0.61,0.06602518613354949,4.83218422824177e-7,4.832183929488659e-7,5.119569882456414e-7
13.07,0.61,0.1084562128786955,4.6980389288945195e-7,4.6980385057388396e-7,5.119569882456414e-7
13.07,0.61,0.17815550096589414,4.495638386546438e-7,4.4956385361075645e-7,5.119569882456414e-7
13.07,0.61,0.292646974128703,4.190484140155522e-7,4.190484166735283e-7,5.119569882456414e-7
13.07,0.61,0.480716289995901,3.738926743207644e-7,3.738927283915356e-7,5.119569882456414e-7
13.07,0.61,0.789648183294706,3.1017738701375914e-7,3.101774530613877e-7,5.119569882456414e-7
13.07,0.61,1.297114881182717,2.27863221198145e-7,2.2786326174868723e-7,5.119569882456414e-7
13.07,0.61,2.1307045980472066,1.3498288205185513e-7,1.349828799603639e-7,5.119569882456414e-7
13.07,0.61,3.5000000000000004,4.278906737638216e-8,4.278908439119416e-8,5.119569882456414e-7
13.07,0.61,3.8,2.4558476415400598e-8,2.4558466227610935e-8,5.119569882456414e-7
13.07,0.61,3.98,7.338369150473023e-9,7.338371816822571e-9,5.119569882456414e-7
13.07,0.61,3.9998,7.293304721935491e-10,7.29330770690403e-10,5.119569882456414e-7
13.07,1.73,1.0000000000000001e-7,1.188003214911904e-7,1.1880033398905885e-7,1.1880138738239938e-7
13.07,1.73,1.6426491045299075e-7,1.187998787118457e-7,1.1879989123614774e-7,1.1880138738239938e-7
13.07,1.73,2.698296080612907e-7,1.18799251998039e-7,1.1879926452171549e-7,1.1880138738239938e-7
13.07,1.73,4.432353640575351e-7,1.1879836494105131e-7,1.187983774654755e-7,1.1880138738239938e-7
13.07,1.73,7.280801738650976e-7,1.1879710939006935e-7,1.1879712191373026e-7,1.1880138738239938e-7
13.07,1.73,1.1959802456254818e-6,1.1879533226449256e-7,1.1879534478976234e-7,1.1880138738239938e-7
13.07,1.73,1.9645758795121526e-6,1.1879281688561958e-7,1.1879282940993578e-7,1.1880138738239938e-7
13.07,1.73,3.227108809261693e-6,1.1878925654794307e-7,1.187892690741391e-7,1.1880138738239938e-7
13.07,1.73,5.301007395754297e-6,1.1878421709924842e-7,1.1878422962605213e-7,1.1880138738239938e-7
13.07,1.73,8.707695051742211e-6,1.1877708394743646e-7,1.1877709647387275e-7,1.1880138738239938e-7
13.07,1.73,1.4303687479263852e-5,1.1876698698759961e-7,1.1876699952049374e-7,1.1880138738239938e-7
13.07,1.73,2.3495939429288417e-5,1.1875269419227479e-7,1.1875270671769414e-7,1.1880138738239938e-7
13.07,1.73,3.8595583863609565e-5,1.1873246065391933e-7,1.1873247319833307e-7,1.1880138738239938e-7
13.07,1.73,6.33990012723672e-5,1.1870381413574581e-7,1.1870382666401529e-7,1.1880138738239938e-7
13.07,1.73,0.00010414231266814445,1.1866324976720908e-7,1.18663262328379e-7,1.1880138738239938e-7
13.07,1.73,0.00017106927664800093,1.1860579392522155e-7,1.1860580647605853e-7,1.1880138738239938e-7
13.07,1.73,0.00028100679409841776,1.1852437802650724e-7,1.1852439060342226e-7,1.1880138738239938e-7
13.07,1.73,0.00046159555869258604,1.1840893239153605e-7,1.1840894501515125e-7,1.1880138738239938e-7
13.07,1.73,0.0007582395311413588,1.1824506021001563e-7,1.1824507278789755e-7,1.1880138738239938e-7
13.07,1.73,0.00124552148684853,1.1801206640234097e-7,1.180120792139927e-7,1.1880138738239938e-7
13.07,1.73,0.002045954755044497,1.1767996683461834e-7,1.1767997941816012e-7,1.1880138738239938e-7
13.07,1.73,0.0033607857462825456,1.1720483723498655e-7,1.172048504959664e-7,1.1880138738239938e-7
13.07,1.73,0.005520591696647901,1.1652138880155651e-7,1.1652140170067955e-7,1.1880138738239938e-7
13.07,1.73,0.009068395006973916,1.1553084855140445e-7,1.1553086279481644e-7,1.1880138738239938e-7
13.07,1.73,0.01489619093772919,1.1408096052491116e-7,1.1408097529922813e-7,1.1880138738239938e-7
13.07,1.73,0.024469214704767362,1.11933380175699e-7,1.1193339599972297e-7,1.1880138738239938e-7
13.07,1.73,0.04019433362333615,1.0871328900954714e-7,1.0871331106406357e-7,1.1880138738239938e-7
13.07,1.73,0.06602518613354949,1.0384176988750079e-7,1.038417869388744e-7,1.1880138738239938e-7
13.07,1.73,0.1084562128786955,9.647702435265612e-8,9.647706358317463e-8,1.1880138738239938e-7
13.07,1.73,0.17815550096589414,8.556181824007015e-8,8.55618399218931e-8,1.1880138738239938e-7
13.07,1.73,0.292646974128703,7.020523097103398e-8,7.020528180797425e-8,1.1880138738239938e-7
13.07,1.73,0.480716289995901,5.068501865154497e-8,5.068505055406197e-8,1.1880138738239938e-7
13.07,1.73,0.789648183294706,2.981216830065101e-8,2.981219039815263e-8,1.1880138738239938e-7
13.07,1.73,1.297114881182717,1.2784736189867895e-8,1.2784742183599426e-8,1.1880138738239938e-7
13.07,1.73,2.1307045980472066,3.423128771437048e-9,3.42312807020675e-9,1.1880138738239938e-7
13.07,1.73,3.5000000000000004,3.805855364275757e-10,3.80581650900546e-10,1.1880138738239938e-7
13.07,1.73,3.8,1.8118710070204856e-10,1.8118679221668343e-10,1.1880138738239938e-7
13.07,1.73,3.98,4.874535872748197e-11,4.8744878191795444e-11,1.1880138738239938e-7
13.07,1.73,3.9998,4.790538852767153e-12,4.7904903858478646e-12,1.1880138738239938e-7
13.07,4.71,1.0000000000000001e-7,2.159882571792931e-8,2.1598621384447968e-8,2.1599415529094773e-8
13.07,4.71,1.6426491045299075e-7,2.1598645646212923e-8,2.1598441282639447e-8,2.1599415529094773e-8
13.07,4.71,2.698296080612907e-7,2.159832582848631e-8,2.159812145367924e-8,2.1599415529094773e-8
13.07,4.71,4.432353640575351e-7,2.159787315235624e-8,2.159766874056849e-8,2.1599415529094773e-8
13.07,4.71,7.280801738650976e-7,2.1597232422438908e-8,2.159702795728251e-8,2.1599415529094773e-8
13.07,4.71,1.1959802456254818e-6,2.1596325508171462e-8,2.1596120968795153e-8,2.1599415529094773e-8
13.07,4.71,1.9645758795121526e-6,2.1595041807737374e-8,2.1594837161754534e-8,2.1599415529094773e-8
13.07,4.71,3.227108809261693e-6,2.1593224739431366e-8,2.1593019943829364e-8,2.1599415529094773e-8
13.07,4.71,5.301007395754297e-6,2.1590652595790087e-8,2.159044758763144e-8,2.1599415529094773e-8
13.07,4.71,8.707695051742211e-6,2.1587011385848485e-8,2.1586806075098776e-8,2.1599415529094773e-8
13.07,4.71,1.4303687479263852e-5,2.158185626271484e-8,2.158165052715968e-8,2.1599415529094773e-8
13.07,4.71,2.3495939429288417e-5,2.1574556626251117e-8,2.1574350277881895e-8,2.1599415529094773e-8
13.07,4.71,3.8595583863609565e-5,2.1564217741187826e-8,2.1564010536735692e-8,2.1599415529094773e-8
13.07,4.71,6.33990012723672e-5,2.15495682721079e-8,2.1549359823491723e-8,2.1599415529094773e-8
13.07,4.71,0.00010414231266814445,2.152879771511735e-8,2.152858751047746e-8,2.1599415529094773e-8
13.07,4.71,0.00017106927664800093,2.149931884766392e-8,2.1499106082050937e-8,2.1599415529094773e-8
13.07,4.71,0.00028100679409841776,2.1457415304156328e-8,2.1457198821592854e-8,2.1599415529094773e-8
13.07,4.71,0.00046159555869258604,2.1397708122679094e-8,2.139748616984745e-8,2.1599415529094773e-8
13.07,4.71,0.0007582395311413588,2.131232826329487e-8,2.1312097995691266e-8,2.1599415529094773e-8
13.07,4.71,0.00124552148684853,2.1189598533017817e-8,2.1189355718381116e-8,2.1599415529094773e-8
13.07,4.71,0.002045954755044497,2.1011883601321165e-8,2.101162057424926e-8,2.1599415529094773e-8
13.07,4.71,0.0033607857462825456,2.075203540042352e-8,2.075174059526135e-8,2.1599415529094773e-8
13.07,4.71,0.005520591696647901,2.036755912867918e-8,2.036721099735125e-8,2.1599415529094773e-8
13.07,4.71,0.009068395006973916,1.9791460393944855e-8,1.979102582154956e-8,2.1599415529094773e-8
13.07,4.71,0.01489619093772919,1.891953191411997e-8,1.8918956089188104e-8,2.1599415529094773e-8
13.07,4.71,0.024469214704767362,1.7597968223012657e-8,1.7597173480492225e-8,2.1599415529094773e-8
13.07,4.71,0.04019433362333615,1.562764064699281e-8,1.5626544137926807e-8,2.1599415529094773e-8
13.07,4.71,0.06602518613354949,1.2826837972942007e-8,1.2825385643668254e-8,2.1599415529094773e-8
13.07,4.71,0.1084562128786955,9.215171725210189e-9,9.213482641691871e-9,2.1599415529094773e-8
13.07,4.71,0.17815550096589414,5.300039579279537e-9,5.298448214886904e-9,2.1599415529094773e-8
13.07,4.71,0.292646974128703,2.1160934254587884e-9,2.1150654461025483e-9,2.1599415529094773e-8
13.07,4.71,0.480716289995901,4.703702875664812e-10,4.700016905784752e-10,2.1599415529094773e-8
13.07,4.71,0.789648183294706,4.194778971792491e-11,4.189549392513392e-11,2.1599415529094773e-8
13.07,4.71,1.297114881182717,9.49980139682934e-13,9.481280054078205e-13,2.1599415529094773e-8
13.07,4.71,2.1307045980472066,3.0584819369439974e-15,3.049388855026333e-15,2.1599415529094773e-8
13.07,4.71,3.5000000000000004,7.291679474550869e-19,7.2420249086157065e-19,2.1599415529094773e-8
13.07,4.71,3.8,1.2006195978481907e-19,1.196283075506323e-19,2.1599415529094773e-8
13.07,4.71,3.98,1.8706701435829483e-20,1.8655221611735555e-20,2.1599415529094773e-8
13.07,4.71,3.9998,1.7397815796264224e-21,1.734986548998263e-21,2.1599415529094773e-8
13.61,0.00113,1.0000000000000001e-7,1.3409615690272001e-5,1.3409614618290042e-5,1.3409680595071278e-5
13.61,0.00113,1.6426491045299075e-7,1.340958872834254e-5,1.3409587656614087e-5,1.3409680595071278e-5
13.61,0.00113,2.698296080612907e-7,1.3409550566214613e-5,1.3409549494835169e-5,1.3409680595071278e-5
13.61,0.00113,4.432353640575351e-7,1.3409496551217138e-5,1.3409495480372905e-5,1.3409680595071278e-5
13.61,0.00113,7.280801738650976e-7,1.3409420097887756e-5,1.3409419027708482e-5,1.3409680595071278e-5
13.61,0.00113,1.1959802456254818e-6,1.3409311885026673e-5,1.3409310815948496e-5,1.3409680595071278e-5
13.61,0.00113,1.9645758795121526e-6,1.3409158719133944e-5,1.3409157651387989e-5,1.3409680595071278e-5
13.61,0.00113,3.227108809261693e-6,1.3408941925555954e-5,1.3408940859978061e-5,1.3409680595071278e-5
13.61,0.00113,5.301007395754297e-6,1.3408635070946116e-5,1.3408634008159415e-5,1.3409680595071278e-5
13.61,0.00113,8.707695051742211e-6,1.3408200738798259e-5,1.3408199680132236e-5,1.3409680595071278e-5
13.61,0.00113,1.4303687479263852e-5,1.3407585963625365e-5,1.3407584910884586e-5,1.3409680595071278e-5
13.61,0.00113,2.3495939429288417e-5,1.3406715764130312e-5,1.340671471915633e-5,1.3409680595071278e-5
13.61,0.00113,3.8595583863609565e-5,1.3405483980088968e-5,1.340548294753296e-5,1.3409680595071278e-5
13.61,0.00113,6.33990012723672e-5,1.3403740280159474e-5,1.3403739262683167e-5,1.3409680595071278e-5
13.61,0.00113,0.00010414231266814445,1.3401271721104124e-5,1.3401270728800759e-5,1.3409680595071278e-5
13.61,0.00113,0.00017106927664800093,1.3397776529779464e-5,1.3397775568489075e-5,1.3409680595071278e-5
13.61,0.00113,0.00028100679409841776,1.3392826730573441e-5,1.339282581825048e-5,1.3409680595071278e-5
13.61,0.00113,0.00046159555869258604,1.338581465758063e-5,1.3385813811432041e-5,1.3409680595071278e-5
13.61,0.00113,0.0007582395311413588,1.3375875933991006e-5,1.3375875181334336e-5,1.3409680595071278e-5
13.61,0.00113,0.00124552148684853,1.3361777561783745e-5,1.3361776952495967e-5,1.3409680595071278e-5
13.61,0.00113,0.002045954755044497,1.3341753220572717e-5,1.3341752793249383e-5,1.3409680595071278e-5
13.61,0.00113,0.0033607857462825456,1.3313256642458468e-5,1.3313256528036942e-5,1.3409680595071278e-5
13.61,0.00113,0.005520591696647901,1.3272584203877192e-5,1.3272584472824386e-5,1.3409680595071278e-5
13.61,0.00113,0.009068395006973916,1.321428303481825e-5,1.3214283992467503e-5,1.3409680595071278e-5
13.61,0.00113,0.01489619093772919,1.3130200702482843e-5,1.3130202573249719e-5,1.3409680595071278e-5
13.61,0.00113,0.024469214704767362,1.3007935032889676e-5,1.300793844920037e-5,1.3409680595071278e-5
13.61,0.00113,0.04019433362333615,1.2828308753825215e-5,1.282831460084052e-5,1.3409680595071278e-5
13.61,0.00113,0.06602518613354949,1.2561388849737126e-5,1.2561398217574428e-5,1.3409680595071278e-5
13.61,0.00113,0.1084562128786955,1.2160769880755097e-5,1.2160785742703382e-5,1.3409680595071278e-5
13.61,0.00113,0.17815550096589414,1.1557133037804138e-5,1.1557156602116111e-5,1.3409680595071278e-5
13.61,0.00113,0.292646974128703,1.0656086973844746e-5,1.065612378577282e-5,1.3409680595071278e-5
13.61,0.00113,0.480716289995901,9.353411408049536e-6,9.353460311838458e-6,1.3409680595071278e-5
13.61,0.00113,0.789648183294706,7.588027234232521e-6,7.588085800110696e-6,1.3409680595071278e-5
13.61,0.00113,1.297114881182717,5.434763114117962e-6,5.4348198309827575e-6,1.3409680595071278e-5
13.61,0.00113,2.1307045980472066,3.159930947427518e-6,3.1599709428480257e-6,1.3409680595071278e-5
13.61,0.00113,3.5000000000000004,1.0069776296417426e-6,1.0069909382675273e-6,1.3409680595071278e-5
13.61,0.00113,3.8,5.805652348799752e-7,5.805730212971643e-7,1.3409680595071278e-5
13.61,0.00113,3.98,1.7401412230607001e-7,1.7401639327310977e-7,1.3409680595071278e-5
13.61,0.00113,3.9998,1.730065494345691e-8,1.730088075790966e-8,1.3409680595071278e-5
13.61,0.0037,1.0000000000000001e-7,1.3266948493809456e-5,1.3266946337835682e-5,1.32670129255314e-5
13.61,0.0037,1.6426491045299075e-7,1.3266921728399707e-5,1.3266919572448317e-5,1.32670129255314e-5
13.61,0.0037,2.698296080612907e-7,1.3266883844427218e-5,1.3266881688455403e-5,1.32670129255314e-5
13.61,0.0037,4.432353640575351e-7,1.3266830223133042e-5,1.3266828067214458e-5,1.32670129255314e-5
13.61,0.0037,7.280801738650976e-7,1.3266754327054377e-5,1.3266752171105431e-5,1.32670129255314e-5
13.61,0.0037,1.1959802456254818e-6,1.3266646902930563e-5,1.3266644747056185e-5,1.32670129255314e-5
13.61,0.0037,1.9645758795121526e-6,1.3266494853423681e-5,1.3266492697558665e-5,1.32670129255314e-5
13.61,0.0037,3.227108809261693e-6,1.3266279639989678e-5,1.3266277484153513e-5,1.32670129255314e-5
13.61,0.0037,5.301007395754297e-6,1.3265975021935087e-5,1.3265972866280278e-5,1.32670129255314e-5
13.61,0.0037,8.707695051742211e-6,1.3265543855442529e-5,1.3265541699620386e-5,1.32670129255314e-5
13.61,0.0037,1.4303687479263852e-5,1.3264933561004987e-5,1.3264931405766685e-5,1.32670129255314e-5
13.61,0.0037,2.3495939429288417e-5,1.3264069703677411e-5,1.3264067547975211e-5,1.32670129255314e-5
13.61,0.0037,3.8595583863609565e-5,1.326284689662312e-5,1.3262844742045978e-5,1.32670129255314e-5
13.61,0.0037,6.33990012723672e-5,1.326111590333589e-5,1.3261113748364298e-5,1.32670129255314e-5
13.61,0.0037,0.00010414231266814445,1.3258665330625906e-5,1.3258663176824976e-5,1.32670129255314e-5
13.61,0.0037,0.00017106927664800093,1.3255195600242903e-5,1.3255193447496497e-5,1.32670129255314e-5
13.61,0.0037,0.00028100679409841776,1.3250281845415625e-5,1.325027969212787e-5,1.32670129255314e-5
13.61,0.0037,0.00046159555869258604,1.3243320805506539e-5,1.3243318657944575e-5,1.32670129255314e-5
13.61,0.0037,0.0007582395311413588,1.3233454350397051e-5,1.3233452197561697e-5,1.32670129255314e-5
13.61,0.0037,0.00124552148684853,1.321945834984163e-5,1.3219456212529229e-5,1.32670129255314e-5
13.61,0.0037,0.002045954755044497,1.3199579094595451e-5,1.319957694765921e-5,1.32670129255314e-5
13.61,0.0037,0.0033607857462825456,1.3171288302031874e-5,1.317128618252106e-5,1.32670129255314e-5
13.61,0.0037,0.005520591696647901,1.313090811092425e-5,1.3130905992798736e-5,1.32670129255314e-5
13.61,0.0037,0.009068395006973916,1.3073022802248723e-5,1.3073020708652241e-5,1.32670129255314e-5
13.61,0.0037,0.01489619093772919,1.2989534056789944e-5,1.2989532043455073e-5,1.32670129255314e-5
13.61,0.0037,0.024469214704767362,1.2868119663743283e-5,1.2868117595973174e-5,1.32670129255314e-5
13.61,0.0037,0.04019433362333615,1.2689722840685313e-5,1.2689721149737558e-5,1.32670129255314e-5
13.61,0.0037,0.06602518613354949,1.2424596585077156e-5,1.2424594598842297e-5,1.32670129255314e-5
13.61,0.0037,0.1084562128786955,1.202663018052406e-5,1.2026629181573378e-5,1.32670129255314e-5
13.61,0.0037,0.17815550096589414,1.1426981225030393e-5,1.1426979840111092e-5,1.32670129255314e-5
13.61,0.0037,0.292646974128703,1.053202782523743e-5,1.0532027337828599e-5,1.32670129255314e-5
13.61,0.0037,0.480716289995901,9.238734347412157e-6,9.238733987529544e-6,1.32670129255314e-5
13.61,0.0037,0.789648183294706,7.487600160522467e-6,7.4875992485741654e-6,1.32670129255314e-5
13.61,0.0037,1.297114881182717,5.354895207504325e-6,5.354893824507633e-6,1.32670129255314e-5
13.61,0.0037,2.1307045980472066,3.1070452433992714e-6,3.107045024732751e-6,1.32670129255314e-5
13.61,0.0037,3.5000000000000004,9.875081883899563e-7,9.87507699657477e-7,1.32670129255314e-5
13.61,0.0037,3.8,5.690658609858283e-7,5.690658844007565e-7,1.32670129255314e-5
13.61,0.0037,3.98,1.7052043905730114e-7,1.7052037739994155e-7,1.32670129255314e-5
13.61,0.0037,3.9998,1.6952806480576372e-8,1.6952799834148787e-8,1.32670129255314e-5
13.61,0.0127,1.0000000000000001e-7,1.2782586081243303e-5,1.2782584043979428e-5,1.27826488987584e-5
13.61,0.0127,1.6426491045299075e-7,1.278255998638663e-5,1.2782557949112788e-5,1.27826488987584e-5
13.61,0.0127,2.698296080612907e-7,1.2782523051519888e-5,1.2782521014280089e-5,1.27826488987584e-5
13.61,0.0127,4.432353640575351e-7,1.2782470773597116e-5,1.2782468736327902e-5,1.27826488987584e-5
13.61,0.0127,7.280801738650976e-7,1.2782396778936813e-5,1.2782394741735012e-5,1.27826488987584e-5
13.61,0.0127,1.1959802456254818e-6,1.278229204609626e-5,1.2782290008865449e-5,1.27826488987584e-5
13.61,0.0127,1.9645758795121526e-6,1.2782143805856003e-5,1.2782141768697117e-5,1.27826488987584e-5
13.61,0.0127,3.227108809261693e-6,1.2781933984097117e-5,1.2781931946988793e-5,1.27826488987584e-5
13.61,0.0127,5.301007395754297e-6,1.2781636997485941e-5,1.2781634960348254e-5,1.27826488987584e-5
13.61,0.0127,8.707695051742211e-6,1.2781216632658013e-5,1.278121459583114e-5,1.27826488987584e-5
13.61,0.0127,1.4303687479263852e-5,1.2780621627125154e-5,1.2780619589986836e-5,1.27826488987584e-5
13.61,0.0127,2.3495939429288417e-5,1.2779779410173858e-5,1.2779777373860563e-5,1.27826488987584e-5
13.61,0.0127,3.8595583863609565e-5,1.2778587233877097e-5,1.2778585196983869e-5,1.27826488987584e-5
13.61,0.0127,6.33990012723672e-5,1.2776899597468025e-5,1.2776897561880666e-5,1.27826488987584e-5
13.61,0.0127,0.00010414231266814445,1.2774510396751874e-5,1.2774508361003687e-5,1.27826488987584e-5
13.61,0.0127,0.00017106927664800093,1.2771127542793657e-5,1.2771125507873746e-5,1.27826488987584e-5
13.61,0.0127,0.00028100679409841776,1.2766336776695875e-5,1.2766334744111337e-5,1.27826488987584e-5
13.61,0.0127,0.00046159555869258604,1.275954986938303e-5,1.2759547834602436e-5,1.27826488987584e-5
13.61,0.0127,0.0007582395311413588,1.2749930005725411e-5,1.2749927980099823e-5,1.27826488987584e-5
13.61,0.0127,0.00124552148684853,1.273628331452707e-5,1.2736281280638099e-5,1.27826488987584e-5
13.61,0.0127,0.002045954755044497,1.2716899119820072e-5,1.2716897107387872e-5,1.27826488987584e-5
13.61,0.0127,0.0033607857462825456,1.2689310512782196e-5,1.2689308490037643e-5,1.27826488987584e-5
13.61,0.0127,0.005520591696647901,1.264992755028514e-5,1.2649925559580957e-5,1.27826488987584e-5
13.61,0.0127,0.009068395006973916,1.2593461310191514e-5,1.2593459337050603e-5,1.27826488987584e-5
13.61,0.0127,0.01489619093772919,1.2511998195416241e-5,1.2511996231255057e-5,1.27826488987584e-5
13.61,0.0127,0.024469214704767362,1.2393489032252974e-5,1.2393487234323476e-5,1.27826488987584e-5
13.61,0.0127,0.04019433362333615,1.2219288627153078e-5,1.2219286680610314e-5,1.27826488987584e-5
13.61,0.0127,0.06602518613354949,1.196028576937816e-5,1.1960284455191202e-5,1.27826488987584e-5
13.61,0.0127,0.1084562128786955,1.1571377862793201e-5,1.157137610185743e-5,1.27826488987584e-5
13.61,0.0127,0.17815550096589414,1.0985353324016075e-5,1.0985352747011875e-5,1.27826488987584e-5
13.61,0.0127,0.292646974128703,1.0111225204330099e-5,1.0111224327885274e-5,1.27826488987584e-5
13.61,0.0127,0.480716289995901,8.850011016113589e-6,8.850010392003969e-6,1.27826488987584e-5
13.61,0.0127,0.789648183294706,7.147587677841742e-6,7.147587075836276e-6,1.27826488987584e-5
13.61,0.0127,1.297114881182717,5.085053871383713e-6,5.085053142888562e-6,1.27826488987584e-5
13.61,0.0127,2.1307045980472066,2.928965776313755e-6,2.9289643626301344e-6,1.27826488987584e-5
13.61,0.0127,3.5000000000000004,9.222660057844911e-7,9.222660483865787e-7,1.27826488987584e-5
13.61,0.0127,3.8,5.305674810181995e-7,5.305672409739254e-7,1.27826488987584e-5
13.61,0.0127,3.98,1.58830388003965e-7,1.588303847450703e-7,1.27826488987584e-5
13.61,0.0127,3.9998,1.5788955266891987e-8,1.5788955655852382e-8,1.27826488987584e-5
13.61,0.047,1.0000000000000001e-7,1.1134496421212096e-5,1.1134494900898788e-5,1.1134553643776436e-5
13.61,0.047,1.6426491045299075e-7,1.1134472650538004e-5,1.1134471130230545e-5,1.1134553643776436e-5
13.61,0.047,2.698296080612907e-7,1.1134439005336356e-5,1.1134437485043523e-5,1.1134553643776436e-5
13.61,0.047,4.432353640575351e-7,1.1134391383630292e-5,1.113438986332245e-5,1.1134553643776436e-5
13.61,0.047,7.280801738650976e-7,1.113432397941546e-5,1.1134322459165596e-5,1.1134553643776436e-5
13.61,0.047,1.1959802456254818e-6,1.1134228574745957e-5,1.1134227054440356e-5,1.1134553643776436e-5
13.61,0.047,1.9645758795121526e-6,1.1134093537683362e-5,1.1134092017504146e-5,1.1134553643776436e-5
13.61,0.047,3.227108809261693e-6,1.113390240383822e-5,1.1133900883588558e-5,1.1134553643776436e-5
13.61,0.047,5.301007395754297e-6,1.1133631868331368e-5,1.1133630348236014e-5,1.1134553643776436e-5
13.61,0.047,8.707695051742211e-6,1.1133248942813304e-5,1.1133247422766162e-5,1.1134553643776436e-5
13.61,0.047,1.4303687479263852e-5,1.1132706929676892e-5,1.1132705409625802e-5,1.1134553643776436e-5
13.61,0.047,2.3495939429288417e-5,1.1131939719772018e-5,1.1131938200217823e-5,1.1134553643776436e-5
13.61,0.047,3.8595583863609565e-5,1.11308537118358e-5,1.1130852191751806e-5,1.1134553643776436e-5
13.61,0.047,6.33990012723672e-5,1.1129316353484546e-5,1.1129314834871786e-5,1.1134553643776436e-5
13.61,0.047,0.00010414231266814445,1.1127139872674714e-5,1.1127138352873432e-5,1.1134553643776436e-5
13.61,0.047,0.00017106927664800093,1.1124058139269529e-5,1.1124056622065613e-5,1.1134553643776436e-5
13.61,0.047,0.00028100679409841776,1.1119693662756756e-5,1.1119692144789804e-5,1.1134553643776436e-5
13.61,0.047,0.00046159555869258604,1.1113510316341109e-5,1.1113508800587415e-5,1.1134553643776436e-5
13.61,0.047,0.0007582395311413588,1.1104745168603862e-5,1.1104743656332954e-5,1.1134553643776436e-5
13.61,0.047,0.00124552148684853,1.109230923922964e-5,1.1092307723962793e-5,1.1134553643776436e-5
13.61,0.047,0.002045954755044497,1.107464103524211e-5,1.1074639537157484e-5,1.1134553643776436e-5
13.61,0.047,0.0033607857462825456,1.104948643904434e-5,1.1049484924516119e-5,1.1134553643776436e-5
13.61,0.047,0.005520591696647901,1.101356039839601e-5,1.1013558932462858e-5,1.1134553643776436e-5
13.61,0.047,0.009068395006973916,1.0962013873684109e-5,1.0962012380650019e-5,1.1134553643776436e-5
13.61,0.047,0.01489619093772919,1.08875745025604e-5,1.0887573102457119e-5,1.1134553643776436e-5
13.61,0.047,0.024469214704767362,1.0779141872440699e-5,1.0779140501006601e-5,1.1134553643776436e-5
13.61,0.047,0.04019433362333615,1.0619503221438696e-5,1.061950191876471e-5,1.1134553643776436e-5
13.61,0.047,0.06602518613354949,1.0381764988731979e-5,1.0381764066668848e-5,1.1134553643776436e-5
13.61,0.047,0.1084562128786955,1.0024350886066933e-5,1.0024349648633601e-5,1.1134553643776436e-5
13.61,0.047,0.17815550096589414,9.485770188541914e-6,9.485770196640985e-6,1.1134553643776436e-5
13.61,0.047,0.292646974128703,8.684292154581282e-6,8.684291224491386e-6,1.1134553643776436e-5
13.61,0.047,0.480716289995901,7.535123843721479e-6,7.535123986373799e-6,1.1134553643776436e-5
13.61,0.047,0.789648183294706,6.002661185629563e-6,6.002660780557171e-6,1.1134553643776436e-5
13.61,0.047,1.297114881182717,4.183560546502558e-6,4.1835595695088045e-6,1.1134553643776436e-5
13.61,0.047,2.1307045980472066,2.3415158825914066e-6,2.341514985951018e-6,1.1134553643776436e-5
13.61,0.047,3.5000000000000004,7.10902239166795e-7,7.1090218284124e-7,1.1134553643776436e-5
13.61,0.047,3.8,4.0627895702546714e-7,4.062788152057488e-7,1.1134553643776436e-5
13.61,0.047,3.98,1.2116605353240883e-7,1.2116606322257313e-7,1.1134553643776436e-5
13.61,0.047,3.9998,1.2039945015842652e-8,1.2039945754231843e-8,1.1134553643776436e-5
13.61,0.173,1.0000000000000001e-7,7.027139524884637e-6,7.027139252882962e-6,7.027181874322851e-6
13.61,0.173,1.6426491045299075e-7,7.027121932613581e-6,7.027121660601272e-6,7.027181874322851e-6
13.61,0.173,2.698296080612907e-7,7.027097032368969e-6,7.027096760372199e-6,7.027181874322851e-6
13.61,0.173,4.432353640575351e-7,7.027061788340851e-6,7.0270615163377414e-6,7.027181874322851e-6
13.61,0.173,7.280801738650976e-7,7.027011903588029e-6,7.027011631589352e-6,7.027181874322851e-6
13.61,0.173,1.1959802456254818e-6,7.026941296110116e-6,7.026941024136767e-6,7.027181874322851e-6
13.61,0.173,1.9645758795121526e-6,7.026841357217024e-6,7.026841085197406e-6,7.027181874322851e-6
13.61,0.173,3.227108809261693e-6,7.0266999016833815e-6,7.026699629772167e-6,7.027181874322851e-6
13.61,0.173,5.301007395754297e-6,7.026499681475004e-6,7.026499409424092e-6,7.027181874322851e-6
13.61,0.173,8.707695051742211e-6,7.026216281342814e-6,7.026216009521388e-6,7.027181874322851e-6
13.61,0.173,1.4303687479263852e-5,7.025815138568605e-6,7.025814866565311e-6,7.027181874322851e-6
13.61,0.173,2.3495939429288417e-5,7.025247320880551e-6,7.0252470491158216e-6,7.027181874322851e-6
13.61,0.173,3.8595583863609565e-5,7.024443541771227e-6,7.02444327004936e-6,7.027181874322851e-6
13.61,0.173,6.33990012723672e-5,7.023305669876619e-6,7.023305397970172e-6,7.027181874322851e-6
13.61,0.173,0.00010414231266814445,7.0216946661944194e-6,7.021694395214835e-6,7.027181874322851e-6
13.61,0.173,0.00017106927664800093,7.0194134083932465e-6,7.019413135978924e-6,7.027181874322851e-6
13.61,0.173,0.00028100679409841776,7.016182151027359e-6,7.016181881458094e-6,7.027181874322851e-6
13.61,0.173,0.00046159555869258604,7.011603279972502e-6,7.011603007388433e-6,7.027181874322851e-6
13.61,0.173,0.0007582395311413588,7.00511029248774e-6,7.005110024869063e-6,7.027181874322851e-6
13.61,0.173,0.00124552148684853,6.995893101369318e-6,6.995892831463055e-6,7.027181874322851e-6
13.61,0.173,0.002045954755044497,6.9827869493352635e-6,6.982786683015693e-6,7.027181874322851e-6
13.61,0.173,0.0033607857462825456,6.964103811773202e-6,6.964103553720607e-6,7.027181874322851e-6
13.61,0.173,0.005520591696647901,6.937370266820299e-6,6.937369997656925e-6,7.027181874322851e-6
13.61,0.173,0.009068395006973916,6.898909625593869e-6,6.898909406703999e-6,7.027181874322851e-6
13.61,0.173,0.01489619093772919,6.843162043572076e-6,6.8431617680497846e-6,7.027181874322851e-6
13.61,0.173,0.024469214704767362,6.761569869504149e-6,6.761569758469652e-6,7.027181874322851e-6
13.61,0.173,0.04019433362333615,6.640781273216333e-6,6.640781059052303e-6,7.027181874322851e-6
13.61,0.173,0.06602518613354949,6.459930659469839e-6,6.459930743908825e-6,7.027181874322851e-6
13.61,0.173,0.1084562128786955,6.1871321711369e-6,6.1871323172434845e-6,7.027181874322851e-6
13.61,0.173,0.17815550096589414,5.776791929114362e-6,5.776792070644522e-6,7.027181874322851e-6
13.61,0.173,0.292646974128703,5.173031187379899e-6,5.173031904106703e-6,7.027181874322851e-6
13.61,0.173,0.480716289995901,4.330121761395993e-6,4.3301216526880944e-6,7.027181874322851e-6
13.61,0.173,0.789648183294706,3.2600780490761904e-6,3.260077887009422e-6,7.027181874322851e-6
13.61,0.173,1.297114881182717,2.088421687022756e-6,2.0884215773823016e-6,7.027181874322851e-6
13.61,0.173,2.1307045980472066,1.0399226464314318e-6,1.0399218669546569e-6,7.027181874322851e-6
13.61,0.173,3.5000000000000004,2.7273793663997074e-7,2.7273784576757957e-7,7.027181874322851e-6
13.61,0.173,3.8,1.518446605577212e-7,1.518445521061107e-7,7.027181874322851e-6
13.61,0.173,3.98,4.4617897520966324e-8,4.4617872446036315e-8,7.027181874322851e-6
13.61,0.173,3.9998,4.426491159730244e-9,4.426489043054377e-9,7.027181874322851e-6
13.61,0.61,1.0000000000000001e-7,2.2069368832593505e-6,2.2069372370985123e-6,2.206958151761322e-6
13.61,0.61,1.6426491045299075e-7,2.206928048159399e-6,2.2069284019935468e-6,2.206958151761322e-6
13.61,0.61,2.698296080612907e-7,2.2069155428781934e-6,2.2069158967244068e-6,2.206958151761322e-6
13.61,0.61,4.432353640575351e-7,2.2068978427724254e-6,2.2068981966115423e-6,2.206958151761322e-6
13.61,0.61,7.280801738650976e-7,2.2068727898195284e-6,2.2068731436747957e-6,2.206958151761322e-6
13.61,0.61,1.1959802456254818e-6,2.206837329465907e-6,2.206837683323759e-6,2.206958151761322e-6
13.61,0.61,1.9645758795121526e-6,2.2067871381056893e-6,2.206787491967426e-6,2.206958151761322e-6
13.61,0.61,3.227108809261693e-6,2.2067160956862204e-6,2.2067164495908316e-6,2.206958151761322e-6
13.61,0.61,5.301007395754297e-6,2.2066155389419138e-6,2.2066158928030866e-6,2.206958151761322e-6
13.61,0.61,8.707695051742211e-6,2.2064732037542314e-6,2.206473557750291e-6,2.206958151761322e-6
13.61,0.61,1.4303687479263852e-5,2.2062717266438747e-6,2.206272080529024e-6,2.206958151761322e-6
13.61,0.61,2.3495939429288417e-5,2.2059865203060677e-6,2.205986874443476e-6,2.206958151761322e-6
13.61,0.61,3.8595583863609565e-5,2.205582758731517e-6,2.2055831127800532e-6,2.206958151761322e-6
13.61,0.61,6.33990012723672e-5,2.2050110920027262e-6,2.205011446295582e-6,2.206958151761322e-6
13.61,0.61,0.00010414231266814445,2.2042015404951607e-6,2.204201895049033e-6,2.206958151761322e-6
13.61,0.61,0.00017106927664800093,2.2030547617209426e-6,2.2030551160917806e-6,2.206958151761322e-6
13.61,0.61,0.00028100679409841776,2.201429486419546e-6,2.2014298421712436e-6,2.206958151761322e-6
13.61,0.61,0.00046159555869258604,2.1991242867109402e-6,2.1991246411556797e-6,2.206958151761322e-6
13.61,0.61,0.0007582395311413588,2.1958507890677352e-6,2.1958511472852696e-6,2.206958151761322e-6
13.61,0.61,0.00124552148684853,2.1911936438906503e-6,2.19119399987587e-6,2.206958151761322e-6
13.61,0.61,0.002045954755044497,2.184549391885912e-6,2.1845497547708646e-6,2.206958151761322e-6
13.61,0.61,0.0033607857462825456,2.1750307204331155e-6,2.175031084512326e-6,2.206958151761322e-6
13.61,0.61,0.005520591696647901,2.1613126773906026e-6,2.1613130482200086e-6,2.206958151761322e-6
13.61,0.61,0.009068395006973916,2.1413808288822406e-6,2.141381224739734e-6,2.206958151761322e-6
13.61,0.61,0.01489619093772919,2.1121169316136734e-6,2.112117313888164e-6,2.206958151761322e-6
13.61,0.61,0.024469214704767362,2.0686327845641852e-6,2.0686332825645146e-6,2.206958151761322e-6
13.61,0.61,0.04019433362333615,2.0032759750375474e-6,2.003276396708349e-6,2.206958151761322e-6
13.61,0.61,0.06602518613354949,1.904406737182488e-6,1.9044074567301274e-6,2.206958151761322e-6
13.61,0.61,0.1084562128786955,1.7556828099972775e-6,1.7556834366981299e-6,2.206958151761322e-6
13.61,0.61,0.17815550096589414,1.5381370338427922e-6,1.5381379221648577e-6,2.206958151761322e-6
13.61,0.61,0.292646974128703,1.2395355739502682e-6,1.2395364879871185e-6,2.206958151761322e-6
13.61,0.61,0.480716289995901,8.743827718999683e-7,8.743834045394e-7,2.206958151761322e-6
13.61,0.61,0.789648183294706,5.034434085479953e-7,5.034437890667569e-7,2.206958151761322e-6
13.61,0.61,1.297114881182717,2.1632504587582945e-7,2.1632528219934348e-7,2.206958151761322e-6
13.61,0.61,2.1307045980472066,6.20815102835747e-8,6.208139096847742e-8,2.206958151761322e-6
13.61,0.61,3.5000000000000004,8.326143302312928e-9,8.326142329270185e-9,2.206958151761322e-6
13.61,0.61,3.8,4.134445877689788e-9,4.134432615657697e-9,2.206958151761322e-6
13.61,0.61,3.98,1.1398482926709885e-9,1.1398464200358048e-9,2.206958151761322e-6
13.61,0.61,3.9998,1.1231729028167558e-10,1.1231714615707463e-10,2.206958151761322e-6
13.61,1.73,1.0000000000000001e-7,4.914255072419425e-7,4.914255094736715e-7,4.914356597304478e-7
13.61,1.73,1.6426491045299075e-7,4.914212898081662e-7,4.914212920418033e-7,4.914356597304478e-7
13.61,1.73,2.698296080612907e-7,4.914153203985224e-7,4.91415322628978e-7,4.914356597304478e-7
13.61,1.73,4.432353640575351e-7,4.914068711982144e-7,4.914068734367645e-7,4.914356597304478e-7
13.61,1.73,7.280801738650976e-7,4.913949120115328e-7,4.913949142465099e-7,4.914356597304478e-7
13.61,1.73,1.1959802456254818e-6,4.913779845963933e-7,4.91377986840936e-7,4.914356597304478e-7
13.61,1.73,1.9645758795121526e-6,4.913540247258078e-7,4.913540269753202e-7,4.914356597304478e-7
13.61,1.73,3.227108809261693e-6,4.913201101699558e-7,4.913201124189073e-7,4.914356597304478e-7
13.61,1.73,5.301007395754297e-6,4.91272103615911e-7,4.912721058995126e-7,4.914356597304478e-7
13.61,1.73,8.707695051742211e-6,4.912041464027251e-7,4.912041486540449e-7,4.914356597304478e-7
13.61,1.73,1.4303687479263852e-5,4.911079400115454e-7,4.911079423597124e-7,4.914356597304478e-7
13.61,1.73,2.3495939429288417e-5,4.909717246803008e-7,4.909717269614408e-7,4.914356597304478e-7
13.61,1.73,3.8595583863609565e-5,4.907788237822351e-7,4.90778826229262e-7,4.914356597304478e-7
13.61,1.73,6.33990012723672e-5,4.905055611810625e-7,4.905055636027813e-7,4.914356597304478e-7
13.61,1.73,0.00010414231266814445,4.901182635702107e-7,4.901182661315588e-7,4.914356597304478e-7
13.61,1.73,0.00017106927664800093,4.895689072352095e-7,4.895689100735082e-7,4.914356597304478e-7
13.61,1.73,0.00028100679409841776,4.887887150552841e-7,4.887887177073508e-7,4.914356597304478e-7
13.61,1.73,0.00046159555869258604,4.876785729950532e-7,4.876785768925715e-7,4.914356597304478e-7
13.61,1.73,0.0007582395311413588,4.860943637288746e-7,4.860943666222628e-7,4.914356597304478e-7
13.61,1.73,0.00124552148684853,4.83823936338288e-7,4.838239427948835e-7,4.914356597304478e-7
13.61,1.73,0.002045954755044497,4.805499992888601e-7,4.80550004318369e-7,4.914356597304478e-7
13.61,1.73,0.0033607857462825456,4.75789146863328e-7,4.7578915903939187e-7,4.914356597304478e-7
13.61,1.73,0.005520591696647901,4.687911989062687e-7,4.6879121495130505e-7,4.914356597304478e-7
13.61,1.73,0.009068395006973916,4.5837683666465226e-7,4.583768585465646e-7,4.914356597304478e-7
13.61,1.73,0.01489619093772919,4.426946943894238e-7,4.426947511273584e-7,4.914356597304478e-7
13.61,1.73,0.024469214704767362,4.1892303155145104e-7,4.189230636185019e-7,4.914356597304478e-7
13.61,1.73,0.04019433362333615,3.8310351430845766e-7,3.831036645688217e-7,4.914356597304478e-7
13.61,1.73,0.06602518613354949,3.3069903962849556e-7,3.3069910452117206e-7,4.914356597304478e-7
13.61,1.73,0.1084562128786955,2.590729567181986e-7,2.590731789825802e-7,4.914356597304478e-7
13.61,1.73,0.17815550096589414,1.7284189177794416e-7,1.728420220059047e-7,4.914356597304478e-7
13.61,1.73,0.292646974128703,8.895153983834061e-8,8.895165020089028e-8,4.914356597304478e-7
13.61,1.73,0.480716289995901,3.052708881771852e-8,3.052713967506853e-8,4.914356597304478e-7
13.61,1.73,0.789648183294706,5.727354696357286e-9,5.7273627430082e-9,4.914356597304478e-7
13.61,1.73,1.297114881182717,4.6116267929827636e-10,4.611624204415974e-10,4.914356597304478e-7
13.61,1.73,2.1307045980472066,1.2447905867425964e-11,1.2447947320812845e-11,4.914356597304478e-7
13.61,1.73,3.5000000000000004,8.600003951350786e-14,8.598346589327644e-14,4.914356597304478e-7
13.61,1.73,3.8,2.644909366096797e-14,2.6449292113136602e-14,4.914356597304478e-7
13.61,1.73,3.98,5.665368065182691e-15,5.665762864418e-15,4.914356597304478e-7
13.61,1.73,3.9998,5.438643267784807e-16,5.439002980747875e-16,4.914356597304478e-7
13.61,4.71,1.0000000000000001e-7,9.04269848326061e-8,9.042609568989869e-8,9.043216571908649e-8
13.61,4.71,1.6426491045299075e-7,9.04248326172911e-8,9.042394335782577e-8,9.043216571908649e-8
13.61,4.71,2.698296080612907e-7,9.04217863060494e-8,9.042089679254706e-8,9.043216571908649e-8
13.61,4.71,4.432353640575351e-7,9.041747441902906e-8,9.041658455593744e-8,9.043216571908649e-8
13.61,4.71,7.280801738650976e-7,9.041137107479688e-8,9.041048070966345e-8,9.043216571908649e-8
13.61,4.71,1.1959802456254818e-6,9.040273173885097e-8,9.040184066870287e-8,9.043216571908649e-8
13.61,4.71,1.9645758795121526e-6,9.039050213708838e-8,9.038961006580056e-8,9.043216571908649e-8
13.61,4.71,3.227108809261693e-6,9.03731890018037e-8,9.037229550400548e-8,9.043216571908649e-8
13.61,4.71,5.301007395754297e-6,9.03486763762491e-8,9.03477808763018e-8,9.043216571908649e-8
13.61,4.71,8.707695051742211e-6,9.031396391827271e-8,9.031306552682078e-8,9.043216571908649e-8
13.61,4.71,1.4303687479263852e-5,9.026479268638843e-8,9.026389025323755e-8,9.043216571908649e-8
13.61,4.71,2.3495939429288417e-5,9.019510696843807e-8,9.019419865257052e-8,9.043216571908649e-8
13.61,4.71,3.8595583863609565e-5,9.009627370202161e-8,9.009535706410095e-8,9.043216571908649e-8
13.61,4.71,6.33990012723672e-5,8.995593631377929e-8,8.995500750592579e-8,9.043216571908649e-8
13.61,4.71,0.00010414231266814445,8.975630307113028e-8,8.975535651140547e-8,9.043216571908649e-8
13.61,4.71,0.00017106927664800093,8.947153461978489e-8,8.947056179824139e-8,9.043216571908649e-8
13.61,4.71,0.00028100679409841776,8.906365310751113e-8,8.90626400258526e-8,9.043216571908649e-8
13.61,4.71,0.00046159555869258604,8.847596564801096e-8,8.847489133444656e-8,9.043216571908649e-8
13.61,4.71,0.0007582395311413588,8.762226543758943e-8,8.762109149318166e-8,9.043216571908649e-8
13.61,4.71,0.00124552148684853,8.636896360319681e-8,8.636763190472285e-8,9.043216571908649e-8
13.61,4.71,0.002045954755044497,8.450605214878261e-8,8.450445466582232e-8,9.043216571908649e-8
13.61,4.71,0.0033607857462825456,8.170289852875771e-8,8.170087118230267e-8,9.043216571908649e-8
13.61,4.71,0.005520591696647901,7.745152906235971e-8,7.744880860355923e-8,9.043216571908649e-8
13.61,4.71,0.009068395006973916,7.102686788720184e-8,7.102310167760535e-8,9.043216571908649e-8
13.61,4.71,0.01489619093772919,6.15647268369918e-8,6.155959951333344e-8,9.043216571908649e-8
13.61,4.71,0.024469214704767362,4.8479633889919344e-8,4.847307874496676e-8,9.043216571908649e-8
13.61,4.71,0.04019433362333615,3.245549226431823e-8,3.244837078719822e-8,9.043216571908649e-8
13.61,4.71,0.06602518613354949,1.6565818271663973e-8,1.655985317637058e-8,9.043216571908649e-8
13.61,4.71,0.1084562128786955,5.411485657500425e-9,5.4083264430344405e-9,9.043216571908649e-8
13.61,4.71,0.17815550096589414,8.596110636231977e-10,8.587979688918152e-10,9.043216571908649e-8
13.61,4.71,0.292646974128703,4.37172713930086e-11,4.365102914416547e-11,9.043216571908649e-8
13.61,4.71,0.480716289995901,3.878517094092112e-13,3.869230531692519e-13,9.043216571908649e-8
13.61,4.71,0.789648183294706,2.6428704334171073e-16,2.6330552297612553e-16,9.043216571908649e-8
13.61,4.71,1.297114881182717,5.15001652309843e-21,5.1211876083459336e-21,9.043216571908649e-8
13.61,4.71,2.1307045980472066,1.0676341617989905e-27,1.058882578307273e-27,9.043216571908649e-8
13.61,4.71,3.5000000000000004,1.1593674385324757e-36,1.0698856134731583e-36,9.043216571908649e-8
13.61,4.71,3.8,2.1824131829983661e-38,2.1503165949773915e-38,9.043216571908649e-8
13.61,4.71,3.98,1.180011917954127e-39,1.3252225883438113e-39,9.043216571908649e-8
13.61,4.71,3.9998,9.961226042484195e-41,1.1310728543486243e-40,9.043216571908649e-8
14.13,0.00113,1.0000000000000001e-7,5.3396817724863356e-5,5.3396828155958864e-5,5.339738642333766e-5
14.13,0.00113,1.6426491045299075e-7,5.33965814830417e-5,5.3396591916545457e-5,5.339738642333766e-5
14.13,0.00113,2.698296080612907e-7,5.339624710409788e-5,5.339625754056e-5,5.339738642333766e-5
14.13,0.00113,4.432353640575351e-7,5.339577382038859e-5,5.3395784261516114e-5,5.339738642333766e-5
14.13,0.00113,7.280801738650976e-7,5.3395103928066266e-5,5.339511437544301e-5,5.339738642333766e-5
14.13,0.00113,1.1959802456254818e-6,5.33941557502998e-5,5.339416620648225e-5,5.339738642333766e-5
14.13,0.00113,1.9645758795121526e-6,5.339281367558906e-5,5.3392824145000637e-5,5.339738642333766e-5
14.13,0.00113,3.227108809261693e-6,5.339091405382962e-5,5.339092453993767e-5,5.339738642333766e-5
14.13,0.00113,5.301007395754297e-6,5.33882252240902e-5,5.3388235737600126e-5,5.339738642333766e-5
14.13,0.00113,8.707695051742211e-6,5.33844192241948e-5,5.3384429770802526e-5,5.339738642333766e-5
14.13,0.00113,1.4303687479263852e-5,5.337903169884955e-5,5.33790422999475e-5,5.339738642333766e-5
14.13,0.00113,2.3495939429288417e-5,5.337140504055549e-5,5.337141571067492e-5,5.339738642333766e-5
14.13,0.00113,3.8595583863609565e-5,5.3360607654403084e-5,5.336061842884284e-5,5.339738642333766e-5
14.13,0.00113,6.33990012723672e-5,5.3345319104094756e-5,5.3345330025581114e-5,5.339738642333766e-5
14.13,0.00113,0.00010414231266814445,5.33236662381137e-5,5.3323677357019e-5,5.339738642333766e-5
14.13,0.00113,0.00017106927664800093,5.3292988311043644e-5,5.329299974254997e-5,5.339738642333766e-5
14.13,0.00113,0.00028100679409841776,5.3249498023381904e-5,5.324950983888461e-5,5.339738642333766e-5
14.13,0.00113,0.00046159555869258604,5.318778742911439e-5,5.318779989873761e-5,5.339738642333766e-5
14.13,0.00113,0.0007582395311413588,5.310009747007651e-5,5.31001107438057e-5,5.339738642333766e-5
14.13,0.00113,0.00124552148684853,5.297521756208525e-5,5.297523218185586e-5,5.339738642333766e-5
14.13,0.00113,0.002045954755044497,5.279678908466837e-5,5.279680553609862e-5,5.339738642333766e-5
14.13,0.00113,0.0033607857462825456,5.254062267662914e-5,5.254064193576051e-5,5.339738642333766e-5
14.13,0.00113,0.005520591696647901,5.2170356921974815e-5,5.2170380742244173e-5,5.339738642333766e-5
14.13,0.00113,0.009068395006973916,5.163033660993896e-5,5.1630366611500684e-5,5.339738642333766e-5
14.13,0.00113,0.01489619093772919,5.083400187847744e-5,5.083404402395737e-5,5.339738642333766e-5
14.13,0.00113,0.024469214704767362,4.964574232180144e-5,4.9645799509948016e-5,5.339738642333766e-5
14.13,0.00113,0.04019433362333615,4.7855589849536465e-5,4.785567784672541e-5,5.339738642333766e-5
14.13,0.00113,0.06602518613354949,4.5153487276898044e-5,4.51536129301852e-5,5.339738642333766e-5
14.13,0.00113,0.1084562128786955,4.1131413884694003e-5,4.113159807930835e-5,5.339738642333766e-5
14.13,0.00113,0.17815550096589414,3.53833499827823e-5,3.538359709311004e-5,5.339738642333766e-5
14.13,0.00113,0.292646974128703,2.7802628511074487e-5,2.7802916801581086e-5,5.339738642333766e-5
14.13,0.00113,0.480716289995901,1.905301334932519e-5,1.905329313232995e-5,5.339738642333766e-5
14.13,0.00113,0.789648183294706,1.0759733658767684e-5,1.0759940229072178e-5,5.339738642333766e-5
14.13,0.00113,1.297114881182717,4.7144095303974674e-6,4.7145082460494176e-6,5.339738642333766e-5
14.13,0.00113,2.1307045980472066,1.497450965655417e-6,1.4974820052338104e-6,5.339738642333766e-5
14.13,0.00113,3.5000000000000004,2.478093540235654e-7,2.478127125425184e-7,5.339738642333766e-5
14.13,0.00113,3.8,1.2846389475399606e-7,1.284654786553765e-7,5.339738642333766e-5
14.13,0.00113,3.98,3.630218540923561e-8,3.6302603176236157e-8,5.339738642333766e-5
14.13,0.00113,3.9998,3.5866377074855408e-9,3.5866784966444854e-9,5.339738642333766e-5
14.13,0.0037,1.0000000000000001e-7,5.279415782177387e-5,5.2794163422956445e-5,5.279472237512711e-5
14.13,0.0037,1.6426491045299075e-7,5.2793923301865865e-5,5.279392890318845e-5,5.279472237512711e-5
14.13,0.0037,2.698296080612907e-7,5.2793591360132264e-5,5.2793596961428634e-5,5.279472237512711e-5
14.13,0.0037,4.432353640575351e-7,5.279312152607086e-5,5.2793127127386405e-5,5.279472237512711e-5
14.13,0.0037,7.280801738650976e-7,5.279245651641221e-5,5.279246211803113e-5,5.279472237512711e-5
14.13,0.0037,1.1959802456254818e-6,5.2791515249620256e-5,5.279152085077881e-5,5.279472237512711e-5
14.13,0.0037,1.9645758795121526e-6,5.279018295679307e-5,5.279018855905557e-5,5.279472237512711e-5
14.13,0.0037,3.227108809261693e-6,5.2788297180476635e-5,5.2788302781496364e-5,5.279472237512711e-5
14.13,0.0037,5.301007395754297e-6,5.2785627947897324e-5,5.278563355108091e-5,5.279472237512711e-5
14.13,0.0037,8.707695051742211e-6,5.2781849686475586e-5,5.2781855288278896e-5,5.279472237512711e-5
14.13,0.0037,1.4303687479263852e-5,5.2776501423553514e-5,5.277650702738438e-5,5.279472237512711e-5
14.13,0.0037,2.3495939429288417e-5,5.276893034032708e-5,5.2768935945352396e-5,5.279472237512711e-5
14.13,0.0037,3.8595583863609565e-5,5.275821162188899e-5,5.275821722469641e-5,5.279472237512711e-5
14.13,0.0037,6.33990012723672e-5,5.2743034433130304e-5,5.2743040046047864e-5,5.279472237512711e-5
14.13,0.0037,0.00010414231266814445,5.272153922300239e-5,5.272154482226737e-5,5.279472237512711e-5
14.13,0.0037,0.00017106927664800093,5.269108452128556e-5,5.269109014889477e-5,5.279472237512711e-5
14.13,0.0037,0.00028100679409841776,5.2647910368052026e-5,5.2647915969788786e-5,5.279472237512711e-5
14.13,0.0037,0.00046159555869258604,5.258664764504461e-5,5.258665329345589e-5,5.279472237512711e-5
14.13,0.0037,0.0007582395311413588,5.249959255021436e-5,5.249959818639475e-5,5.279472237512711e-5
14.13,0.0037,0.00124552148684853,5.237561338863402e-5,5.237561905361671e-5,5.279472237512711e-5
14.13,0.0037,0.002045954755044497,5.219846473633743e-5,5.2198470508678186e-5,5.279472237512711e-5
14.13,0.0037,0.0033607857462825456,5.194412090343976e-5,5.194412654803936e-5,5.279472237512711e-5
14.13,0.0037,0.005520591696647901,5.157645983143826e-5,5.157646604209383e-5,5.279472237512711e-5
14.13,0.0037,0.009068395006973916,5.10401820637819e-5,5.104018768426532e-5,5.279472237512711e-5
14.13,0.0037,0.01489619093772919,5.024926806827027e-5,5.0249275427768e-5,5.279472237512711e-5
14.13,0.0037,0.024469214704767362,4.906894996998326e-5,4.906895636833015e-5,5.279472237512711e-5
14.13,0.0037,0.04019433362333615,4.7290609258092066e-5,4.7290618378646835e-5,5.279472237512711e-5
14.13,0.0037,0.06602518613354949,4.46063898585945e-5,4.460639988296751e-5,5.279472237512711e-5
14.13,0.0037,0.1084562128786955,4.0611828459782406e-5,4.061183712132476e-5,5.279472237512711e-5
14.13,0.0037,0.17815550096589414,3.490626278416831e-5,3.49062761445098e-5,5.279472237512711e-5
14.13,0.0037,0.292646974128703,2.7389546439765383e-5,2.7389551417195906e-5,5.279472237512711e-5
14.13,0.0037,0.480716289995901,1.872911832659005e-5,1.8729120331109463e-5,5.279472237512711e-5
14.13,0.0037,0.789648183294706,1.0542648876300964e-5,1.0542650556859234e-5,5.279472237512711e-5
14.13,0.0037,1.297114881182717,4.598520842587535e-6,4.598517031713922e-6,5.279472237512711e-5
14.13,0.0037,2.1307045980472066,1.4522774528942468e-6,1.4522765740391973e-6,5.279472237512711e-5
14.13,0.0037,3.5000000000000004,2.3880435283417123e-7,2.388042595089493e-7,5.279472237512711e-5
14.13,0.0037,3.8,1.2366825048262174e-7,1.2366819157570884e-7,5.279472237512711e-5
14.13,0.0037,3.98,3.492718740554198e-8,3.492718776915661e-8,5.279472237512711e-5
14.13,0.0037,3.9998,3.4505809552436768e-9,3.4505809779074987e-9,5.279472237512711e-5
14.13,0.0127,1.0000000000000001e-7,5.075408223591018e-5,5.075408748575017e-5,5.0754632645523454e-5
14.13,0.0127,1.6426491045299075e-7,5.0753853591415467e-5,5.0753858841159615e-5,5.0754632645523454e-5
14.13,0.0127,2.698296080612907e-7,5.075352996578826e-5,5.075353521566979e-5,5.0754632645523454e-5
14.13,0.0127,4.432353640575351e-7,5.0753071902413955e-5,5.075307715233588e-5,5.0754632645523454e-5
14.13,0.0127,7.280801738650976e-7,5.0752423553095366e-5,5.075242880291516e-5,5.0754632645523454e-5
14.13,0.0127,1.1959802456254818e-6,5.0751505867527516e-5,5.075151111789549e-5,5.0754632645523454e-5
14.13,0.0127,1.9645758795121526e-6,5.0750206951873194e-5,5.075021220145093e-5,5.0754632645523454e-5
14.13,0.0127,3.227108809261693e-6,5.074836841817135e-5,5.0748373669343185e-5,5.0754632645523454e-5
14.13,0.0127,5.301007395754297e-6,5.0745766053883274e-5,5.0745771303458564e-5,5.0754632645523454e-5
14.13,0.0127,8.707695051742211e-6,5.074208244007546e-5,5.0742087692219374e-5,5.0754632645523454e-5
14.13,0.0127,1.4303687479263852e-5,5.0736868146134025e-5,5.073687339714178e-5,5.0754632645523454e-5
14.13,0.0127,2.3495939429288417e-5,5.072948669298602e-5,5.072949194535219e-5,5.0754632645523454e-5
14.13,0.0127,3.8595583863609565e-5,5.07190364001139e-5,5.071904165589993e-5,5.0754632645523454e-5
14.13,0.0127,6.33990012723672e-5,5.0704239193170846e-5,5.0704244443211326e-5,5.0754632645523454e-5
14.13,0.0127,0.00010414231266814445,5.068328192818256e-5,5.068328719466314e-5,5.0754632645523454e-5
14.13,0.0127,0.00017106927664800093,5.065358890546985e-5,5.0653594151337475e-5,5.0754632645523454e-5
14.13,0.0127,0.00028100679409841776,5.061149345362423e-5,5.061149873857189e-5,5.0754632645523454e-5
14.13,0.0127,0.00046159555869258604,5.055175894505812e-5,5.0551764199914894e-5,5.0754632645523454e-5
14.13,0.0127,0.0007582395311413588,5.0466870131180895e-5,5.04668754394103e-5,5.0754632645523454e-5
14.13,0.0127,0.00124552148684853,5.0345964526936076e-5,5.034596984333256e-5,5.0754632645523454e-5
14.13,0.0127,0.002045954755044497,5.017318302038155e-5,5.017318833728937e-5,5.0754632645523454e-5
14.13,0.0127,0.0033607857462825456,4.992505856086898e-5,4.9925064107786476e-5,5.0754632645523454e-5
14.13,0.0127,0.005520591696647901,4.956628622513532e-5,4.956629148493309e-5,5.0754632645523454e-5
14.13,0.0127,0.009068395006973916,4.9042781446267676e-5,4.9042787705957335e-5,5.0754632645523454e-5
14.13,0.0127,0.01489619093772919,4.8270370798655835e-5,4.827037611295013e-5,5.0754632645523454e-5
14.13,0.0127,0.024469214704767362,4.711716697157277e-5,4.711717483053705e-5,5.0754632645523454e-5
14.13,0.0127,0.04019433362333615,4.53791694071431e-5,4.537917628172807e-5,5.0754632645523454e-5
14.13,0.0127,0.06602518613354949,4.275605964021834e-5,4.2756068827623995e-5,5.0754632645523454e-5
14.13,0.0127,0.1084562128786955,3.885555968949521e-5,3.885557098935538e-5,5.0754632645523454e-5
14.13,0.0127,0.17815550096589414,3.3295333533335755e-5,3.3295340081451795e-5,5.0754632645523454e-5
14.13,0.0127,0.292646974128703,2.5997405869113964e-5,2.5997414807707506e-5,5.0754632645523454e-5
14.13,0.0127,0.480716289995901,1.7641248311614098e-5,1.7641251734097e-5,5.0754632645523454e-5
14.13,0.0127,0.789648183294706,9.817616039242031e-6,9.81761258005758e-6,5.0754632645523454e-5
14.13,0.0127,1.297114881182717,4.214744304705594e-6,4.2147443372569354e-6,5.0754632645523454e-5
14.13,0.0127,2.1307045980472066,1.3043800453540393e-6,1.3043786296299459e-6,5.0754632645523454e-5
14.13,0.0127,3.5000000000000004,2.097091999959462e-7,2.097090496203766e-7,5.0754632645523454e-5
14.13,0.0127,3.8,1.0820745588827807e-7,1.0820741561979786e-7,5.0754632645523454e-5
14.13,0.0127,3.98,3.049968675056653e-8,3.049966948848676e-8,5.0754632645523454e-5
14.13,0.0127,3.9998,3.01253425021384e-9,3.0125326221788486e-9,5.0754632645523454e-5
14.13,0.047,1.0000000000000001e-7,4.3883030022902546e-5,4.388303432317367e-5,4.388353140935077e-5
14.13,0.047,1.6426491045299075e-7,4.388282174299014e-5,4.388282604312822e-5,4.388353140935077e-5
14.13,0.047,2.698296080612907e-7,4.388252694155375e-5,4.3882531241954694e-5,4.388353140935077e-5
14.13,0.047,4.432353640575351e-7,4.3882109676182616e-5,4.388211397639153e-5,4.388353140935077e-5
14.13,0.047,7.280801738650976e-7,4.38815190727381e-5,4.3881523373276076e-5,4.388353140935077e-5
14.13,0.047,1.1959802456254818e-6,4.388068312130219e-5,4.3880687421857176e-5,4.388353140935077e-5
14.13,0.047,1.9645758795121526e-6,4.387949989321119e-5,4.387950419374997e-5,4.388353140935077e-5
14.13,0.047,3.227108809261693e-6,4.387782510565264e-5,4.3877829407109765e-5,4.388353140935077e-5
14.13,0.047,5.301007395754297e-6,4.387545451147526e-5,4.387545881171073e-5,4.388353140935077e-5
14.13,0.047,8.707695051742211e-6,4.3872098952888136e-5,4.387210325608519e-5,4.388353140935077e-5
14.13,0.047,1.4303687479263852e-5,4.386734900490741e-5,4.3867353305171454e-5,4.388353140935077e-5
14.13,0.047,2.3495939429288417e-5,4.386062482336647e-5,4.386062912903721e-5,4.388353140935077e-5
14.13,0.047,3.8595583863609565e-5,4.385110491380228e-5,4.38511092168392e-5,4.388353140935077e-5
14.13,0.047,6.33990012723672e-5,4.3837624754543334e-5,4.3837629062128594e-5,4.388353140935077e-5
14.13,0.047,0.00010414231266814445,4.3818532055653576e-5,4.381853636839191e-5,4.388353140935077e-5
14.13,0.047,0.00017106927664800093,4.379147909219818e-5,4.379148339806061e-5,4.388353140935077e-5
14.13,0.047,0.00028100679409841776,4.375312256037005e-5,4.3753126896869985e-5,4.388353140935077e-5
14.13,0.047,0.00046159555869258604,4.36986851109227e-5,4.369868941121137e-5,4.388353140935077e-5
14.13,0.047,0.0007582395311413588,4.3621305173081976e-5,4.3621309558636606e-5,4.388353140935077e-5
14.13,0.047,0.00124552148684853,4.3511053702323855e-5,4.3511058023774205e-5,4.388353140935077e-5
14.13,0.047,0.002045954755044497,4.335341141056607e-5,4.335341588488383e-5,4.388353140935077e-5
14.13,0.047,0.0033607857462825456,4.3126849603995114e-5,4.3126854085397065e-5,4.388353140935077e-5
14.13,0.047,0.005520591696647901,4.27989007323661e-5,4.279890532402792e-5,4.388353140935077e-5
14.13,0.047,0.009068395006973916,4.2319703740294364e-5,4.2319708899583585e-5,4.388353140935077e-5
14.13,0.047,0.01489619093772919,4.1611514704808856e-5,4.161151930768583e-5,4.388353140935077e-5
14.13,0.047,0.024469214704767362,4.0552503994133876e-5,4.055251122519802e-5,4.388353140935077e-5
14.13,0.047,0.04019433362333615,3.895484511072278e-5,3.895484990858829e-5,4.388353140935077e-5
14.13,0.047,0.06602518613354949,3.654469721852666e-5,3.654470781866359e-5,4.388353140935077e-5
14.13,0.047,0.1084562128786955,3.2972625085562354e-5,3.297263245544761e-5,4.388353140935077e-5
14.13,0.047,0.17815550096589414,2.7920388073744208e-5,2.79203975990501e-5,4.388353140935077e-5
14.13,0.047,0.292646974128703,2.1385749600854857e-5,2.1385757152379476e-5,4.388353140935077e-5
14.13,0.047,0.480716289995901,1.4083155012446413e-5,1.408315774721245e-5,4.388353140935077e-5
14.13,0.047,0.789648183294706,7.495696685967987e-6,7.4956945886050275e-6,4.388353140935077e-5
14.13,0.047,1.297114881182717,3.0239976343885267e-6,3.0239983290443167e-6,4.388353140935077e-5
14.13,0.047,2.1307045980472066,8.644840508615782e-7,8.644825907735816e-7,4.388353140935077e-5
14.13,0.047,3.5000000000000004,1.272600729923793e-7,1.2726002831685484e-7,4.388353140935077e-5
14.13,0.047,3.8,6.474242266138845e-8,6.474237291320816e-8,4.388353140935077e-5
14.13,0.047,3.98,1.8107346219127743e-8,1.8107336059416608e-8,4.388353140935077e-5
14.13,0.047,3.9998,1.787039063930919e-9,1.7870381934044734e-9,4.388353140935077e-5
14.13,0.173,1.0000000000000001e-7,2.7251013215171718e-5,2.7251014399368644e-5,2.7251384282739714e-5
14.13,0.173,1.6426491045299075e-7,2.7250859070678077e-5,2.725086025493639e-5,2.7251384282739714e-5
14.13,0.173,2.698296080612907e-7,2.725064089294177e-5,2.725064207712666e-5,2.7251384282739714e-5
14.13,0.173,4.432353640575351e-7,2.725033208140335e-5,2.7250333265843716e-5,2.7251384282739714e-5
14.13,0.173,7.280801738650976e-7,2.7249894984526363e-5,2.7249896168699053e-5,2.7251384282739714e-5
14.13,0.173,1.1959802456254818e-6,2.7249276307942302e-5,2.7249277492678232e-5,2.7251384282739714e-5
14.13,0.173,1.9645758795121526e-6,2.7248400613538098e-5,2.7248401797920992e-5,2.7251384282739714e-5
14.13,0.173,3.227108809261693e-6,2.7247161114410074e-5,2.7247162299475033e-5,2.7251384282739714e-5
14.13,0.173,5.301007395754297e-6,2.7245406637691964e-5,2.7245407822913936e-5,2.7251384282739714e-5
14.13,0.173,8.707695051742211e-6,2.7242923152668056e-5,2.7242924337824165e-5,2.7251384282739714e-5
14.13,0.173,1.4303687479263852e-5,2.7239407582161975e-5,2.7239408769480275e-5,2.7251384282739714e-5
14.13,0.173,2.3495939429288417e-5,2.7234430636197587e-5,2.7234431820960605e-5,2.7251384282739714e-5
14.13,0.173,3.8595583863609565e-5,2.722738398232627e-5,2.722738517368361e-5,2.7251384282739714e-5
14.13,0.173,6.33990012723672e-5,2.7217404963814283e-5,2.72174061493508e-5,2.7251384282739714e-5
14.13,0.173,0.00010414231266814445,2.7203268908148977e-5,2.7203270105553223e-5,2.7251384282739714e-5
14.13,0.173,0.00017106927664800093,2.718323416405327e-5,2.7183235357179587e-5,2.7251384282739714e-5
14.13,0.173,0.00028100679409841776,2.715481716107972e-5,2.715481836451825e-5,2.7251384282739714e-5
14.13,0.173,0.00046159555869258604,2.711446177811334e-5,2.711446299739311e-5,2.7251384282739714e-5
14.13,0.173,0.0007582395311413588,2.7057044983684263e-5,2.7057046187443622e-5,2.7251384282739714e-5
14.13,0.173,0.00124552148684853,2.6975121396289307e-5,2.697512268854204e-5,2.7251384282739714e-5
14.13,0.173,0.002045954755044497,2.6857739470214632e-5,2.6857740669921155e-5,2.7251384282739714e-5
14.13,0.173,0.0033607857462825456,2.6688539340181466e-5,2.6688540819222003e-5,2.7251384282739714e-5
14.13,0.173,0.005520591696647901,2.64426383647598e-5,2.6442639666787524e-5,2.7251384282739714e-5
14.13,0.173,0.009068395006973916,2.6081513060154227e-5,2.6081514937561504e-5,2.7251384282739714e-5
14.13,0.173,0.01489619093772919,2.5544793265155577e-5,2.5544795261618034e-5,2.7251384282739714e-5
14.13,0.173,0.024469214704767362,2.4738087221085087e-5,2.47380895548142e-5,2.7251384282739714e-5
14.13,0.173,0.04019433362333615,2.3518216688994853e-5,2.3518221073069797e-5,2.7251384282739714e-5
14.13,0.173,0.06602518613354949,2.1685240159051584e-5,2.168524227634661e-5,2.7251384282739714e-5
14.13,0.173,0.1084562128786955,1.9009597552617224e-5,1.9009605045724352e-5,2.7251384282739714e-5
14.13,0.173,0.17815550096589414,1.534832412622876e-5,1.5348326442159602e-5,2.7251384282739714e-5
14.13,0.173,0.292646974128703,1.0886215893314094e-5,1.088621990075665e-5,2.7251384282739714e-5
14.13,0.173,0.480716289995901,6.359232043541093e-6,6.359233587402539e-6,2.7251384282739714e-5
14.13,0.173,0.789648183294706,2.832270134157834e-6,2.8322694819245743e-6,2.7251384282739714e-5
14.13,0.173,1.297114881182717,8.90717020048019e-7,8.907163197218989e-7,2.7251384282739714e-5
14.13,0.173,2.1307045980472066,1.8492420106942857e-7,1.8492411433622786e-7,2.7251384282739714e-5
14.13,0.173,3.5000000000000004,1.9072997627419824e-8,1.90729476442419e-8,2.7251384282739714e-5
14.13,0.173,3.8,9.172304227423484e-9,9.172305935685269e-9,2.7251384282739714e-5
14.13,0.173,3.98,2.4879290222759088e-9,2.4879279226657868e-9,2.7251384282739714e-5
14.13,0.173,3.9998,2.4474432786267674e-10,2.44744198328693e-10,2.7251384282739714e-5
14.13,0.61,1.0000000000000001e-7,8.559705690015518e-6,8.55970555686103e-6,8.559892045655405e-6
14.13,0.61,1.6426491045299075e-7,8.559628276193578e-6,8.559628143047954e-6,8.559892045655405e-6
14.13,0.61,2.698296080612907e-7,8.559518703633504e-6,8.559518570511763e-6,8.559892045655405e-6
14.13,0.61,4.432353640575351e-7,8.559363612725106e-6,8.559363479704055e-6,8.559892045655405e-6
14.13,0.61,7.280801738650976e-7,8.559144093338438e-6,8.559143960249512e-6,8.559892045655405e-6
14.13,0.61,1.1959802456254818e-6,8.558833377996063e-6,8.558833245223454e-6,8.559892045655405e-6
14.13,0.61,1.9645758795121526e-6,8.55839357533704e-6,8.558393442356914e-6,8.559892045655405e-6
14.13,0.61,3.227108809261693e-6,8.557771043343025e-6,8.557770910981735e-6,8.559892045655405e-6
14.13,0.61,5.301007395754297e-6,8.556889833022181e-6,8.556889700508812e-6,8.559892045655405e-6
14.13,0.61,8.707695051742211e-6,8.555642391314556e-6,8.555642259499192e-6,8.559892045655405e-6
14.13,0.61,1.4303687479263852e-5,8.553876362674565e-6,8.553876231485362e-6,8.559892045655405e-6
14.13,0.61,2.3495939429288417e-5,8.551375818948237e-6,8.55137568769345e-6,8.559892045655405e-6
14.13,0.61,3.8595583863609565e-5,8.547834491182074e-6,8.547834363007121e-6,8.559892045655405e-6
14.13,0.61,6.33990012723672e-5,8.542817431181584e-6,8.542817300740651e-6,8.559892045655405e-6
14.13,0.61,0.00010414231266814445,8.535705743552468e-6,8.535705621288854e-6,8.559892045655405e-6
14.13,0.61,0.00017106927664800093,8.525616144629436e-6,8.52561601826983e-6,8.559892045655405e-6
14.13,0.61,0.00028100679409841776,8.511282275973683e-6,8.511282164052941e-6,8.559892045655405e-6
14.13,0.61,0.00046159555869258604,8.490876341392648e-6,8.4908762313411e-6,8.559892045655405e-6
14.13,0.61,0.0007582395311413588,8.461734823271903e-6,8.461734727706656e-6,8.559892045655405e-6
14.13,0.61,0.00124552148684853,8.41992561901363e-6,8.419925563594851e-6,8.559892045655405e-6
14.13,0.61,0.002045954755044497,8.359547772274135e-6,8.359547700779589e-6,8.559892045655405e-6
14.13,0.61,0.0033607857462825456,8.27157923700063e-6,8.271579352662567e-6,8.559892045655405e-6
14.13,0.61,0.005520591696647901,8.141981813593742e-6,8.141981813201127e-6,8.559892045655405e-6
14.13,0.61,0.009068395006973916,7.9486834930017e-6,7.948684064796398e-6,8.559892045655405e-6
14.13,0.61,0.01489619093772919,7.657202160983076e-6,7.657202590215606e-6,8.559892045655405e-6
14.13,0.61,0.024469214704767362,7.215707370811792e-6,7.215708748094219e-6,8.559892045655405e-6
14.13,0.61,0.04019433362333615,6.553724354602129e-6,6.553726257086736e-6,8.559892045655405e-6
14.13,0.61,0.06602518613354949,5.5963382014077185e-6,5.5963400811480894e-6,8.559892045655405e-6
14.13,0.61,0.1084562128786955,4.314701511362222e-6,4.314705104850349e-6,8.559892045655405e-6
14.13,0.61,0.17815550096589414,2.8201657725457603e-6,2.8201672878288384e-6,8.559892045655405e-6
14.13,0.61,0.292646974128703,1.42533604176752e-6,1.4253377568340944e-6,8.559892045655405e-6
14.13,0.61,0.480716289995901,4.926158679284032e-7,4.926164543548203e-7,8.559892045655405e-6
14.13,0.61,0.789648183294706,1.0082582076262094e-7,1.0082585820650974e-7,8.559892045655405e-6
14.13,0.61,1.297114881182717,1.0657551827489994e-8,1.065756243562071e-8,8.559892045655405e-6
14.13,0.61,2.1307045980472066,5.3171529797826e-10,5.317125233273634e-10,8.559892045655405e-6
14.13,0.61,3.5000000000000004,1.075197903533648e-11,1.0751623041288588e-11,8.559892045655405e-6
14.13,0.61,3.8,4.024744598566643e-12,4.02477687097956e-12,8.559892045655405e-6
14.13,0.61,3.98,9.563094215179386e-13,9.56304359982384e-13,8.559892045655405e-6
14.13,0.61,3.9998,9.27894862959477e-14,9.278880287290231e-14,8.559892045655405e-6
14.13,1.73,1.0000000000000001e-7,1.9392739597658723e-6,1.9392739687505125e-6,1.939362916592607e-6
14.13,1.73,1.6426491045299075e-7,1.939237005982158e-6,1.939237014988463e-6,1.939362916592607e-6
14.13,1.73,2.698296080612907e-7,1.9391847006929996e-6,1.939184709707057e-6,1.939362916592607e-6
14.13,1.73,4.432353640575351e-7,1.939110665932465e-6,1.939110674948281e-6,1.939362916592607e-6
14.13,1.73,7.280801738650976e-7,1.9390058731822904e-6,1.939005882268339e-6,1.939362916592607e-6
14.13,1.73,1.1959802456254818e-6,1.9388575408823385e-6,1.9388575499004213e-6,1.939362916592607e-6
14.13,1.73,1.9645758795121526e-6,1.9386475721072544e-6,1.9386475813311552e-6,1.939362916592607e-6
14.13,1.73,3.227108809261693e-6,1.938350339013422e-6,1.9383503480829997e-6,1.939362916592607e-6
14.13,1.73,5.301007395754297e-6,1.937929537300759e-6,1.9379295467349204e-6,1.939362916592607e-6
14.13,1.73,8.707695051742211e-6,1.9373337121613835e-6,1.937333721505426e-6,1.939362916592607e-6
14.13,1.73,1.4303687479263852e-5,1.9364898764005887e-6,1.936489886066963e-6,1.939362916592607e-6
14.13,1.73,2.3495939429288417e-5,1.9352943669299698e-6,1.935294377086616e-6,1.939362916592607e-6
14.13,1.73,3.8595583863609565e-5,1.9335996567662713e-6,1.9335996665712253e-6,1.939362916592607e-6
14.13,1.73,6.33990012723672e-5,1.9311951452853886e-6,1.9311951573831794e-6,1.939362916592607e-6
14.13,1.73,0.00010414231266814445,1.9277787835295987e-6,1.927778793597292e-6,1.939362916592607e-6
14.13,1.73,0.00017106927664800093,1.9229143670680963e-6,1.9229143833654685e-6,1.939362916592607e-6
14.13,1.73,0.00028100679409841776,1.915965731946594e-6,1.9159657450809354e-6,1.939362916592607e-6
14.13,1.73,0.00046159555869258604,1.9059926614364835e-6,1.9059926862548212e-6,1.939362916592607e-6
14.13,1.73,0.0007582395311413588,1.8915820612181716e-6,1.8915820901743984e-6,1.939362916592607e-6
14.13,1.73,0.00124552148684853,1.870569497584469e-6,1.8705695369955487e-6,1.939362916592607e-6
14.13,1.73,0.002045954755044497,1.839580334217672e-6,1.839580425994278e-6,1.939362916592607e-6
14.13,1.73,0.0033607857462825456,1.7932984537979021e-6,1.7932985106377224e-6,1.939362916592607e-6
14.13,1.73,0.005520591696647901,1.723407713842208e-6,1.723407994375518e-6,1.939362916592607e-6
14.13,1.73,0.009068395006973916,1.617411880743406e-6,1.6174120012983102e-6,1.939362916592607e-6
14.13,1.73,0.01489619093772919,1.458401065122713e-6,1.4584016825014175e-6,1.939362916592607e-6
14.13,1.73,0.024469214704767362,1.2287895845484211e-6,1.2287900117209937e-6,1.939362916592607e-6
14.13,1.73,0.04019433362333615,9.23379553161634e-7,9.233802868008658e-7,1.939362916592607e-6
14.13,1.73,0.06602518613354949,5.735253515828279e-7,5.735260680352905e-7,1.939362916592607e-6
14.13,1.73,0.1084562128786955,2.6111812281426957e-7,2.6111840493408436e-7,1.939362916592607e-6
14.13,1.73,0.17815550096589414,7.264762883571944e-8,7.264782464285685e-8,1.939362916592607e-6
14.13,1.73,0.292646974128703,9.5194161266558e-9,9.51943255515457e-9,1.939362916592607e-6
14.13,1.73,0.480716289995901,4.1703511591544455e-10,4.1703597087252213e-10,1.939362916592607e-6
14.13,1.73,0.789648183294706,4.111441756436443e-12,4.111455540021505e-12,1.939362916592607e-6
14.13,1.73,1.297114881182717,6.302285014520114e-15,6.302283681671168e-15,1.939362916592607e-6
14.13,1.73,2.1307045980472066,1.1955272437034522e-18,1.1954972620230561e-18,1.939362916592607e-6
14.13,1.73,3.5000000000000004,2.781232256683285e-23,2.771374579735454e-23,1.939362916592607e-6
14.13,1.73,3.8,3.520512178796661e-24,3.499716523249563e-24,1.939362916592607e-6
14.13,1.73,3.98,4.892091301765932e-25,4.909763826680737e-25,1.939362916592607e-6
14.13,1.73,3.9998,4.5024960394046997e-26,4.5246841030221446e-26,1.939362916592607e-6
14.13,4.71,1.0000000000000001e-7,3.595459204379074e-7,3.595423042134524e-7,3.5959131631479086e-7
14.13,4.71,1.6426491045299075e-7,3.5952706164553034e-7,3.595234439152078e-7,3.5959131631479086e-7
14.13,4.71,2.698296080612907e-7,3.595003674379781e-7,3.594967475366599e-7,3.5959131631479086e-7
14.13,4.71,4.432353640575351e-7,3.594625811832975e-7,3.5945895819447416e-7,3.5959131631479086e-7
14.13,4.71,7.280801738650976e-7,3.594090911598194e-7,3.5940546383924513e-7,3.5959131631479086e-7
14.13,4.71,1.1959802456254818e-6,3.593333647311275e-7,3.5932973117252706e-7,3.5959131631479086e-7
14.13,4.71,1.9645758795121526e-6,3.592261437614112e-7,3.5922250150976373e-7,3.5959131631479086e-7
14.13,4.71,3.227108809261693e-6,3.590742974171804e-7,3.5907064257614053e-7,3.5959131631479086e-7
14.13,4.71,5.301007395754297e-6,3.5885917958791896e-7,3.588555070842643e-7,3.5959131631479086e-7
14.13,4.71,8.707695051742211e-6,3.585542619862179e-7,3.585505639289611e-7,3.5959131631479086e-7
14.13,4.71,1.4303687479263852e-5,3.581216912342959e-7,3.5811795655865495e-7,3.5959131631479086e-7
14.13,4.71,2.3495939429288417e-5,3.5750721297120493e-7,3.575034252869382e-7,3.5959131631479086e-7
14.13,4.71,3.8595583863609565e-5,3.566325507538913e-7,3.5662868440592956e-7,3.5959131631479086e-7
14.13,4.71,6.33990012723672e-5,3.553836970940761e-7,3.5537971525674894e-7,3.5959131631479086e-7
14.13,4.71,0.00010414231266814445,3.53592445621136e-7,3.5358828401257706e-7,3.5959131631479086e-7
14.13,4.71,0.00017106927664800093,3.510065066778454e-7,3.510020710740863e-7,3.5959131631479086e-7
14.13,4.71,0.00028100679409841776,3.4724024269733645e-7,3.4723535927597665e-7,3.5959131631479086e-7
14.13,4.71,0.00046159555869258604,3.41693270918541e-7,3.4168766823798857e-7,3.5959131631479086e-7
14.13,4.71,0.0007582395311413588,3.334196519717826e-7,3.3341285273282987e-7,3.5959131631479086e-7
14.13,4.71,0.00124552148684853,3.2093470421480885e-7,3.2092594141161904e-7,3.5959131631479086e-7
14.13,4.71,0.002045954755044497,3.019872248720738e-7,3.019753970018256e-7,3.5959131631479086e-7
14.13,4.71,0.0033607857462825456,2.7346877427066475e-7,2.734523551690399e-7,3.5959131631479086e-7
14.13,4.71,0.005520591696647901,2.319795381280184e-7,2.3195754376080706e-7,3.5959131631479086e-7
14.13,4.71,0.009068395006973916,1.760566570997069e-7,1.7602943970946495e-7,3.5959131631479086e-7
14.13,4.71,0.01489619093772919,1.1068959313532456e-7,1.1066175523118531e-7,3.5959131631479086e-7
14.13,4.71,0.024469214704767362,5.080347528192909e-8,5.078252296734254e-8,3.5959131631479086e-7
14.13,4.71,0.04019433362333615,1.3876106586236418e-8,1.3866784237507974e-8,3.5959131631479086e-7
14.13,4.71,0.06602518613354949,1.630545848377891e-9,1.6287692055145455e-9,3.5959131631479086e-7
14.13,4.71,0.1084562128786955,4.981487159241505e-11,4.972718823886053e-11,3.5959131631479086e-7
14.13,4.71,0.17815550096589414,1.8580396899502516e-13,1.8528329571558364e-13,3.5959131631479086e-7
14.13,4.71,0.292646974128703,2.8868417607573156e-17,2.8741106062355435e-17,3.5959131631479086e-7
14.13,4.71,0.480716289995901,4.586238938026085e-23,4.5551709265434556e-23,3.5959131631479086e-7
14.13,4.71,0.789648183294706,1.5001523401498224e-31,1.485010236027206e-31,3.5959131631479086e-7
14.13,4.71,1.297114881182717,2.3373430328072948e-43,2.30349632142215e-43,3.5959131631479086e-7
14.13,4.71,2.1307045980472066,7.3794679856488515e-59,7.2142129037626145e-59,3.5959131631479086e-7
14.13,4.71,3.5000000000000004,5.20025230255049e-78,4.1851889901961933e-78,3.5959131631479086e-7
14.13,4.71,3.8,1.6420140113230258e-81,1.0603218463865025e-81,3.5959131631479086e-7
14.13,4.71,3.98,1.1046523884229803e-83,1.2620725281883857e-83,3.5959131631479086e-7
14.13,4.71,3.9998,7.820713194577164e-85,9.570536968523181e-85,3.5959131631479086e-7
14.69,0.00113,1.0000000000000001e-7,0.00022586070840651797,0.0002258607282985262,0.00022586659678925424
14.69,0.00113,1.6426491045299075e-7,0.0002258582623150061,0.00022585828223149648,0.00022586659678925424
14.69,0.00113,2.698296080612907e-7,0.00022585480007913922,0.0002258548200296029,0.00022586659678925424
14.69,0.00113,4.432353640575351e-7,0.00022584989955825089,0.00022584991955490704,0.00022586659678925424
14.69,0.00113,7.280801738650976e-7,0.00022584296321593187,0.00022584298328407165,0.00022586659678925424
14.69,0.00113,1.1959802456254818e-6,0.00022583314521301473,0.00022583316536969555,0.00022586659678925424
14.69,0.00113,1.9645758795121526e-6,0.00022581924815417634,0.0002258192684572327,0.00022586659678925424
14.69,0.00113,3.227108809261693e-6,0.00022579957680414855,0.00022579959728585359,0.00022586659678925424
14.69,0.00113,5.301007395754297e-6,0.00022577173072063829,0.00022577175148960258,0.00022586659678925424
14.69,0.00113,8.707695051742211e-6,0.00022573231002526932,0.00022573233116967073,0.00022586659678925424
14.69,0.00113,1.4303687479263852e-5,0.00022567649731403195,0.00022567651900536013,0.00022586659678925424
14.69,0.00113,2.3495939429288417e-5,0.00022559746219223613,0.000225597484682462,0.00022586659678925424
14.69,0.00113,3.8595583863609565e-5,0.00022548551013328445,0.00022548553366319235,0.00022586659678925424
14.69,0.00113,6.33990012723672e-5,0.00022532685919386528,0.00022532688441062867,0.00022586659678925424
14.69,0.00113,0.00010414231266814445,0.00022510186743235453,0.00022510189470711483,0.00022586659678925424
14.69,0.00113,0.00017106927664800093,0.00022478243385060592,0.00022478246461924046,0.00022586659678925424
14.69,0.00113,0.00028100679409841776,0.00022432812489375567,0.00022432816005685735,0.00022586659678925424
14.69,0.00113,0.00046159555869258604,0.00022368027863482474,0.00022368032094474664,0.00022586659678925424
14.69,0.00113,0.0007582395311413588,0.00022275280482070335,0.000222752857295041,0.00022586659678925424
14.69,0.00113,0.00124552148684853,0.0002214174565389906,0.0002214175239612096,0.00022586659678925424
14.69,0.00113,0.002045954755044497,0.00021947975718996588,0.0002194798502369602,0.00022586659678925424
14.69,0.00113,0.0033607857462825456,0.00021663935766735927,0.00021663948412404204,0.00022586659678925424
14.69,0.00113,0.005520591696647901,0.00021242590630546427,0.0002124261009595941,0.00022586659678925424
14.69,0.00113,0.009068395006973916,0.00020610177080879435,0.0002061020492689493,0.00022586659678925424
14.69,0.00113,0.01489619093772919,0.00019653715673207127,0.00019653760313010735,0.00022586659678925424
14.69,0.00113,0.024469214704767362,0.00018211911680422375,0.00018211977112210143,0.00022586659678925424
14.69,0.00113,0.04019433362333615,0.00016089998391673622,0.0001609009331868377,0.00022586659678925424
14.69,0.00113,0.06602518613354949,0.00013142109995251746,0.0001314223560593055,0.00022586659678925424
14.69,0.00113,0.1084562128786955,9.463834968905313e-5,9.463972554796864e-5,0.00022586659678925424
14.69,0.00113,0.17815550096589414,5.613894087720293e-5,5.614016530630508e-5,0.00022586659678925424
14.69,0.00113,0.292646974128703,2.51377311078661e-5,2.513848978011606e-5,0.00022586659678925424
14.69,0.00113,0.480716289995901,7.720660746502611e-6,7.720951663432968e-6,0.00022586659678925424
14.69,0.00113,0.789648183294706,1.499759370803318e-6,1.4998256722859678e-6,0.00022586659678925424
14.69,0.00113,1.297114881182717,1.7722138137454675e-7,1.772290128293441e-7,0.00022586659678925424
14.69,0.00113,2.1307045980472066,1.291347962176579e-8,1.2913900462592923e-8,0.00022586659678925424
14.69,0.00113,3.5000000000000004,5.055625795807161e-10,5.055649858731699e-10,0.00022586659678925424
14.69,0.00113,3.8,2.1268883012789016e-10,2.126870468669475e-10,0.00022586659678925424
14.69,0.00113,3.98,5.379840928224463e-11,5.379801333540395e-11,0.00022586659678925424
14.69,0.00113,3.9998,5.254129745600393e-12,5.254096383222078e-12,0.00022586659678925424
14.69,0.0037,1.0000000000000001e-7,0.0002233566794045198,0.00022335667957280788,0.00022336252486815865
14.69,0.0037,1.6426491045299075e-7,0.00022335425114194187,0.00022335425131146317,0.00022336252486815865
14.69,0.0037,2.698296080612907e-7,0.0002233508141413237,0.0002233508143113184,0.00022336252486815865
14.69,0.0037,4.432353640575351e-7,0.00022334594933869943,0.00022334594950833853,0.00022336252486815865
14.69,0.0037,7.280801738650976e-7,0.0002233390635525299,0.00022333906372664904,0.00022336252486815865
14.69,0.0037,1.1959802456254818e-6,0.00022332931710776117,0.00022332931727668025,0.00022336252486815865
14.69,0.0037,1.9645758795121526e-6,0.00022331552133426173,0.00022331552151604362,0.00022336252486815865
14.69,0.0037,3.227108809261693e-6,0.00022329599334753095,0.0002232959935184727,0.00022336252486815865
14.69,0.0037,5.301007395754297e-6,0.00022326835018911202,0.00022326835038158235,0.00022336252486815865
14.69,0.0037,8.707695051742211e-6,0.00022322921673309003,0.00022322921691901075,0.00022336252486815865
14.69,0.0037,1.4303687479263852e-5,0.00022317381062345526,0.0002231738108244937,0.00022336252486815865
14.69,0.0037,2.3495939429288417e-5,0.00022309535110311813,0.00022309535133420284,0.00022336252486815865
14.69,0.0037,3.8595583863609565e-5,0.00022298421397290945,0.00022298421416985377,0.00022336252486815865
14.69,0.0037,6.33990012723672e-5,0.00022282671699236028,0.00022282671732579316,0.00022336252486815865
14.69,0.0037,0.00010414231266814445,0.00022260335970896025,0.00022260335989898733,0.00022336252486815865
14.69,0.0037,0.00017106927664800093,0.000222286242233352,0.0002222862427613795,0.00022336252486815865
14.69,0.0037,0.00028100679409841776,0.0002218352175863696,0.000221835217901639,0.00022336252486815865
14.69,0.0037,0.00046159555869258604,0.00022119203383500212,0.0002211920346768441,0.00022336252486815865
14.69,0.0037,0.0007582395311413588,0.00022027119091941634,0.00022027119190401215,0.00022336252486815865
14.69,0.0037,0.00124552148684853,0.00021894529949524665,0.00021894530068396583,0.00022336252486815865
14.69,0.0037,0.002045954755044497,0.00021702114622109108,0.00021702114975973266,0.00022336252486815865
14.69,0.0037,0.0033607857462825456,0.00021420027880725956,0.00021420027994106393,0.00022336252486815865
14.69,0.0037,0.005520591696647901,0.00021001526529520258,0.00021001527670343537,0.00022336252486815865
14.69,0.0037,0.009068395006973916,0.00020373309802360943,0.00020373310052536038,0.00022336252486815865
14.69,0.0037,0.01489619093772919,0.00019423150312796827,0.00019423153028583096,0.00022336252486815865
14.69,0.0037,0.024469214704767362,0.00017990990064812183,0.00017990991810661687,0.00022336252486815865
14.69,0.0037,0.04019433362333615,0.00015884039234747617,0.00015884042732245465,0.00022336252486815865
14.69,0.0037,0.06602518613354949,0.0001295923983510953,0.0001295924421192369,0.00022336252486815865
14.69,0.0037,0.1084562128786955,9.314944740725755e-5,9.314946028687595e-5,0.00022336252486815865
14.69,0.0037,0.17815550096589414,5.5094236069430156e-5,5.509425123048126e-5,0.00022336252486815865
14.69,0.0037,0.292646974128703,2.456001118417193e-5,2.456001326809792e-5,0.00022336252486815865
14.69,0.0037,0.480716289995901,7.494417414596616e-6,7.494410765453674e-6,0.00022336252486815865
14.69,0.0037,0.789648183294706,1.4428937943697067e-6,1.4428936015364263e-6,0.00022336252486815865
14.69,0.0037,1.297114881182717,1.6855344462023324e-7,1.6855311521471007e-7,0.00022336252486815865
14.69,0.0037,2.1307045980472066,1.2113153358980145e-8,1.2113118206534545e-8,0.00022336252486815865
14.69,0.0037,3.5000000000000004,4.673402453386783e-10,4.673405196974496e-10,0.00022336252486815865
14.69,0.0037,3.8,1.9618708211164093e-10,1.9618636248676315e-10,0.00022336252486815865
14.69,0.0037,3.98,4.956865149305401e-11,4.956884128700644e-11,0.00022336252486815865
14.69,0.0037,3.9998,4.8404744596621655e-12,4.840500939475343e-12,0.00022336252486815865
14.69,0.0127,1.0000000000000001e-7,0.00021487713537315467,0.00021487713539782003,0.00021488283439075547
14.69,0.0127,1.6426491045299075e-7,0.00021487476794542458,0.00021487476796942494,0.00021488283439075547
14.69,0.0127,2.698296080612907e-7,0.0002148714170510493,0.00021487141707629984,0.00021488283439075547
14.69,0.0127,4.432353640575351e-7,0.00021486667412420253,0.000214866674150621,0.00021488283439075547
14.69,0.0127,7.280801738650976e-7,0.00021485996084278096,0.00021485996086779201,0.00021488283439075547
14.69,0.0127,1.1959802456254818e-6,0.00021485045856456373,0.00021485045859649966,0.00021488283439075547
14.69,0.0127,1.9645758795121526e-6,0.0002148370083910216,0.00021483700841492086,0.00021488283439075547
14.69,0.0127,3.227108809261693e-6,0.00021481796958025133,0.00021481796962183227,0.00021488283439075547
14.69,0.0127,5.301007395754297e-6,0.0002147910188311941,0.00021479101885905354,0.00021488283439075547
14.69,0.0127,8.707695051742211e-6,0.00021475286547700595,0.00021475286553070754,0.00021488283439075547
14.69,0.0127,1.4303687479263852e-5,0.00021469884675081916,0.00021469884680106735,0.00021488283439075547
14.69,0.0127,2.3495939429288417e-5,0.00021462235126702806,0.00021462235132717648,0.00021488283439075547
14.69,0.0127,3.8595583863609565e-5,0.00021451399479590044,0.00021451399490969735,0.00021488283439075547
14.69,0.0127,6.33990012723672e-5,0.00021436043530269423,0.00021436043535028797,0.00021488283439075547
14.69,0.0127,0.00010414231266814445,0.00021414265512904513,0.00021414265538319588,0.00021488283439075547
14.69,0.0127,0.00017106927664800093,0.0002138334406292797,0.0002138334406743057,0.00021488283439075547
14.69,0.0127,0.00028100679409841776,0.00021339362273870789,0.00021339362325781302,0.00021488283439075547
14.69,0.0127,0.00046159555869258604,0.00021276634867054985,0.00021276634893773215,0.00021488283439075547
14.69,0.0127,0.0007582395311413588,0.0002118681326482685,0.00021186813358328488,0.00021488283439075547
14.69,0.0127,0.00124552148684853,0.00021057451259494535,0.00021057451400108008,0.00021488283439075547
14.69,0.0127,0.002045954755044497,0.00020869658832737274,0.00020869658959685576,0.00021488283439075547
14.69,0.0127,0.0033607857462825456,0.000205942386418824,0.00020594239211621295,0.00021488283439075547
14.69,0.0127,0.005520591696647901,0.00020185445332151312,0.00020185445409254095,0.00021488283439075547
14.69,0.0127,0.009068395006973916,0.00019571559851786277,0.0001957156161253417,0.00021488283439075547
14.69,0.0127,0.01489619093772919,0.00018642929166081141,0.00018642929544503473,0.00021488283439075547
14.69,0.0127,0.024469214704767362,0.00017243731336009954,0.00017243734797674763,0.00021488283439075547
14.69,0.0127,0.04019433362333615,0.00015187945732763776,0.0001518794813673234,0.00021488283439075547
14.69,0.0127,0.06602518613354949,0.0001234210080165579,0.00012342103639329525,0.00021488283439075547
14.69,0.0127,0.1084562128786955,8.813869646724929e-5,8.813872945129219e-5,0.00021488283439075547
14.69,0.0127,0.17815550096589414,5.1595845999752555e-5,5.159584970668232e-5,0.00021488283439075547
14.69,0.0127,0.292646974128703,2.2641574393149776e-5,2.2641569924637444e-5,0.00021488283439075547
14.69,0.0127,0.480716289995901,6.752882046731944e-6,6.752882870741615e-6,0.00021488283439075547
14.69,0.0127,0.789648183294706,1.2599622909737377e-6,1.2599605016660089e-6,0.00021488283439075547
14.69,0.0127,1.297114881182717,1.413472560196374e-7,1.4134721665834767e-7,0.00021488283439075547
14.69,0.0127,2.1307045980472066,9.674943258602877e-9,9.674893390856797e-9,0.00021488283439075547
14.69,0.0127,3.5000000000000004,3.5449951503936576e-10,3.544970733097673e-10,0.00021488283439075547
14.69,0.0127,3.8,1.4769503535474956e-10,1.476958609623582e-10,0.00021488283439075547
14.69,0.0127,3.98,3.716924673109944e-11,3.7169338020506756e-11,0.00021488283439075547
14.69,0.0127,3.9998,3.6281624016145866e-12,3.628168396872315e-12,0.00021488283439075547
14.69,0.047,1.0000000000000001e-7,0.0001862766626779534,0.00018627666355829151,0.00018628185410361889
14.69,0.047,1.6426491045299075e-7,0.00018627450610794985,0.00018627450698699153,0.00018628185410361889
14.69,0.047,2.698296080612907e-7,0.00018627145366368358,0.00018627145454547294,0.00018628185410361889
14.69,0.047,4.432353640575351e-7,0.00018626713316660486,0.0001862671340468879,0.00018628185410361889
14.69,0.047,7.280801738650976e-7,0.00018626101779844995,0.00018626101868180722,0.00018628185410361889
14.69,0.047,1.1959802456254818e-6,0.00018625236181828722,0.00018625236270301905,0.00018628185410361889
14.69,0.047,1.9645758795121526e-6,0.0001862401095181254,0.0001862401104018825,0.00018628185410361889
14.69,0.047,3.227108809261693e-6,0.00018622276622550036,0.00018622276712090003,0.00018628185410361889
14.69,0.047,5.301007395754297e-6,0.00018619821541673734,0.00018619821629900754,0.00018628185410361889
14.69,0.047,8.707695051742211e-6,0.00018616345916775196,0.00018616346008306056,0.00018628185410361889
14.69,0.047,1.4303687479263852e-5,0.00018611424922026598,0.00018611425010867945,0.00018628185410361889
14.69,0.047,2.3495939429288417e-5,0.00018604456125254496,0.00018604456219639828,0.00018628185410361889
14.69,0.047,3.8595583863609565e-5,0.0001859458428112838,0.00018594584374065278,0.00018628185410361889
14.69,0.047,6.33990012723672e-5,0.00018580593110100916,0.00018580593207070256,0.00018628185410361889
14.69,0.047,0.00010414231266814445,0.0001856074820141867,0.0001856074830716134,0.00018628185410361889
14.69,0.047,0.00017106927664800093,0.0001853256608474503,0.00018532566181464802,0.00018628185410361889
14.69,0.047,0.00028100679409841776,0.00018492468897426685,0.00018492469035727706,0.00018628185410361889
14.69,0.047,0.00046159555869258604,0.0001843525654094205,0.00018435256637504386,0.00018628185410361889
14.69,0.047,0.0007582395311413588,0.00018353279161389664,0.00018353279375631678,0.00018628185410361889
14.69,0.047,0.00124552148684853,0.00018235106545372824,0.00018235106692665446,0.00018628185410361889
14.69,0.047,0.002045954755044497,0.00018063347061898947,0.00018063347430698865,0.00018628185410361889
14.69,0.047,0.0033607857462825456,0.000178110573805407,0.00017811057836688587,0.00018628185410361889
14.69,0.047,0.005520591696647901,0.00017435971072575124,0.00017435971632218268,0.00018628185410361889
14.69,0.047,0.009068395006973916,0.0001687189932029546,0.00016871900941481299,0.00018628185410361889
14.69,0.047,0.01489619093772919,0.000160182184442111,0.00016018218968794903,0.00018628185410361889
14.69,0.047,0.024469214704767362,0.0001473399853081349,0.0001473400257930863,0.00018628185410361889
14.69,0.047,0.04019433362333615,0.0001285698669670985,0.0001285698763381958,0.00018628185410361889
14.69,0.047,0.06602518613354949,0.0001028699145449738,0.00010286996147290187,0.00018628185410361889
14.69,0.047,0.1084562128786955,7.162470004622036e-5,7.162472012814485e-5,0.00018628185410361889
14.69,0.047,0.17815550096589414,4.027846839925291e-5,4.0278477271017984e-5,0.00018628185410361889
14.69,0.047,0.292646974128703,1.6625844737970943e-5,1.662584450489614e-5,0.00018628185410361889
14.69,0.047,0.480716289995901,4.5368914822033285e-6,4.536891295175702e-6,0.00018628185410361889
14.69,0.047,0.789648183294706,7.492813468620377e-7,7.492802948584957e-7,0.00018628185410361889
14.69,0.047,1.297114881182717,7.182269660255441e-8,7.18227193319967e-8,0.00018628185410361889
14.69,0.047,2.1307045980472066,4.0670943826153564e-9,4.067061770426801e-9,0.00018628185410361889
14.69,0.047,3.5000000000000004,1.2181341789989715e-10,1.2181280931520739e-10,0.00018628185410361889
14.69,0.047,3.8,4.927346634785337e-11,4.927361791972386e-11,0.00018628185410361889
14.69,0.047,3.98,1.2210736025685007e-11,1.2210695838310096e-11,0.00018628185410361889
14.69,0.047,3.9998,1.1900188530638446e-12,1.1900144702821807e-12,0.00018628185410361889
14.69,0.173,1.0000000000000001e-7,0.00011666208189394574,0.00011666208166140246,0.00011666592398174751
14.69,0.173,1.6426491045299075e-7,0.00011666048584962821,0.00011666048561787835,0.00011666592398174751
14.69,0.173,2.698296080612907e-7,0.00011665822677896341,0.00011665822654628262,0.00011666592398174751
14.69,0.173,4.432353640575351e-7,0.00011665502923216439,0.0001166550290023,0.00011666592398174751
14.69,0.173,7.280801738650976e-7,0.00011665050330430671,0.00011665050307171859,0.00011666592398174751
14.69,0.173,1.1959802456254818e-6,0.00011664409704898222,0.00011664409682204137,0.00011666592398174751
14.69,0.173,1.9645758795121526e-6,0.00011663502907121936,0.00011663502884135356,0.00011666592398174751
14.69,0.173,3.227108809261693e-6,0.00011662219299764713,0.00011662219277371464,0.00011666592398174751
14.69,0.173,5.301007395754297e-6,0.00011660402198584854,0.00011660402176548304,0.00011666592398174751
14.69,0.173,8.707695051742211e-6,0.00011657829631974651,0.00011657829609619682,0.00011666592398174751
14.69,0.173,1.4303687479263852e-5,0.00011654186965110056,0.00011654186945343211,0.00011666592398174751
14.69,0.173,2.3495939429288417e-5,0.00011649027830172316,0.00011649027807483833,0.00011666592398174751
14.69,0.173,3.8595583863609565e-5,0.00011641718105783739,0.00011641718090339497,0.00011666592398174751
14.69,0.173,6.33990012723672e-5,0.00011631355022406841,0.00011631355001230073,0.00011666592398174751
14.69,0.173,0.00010414231266814445,0.00011616649134895719,0.00011616649126105003,0.00011666592398174751
14.69,0.173,0.00017106927664800093,0.0001159574959248508,0.00011595749581434459,0.00011666592398174751
14.69,0.173,0.00028100679409841776,0.00011565980408915339,0.00011565980407415262,0.00011666592398174751
14.69,0.173,0.00046159555869258604,0.0001152343282029667,0.00011523432845975351,0.00011666592398174751
14.69,0.173,0.0007582395311413588,0.00011462318574768524,0.00011462318574187806,0.00011666592398174751
14.69,0.173,0.00124552148684853,0.00011373919320299348,0.00011373919461462447,0.00011666592398174751
14.69,0.173,0.002045954755044497,0.00011244855535737271,0.00011244855536300553,0.00011666592398174751
14.69,0.173,0.0033607857462825456,0.00011054250690771077,0.00011054251140273475,0.00011666592398174751
14.69,0.173,0.005520591696647901,0.00010769276433922242,0.00010769276639417798,0.00011666592398174751
14.69,0.173,0.009068395006973916,0.00010338908982894507,0.00010338909967345227,0.00011666592398174751
14.69,0.173,0.01489619093772919,9.687583709795852e-5,9.687584968281675e-5,0.00011666592398174751
14.69,0.173,0.024469214704767362,8.716046895394692e-5,8.716048041315518e-5,0.00011666592398174751
14.69,0.173,0.04019433362333615,7.328140850120905e-5,7.328143996856591e-5,0.00011666592398174751
14.69,0.173,0.06602518613354949,5.511860268098569e-5,5.511860757148946e-5,0.00011666592398174751
14.69,0.173,0.1084562128786955,3.470236315061732e-5,3.47023849822811e-5,0.00011666592398174751
14.69,0.173,0.17815550096589414,1.664487071284606e-5,1.664487398134801e-5,0.00011666592398174751
14.69,0.173,0.292646974128703,5.394321404871015e-6,5.394320372894442e-6,0.00011666592398174751
14.69,0.173,0.480716289995901,1.0366223534713317e-6,1.0366221690941113e-6,0.00011666592398174751
14.69,0.173,0.789648183294706,1.0587875537878263e-7,1.0587867126293077e-7,0.00011666592398174751
14.69,0.173,1.297114881182717,5.463969132359004e-9,5.4639592179742215e-9,0.00011666592398174751
14.69,0.173,2.1307045980472066,1.4640759226891913e-10,1.4640717302130888e-10,0.00011666592398174751
14.69,0.173,3.5000000000000004,1.9564041551726867e-12,1.956330144437204e-12,0.00011666592398174751
14.69,0.173,3.8,7.030808180522648e-13,7.030917461191391e-13,0.00011666592398174751
14.69,0.173,3.98,1.6393176491154385e-13,1.639368920536926e-13,0.00011666592398174751
14.69,0.173,3.9998,1.5876684393550947e-14,1.5877155916584638e-14,0.00011666592398174751
14.69,0.61,1.0000000000000001e-7,3.7249839013822945e-5,3.724983844078465e-5,3.725176857187346e-5
14.69,0.61,1.6426491045299075e-7,3.724903744896739e-5,3.724903687609121e-5,3.725176857187346e-5
14.69,0.61,2.698296080612907e-7,3.724790289159608e-5,3.724790231883512e-5,3.725176857187346e-5
14.69,0.61,4.432353640575351e-7,3.724629699224874e-5,3.7246296420652945e-5,3.725176857187346e-5
14.69,0.61,7.280801738650976e-7,3.7244023901383806e-5,3.724402332891182e-5,3.725176857187346e-5
14.69,0.61,1.1959802456254818e-6,3.72408063460957e-5,3.724080577697492e-5,3.725176857187346e-5
14.69,0.61,1.9645758795121526e-6,3.723625172069833e-5,3.7236251149494756e-5,3.725176857187346e-5
14.69,0.61,3.227108809261693e-6,3.722980398107382e-5,3.722980341590629e-5,3.725176857187346e-5
14.69,0.61,5.301007395754297e-6,3.7220675305494656e-5,3.722067473944321e-5,3.725176857187346e-5
14.69,0.61,8.707695051742211e-6,3.720774880077956e-5,3.7207748240619066e-5,3.725176857187346e-5
14.69,0.61,1.4303687479263852e-5,3.71894395172247e-5,3.718943896543271e-5,3.725176857187346e-5
14.69,0.61,2.3495939429288417e-5,3.716349487630646e-5,3.71634943211016e-5,3.725176857187346e-5
14.69,0.61,3.8595583863609565e-5,3.7126705865033446e-5,3.712670534605685e-5,3.725176857187346e-5
14.69,0.61,6.33990012723672e-5,3.707448435159077e-5,3.707448380571383e-5,3.725176857187346e-5
14.69,0.61,0.00010414231266814445,3.7000234656388794e-5,3.700023420570219e-5,3.725176857187346e-5
14.69,0.61,0.00017106927664800093,3.689439978179719e-5,3.6894399290396234e-5,3.725176857187346e-5
14.69,0.61,0.00028100679409841776,3.6742977560239925e-5,3.6742977243078196e-5,3.725176857187346e-5
14.69,0.61,0.00046159555869258604,3.652515063192365e-5,3.652515037972238e-5,3.725176857187346e-5
14.69,0.61,0.0007582395311413588,3.6209414430920095e-5,3.620941434608236e-5,3.725176857187346e-5
14.69,0.61,0.00124552148684853,3.5747180741854976e-5,3.5747181386997926e-5,3.725176857187346e-5
14.69,0.61,0.002045954755044497,3.5062332792785046e-5,3.506233304095434e-5,3.725176857187346e-5
14.69,0.61,0.0033607857462825456,3.403504822009707e-5,3.403505163007078e-5,3.725176857187346e-5
14.69,0.61,0.005520591696647901,3.248000845113993e-5,3.24800098504369e-5,3.725176857187346e-5
14.69,0.61,0.009068395006973916,3.0127304344284727e-5,3.0127313370666616e-5,3.725176857187346e-5
14.69,0.61,0.01489619093772919,2.663751541643612e-5,2.663752225831973e-5,3.725176857187346e-5
14.69,0.61,0.024469214704767362,2.1725818750674195e-5,2.1725831804894528e-5,3.725176857187346e-5
14.69,0.61,0.04019433362333615,1.549196860414898e-5,1.5491983085663407e-5,3.725176857187346e-5
14.69,0.61,0.06602518613354949,8.875436164059928e-6,8.875443822031e-6,3.725176857187346e-5
14.69,0.61,0.1084562128786955,3.5999269746072373e-6,3.599933750619685e-6,3.725176857187346e-5
14.69,0.61,0.17815550096589414,8.664310694175375e-7,8.664323289147486e-7,3.725176857187346e-5
14.69,0.61,0.292646974128703,9.905046396248737e-8,9.905059259971254e-8,3.725176857187346e-5
14.69,0.61,0.480716289995901,4.232682903802151e-9,4.232694010875921e-9,3.725176857187346e-5
14.69,0.61,0.789648183294706,5.548402421512505e-11,5.5484080484536135e-11,3.725176857187346e-5
14.69,0.61,1.297114881182717,2.0453890243939395e-13,2.0453947605751457e-13,3.725176857187346e-5
14.69,0.61,2.1307045980472066,2.250216575776913e-16,2.2502060546892485e-16,3.725176857187346e-5
14.69,0.61,3.5000000000000004,8.52790507692292e-20,8.52168450020811e-20,3.725176857187346e-5
14.69,0.61,3.8,1.793345389373572e-20,1.7938374308196358e-20,3.725176857187346e-5
14.69,0.61,3.98,3.2034917300908333e-21,3.2040462026593698e-21,3.725176857187346e-5
14.69,0.61,3.9998,3.0211419545755525e-22,3.0215364164725353e-22,3.725176857187346e-5
14.69,1.73,1.0000000000000001e-7,8.54012639243891e-6,8.540126431901659e-6,8.541047474906142e-6
14.69,1.73,1.6426491045299075e-7,8.53974375148347e-6,8.539743791136662e-6,8.541047474906142e-6
14.69,1.73,2.698296080612907e-7,8.539202136797098e-6,8.53920217658059e-6,8.541047474906142e-6
14.69,1.73,4.432353640575351e-7,8.538435480910522e-6,8.538435520627476e-6,8.541047474906142e-6
14.69,1.73,7.280801738650976e-7,8.537350234264123e-6,8.537350274789029e-6,8.541047474906142e-6
14.69,1.73,1.1959802456254818e-6,8.535813900983096e-6,8.535813940712739e-6,8.541047474906142e-6
14.69,1.73,1.9645758795121526e-6,8.533638751004356e-6,8.533638792906649e-6,8.541047474906142e-6
14.69,1.73,3.227108809261693e-6,8.53055862730542e-6,8.530558667701975e-6,8.541047474906142e-6
14.69,1.73,5.301007395754297e-6,8.526195806190675e-6,8.526195850137675e-6,8.541047474906142e-6
14.69,1.73,8.707695051742211e-6,8.520013392048341e-6,8.520013435620329e-6,8.541047474906142e-6
14.69,1.73,1.4303687479263852e-5,8.511246385308503e-6,8.511246431461051e-6,8.541047474906142e-6
14.69,1.73,2.3495939429288417e-5,8.498800708142331e-6,8.498800761244836e-6,8.541047474906142e-6
14.69,1.73,3.8595583863609565e-5,8.481102897773466e-6,8.481102945303624e-6,8.541047474906142e-6
14.69,1.73,6.33990012723672e-5,8.455871621849945e-6,8.455871699886589e-6,8.541047474906142e-6
14.69,1.73,0.00010414231266814445,8.419761522538237e-6,8.419761575176048e-6,8.541047474906142e-6
14.69,1.73,0.00017106927664800093,8.367793165703579e-6,8.367793305741215e-6,8.541047474906142e-6
14.69,1.73,0.00028100679409841776,8.292419879465077e-6,8.29241998558539e-6,8.541047474906142e-6
14.69,1.73,0.00046159555869258604,8.181983983363099e-6,8.181984259693563e-6,8.541047474906142e-6
14.69,1.73,0.0007582395311413588,8.018195148230375e-6,8.018195535339046e-6,8.541047474906142e-6
14.69,1.73,0.00124552148684853,7.772232477840682e-6,7.772232955056793e-6,8.541047474906142e-6
14.69,1.73,0.002045954755044497,7.399534598890312e-6,7.39953597571353e-6,8.541047474906142e-6
14.69,1.73,0.0033607857462825456,6.835404850793879e-6,6.835405460660034e-6,8.541047474906142e-6
14.69,1.73,0.005520591696647901,5.999368510691952e-6,5.999371875036232e-6,8.541047474906142e-6
14.69,1.73,0.009068395006973916,4.82705708685974e-6,4.8270582911748135e-6,8.541047474906142e-6
14.69,1.73,0.01489619093772919,3.353469411357421e-6,3.3534736078778872e-6,8.541047474906142e-6
14.69,1.73,0.024469214704767362,1.8241731474434115e-6,1.8241751902354926e-6,8.541047474906142e-6
14.69,1.73,0.04019433362333615,6.650214648024395e-7,6.650228036382108e-7,8.541047474906142e-6
14.69,1.73,0.06602518613354949,1.2785191770010366e-7,1.278523425786459e-7,8.541047474906142e-6
14.69,1.73,0.1084562128786955,9.10074018545626e-9,9.1007622608767e-9,8.541047474906142e-6
14.69,1.73,0.17815550096589414,1.4706266119395727e-10,1.4706327959258947e-10,8.541047474906142e-6
14.69,1.73,0.292646974128703,2.9269701317877156e-13,2.926983494516747e-13,8.541047474906142e-6
14.69,1.73,0.480716289995901,3.7428666324058427e-17,3.742867264959759e-17,8.541047474906142e-6
14.69,1.73,0.789648183294706,1.818450542089881e-22,1.8184630788922754e-22,8.541047474906142e-6
14.69,1.73,1.297114881182717,2.7118053434774133e-29,2.7118340764281206e-29,8.541047474906142e-6
14.69,1.73,2.1307045980472066,1.4970358754977596e-37,1.4964126404519411e-37,8.541047474906142e-6
14.69,1.73,3.5000000000000004,5.088770330678031e-47,4.916125322820949e-47,8.541047474906142e-6
14.69,1.73,3.8,1.0663855748009556e-48,9.95827401714613e-49,8.541047474906142e-6
14.69,1.73,3.98,6.269943314557746e-50,6.453446657365728e-50,8.541047474906142e-6
14.69,1.73,3.9998,5.337507375679882e-51,5.566794215109593e-51,8.541047474906142e-6
14.69,4.71,1.0000000000000001e-7,1.5911627800661738e-6,1.5911465201708756e-6,1.59163284160172e-6
14.69,4.71,1.6426491045299075e-7,1.59096747827366e-6,1.5909512025629846e-6,1.59163284160172e-6
14.69,4.71,2.698296080612907e-7,1.590691001358818e-6,1.5906747032141546e-6,1.59163284160172e-6
14.69,4.71,4.432353640575351e-7,1.5902995699630981e-6,1.590283239790857e-6,1.59163284160172e-6
14.69,4.71,7.280801738650976e-7,1.589745297368728e-6,1.5897289222538538e-6,1.59163284160172e-6
14.69,4.71,1.1959802456254818e-6,1.5889602338737075e-6,1.5889437936985717e-6,1.59163284160172e-6
14.69,4.71,1.9645758795121526e-6,1.5878478181026552e-6,1.5878312868175874e-6,1.59163284160172e-6
14.69,4.71,3.227108809261693e-6,1.5862705126147807e-6,1.5862538482594503e-6,1.59163284160172e-6
14.69,4.71,5.301007395754297e-6,1.5840317213119436e-6,1.5840148676222126e-6,1.59163284160172e-6
14.69,4.71,8.707695051742211e-6,1.5808489310206997e-6,1.5808317986296501e-6,1.59163284160172e-6
14.69,4.71,1.4303687479263852e-5,1.5763129949191984e-6,1.5762954512299516e-6,1.59163284160172e-6
14.69,4.71,2.3495939429288417e-5,1.569824859590651e-6,1.569806700094018e-6,1.59163284160172e-6
14.69,4.71,3.8595583863609565e-5,1.5604945874977927e-6,1.5604754664421009e-6,1.59163284160172e-6
14.69,4.71,6.33990012723672e-5,1.546976376187685e-6,1.5469557688660919e-6,1.59163284160172e-6
14.69,4.71,0.00010414231266814445,1.527195551855746e-6,1.5271724815893924e-6,1.59163284160172e-6
14.69,4.71,0.00017106927664800093,1.4979007596308722e-6,1.4978737474592854e-6,1.59163284160172e-6
14.69,4.71,0.00028100679409841776,1.4539637617188973e-6,1.4539301021982202e-6,1.59163284160172e-6
14.69,4.71,0.00046159555869258604,1.3874164249594155e-6,1.3873721665159696e-6,1.59163284160172e-6
14.69,4.71,0.0007582395311413588,1.2865473204133726e-6,1.286486675975366e-6,1.59163284160172e-6
14.69,4.71,0.00124552148684853,1.136367993540557e-6,1.1362844995413456e-6,1.59163284160172e-6
14.69,4.71,0.002045954755044497,9.237446022120662e-7,9.236360414172493e-7,1.59163284160172e-6
14.69,4.71,0.0033607857462825456,6.519693917910036e-7,6.51843859143434e-7,1.59163284160172e-6
14.69,4.71,0.005520591696647901,3.6257184227826087e-7,3.624581865675615e-7,1.59163284160172e-6
14.69,4.71,0.009068395006973916,1.3548350360390338e-7,1.3541365636878999e-7,1.59163284160172e-6
14.69,4.71,0.01489619093772919,2.628402944441886e-8,2.6261993932587075e-8,1.59163284160172e-6
14.69,4.71,0.024469214704767362,1.7527986097593485e-9,1.7504035522580738e-9,1.59163284160172e-6
14.69,4.71,0.04019433362333615,2.100991610623369e-11,2.096346946742262e-11,1.59163284160172e-6
14.69,4.71,0.06602518613354949,1.6758404289497383e-14,1.6698990916199687e-14,1.59163284160172e-6
14.69,4.71,0.1084562128786955,2.0637238235307673e-19,2.052104921533866e-19,1.59163284160172e-6
14.69,4.71,0.17815550096589414,5.256093810975781e-27,5.210083314416452e-27,1.59163284160172e-6
14.69,4.71,0.292646974128703,2.2959494339033585e-38,2.2654835062599344e-38,1.59163284160172e-6
14.69,4.71,0.480716289995901,1.26839963262907e-54,1.2437077880993488e-54,1.59163284160172e-6
14.69,4.71,0.789648183294706,1.1527629730862369e-76,1.1211891456196289e-76,1.59163284160172e-6
14.69,4.71,1.297114881182717,8.286429846399358e-105,7.980581721392406e-105,1.59163284160172e-6
14.69,4.71,2.1307045980472066,1.1382399447316837e-138,1.0764643541272201e-138,1.59163284160172e-6
14.69,4.71,3.5000000000000004,2.5118461165415167e-177,1.5261512504811694e-177,1.59163284160172e-6
14.69,4.71,3.8,4.0828289696677566e-184,1.2230682692110088e-184,1.59163284160172e-6
14.69,4.71,3.98,4.678163582135056e-188,6.893443259243007e-188,1.59163284160172e-6
14.69,4.71,3.9998,2.3725403091863965e-189,4.190966936951519e-189,1.59163284160172e-6
15.19,0.00113,1.0000000000000001e-7,0.0008316391428771391,0.0008316392148003299,0.0008316866052514623
15.19,0.00113,1.6426491045299075e-7,0.0008316194263015513,0.000831619498426143,0.0008316866052514623
15.19,0.00113,2.698296080612907e-7,0.000831591518835786,0.0008315915912257212,0.0008316866052514623
15.19,0.00113,4.432353640575351e-7,0.000831552017290945,0.0008315520901016897,0.0008316866052514623
15.19,0.00113,7.280801738650976e-7,0.0008314961039409607,0.0008314961772673467,0.0008316866052514623
15.19,0.00113,1.1959802456254818e-6,0.0008314169578385824,0.0008314170320163182,0.0008316866052514623
15.19,0.00113,1.9645758795121526e-6,0.0008313049202012165,0.0008313049954351901,0.0008316866052514623
15.19,0.00113,3.227108809261693e-6,0.0008311463099327639,0.0008311463868199111,0.0008316866052514623
15.19,0.00113,5.301007395754297e-6,0.0008309217399335948,0.0008309218190531903,0.0008316866052514623
15.19,0.00113,8.707695051742211e-6,0.0008306037177903992,0.0008306038000513364,0.0008316866052514623
15.19,0.00113,1.4303687479263852e-5,0.0008301532133689763,0.0008301533003784345,0.0008316866052514623
15.19,0.00113,2.3495939429288417e-5,0.0008295147193260647,0.0008295148123641695,0.0008316866052514623
15.19,0.00113,3.8595583863609565e-5,0.0008286090800327041,0.0008286091830765885,0.0008316866052514623
15.19,0.00113,6.33990012723672e-5,0.0008273229484869227,0.0008273230637613381,0.0008316866052514623
15.19,0.00113,0.00010414231266814445,0.0008254930158785662,0.0008254931518987673,0.0008316866052514623
15.19,0.00113,0.00017106927664800093,0.0008228818966720295,0.0008228820596305176,0.0008316866052514623
15.19,0.00113,0.00028100679409841776,0.00081914030057751,0.0008191405065842847,0.0008316866052514623
15.19,0.00113,0.00046159555869258604,0.0008137461569026706,0.0008137464278518984,0.0008316866052514623
15.19,0.00113,0.0007582395311413588,0.0008059047168477055,0.0008059050802750743,0.0008316866052514623
15.19,0.00113,0.00124552148684853,0.0007943838546287855,0.000794384388735857,0.0008316866052514623
15.19,0.00113,0.002045954755044497,0.0007772487397025396,0.0007772494879112784,0.0008316866052514623
15.19,0.00113,0.0033607857462825456,0.0007514652393160503,0.0007514664392875407,0.0008316866052514623
15.19,0.00113,0.005520591696647901,0.0007124124770388232,0.0007124142145110646,0.0008316866052514623
15.19,0.00113,0.009068395006973916,0.0006536058346415252,0.0006536085547333412,0.0008316866052514623
15.19,0.00113,0.01489619093772919,0.0005675748849007568,0.0005675787033884793,0.0008316866052514623
15.19,0.00113,0.024469214704767362,0.00044978511026738855,0.00044979001082393435,0.0008316866052514623
15.19,0.00113,0.04019433362333615,0.000307072252315529,0.00030707766767081366,0.0008316866052514623
15.19,0.00113,0.06602518613354949,0.0001657381528782872,0.0001657425357527996,0.0008316866052514623
15.19,0.00113,0.1084562128786955,6.283564886898464e-5,6.283809965898209e-5,0.0008316866052514623
15.19,0.00113,0.17815550096589414,1.4477349134547687e-5,1.4478125044348364e-5,0.0008316866052514623
15.19,0.00113,0.292646974128703,1.7475663623847738e-6,1.747683034434938e-6,0.0008316866052514623
15.19,0.00113,0.480716289995901,9.887478122000565e-8,9.888258308386104e-8,0.0008316866052514623
15.19,0.00113,0.789648183294706,2.535714727002959e-9,2.5359276499988684e-9,0.0008316866052514623
15.19,0.00113,1.297114881182717,3.123320452500412e-11,3.12357724715646e-11,0.0008316866052514623
15.19,0.00113,2.1307045980472066,2.0929355637513272e-13,2.0930733366603856e-13,0.0008316866052514623
15.19,0.00113,3.5000000000000004,8.091810834297279e-16,8.090873559053495e-16,0.0008316866052514623
15.19,0.00113,3.8,2.4666947446482233e-16,2.4667766931894154e-16,0.0008316866052514623
15.19,0.00113,3.98,5.3007291267759143e-17,5.300999757502884e-17,0.0008316866052514623
15.19,0.00113,3.9998,5.091778824113276e-18,5.091997774488195e-18,0.0008316866052514623
15.19,0.0037,1.0000000000000001e-7,0.0008225306067912552,0.0008225306067679828,0.000822577723224331
15.19,0.0037,1.6426491045299075e-7,0.0008225110339229941,0.0008225110338890801,0.000822577723224331
15.19,0.0037,2.698296080612907e-7,0.0008224833298627663,0.0008224833298505515,0.000822577723224331
15.19,0.0037,4.432353640575351e-7,0.000822444116222276,0.0008224441162039043,0.000822577723224331
15.19,0.0037,7.280801738650976e-7,0.000822388610380437,0.000822388610377385,0.000822577723224331
15.19,0.0037,1.1959802456254818e-6,0.0008223100410825452,0.0008223100411095906,0.000822577723224331
15.19,0.0037,1.9645758795121526e-6,0.0008221988198920733,0.0008221988198862563,0.000822577723224331
15.19,0.0037,3.227108809261693e-6,0.0008220413653064038,0.0008220413654316983,0.000822577723224331
15.19,0.0037,5.301007395754297e-6,0.0008218184312493035,0.0008218184312400418,0.000822577723224331
15.19,0.0037,8.707695051742211e-6,0.0008215027250469027,0.0008215027253407704,0.000822577723224331
15.19,0.0037,1.4303687479263852e-5,0.0008210554995859847,0.0008210554996913544,0.000822577723224331
15.19,0.0037,2.3495939429288417e-5,0.0008204216488219878,0.0008204216493348346,0.000822577723224331
15.19,0.0037,3.8595583863609565e-5,0.000819522586752829,0.0008195225873495884,0.000822577723224331
15.19,0.0037,6.33990012723672e-5,0.0008182457763505589,0.0008182457770227849,0.000822577723224331
15.19,0.0037,0.00010414231266814445,0.0008164290637338599,0.0008164290657901856,0.000822577723224331
15.19,0.0037,0.00017106927664800093,0.0008138367173446418,0.0008138367179532999,0.000822577723224331
15.19,0.0037,0.00028100679409841776,0.000810121831550009,0.0008101218375040948,0.000822577723224331
15.19,0.0037,0.00046159555869258604,0.0008047658088964133,0.000804765810399914,0.000822577723224331
15.19,0.0037,0.0007582395311413588,0.0007969790348706308,0.0007969790503053604,0.000822577723224331
15.19,0.0037,0.00124552148684853,0.0007855371308377215,0.0007855371425956523,0.000822577723224331
15.19,0.0037,0.002045954755044497,0.0007685172672484921,0.0007685172997260075,0.000822577723224331
15.19,0.0037,0.0033607857462825456,0.000742904460253085,0.0007429045203627031,0.000822577723224331
15.19,0.0037,0.005520591696647901,0.0007041091881280296,0.0007041092307456527,0.000822577723224331
15.19,0.0037,0.009068395006973916,0.0006456985651264875,0.000645698750086413,0.000822577723224331
15.19,0.0037,0.01489619093772919,0.0005602843069593572,0.0005602843407738044,0.000822577723224331
15.19,0.0037,0.024469214704767362,0.0004434446937952251,0.00044344496812411904,0.000822577723224331
15.19,0.0037,0.04019433362333615,0.00030211100203107174,0.0003021110743121647,0.000822577723224331
15.19,0.0037,0.06602518613354949,0.00016251247803097992,0.00016251257265427368,0.000822577723224331
15.19,0.0037,0.1084562128786955,6.129037806570433e-5,6.129039962630947e-5,0.000822577723224331
15.19,0.0037,0.17815550096589414,1.4010873522538426e-5,1.401087207605509e-5,0.000822577723224331
15.19,0.0037,0.292646974128703,1.6724412982947568e-6,1.6724395711625115e-6,0.000822577723224331
15.19,0.0037,0.480716289995901,9.321054462102868e-8,9.321056510723034e-8,0.000822577723224331
15.19,0.0037,0.789648183294706,2.34534512391773e-9,2.34534203328325e-9,0.000822577723224331
15.19,0.0037,1.297114881182717,2.8239368622222373e-11,2.8239383024469518e-11,0.000822577723224331
15.19,0.0037,2.1307045980472066,1.8442343002643917e-13,1.844205897664216e-13,0.000822577723224331
15.19,0.0037,3.5000000000000004,6.939483877146408e-16,6.939092838958097e-16,0.000822577723224331
15.19,0.0037,3.8,2.107119777964162e-16,2.1071517777895143e-16,0.000822577723224331
15.19,0.0037,3.98,4.519160609691059e-17,4.5189744647453726e-17,0.000822577723224331
15.19,0.0037,3.9998,4.340164179011485e-18,4.339968270976594e-18,0.000822577723224331
15.19,0.0127,1.0000000000000001e-7,0.0007916729700172466,0.0007916729696053981,0.0007917189060497922
15.19,0.0127,1.6426491045299075e-7,0.0007916538874987476,0.0007916538871045634,0.0007917189060497922
15.19,0.0127,2.698296080612907e-7,0.0007916268774870466,0.0007916268770778515,0.0007917189060497922
15.19,0.0127,4.432353640575351e-7,0.0007915886462170412,0.0007915886458369442,0.0007917189060497922
15.19,0.0127,7.280801738650976e-7,0.000791534530850867,0.0007915345304618921,0.0007917189060497922
15.19,0.0127,1.1959802456254818e-6,0.0007914579296919603,0.0007914579293221514,0.0007917189060497922
15.19,0.0127,1.9645758795121526e-6,0.0007913494943348522,0.0007913494940060185,0.0007917189060497922
15.19,0.0127,3.227108809261693e-6,0.0007911959831047314,0.0007911959827266431,0.0007917189060497922
15.19,0.0127,5.301007395754297e-6,0.0007909786311189489,0.0007909786309208444,0.0007917189060497922
15.19,0.0127,8.707695051742211e-6,0.0007906708272471438,0.0007906708268567294,0.0007917189060497922
15.19,0.0127,1.4303687479263852e-5,0.0007902347900939456,0.0007902347901208544,0.0007917189060497922
15.19,0.0127,2.3495939429288417e-5,0.0007896167829272114,0.0007896167826841456,0.0007917189060497922
15.19,0.0127,3.8595583863609565e-5,0.0007887401634512735,0.0007887401637714139,0.0007917189060497922
15.19,0.0127,6.33990012723672e-5,0.0007874951585265277,0.0007874951589678652,0.0007917189060497922
15.19,0.0127,0.00010414231266814445,0.0007857235553976133,0.0007857235559174028,0.0007917189060497922
15.19,0.0127,0.00017106927664800093,0.0007831952669522541,0.0007831952695758793,0.0007917189060497922
15.19,0.0127,0.00028100679409841776,0.0007795715263951535,0.0007795715267037194,0.0007917189060497922
15.19,0.0127,0.00046159555869258604,0.0007743455924647763,0.0007743456013340847,0.0007917189060497922
15.19,0.0127,0.0007582395311413588,0.0007667453817818323,0.000766745383194656,0.0007917189060497922
15.19,0.0127,0.00124552148684853,0.0007555729797191942,0.0007555730039879643,0.0007917189060497922
15.19,0.0127,0.002045954755044497,0.0007389465766784592,0.0007389465941487826,0.0007917189060497922
15.19,0.0127,0.0033607857462825456,0.0007139166919304374,0.0007139167404980143,0.0007917189060497922
15.19,0.0127,0.005520591696647901,0.0006760011485482333,0.0006760012371321806,0.0007917189060497922
15.19,0.0127,0.009068395006973916,0.0006189442607517098,0.0006189443119181293,0.0007917189060497922
15.19,0.0127,0.01489619093772919,0.0005356389316935778,0.0005356391572512203,0.0007917189060497922
15.19,0.0127,0.024469214704767362,0.00042204806293951364,0.0004220480887627865,0.0007917189060497922
15.19,0.0127,0.04019433362333615,0.00028542271800451296,0.0002854229243063094,0.0007917189060497922
15.19,0.0127,0.06602518613354949,0.0001517259646205656,0.00015172600306590048,0.0007917189060497922
15.19,0.0127,0.1084562128786955,5.6174987379752234e-5,5.617500081025467e-5,0.0007917189060497922
15.19,0.0127,0.17815550096589414,1.2491325770286955e-5,1.2491325221211934e-5,0.0007917189060497922
15.19,0.0127,0.292646974128703,1.4334638486421853e-6,1.4334632919363679e-6,0.0007917189060497922
15.19,0.0127,0.480716289995901,7.576781981767449e-8,7.576771643039604e-8,0.0007917189060497922
15.19,0.0127,0.789648183294706,1.7827995960187968e-9,1.7828002275988387e-9,0.0007917189060497922
15.19,0.0127,1.297114881182717,1.981592329504346e-11,1.9815887611165772e-11,0.0007917189060497922
15.19,0.0127,2.1307045980472066,1.1820258991844356e-13,1.1820273635169134e-13,0.0007917189060497922
15.19,0.0127,3.5000000000000004,4.042441170314888e-16,4.042015038038271e-16,0.0007917189060497922
15.19,0.0127,3.8,1.2105556904449146e-16,1.2105276025798122e-16,0.0007917189060497922
15.19,0.0127,3.98,2.5784172479352303e-17,2.5788527151590958e-17,0.0007917189060497922
15.19,0.0127,3.9998,2.474574177482407e-18,2.4750247830518485e-18,0.0007917189060497922
15.19,0.047,1.0000000000000001e-7,0.0006874417398522672,0.000687441742935628,0.0006874835845361688
15.19,0.047,1.6426491045299075e-7,0.0006874243569195408,0.0006874243600128747,0.0006874835845361688
15.19,0.047,2.698296080612907e-7,0.0006873997525275802,0.0006873997556096881,0.0006874835845361688
15.19,0.047,4.432353640575351e-7,0.0006873649262212806,0.0006873649293353909,0.0006874835845361688
15.19,0.047,7.280801738650976e-7,0.0006873156303402022,0.000687315633425822,0.0006874835845361688
15.19,0.047,1.1959802456254818e-6,0.0006872458508892735,0.0006872458540346905,0.0006874835845361688
15.19,0.047,1.9645758795121526e-6,0.0006871470714304804,0.000687147074551132,0.0006874835845361688
15.19,0.047,3.227108809261693e-6,0.000687007228163602,0.0006870072313400965,0.0006874835845361688
15.19,0.047,5.301007395754297e-6,0.0006868092240755795,0.000686809227308683,0.0006874835845361688
15.19,0.047,8.707695051742211e-6,0.000686528810360069,0.0006865288135402982,0.0006874835845361688
15.19,0.047,1.4303687479263852e-5,0.0006861315529810496,0.0006861315564779414,0.0006874835845361688
15.19,0.047,2.3495939429288417e-5,0.0006855684616167414,0.0006855684647781574,0.0006874835845361688
15.19,0.047,3.8595583863609565e-5,0.0006847696316730274,0.0006847696356847882,0.0006874835845361688
15.19,0.047,6.33990012723672e-5,0.0006836348715056693,0.0006836348749269076,0.0006874835845361688
15.19,0.047,0.00010414231266814445,0.0006820196326720873,0.0006820196375481017,0.0006874835845361688
15.19,0.047,0.00017106927664800093,0.0006797134022033182,0.0006797134071202849,0.0006874835845361688
15.19,0.047,0.00028100679409841776,0.0006764056480532048,0.0006764056540670384,0.0006874835845361688
15.19,0.047,0.00046159555869258604,0.0006716307851369055,0.0006716307958444937,0.0006874835845361688
15.19,0.047,0.0007582395311413588,0.0006646776468277336,0.000664677653459762,0.0006874835845361688
15.19,0.047,0.00124552148684853,0.0006544404190805762,0.0006544404487293495,0.0006874835845361688
15.19,0.047,0.002045954755044497,0.0006391803750980252,0.0006391803845679474,0.0006874835845361688
15.19,0.047,0.0033607857462825456,0.0006161771895558621,0.000616177264969725,0.0006874835845361688
15.19,0.047,0.005520591696647901,0.0005813253897889465,0.0005813254363003895,0.0006874835845361688
15.19,0.047,0.009068395006973916,0.0005289923103223616,0.0005289924389180186,0.0006874835845361688
15.19,0.047,0.01489619093772919,0.0004530570064960388,0.0004530571661487803,0.0006874835845361688
15.19,0.047,0.024469214704767362,0.0003508110309497512,0.00035081113027579414,0.0006874835845361688
15.19,0.047,0.04019433362333615,0.00023053081854477398,0.00023053100654440818,0.0006874835845361688
15.19,0.047,0.06602518613354949,0.0001170180915747712,0.00011701811985200427,0.0006874835845361688
15.19,0.047,0.1084562128786955,4.032003575766399e-5,4.032005355677174e-5,0.0006874835845361688
15.19,0.047,0.17815550096589414,8.051764132243713e-6,8.051767022358618e-6,0.0006874835845361688
15.19,0.047,0.292646974128703,7.92804218027735e-7,7.928034187933769e-7,0.0006874835845361688
15.19,0.047,0.480716289995901,3.410496700736939e-8,3.410495279866511e-8,0.0006874835845361688
15.19,0.047,0.789648183294706,6.184122015056394e-10,6.184121069154843e-10,0.0006874835845361688
15.19,0.047,1.297114881182717,5.037902756497836e-12,5.037898076888745e-12,0.0006874835845361688
15.19,0.047,2.1307045980472066,2.113555441459354e-14,2.1135468986446007e-14,0.0006874835845361688
15.19,0.047,3.5000000000000004,4.982052629107144e-17,4.981057569049916e-17,0.0006874835845361688
15.19,0.047,3.8,1.4132407164722318e-17,1.4133468838100275e-17,0.0006874835845361688
15.19,0.047,3.98,2.930201485928304e-18,2.930744404032323e-18,0.0006874835845361688
15.19,0.047,3.9998,2.804626485851656e-19,2.8051352936653966e-19,0.0006874835845361688
15.19,0.173,1.0000000000000001e-7,0.0004326286851899568,0.00043262868438687785,0.00043265965379149024
15.19,0.173,1.6426491045299075e-7,0.0004326158202871465,0.0004326158194915628,0.00043265965379149024
15.19,0.173,2.698296080612907e-7,0.0004325976107842223,0.00043259760999005825,0.00043265965379149024
15.19,0.173,4.432353640575351e-7,0.00043257183593624614,0.00043257183514231514,0.00043265965379149024
15.19,0.173,7.280801738650976e-7,0.0004325353517555704,0.00043253535098371524,0.00043265965379149024
15.19,0.173,1.1959802456254818e-6,0.0004324837065453359,0.000432483705748352,0.00043265965379149024
15.19,0.173,1.9645758795121526e-6,0.0004324105955076628,0.0004324105947789531,0.00043265965379149024
15.19,0.173,3.227108809261693e-6,0.00043230708602945086,0.0004323070852412056,0.00043265965379149024
15.19,0.173,5.301007395754297e-6,0.000432160514891658,0.00043216051422771847,0.00043265965379149024
15.19,0.173,8.707695051742211e-6,0.00043195291328394363,0.00043195291257388515,0.00043265965379149024
15.19,0.173,1.4303687479263852e-5,0.00043165874603086053,0.0004316587454319279,0.00043265965379149024
15.19,0.173,2.3495939429288417e-5,0.00043124164167217363,0.00043124164121929924,0.00043265965379149024
15.19,0.173,3.8595583863609565e-5,0.0004306496103100471,0.00043064960972022273,0.00043265965379149024
15.19,0.173,6.33990012723672e-5,0.000429807940976187,0.00042980794118788147,0.00043265965379149024
15.19,0.173,0.00010414231266814445,0.00042860843604016125,0.0004286084354194712,0.00043265965379149024
15.19,0.173,0.00017106927664800093,0.0004268926879667891,0.0004268926897427344,0.00043265965379149024
15.19,0.173,0.00028100679409841776,0.0004244254103996318,0.00042442541062222657,0.00043265965379149024
15.19,0.173,0.00046159555869258604,0.00042085092278685085,0.00042085092786787174,0.00043265965379149024
15.19,0.173,0.0007582395311413588,0.0004156212996886101,0.0004156213056228434,0.00043265965379149024
15.19,0.173,0.00124552148684853,0.0004078789316842659,0.00040787894152122966,0.00043265965379149024
15.19,0.173,0.002045954755044497,0.00039627396296024604,0.0003962739924652778,0.00043265965379149024
15.19,0.173,0.0033607857462825456,0.0003787158431274993,0.00037871585360024144,0.00043265965379149024
15.19,0.173,0.005520591696647901,0.00035214662831619797,0.00035214671773308587,0.00043265965379149024
15.19,0.173,0.009068395006973916,0.0003126776059929123,0.0003126776225806681,0.00043265965379149024
15.19,0.173,0.01489619093772919,0.00025691668889224933,0.00025691683389922516,0.00043265965379149024
15.19,0.173,0.024469214704767362,0.00018560259362475348,0.0001856026562823883,0.00043265965379149024
15.19,0.173,0.04019433362333615,0.00010882502521795991,0.00010882510099141026,0.00043265965379149024
15.19,0.173,0.06602518613354949,4.601250170400107e-5,4.6012538670757725e-5,0.00043265965379149024
15.19,0.173,0.1084562128786955,1.1935197296163834e-5,1.1935201396382688e-5,0.00043265965379149024
15.19,0.173,0.17815550096589414,1.559731552033263e-6,1.5597309933633216e-6,0.00043265965379149024
15.19,0.173,0.292646974128703,8.402184028131519e-8,8.402189256707653e-8,0.00043265965379149024
15.19,0.173,0.480716289995901,1.6072589409882367e-9,1.6072560084439203e-9,0.00043265965379149024
15.19,0.173,0.789648183294706,1.0462312999990017e-11,1.046231954804344e-11,0.00043265965379149024
15.19,0.173,1.297114881182717,2.5139254565307257e-14,2.5139228787252176e-14,0.00043265965379149024
15.19,0.173,2.1307045980472066,2.646541229700394e-17,2.6465333355482323e-17,0.00043265965379149024
15.19,0.173,3.5000000000000004,1.4289455680275737e-20,1.428519784372453e-20,0.00043265965379149024
15.19,0.173,3.8,3.2604903484276532e-21,3.2586414952076205e-21,0.00043265965379149024
15.19,0.173,3.98,6.074952505616335e-22,6.077462783302465e-22,0.00043265965379149024
15.19,0.173,3.9998,5.753374169070342e-23,5.756575212559959e-23,0.00043265965379149024
15.19,0.61,1.0000000000000001e-7,0.0001393541359112308,0.00013935413376516413,0.0001393696889393561
15.19,0.61,1.6426491045299075e-7,0.00013934767477267378,0.0001393476726330567,0.0001393696889393561
15.19,0.61,2.698296080612907e-7,0.00013933852923796202,0.0001393385270965487,0.0001393696889393561
15.19,0.61,4.432353640575351e-7,0.00013932558367689538,0.00013932558154292757,0.0001393696889393561
15.19,0.61,7.280801738650976e-7,0.00013930725835297527,0.00013930725622493846,0.0001393696889393561
15.19,0.61,1.1959802456254818e-6,0.0001392813157724806,0.0001392813136441953,0.0001393696889393561
15.19,0.61,1.9645758795121526e-6,0.00013924458549373133,0.000139244583396101,0.0001393696889393561
15.19,0.61,3.227108809261693e-6,0.0001391925721416367,0.0001391925700209595,0.0001393696889393561
15.19,0.61,5.301007395754297e-6,0.00013911889501291763,0.00013911889297374763,0.0001393696889393561
15.19,0.61,8.707695051742211e-6,0.00013901448242893645,0.00013901448034644022,0.0001393696889393561
15.19,0.61,1.4303687479263852e-5,0.0001388664038014124,0.00013886640185940973,0.0001393696889393561
15.19,0.61,2.3495939429288417e-5,0.00013865615596802503,0.00013865615403425957,0.0001393696889393561
15.19,0.61,3.8595583863609565e-5,0.0001383571066410215,0.00013835710483953796,0.0001393696889393561
15.19,0.61,6.33990012723672e-5,0.0001379305974623434,0.00013793059599101403,0.0001393696889393561
15.19,0.61,0.00010414231266814445,0.0001373198511011165,0.00013731984948837792,0.0001393696889393561
15.19,0.61,0.00017106927664800093,0.0001364401919419944,0.00013644019182881394,0.0001393696889393561
15.19,0.61,0.00028100679409841776,0.0001351630106497094,0.00013516300957283387,0.0001393696889393561
15.19,0.61,0.00046159555869258604,0.00013328925326717256,0.0001332892568676071,0.0001393696889393561
15.19,0.61,0.0007582395311413588,0.000130506325538368,0.00013050632792488732,0.0001393696889393561
15.19,0.61,0.00124552148684853,0.0001263223142971436,0.00012632232587817037,0.0001393696889393561
15.19,0.61,0.002045954755044497,0.00011998084264595937,0.00011998086015447758,0.0001393696889393561
15.19,0.61,0.0033607857462825456,0.00011039835740457604,0.00011039837864657917,0.0001393696889393561
15.19,0.61,0.005520591696647901,9.626860534430651e-5,9.62686594938557e-5,0.0001393696889393561
15.19,0.61,0.009068395006973916,7.665572714647833e-5,7.665575170420694e-5,0.0001393696889393561
15.19,0.61,0.01489619093772919,5.24237765096525e-5,5.2423853052903356e-5,0.0001393696889393561
15.19,0.61,0.024469214704767362,2.7917687477299464e-5,2.791771183955289e-5,0.0001393696889393561
15.19,0.61,0.04019433362333615,9.957366217131047e-6,9.957391372903388e-6,0.0001393696889393561
15.19,0.61,0.06602518613354949,1.9085642745571614e-6,1.908568966546738e-6,0.0001393696889393561
15.19,0.61,0.1084562128786955,1.4584557408720388e-7,1.458459687813754e-7,0.0001393696889393561
15.19,0.61,0.17815550096589414,3.09547728797283e-9,3.095485405361081e-9,0.0001393696889393561
15.19,0.61,0.292646974128703,1.2666348224843535e-11,1.2666404323534769e-11,0.0001393696889393561
15.19,0.61,0.480716289995901,7.652624158235099e-15,7.652639745543353e-15,0.0001393696889393561
15.19,0.61,0.789648183294706,6.372434346252627e-19,6.37248735084336e-19,0.0001393696889393561
15.19,0.61,1.297114881182717,8.563673593989242e-24,8.563745574994506e-24,0.0001393696889393561
15.19,0.61,2.1307045980472066,2.556061515113733e-29,2.5559821555206225e-29,0.0001393696889393561
15.19,0.61,3.5000000000000004,2.44402653321464e-35,2.418467760580741e-35,0.0001393696889393561
15.19,0.61,3.8,2.077621315590103e-36,2.0623978405418254e-36,0.0001393696889393561
15.19,0.61,3.98,2.4117595170919237e-37,2.4456925971111173e-37,0.0001393696889393561
15.19,0.61,3.9998,2.1833973652842068e-38,2.2191644261720074e-38,0.0001393696889393561
15.19,1.73,1.0000000000000001e-7,3.2155394544441924e-5,3.2155394692347266e-5,3.216281902976786e-5
15.19,1.73,1.6426491045299075e-7,3.215230996811987e-5,3.215231011439812e-5,3.216281902976786e-5
15.19,1.73,2.698296080612907e-7,3.2147943525585965e-5,3.214794367567615e-5,3.216281902976786e-5
15.19,1.73,4.432353640575351e-7,3.214176205793522e-5,3.2141762206948954e-5,3.216281902976786e-5
15.19,1.73,7.280801738650976e-7,3.2133010075755286e-5,3.213301022823822e-5,3.216281902976786e-5
15.19,1.73,1.1959802456254818e-6,3.212061631503507e-5,3.212061647214138e-5,3.216281902976786e-5
15.19,1.73,1.9645758795121526e-6,3.210306010945252e-5,3.2103060263237936e-5,3.216281902976786e-5
15.19,1.73,3.227108809261693e-6,3.207817920026034e-5,3.2078179376101985e-5,3.216281902976786e-5
15.19,1.73,5.301007395754297e-6,3.2042890946077605e-5,3.2042891101789846e-5,3.216281902976786e-5
15.19,1.73,8.707695051742211e-6,3.1992782895994556e-5,3.199278310958356e-5,3.216281902976786e-5
15.19,1.73,1.4303687479263852e-5,3.1921501228584586e-5,3.1921501410201114e-5,3.216281902976786e-5
15.19,1.73,2.3495939429288417e-5,3.1819817084284145e-5,3.181981736720496e-5,3.216281902976786e-5
15.19,1.73,3.8595583863609565e-5,3.167416409088742e-5,3.1674164399216485e-5,3.216281902976786e-5
15.19,1.73,6.33990012723672e-5,3.1464286619796855e-5,3.146428701422148e-5,3.216281902976786e-5
15.19,1.73,0.00010414231266814445,3.1159377459112676e-5,3.1159378254598695e-5,3.216281902976786e-5
15.19,1.73,0.00017106927664800093,3.0711687306179585e-5,3.0711687841935744e-5,3.216281902976786e-5
15.19,1.73,0.00028100679409841776,3.004614403284782e-5,3.0046146408801105e-5,3.216281902976786e-5
15.19,1.73,0.00046159555869258604,2.9044567456250935e-5,2.904456854078622e-5,3.216281902976786e-5
15.19,1.73,0.0007582395311413588,2.7525478877318833e-5,2.7525484936437355e-5,3.216281902976786e-5
15.19,1.73,0.00124552148684853,2.523016347568393e-5,2.5230168024242e-5,3.216281902976786e-5
15.19,1.73,0.002045954755044497,2.1851237725723677e-5,2.1851247948427416e-5,3.216281902976786e-5
15.19,1.73,0.0033607857462825456,1.718318319500164e-5,1.7183196223997023e-5,3.216281902976786e-5
15.19,1.73,0.005520591696647901,1.1476900126692414e-5,1.1476908441517323e-5,3.216281902976786e-5
15.19,1.73,0.009068395006973916,5.835539189545594e-6,5.835552887321513e-6,3.216281902976786e-5
15.19,1.73,0.01489619093772919,1.8944101843264015e-6,1.894412191721584e-6,3.216281902976786e-5
15.19,1.73,0.024469214704767362,2.979578844068327e-7,2.979594353997055e-7,3.216281902976786e-5
15.19,1.73,0.04019433362333615,1.4923607293727702e-8,1.49236544803185e-8,3.216281902976786e-5
15.19,1.73,0.06602518613354949,1.2944993761352047e-10,1.2945079923944142e-10,3.216281902976786e-5
15.19,1.73,0.1084562128786955,8.550138552602223e-14,8.550194656789845e-14,3.216281902976786e-5
15.19,1.73,0.17815550096589414,1.602007767076371e-18,1.6020167080818522e-18,3.216281902976786e-5
15.19,1.73,0.292646974128703,3.1812470921852474e-25,3.1812561865878246e-25,3.216281902976786e-5
15.19,1.73,0.480716289995901,3.3258117855877877e-34,3.3258592778596596e-34,3.216281902976786e-5
15.19,1.73,0.789648183294706,1.5760652467991945e-45,1.5760825817197106e-45,3.216281902976786e-5
15.19,1.73,1.297114881182717,5.382676487408759e-59,5.382805235982359e-59,3.216281902976786e-5
15.19,1.73,2.1307045980472066,3.2191467319867008e-74,3.2184869404198415e-74,3.216281902976786e-5
15.19,1.73,3.5000000000000004,9.297232107992103e-91,9.408215438930541e-91,3.216281902976786e-5
15.19,1.73,3.8,1.3415486715124419e-93,1.3245692911545724e-93,3.216281902976786e-5
15.19,1.73,3.98,2.0886193789921235e-95,2.2747554660551877e-95,3.216281902976786e-5
15.19,1.73,3.9998,1.5877848171148985e-96,1.7369314267322052e-96,3.216281902976786e-5
15.19,4.71,1.0000000000000001e-7,6.0065176406568584e-6,6.0064555904969916e-6,6.010307073847621e-6
15.19,4.71,1.6426491045299075e-7,6.00494267459682e-6,6.004880495276594e-6,6.010307073847621e-6
15.19,4.71,2.698296080612907e-7,6.0027124137075226e-6,6.002650053811038e-6,6.010307073847621e-6
15.19,4.71,4.432353640575351e-7,5.999553310994776e-6,5.9994906910219425e-6,6.010307073847621e-6
15.19,4.71,7.280801738650976e-7,5.995076502826547e-6,5.995013513084786e-6,6.010307073847621e-6
15.19,4.71,1.1959802456254818e-6,5.988727815556999e-6,5.988664295956678e-6,6.010307073847621e-6
15.19,4.71,1.9645758795121526e-6,5.979714472726973e-6,5.979650179507864e-6,6.010307073847621e-6
15.19,4.71,3.227108809261693e-6,5.966895870321016e-6,5.966830463702202e-6,6.010307073847621e-6
15.19,4.71,5.301007395754297e-6,5.948617300122654e-6,5.948550208954445e-6,6.010307073847621e-6
15.19,4.71,8.707695051742211e-6,5.922450320002758e-6,5.922380738646401e-6,6.010307073847621e-6
15.19,4.71,1.4303687479263852e-5,5.884776468728277e-6,5.884702957202237e-6,6.010307073847621e-6
15.19,4.71,2.3495939429288417e-5,5.830104809688791e-6,5.830025165674294e-6,6.010307073847621e-6
15.19,4.71,3.8595583863609565e-5,5.749942099211255e-6,5.749852423256333e-6,6.010307073847621e-6
15.19,4.71,6.33990012723672e-5,5.630948617231047e-6,5.630842400869188e-6,6.010307073847621e-6
15.19,4.71,0.00010414231266814445,5.452097470972499e-6,5.4519643234921184e-6,6.010307073847621e-6
15.19,4.71,0.00017106927664800093,5.180917737656595e-6,5.180740326104246e-6,6.010307073847621e-6
15.19,4.71,0.00028100679409841776,4.7704742086079316e-6,4.770231608135149e-6,6.010307073847621e-6
15.19,4.71,0.00046159555869258604,4.163113120519092e-6,4.1627797564484896e-6,6.010307073847621e-6
15.19,4.71,0.0007582395311413588,3.3150302229642375e-6,3.314604622936823e-6,6.010307073847621e-6
15.19,4.71,0.00124552148684853,2.2588312133362597e-6,2.258356314047415e-6,6.010307073847621e-6
15.19,4.71,0.002045954755044497,1.1835244829459643e-6,1.183117354043528e-6,6.010307073847621e-6
15.19,4.71,0.0033607857462825456,4.000322287843617e-7,3.998070180020219e-7,6.010307073847621e-6
15.19,4.71,0.005520591696647901,6.556184005423519e-8,6.550134110142059e-8,6.010307073847621e-6
15.19,4.71,0.009068395006973916,3.289874805307165e-9,3.2849441599548983e-9,6.010307073847621e-6
15.19,4.71,0.01489619093772919,2.431413702434333e-11,2.4254676321002864e-11,6.010307073847621e-6
15.19,4.71,0.024469214704767362,8.430823072019129e-15,8.397661532517721e-15,6.010307073847621e-6
15.19,4.71,0.04019433362333615,2.416701610984735e-20,2.401453216883802e-20,6.010307073847621e-6
15.19,4.71,0.06602518613354949,4.6467822069862754e-29,4.6005919734077985e-29,6.010307073847621e-6
15.19,4.71,0.1084562128786955,2.0682356068966735e-42,2.0364823484847198e-42,6.010307073847621e-6
15.19,4.71,0.17815550096589414,3.903219016445932e-62,3.8133099256292198e-62,6.010307073847621e-6
15.19,4.71,0.292646974128703,6.251177998929552e-90,6.0427941855887685e-90,6.010307073847621e-6
15.19,4.71,0.480716289995901,5.899961671129792e-127,5.627310320690268e-127,6.010307073847621e-6
15.19,4.71,0.789648183294706,2.2083621122607923e-173,2.0722840113376477e-173,6.010307073847621e-6
15.19,4.71,1.297114881182717,2.5297482716360643e-228,2.3696951664530433e-228,6.010307073847621e-6
15.19,4.71,2.1307045980472066,3.4392170855003024e-290,1.9114020002929918e-289,6.010307073847621e-6
15.19,4.71,3.5000000000000004,0.0,6.149906496787132e-300,6.010307073847621e-6
15.19,4.71,3.8,0.0,2.019709268737096e-300,6.010307073847621e-6
15.19,4.71,3.98,0.0,5.659928584163817e-301,6.010307073847621e-6
15.19,4.71,3.9998,0.0,5.624558228387698e-302,6.010307073847621e-6
15.67,0.00113,1.0000000000000001e-7,0.0029334203423467247,0.002933431165122596,0.002933772269796228
15.67,0.00113,1.6426491045299075e-7,0.0029332741415435295,0.002933284932241269,0.002933772269796228
15.67,0.00113,2.698296080612907e-7,0.0029330671978840313,0.002933077943188438,0.002933772269796228
15.67,0.00113,4.432353640575351e-7,0.0029327742653157576,0.0029327849464491802,0.002933772269796228
15.67,0.00113,7.280801738650976e-7,0.002932359593494723,0.0029323701833246247,0.002933772269796228
15.67,0.00113,1.1959802456254818e-6,0.0029317725424702836,0.0029317830036536823,0.002933772269796228
15.67,0.00113,1.9645758795121526e-6,0.0029309413479324236,0.0029309516253556373,0.002933772269796228
15.67,0.00113,3.227108809261693e-6,0.002929764233824825,0.002929774251990743,0.002933772269796228
15.67,0.00113,5.301007395754297e-6,0.002928096692308788,0.0029281063394254237,0.002933772269796228
15.67,0.00113,8.707695051742211e-6,0.002925733165790356,0.0029257422850662335,0.002933772269796228
15.67,0.00113,1.4303687479263852e-5,0.002922380425507911,0.0029223887868945666,0.002933772269796228
15.67,0.00113,2.3495939429288417e-5,0.0029176183743031305,0.0029176256394867956,0.002933772269796228
15.67,0.00113,3.8595583863609565e-5,0.0029108412984269675,0.0029108469721001364,0.002933772269796228
15.67,0.00113,6.33990012723672e-5,0.002901167810375579,0.002901171116211088,0.002933772269796228
15.67,0.00113,0.00010414231266814445,0.002887299180477682,0.00288729895487577,0.002933772269796228
15.67,0.00113,0.00017106927664800093,0.002867290719961909,0.0028672850208380095,0.002933772269796228
15.67,0.00113,0.00028100679409841776,0.002838175822213053,0.0028381615872347978,0.002933772269796228
15.67,0.00113,0.00046159555869258604,0.0027953457480574422,0.002795317731050946,0.002933772269796228
15.67,0.00113,0.0007582395311413588,0.0027315526679329155,0.002731502296334256,0.002933772269796228
15.67,0.00113,0.00124552148684853,0.0026354312944689945,0.0026353447443905604,0.002933772269796228
15.67,0.00113,0.002045954755044497,0.002489726602922592,0.0024895826810826943,0.002933772269796228
15.67,0.00113,0.0033607857462825456,0.0022704566267460866,0.002270229011499863,0.002933772269796228
15.67,0.00113,0.005520591696647901,0.0019507590065571713,0.0019504222511903307,0.002933772269796228
15.67,0.00113,0.009068395006973916,0.0015167124993489866,0.0015162711866931722,0.002933772269796228
15.67,0.00113,0.01489619093772919,0.0010000214544811843,0.000999539168249516,0.002933772269796228
15.67,0.00113,0.024469214704767362,0.0005059135560582487,0.0005055197261225093,0.002933772269796228
15.67,0.00113,0.04019433362333615,0.000169833036137631,0.00016962555674044537,0.002933772269796228
15.67,0.00113,0.06602518613354949,3.116125338050334e-5,3.110355581914332e-5,0.002933772269796228
15.67,0.00113,0.1084562128786955,2.4869313654082187e-6,2.4802398279158346e-6,0.002933772269796228
15.67,0.00113,0.17815550096589414,6.927137535000472e-8,6.901340980692523e-8,0.002933772269796228
15.67,0.00113,0.292646974128703,5.81931881403236e-10,5.790756785536965e-10,0.002933772269796228
15.67,0.00113,0.480716289995901,1.4514887008440738e-12,1.4425353191118194e-12,0.002933772269796228
15.67,0.00113,0.789648183294706,1.2129683817695507e-15,1.2039214880857326e-15,0.002933772269796228
15.67,0.00113,1.297114881182717,4.183359302555514e-19,4.146792876743634e-19,0.002933772269796228
15.67,0.00113,2.1307045980472066,7.485239660984111e-23,7.410468518098019e-23,0.002933772269796228
15.67,0.00113,3.5000000000000004,8.261883999035056e-27,8.164381039343664e-27,0.002933772269796228
15.67,0.00113,3.8,1.5134249938636294e-27,1.4976555876818224e-27,0.002933772269796228
15.67,0.00113,3.98,2.539425108520748e-28,2.5122246171792095e-28,0.002933772269796228
15.67,0.00113,3.9998,2.3807044458789068e-29,2.3549910519395673e-29,0.002933772269796228
15.67,0.0037,1.0000000000000001e-7,0.002901523955347863,0.0029015343748318907,0.0029018733177139312
15.67,0.0037,1.6426491045299075e-7,0.00290137882011696,0.0029013892149320265,0.0029018733177139312
15.67,0.0037,2.698296080612907e-7,0.0029011733847004134,0.002901183744317999,0.0029018733177139312
15.67,0.0037,4.432353640575351e-7,0.0029008825869663865,0.002900892897003737,0.0029018733177139312
15.67,0.0037,7.280801738650976e-7,0.0029004709369356715,0.0029004811765512184,0.0029018733177139312
15.67,0.0037,1.1959802456254818e-6,0.0028998881632773484,0.0028998983029764544,0.0029018733177139312
15.67,0.0037,1.9645758795121526e-6,0.0028990630236536094,0.002899073022154113,0.0029018733177139312
15.67,0.0037,3.227108809261693e-6,0.002897894481330764,0.002897904277868016,0.0029018733177139312
15.67,0.0037,5.301007395754297e-6,0.0028962390761088446,0.002896248587611242,0.0029018733177139312
15.67,0.0037,8.707695051742211e-6,0.0028938927359793342,0.0028939018367549357,0.0029018733177139312
15.67,0.0037,1.4303687479263852e-5,0.002890564341198407,0.002890572857590827,0.0029018733177139312
15.67,0.0037,2.3495939429288417e-5,0.0028858367941669277,0.0028858444609798717,0.0029018733177139312
15.67,0.0037,3.8595583863609565e-5,0.0028791086596820447,0.0028791150907373072,0.0029018733177139312
15.67,0.0037,6.33990012723672e-5,0.0028695046810197833,0.0028695092842560455,0.0029018733177139312
15.67,0.0037,0.00010414231266814445,0.0028557349754791757,0.002855736813279722,0.0029018733177139312
15.67,0.0037,0.00017106927664800093,0.0028358677571677197,0.0028358653727354206,0.0029018733177139312
15.67,0.0037,0.00028100679409841776,0.002806955530813789,0.002806946417184755,0.0029018733177139312
15.67,0.0037,0.00046159555869258604,0.002764418474366574,0.0027643986785338037,0.0029018733177139312
15.67,0.0037,0.0007582395311413588,0.0027010537144391633,0.0027010162895089234,0.0029018733177139312
15.67,0.0037,0.00124552148684853,0.0026055679941583117,0.0026055022356067225,0.0029018733177139312
15.67,0.0037,0.002045954755044497,0.00246082469287502,0.0024607139462264984,0.0029018733177139312
15.67,0.0037,0.0033607857462825456,0.0022430375747062013,0.0022428605219279294,0.0029018733177139312
15.67,0.0037,0.005520591696647901,0.0019256538881045513,0.0019253918875114138,0.0029018733177139312
15.67,0.0037,0.009068395006973916,0.0014951689061839908,0.0014948231759619453,0.0029018733177139312
15.67,0.0037,0.01489619093772919,0.0009836033288888493,0.0009832266742438194,0.0029018733177139312
15.67,0.0037,0.024469214704767362,0.0004957895220523972,0.000495481321649569,0.0029018733177139312
15.67,0.0037,0.04019433362333615,0.00016547056115286837,0.0001653086147894725,0.0029018733177139312
15.67,0.0037,0.06602518613354949,3.009108377670085e-5,3.0046174770663487e-5,0.0029018733177139312
15.67,0.0037,0.1084562128786955,2.3701130048937855e-6,2.364928968932461e-6,0.0029018733177139312
15.67,0.0037,0.17815550096589414,6.480911008964626e-8,6.461062866640654e-8,0.0029018733177139312
15.67,0.0037,0.292646974128703,5.312881446156808e-10,5.291170920308837e-10,0.0029018733177139312
15.67,0.0037,0.480716289995901,1.2853871652200881e-12,1.2786826483524792e-12,0.0029018733177139312
15.67,0.0037,0.789648183294706,1.0363251552805169e-15,1.0296927672991567e-15,0.0029018733177139312
15.67,0.0037,1.297114881182717,3.433356257205117e-19,3.4072361533573965e-19,0.0029018733177139312
15.67,0.0037,2.1307045980472066,5.88247165737573e-23,5.830837245462892e-23,0.0029018733177139312
15.67,0.0037,3.5000000000000004,6.2059657802871595e-27,6.1405076940690244e-27,0.0029018733177139312
15.67,0.0037,3.8,1.1291199612452335e-27,1.1180831720840427e-27,0.0029018733177139312
15.67,0.0037,3.98,1.8884117102396553e-28,1.874829221761136e-28,0.0029018733177139312
15.67,0.0037,3.9998,1.7698222460544706e-29,1.7575215183233498e-29,0.0029018733177139312
15.67,0.0127,1.0000000000000001e-7,0.0027934400328255785,0.0027934498844756194,0.0027937806427635464
15.67,0.0127,1.6426491045299075e-7,0.00279329853347851,0.002793308362110037,0.0027937806427635464
15.67,0.0127,2.698296080612907e-7,0.0027930982444011408,0.0027931080407404296,0.0027937806427635464
15.67,0.0127,4.432353640575351e-7,0.002792814731025412,0.002792824481213537,0.0027937806427635464
15.67,0.0127,7.280801738650976e-7,0.0027924133917748566,0.002792423077076053,0.0027937806427635464
15.67,0.0127,1.1959802456254818e-6,0.002791845213104131,0.0027918548059485565,0.0027937806427635464
15.67,0.0127,1.9645758795121526e-6,0.0027910407337254604,0.0027910501956209094,0.0027937806427635464
15.67,0.0127,3.227108809261693e-6,0.0027899014395951862,0.002789910715729287,0.0027937806427635464
15.67,0.0127,5.301007395754297e-6,0.0027882874452446536,0.0027882964555444663,0.0027937806427635464
15.67,0.0127,8.707695051742211e-6,0.0027859997477883095,0.0027860083813160104,0.0027937806427635464
15.67,0.0127,1.4303687479263852e-5,0.002782754423978892,0.002782762511576151,0.0027937806427635464
15.67,0.0127,2.3495939429288417e-5,0.0027781446116924395,0.0027781519180038517,0.0027937806427635464
15.67,0.0127,3.8595583863609565e-5,0.0027715834760775587,0.0027715896313601006,0.0027937806427635464
15.67,0.0127,6.33990012723672e-5,0.0027622166827772103,0.0027622211442314515,0.0027937806427635464
15.67,0.0127,0.00010414231266814445,0.0027487845442078045,0.0027487864431340716,0.0027937806427635464
15.67,0.0127,0.00017106927664800093,0.0027293993204799212,0.0027293972627755103,0.0027937806427635464
15.67,0.0127,0.00028100679409841776,0.0027011787746338287,0.002701170509574019,0.0027937806427635464
15.67,0.0127,0.00046159555869258604,0.0026596418695620763,0.002659623493405343,0.0027937806427635464
15.67,0.0127,0.0007582395311413588,0.0025977394047384523,0.0025977047672153166,0.0027937806427635464
15.67,0.0127,0.00124552148684853,0.002504424539602655,0.0025043630817060195,0.0027937806427635464
15.67,0.0127,0.002045954755044497,0.0023629660447795444,0.0023628628963707383,0.0027937806427635464
15.67,0.0127,0.0033607857462825456,0.002150248121631298,0.002150083030007701,0.0027937806427635464
15.67,0.0127,0.005520591696647901,0.0018407776351713782,0.001840533666180456,0.0027937806427635464
15.67,0.0127,0.009068395006973916,0.0014224689213574197,0.001422149409757323,0.0027937806427635464
15.67,0.0127,0.01489619093772919,0.000928395362085039,0.0009280486597651118,0.0027937806427635464
15.67,0.0127,0.024469214704767362,0.00046196723461336403,0.0004616880870463585,0.0027937806427635464
15.67,0.0127,0.04019433362333615,0.00015106065925328101,0.00015091657520845342,0.0027937806427635464
15.67,0.0127,0.06602518613354949,2.6620832496106823e-5,2.6582098997609756e-5,0.0027937806427635464
15.67,0.0127,0.1084562128786955,2.0018057615603352e-6,1.997532826658807e-6,0.0027937806427635464
15.67,0.0127,0.17815550096589414,5.129125139913797e-8,5.1137572276868786e-8,0.0027937806427635464
15.67,0.0127,0.292646974128703,3.857766215311026e-10,3.842299176411578e-10,0.0027937806427635464
15.67,0.0127,0.480716289995901,8.383789782398801e-13,8.340779099450117e-13,0.0027937806427635464
15.67,0.0127,0.789648183294706,5.957743934768127e-16,5.920112314377218e-16,0.0027937806427635464
15.67,0.0127,1.297114881182717,1.7134493932336192e-19,1.7005497110335501e-19,0.0027937806427635464
15.67,0.0127,2.1307045980472066,2.5199918526544263e-23,2.498017388386549e-23,0.0027937806427635464
15.67,0.0127,3.5000000000000004,2.2675398878578884e-27,2.246973892774141e-27,0.0027937806427635464
15.67,0.0127,3.8,4.0279155511897784e-28,3.987452399988873e-28,0.0027937806427635464
15.67,0.0127,3.98,6.659483655575282e-29,6.593821226475892e-29,0.0027937806427635464
15.67,0.0127,3.9998,6.2343453994053075e-30,6.173629638293019e-30,0.0027937806427635464
15.67,0.047,1.0000000000000001e-7,0.0024280413489336005,0.002428049361964516,0.002428351622358119
15.67,0.047,1.6426491045299075e-7,0.002427912451810275,0.0024279204441146948,0.002428351622358119
15.67,0.047,2.698296080612907e-7,0.002427730000301757,0.0024277379633664696,0.002428351622358119
15.67,0.047,4.432353640575351e-7,0.0024274717350243964,0.0024274796563915,0.002428351622358119
15.67,0.047,7.280801738650976e-7,0.00242710613367955,0.0024271139964840358,0.002428351622358119
15.67,0.047,1.1959802456254818e-6,0.0024265885423245493,0.0024265963213194294,0.002428351622358119
15.67,0.047,1.9645758795121526e-6,0.0024258556729895666,0.002425863334088874,0.002428351622358119
15.67,0.047,3.227108809261693e-6,0.002424817755632516,0.002424825248075774,0.002428351622358119
15.67,0.047,5.301007395754297e-6,0.002423347295496928,0.0024233545485831255,0.002428351622358119
15.67,0.047,8.707695051742211e-6,0.002421262860714956,0.002421269771653257,0.002428351622358119
15.67,0.047,1.4303687479263852e-5,0.002418305474248872,0.0024183118919352564,0.002428351622358119
15.67,0.047,2.3495939429288417e-5,0.0024141037573449614,0.0024141094660072335,0.002428351622358119
15.67,0.047,3.8595583863609565e-5,0.002408121496976582,0.0024081261585070135,0.002428351622358119
15.67,0.047,6.33990012723672e-5,0.0023995769166198586,0.0023995800410265356,0.002428351622358119
15.67,0.047,0.00010414231266814445,0.002387315084638448,0.0023873158587025063,0.002428351622358119
15.67,0.047,0.00017106927664800093,0.0023696011691296264,0.0023695983411987113,0.002428351622358119
15.67,0.047,0.00028100679409841776,0.002343779719371926,0.002343771155072493,0.002428351622358119
15.67,0.047,0.00046159555869258604,0.002305713556174465,0.0023056957348997157,0.002428351622358119
15.67,0.047,0.0007582395311413588,0.0022488896474335105,0.0022488567768457752,0.002428351622358119
15.67,0.047,0.00124552148684853,0.0021631234728189275,0.002163065960822882,0.002428351622358119
15.67,0.047,0.002045954755044497,0.0020331067990588276,0.002033011216859089,0.002428351622358119
15.67,0.047,0.0033607857462825456,0.0018380809907181418,0.001837929251223958,0.002428351622358119
15.67,0.047,0.005520591696647901,0.0015562661501633923,0.0015560455708420922,0.002428351622358119
15.67,0.047,0.009068395006973916,0.0011804627642455713,0.0011801791254818922,0.002428351622358119
15.67,0.047,0.01489619093772919,0.0007470357474219218,0.0007467386242335261,0.002428351622358119
15.67,0.047,0.024469214704767362,0.00035352568460674547,0.0003532981614310756,0.002428351622358119
15.67,0.047,0.04019433362333615,0.00010675772661591465,0.0001066494509808969,0.002428351622358119
15.67,0.047,0.06602518613354949,1.664942706688087e-5,1.6623682344670326e-5,0.002428351622358119
15.67,0.047,0.1084562128786955,1.0455401061146611e-6,1.0431692822306066e-6,0.002428351622358119
15.67,0.047,0.17815550096589414,2.080585652892036e-8,2.0739624680324957e-8,0.002428351622358119
15.67,0.047,0.292646974128703,1.1198203360359256e-10,1.1150531639115274e-10,0.002428351622358119
15.67,0.047,0.480716289995901,1.6040391983113346e-13,1.5952970918987253e-13,0.002428351622358119
15.67,0.047,0.789648183294706,6.980876500081909e-17,6.934037538463236e-17,0.002428351622358119
15.67,0.047,1.297114881182717,1.1590252205520568e-20,1.1497531492111742e-20,0.002428351622358119
15.67,0.047,2.1307045980472066,9.420673741135771e-25,9.333352733622924e-25,0.002428351622358119
15.67,0.047,3.5000000000000004,4.5670176406375215e-29,4.521288859229635e-29,0.002428351622358119
15.67,0.047,3.8,7.387431305635353e-30,7.300522071973069e-30,0.002428351622358119
15.67,0.047,3.98,1.1677994329414337e-30,1.1568590783747016e-30,0.002428351622358119
15.67,0.047,3.9998,1.0885370910479087e-31,1.0788434201724734e-31,0.002428351622358119
15.67,0.173,1.0000000000000001e-7,0.0015324601510921508,0.0015324641602227798,0.0015326897805874322
15.67,0.173,1.6426491045299075e-7,0.001532364754620811,0.001532368748520213,0.0015326897805874322
15.67,0.173,2.698296080612907e-7,0.0015322297209563157,0.001532233693410874,0.0015326897805874322
15.67,0.173,4.432353640575351e-7,0.0015320385730505906,0.0015320425150443997,0.0015326897805874322
15.67,0.173,7.280801738650976e-7,0.0015317679743296288,0.0015317718731113626,0.0015326897805874322
15.67,0.173,1.1959802456254818e-6,0.0015313848601486305,0.0015313886979023879,0.0015326897805874322
15.67,0.173,1.9645758795121526e-6,0.0015308423534427552,0.0015308461039087804,0.0015326897805874322
15.67,0.173,3.227108809261693e-6,0.0015300739292474447,0.0015300775566953516,0.0015326897805874322
15.67,0.173,5.301007395754297e-6,0.0015289850332894765,0.0015289884835806922,0.0015326897805874322
15.67,0.173,8.707695051742211e-6,0.0015274409485418398,0.001527444147372059,0.0015326897805874322
15.67,0.173,1.4303687479263852e-5,0.0015252490276598653,0.0015252518617560717,0.0015326897805874322
15.67,0.173,2.3495939429288417e-5,0.001522132257386002,0.0015221345630680777,0.0015326897805874322
15.67,0.173,3.8595583863609565e-5,0.0015176890987600293,0.0015176906268964195,0.0015326897805874322
15.67,0.173,6.33990012723672e-5,0.0015113309369184226,0.0015113312960745606,0.0015326897805874322
15.67,0.173,0.00010414231266814445,0.0015021820571933743,0.0015021806456534757,0.0015326897805874322
15.67,0.173,0.00017106927664800093,0.0014889160646906604,0.0014889118511323377,0.0015326897805874322
15.67,0.173,0.00028100679409841776,0.0014694855047483414,0.0014694768718093694,0.0015326897805874322
15.67,0.173,0.00046159555869258604,0.0014406805076355252,0.0014406645900913845,0.0015326897805874322
15.67,0.173,0.0007582395311413588,0.001397446647813807,0.0013974189661379568,0.0015326897805874322
15.67,0.173,0.00124552148684853,0.0013319719752555984,0.001331925299650866,0.0015326897805874322
15.67,0.173,0.002045954755044497,0.0012329089801449273,0.00123283335259968,0.0015326897805874322
15.67,0.173,0.0033607857462825456,0.0010860960737500655,0.0010859809020716254,0.0015326897805874322
15.67,0.173,0.005520591696647901,0.000879994367851516,0.000879834523358875,0.0015326897805874322
15.67,0.173,0.009068395006973916,0.0006199052852667341,0.0006197167526778287,0.0015326897805874322
15.67,0.173,0.01489619093772919,0.000347080871037887,0.0003469066447181238,0.0015326897805874322
15.67,0.173,0.024469214704767362,0.00013465636502106985,0.0001345476934320059,0.0015326897805874322
15.67,0.173,0.04019433362333615,2.969582601515636e-5,2.9658182452404723e-5,0.0015326897805874322
15.67,0.173,0.06602518613354949,2.8602877686076306e-6,2.8547711166822414e-6,0.0015326897805874322
15.67,0.173,0.1084562128786955,8.832365644200894e-8,8.807417267804526e-8,0.0015326897805874322
15.67,0.173,0.17815550096589414,6.499252420702677e-10,6.473541126783871e-10,0.0015326897805874322
15.67,0.173,0.292646974128703,9.38083126293601e-13,9.331189729447393e-13,0.0015326897805874322
15.67,0.173,0.480716289995901,2.610445755543172e-16,2.59278984565304e-16,0.0015326897805874322
15.67,0.173,0.789648183294706,1.655065602707746e-20,1.6412882807958058e-20,0.0015326897805874322
15.67,0.173,1.297114881182717,3.1765723099906908e-25,3.1450561514456867e-25,0.0015326897805874322
15.67,0.173,2.1307045980472066,2.5167667903754054e-30,2.4878688494869935e-30,0.0015326897805874322
15.67,0.173,3.5000000000000004,1.0690719142706347e-35,1.0546479987647942e-35,0.0015326897805874322
15.67,0.173,3.8,1.1878917071113279e-36,1.1753291036583321e-36,0.0015326897805874322
15.67,0.173,3.98,1.5701625849758833e-37,1.5534837868236975e-37,0.0015326897805874322
15.67,0.173,3.9998,1.4389445004801862e-38,1.4235744799993696e-38,0.0015326897805874322
15.67,0.61,1.0000000000000001e-7,0.0004962331264228386,0.0004962338052257497,0.0004963484527985678
15.67,0.61,1.6426491045299075e-7,0.0004961852128317983,0.0004961858841065949,0.0004963484527985678
15.67,0.61,2.698296080612907e-7,0.0004961173875227595,0.0004961180482311512,0.0004963484527985678
15.67,0.61,4.432353640575351e-7,0.0004960213685681693,0.0004960220141883194,0.0004963484527985678
15.67,0.61,7.280801738650976e-7,0.000495885420215408,0.0004958860445266147,0.0004963484527985678
15.67,0.61,1.1959802456254818e-6,0.000495692901003647,0.0004956934950127609,0.0004963484527985678
15.67,0.61,1.9645758795121526e-6,0.0004954201872123669,0.0004954207379779743,0.0004963484527985678
15.67,0.61,3.227108809261693e-6,0.0004950336855749899,0.0004950341749745133,0.0004963484527985678
15.67,0.61,5.301007395754297e-6,0.0004944854984840543,0.0004944858991106356,0.0004963484527985678
15.67,0.61,8.707695051742211e-6,0.0004937070550065637,0.0004937073287927653,0.0004963484527985678
15.67,0.61,1.4303687479263852e-5,0.0004925995916907839,0.0004925996786671891,0.0004963484527985678
15.67,0.61,2.3495939429288417e-5,0.0004910196089159543,0.0004910194223232677,0.0004963484527985678
15.67,0.61,3.8595583863609565e-5,0.0004887560723584047,0.0004887554718322663,0.0004963484527985678
15.67,0.61,6.33990012723672e-5,0.00048549372809348755,0.00048549249275483175,0.0004963484527985678
15.67,0.61,0.00010414231266814445,0.00048075283986247355,0.00048075060822182144,0.0004963484527985678
15.67,0.61,0.00017106927664800093,0.0004737895348173322,0.00047378568803185036,0.0004963484527985678
15.67,0.61,0.00028100679409841776,0.0004634342374975912,0.0004634277877580237,0.0004963484527985678
15.67,0.61,0.00046159555869258604,0.00044784710640293705,0.0004478363445643974,0.0004963484527985678
15.67,0.61,0.0007582395311413588,0.00042420875823026067,0.0004241912432686211,0.0004963484527985678
15.67,0.61,0.00124552148684853,0.000388518348011625,0.00038849057292066963,0.0004963484527985678
15.67,0.61,0.002045954755044497,0.0003360714604238993,0.00033603024425786954,0.0004963484527985678
15.67,0.61,0.0033607857462825456,0.00026384469748562845,0.0002637896159357083,0.0004963484527985678
15.67,0.61,0.005520591696647901,0.00017597172765535966,0.00017590999478956948,0.0004963484527985678
15.67,0.61,0.009068395006973916,8.958332900843603e-5,8.953147170516667e-5,0.0004963484527985678
15.67,0.61,0.01489619093772919,2.9421540768630384e-5,2.939378898099402e-5,0.0004963484527985678
15.67,0.61,0.024469214704767362,4.83317088681648e-6,4.825908195219856e-6,0.0004963484527985678
15.67,0.61,0.04019433362333615,2.755981504905752e-7,2.7495133405824096e-7,0.0004963484527985678
15.67,0.61,0.06602518613354949,3.3625139990645607e-9,3.3505595025883043e-9,0.0004963484527985678
15.67,0.61,0.1084562128786955,4.9895452403635724e-12,4.963655957030877e-12,0.0004963484527985678
15.67,0.61,0.17815550096589414,5.262453827961129e-16,5.224303671006703e-16,0.0004963484527985678
15.67,0.61,0.292646974128703,2.7936412033476565e-21,2.7666304818428033e-21,0.0004963484527985678
15.67,0.61,0.480716289995901,7.3303135973628475e-28,7.239917543600633e-28,0.0004963484527985678
15.67,0.61,0.789648183294706,1.3042995932785728e-35,1.284540381175488e-35,0.0004963484527985678
15.67,0.61,1.297114881182717,2.6591725636443413e-44,2.611210468624025e-44,0.0004963484527985678
15.67,0.61,2.1307045980472066,1.0947459389240736e-53,1.0718255808609276e-53,0.0004963484527985678
15.67,0.61,3.5000000000000004,1.4887462679899857e-63,1.458562082666072e-63,0.0004963484527985678
15.67,0.61,3.8,3.0976917399213625e-65,3.007194642103613e-65,0.0004963484527985678
15.67,0.61,3.98,1.8383335495949867e-66,1.81595079223523e-66,0.0004963484527985678
15.67,0.61,3.9998,1.5668708942192556e-67,1.5503408852992857e-67,0.0004963484527985678
15.67,1.73,1.0000000000000001e-7,0.00011494751678955769,0.00011494756808276548,0.00011500257334673018
15.67,1.73,1.6426491045299075e-7,0.00011492463786216974,0.00011492468563324176,0.00011500257334673018
15.67,1.73,2.698296080612907e-7,0.00011489224446013608,0.00011489228718521941,0.00011500257334673018
15.67,1.73,4.432353640575351e-7,0.00011484637084296731,0.00011484640646309798,0.00011500257334673018
15.67,1.73,7.280801738650976e-7,0.00011478138689730919,0.00011478141233751192,0.00011500257334673018
15.67,1.73,1.1959802456254818e-6,0.00011468928548285825,0.0001146892964336978,0.00011500257334673018
15.67,1.73,1.9645758795121526e-6,0.000114558647650997,0.0001145586378219842,0.00011500257334673018
15.67,1.73,3.227108809261693e-6,0.00011437312088561648,0.00011437308090641781,0.00011500257334673018
15.67,1.73,5.301007395754297e-6,0.00011410914185635106,0.00011410905822297069,0.00011500257334673018
15.67,1.73,8.707695051742211e-6,0.00011373245180620565,0.00011373230290981885,0.00011500257334673018
15.67,1.73,1.4303687479263852e-5,0.00011319262448992254,0.00011319237846730942,0.00011500257334673018
15.67,1.73,2.3495939429288417e-5,0.00011241424590525922,0.00011241384860890366,0.00011500257334673018
15.67,1.73,3.8595583863609565e-5,0.00011128240609200144,0.00011128177255419424,0.00011500257334673018
15.67,1.73,6.33990012723672e-5,0.0001096186987911779,0.00010961768244674514,0.00011500257334673018
15.67,1.73,0.00010414231266814445,0.00010714236529515651,0.00010714072374995964,0.00011500257334673018
15.67,1.73,0.00017106927664800093,0.00010341176759243711,0.00010340911162632968,0.00011500257334673018
15.67,1.73,0.00028100679409841776,9.775146061298301e-5,9.774717391155531e-5,0.00011500257334673018
15.67,1.73,0.00046159555869258604,8.920863068245472e-5,8.920195206643212e-5,0.00011500257334673018
15.67,1.73,0.0007582395311413588,7.66815480348967e-5,7.667167599351027e-5,0.00011500257334673018
15.67,1.73,0.00124552148684853,5.9520154322382624e-5,5.950716254918235e-5,0.00011500257334673018
15.67,1.73,0.002045954755044497,3.886848803251157e-5,3.8854174148064294e-5,0.00011500257334673018
15.67,1.73,0.0033607857462825456,1.900439977088582e-5,1.8992764880027212e-5,0.00011500257334673018
15.67,1.73,0.005520591696647901,5.760228197883466e-6,5.754425071596251e-6,0.00011500257334673018
15.67,1.73,0.009068395006973916,8.015439049072345e-7,8.002272388744578e-7,0.00011500257334673018
15.67,1.73,0.01489619093772919,3.208934300864812e-8,3.2004649568924745e-8,0.00011500257334673018
15.67,1.73,0.024469214704767362,1.828229891615458e-10,1.8205665030251854e-10,0.00011500257334673018
15.67,1.73,0.04019433362333615,5.414519680902407e-14,5.379318868381006e-14,0.00011500257334673018
15.67,1.73,0.06602518613354949,2.209998625197335e-19,2.1883187799283816e-19,0.00011500257334673018
15.67,1.73,0.1084562128786955,2.673064078298754e-27,2.634945426448724e-27,0.00011500257334673018
15.67,1.73,0.17815550096589414,2.2714033700658978e-38,2.2263835484072673e-38,0.00011500257334673018
15.67,1.73,0.292646974128703,5.556741461775489e-53,5.410622979649169e-53,0.00011500257334673018
15.67,1.73,0.480716289995901,3.944847514546211e-71,3.813103946675535e-71,0.00011500257334673018
15.67,1.73,0.789648183294706,2.007776097513008e-92,1.9257858986136343e-92,0.00011500257334673018
15.67,1.73,1.297114881182717,3.104527347733549e-116,2.954256319899708e-116,0.00011500257334673018
15.67,1.73,2.1307045980472066,6.766456051360811e-142,6.382791563276304e-142,0.00011500257334673018
15.67,1.73,3.5000000000000004,7.793416064779333e-169,4.607715116986823e-169,0.00011500257334673018
15.67,1.73,3.8,2.1721608760536962e-173,1.7896558265914694e-173,0.00011500257334673018
15.67,1.73,3.98,4.313485423941824e-176,1.1101497649275317e-175,0.00011500257334673018
15.67,1.73,3.9998,2.768451452570994e-177,7.843918089390035e-177,0.00011500257334673018
15.67,4.71,1.0000000000000001e-7,2.149981701532963e-5,2.1499590901744692e-5,2.1527926647956114e-5
15.67,4.71,1.6426491045299075e-7,2.1488123723298305e-5,2.1487894842207717e-5,2.1527926647956114e-5
15.67,4.71,2.698296080612907e-7,2.1471552110504618e-5,2.147131925180437e-5,2.1527926647956114e-5
15.67,4.71,4.432353640575351e-7,2.1448049462270927e-5,2.1447810928183158e-5,2.1527926647956114e-5
15.67,4.71,7.280801738650976e-7,2.1414677962724997e-5,2.141443119713045e-5,2.1527926647956114e-5
15.67,4.71,1.1959802456254818e-6,2.136720809250868e-5,2.1366949330306252e-5,2.1527926647956114e-5
15.67,4.71,1.9645758795121526e-6,2.1299498271538864e-5,2.129922177462542e-5,2.1527926647956114e-5
15.67,4.71,3.227108809261693e-6,2.120252380267436e-5,2.1202220467227504e-5,2.1527926647956114e-5
15.67,4.71,5.301007395754297e-6,2.1062816213101033e-5,2.106247178659422e-5,2.1527926647956114e-5
15.67,4.71,8.707695051742211e-6,2.0859900599203802e-5,2.0859490752034497e-5,2.1527926647956114e-5
15.67,4.71,1.4303687479263852e-5,2.0562053233454436e-5,2.056153875571787e-5,2.1527926647956114e-5
15.67,4.71,2.3495939429288417e-5,2.011939787646884e-5,2.0118710541797427e-5,2.1527926647956114e-5
15.67,4.71,3.8595583863609565e-5,1.9453364152533213e-5,1.9452395464444692e-5,2.1527926647956114e-5
15.67,4.71,6.33990012723672e-5,1.844306649636008e-5,1.844164646087415e-5,2.1527926647956114e-5
15.67,4.71,0.00010414231266814445,1.6915453022789583e-5,1.6913352639555163e-5,2.1527926647956114e-5
15.67,4.71,0.00017106927664800093,1.4663022803389819e-5,1.4660020550315402e-5,2.1527926647956114e-5
15.67,4.71,0.00028100679409841776,1.1542380696347348e-5,1.1538433790297367e-5,2.1527926647956114e-5
15.67,4.71,0.00046159555869258604,7.711930765773463e-6,7.707545745500665e-6,2.1527926647956114e-5
15.67,4.71,0.0007582395311413588,3.9082176855190235e-6,3.9045231936713806e-6,2.1527926647956114e-5
15.67,4.71,0.00124552148684853,1.2485140403813428e-6,1.2465699861858526e-6,2.1527926647956114e-5
15.67,4.71,0.002045954755044497,1.859494893409375e-7,1.8547350899323565e-7,2.1527926647956114e-5
15.67,4.71,0.0033607857462825456,7.921885474272547e-9,7.8887394702371e-9,2.1527926647956114e-5
15.67,4.71,0.005520591696647901,4.4041655030915814e-11,4.374182308206944e-11,2.1527926647956114e-5
15.67,4.71,0.009068395006973916,9.197517732008473e-15,9.09613925461121e-15,2.1527926647956114e-5
15.67,4.71,0.01489619093772919,1.0409875096576117e-20,1.0226226096216333e-20,2.1527926647956114e-5
15.67,4.71,0.024469214704767362,3.47626216608414e-30,3.379280050078736e-30,2.1527926647956114e-5
15.67,4.71,0.04019433362333615,5.419140324696115e-45,5.185441274815671e-45,2.1527926647956114e-5
15.67,4.71,0.06602518613354949,1.740481282453775e-67,1.6277540586532363e-67,2.1527926647956114e-5
15.67,4.71,0.1084562128786955,2.344427952937274e-100,2.1249210519050948e-100,2.1527926647956114e-5
15.67,4.71,0.17815550096589414,4.554910556285402e-146,3.965795614701543e-146,2.1527926647956114e-5
15.67,4.71,0.292646974128703,4.5743024226201143e-206,3.802519032770621e-206,2.1527926647956114e-5
15.67,4.71,0.480716289995901,3.3601356884836604e-280,8.151046146818478e-280,2.1527926647956114e-5
15.67,4.71,0.789648183294706,0.0,7.662497557567567e-300,2.1527926647956114e-5
15.67,4.71,1.297114881182717,0.0,7.712495308879165e-300,2.1527926647956114e-5
15.67,4.71,2.1307045980472066,0.0,6.776603782095895e-300,2.1527926647956114e-5
15.67,4.71,3.5000000000000004,0.0,3.8738942675241905e-300,2.1527926647956114e-5
15.67,4.71,3.8,0.0,2.498159135767788e-300,2.1527926647956114e-5
15.67,4.71,3.98,0.0,7.98993654074498e-301,2.1527926647956114e-5
15.67,4.71,3.9998,0.0,7.999796859002387e-302,2.1527926647956114e-5
