beta0,P0_lower_all_guards_except_minimum_size,P0_upper
3.354114539215184987e+00,1.000000000000000000e+00,6.000000000000000000e+01
3.362023160516488751e+00,1.000000000000000000e+00,6.000000000000000000e+01
3.369931781817792515e+00,1.000000000000000000e+00,6.000000000000000000e+01
3.377840403119096280e+00,1.000000000000000000e+00,6.000000000000000000e+01
3.385749024420400488e+00,1.000000000000000000e+00,6.000000000000000000e+01
3.393657645721704252e+00,1.000000000000000000e+00,6.000000000000000000e+01
3.401566267023008017e+00,1.000000000000000000e+00,6.000000000000000000e+01
3.409474888324311781e+00,1.000000000000000000e+00,6.000000000000000000e+01
3.417383509625615545e+00,1.000000000000000000e+00,6.000000000000000000e+01
3.425292130926919310e+00,1.000000000000000000e+00,6.000000000000000000e+01
3.433200752228223074e+00,1.000000000000000000e+00,6.000000000000000000e+01
3.441109373529526838e+00,1.000000000000000000e+00,6.000000000000000000e+01
3.449017994830831046e+00,1.000000000000000000e+00,6.000000000000000000e+01
3.456926616132134811e+00,1.000000000000000000e+00,6.000000000000000000e+01
3.464835237433438575e+00,1.000000000000000000e+00,6.000000000000000000e+01
3.472743858734742339e+00,1.000000000000000000e+00,6.000000000000000000e+01
3.480652480036046104e+00,1.000000000000000000e+00,6.000000000000000000e+01
3.488561101337349868e+00,1.000000000000000000e+00,6.000000000000000000e+01
3.496469722638653632e+00,1.000000000000000000e+00,6.000000000000000000e+01
3.504378343939957396e+00,1.000000000000000000e+00,6.000000000000000000e+01
3.512286965241261605e+00,1.000000000000000000e+00,6.000000000000000000e+01
3.520195586542565369e+00,1.000000000000000000e+00,6.000000000000000000e+01
3.528104207843869133e+00,1.000000000000000000e+00,6.000000000000000000e+01
3.536012829145172898e+00,1.000000000000000000e+00,6.000000000000000000e+01
3.543921450446476662e+00,1.000000000000000000e+00,6.000000000000000000e+01
3.551830071747780426e+00,1.000000000000000000e+00,6.000000000000000000e+01
3.559738693049084191e+00,1.000000000000000000e+00,6.000000000000000000e+01
3.567647314350388399e+00,1.000000000000000000e+00,6.000000000000000000e+01
3.575555935651692163e+00,1.000000000000000000e+00,6.000000000000000000e+01
3.583464556952995927e+00,1.000000000000000000e+00,6.000000000000000000e+01
3.591373178254299692e+00,1.000000000000000000e+00,6.000000000000000000e+01
3.599281799555603456e+00,1.000000000000000000e+00,6.000000000000000000e+01
3.607190420856907220e+00,1.000000000000000000e+00,6.000000000000000000e+01
3.615099042158210985e+00,1.000000000000000000e+00,6.000000000000000000e+01
3.623007663459515193e+00,1.000000000000000000e+00,6.000000000000000000e+01
3.630916284760818957e+00,1.000000000000000000e+00,6.000000000000000000e+01
3.638824906062122722e+00,1.000000000000000000e+00,6.000000000000000000e+01
3.646733527363426486e+00,1.000000000000000000e+00,6.000000000000000000e+01
3.654642148664730250e+00,1.000000000000000000e+00,6.000000000000000000e+01
3.662550769966034014e+00,1.000000000000000000e+00,6.000000000000000000e+01
3.670459391267337779e+00,1.000000000000000000e+00,6.000000000000000000e+01
3.678368012568641987e+00,1.000000000000000000e+00,6.000000000000000000e+01
3.686276633869945751e+00,1.000000000000000000e+00,6.000000000000000000e+01
3.694185255171249516e+00,1.000000000000000000e+00,6.000000000000000000e+01
3.702093876472553280e+00,1.000000000000000000e+00,6.000000000000000000e+01
3.710002497773857044e+00,1.000000000000000000e+00,6.000000000000000000e+01
3.717911119075160808e+00,1.000000000000000000e+00,6.000000000000000000e+01
3.725819740376464573e+00,1.000000000000000000e+00,6.000000000000000000e+01
3.733728361677768337e+00,1.000000000000000000e+00,6.000000000000000000e+01
3.741636982979072101e+00,1.000000000000000000e+00,6.000000000000000000e+01
3.749545604280376310e+00,1.000000000000000000e+00,6.000000000000000000e+01
3.757454225581680074e+00,1.000000000000000000e+00,6.000000000000000000e+01
3.765362846882983838e+00,1.000000000000000000e+00,6.000000000000000000e+01
3.773271468184287603e+00,1.000000000000000000e+00,6.000000000000000000e+01
3.781180089485591367e+00,1.000000000000000000e+00,6.000000000000000000e+01
3.789088710786895131e+00,1.000000000000000000e+00,6.000000000000000000e+01
3.796997332088198895e+00,1.000000000000000000e+00,6.000000000000000000e+01
3.804905953389503104e+00,1.000000000000000000e+00,6.000000000000000000e+01
3.812814574690806868e+00,1.000000000000000000e+00,6.000000000000000000e+01
3.820723195992110632e+00,1.000000000000000000e+00,6.000000000000000000e+01
3.828631817293414397e+00,1.000000000000000000e+00,6.000000000000000000e+01
3.836540438594718161e+00,1.000000000000000000e+00,6.000000000000000000e+01
3.844449059896021925e+00,1.000000000000000000e+00,6.000000000000000000e+01
3.852357681197325689e+00,1.000000000000000000e+00,6.000000000000000000e+01
3.860266302498629898e+00,1.000000000000000000e+00,6.000000000000000000e+01
3.868174923799933662e+00,1.000000000000000000e+00,6.000000000000000000e+01
3.876083545101237426e+00,1.000000000000000000e+00,6.000000000000000000e+01
3.883992166402541191e+00,1.000000000000000000e+00,6.000000000000000000e+01
3.891900787703844955e+00,1.000000000000000000e+00,6.000000000000000000e+01
3.899809409005148719e+00,1.000000000000000000e+00,6.000000000000000000e+01
3.907718030306452484e+00,1.000000000000000000e+00,6.000000000000000000e+01
3.915626651607756692e+00,1.000000000000000000e+00,6.000000000000000000e+01
3.923535272909060012e+00,1.000000000000000000e+00,6.000000000000000000e+01
3.931443894210364220e+00,1.000000000000000000e+00,6.000000000000000000e+01
3.939352515511667985e+00,1.000000000000000000e+00,6.000000000000000000e+01
3.947261136812971749e+00,1.000000000000000000e+00,6.000000000000000000e+01
3.955169758114275513e+00,1.000000000000000000e+00,6.000000000000000000e+01
3.963078379415579278e+00,1.000000000000000000e+00,6.000000000000000000e+01
3.970987000716883042e+00,1.000000000000000000e+00,6.000000000000000000e+01
3.978895622018186806e+00,1.000000000000000000e+00,6.000000000000000000e+01
3.986804243319491015e+00,1.000000000000000000e+00,6.000000000000000000e+01
3.994712864620794779e+00,1.000000000000000000e+00,6.000000000000000000e+01
4.002621485922098543e+00,1.000000000000000000e+00,6.000000000000000000e+01
4.010530107223402752e+00,1.000000000000000000e+00,6.000000000000000000e+01
4.018438728524706072e+00,1.000000000000000000e+00,6.000000000000000000e+01
4.026347349826010280e+00,1.000000000000000000e+00,6.000000000000000000e+01
4.034255971127313600e+00,1.000000000000000000e+00,6.000000000000000000e+01
4.042164592428617809e+00,1.000000000000000000e+00,6.000000000000000000e+01
4.050073213729921129e+00,1.000000000000000000e+00,6.000000000000000000e+01
4.057981835031225337e+00,1.000000000000000000e+00,6.000000000000000000e+01
4.065890456332528657e+00,1.000000000000000000e+00,6.000000000000000000e+01
4.073799077633832866e+00,1.000000000000000000e+00,6.000000000000000000e+01
4.081707698935137074e+00,1.000000000000000000e+00,6.000000000000000000e+01
4.089616320236440394e+00,1.000000000000000000e+00,6.000000000000000000e+01
4.097524941537744603e+00,1.000000000000000000e+00,6.000000000000000000e+01
4.105433562839047923e+00,1.000000000000000000e+00,6.000000000000000000e+01
4.113342184140352131e+00,1.000000000000000000e+00,6.000000000000000000e+01
4.121250805441656340e+00,1.000000000000000000e+00,6.000000000000000000e+01
4.129159426742959660e+00,1.000000000000000000e+00,6.000000000000000000e+01
4.137068048044263868e+00,1.000000000000000000e+00,6.000000000000000000e+01
4.144976669345567188e+00,1.000000000000000000e+00,6.000000000000000000e+01
4.152885290646871397e+00,1.000000000000000000e+00,6.000000000000000000e+01
4.160793911948174717e+00,1.000000000000000000e+00,6.000000000000000000e+01
4.168702533249478925e+00,1.000000000000000000e+00,6.000000000000000000e+01
4.176611154550782246e+00,1.000000000000000000e+00,6.000000000000000000e+01
4.184519775852086454e+00,1.000000000000000000e+00,6.000000000000000000e+01
4.192428397153390662e+00,1.000000000000000000e+00,6.000000000000000000e+01
4.200337018454693983e+00,1.000000000000000000e+00,6.000000000000000000e+01
4.208245639755998191e+00,1.000000000000000000e+00,6.000000000000000000e+01
4.216154261057301511e+00,1.000000000000000000e+00,6.000000000000000000e+01
4.224062882358605719e+00,1.000000000000000000e+00,6.000000000000000000e+01
4.231971503659909040e+00,1.000000000000000000e+00,6.000000000000000000e+01
4.239880124961213248e+00,1.000000000000000000e+00,6.000000000000000000e+01
4.247788746262516568e+00,1.000000000000000000e+00,6.000000000000000000e+01
4.255697367563820777e+00,1.000000000000000000e+00,6.000000000000000000e+01
4.263605988865124985e+00,1.000000000000000000e+00,6.000000000000000000e+01
4.271514610166428305e+00,1.000000000000000000e+00,6.000000000000000000e+01
4.279423231467732514e+00,1.000000000000000000e+00,6.000000000000000000e+01
4.287331852769035834e+00,1.000000000000000000e+00,6.000000000000000000e+01
4.295240474070340042e+00,1.000000000000000000e+00,6.000000000000000000e+01
4.303149095371644250e+00,1.000000000000000000e+00,6.000000000000000000e+01
4.311057716672947571e+00,1.000000000000000000e+00,6.000000000000000000e+01
4.318966337974251779e+00,1.000000000000000000e+00,6.000000000000000000e+01
4.326874959275555099e+00,1.000000000000000000e+00,6.000000000000000000e+01
4.334783580576859308e+00,1.000000000000000000e+00,6.000000000000000000e+01
4.342692201878162628e+00,1.000000000000000000e+00,6.000000000000000000e+01
4.350600823179466836e+00,1.000000000000000000e+00,6.000000000000000000e+01
4.358509444480770156e+00,1.000000000000000000e+00,6.000000000000000000e+01
4.366418065782074365e+00,1.000000000000000000e+00,6.000000000000000000e+01
4.374326687083378573e+00,1.000000000000000000e+00,6.000000000000000000e+01
4.382235308384681893e+00,1.000000000000000000e+00,6.000000000000000000e+01
4.390143929685986102e+00,1.000000000000000000e+00,6.000000000000000000e+01
4.398052550987289422e+00,1.000000000000000000e+00,6.000000000000000000e+01
4.405961172288593630e+00,1.000000000000000000e+00,6.000000000000000000e+01
4.413869793589897839e+00,1.000000000000000000e+00,6.000000000000000000e+01
4.421778414891201159e+00,1.000000000000000000e+00,6.000000000000000000e+01
4.429687036192504479e+00,1.000000000000000000e+00,6.000000000000000000e+01
4.437595657493808687e+00,1.000000000000000000e+00,6.000000000000000000e+01
4.445504278795112896e+00,1.000000000000000000e+00,6.000000000000000000e+01
4.453412900096416216e+00,1.000000000000000000e+00,6.000000000000000000e+01
4.461321521397720424e+00,1.000000000000000000e+00,6.000000000000000000e+01
4.469230142699023745e+00,1.000000000000000000e+00,6.000000000000000000e+01
4.477138764000327953e+00,1.000000000000000000e+00,6.000000000000000000e+01
4.485047385301632161e+00,1.000000000000000000e+00,6.000000000000000000e+01
4.492956006602935481e+00,1.000000000000000000e+00,6.000000000000000000e+01
4.500864627904239690e+00,1.000000000000000000e+00,6.000000000000000000e+01
4.508773249205543010e+00,1.000000000000000000e+00,6.000000000000000000e+01
4.516681870506847218e+00,1.000000000000000000e+00,6.000000000000000000e+01
4.524590491808150539e+00,1.000000000000000000e+00,6.000000000000000000e+01
4.532499113109454747e+00,1.000000000000000000e+00,6.000000000000000000e+01
4.540407734410758067e+00,1.000000000000000000e+00,6.000000000000000000e+01
4.548316355712062276e+00,1.000000000000000000e+00,6.000000000000000000e+01
4.556224977013366484e+00,1.000000000000000000e+00,6.000000000000000000e+01
4.564133598314669804e+00,1.000000000000000000e+00,6.000000000000000000e+01
4.572042219615974012e+00,1.000000000000000000e+00,6.000000000000000000e+01
4.579950840917277333e+00,1.000000000000000000e+00,6.000000000000000000e+01
4.587859462218581541e+00,1.000000000000000000e+00,6.000000000000000000e+01
4.595768083519885749e+00,1.000000000000000000e+00,6.000000000000000000e+01
4.603676704821189070e+00,1.000000000000000000e+00,6.000000000000000000e+01
4.611585326122492390e+00,1.000000000000000000e+00,6.000000000000000000e+01
4.619493947423796598e+00,1.000000000000000000e+00,6.000000000000000000e+01
4.627402568725100807e+00,1.000000000000000000e+00,6.000000000000000000e+01
4.635311190026404127e+00,1.000000000000000000e+00,6.000000000000000000e+01
4.643219811327708335e+00,1.000000000000000000e+00,6.000000000000000000e+01
4.651128432629011655e+00,1.000000000000000000e+00,6.000000000000000000e+01
4.659037053930315864e+00,1.000000000000000000e+00,6.000000000000000000e+01
4.666945675231620072e+00,1.000000000000000000e+00,6.000000000000000000e+01
4.674854296532923392e+00,1.000000000000000000e+00,6.000000000000000000e+01
4.682762917834227601e+00,1.000000000000000000e+00,6.000000000000000000e+01
4.690671539135530921e+00,1.000000000000000000e+00,6.000000000000000000e+01
4.698580160436835129e+00,1.000000000000000000e+00,6.000000000000000000e+01
4.706488781738138449e+00,1.000000000000000000e+00,6.000000000000000000e+01
4.714397403039442658e+00,1.000000000000000000e+00,6.000000000000000000e+01
4.722306024340745978e+00,1.000000000000000000e+00,6.000000000000000000e+01
4.730214645642050186e+00,1.000000000000000000e+00,6.000000000000000000e+01
4.738123266943354395e+00,1.000000000000000000e+00,6.000000000000000000e+01
4.746031888244657715e+00,1.000000000000000000e+00,6.000000000000000000e+01
4.753940509545961923e+00,1.000000000000000000e+00,6.000000000000000000e+01
4.761849130847265243e+00,1.000000000000000000e+00,6.000000000000000000e+01
4.769757752148569452e+00,1.000000000000000000e+00,6.000000000000000000e+01
4.777666373449873660e+00,1.000000000000000000e+00,6.000000000000000000e+01
4.785574994751176980e+00,1.000000000000000000e+00,6.000000000000000000e+01
4.793483616052480301e+00,1.000000000000000000e+00,6.000000000000000000e+01
4.801392237353784509e+00,1.000000000000000000e+00,6.000000000000000000e+01
4.809300858655088717e+00,1.000000000000000000e+00,6.000000000000000000e+01
4.817209479956392038e+00,1.000000000000000000e+00,6.000000000000000000e+01
4.825118101257696246e+00,1.000000000000000000e+00,6.000000000000000000e+01
4.833026722558999566e+00,1.000000000000000000e+00,6.000000000000000000e+01
4.840935343860303774e+00,1.000000000000000000e+00,6.000000000000000000e+01
4.848843965161607983e+00,1.000000000000000000e+00,6.000000000000000000e+01
4.856752586462911303e+00,1.000000000000000000e+00,6.000000000000000000e+01
4.864661207764215511e+00,1.000000000000000000e+00,6.000000000000000000e+01
4.872569829065518832e+00,1.000000000000000000e+00,6.000000000000000000e+01
4.880478450366823040e+00,1.000000000000000000e+00,6.000000000000000000e+01
4.888387071668127248e+00,1.000000000000000000e+00,6.000000000000000000e+01
4.896295692969430569e+00,1.000000000000000000e+00,6.000000000000000000e+01
4.904204314270733889e+00,1.000000000000000000e+00,6.000000000000000000e+01
4.912112935572038097e+00,1.000000000000000000e+00,6.000000000000000000e+01
4.920021556873342305e+00,1.000000000000000000e+00,6.000000000000000000e+01
4.927930178174645626e+00,1.000000000000000000e+00,6.000000000000000000e+01
4.935838799475949834e+00,1.000000000000000000e+00,6.000000000000000000e+01
4.943747420777253154e+00,1.000000000000000000e+00,6.000000000000000000e+01
4.951656042078557363e+00,1.000000000000000000e+00,6.000000000000000000e+01
4.959564663379861571e+00,1.000000000000000000e+00,6.000000000000000000e+01
4.967473284681164891e+00,1.000000000000000000e+00,6.000000000000000000e+01
4.975381905982468211e+00,1.000000000000000000e+00,6.000000000000000000e+01
4.983290527283772420e+00,1.000000000000000000e+00,6.000000000000000000e+01
4.991199148585076628e+00,1.000000000000000000e+00,6.000000000000000000e+01
4.999107769886379948e+00,1.000000000000000000e+00,6.000000000000000000e+01
5.007016391187684157e+00,1.000000000000000000e+00,6.000000000000000000e+01
5.014925012488987477e+00,1.000000000000000000e+00,6.000000000000000000e+01
5.022833633790291685e+00,1.000000000000000000e+00,6.000000000000000000e+01
5.030742255091595894e+00,1.000000000000000000e+00,6.000000000000000000e+01
5.038650876392899214e+00,1.000000000000000000e+00,6.000000000000000000e+01
5.046559497694203422e+00,1.000000000000000000e+00,6.000000000000000000e+01
5.054468118995506742e+00,1.000000000000000000e+00,6.000000000000000000e+01
5.062376740296810951e+00,1.000000000000000000e+00,6.000000000000000000e+01
5.070285361598115159e+00,1.000000000000000000e+00,6.000000000000000000e+01
5.078193982899418479e+00,1.000000000000000000e+00,6.000000000000000000e+01
5.086102604200721800e+00,1.000000000000000000e+00,6.000000000000000000e+01
5.094011225502026008e+00,1.000000000000000000e+00,6.000000000000000000e+01
5.101919846803330216e+00,1.000000000000000000e+00,6.000000000000000000e+01
5.109828468104633536e+00,1.000000000000000000e+00,6.000000000000000000e+01
5.117737089405937745e+00,1.000000000000000000e+00,6.000000000000000000e+01
5.125645710707241065e+00,1.000000000000000000e+00,6.000000000000000000e+01
5.133554332008545273e+00,1.000000000000000000e+00,6.000000000000000000e+01
5.141462953309849482e+00,1.000000000000000000e+00,6.000000000000000000e+01
5.149371574611152802e+00,1.000000000000000000e+00,6.000000000000000000e+01
5.157280195912457010e+00,1.000000000000000000e+00,6.000000000000000000e+01
5.165188817213760331e+00,1.000000000000000000e+00,6.000000000000000000e+01
5.173097438515064539e+00,1.000000000000000000e+00,6.000000000000000000e+01
5.181006059816367859e+00,1.000000000000000000e+00,6.000000000000000000e+01
5.188914681117672068e+00,1.000000000000000000e+00,6.000000000000000000e+01
5.196823302418975388e+00,1.000000000000000000e+00,6.000000000000000000e+01
5.204731923720279596e+00,1.000000000000000000e+00,6.000000000000000000e+01
5.212640545021583804e+00,1.000000000000000000e+00,6.000000000000000000e+01
5.220549166322887125e+00,1.000000000000000000e+00,6.000000000000000000e+01
5.228457787624191333e+00,1.000000000000000000e+00,6.000000000000000000e+01
5.236366408925494653e+00,1.000000000000000000e+00,6.000000000000000000e+01
5.244275030226798862e+00,1.000000000000000000e+00,6.000000000000000000e+01
5.252183651528103070e+00,1.000000000000000000e+00,6.000000000000000000e+01
5.260092272829406390e+00,1.000000000000000000e+00,6.000000000000000000e+01
5.268000894130709710e+00,1.000000000000000000e+00,6.000000000000000000e+01
5.275909515432013919e+00,1.000000000000000000e+00,6.000000000000000000e+01
5.283818136733318127e+00,1.000000000000000000e+00,6.000000000000000000e+01
5.291726758034621447e+00,1.000000000000000000e+00,6.000000000000000000e+01
5.299635379335925656e+00,1.000000000000000000e+00,6.000000000000000000e+01
5.307544000637228976e+00,1.000000000000000000e+00,6.000000000000000000e+01
5.315452621938533184e+00,1.000000000000000000e+00,6.000000000000000000e+01
5.323361243239837393e+00,1.000000000000000000e+00,6.000000000000000000e+01
5.331269864541140713e+00,1.000000000000000000e+00,6.000000000000000000e+01
5.339178485842444921e+00,1.000000000000000000e+00,6.000000000000000000e+01
5.347087107143748241e+00,1.000000000000000000e+00,6.000000000000000000e+01
5.354995728445052450e+00,1.000000000000000000e+00,6.000000000000000000e+01
5.362904349746356658e+00,1.000000000000000000e+00,6.000000000000000000e+01
5.370812971047659978e+00,1.000000000000000000e+00,6.000000000000000000e+01
5.378721592348963298e+00,1.000000000000000000e+00,6.000000000000000000e+01
5.386630213650267507e+00,1.000000000000000000e+00,6.000000000000000000e+01
5.394538834951571715e+00,1.000000000000000000e+00,6.000000000000000000e+01
5.402447456252875035e+00,1.000000000000000000e+00,6.000000000000000000e+01
5.410356077554179244e+00,1.000000000000000000e+00,6.000000000000000000e+01
5.418264698855482564e+00,1.000000000000000000e+00,6.000000000000000000e+01
5.426173320156786772e+00,1.000000000000000000e+00,6.000000000000000000e+01
5.434081941458090981e+00,1.000000000000000000e+00,6.000000000000000000e+01
5.441990562759394301e+00,1.000000000000000000e+00,6.000000000000000000e+01
5.449899184060697621e+00,1.000000000000000000e+00,6.000000000000000000e+01
5.457807805362001830e+00,1.000000000000000000e+00,6.000000000000000000e+01
5.465716426663306038e+00,1.000000000000000000e+00,6.000000000000000000e+01
5.473625047964610246e+00,1.000000000000000000e+00,6.000000000000000000e+01
5.481533669265913566e+00,1.000000000000000000e+00,6.000000000000000000e+01
5.489442290567216887e+00,1.000000000000000000e+00,6.000000000000000000e+01
5.497350911868521095e+00,1.000000000000000000e+00,6.000000000000000000e+01
5.505259533169825303e+00,1.000000000000000000e+00,6.000000000000000000e+01
5.513168154471128624e+00,1.000000000000000000e+00,6.000000000000000000e+01
5.521076775772431944e+00,1.000000000000000000e+00,6.000000000000000000e+01
5.528985397073736152e+00,1.000000000000000000e+00,6.000000000000000000e+01
5.536894018375040361e+00,1.000000000000000000e+00,6.000000000000000000e+01
5.544802639676344569e+00,1.000000000000000000e+00,6.000000000000000000e+01
5.552711260977647889e+00,1.000000000000000000e+00,6.000000000000000000e+01
5.560619882278951209e+00,1.000000000000000000e+00,6.000000000000000000e+01
5.568528503580255418e+00,1.000000000000000000e+00,6.000000000000000000e+01
5.576437124881559626e+00,1.000000000000000000e+00,6.000000000000000000e+01
5.584345746182862946e+00,1.000000000000000000e+00,6.000000000000000000e+01
5.592254367484167155e+00,1.000000000000000000e+00,6.000000000000000000e+01
5.600162988785470475e+00,1.000000000000000000e+00,6.000000000000000000e+01
5.608071610086774683e+00,1.000000000000000000e+00,6.000000000000000000e+01
5.615980231388078892e+00,1.000000000000000000e+00,6.000000000000000000e+01
5.623888852689382212e+00,1.000000000000000000e+00,6.000000000000000000e+01
5.631797473990685532e+00,1.000000000000000000e+00,6.000000000000000000e+01
5.639706095291989740e+00,1.000000000000000000e+00,6.000000000000000000e+01
5.647614716593293949e+00,1.000000000000000000e+00,6.000000000000000000e+01
5.655523337894598157e+00,1.000000000000000000e+00,6.000000000000000000e+01
5.663431959195901477e+00,1.000000000000000000e+00,6.000000000000000000e+01
5.671340580497204797e+00,1.000000000000000000e+00,6.000000000000000000e+01
5.679249201798509006e+00,1.000000000000000000e+00,6.000000000000000000e+01
5.687157823099813214e+00,1.000000000000000000e+00,6.000000000000000000e+01
5.695066444401116534e+00,1.000000000000000000e+00,6.000000000000000000e+01
5.702975065702419855e+00,1.000000000000000000e+00,6.000000000000000000e+01
5.710883687003724063e+00,1.000000000000000000e+00,6.000000000000000000e+01
5.718792308305028271e+00,1.000000000000000000e+00,6.000000000000000000e+01
5.726700929606332480e+00,1.000000000000000000e+00,6.000000000000000000e+01
5.734609550907635800e+00,1.000000000000000000e+00,6.000000000000000000e+01
5.742518172208939120e+00,1.000000000000000000e+00,6.000000000000000000e+01
5.750426793510243328e+00,1.000000000000000000e+00,6.000000000000000000e+01
5.758335414811547537e+00,1.000000000000000000e+00,6.000000000000000000e+01
5.766244036112851745e+00,1.000000000000000000e+00,6.000000000000000000e+01
5.774152657414155065e+00,1.000000000000000000e+00,6.000000000000000000e+01
5.782061278715458386e+00,1.000000000000000000e+00,6.000000000000000000e+01
5.789969900016762594e+00,1.000000000000000000e+00,6.000000000000000000e+01
5.797878521318066802e+00,1.000000000000000000e+00,6.000000000000000000e+01
5.805787142619370123e+00,1.000000000000000000e+00,6.000000000000000000e+01
5.813695763920673443e+00,1.000000000000000000e+00,6.000000000000000000e+01
5.821604385221977651e+00,1.000000000000000000e+00,6.000000000000000000e+01
5.829513006523281859e+00,1.000000000000000000e+00,6.000000000000000000e+01
5.837421627824586068e+00,1.000000000000000000e+00,6.000000000000000000e+01
5.845330249125889388e+00,1.000000000000000000e+00,6.000000000000000000e+01
5.853238870427192708e+00,1.000000000000000000e+00,6.000000000000000000e+01
5.861147491728496917e+00,1.000000000000000000e+00,6.000000000000000000e+01
5.869056113029801125e+00,1.000000000000000000e+00,6.000000000000000000e+01
5.876964734331104445e+00,1.000000000000000000e+00,6.000000000000000000e+01
5.884873355632407765e+00,1.000000000000000000e+00,6.000000000000000000e+01
5.892781976933711974e+00,1.000000000000000000e+00,6.000000000000000000e+01
5.900690598235016182e+00,1.000000000000000000e+00,6.000000000000000000e+01
5.908599219536320390e+00,1.000000000000000000e+00,6.000000000000000000e+01
5.916507840837623711e+00,1.000000000000000000e+00,6.000000000000000000e+01
5.924416462138927031e+00,1.000000000000000000e+00,6.000000000000000000e+01
5.932325083440231239e+00,1.000000000000000000e+00,6.000000000000000000e+01
5.940233704741535448e+00,1.000000000000000000e+00,6.000000000000000000e+01
5.948142326042839656e+00,1.000000000000000000e+00,6.000000000000000000e+01
5.956050947344142976e+00,1.000000000000000000e+00,6.000000000000000000e+01
5.963959568645446296e+00,1.000000000000000000e+00,6.000000000000000000e+01
5.971868189946750505e+00,1.000000000000000000e+00,6.000000000000000000e+01
5.979776811248054713e+00,1.000000000000000000e+00,6.000000000000000000e+01
5.987685432549358033e+00,1.000000000000000000e+00,6.000000000000000000e+01
5.995594053850661354e+00,1.000000000000000000e+00,6.000000000000000000e+01
6.003502675151965562e+00,1.000000000000000000e+00,6.000000000000000000e+01
6.011411296453269770e+00,1.000000000000000000e+00,6.000000000000000000e+01
6.019319917754573979e+00,1.000000000000000000e+00,6.000000000000000000e+01
6.027228539055877299e+00,1.000000000000000000e+00,6.000000000000000000e+01
6.035137160357180619e+00,1.000000000000000000e+00,6.000000000000000000e+01
6.043045781658484827e+00,1.000000000000000000e+00,6.000000000000000000e+01
6.050954402959789036e+00,1.000000000000000000e+00,6.000000000000000000e+01
6.058863024261092356e+00,1.000000000000000000e+00,6.000000000000000000e+01
6.066771645562396564e+00,1.000000000000000000e+00,6.000000000000000000e+01
6.074680266863699885e+00,1.000000000000000000e+00,6.000000000000000000e+01
6.082588888165004093e+00,1.000000000000000000e+00,6.000000000000000000e+01
6.090497509466308301e+00,1.000000000000000000e+00,6.000000000000000000e+01
6.098406130767611621e+00,1.000000000000000000e+00,6.000000000000000000e+01
6.106314752068914942e+00,1.000000000000000000e+00,6.000000000000000000e+01
6.114223373370219150e+00,1.000000000000000000e+00,6.000000000000000000e+01
6.122131994671523358e+00,1.000000000000000000e+00,6.000000000000000000e+01
6.130040615972827567e+00,1.000000000000000000e+00,6.000000000000000000e+01
6.137949237274130887e+00,1.000000000000000000e+00,6.000000000000000000e+01
6.145857858575434207e+00,1.000000000000000000e+00,6.000000000000000000e+01
6.153766479876738416e+00,1.000000000000000000e+00,6.000000000000000000e+01
6.161675101178042624e+00,1.000000000000000000e+00,6.000000000000000000e+01
6.169583722479345944e+00,1.000000000000000000e+00,6.000000000000000000e+01
6.177492343780649264e+00,1.000000000000000000e+00,6.000000000000000000e+01
6.185400965081953473e+00,1.000000000000000000e+00,6.000000000000000000e+01
6.193309586383257681e+00,1.000000000000000000e+00,6.000000000000000000e+01
6.201218207684561889e+00,1.000000000000000000e+00,6.000000000000000000e+01
6.209126828985865210e+00,1.000000000000000000e+00,6.000000000000000000e+01
6.217035450287168530e+00,1.000000000000000000e+00,6.000000000000000000e+01
6.224944071588472738e+00,1.000000000000000000e+00,6.000000000000000000e+01
6.232852692889776947e+00,1.000000000000000000e+00,6.000000000000000000e+01
6.240761314191080267e+00,1.000000000000000000e+00,6.000000000000000000e+01
6.248669935492384475e+00,1.000000000000000000e+00,6.000000000000000000e+01
6.256578556793687795e+00,1.000000000000000000e+00,6.000000000000000000e+01
6.264487178094992004e+00,1.000000000000000000e+00,6.000000000000000000e+01
6.272395799396296212e+00,1.000000000000000000e+00,6.000000000000000000e+01
6.280304420697599532e+00,1.000000000000000000e+00,6.000000000000000000e+01
6.288213041998902852e+00,1.000000000000000000e+00,6.000000000000000000e+01
6.296121663300207061e+00,1.000000000000000000e+00,6.000000000000000000e+01
6.304030284601511269e+00,1.000000000000000000e+00,6.000000000000000000e+01
6.311938905902815478e+00,1.000000000000000000e+00,6.000000000000000000e+01
6.319847527204118798e+00,1.000000000000000000e+00,6.000000000000000000e+01
6.327756148505422118e+00,1.000000000000000000e+00,6.000000000000000000e+01
6.335664769806726326e+00,1.000000000000000000e+00,6.000000000000000000e+01
6.343573391108030535e+00,1.000000000000000000e+00,6.000000000000000000e+01
6.351482012409333855e+00,1.000000000000000000e+00,6.000000000000000000e+01
6.359390633710637175e+00,1.000000000000000000e+00,6.000000000000000000e+01
6.367299255011941383e+00,1.000000000000000000e+00,6.000000000000000000e+01
6.375207876313245592e+00,1.000000000000000000e+00,6.000000000000000000e+01
6.383116497614549800e+00,1.000000000000000000e+00,6.000000000000000000e+01
6.391025118915853120e+00,1.000000000000000000e+00,6.000000000000000000e+01
6.398933740217156441e+00,1.000000000000000000e+00,6.000000000000000000e+01
6.406842361518460649e+00,1.000000000000000000e+00,6.000000000000000000e+01
6.414750982819764857e+00,1.000000000000000000e+00,6.000000000000000000e+01
6.422659604121069066e+00,1.000000000000000000e+00,6.000000000000000000e+01
6.430568225422372386e+00,1.000000000000000000e+00,6.000000000000000000e+01
6.438476846723675706e+00,1.000000000000000000e+00,6.000000000000000000e+01
6.446385468024979915e+00,1.000000000000000000e+00,6.000000000000000000e+01
6.454294089326284123e+00,1.000000000000000000e+00,6.000000000000000000e+01
6.462202710627587443e+00,1.000000000000000000e+00,6.000000000000000000e+01
6.470111331928890763e+00,1.000000000000000000e+00,6.000000000000000000e+01
6.478019953230194972e+00,1.000000000000000000e+00,6.000000000000000000e+01
6.485928574531499180e+00,1.000000000000000000e+00,6.000000000000000000e+01
6.493837195832803388e+00,1.000000000000000000e+00,6.000000000000000000e+01
6.501745817134106709e+00,1.000000000000000000e+00,6.000000000000000000e+01
6.509654438435410029e+00,1.000000000000000000e+00,6.000000000000000000e+01
6.517563059736714237e+00,1.000000000000000000e+00,6.000000000000000000e+01
6.525471681038018446e+00,1.000000000000000000e+00,6.000000000000000000e+01
6.533380302339321766e+00,1.000000000000000000e+00,6.000000000000000000e+01
6.541288923640625974e+00,1.000000000000000000e+00,6.000000000000000000e+01
6.549197544941929294e+00,1.000000000000000000e+00,6.000000000000000000e+01
6.557106166243233503e+00,1.000000000000000000e+00,6.000000000000000000e+01
6.565014787544537711e+00,1.000000000000000000e+00,6.000000000000000000e+01
6.572923408845841031e+00,1.000000000000000000e+00,6.000000000000000000e+01
6.580832030147144351e+00,1.000000000000000000e+00,6.000000000000000000e+01
6.588740651448448560e+00,1.000000000000000000e+00,6.000000000000000000e+01
6.596649272749752768e+00,1.000000000000000000e+00,6.000000000000000000e+01
6.604557894051056977e+00,1.000000000000000000e+00,6.000000000000000000e+01
6.612466515352360297e+00,1.000000000000000000e+00,6.000000000000000000e+01
6.620375136653663617e+00,1.000000000000000000e+00,6.000000000000000000e+01
6.628283757954967825e+00,1.000000000000000000e+00,6.000000000000000000e+01
6.636192379256272034e+00,1.000000000000000000e+00,6.000000000000000000e+01
6.644101000557575354e+00,1.000000000000000000e+00,6.000000000000000000e+01
6.652009621858878674e+00,1.000000000000000000e+00,6.000000000000000000e+01
6.659918243160182882e+00,1.000000000000000000e+00,6.000000000000000000e+01
6.667826864461487091e+00,1.000000000000000000e+00,6.000000000000000000e+01
6.675735485762791299e+00,1.000000000000000000e+00,6.000000000000000000e+01
6.683644107064094619e+00,1.000000000000000000e+00,6.000000000000000000e+01
6.691552728365397940e+00,1.000000000000000000e+00,6.000000000000000000e+01
6.699461349666702148e+00,1.000000000000000000e+00,6.000000000000000000e+01
6.707369970968006356e+00,1.000000000000000000e+00,6.000000000000000000e+01
6.715278592269309677e+00,1.000000000000000000e+00,6.000000000000000000e+01
6.723187213570613885e+00,1.000000000000000000e+00,6.000000000000000000e+01
6.731095834871917205e+00,1.000000000000000000e+00,6.000000000000000000e+01
6.739004456173221413e+00,1.000000000000000000e+00,6.000000000000000000e+01
6.746913077474525622e+00,1.000000000000000000e+00,6.000000000000000000e+01
6.754821698775828942e+00,1.000000000000000000e+00,6.000000000000000000e+01
6.762730320077132262e+00,1.000000000000000000e+00,6.000000000000000000e+01
6.770638941378436471e+00,1.000000000000000000e+00,6.000000000000000000e+01
6.778547562679740679e+00,1.000000000000000000e+00,6.000000000000000000e+01
6.786456183981044887e+00,1.000000000000000000e+00,6.000000000000000000e+01
6.794364805282348208e+00,1.000000000000000000e+00,6.000000000000000000e+01
6.802273426583651528e+00,1.000000000000000000e+00,6.000000000000000000e+01
6.810182047884955736e+00,1.000000000000000000e+00,6.000000000000000000e+01
6.818090669186259944e+00,1.000000000000000000e+00,6.000000000000000000e+01
6.825999290487563265e+00,1.000000000000000000e+00,6.000000000000000000e+01
6.833907911788866585e+00,1.000000000000000000e+00,6.000000000000000000e+01
6.841816533090170793e+00,1.000000000000000000e+00,6.000000000000000000e+01
6.849725154391475002e+00,1.000000000000000000e+00,6.000000000000000000e+01
6.857633775692779210e+00,1.000000000000000000e+00,6.000000000000000000e+01
6.865542396994082530e+00,1.000000000000000000e+00,6.000000000000000000e+01
6.873451018295385850e+00,1.000000000000000000e+00,6.000000000000000000e+01
6.881359639596690059e+00,1.000000000000000000e+00,6.000000000000000000e+01
6.889268260897994267e+00,1.000000000000000000e+00,6.000000000000000000e+01
6.897176882199298475e+00,1.000000000000000000e+00,6.000000000000000000e+01
6.905085503500601796e+00,1.000000000000000000e+00,6.000000000000000000e+01
6.912994124801905116e+00,1.000000000000000000e+00,6.000000000000000000e+01
6.920902746103209324e+00,1.000000000000000000e+00,6.000000000000000000e+01
6.928811367404513533e+00,1.000000000000000000e+00,6.000000000000000000e+01
6.936719988705816853e+00,1.000000000000000000e+00,6.000000000000000000e+01
6.944628610007120173e+00,1.000000000000000000e+00,6.000000000000000000e+01
6.952537231308424381e+00,1.000000000000000000e+00,6.000000000000000000e+01
6.960445852609728590e+00,1.000000000000000000e+00,6.000000000000000000e+01
6.968354473911032798e+00,1.000000000000000000e+00,6.000000000000000000e+01
6.976263095212336118e+00,1.000000000000000000e+00,6.000000000000000000e+01
6.984171716513639439e+00,1.000000000000000000e+00,6.000000000000000000e+01
6.992080337814943647e+00,1.000000000000000000e+00,6.000000000000000000e+01
6.999988959116247855e+00,1.000000000000000000e+00,6.000000000000000000e+01
7.007897580417551175e+00,1.000000000000000000e+00,6.000000000000000000e+01
7.015806201718854496e+00,1.000000000000000000e+00,6.000000000000000000e+01
7.023714823020158704e+00,1.000000000000000000e+00,6.000000000000000000e+01
7.031623444321462912e+00,1.000000000000000000e+00,6.000000000000000000e+01
7.039532065622767121e+00,1.000000000000000000e+00,6.000000000000000000e+01
7.047440686924070441e+00,1.000000000000000000e+00,6.000000000000000000e+01
7.055349308225373761e+00,1.000000000000000000e+00,6.000000000000000000e+01
7.063257929526677970e+00,1.000000000000000000e+00,6.000000000000000000e+01
7.071166550827982178e+00,1.000000000000000000e+00,6.000000000000000000e+01
7.079075172129286386e+00,1.000000000000000000e+00,6.000000000000000000e+01
7.086983793430589706e+00,1.000000000000000000e+00,6.000000000000000000e+01
7.094892414731893027e+00,1.000000000000000000e+00,6.000000000000000000e+01
7.102801036033197235e+00,1.000000000000000000e+00,6.000000000000000000e+01
7.110709657334501443e+00,1.000000000000000000e+00,6.000000000000000000e+01
7.118618278635804764e+00,1.000000000000000000e+00,6.000000000000000000e+01
7.126526899937108084e+00,1.000000000000000000e+00,6.000000000000000000e+01
7.134435521238412292e+00,1.000000000000000000e+00,6.000000000000000000e+01
7.142344142539716501e+00,1.000000000000000000e+00,6.000000000000000000e+01
7.150252763841020709e+00,1.000000000000000000e+00,6.000000000000000000e+01
7.158161385142324029e+00,1.000000000000000000e+00,6.000000000000000000e+01
7.166070006443627349e+00,1.000000000000000000e+00,6.000000000000000000e+01
7.173978627744931558e+00,1.000000000000000000e+00,6.000000000000000000e+01
7.181887249046235766e+00,1.000000000000000000e+00,6.000000000000000000e+01
7.189795870347539086e+00,1.000000000000000000e+00,6.000000000000000000e+01
7.197704491648843295e+00,1.000000000000000000e+00,6.000000000000000000e+01
7.205613112950146615e+00,1.000000000000000000e+00,6.000000000000000000e+01
7.213521734251450823e+00,1.000000000000000000e+00,6.000000000000000000e+01
7.221430355552755032e+00,1.000000000000000000e+00,6.000000000000000000e+01
7.229338976854058352e+00,1.000000000000000000e+00,6.000000000000000000e+01
7.237247598155361672e+00,1.000000000000000000e+00,6.000000000000000000e+01
7.245156219456665880e+00,1.000000000000000000e+00,6.000000000000000000e+01
7.253064840757970089e+00,1.000000000000000000e+00,6.000000000000000000e+01
7.260973462059274297e+00,1.000000000000000000e+00,6.000000000000000000e+01
7.268882083360577617e+00,1.000000000000000000e+00,6.000000000000000000e+01
7.276790704661880937e+00,1.000000000000000000e+00,6.000000000000000000e+01
7.284699325963185146e+00,1.000000000000000000e+00,6.000000000000000000e+01
7.292607947264489354e+00,1.000000000000000000e+00,6.000000000000000000e+01
7.300516568565792674e+00,1.000000000000000000e+00,6.000000000000000000e+01
7.308425189867095995e+00,1.000000000000000000e+00,6.000000000000000000e+01
7.316333811168400203e+00,1.000000000000000000e+00,6.000000000000000000e+01
7.324242432469704411e+00,1.000000000000000000e+00,6.000000000000000000e+01
7.332151053771008620e+00,1.000000000000000000e+00,6.000000000000000000e+01
7.340059675072311940e+00,1.000000000000000000e+00,6.000000000000000000e+01
7.347968296373615260e+00,1.000000000000000000e+00,6.000000000000000000e+01
7.355876917674919468e+00,1.000000000000000000e+00,6.000000000000000000e+01
7.363785538976223677e+00,1.000000000000000000e+00,6.000000000000000000e+01
7.371694160277527885e+00,1.000000000000000000e+00,6.000000000000000000e+01
7.379602781578830317e+00,1.000000000000000000e+00,6.000000000000000000e+01
7.387511402880134526e+00,1.000000000000000000e+00,6.000000000000000000e+01
7.395420024181438734e+00,1.000000000000000000e+00,6.000000000000000000e+01
7.403328645482742942e+00,1.000000000000000000e+00,6.000000000000000000e+01
7.411237266784047151e+00,1.000000000000000000e+00,6.000000000000000000e+01
7.419145888085349583e+00,1.000000000000000000e+00,6.000000000000000000e+01
7.427054509386653791e+00,1.000000000000000000e+00,6.000000000000000000e+01
7.434963130687957999e+00,1.000000000000000000e+00,6.000000000000000000e+01
7.442871751989262208e+00,1.000000000000000000e+00,6.000000000000000000e+01
7.450780373290564640e+00,1.000000000000000000e+00,6.000000000000000000e+01
7.458688994591868848e+00,1.000000000000000000e+00,6.000000000000000000e+01
7.466597615893173057e+00,1.000000000000000000e+00,6.000000000000000000e+01
7.474506237194477265e+00,1.000000000000000000e+00,6.000000000000000000e+01
7.482414858495781473e+00,1.000000000000000000e+00,6.000000000000000000e+01
7.490323479797083905e+00,1.000000000000000000e+00,6.000000000000000000e+01
7.498232101098388114e+00,1.000000000000000000e+00,6.000000000000000000e+01
7.506140722399692322e+00,1.000000000000000000e+00,6.000000000000000000e+01
7.514049343700996531e+00,1.000000000000000000e+00,6.000000000000000000e+01
7.521957965002298963e+00,1.000000000000000000e+00,6.000000000000000000e+01
7.529866586303603171e+00,1.000000000000000000e+00,6.000000000000000000e+01
7.537775207604907379e+00,1.000000000000000000e+00,6.000000000000000000e+01
7.545683828906211588e+00,1.000000000000000000e+00,6.000000000000000000e+01
7.553592450207515796e+00,1.000000000000000000e+00,6.000000000000000000e+01
7.561501071508818228e+00,1.000000000000000000e+00,6.000000000000000000e+01
7.569409692810122436e+00,1.000000000000000000e+00,6.000000000000000000e+01
7.577318314111426645e+00,1.000000000000000000e+00,6.000000000000000000e+01
7.585226935412730853e+00,1.000000000000000000e+00,6.000000000000000000e+01
7.593135556714035062e+00,1.000000000000000000e+00,6.000000000000000000e+01
7.601044178015337494e+00,1.000000000000000000e+00,6.000000000000000000e+01
7.608952799316641702e+00,1.000000000000000000e+00,6.000000000000000000e+01
7.616861420617945910e+00,1.000000000000000000e+00,6.000000000000000000e+01
7.624770041919250119e+00,1.000000000000000000e+00,6.000000000000000000e+01
7.632678663220552551e+00,1.000000000000000000e+00,6.000000000000000000e+01
7.640587284521856759e+00,1.000000000000000000e+00,6.000000000000000000e+01
7.648495905823160967e+00,1.000000000000000000e+00,6.000000000000000000e+01
7.656404527124465176e+00,1.000000000000000000e+00,6.000000000000000000e+01
7.664313148425769384e+00,1.000000000000000000e+00,6.000000000000000000e+01
7.672221769727071816e+00,1.000000000000000000e+00,6.000000000000000000e+01
7.680130391028376025e+00,1.000000000000000000e+00,6.000000000000000000e+01
7.688039012329680233e+00,1.000000000000000000e+00,6.000000000000000000e+01
7.695947633630984441e+00,1.000000000000000000e+00,6.000000000000000000e+01
7.703856254932288650e+00,1.000000000000000000e+00,6.000000000000000000e+01
7.711764876233591082e+00,1.000000000000000000e+00,6.000000000000000000e+01
7.719673497534895290e+00,1.000000000000000000e+00,6.000000000000000000e+01
7.727582118836199498e+00,1.000000000000000000e+00,6.000000000000000000e+01
7.735490740137503707e+00,1.000000000000000000e+00,6.000000000000000000e+01
7.743399361438806139e+00,1.000000000000000000e+00,6.000000000000000000e+01
7.751307982740110347e+00,1.000000000000000000e+00,6.000000000000000000e+01
7.759216604041414556e+00,1.000000000000000000e+00,6.000000000000000000e+01
7.767125225342718764e+00,1.000000000000000000e+00,6.000000000000000000e+01
7.775033846644022972e+00,1.000000000000000000e+00,6.000000000000000000e+01
7.782942467945325404e+00,1.000000000000000000e+00,6.000000000000000000e+01
7.790851089246629613e+00,1.000000000000000000e+00,6.000000000000000000e+01
7.798759710547933821e+00,1.000000000000000000e+00,6.000000000000000000e+01
7.806668331849238029e+00,1.000000000000000000e+00,6.000000000000000000e+01
7.814576953150540461e+00,1.000000000000000000e+00,6.000000000000000000e+01
7.822485574451844670e+00,1.000000000000000000e+00,6.000000000000000000e+01
7.830394195753148878e+00,1.000000000000000000e+00,6.000000000000000000e+01
7.838302817054453087e+00,1.000000000000000000e+00,6.000000000000000000e+01
7.846211438355757295e+00,1.000000000000000000e+00,6.000000000000000000e+01
7.854120059657059727e+00,1.000000000000000000e+00,6.000000000000000000e+01
7.862028680958363935e+00,1.000000000000000000e+00,6.000000000000000000e+01
7.869937302259668144e+00,1.000000000000000000e+00,6.000000000000000000e+01
7.877845923560972352e+00,1.000000000000000000e+00,6.000000000000000000e+01
7.885754544862276560e+00,1.000000000000000000e+00,6.000000000000000000e+01
7.893663166163578992e+00,1.000000000000000000e+00,6.000000000000000000e+01
7.901571787464883201e+00,1.000000000000000000e+00,6.000000000000000000e+01
7.909480408766187409e+00,1.000000000000000000e+00,6.000000000000000000e+01
7.917389030067491618e+00,1.000000000000000000e+00,6.000000000000000000e+01
7.925297651368794050e+00,1.000000000000000000e+00,6.000000000000000000e+01
7.933206272670098258e+00,1.000000000000000000e+00,6.000000000000000000e+01
7.941114893971402466e+00,1.000000000000000000e+00,6.000000000000000000e+01
7.949023515272706675e+00,1.000000000000000000e+00,6.000000000000000000e+01
7.956932136574010883e+00,1.000000000000000000e+00,6.000000000000000000e+01
7.964840757875313315e+00,1.000000000000000000e+00,6.000000000000000000e+01
7.972749379176617524e+00,1.000000000000000000e+00,6.000000000000000000e+01
7.980658000477921732e+00,1.000000000000000000e+00,6.000000000000000000e+01
7.988566621779225940e+00,1.000000000000000000e+00,6.000000000000000000e+01
7.996475243080528372e+00,1.000000000000000000e+00,6.000000000000000000e+01
8.004383864381832581e+00,1.000000000000000000e+00,6.000000000000000000e+01
8.012292485683136789e+00,1.000000000000000000e+00,6.000000000000000000e+01
8.020201106984440997e+00,1.000000000000000000e+00,6.000000000000000000e+01
8.028109728285745206e+00,1.000000000000000000e+00,6.000000000000000000e+01
8.036018349587047638e+00,1.000000000000000000e+00,6.000000000000000000e+01
8.043926970888351846e+00,1.000000000000000000e+00,6.000000000000000000e+01
8.051835592189656055e+00,1.000000000000000000e+00,6.000000000000000000e+01
8.059744213490960263e+00,1.000000000000000000e+00,6.000000000000000000e+01
8.067652834792264471e+00,1.000000000000000000e+00,6.000000000000000000e+01
8.075561456093566903e+00,1.000000000000000000e+00,6.000000000000000000e+01
8.083470077394871112e+00,1.000000000000000000e+00,6.000000000000000000e+01
8.091378698696175320e+00,1.000000000000000000e+00,6.000000000000000000e+01
8.099287319997479528e+00,1.000000000000000000e+00,6.000000000000000000e+01
8.107195941298781960e+00,1.000000000000000000e+00,6.000000000000000000e+01
8.115104562600086169e+00,1.000000000000000000e+00,6.000000000000000000e+01
8.123013183901390377e+00,1.000000000000000000e+00,6.000000000000000000e+01
8.130921805202694586e+00,1.000000000000000000e+00,6.000000000000000000e+01
8.138830426503998794e+00,1.000000000000000000e+00,6.000000000000000000e+01
8.146739047805301226e+00,1.000000000000000000e+00,6.000000000000000000e+01
8.154647669106605434e+00,1.000000000000000000e+00,6.000000000000000000e+01
8.162556290407909643e+00,1.000000000000000000e+00,6.000000000000000000e+01
8.170464911709213851e+00,1.000000000000000000e+00,6.000000000000000000e+01
8.178373533010518059e+00,1.000000000000000000e+00,6.000000000000000000e+01
8.186282154311820491e+00,1.000000000000000000e+00,6.000000000000000000e+01
8.194190775613124700e+00,1.000000000000000000e+00,6.000000000000000000e+01
8.202099396914428908e+00,1.000000000000000000e+00,6.000000000000000000e+01
8.210008018215733117e+00,1.000000000000000000e+00,6.000000000000000000e+01
8.217916639517035549e+00,1.000000000000000000e+00,6.000000000000000000e+01
8.225825260818339757e+00,1.000000000000000000e+00,6.000000000000000000e+01
8.233733882119643965e+00,1.000000000000000000e+00,6.000000000000000000e+01
8.241642503420948174e+00,1.000000000000000000e+00,6.000000000000000000e+01
8.249551124722252382e+00,1.000000000000000000e+00,6.000000000000000000e+01
8.257459746023554814e+00,1.000000000000000000e+00,6.000000000000000000e+01
8.265368367324859022e+00,1.000000000000000000e+00,6.000000000000000000e+01
8.273276988626163231e+00,1.000000000000000000e+00,6.000000000000000000e+01
8.281185609927467439e+00,1.000000000000000000e+00,6.000000000000000000e+01
8.289094231228769871e+00,1.000000000000000000e+00,6.000000000000000000e+01
8.297002852530074080e+00,1.000000000000000000e+00,6.000000000000000000e+01
8.304911473831378288e+00,1.000000000000000000e+00,6.000000000000000000e+01
8.312820095132682496e+00,1.000000000000000000e+00,6.000000000000000000e+01
8.320728716433986705e+00,1.000000000000000000e+00,6.000000000000000000e+01
8.328637337735289137e+00,1.000000000000000000e+00,6.000000000000000000e+01
8.336545959036593345e+00,1.000000000000000000e+00,6.000000000000000000e+01
8.344454580337897553e+00,1.000000000000000000e+00,6.000000000000000000e+01
8.352363201639201762e+00,1.000000000000000000e+00,6.000000000000000000e+01
8.360271822940505970e+00,1.000000000000000000e+00,6.000000000000000000e+01
8.368180444241808402e+00,1.000000000000000000e+00,6.000000000000000000e+01
8.376089065543112611e+00,1.000000000000000000e+00,6.000000000000000000e+01
8.383997686844416819e+00,1.000000000000000000e+00,6.000000000000000000e+01
8.391906308145721027e+00,1.000000000000000000e+00,6.000000000000000000e+01
8.399814929447023459e+00,1.000000000000000000e+00,6.000000000000000000e+01
8.407723550748327668e+00,1.000000000000000000e+00,6.000000000000000000e+01
8.415632172049631876e+00,1.000000000000000000e+00,6.000000000000000000e+01
8.423540793350936084e+00,1.000000000000000000e+00,6.000000000000000000e+01
8.431449414652240293e+00,1.000000000000000000e+00,6.000000000000000000e+01
8.439358035953542725e+00,1.000000000000000000e+00,6.000000000000000000e+01
8.447266657254846933e+00,1.000000000000000000e+00,6.000000000000000000e+01
8.455175278556151142e+00,1.000000000000000000e+00,6.000000000000000000e+01
8.463083899857455350e+00,1.000000000000000000e+00,6.000000000000000000e+01
8.470992521158757782e+00,1.000000000000000000e+00,6.000000000000000000e+01
8.478901142460061990e+00,1.000000000000000000e+00,6.000000000000000000e+01
8.486809763761366199e+00,1.000000000000000000e+00,6.000000000000000000e+01
8.494718385062670407e+00,1.000000000000000000e+00,6.000000000000000000e+01
8.502627006363974616e+00,1.000000000000000000e+00,6.000000000000000000e+01
8.510535627665277048e+00,1.000000000000000000e+00,6.000000000000000000e+01
8.518444248966581256e+00,1.000000000000000000e+00,6.000000000000000000e+01
8.526352870267885464e+00,1.000000000000000000e+00,6.000000000000000000e+01
8.534261491569189673e+00,1.000000000000000000e+00,6.000000000000000000e+01
8.542170112870493881e+00,1.000000000000000000e+00,6.000000000000000000e+01
8.550078734171796313e+00,1.000000000000000000e+00,6.000000000000000000e+01
8.557987355473100521e+00,1.000000000000000000e+00,6.000000000000000000e+01
8.565895976774404730e+00,1.000000000000000000e+00,6.000000000000000000e+01
8.573804598075708938e+00,1.000000000000000000e+00,6.000000000000000000e+01
8.581713219377011370e+00,1.000000000000000000e+00,6.000000000000000000e+01
8.589621840678315579e+00,1.000000000000000000e+00,6.000000000000000000e+01
8.597530461979619787e+00,1.000000000000000000e+00,6.000000000000000000e+01
8.605439083280923995e+00,1.000000000000000000e+00,6.000000000000000000e+01
8.613347704582228204e+00,1.000000000000000000e+00,6.000000000000000000e+01
8.621256325883530636e+00,1.000000000000000000e+00,6.000000000000000000e+01
8.629164947184834844e+00,1.000000000000000000e+00,6.000000000000000000e+01
8.637073568486139052e+00,1.000000000000000000e+00,6.000000000000000000e+01
8.644982189787443261e+00,1.000000000000000000e+00,6.000000000000000000e+01
8.652890811088745693e+00,1.000000000000000000e+00,6.000000000000000000e+01
8.660799432390049901e+00,1.000000000000000000e+00,6.000000000000000000e+01
8.668708053691354110e+00,1.000000000000000000e+00,6.000000000000000000e+01
8.676616674992658318e+00,1.000000000000000000e+00,6.000000000000000000e+01
8.684525296293962526e+00,1.000000000000000000e+00,6.000000000000000000e+01
8.692433917595264958e+00,1.000000000000000000e+00,6.000000000000000000e+01
8.700342538896569167e+00,1.000000000000000000e+00,6.000000000000000000e+01
8.708251160197873375e+00,1.000000000000000000e+00,6.000000000000000000e+01
8.716159781499177583e+00,1.000000000000000000e+00,6.000000000000000000e+01
8.724068402800481792e+00,1.000000000000000000e+00,6.000000000000000000e+01
8.731977024101784224e+00,1.000000000000000000e+00,6.000000000000000000e+01
8.739885645403088432e+00,1.000000000000000000e+00,6.000000000000000000e+01
8.747794266704392641e+00,1.000000000000000000e+00,6.000000000000000000e+01
8.755702888005696849e+00,1.000000000000000000e+00,6.000000000000000000e+01
8.763611509306999281e+00,1.000000000000000000e+00,6.000000000000000000e+01
8.771520130608303489e+00,1.000000000000000000e+00,6.000000000000000000e+01
8.779428751909607698e+00,1.000000000000000000e+00,6.000000000000000000e+01
8.787337373210911906e+00,1.000000000000000000e+00,6.000000000000000000e+01
8.795245994512216114e+00,1.000000000000000000e+00,6.000000000000000000e+01
8.803154615813518546e+00,1.000000000000000000e+00,6.000000000000000000e+01
8.811063237114822755e+00,1.000000000000000000e+00,6.000000000000000000e+01
8.818971858416126963e+00,1.000000000000000000e+00,6.000000000000000000e+01
8.826880479717431172e+00,1.000000000000000000e+00,6.000000000000000000e+01
8.834789101018735380e+00,1.000000000000000000e+00,6.000000000000000000e+01
8.842697722320037812e+00,1.000000000000000000e+00,6.000000000000000000e+01
8.850606343621342020e+00,1.000000000000000000e+00,6.000000000000000000e+01
8.858514964922646229e+00,1.000000000000000000e+00,6.000000000000000000e+01
8.866423586223950437e+00,1.000000000000000000e+00,6.000000000000000000e+01
8.874332207525252869e+00,1.000000000000000000e+00,6.000000000000000000e+01
8.882240828826557077e+00,1.000000000000000000e+00,6.000000000000000000e+01
8.890149450127861286e+00,1.000000000000000000e+00,6.000000000000000000e+01
8.898058071429165494e+00,1.000000000000000000e+00,6.000000000000000000e+01
8.905966692730469703e+00,1.000000000000000000e+00,6.000000000000000000e+01
8.913875314031772135e+00,1.000000000000000000e+00,6.000000000000000000e+01
8.921783935333076343e+00,1.000000000000000000e+00,6.000000000000000000e+01
8.929692556634380551e+00,1.000000000000000000e+00,6.000000000000000000e+01
8.937601177935684760e+00,1.000000000000000000e+00,6.000000000000000000e+01
8.945509799236987192e+00,1.000000000000000000e+00,6.000000000000000000e+01
8.953418420538291400e+00,1.000000000000000000e+00,6.000000000000000000e+01
8.961327041839595609e+00,1.000000000000000000e+00,6.000000000000000000e+01
8.969235663140899817e+00,1.000000000000000000e+00,6.000000000000000000e+01
8.977144284442204025e+00,1.000000000000000000e+00,6.000000000000000000e+01
8.985052905743506457e+00,1.000000000000000000e+00,6.000000000000000000e+01
8.992961527044810666e+00,1.000000000000000000e+00,6.000000000000000000e+01
9.000870148346114874e+00,1.000000000000000000e+00,6.000000000000000000e+01
9.008778769647419082e+00,1.000000000000000000e+00,6.000000000000000000e+01
9.016687390948723291e+00,1.000000000000000000e+00,6.000000000000000000e+01
9.024596012250025723e+00,1.000000000000000000e+00,6.000000000000000000e+01
9.032504633551329931e+00,1.000000000000000000e+00,6.000000000000000000e+01
9.040413254852634140e+00,1.000000000000000000e+00,6.000000000000000000e+01
9.048321876153938348e+00,1.000000000000000000e+00,6.000000000000000000e+01
9.056230497455240780e+00,1.000000000000000000e+00,6.000000000000000000e+01
9.064139118756544988e+00,1.000000000000000000e+00,6.000000000000000000e+01
9.072047740057849197e+00,1.000000000000000000e+00,6.000000000000000000e+01
9.079956361359153405e+00,1.000000000000000000e+00,6.000000000000000000e+01
9.087864982660457613e+00,1.000000000000000000e+00,6.000000000000000000e+01
9.095773603961760045e+00,1.000000000000000000e+00,6.000000000000000000e+01
9.103682225263064254e+00,1.000000000000000000e+00,6.000000000000000000e+01
9.111590846564368462e+00,1.000000000000000000e+00,6.000000000000000000e+01
9.119499467865672671e+00,1.000000000000000000e+00,6.000000000000000000e+01
9.127408089166975103e+00,1.000000000000000000e+00,6.000000000000000000e+01
9.135316710468279311e+00,1.000000000000000000e+00,6.000000000000000000e+01
9.143225331769583519e+00,1.000000000000000000e+00,6.000000000000000000e+01
9.151133953070887728e+00,1.000000000000000000e+00,6.000000000000000000e+01
9.159042574372191936e+00,1.000000000000000000e+00,6.000000000000000000e+01
9.166951195673494368e+00,1.000000000000000000e+00,6.000000000000000000e+01
9.174859816974798576e+00,1.000000000000000000e+00,6.000000000000000000e+01
9.182768438276102785e+00,1.000000000000000000e+00,6.000000000000000000e+01
9.190677059577406993e+00,1.000000000000000000e+00,6.000000000000000000e+01
9.198585680878711202e+00,1.000000000000000000e+00,6.000000000000000000e+01
9.206494302180013634e+00,1.000000000000000000e+00,6.000000000000000000e+01
9.214402923481317842e+00,1.000000000000000000e+00,6.000000000000000000e+01
9.222311544782622050e+00,1.000000000000000000e+00,6.000000000000000000e+01
9.230220166083926259e+00,1.000000000000000000e+00,6.000000000000000000e+01
9.238128787385228691e+00,1.000000000000000000e+00,6.000000000000000000e+01
9.246037408686532899e+00,1.000000000000000000e+00,6.000000000000000000e+01
9.253946029987837107e+00,1.000000000000000000e+00,6.000000000000000000e+01
9.261854651289141316e+00,1.000000000000000000e+00,6.000000000000000000e+01
9.269763272590445524e+00,1.000000000000000000e+00,6.000000000000000000e+01
9.277671893891747956e+00,1.000000000000000000e+00,6.000000000000000000e+01
9.285580515193052165e+00,1.000000000000000000e+00,6.000000000000000000e+01
9.293489136494356373e+00,1.000000000000000000e+00,6.000000000000000000e+01
9.301397757795660581e+00,1.000000000000000000e+00,6.000000000000000000e+01
9.309306379096964790e+00,1.000000000000000000e+00,6.000000000000000000e+01
9.317215000398267222e+00,1.000000000000000000e+00,6.000000000000000000e+01
9.325123621699571430e+00,1.000000000000000000e+00,6.000000000000000000e+01
9.333032243000875638e+00,1.000000000000000000e+00,6.000000000000000000e+01
9.340940864302179847e+00,1.000000000000000000e+00,6.000000000000000000e+01
9.348849485603482279e+00,1.000000000000000000e+00,6.000000000000000000e+01
9.356758106904786487e+00,1.000000000000000000e+00,6.000000000000000000e+01
9.364666728206090696e+00,1.000000000000000000e+00,6.000000000000000000e+01
9.372575349507394904e+00,1.000000000000000000e+00,6.000000000000000000e+01
9.380483970808699112e+00,1.000000000000000000e+00,6.000000000000000000e+01
9.388392592110001544e+00,1.000000000000000000e+00,6.000000000000000000e+01
9.396301213411305753e+00,1.000000000000000000e+00,6.000000000000000000e+01
9.404209834712609961e+00,1.000000000000000000e+00,6.000000000000000000e+01
9.412118456013914169e+00,1.000000000000000000e+00,6.000000000000000000e+01
9.420027077315216602e+00,1.000000000000000000e+00,6.000000000000000000e+01
9.427935698616520810e+00,1.000000000000000000e+00,6.000000000000000000e+01
9.435844319917825018e+00,1.000000000000000000e+00,6.000000000000000000e+01
9.443752941219129227e+00,1.000000000000000000e+00,6.000000000000000000e+01
9.451661562520433435e+00,1.000000000000000000e+00,6.000000000000000000e+01
9.459570183821735867e+00,1.000000000000000000e+00,6.000000000000000000e+01
9.467478805123040075e+00,1.000000000000000000e+00,6.000000000000000000e+01
9.475387426424344284e+00,1.000000000000000000e+00,6.000000000000000000e+01
9.483296047725648492e+00,1.000000000000000000e+00,6.000000000000000000e+01
9.491204669026952701e+00,1.000000000000000000e+00,6.000000000000000000e+01
9.499113290328255133e+00,1.000000000000000000e+00,6.000000000000000000e+01
9.507021911629559341e+00,1.000000000000000000e+00,6.000000000000000000e+01
9.514930532930863549e+00,1.000000000000000000e+00,6.000000000000000000e+01
9.522839154232167758e+00,1.000000000000000000e+00,6.000000000000000000e+01
9.530747775533470190e+00,1.000000000000000000e+00,6.000000000000000000e+01
9.538656396834774398e+00,1.000000000000000000e+00,6.000000000000000000e+01
9.546565018136078606e+00,1.000000000000000000e+00,6.000000000000000000e+01
9.554473639437382815e+00,1.000000000000000000e+00,6.000000000000000000e+01
9.562382260738687023e+00,1.000000000000000000e+00,6.000000000000000000e+01
9.570290882039989455e+00,1.000000000000000000e+00,6.000000000000000000e+01
9.578199503341293664e+00,1.000000000000000000e+00,6.000000000000000000e+01
9.586108124642597872e+00,1.000000000000000000e+00,6.000000000000000000e+01
9.594016745943902080e+00,1.000000000000000000e+00,6.000000000000000000e+01
9.601925367245204512e+00,1.000000000000000000e+00,6.000000000000000000e+01
9.609833988546508721e+00,1.000000000000000000e+00,6.000000000000000000e+01
9.617742609847812929e+00,1.000000000000000000e+00,6.000000000000000000e+01
9.625651231149117137e+00,1.000000000000000000e+00,6.000000000000000000e+01
9.633559852450421346e+00,1.000000000000000000e+00,6.000000000000000000e+01
9.641468473751723778e+00,1.000000000000000000e+00,6.000000000000000000e+01
9.649377095053027986e+00,1.000000000000000000e+00,6.000000000000000000e+01
9.657285716354332195e+00,1.000000000000000000e+00,6.000000000000000000e+01
9.665194337655636403e+00,1.000000000000000000e+00,6.000000000000000000e+01
9.673102958956940611e+00,1.000000000000000000e+00,6.000000000000000000e+01
9.681011580258243043e+00,1.000000000000000000e+00,6.000000000000000000e+01
9.688920201559547252e+00,1.000000000000000000e+00,6.000000000000000000e+01
9.696828822860851460e+00,1.000000000000000000e+00,6.000000000000000000e+01
9.704737444162155668e+00,1.000000000000000000e+00,6.000000000000000000e+01
9.712646065463458100e+00,1.000000000000000000e+00,6.000000000000000000e+01
9.720554686764762309e+00,1.000000000000000000e+00,6.000000000000000000e+01
9.728463308066066517e+00,1.000000000000000000e+00,6.000000000000000000e+01
9.736371929367370726e+00,1.000000000000000000e+00,6.000000000000000000e+01
9.744280550668674934e+00,1.000000000000000000e+00,6.000000000000000000e+01
9.752189171969977366e+00,1.000000000000000000e+00,6.000000000000000000e+01
9.760097793271281574e+00,1.000000000000000000e+00,6.000000000000000000e+01
9.768006414572585783e+00,1.000000000000000000e+00,6.000000000000000000e+01
9.775915035873889991e+00,1.000000000000000000e+00,6.000000000000000000e+01
9.783823657175192423e+00,1.000000000000000000e+00,6.000000000000000000e+01
9.791732278476496631e+00,1.000000000000000000e+00,6.000000000000000000e+01
9.799640899777800840e+00,1.000000000000000000e+00,6.000000000000000000e+01
9.807549521079105048e+00,1.000000000000000000e+00,6.000000000000000000e+01
9.815458142380409257e+00,1.000000000000000000e+00,6.000000000000000000e+01
9.823366763681711689e+00,1.000000000000000000e+00,6.000000000000000000e+01
9.831275384983015897e+00,1.000000000000000000e+00,6.000000000000000000e+01
9.839184006284320105e+00,1.000000000000000000e+00,6.000000000000000000e+01
9.847092627585624314e+00,1.000000000000000000e+00,6.000000000000000000e+01
9.855001248886928522e+00,1.000000000000000000e+00,6.000000000000000000e+01
9.862909870188230954e+00,1.000000000000000000e+00,6.000000000000000000e+01
9.870818491489535162e+00,1.000000000000000000e+00,6.000000000000000000e+01
9.878727112790839371e+00,1.000000000000000000e+00,6.000000000000000000e+01
9.886635734092143579e+00,1.000000000000000000e+00,6.000000000000000000e+01
9.894544355393446011e+00,1.000000000000000000e+00,6.000000000000000000e+01
9.902452976694750220e+00,1.000000000000000000e+00,6.000000000000000000e+01
9.910361597996054428e+00,1.000000000000000000e+00,6.000000000000000000e+01
9.918270219297358636e+00,1.000000000000000000e+00,6.000000000000000000e+01
9.926178840598662845e+00,1.000000000000000000e+00,6.000000000000000000e+01
9.934087461899965277e+00,1.000000000000000000e+00,6.000000000000000000e+01
9.941996083201269485e+00,1.000000000000000000e+00,6.000000000000000000e+01
9.949904704502573694e+00,1.000000000000000000e+00,6.000000000000000000e+01
9.957813325803877902e+00,1.000000000000000000e+00,6.000000000000000000e+01
9.965721947105182110e+00,1.000000000000000000e+00,6.000000000000000000e+01
9.973630568406484542e+00,1.000000000000000000e+00,6.000000000000000000e+01
9.981539189707788751e+00,1.000000000000000000e+00,6.000000000000000000e+01
9.989447811009092959e+00,1.000000000000000000e+00,6.000000000000000000e+01
9.997356432310397167e+00,1.000000000000000000e+00,6.000000000000000000e+01
1.000526505361169960e+01,1.000000000000000000e+00,6.000000000000000000e+01
1.001317367491300381e+01,1.000000000000000000e+00,6.000000000000000000e+01
1.002108229621430802e+01,1.000000000000000000e+00,6.000000000000000000e+01
1.002899091751561222e+01,1.000000000000000000e+00,6.000000000000000000e+01
1.003689953881691643e+01,1.000000000000000000e+00,6.000000000000000000e+01
1.004480816011821886e+01,1.000000000000000000e+00,6.000000000000000000e+01
1.005271678141952307e+01,1.000000000000000000e+00,6.000000000000000000e+01
1.006062540272082728e+01,1.000000000000000000e+00,6.000000000000000000e+01
1.006853402402213149e+01,1.000000000000000000e+00,6.000000000000000000e+01
1.007644264532343392e+01,1.000000000000000000e+00,6.000000000000000000e+01
1.008435126662473813e+01,1.000000000000000000e+00,6.000000000000000000e+01
1.009225988792604234e+01,1.000000000000000000e+00,6.000000000000000000e+01
1.010016850922734655e+01,1.000000000000000000e+00,6.000000000000000000e+01
1.010807713052865076e+01,1.000000000000000000e+00,6.000000000000000000e+01
1.011598575182995319e+01,1.000000000000000000e+00,6.000000000000000000e+01
1.012389437313125740e+01,1.000000000000000000e+00,6.000000000000000000e+01
1.013180299443256160e+01,1.000000000000000000e+00,6.000000000000000000e+01
1.013971161573386581e+01,1.000000000000000000e+00,6.000000000000000000e+01
1.014762023703517002e+01,1.000000000000000000e+00,6.000000000000000000e+01
1.015552885833647245e+01,1.000000000000000000e+00,6.000000000000000000e+01
1.016343747963777666e+01,1.000000000000000000e+00,6.000000000000000000e+01
1.017134610093908087e+01,1.000000000000000000e+00,6.000000000000000000e+01
1.017925472224038508e+01,1.000000000000000000e+00,6.000000000000000000e+01
1.018716334354168751e+01,1.000000000000000000e+00,6.000000000000000000e+01
1.019507196484299172e+01,1.000000000000000000e+00,6.000000000000000000e+01
1.020298058614429593e+01,1.000000000000000000e+00,6.000000000000000000e+01
1.021088920744560014e+01,1.000000000000000000e+00,6.000000000000000000e+01
1.021879782874690434e+01,1.000000000000000000e+00,6.000000000000000000e+01
1.022670645004820678e+01,1.000000000000000000e+00,6.000000000000000000e+01
1.023461507134951098e+01,1.000000000000000000e+00,6.000000000000000000e+01
1.024252369265081519e+01,1.000000000000000000e+00,6.000000000000000000e+01
1.025043231395211940e+01,1.000000000000000000e+00,6.000000000000000000e+01
1.025834093525342183e+01,1.000000000000000000e+00,6.000000000000000000e+01
1.026624955655472604e+01,1.000000000000000000e+00,6.000000000000000000e+01
1.027415817785603025e+01,1.000000000000000000e+00,6.000000000000000000e+01
1.028206679915733446e+01,1.000000000000000000e+00,6.000000000000000000e+01
1.028997542045863867e+01,1.000000000000000000e+00,6.000000000000000000e+01
1.029788404175994110e+01,1.000000000000000000e+00,6.000000000000000000e+01
1.030579266306124531e+01,1.000000000000000000e+00,6.000000000000000000e+01
1.031370128436254952e+01,1.000000000000000000e+00,6.000000000000000000e+01
1.032160990566385372e+01,1.000000000000000000e+00,6.000000000000000000e+01
1.032951852696515793e+01,1.000000000000000000e+00,6.000000000000000000e+01
1.033742714826646036e+01,1.000000000000000000e+00,6.000000000000000000e+01
1.034533576956776457e+01,1.000000000000000000e+00,6.000000000000000000e+01
1.035324439086906878e+01,1.000000000000000000e+00,6.000000000000000000e+01
1.036115301217037299e+01,1.000000000000000000e+00,6.000000000000000000e+01
1.036906163347167542e+01,1.000000000000000000e+00,6.000000000000000000e+01
1.037697025477297963e+01,1.000000000000000000e+00,6.000000000000000000e+01
1.038487887607428384e+01,1.000000000000000000e+00,6.000000000000000000e+01
1.039278749737558805e+01,1.000000000000000000e+00,6.000000000000000000e+01
1.040069611867689225e+01,1.000000000000000000e+00,6.000000000000000000e+01
1.040860473997819469e+01,1.000000000000000000e+00,6.000000000000000000e+01
1.041651336127949889e+01,1.000000000000000000e+00,6.000000000000000000e+01
1.042442198258080310e+01,1.000000000000000000e+00,6.000000000000000000e+01
1.043233060388210731e+01,1.000000000000000000e+00,6.000000000000000000e+01
1.044023922518341152e+01,1.000000000000000000e+00,6.000000000000000000e+01
1.044814784648471395e+01,1.000000000000000000e+00,6.000000000000000000e+01
1.045605646778601816e+01,1.000000000000000000e+00,6.000000000000000000e+01
1.046396508908732237e+01,1.000000000000000000e+00,6.000000000000000000e+01
1.047187371038862658e+01,1.000000000000000000e+00,6.000000000000000000e+01
1.047978233168992901e+01,1.000000000000000000e+00,6.000000000000000000e+01
1.048769095299123322e+01,1.000000000000000000e+00,6.000000000000000000e+01
1.049559957429253743e+01,1.000000000000000000e+00,6.000000000000000000e+01
1.050350819559384163e+01,1.000000000000000000e+00,6.000000000000000000e+01
1.051141681689514584e+01,1.001680283306947583e+00,6.000000000000000000e+01
1.051932543819644827e+01,1.004090391008507943e+00,6.000000000000000000e+01
1.052723405949775248e+01,1.006504167478901035e+00,6.000000000000000000e+01
1.053514268079905669e+01,1.008921614877846373e+00,6.000000000000000000e+01
1.054305130210036090e+01,1.011342735364882284e+00,6.000000000000000000e+01
1.055095992340166333e+01,1.013767531099377450e+00,6.000000000000000000e+01
1.055886854470296754e+01,1.016196004240517592e+00,6.000000000000000000e+01
1.056677716600427175e+01,1.018628156947311902e+00,6.000000000000000000e+01
1.057468578730557596e+01,1.021063991378593050e+00,6.000000000000000000e+01
1.058259440860688017e+01,1.023503509693016289e+00,6.000000000000000000e+01
1.059050302990818260e+01,1.025946714049059461e+00,6.000000000000000000e+01
1.059841165120948681e+01,1.028393606605020771e+00,6.000000000000000000e+01
1.060632027251079101e+01,1.030844189519027676e+00,6.000000000000000000e+01
1.061422889381209522e+01,1.033298464949024220e+00,6.000000000000000000e+01
1.062213751511339943e+01,1.035756435052777258e+00,6.000000000000000000e+01
1.063004613641470186e+01,1.038218101987878672e+00,6.000000000000000000e+01
1.063795475771600607e+01,1.040683467911743598e+00,6.000000000000000000e+01
1.064586337901731028e+01,1.043152534981607094e+00,6.000000000000000000e+01
1.065377200031861449e+01,1.045625305354527468e+00,6.000000000000000000e+01
1.066168062161991692e+01,1.048101781187385839e+00,6.000000000000000000e+01
1.066958924292122113e+01,1.050581964636884802e+00,6.000000000000000000e+01
1.067749786422252534e+01,1.053065857859551979e+00,6.000000000000000000e+01
1.068540648552382955e+01,1.055553463011730475e+00,6.000000000000000000e+01
1.069331510682513375e+01,1.058044782249592863e+00,6.000000000000000000e+01
1.070122372812643619e+01,1.060539817729125867e+00,6.000000000000000000e+01
1.070913234942774039e+01,1.063038571606145899e+00,6.000000000000000000e+01
1.071704097072904460e+01,1.065541046036283079e+00,6.000000000000000000e+01
1.072494959203034881e+01,1.068047243174995886e+00,6.000000000000000000e+01
1.073285821333165124e+01,1.070557165177557168e+00,6.000000000000000000e+01
1.074076683463295545e+01,1.073070814199064582e+00,6.000000000000000000e+01
1.074867545593425966e+01,1.075588192394435927e+00,6.000000000000000000e+01
1.075658407723556387e+01,1.078109301918409590e+00,6.000000000000000000e+01
1.076449269853686808e+01,1.080634144925544549e+00,6.000000000000000000e+01
1.077240131983817051e+01,1.083162723570215924e+00,6.000000000000000000e+01
1.078030994113947472e+01,1.085695040006624090e+00,6.000000000000000000e+01
1.078821856244077892e+01,1.088231096388786234e+00,6.000000000000000000e+01
1.079612718374208313e+01,1.090770894870539465e+00,6.000000000000000000e+01
1.080403580504338734e+01,1.093314437605540368e+00,6.000000000000000000e+01
1.081194442634468977e+01,1.095861726747263010e+00,6.000000000000000000e+01
1.081985304764599398e+01,1.098412764449001155e+00,6.000000000000000000e+01
1.082776166894729819e+01,1.100967552863866050e+00,6.000000000000000000e+01
1.083567029024860240e+01,1.103526094144787750e+00,6.000000000000000000e+01
1.084357891154990483e+01,1.106088390444514458e+00,6.000000000000000000e+01
1.085148753285120904e+01,1.108654443915609633e+00,6.000000000000000000e+01
1.085939615415251325e+01,1.111224256710454439e+00,6.000000000000000000e+01
1.086730477545381746e+01,1.113797830981250847e+00,6.000000000000000000e+01
1.087499999999999645e+01,1.116305575659162663e+00,6.000000000000000000e+01
1.087521339675512166e+01,1.116375168880008983e+00,6.000000000000000000e+01
1.088312201805642410e+01,1.118956272558561560e+00,6.000000000000000000e+01
1.089103063935772830e+01,1.121541144168560544e+00,6.000000000000000000e+01
1.089893926065903251e+01,1.124129785861462283e+00,6.000000000000000000e+01
1.090684788196033672e+01,1.126722199788544376e+00,6.000000000000000000e+01
1.091475650326163915e+01,1.129318388100902792e+00,6.000000000000000000e+01
1.092266512456294336e+01,1.131918352949441875e+00,6.000000000000000000e+01
1.093057374586424757e+01,1.134522096484880560e+00,6.000000000000000000e+01
1.093848236716555178e+01,1.137129620857757262e+00,6.000000000000000000e+01
1.094639098846685599e+01,1.139740928218416771e+00,6.000000000000000000e+01
1.095429960976815842e+01,1.142356020717017806e+00,6.000000000000000000e+01
1.096220823106946263e+01,1.144974900503536119e+00,6.000000000000000000e+01
1.097011685237076684e+01,1.147597569727754951e+00,6.000000000000000000e+01
1.097802547367207104e+01,1.150224030539271691e+00,6.000000000000000000e+01
1.098593409497337525e+01,1.152854285087492325e+00,6.000000000000000000e+01
1.099384271627467768e+01,1.155488335521636323e+00,6.000000000000000000e+01
1.100175133757598189e+01,1.158126183990733749e+00,6.000000000000000000e+01
1.100965995887728610e+01,1.160767832643623265e+00,6.000000000000000000e+01
1.101756858017859031e+01,1.163413283628951911e+00,6.000000000000000000e+01
1.102547720147989274e+01,1.166062539095178208e+00,6.000000000000000000e+01
1.103338582278119695e+01,1.168715601190570386e+00,6.000000000000000000e+01
1.104129444408250116e+01,1.171372472063200609e+00,6.000000000000000000e+01
1.104920306538380537e+01,1.174033153860953638e+00,6.000000000000000000e+01
1.105711168668510958e+01,1.176697648731516388e+00,6.000000000000000000e+01
1.106502030798641201e+01,1.179365958822385929e+00,6.000000000000000000e+01
1.107292892928771622e+01,1.182038086280868372e+00,6.000000000000000000e+01
1.108083755058902042e+01,1.184714033254070431e+00,6.000000000000000000e+01
1.108874617189032463e+01,1.187393801888906308e+00,6.000000000000000000e+01
1.109665479319162884e+01,1.190077394332095917e+00,6.000000000000000000e+01
1.110456341449293127e+01,1.192764812730164437e+00,6.000000000000000000e+01
1.111247203579423548e+01,1.195456059229438317e+00,6.000000000000000000e+01
1.112038065709553969e+01,1.198151135976052384e+00,6.000000000000000000e+01
1.112828927839684390e+01,1.200850045115935849e+00,6.000000000000000000e+01
1.113619789969814633e+01,1.203552788794829631e+00,6.000000000000000000e+01
1.114410652099945054e+01,1.206259369158273032e+00,6.000000000000000000e+01
1.115201514230075475e+01,1.208969788351606178e+00,6.000000000000000000e+01
1.115992376360205895e+01,1.211684048519971579e+00,6.000000000000000000e+01
1.116783238490336316e+01,1.214402151808308350e+00,6.000000000000000000e+01
1.117574100620466560e+01,1.217124100361362427e+00,6.000000000000000000e+01
1.118364962750596980e+01,1.219849896323675909e+00,6.000000000000000000e+01
1.119155824880727401e+01,1.222579541839588169e+00,6.000000000000000000e+01
1.119946687010857822e+01,1.225313039053236963e+00,6.000000000000000000e+01
1.120737549140988065e+01,1.228050390108563539e+00,6.000000000000000000e+01
1.121528411271118486e+01,1.230791597149298644e+00,6.000000000000000000e+01
1.122319273401248907e+01,1.233536662318978072e+00,6.000000000000000000e+01
1.123110135531379328e+01,1.236285587760924898e+00,6.000000000000000000e+01
1.123900997661509749e+01,1.239038375618266130e+00,6.000000000000000000e+01
1.124691859791639992e+01,1.241795028033917614e+00,6.000000000000000000e+01
1.125482721921770413e+01,1.244555547150597574e+00,6.000000000000000000e+01
1.126273584051900833e+01,1.247319935110808187e+00,6.000000000000000000e+01
1.127064446182031254e+01,1.250088194056854674e+00,6.000000000000000000e+01
1.127855308312161675e+01,1.252860326130829982e+00,6.000000000000000000e+01
1.128646170442291918e+01,1.255636333474620336e+00,6.000000000000000000e+01
1.129437032572422339e+01,1.258416218229905903e+00,6.000000000000000000e+01
1.130227894702552760e+01,1.261199982538157016e+00,6.000000000000000000e+01
1.131018756832683181e+01,1.263987628540632846e+00,6.000000000000000000e+01
1.131809618962813424e+01,1.266779158378383840e+00,6.000000000000000000e+01
1.132600481092943845e+01,1.269574574192255056e+00,6.000000000000000000e+01
1.133391343223074266e+01,1.272373878122874613e+00,6.000000000000000000e+01
1.134182205353204687e+01,1.275177072310657911e+00,6.000000000000000000e+01
1.134973067483335107e+01,1.277984158895816069e+00,6.000000000000000000e+01
1.135763929613465528e+01,1.280795140018342604e+00,6.000000000000000000e+01
1.136554791743595771e+01,1.283610017818013871e+00,6.000000000000000000e+01
1.137345653873726192e+01,1.286428794434398393e+00,6.000000000000000000e+01
1.138136516003856613e+01,1.289251472006855304e+00,6.000000000000000000e+01
1.138927378133987034e+01,1.292078052674514366e+00,6.000000000000000000e+01
1.139718240264117455e+01,1.294908538576302615e+00,6.000000000000000000e+01
1.140509102394247698e+01,1.297742931850923931e+00,6.000000000000000000e+01
1.141299964524378119e+01,1.300581234636869921e+00,6.000000000000000000e+01
1.142090826654508540e+01,1.303423449072411033e+00,6.000000000000000000e+01
1.142881688784638960e+01,1.306269577295602557e+00,6.000000000000000000e+01
1.143672550914769204e+01,1.309119621444280179e+00,6.000000000000000000e+01
1.144463413044899625e+01,1.311973583656063980e+00,6.000000000000000000e+01
1.145254275175030045e+01,1.314831466068348886e+00,6.000000000000000000e+01
1.146045137305160466e+01,1.317693270818310669e+00,6.000000000000000000e+01
1.146835999435290887e+01,1.320559000042912157e+00,6.000000000000000000e+01
1.147626861565421130e+01,1.323428655878881255e+00,6.000000000000000000e+01
1.148417723695551551e+01,1.326302240462737370e+00,6.000000000000000000e+01
1.149208585825681972e+01,1.329179755930767870e+00,6.000000000000000000e+01
1.149999447955812393e+01,1.332061204419042522e+00,6.000000000000000000e+01
1.150790310085942636e+01,1.334946588063402606e+00,6.000000000000000000e+01
1.151581172216073057e+01,1.337835908999470247e+00,6.000000000000000000e+01
1.152372034346203478e+01,1.340729169362639306e+00,6.000000000000000000e+01
1.153162896476333898e+01,1.343626371288080712e+00,6.000000000000000000e+01
1.153953758606464319e+01,1.346527516910733580e+00,6.000000000000000000e+01
1.154744620736594563e+01,1.349432608365317421e+00,6.000000000000000000e+01
1.155535482866724983e+01,1.352341647786321044e+00,6.000000000000000000e+01
1.156326344996855404e+01,1.355254637308006105e+00,6.000000000000000000e+01
1.157117207126985825e+01,1.358171579064402890e+00,6.000000000000000000e+01
1.157908069257116246e+01,1.361092475189317641e+00,6.000000000000000000e+01
1.158698931387246489e+01,1.364017327816322345e+00,6.000000000000000000e+01
1.159489793517376910e+01,1.366946139078761613e+00,6.000000000000000000e+01
1.160280655647507331e+01,1.369878911109745800e+00,6.000000000000000000e+01
1.161071517777637752e+01,1.372815646042160997e+00,6.000000000000000000e+01
1.161862379907767995e+01,1.375756346008651043e+00,6.000000000000000000e+01
1.162653242037898416e+01,1.378701013141635734e+00,6.000000000000000000e+01
1.163444104168028836e+01,1.381649649573296168e+00,6.000000000000000000e+01
1.164234966298159257e+01,1.384602257435581629e+00,6.000000000000000000e+01
1.165025828428289678e+01,1.387558838860207588e+00,6.000000000000000000e+01
1.165816690558419921e+01,1.390519395978654371e+00,6.000000000000000000e+01
1.166607552688550342e+01,1.393483930922163383e+00,6.000000000000000000e+01
1.167398414818680763e+01,1.396452445821743327e+00,6.000000000000000000e+01
1.168189276948811184e+01,1.399424942808165095e+00,6.000000000000000000e+01
1.168980139078941427e+01,1.402401424011961550e+00,6.000000000000000000e+01
1.169771001209071848e+01,1.405381891563427521e+00,6.000000000000000000e+01
1.170561863339202269e+01,1.408366347592621581e+00,6.000000000000000000e+01
1.171352725469332690e+01,1.411354794229358500e+00,6.000000000000000000e+01
1.172143587599463110e+01,1.414347233603214127e+00,6.000000000000000000e+01
1.172934449729593354e+01,1.417343667843528721e+00,6.000000000000000000e+01
1.173725311859723774e+01,1.420344099079395628e+00,6.000000000000000000e+01
1.174516173989854195e+01,1.423348529439670385e+00,6.000000000000000000e+01
1.175307036119984616e+01,1.426356961052961614e+00,6.000000000000000000e+01
1.176097898250115037e+01,1.429369396047641683e+00,6.000000000000000000e+01
1.176888760380245280e+01,1.432385836551834934e+00,6.000000000000000000e+01
1.177679622510375701e+01,1.435406284693421908e+00,6.000000000000000000e+01
1.178470484640506122e+01,1.438430742600040890e+00,6.000000000000000000e+01
1.179261346770636543e+01,1.441459212399081480e+00,6.000000000000000000e+01
1.180052208900766786e+01,1.444491696217691690e+00,6.000000000000000000e+01
1.180843071030897207e+01,1.447528196182771287e+00,6.000000000000000000e+01
1.181633933161027628e+01,1.450568714420968686e+00,6.000000000000000000e+01
1.182424795291158048e+01,1.453613253058691379e+00,6.000000000000000000e+01
1.183215657421288469e+01,1.456661814222096396e+00,6.000000000000000000e+01
1.184006519551418712e+01,1.459714400037090742e+00,6.000000000000000000e+01
1.184797381681549133e+01,1.462771012629332734e+00,6.000000000000000000e+01
1.185588243811679554e+01,1.465831654124233552e+00,6.000000000000000000e+01
1.186379105941809975e+01,1.468896326646949690e+00,6.000000000000000000e+01
1.187169968071940396e+01,1.471965032322386735e+00,6.000000000000000000e+01
1.187960830202070639e+01,1.475037773275203135e+00,6.000000000000000000e+01
1.188751692332201060e+01,1.478114551629799989e+00,6.000000000000000000e+01
1.189542554462331481e+01,1.481195369510329041e+00,6.000000000000000000e+01
1.190333416592461901e+01,1.484280229040687571e+00,6.000000000000000000e+01
1.191124278722592145e+01,1.487369132344517952e+00,6.000000000000000000e+01
1.191915140852722566e+01,1.490462081545208095e+00,6.000000000000000000e+01
1.192706002982852986e+01,1.493559078765894554e+00,6.000000000000000000e+01
1.193496865112983407e+01,1.496660126129452761e+00,6.000000000000000000e+01
1.194287727243113828e+01,1.499765225758505016e+00,6.000000000000000000e+01
1.195078589373244071e+01,1.502874379775413383e+00,6.000000000000000000e+01
1.195869451503374492e+01,1.505987590302293011e+00,6.000000000000000000e+01
1.196660313633504913e+01,1.509104859460986381e+00,6.000000000000000000e+01
1.197451175763635334e+01,1.512226189373087060e+00,6.000000000000000000e+01
1.198242037893765577e+01,1.515351582159928823e+00,6.000000000000000000e+01
1.199032900023895998e+01,1.518481039942582766e+00,6.000000000000000000e+01
1.199823762154026419e+01,1.521614564841857753e+00,6.000000000000000000e+01
1.200614624284156839e+01,1.524752158978311511e+00,6.000000000000000000e+01
1.201405486414287260e+01,1.527893824472229767e+00,6.000000000000000000e+01
1.202196348544417503e+01,1.531039563443643337e+00,6.000000000000000000e+01
1.202987210674547924e+01,1.534189378012316807e+00,6.000000000000000000e+01
1.203778072804678345e+01,1.537343270297754083e+00,6.000000000000000000e+01
1.204568934934808766e+01,1.540501242419194616e+00,6.000000000000000000e+01
1.205359797064939187e+01,1.543663296495613624e+00,6.000000000000000000e+01
1.206150659195069430e+01,1.546829434645722756e+00,6.000000000000000000e+01
1.206941521325199851e+01,1.549999658987968987e+00,6.000000000000000000e+01
1.207732383455330272e+01,1.553173971640532391e+00,6.000000000000000000e+01
1.208523245585460693e+01,1.556352374721322374e+00,6.000000000000000000e+01
1.209314107715590936e+01,1.559534870347990765e+00,6.000000000000000000e+01
1.210104969845721357e+01,1.562721460637916948e+00,6.000000000000000000e+01
1.210895831975851777e+01,1.565912147708212077e+00,6.000000000000000000e+01
1.211686694105982198e+01,1.569106933675719739e+00,6.000000000000000000e+01
1.212477556236112619e+01,1.572305820657016850e+00,6.000000000000000000e+01
1.213268418366242862e+01,1.575508810768406098e+00,6.000000000000000000e+01
1.214059280496373283e+01,1.578715906125925272e+00,6.000000000000000000e+01
1.214850142626503704e+01,1.581927108845337715e+00,6.000000000000000000e+01
1.215641004756634125e+01,1.585142421042139205e+00,6.000000000000000000e+01
1.216431866886764368e+01,1.588361844831549963e+00,6.000000000000000000e+01
1.217222729016894789e+01,1.591585382328523979e+00,6.000000000000000000e+01
1.218013591147025210e+01,1.594813035647733690e+00,6.000000000000000000e+01
1.218804453277155631e+01,1.598044806903591741e+00,6.000000000000000000e+01
1.219595315407286051e+01,1.601280698210222786e+00,6.000000000000000000e+01
1.220386177537416295e+01,1.604520711681487910e+00,6.000000000000000000e+01
1.221177039667546715e+01,1.607764849430966425e+00,6.000000000000000000e+01
1.221967901797677136e+01,1.611013113571967414e+00,6.000000000000000000e+01
1.222758763927807557e+01,1.614265506217523738e+00,6.000000000000000000e+01
1.223549626057937978e+01,1.617522029480387813e+00,6.000000000000000000e+01
1.224340488188068221e+01,1.620782685473045159e+00,6.000000000000000000e+01
1.225131350318198642e+01,1.624047476307687976e+00,6.000000000000000000e+01
1.225922212448329063e+01,1.627316404096250002e+00,6.000000000000000000e+01
1.226713074578459484e+01,1.630589470950373210e+00,6.000000000000000000e+01
1.227503936708589727e+01,1.633866678981421794e+00,6.000000000000000000e+01
1.228294798838720148e+01,1.637148030300490831e+00,6.000000000000000000e+01
1.229085660968850569e+01,1.640433527018386295e+00,6.000000000000000000e+01
1.229876523098980989e+01,1.643723171245635273e+00,6.000000000000000000e+01
1.230667385229111410e+01,1.647016965092486629e+00,6.000000000000000000e+01
1.231458247359241653e+01,1.650314910668908563e+00,6.000000000000000000e+01
1.232249109489372074e+01,1.653617010084586836e+00,6.000000000000000000e+01
1.233039971619502495e+01,1.656923265448921434e+00,6.000000000000000000e+01
1.233830833749632916e+01,1.660233678871037677e+00,6.000000000000000000e+01
1.234621695879763337e+01,1.663548252459772003e+00,6.000000000000000000e+01
1.235412558009893580e+01,1.666866988323675747e+00,6.000000000000000000e+01
1.236203420140024001e+01,1.670189888571025572e+00,6.000000000000000000e+01
1.236994282270154422e+01,1.673516955309803045e+00,6.000000000000000000e+01
1.237785144400284842e+01,1.676848190647712178e+00,6.000000000000000000e+01
1.238576006530415086e+01,1.680183596692163883e+00,6.000000000000000000e+01
1.239366868660545506e+01,1.683523175550296180e+00,6.000000000000000000e+01
1.240157730790675927e+01,1.686866929328947107e+00,6.000000000000000000e+01
1.240948592920806348e+01,1.690214860134676256e+00,6.000000000000000000e+01
1.241739455050936769e+01,1.693566970073755007e+00,6.000000000000000000e+01
1.242530317181067012e+01,1.696923261252161863e+00,6.000000000000000000e+01
1.243321179311197433e+01,1.700283735775594884e+00,6.000000000000000000e+01
1.244112041441327854e+01,1.703648395749460587e+00,6.000000000000000000e+01
1.244902903571458275e+01,1.707017243278874163e+00,6.000000000000000000e+01
1.245693765701588518e+01,1.710390280468662816e+00,6.000000000000000000e+01
1.246484627831718939e+01,1.713767509423364199e+00,6.000000000000000000e+01
1.247275489961849360e+01,1.717148932247223314e+00,6.000000000000000000e+01
1.248066352091979780e+01,1.720534551044199834e+00,6.000000000000000000e+01
1.248857214222110201e+01,1.723924367917965661e+00,6.000000000000000000e+01
1.249648076352240444e+01,1.727318384971881837e+00,6.000000000000000000e+01
1.250438938482370865e+01,1.730716604309041173e+00,6.000000000000000000e+01
1.251229800612501286e+01,1.734119028032224730e+00,6.000000000000000000e+01
1.252020662742631707e+01,1.737525658243938231e+00,6.000000000000000000e+01
1.252811524872762128e+01,1.740936497046376763e+00,6.000000000000000000e+01
1.253602387002892371e+01,1.744351546541454523e+00,6.000000000000000000e+01
1.254393249133022792e+01,1.747770808830785949e+00,6.000000000000000000e+01
1.255184111263153213e+01,1.751194286015693491e+00,6.000000000000000000e+01
1.255974973393283634e+01,1.754621980197198061e+00,6.000000000000000000e+01
1.256765835523413877e+01,1.758053893476038576e+00,6.000000000000000000e+01
1.257556697653544298e+01,1.761490027952640647e+00,6.000000000000000000e+01
1.258347559783674718e+01,1.764930385727147888e+00,6.000000000000000000e+01
1.259138421913805139e+01,1.768374968899404598e+00,6.000000000000000000e+01
1.259929284043935560e+01,1.771823779568951762e+00,6.000000000000000000e+01
1.260720146174065803e+01,1.775276819835033937e+00,6.000000000000000000e+01
1.261511008304196224e+01,1.778734091796608574e+00,6.000000000000000000e+01
1.262301870434326645e+01,1.782195597552323596e+00,6.000000000000000000e+01
1.263092732564457066e+01,1.785661339200530939e+00,6.000000000000000000e+01
1.263883594694587309e+01,1.789131318839286111e+00,6.000000000000000000e+01
1.264674456824717730e+01,1.792605538566348189e+00,6.000000000000000000e+01
1.265465318954848151e+01,1.796084000479164944e+00,6.000000000000000000e+01
1.266256181084978572e+01,1.799566706674898375e+00,6.000000000000000000e+01
1.267047043215108992e+01,1.803053659250392959e+00,6.000000000000000000e+01
1.267837905345239236e+01,1.806544860302208066e+00,6.000000000000000000e+01
1.268628767475369656e+01,1.810040311926592871e+00,6.000000000000000000e+01
1.269419629605500077e+01,1.813540016219502782e+00,6.000000000000000000e+01
1.270210491735630498e+01,1.817043975276588119e+00,6.000000000000000000e+01
1.271001353865760919e+01,1.820552191193189451e+00,6.000000000000000000e+01
1.271792215995891162e+01,1.824064666064343809e+00,6.000000000000000000e+01
1.272583078126021583e+01,1.827581401984809339e+00,6.000000000000000000e+01
1.273373940256152004e+01,1.831102401049006012e+00,6.000000000000000000e+01
1.274164802386282425e+01,1.834627665351080239e+00,6.000000000000000000e+01
1.274955664516412668e+01,1.838157196984844477e+00,6.000000000000000000e+01
1.275746526646543089e+01,1.841690998043836736e+00,6.000000000000000000e+01
1.276537388776673509e+01,1.845229070621272394e+00,6.000000000000000000e+01
1.277328250906803930e+01,1.848771416810068624e+00,6.000000000000000000e+01
1.278119113036934351e+01,1.852318038702825076e+00,6.000000000000000000e+01
1.278909975167064594e+01,1.855868938391848522e+00,6.000000000000000000e+01
1.279700837297195015e+01,1.859424117969136425e+00,6.000000000000000000e+01
1.280491699427325436e+01,1.862983579526377387e+00,6.000000000000000000e+01
1.281282561557455857e+01,1.866547325154959580e+00,6.000000000000000000e+01
1.282073423687586100e+01,1.870115356945950325e+00,6.000000000000000000e+01
1.282864285817716521e+01,1.873687676990117179e+00,6.000000000000000000e+01
1.283655147947846942e+01,1.877264287377925500e+00,6.000000000000000000e+01
1.284446010077977363e+01,1.880845190199524231e+00,6.000000000000000000e+01
1.285236872208107783e+01,1.884430387544753449e+00,6.000000000000000000e+01
1.286027734338238027e+01,1.888019881503152364e+00,6.000000000000000000e+01
1.286818596468368447e+01,1.891613674163941106e+00,6.000000000000000000e+01
1.287609458598498868e+01,1.895211767616033161e+00,6.000000000000000000e+01
1.288400320728629289e+01,1.898814163948042921e+00,6.000000000000000000e+01
1.289191182858759710e+01,1.902420865248250603e+00,6.000000000000000000e+01
1.289982044988889953e+01,1.906031873604654647e+00,6.000000000000000000e+01
1.290772907119020374e+01,1.909647191104920427e+00,6.000000000000000000e+01
1.291563769249150795e+01,1.913266819836410892e+00,6.000000000000000000e+01
1.292354631379281216e+01,1.916890761886177019e+00,6.000000000000000000e+01
1.293145493509411459e+01,1.920519019340961142e+00,6.000000000000000000e+01
1.293936355639541880e+01,1.924151594287187850e+00,6.000000000000000000e+01
1.294727217769672301e+01,1.927788488810970202e+00,6.000000000000000000e+01
1.295518079899802721e+01,1.931429704998114172e+00,6.000000000000000000e+01
1.296308942029933142e+01,1.935075244934106431e+00,6.000000000000000000e+01
1.297099804160063385e+01,1.938725110704116128e+00,6.000000000000000000e+01
1.297890666290193806e+01,1.942379304393018646e+00,6.000000000000000000e+01
1.298681528420324227e+01,1.946037828085353194e+00,6.000000000000000000e+01
1.299472390550454648e+01,1.949700683865358997e+00,6.000000000000000000e+01
1.300263252680585069e+01,1.953367873816954425e+00,6.000000000000000000e+01
1.301054114810715312e+01,1.957039400023738995e+00,6.000000000000000000e+01
1.301844976940845733e+01,1.960715264569014460e+00,6.000000000000000000e+01
1.302635839070976154e+01,1.964395469535743510e+00,6.000000000000000000e+01
1.303426701201106575e+01,1.968080017006597293e+00,6.000000000000000000e+01
1.304217563331236818e+01,1.971768909063906339e+00,6.000000000000000000e+01
1.305008425461367239e+01,1.975462147789711631e+00,6.000000000000000000e+01
1.305799287591497659e+01,1.979159735265716202e+00,6.000000000000000000e+01
1.306590149721628080e+01,1.982861673573320660e+00,6.000000000000000000e+01
1.307381011851758501e+01,1.986567964793598984e+00,6.000000000000000000e+01
1.308171873981888744e+01,1.990278611007313181e+00,6.000000000000000000e+01
1.308962736112019165e+01,1.993993614294905070e+00,6.000000000000000000e+01
1.309753598242149586e+01,1.997712976736511381e+00,6.000000000000000000e+01
1.310544460372280007e+01,2.001436700411922676e+00,6.000000000000000000e+01
1.311335322502410250e+01,2.005164787400645299e+00,6.000000000000000000e+01
1.312126184632540671e+01,2.008897239781838984e+00,6.000000000000000000e+01
1.312917046762671092e+01,2.012634059634357708e+00,6.000000000000000000e+01
1.313707908892801512e+01,2.016375249036746364e+00,6.000000000000000000e+01
1.314498771022931933e+01,2.020120810067214112e+00,6.000000000000000000e+01
1.315289633153062177e+01,2.023870744803655697e+00,6.000000000000000000e+01
1.316080495283192597e+01,2.027625055323651893e+00,6.000000000000000000e+01
1.316871357413323018e+01,2.031383743704447742e+00,6.000000000000000000e+01
1.317662219543453439e+01,2.035146812022995189e+00,6.000000000000000000e+01
1.318453081673583860e+01,2.038914262355898899e+00,6.000000000000000000e+01
1.319243943803714103e+01,2.042686096779457561e+00,6.000000000000000000e+01
1.320034805933844524e+01,2.046462317369648343e+00,6.000000000000000000e+01
1.320825668063974945e+01,2.050242926202130000e+00,6.000000000000000000e+01
1.321616530194105366e+01,2.054027925352225115e+00,6.000000000000000000e+01
1.322407392324235609e+01,2.057817316894953397e+00,6.000000000000000000e+01
1.323198254454366030e+01,2.061611102904999271e+00,6.000000000000000000e+01
1.323989116584496450e+01,2.065409285456734079e+00,6.000000000000000000e+01
1.324779978714626871e+01,2.069211866624205420e+00,6.000000000000000000e+01
1.325570840844757292e+01,2.073018848481131826e+00,6.000000000000000000e+01
1.326361702974887535e+01,2.076830233100923628e+00,6.000000000000000000e+01
1.327152565105017956e+01,2.080646022556651875e+00,6.000000000000000000e+01
1.327943427235148377e+01,2.084466218921078084e+00,6.000000000000000000e+01
1.328734289365278798e+01,2.088290824266629375e+00,6.000000000000000000e+01
1.329525151495409041e+01,2.092119840665420671e+00,6.000000000000000000e+01
1.330316013625539462e+01,2.095953270189234718e+00,6.000000000000000000e+01
1.331106875755669883e+01,2.099791114909533629e+00,6.000000000000000000e+01
1.331897737885800304e+01,2.103633376897459772e+00,6.000000000000000000e+01
1.332688600015930724e+01,2.107480058223829111e+00,6.000000000000000000e+01
1.333479462146060968e+01,2.111331160959125430e+00,6.000000000000000000e+01
1.334270324276191388e+01,2.115186687173515878e+00,6.000000000000000000e+01
1.335061186406321809e+01,2.119046638936853189e+00,6.000000000000000000e+01
1.335852048536452230e+01,2.122911018318645482e+00,6.000000000000000000e+01
1.336642910666582651e+01,2.126779827388082467e+00,6.000000000000000000e+01
1.337433772796712894e+01,2.130653068214028778e+00,6.000000000000000000e+01
1.338224634926843315e+01,2.134530742865033748e+00,6.000000000000000000e+01
1.339015497056973736e+01,2.138412853409304759e+00,6.000000000000000000e+01
1.339806359187104157e+01,2.142299401914740997e+00,6.000000000000000000e+01
1.340597221317234400e+01,2.146190390448900587e+00,6.000000000000000000e+01
1.341388083447364821e+01,2.150085821079022796e+00,6.000000000000000000e+01
1.342178945577495242e+01,2.153985695872024486e+00,6.000000000000000000e+01
1.342969807707625662e+01,2.157890016894485896e+00,6.000000000000000000e+01
1.343760669837756083e+01,2.161798786212662637e+00,6.000000000000000000e+01
1.344551531967886326e+01,2.165712005892495462e+00,6.000000000000000000e+01
1.345342394098016747e+01,2.169629677999590722e+00,6.000000000000000000e+01
1.346133256228147168e+01,2.173551804599218595e+00,6.000000000000000000e+01
1.346924118358277589e+01,2.177478387756337508e+00,6.000000000000000000e+01
1.347714980488407832e+01,2.181409429535566602e+00,6.000000000000000000e+01
1.348505842618538253e+01,2.185344932001209717e+00,6.000000000000000000e+01
1.349296704748668674e+01,2.189284897217233627e+00,6.000000000000000000e+01
1.350087566878799095e+01,2.193229327247273819e+00,6.000000000000000000e+01
1.350878429008929515e+01,2.197178224154650916e+00,6.000000000000000000e+01
1.351669291139059759e+01,2.201131590002350702e+00,6.000000000000000000e+01
1.352460153269190180e+01,2.205089426853022783e+00,6.000000000000000000e+01
1.353251015399320600e+01,2.209051736769004570e+00,6.000000000000000000e+01
1.354041877529451021e+01,2.213018521812295525e+00,6.000000000000000000e+01
1.354832739659581442e+01,2.216989784044564704e+00,6.000000000000000000e+01
1.355623601789711685e+01,2.220965525527158757e+00,6.000000000000000000e+01
1.356414463919842106e+01,2.224945748321084160e+00,6.000000000000000000e+01
1.357205326049972527e+01,2.228930454487040969e+00,6.000000000000000000e+01
1.357996188180102948e+01,2.232919646085372634e+00,6.000000000000000000e+01
1.358787050310233191e+01,2.236913325176112632e+00,6.000000000000000000e+01
1.359577912440363612e+01,2.240911493818951161e+00,6.000000000000000000e+01
1.360368774570494033e+01,2.244914154073271106e+00,6.000000000000000000e+01
1.361159636700624453e+01,2.248921307998096975e+00,6.000000000000000000e+01
1.361950498830754874e+01,2.252932957652148627e+00,6.000000000000000000e+01
1.362741360960885117e+01,2.256949105093796870e+00,6.000000000000000000e+01
1.363532223091015538e+01,2.260969752381094544e+00,6.000000000000000000e+01
1.364323085221145959e+01,2.264994901571759200e+00,6.000000000000000000e+01
1.365113947351276380e+01,2.269024554723185094e+00,6.000000000000000000e+01
1.365904809481406801e+01,2.273058713892421423e+00,6.000000000000000000e+01
1.366695671611537044e+01,2.277097381136209187e+00,6.000000000000000000e+01
1.367486533741667465e+01,2.281140558510933669e+00,6.000000000000000000e+01
1.368277395871797886e+01,2.285188248072663519e+00,6.000000000000000000e+01
1.369068258001928307e+01,2.289240451877146754e+00,6.000000000000000000e+01
1.369859120132058550e+01,2.293297171979776561e+00,6.000000000000000000e+01
1.370649982262188971e+01,2.297358410435637488e+00,6.000000000000000000e+01
1.371440844392319391e+01,2.301424169299465028e+00,6.000000000000000000e+01
1.372231706522449812e+01,2.305494450625674485e+00,6.000000000000000000e+01
1.373022568652580233e+01,2.309569256468347653e+00,6.000000000000000000e+01
1.373813430782710476e+01,2.313648588881231927e+00,6.000000000000000000e+01
1.374604292912840897e+01,2.317732449917753179e+00,6.000000000000000000e+01
1.375395155042971318e+01,2.321820841630994892e+00,6.000000000000000000e+01
1.376186017173101739e+01,2.325913766073706590e+00,6.000000000000000000e+01
1.376976879303231982e+01,2.330011225298326938e+00,6.000000000000000000e+01
1.377767741433362403e+01,2.334113221356931778e+00,6.000000000000000000e+01
1.378558603563492824e+01,2.338219756301294527e+00,6.000000000000000000e+01
1.379349465693623245e+01,2.342330832182830225e+00,6.000000000000000000e+01
1.380140327823753665e+01,2.346446451052650595e+00,6.000000000000000000e+01
1.380931189953883909e+01,2.350566614961509870e+00,6.000000000000000000e+01
1.381722052084014329e+01,2.354691325959847870e+00,6.000000000000000000e+01
1.382512914214144750e+01,2.358820586097757133e+00,6.000000000000000000e+01
1.383303776344275171e+01,2.362954397425013120e+00,6.000000000000000000e+01
1.384094638474405592e+01,2.367092761991050232e+00,6.000000000000000000e+01
1.384885500604535835e+01,2.371235681844959586e+00,6.000000000000000000e+01
1.385676362734666256e+01,2.375383159035529879e+00,6.000000000000000000e+01
1.386467224864796677e+01,2.379535195611191867e+00,6.000000000000000000e+01
1.387258086994927098e+01,2.383691793620055677e+00,6.000000000000000000e+01
1.388048949125057341e+01,2.387852955109880160e+00,6.000000000000000000e+01
1.388839811255187762e+01,2.392018682128114637e+00,6.000000000000000000e+01
1.389630673385318183e+01,2.396188976721876251e+00,6.000000000000000000e+01
1.390421535515448603e+01,2.400363840937924653e+00,6.000000000000000000e+01
1.391212397645579024e+01,2.404543276822710407e+00,6.000000000000000000e+01
1.392003259775709267e+01,2.408727286422339908e+00,6.000000000000000000e+01
1.392794121905839688e+01,2.412915871782587374e+00,6.000000000000000000e+01
1.393584984035970109e+01,2.417109034948896173e+00,6.000000000000000000e+01
1.394375846166100530e+01,2.421306777966384605e+00,6.000000000000000000e+01
1.395166708296230773e+01,2.425509102879811696e+00,6.000000000000000000e+01
1.395957570426361194e+01,2.429716011733634495e+00,6.000000000000000000e+01
1.396748432556491615e+01,2.433927506571961441e+00,6.000000000000000000e+01
1.397539294686622036e+01,2.438143589438562575e+00,6.000000000000000000e+01
1.398330156816752456e+01,2.442364262376887751e+00,6.000000000000000000e+01
1.399121018946882700e+01,2.446589527430050648e+00,6.000000000000000000e+01
1.399911881077013120e+01,2.450819386640815445e+00,6.000000000000000000e+01
1.400702743207143541e+01,2.455053842051641677e+00,6.000000000000000000e+01
1.401493605337273962e+01,2.459292895704622062e+00,6.000000000000000000e+01
1.402284467467404383e+01,2.463536549641543338e+00,6.000000000000000000e+01
1.403075329597534626e+01,2.467784805903846745e+00,6.000000000000000000e+01
1.403866191727665047e+01,2.472037666532639122e+00,6.000000000000000000e+01
1.404657053857795468e+01,2.476295133568703122e+00,6.000000000000000000e+01
1.405447915987925889e+01,2.480557209052475898e+00,6.000000000000000000e+01
1.406238778118056132e+01,2.484823895024061091e+00,6.000000000000000000e+01
1.407029640248186553e+01,2.489095193523241711e+00,6.000000000000000000e+01
1.407820502378316974e+01,2.493371106589453490e+00,6.000000000000000000e+01
1.408611364508447394e+01,2.497651636261801311e+00,6.000000000000000000e+01
1.409402226638577815e+01,2.501936784579068984e+00,6.000000000000000000e+01
1.410193088768708058e+01,2.506226553579681493e+00,6.000000000000000000e+01
1.410983950898838479e+01,2.510520945301760509e+00,6.000000000000000000e+01
1.411774813028968900e+01,2.514819961783063551e+00,6.000000000000000000e+01
1.412565675159099321e+01,2.519123605061039939e+00,6.000000000000000000e+01
1.413356537289229742e+01,2.523431877172783278e+00,6.000000000000000000e+01
1.414147399419359985e+01,2.527744780155074089e+00,6.000000000000000000e+01
1.414938261549490406e+01,2.532062316044341621e+00,6.000000000000000000e+01
1.415729123679620827e+01,2.536384486876698485e+00,6.000000000000000000e+01
1.416519985809751248e+01,2.540711294687907795e+00,6.000000000000000000e+01
1.417310847939881491e+01,2.545042741513400042e+00,6.000000000000000000e+01
1.418101710070011912e+01,2.549378829388279311e+00,6.000000000000000000e+01
1.418892572200142332e+01,2.553719560347316175e+00,6.000000000000000000e+01
1.419683434330272753e+01,2.558064936424946811e+00,6.000000000000000000e+01
1.420474296460403174e+01,2.562414959655255231e+00,6.000000000000000000e+01
1.421265158590533417e+01,2.566769632072023910e+00,6.000000000000000000e+01
1.422056020720663838e+01,2.571128955708675168e+00,6.000000000000000000e+01
1.422846882850794259e+01,2.575492932598306695e+00,6.000000000000000000e+01
1.423637744980924680e+01,2.579861564773688887e+00,6.000000000000000000e+01
1.424428607111054923e+01,2.584234854267246639e+00,6.000000000000000000e+01
1.425219469241185344e+01,2.588612803111077554e+00,6.000000000000000000e+01
1.426010331371315765e+01,2.592995413336944388e+00,6.000000000000000000e+01
1.426801193501446186e+01,2.597382686976268840e+00,6.000000000000000000e+01
1.427592055631576606e+01,2.601774626060154194e+00,6.000000000000000000e+01
1.428382917761706850e+01,2.606171232619358236e+00,6.000000000000000000e+01
1.429173779891837270e+01,2.610572508684299464e+00,6.000000000000000000e+01
1.429964642021967691e+01,2.614978456285085517e+00,6.000000000000000000e+01
1.430755504152098112e+01,2.619389077451461212e+00,6.000000000000000000e+01
1.431546366282228533e+01,2.623804374212857837e+00,6.000000000000000000e+01
1.432337228412358776e+01,2.628224348598370064e+00,6.000000000000000000e+01
1.433128090542489197e+01,2.632649002636748392e+00,6.000000000000000000e+01
1.433918952672619618e+01,2.637078338356426688e+00,6.000000000000000000e+01
1.434709814802750039e+01,2.641512357785485765e+00,6.000000000000000000e+01
1.435500676932880282e+01,2.645951062951685362e+00,6.000000000000000000e+01
1.436291539063010703e+01,2.650394455882442379e+00,6.000000000000000000e+01
1.437082401193141123e+01,2.654842538604854418e+00,6.000000000000000000e+01
1.437873263323271544e+01,2.659295313145674911e+00,6.000000000000000000e+01
1.438664125453401965e+01,2.663752781531326441e+00,6.000000000000000000e+01
1.439454987583532208e+01,2.668214945787884762e+00,6.000000000000000000e+01
1.440245849713662629e+01,2.672681807941124976e+00,6.000000000000000000e+01
1.441036711843793050e+01,2.677153370016456702e+00,6.000000000000000000e+01
1.441827573973923471e+01,2.681629634038964927e+00,6.000000000000000000e+01
1.442618436104053714e+01,2.686110602033409123e+00,6.000000000000000000e+01
1.443409298234184135e+01,2.690596276024209921e+00,6.000000000000000000e+01
1.444200160364314556e+01,2.695086658035455329e+00,6.000000000000000000e+01
1.444991022494444977e+01,2.699581750090893184e+00,6.000000000000000000e+01
1.445781884624575397e+01,2.704081554213941807e+00,6.000000000000000000e+01
1.446572746754705641e+01,2.708586072427707769e+00,6.000000000000000000e+01
1.447363608884836061e+01,2.713095306754929492e+00,6.000000000000000000e+01
1.448154471014966482e+01,2.717609259218017215e+00,6.000000000000000000e+01
1.448945333145096903e+01,2.722127931839084969e+00,6.000000000000000000e+01
1.449736195275227324e+01,2.726651326639873307e+00,6.000000000000000000e+01
1.450527057405357567e+01,2.731179445641796377e+00,6.000000000000000000e+01
1.451317919535487988e+01,2.735712290865958352e+00,6.000000000000000000e+01
1.452108781665618409e+01,2.740249864333105467e+00,6.000000000000000000e+01
1.452899643795748830e+01,2.744792168063658444e+00,6.000000000000000000e+01
1.453690505925879073e+01,2.749339204077711152e+00,6.000000000000000000e+01
1.454481368056009494e+01,2.753890974395018620e+00,6.000000000000000000e+01
1.455272230186139915e+01,2.758447481035005922e+00,6.000000000000000000e+01
1.456063092316270335e+01,2.763008726016762839e+00,6.000000000000000000e+01
1.456853954446400756e+01,2.767574711359047868e+00,6.000000000000000000e+01
1.457644816576530999e+01,2.772145439080291318e+00,6.000000000000000000e+01
1.458435678706661420e+01,2.776720911198570008e+00,6.000000000000000000e+01
1.459226540836791841e+01,2.781301129731667654e+00,6.000000000000000000e+01
1.460017402966922262e+01,2.785886096696996272e+00,6.000000000000000000e+01
1.460808265097052505e+01,2.790475814111659680e+00,6.000000000000000000e+01
1.461599127227182926e+01,2.795070283992412197e+00,6.000000000000000000e+01
1.462389989357313347e+01,2.799669508355687508e+00,6.000000000000000000e+01
1.463180851487443768e+01,2.804273489217595561e+00,6.000000000000000000e+01
1.463971713617574189e+01,2.808882228593891028e+00,6.000000000000000000e+01
1.464762575747704432e+01,2.813495728500014170e+00,6.000000000000000000e+01
1.465553437877834853e+01,2.818113990951060632e+00,6.000000000000000000e+01
1.466344300007965273e+01,2.822737017961804096e+00,6.000000000000000000e+01
1.467135162138095694e+01,2.827364811546682510e+00,6.000000000000000000e+01
1.467926024268226115e+01,2.831997373719803424e+00,6.000000000000000000e+01
1.468716886398356358e+01,2.836634706494945757e+00,6.000000000000000000e+01
1.469507748528486779e+01,2.841276811885542042e+00,6.000000000000000000e+01
1.470298610658617200e+01,2.845923691904702846e+00,6.000000000000000000e+01
1.471089472788747621e+01,2.850575348565218992e+00,6.000000000000000000e+01
1.471880334918877864e+01,2.855231783879530916e+00,6.000000000000000000e+01
1.472671197049008285e+01,2.859892999859755758e+00,6.000000000000000000e+01
1.473462059179138706e+01,2.864558998517675370e+00,6.000000000000000000e+01
1.474252921309269126e+01,2.869229781864755857e+00,6.000000000000000000e+01
1.475043783439399547e+01,2.873905351912104500e+00,6.000000000000000000e+01
1.475834645569529791e+01,2.878585710670519493e+00,6.000000000000000000e+01
1.476625507699660211e+01,2.883270860150461523e+00,6.000000000000000000e+01
1.477416369829790632e+01,2.887960802362055102e+00,6.000000000000000000e+01
1.478207231959921053e+01,2.892655539315097890e+00,6.000000000000000000e+01
1.478998094090051474e+01,2.897355073019068694e+00,6.000000000000000000e+01
1.479788956220181717e+01,2.902059405483082166e+00,6.000000000000000000e+01
1.480579818350312138e+01,2.906768538715971850e+00,6.000000000000000000e+01
1.481370680480442559e+01,2.911482474726187153e+00,6.000000000000000000e+01
1.482161542610572980e+01,2.916201215521884826e+00,6.000000000000000000e+01
1.482952404740703223e+01,2.920924763110870348e+00,6.000000000000000000e+01
1.483743266870833644e+01,2.925653119500643218e+00,6.000000000000000000e+01
1.484534129000964064e+01,2.930386286698335674e+00,6.000000000000000000e+01
1.485324991131094485e+01,2.935124266710790408e+00,6.000000000000000000e+01
1.486115853261224906e+01,2.939867061544484184e+00,6.000000000000000000e+01
1.486906715391355149e+01,2.944614673205584232e+00,6.000000000000000000e+01
1.487697577521485570e+01,2.949367103699925607e+00,6.000000000000000000e+01
1.488488439651615991e+01,2.954124355033008520e+00,6.000000000000000000e+01
1.489279301781746412e+01,2.958886429210010771e+00,6.000000000000000000e+01
1.490070163911876655e+01,2.963653328235762885e+00,6.000000000000000000e+01
1.490861026042007076e+01,2.968425054114796957e+00,6.000000000000000000e+01
1.491651888172137497e+01,2.973201608851280930e+00,6.000000000000000000e+01
1.492442750302267918e+01,2.977982994449077214e+00,6.000000000000000000e+01
1.493233612432398338e+01,2.982769212911701384e+00,6.000000000000000000e+01
1.494024474562528582e+01,2.987560266242359930e+00,6.000000000000000000e+01
1.494815336692659002e+01,2.992356156443913839e+00,6.000000000000000000e+01
1.495606198822789423e+01,2.997156885518895919e+00,6.000000000000000000e+01
1.496397060952919844e+01,3.001962455469529889e+00,6.000000000000000000e+01
1.497187923083050265e+01,3.006772868297677981e+00,6.000000000000000000e+01
1.497978785213180508e+01,3.011588126004908883e+00,6.000000000000000000e+01
1.498769647343310929e+01,3.016408230592421358e+00,6.000000000000000000e+01
1.499560509473441350e+01,3.021233184061125510e+00,6.000000000000000000e+01
1.500351371603571771e+01,3.026062988411578392e+00,6.000000000000000000e+01
1.501142233733702014e+01,3.030897645644023086e+00,6.000000000000000000e+01
1.501933095863832435e+01,3.035737157758362947e+00,6.000000000000000000e+01
1.502723957993962856e+01,3.040581526754183805e+00,6.000000000000000000e+01
1.503514820124093276e+01,3.045430754630723769e+00,6.000000000000000000e+01
1.504305682254223697e+01,3.050284843386914080e+00,6.000000000000000000e+01
1.505096544384353940e+01,3.055143795021356468e+00,6.000000000000000000e+01
1.505887406514484361e+01,3.060007611532309824e+00,6.000000000000000000e+01
1.506678268644614782e+01,3.064876294917722177e+00,6.000000000000000000e+01
1.507469130774745203e+01,3.069749847175196500e+00,6.000000000000000000e+01
1.508259992904875446e+01,3.074628270302022681e+00,6.000000000000000000e+01
1.509050855035005867e+01,3.079511566295164648e+00,6.000000000000000000e+01
1.509841717165136288e+01,3.084399737151245269e+00,6.000000000000000000e+01
1.510632579295266709e+01,3.089292784866564112e+00,6.000000000000000000e+01
1.511423441425397129e+01,3.094190711437107222e+00,6.000000000000000000e+01
1.512214303555527373e+01,3.099093518858511143e+00,6.000000000000000000e+01
1.513005165685657794e+01,3.104001209126108218e+00,6.000000000000000000e+01
1.513796027815788214e+01,3.108913784234893729e+00,6.000000000000000000e+01
1.514586889945918635e+01,3.113831246179526779e+00,6.000000000000000000e+01
1.515377752076049056e+01,3.118753596954356055e+00,6.000000000000000000e+01
1.516168614206179299e+01,3.123680838553400729e+00,6.000000000000000000e+01
1.516959476336309720e+01,3.128612972970353123e+00,6.000000000000000000e+01
1.517750338466440141e+01,3.133550002198561391e+00,6.000000000000000000e+01
1.518541200596570562e+01,3.138491928231068595e+00,6.000000000000000000e+01
1.519332062726700805e+01,3.143438753060601165e+00,6.000000000000000000e+01
1.520122924856831226e+01,3.148390478679516491e+00,6.000000000000000000e+01
1.520913786986961647e+01,3.153347107079894851e+00,6.000000000000000000e+01
1.521704649117092067e+01,3.158308640253476796e+00,6.000000000000000000e+01
1.522495511247222488e+01,3.163275080191635613e+00,6.000000000000000000e+01
1.523286373377352731e+01,3.168246428885491461e+00,6.000000000000000000e+01
1.524077235507483152e+01,3.173222688325782137e+00,6.000000000000000000e+01
1.524868097637613573e+01,3.178203860502942124e+00,6.000000000000000000e+01
1.525658959767743994e+01,3.183189947407098153e+00,6.000000000000000000e+01
1.526449821897874415e+01,3.188180951027996368e+00,6.000000000000000000e+01
1.527240684028004658e+01,3.193176873355133782e+00,6.000000000000000000e+01
1.528031546158135079e+01,3.198177716377605506e+00,6.000000000000000000e+01
1.528822408288265500e+01,3.203183482084242417e+00,6.000000000000000000e+01
1.529613270418395921e+01,3.208194172463530336e+00,6.000000000000000000e+01
1.530404132548526164e+01,3.213209789503621128e+00,6.000000000000000000e+01
1.531194994678656585e+01,3.218230335192351355e+00,6.000000000000000000e+01
1.531985856808787005e+01,3.223255811517225400e+00,6.000000000000000000e+01
1.532776718938917426e+01,3.228286220465446554e+00,6.000000000000000000e+01
1.533567581069047847e+01,3.233321564023857508e+00,6.000000000000000000e+01
1.534358443199178090e+01,3.238361844179021176e+00,6.000000000000000000e+01
1.535149305329308511e+01,3.243407062917130990e+00,6.000000000000000000e+01
1.535940167459438932e+01,3.248457222224095720e+00,6.000000000000000000e+01
1.536731029589569353e+01,3.253512324085487961e+00,6.000000000000000000e+01
1.537521891719699596e+01,3.258572370486526815e+00,6.000000000000000000e+01
1.538312753849830017e+01,3.263637363412167591e+00,6.000000000000000000e+01
1.539103615979960438e+01,3.268707304846982797e+00,6.000000000000000000e+01
1.539894478110090859e+01,3.273782196775274045e+00,6.000000000000000000e+01
1.540685340240221279e+01,3.278862041180977904e+00,6.000000000000000000e+01
1.541476202370351523e+01,3.283946840047726745e+00,6.000000000000000000e+01
1.542267064500481943e+01,3.289036595358836745e+00,6.000000000000000000e+01
1.543057926630612364e+01,3.294131309097290128e+00,6.000000000000000000e+01
1.543848788760742785e+01,3.299230983245760029e+00,6.000000000000000000e+01
1.544639650890873206e+01,3.304335619786584299e+00,6.000000000000000000e+01
1.545430513021003449e+01,3.309445220701770829e+00,6.000000000000000000e+01
1.546221375151133870e+01,3.314559787973036631e+00,6.000000000000000000e+01
1.547012237281264291e+01,3.319679323581755437e+00,6.000000000000000000e+01
1.547803099411394712e+01,3.324803829508966135e+00,6.000000000000000000e+01
1.548593961541524955e+01,3.329933307735426506e+00,6.000000000000000000e+01
1.549384823671655376e+01,3.335067760241534618e+00,6.000000000000000000e+01
1.550175685801785797e+01,3.340207189007380784e+00,6.000000000000000000e+01
1.550966547931916217e+01,3.345351596012752893e+00,6.000000000000000000e+01
1.551757410062046638e+01,3.350500983237082675e+00,6.000000000000000000e+01
1.552548272192176881e+01,3.355655352659502100e+00,6.000000000000000000e+01
1.553339134322307302e+01,3.360814706258815843e+00,6.000000000000000000e+01
1.554129996452437723e+01,3.365979046013527043e+00,6.000000000000000000e+01
1.554920858582568144e+01,3.371148373901790674e+00,6.000000000000000000e+01
1.555711720712698387e+01,3.376322691901447737e+00,6.000000000000000000e+01
1.556502582842828808e+01,3.381502001990049688e+00,6.000000000000000000e+01
1.557293444972959229e+01,3.386686306144778502e+00,6.000000000000000000e+01
1.558084307103089650e+01,3.391875606342529270e+00,6.000000000000000000e+01
1.558875169233220070e+01,3.397069904559876008e+00,6.000000000000000000e+01
1.559666031363350314e+01,3.402269202773069434e+00,6.000000000000000000e+01
1.560456893493480734e+01,3.407473502958017875e+00,6.000000000000000000e+01
1.561247755623611155e+01,3.412682807090359205e+00,6.000000000000000000e+01
1.562038617753741576e+01,3.417897117145354269e+00,6.000000000000000000e+01
1.562829479883871997e+01,3.423116435097990795e+00,6.000000000000000000e+01
1.563620342014002240e+01,3.428340762922913676e+00,6.000000000000000000e+01
1.564411204144132661e+01,3.433570102594477369e+00,6.000000000000000000e+01
1.565202066274263082e+01,3.438804456086673511e+00,6.000000000000000000e+01
1.565992928404393503e+01,3.444043825373204193e+00,6.000000000000000000e+01
1.566783790534523746e+01,3.449288212427448652e+00,6.000000000000000000e+01
1.567574652664654167e+01,3.454537619222477485e+00,6.000000000000000000e+01
1.568365514794784588e+01,3.459792047731015341e+00,6.000000000000000000e+01
1.569156376924915008e+01,3.465051499925507539e+00,6.000000000000000000e+01
1.569947239055045429e+01,3.470315977778040573e+00,6.000000000000000000e+01
1.570738101185175672e+01,3.475585483260408282e+00,6.000000000000000000e+01
1.571528963315306093e+01,3.480860018344095419e+00,6.000000000000000000e+01
1.572319825445436514e+01,3.486139585000239460e+00,6.000000000000000000e+01
1.573110687575566935e+01,3.491424185199685226e+00,6.000000000000000000e+01
1.573901549705697178e+01,3.496713820912955129e+00,6.000000000000000000e+01
1.574692411835827599e+01,3.502008494110249615e+00,6.000000000000000000e+01
1.575483273965958020e+01,3.507308206761458269e+00,6.000000000000000000e+01
1.576274136096088441e+01,3.512612960836147380e+00,6.000000000000000000e+01
1.577064998226218862e+01,3.517922758303568820e+00,6.000000000000000000e+01
1.577855860356349105e+01,3.523237601132662711e+00,6.000000000000000000e+01
1.578646722486479526e+01,3.528557491292054760e+00,6.000000000000000000e+01
1.579437584616609946e+01,3.533882430750046932e+00,6.000000000000000000e+01
1.580228446746740367e+01,3.539212421474627668e+00,6.000000000000000000e+01
1.581019308876870788e+01,3.544547465433462552e+00,6.000000000000000000e+01
1.581810171007001031e+01,3.549887564593922296e+00,6.000000000000000000e+01
1.582601033137131452e+01,3.555232720923043210e+00,6.000000000000000000e+01
1.583391895267261873e+01,3.560582936387560515e+00,6.000000000000000000e+01
1.584182757397392294e+01,3.565938212953870146e+00,6.000000000000000000e+01
1.584973619527522537e+01,3.571298552588093145e+00,6.000000000000000000e+01
1.585764481657652958e+01,3.576663957255993953e+00,6.000000000000000000e+01
1.586555343787783379e+01,3.582034428923042579e+00,6.000000000000000000e+01
1.587346205917913800e+01,3.587409969554391953e+00,6.000000000000000000e+01
1.588137068048044220e+01,3.592790581114889470e+00,6.000000000000000000e+01
1.588927930178174464e+01,3.598176265569053900e+00,6.000000000000000000e+01
1.589718792308304884e+01,3.603567024881086933e+00,6.000000000000000000e+01
1.590509654438435305e+01,3.608962861014914481e+00,6.000000000000000000e+01
1.591300516568565726e+01,3.614363775934088086e+00,6.000000000000000000e+01
1.592091378698696147e+01,3.619769771601885733e+00,6.000000000000000000e+01
1.592882240828826390e+01,3.625180849981276765e+00,6.000000000000000000e+01
1.593673102958956811e+01,3.630597013034881027e+00,6.000000000000000000e+01
1.594463965089087232e+01,3.636018262725051464e+00,6.000000000000000000e+01
1.595254827219217653e+01,3.641444601013797300e+00,6.000000000000000000e+01
1.596045689349347896e+01,3.646876029862800461e+00,6.000000000000000000e+01
1.596836551479478317e+01,3.652312551233496407e+00,6.000000000000000000e+01
1.597627413609608737e+01,3.657754167086918251e+00,6.000000000000000000e+01
1.598418275739739158e+01,3.663200879383849085e+00,6.000000000000000000e+01
1.599209137869869579e+01,3.668652690084753143e+00,6.000000000000000000e+01
1.600000000000000000e+01,3.674109601149765592e+00,6.000000000000000000e+01
