12.013,0.00113,1.0000000000000001e-7,1.8319685378812662e-7,1.8319686970530117e-7,1.8320134545489037e-7
12.013,0.00113,1.6426491045299075e-7,1.8319498790651332e-7,1.8319500369859924e-7,1.8320134545489037e-7
12.013,0.00113,2.698296080612907e-7,1.8319234690937643e-7,1.8319236252375928e-7,1.8320134545489037e-7
12.013,0.00113,4.432353640575351e-7,1.8318860878840227e-7,1.8318862414996438e-7,1.8320134545489037e-7
12.013,0.00113,7.280801738650976e-7,1.8318331774474738e-7,1.8318333275285556e-7,1.8320134545489037e-7
12.013,0.00113,1.1959802456254818e-6,1.8317582857755858e-7,1.8317584307581105e-7,1.8320134545489037e-7
12.013,0.00113,1.9645758795121526e-6,1.831652279269587e-7,1.8316524171923882e-7,1.8320134545489037e-7
12.013,0.00113,3.227108809261693e-6,1.831502226996504e-7,1.8315023547016123e-7,1.8320134545489037e-7
12.013,0.00113,5.301007395754297e-6,1.8312898191441924e-7,1.8312899326421583e-7,1.8320134545489037e-7
12.013,0.00113,8.707695051742211e-6,1.830989123218563e-7,1.8309892163285103e-7,1.8320134545489037e-7
12.013,0.00113,1.4303687479263852e-5,1.8305633961731778e-7,1.8305634604979413e-7,1.8320134545489037e-7
12.013,0.00113,2.3495939429288417e-5,1.829960545194346e-7,1.8299605687908094e-7,1.8320134545489037e-7
12.013,0.00113,3.8595583863609565e-5,1.8291066419604227e-7,1.829106606927171e-7,1.8320134545489037e-7
12.013,0.00113,6.33990012723672e-5,1.8278966066225225e-7,1.827896489492271e-7,1.8320134545489037e-7
12.013,0.00113,0.00010414231266814445,1.8261807204421636e-7,1.826180483056379e-7,1.8320134545489037e-7
12.013,0.00113,0.00017106927664800093,1.8237448750627224e-7,1.8237444684852803e-7,1.8320134545489037e-7
12.013,0.00113,0.00028100679409841776,1.8202811890263547e-7,1.8202805313119323e-7,1.8320134545489037e-7
12.013,0.00113,0.00046159555869258604,1.815343386468033e-7,1.815342364750429e-7,1.8320134545489037e-7
12.013,0.00113,0.0007582395311413588,1.8082773621832606e-7,1.808275792019969e-7,1.8320134545489037e-7
12.013,0.00113,0.00124552148684853,1.7981103565445348e-7,1.798107946772518e-7,1.8320134545489037e-7
12.013,0.00113,0.002045954755044497,1.7833703257102247e-7,1.7833666237770854e-7,1.8320134545489037e-7
12.013,0.00113,0.0033607857462825456,1.7617890900051554e-7,1.761783279452502e-7,1.8320134545489037e-7
12.013,0.00113,0.005520591696647901,1.729822302427995e-7,1.7298131980526284e-7,1.8320134545489037e-7
12.013,0.00113,0.009068395006973916,1.6819191039421953e-7,1.6819045077793104e-7,1.8320134545489037e-7
12.013,0.00113,0.01489619093772919,1.6095729524088157e-7,1.6095500188189585e-7,1.8320134545489037e-7
12.013,0.00113,0.024469214704767362,1.5005806705121927e-7,1.5005452036525356e-7,1.8320134545489037e-7
12.013,0.00113,0.04019433362333615,1.339958891968628e-7,1.3399074615216908e-7,1.8320134545489037e-7
12.013,0.00113,0.06602518613354949,1.1156111499061688e-7,1.115543958080627e-7,1.8320134545489037e-7
12.013,0.00113,0.1084562128786955,8.318875333524505e-8,8.318129200122672e-8,1.8320134545489037e-7
12.013,0.00113,0.17815550096589414,5.2602442811549644e-8,5.259597722948151e-8,1.8320134545489037e-7
12.013,0.00113,0.292646974128703,2.643712947735355e-8,2.6433135950316266e-8,1.8320134545489037e-7
12.013,0.00113,0.480716289995901,9.925744249020082e-9,9.924132753647713e-9,1.8320134545489037e-7
12.013,0.00113,0.789648183294706,2.6740162929967803e-9,2.67363028049669e-9,1.8320134545489037e-7
12.013,0.00113,1.297114881182717,5.146181214336451e-10,5.145675205124041e-10,1.8320134545489037e-7
12.013,0.00113,2.1307045980472066,7.21204854747989e-11,7.21186948515636e-11,1.8320134545489037e-7
12.013,0.00113,3.5000000000000004,5.912804685995355e-12,5.913218896523298e-12,1.8320134545489037e-7
12.013,0.00113,3.8,2.7849886118318693e-12,2.785222086100466e-12,1.8320134545489037e-7
12.013,0.00113,3.98,7.481119749917165e-13,7.481806621373339e-13,1.8320134545489037e-7
12.013,0.00113,3.9998,7.352325000699598e-14,7.353008062632166e-14,1.8320134545489037e-7
12.013,0.0037,1.0000000000000001e-7,1.8266864529321352e-7,1.8266865694642141e-7,1.8267313108496655e-7
12.013,0.0037,1.6426491045299075e-7,1.8266678185211764e-7,1.826667933618394e-7,1.8267313108496655e-7
12.013,0.0037,2.698296080612907e-7,1.8266414430930167e-7,1.826641556194239e-7,1.8267313108496655e-7
12.013,0.0037,4.432353640575351e-7,1.8266041107758677e-7,1.8266042209961088e-7,1.8267313108496655e-7
12.013,0.0037,7.280801738650976e-7,1.8265512695419916e-7,1.8265513757611355e-7,1.8267313108496655e-7
12.013,0.0037,1.1959802456254818e-6,1.826476475819486e-7,1.8264765762872932e-7,1.8267313108496655e-7
12.013,0.0037,1.9645758795121526e-6,1.8263706079504342e-7,1.8263707003516718e-7,1.8267313108496655e-7
12.013,0.0037,3.227108809261693e-6,1.8262207519021023e-7,1.82622083284962e-7,1.8267313108496655e-7
12.013,0.0037,5.301007395754297e-6,1.826008621780976e-7,1.826008686421894e-7,1.8267313108496655e-7
12.013,0.0037,8.707695051742211e-6,1.825708318942886e-7,1.8257083607383617e-7,1.8267313108496655e-7
12.013,0.0037,1.4303687479263852e-5,1.8252831482424358e-7,1.8252831570838767e-7,1.8267313108496655e-7
12.013,0.0037,2.3495939429288417e-5,1.8246810846426398e-7,1.824681047620026e-7,1.8267313108496655e-7
12.013,0.0037,3.8595583863609565e-5,1.82382829570416e-7,1.823828192172156e-7,1.8267313108496655e-7
12.013,0.0037,6.33990012723672e-5,1.822619837185729e-7,1.8226196403524006e-7,1.8267313108496655e-7
12.013,0.0037,0.00010414231266814445,1.8209061820712603e-7,1.8209058501677132e-7,1.8267313108496655e-7
12.013,0.0037,0.00017106927664800093,1.8184734929340075e-7,1.8184729671662102e-7,1.8267313108496655e-7
12.013,0.0037,0.00028100679409841776,1.8150142709689064e-7,1.815013464576302e-7,1.8267313108496655e-7
12.013,0.0037,0.00046159555869258604,1.8100827805106347e-7,1.810081556220879e-7,1.8267313108496655e-7
12.013,0.0037,0.0007582395311413588,1.8030256790195654e-7,1.8030238418772552e-7,1.8267313108496655e-7
12.013,0.0037,0.00124552148684853,1.792871285377591e-7,1.792868490716763e-7,1.8267313108496655e-7
12.013,0.0037,0.002045954755044497,1.7781490892163102e-7,1.778144841156774e-7,1.8267313108496655e-7
12.013,0.0037,0.0033607857462825456,1.7565931209851662e-7,1.7565865047381546e-7,1.8267313108496655e-7
12.013,0.0037,0.005520591696647901,1.724662311938547e-7,1.7246519433221063e-7,1.8267313108496655e-7
12.013,0.0037,0.009068395006973916,1.6768109252081718e-7,1.6767944669003444e-7,1.8267313108496655e-7
12.013,0.0037,0.01489619093772919,1.6045410545914395e-7,1.604515003951946e-7,1.8267313108496655e-7
12.013,0.0037,0.024469214704767362,1.4956653055828102e-7,1.4956253698413072e-7,1.8267313108496655e-7
12.013,0.0037,0.04019433362333615,1.3352304406366408e-7,1.3351721182287696e-7,1.8267313108496655e-7
12.013,0.0037,0.06602518613354949,1.1111951284633568e-7,1.1111191160244486e-7,1.8267313108496655e-7
12.013,0.0037,0.1084562128786955,8.27992854685577e-8,8.279081813106499e-8,1.8267313108496655e-7
12.013,0.0037,0.17815550096589414,5.229319791099857e-8,5.228582928244979e-8,1.8267313108496655e-7
12.013,0.0037,0.292646974128703,2.6230818388476216e-8,2.6226235867916728e-8,1.8267313108496655e-7
12.013,0.0037,0.480716289995901,9.818886357761935e-9,9.817027233018792e-9,1.8267313108496655e-7
12.013,0.0037,0.789648183294706,2.633762019384014e-9,2.6333071510863808e-9,1.8267313108496655e-7
12.013,0.0037,1.297114881182717,5.039103863367624e-10,5.038496102361044e-10,1.8267313108496655e-7
12.013,0.0037,2.1307045980472066,7.011322131206036e-11,7.011056130056948e-11,1.8267313108496655e-7
12.013,0.0037,3.5000000000000004,5.704844816567906e-12,5.705285190393648e-12,1.8267313108496655e-7
12.013,0.0037,3.8,2.6839769443558416e-12,2.68423672428267e-12,1.8267313108496655e-7
12.013,0.0037,3.98,7.205377334822019e-13,7.206136018432922e-13,1.8267313108496655e-7
12.013,0.0037,3.9998,7.080876420222659e-14,7.081628907322973e-14,1.8267313108496655e-7
12.013,0.0127,1.0000000000000001e-7,1.8086206324738768e-7,1.8086207456604607e-7,1.8086652908698135e-7
12.013,0.0127,1.6426491045299075e-7,1.8086020809454606e-7,1.8086021927241193e-7,1.8086652908698135e-7
12.013,0.0127,2.698296080612907e-7,1.8085758228296587e-7,1.80857593258217e-7,1.8086652908698135e-7
12.013,0.0127,4.432353640575351e-7,1.808538656556838e-7,1.8085387634970606e-7,1.8086652908698135e-7
12.013,0.0127,7.280801738650976e-7,1.8084860503423305e-7,1.808486153224623e-7,1.8086652908698135e-7
12.013,0.0127,1.1959802456254818e-6,1.8084115892657285e-7,1.808411686496135e-7,1.8086652908698135e-7
12.013,0.0127,1.9645758795121526e-6,1.8083061922210753e-7,1.8083062813614976e-7,1.8086652908698135e-7
12.013,0.0127,3.227108809261693e-6,1.808157002569619e-7,1.8081570802979287e-7,1.8086652908698135e-7
12.013,0.0127,5.301007395754297e-6,1.807945815645684e-7,1.8079458772590616e-7,1.8086652908698135e-7
12.013,0.0127,8.707695051742211e-6,1.8076468477576128e-7,1.80764688629209e-7,1.8086652908698135e-7
12.013,0.0127,1.4303687479263852e-5,1.807223566424706e-7,1.807223572745766e-7,1.8086652908698135e-7
12.013,0.0127,2.3495939429288417e-5,1.8066241767588598e-7,1.8066241364501341e-7,1.8086652908698135e-7
12.013,0.0127,3.8595583863609565e-5,1.805775171883976e-7,1.8057750665724592e-7,1.8086652908698135e-7
12.013,0.0127,6.33990012723672e-5,1.8045720679544588e-7,1.8045718683265186e-7,1.8086652908698135e-7
12.013,0.0127,0.00010414231266814445,1.8028659887464622e-7,1.8028656556952043e-7,1.8086652908698135e-7
12.013,0.0127,0.00017106927664800093,1.800444016237586e-7,1.80044348989424e-7,1.8086652908698135e-7
12.013,0.0127,0.00028100679409841776,1.7969999496151287e-7,1.796999141605369e-7,1.8086652908698135e-7
12.013,0.0127,0.00046159555869258604,1.7920898844723147e-7,1.7920886663174538e-7,1.8086652908698135e-7
12.013,0.0127,0.0007582395311413588,1.785063061335343e-7,1.785061218615088e-7,1.8086652908698135e-7
12.013,0.0127,0.00124552148684853,1.7749514473162233e-7,1.7749486745078213e-7,1.8086652908698135e-7
12.013,0.0127,0.002045954755044497,1.7602897110162206e-7,1.7602854492695893e-7,1.8086652908698135e-7
12.013,0.0127,0.0033607857462825456,1.73881933430516e-7,1.7388127620855792e-7,1.8086652908698135e-7
12.013,0.0127,0.005520591696647901,1.7070102881094094e-7,1.7069999165590585e-7,1.8086652908698135e-7
12.013,0.0127,0.009068395006973916,1.6593340958057378e-7,1.659317666791864e-7,1.8086652908698135e-7
12.013,0.0127,0.01489619093772919,1.5873220629764365e-7,1.5872961460256703e-7,1.8086652908698135e-7
12.013,0.0127,0.024469214704767362,1.4788405553260782e-7,1.478800511298562e-7,1.8086652908698135e-7
12.013,0.0127,0.04019433362333615,1.3190398054953517e-7,1.3189819682686163e-7,1.8086652908698135e-7
12.013,0.0127,0.06602518613354949,1.0960691864694206e-7,1.0959931519263773e-7,1.8086652908698135e-7
12.013,0.0127,0.1084562128786955,8.146520492988055e-8,8.145680010385553e-8,1.8086652908698135e-7
12.013,0.0127,0.17815550096589414,5.123475205759925e-8,5.1227451825834546e-8,1.8086652908698135e-7
12.013,0.0127,0.292646974128703,2.5526386052144007e-8,2.5521861596084737e-8,1.8086652908698135e-7
12.013,0.0127,0.480716289995901,9.455818515362625e-9,9.454000180970174e-9,1.8086652908698135e-7
12.013,0.0127,0.789648183294706,2.498102325087781e-9,2.4976640386058897e-9,1.8086652908698135e-7
12.013,0.0127,1.297114881182717,4.682450243621377e-10,4.681867813090073e-10,1.8086652908698135e-7
12.013,0.0127,2.1307045980472066,6.352574189536011e-11,6.352338885915057e-11,1.8086652908698135e-7
12.013,0.0127,3.5000000000000004,5.0330753918006214e-12,5.033477233419173e-12,1.8086652908698135e-7
12.013,0.0127,3.8,2.3584698326536333e-12,2.3587043409725354e-12,1.8086652908698135e-7
12.013,0.0127,3.98,6.317966579686896e-13,6.318672546831614e-13,1.8086652908698135e-7
12.013,0.0127,3.9998,6.207404481302027e-14,6.208104991302824e-14,1.8086652908698135e-7
12.013,0.047,1.0000000000000001e-7,1.745543311804218e-7,1.745543414421051e-7,1.7455872944328066e-7
12.013,0.047,1.6426491045299075e-7,1.745525040993663e-7,1.7455251422117039e-7,1.7455872944328066e-7
12.013,0.047,2.698296080612907e-7,1.745499180207024e-7,1.7454992794413539e-7,1.7455872944328066e-7
12.013,0.047,4.432353640575351e-7,1.7454625763146776e-7,1.7454626727652616e-7,1.7455872944328066e-7
12.013,0.047,7.280801738650976e-7,1.745410766092798e-7,1.745410858543622e-7,1.7455872944328066e-7
12.013,0.047,1.1959802456254818e-6,1.7453374316590632e-7,1.7453375185530075e-7,1.7455872944328066e-7
12.013,0.047,1.9645758795121526e-6,1.7452336292481296e-7,1.7452337081191038e-7,1.7455872944328066e-7
12.013,0.047,3.227108809261693e-6,1.745086696596423e-7,1.745086764306122e-7,1.7455872944328066e-7
12.013,0.047,5.301007395754297e-6,1.7448787041182016e-7,1.7448787558094977e-7,1.7455872944328066e-7
12.013,0.047,8.707695051742211e-6,1.744584257381662e-7,1.7445842865182095e-7,1.7455872944328066e-7
12.013,0.047,1.4303687479263852e-5,1.7441673746653195e-7,1.7441673718279822e-7,1.7455872944328066e-7
12.013,0.047,2.3495939429288417e-5,1.743577040181244e-7,1.74357699157291e-7,1.7455872944328066e-7
12.013,0.047,3.8595583863609565e-5,1.74274084881195e-7,1.742740736013574e-7,1.7455872944328066e-7
12.013,0.047,6.33990012723672e-5,1.7415558740116063e-7,1.741555667918282e-7,1.7455872944328066e-7
12.013,0.047,0.00010414231266814445,1.7398754392136524e-7,1.7398751022523258e-7,1.7455872944328066e-7
12.013,0.047,0.00017106927664800093,1.7374897303233377e-7,1.7374892011094414e-7,1.7455872944328066e-7
12.013,0.047,0.00028100679409841776,1.7340969207748621e-7,1.7340961162283956e-7,1.7455872944328066e-7
12.013,0.047,0.00046159555869258604,1.729259261098222e-7,1.7292580476111368e-7,1.7455872944328066e-7
12.013,0.047,0.0007582395311413588,1.7223346400526618e-7,1.722332814843223e-7,1.7455872944328066e-7
12.013,0.047,0.00124552148684853,1.7123671736681042e-7,1.712364422135485e-7,1.7455872944328066e-7
12.013,0.047,0.002045954755044497,1.6979086583968764e-7,1.697904434627257e-7,1.7455872944328066e-7
12.013,0.047,0.0033607857462825456,1.676725035001265e-7,1.6767185249352183e-7,1.7455872944328066e-7
12.013,0.047,0.005520591696647901,1.645322323710599e-7,1.645312011956059e-7,1.7455872944328066e-7
12.013,0.047,0.009068395006973916,1.5982285666481125e-7,1.5982123122886357e-7,1.7455872944328066e-7
12.013,0.047,0.01489619093772919,1.527072316276546e-7,1.5270465245244233e-7,1.7455872944328066e-7
12.013,0.047,0.024469214704767362,1.4199042513220972e-7,1.4198646777472062e-7,1.7455872944328066e-7
12.013,0.047,0.04019433362333615,1.2622413471124286e-7,1.2621840339826299e-7,1.7455872944328066e-7
12.013,0.047,0.06602518613354949,1.0429280198630905e-7,1.0428531387242064e-7,1.7455872944328066e-7
12.013,0.047,0.1084562128786955,7.677639105991326e-8,7.676816210589247e-8,1.7455872944328066e-7
12.013,0.047,0.17815550096589414,4.7524819107518057e-8,4.751774989064438e-8,1.7455872944328066e-7
12.013,0.047,0.292646974128703,2.3078874544783246e-8,2.3074575516602463e-8,1.7455872944328066e-7
12.013,0.047,0.480716289995901,8.216921048139281e-9,8.215250148929488e-9,1.7455872944328066e-7
12.013,0.047,0.789648183294706,2.0488554365856762e-9,2.0484692014297182e-9,1.7455872944328066e-7
12.013,0.047,1.297114881182717,3.551013148772807e-10,3.5505338959703057e-10,1.7455872944328066e-7
12.013,0.047,2.1307045980472066,4.372739338088209e-11,4.3725495789147466e-11,1.7455872944328066e-7
12.013,0.047,3.5000000000000004,3.1266815572089916e-12,3.126959217287073e-12,1.7455872944328066e-7
12.013,0.047,3.8,1.4427427770263542e-12,1.4429068681007601e-12,1.7455872944328066e-7
12.013,0.047,3.98,3.833171025559453e-13,3.8336551525654627e-13,1.7455872944328066e-7
12.013,0.047,3.9998,3.7628449728859685e-14,3.763324164384619e-14,1.7455872944328066e-7
12.013,0.173,1.0000000000000001e-7,1.5767888552236612e-7,1.576788924597441e-7,1.5768313352451507e-7
12.013,0.173,1.6426491045299075e-7,1.576771208602338e-7,1.576771276634758e-7,1.5768313352451507e-7
12.013,0.173,2.698296080612907e-7,1.576746231291803e-7,1.576746297394234e-7,1.5768313352451507e-7
12.013,0.173,4.432353640575351e-7,1.5767108778645194e-7,1.5767109412654276e-7,1.5768313352451507e-7
12.013,0.173,7.280801738650976e-7,1.5766608375291622e-7,1.5766608970879075e-7,1.5768313352451507e-7
12.013,0.173,1.1959802456254818e-6,1.576590008134976e-7,1.5765900622381974e-7,1.5768313352451507e-7
12.013,0.173,1.9645758795121526e-6,1.576489751213125e-7,1.5764897976657097e-7,1.5768313352451507e-7
12.013,0.173,3.227108809261693e-6,1.57634783650126e-7,1.576347871948929e-7,1.5768313352451507e-7
12.013,0.173,5.301007395754297e-6,1.5761469456034337e-7,1.5761469657571335e-7,1.5768313352451507e-7
12.013,0.173,8.707695051742211e-6,1.5758625485627364e-7,1.5758625466135844e-7,1.5768313352451507e-7
12.013,0.173,1.4303687479263852e-5,1.575459885870159e-7,1.5754598531056328e-7,1.5768313352451507e-7
12.013,0.173,2.3495939429288417e-5,1.5748896685877785e-7,1.574889591515846e-7,1.5768313352451507e-7
12.013,0.173,3.8595583863609565e-5,1.5740819289343988e-7,1.574081789162816e-7,1.5768313352451507e-7
12.013,0.173,6.33990012723672e-5,1.5729371750396916e-7,1.5729369459287355e-7,1.5768313352451507e-7
12.013,0.173,0.00010414231266814445,1.5713135587372234e-7,1.5713132003566782e-7,1.5768313352451507e-7
12.013,0.173,0.00017106927664800093,1.56900802899871e-7,1.5690074870045254e-7,1.5768313352451507e-7
12.013,0.173,0.00028100679409841776,1.5657281820024535e-7,1.565727367046818e-7,1.5768313352451507e-7
12.013,0.173,0.00046159555869258604,1.5610492986623268e-7,1.561048090034631e-7,1.5768313352451507e-7
12.013,0.173,0.0007582395311413588,1.554347108753934e-7,1.5543452966062135e-7,1.5768313352451507e-7
12.013,0.173,0.00124552148684853,1.5446898732838608e-7,1.5446871517750415e-7,1.5768313352451507e-7
12.013,0.173,0.002045954755044497,1.5306617574552029e-7,1.5306575975763595e-7,1.5768313352451507e-7
12.013,0.173,0.0033607857462825456,1.5100723006306042e-7,1.510065839092827e-7,1.5768313352451507e-7
12.013,0.173,0.005520591696647901,1.4794890612003164e-7,1.4794789178529012e-7,1.5768313352451507e-7
12.013,0.173,0.009068395006973916,1.4335386946545713e-7,1.4335224859656607e-7,1.5768313352451507e-7
12.013,0.173,0.01489619093772919,1.3640419270382333e-7,1.3640165228647442e-7,1.5768313352451507e-7
12.013,0.173,0.024469214704767362,1.2594882229288467e-7,1.2594490110386307e-7,1.5768313352451507e-7
12.013,0.173,0.04019433362333615,1.1064304112683916e-7,1.1063743389843895e-7,1.5768313352451507e-7
12.013,0.173,0.06602518613354949,8.95926555284129e-8,8.958542820722584e-8,1.5768313352451507e-7
12.013,0.173,0.1084562128786955,6.374582738025952e-8,6.373806547451317e-8,1.5768313352451507e-7
12.013,0.173,0.17815550096589414,3.728677240122214e-8,3.7280388152237104e-8,1.5768313352451507e-7
12.013,0.173,0.292646974128703,1.651999230148376e-8,1.6516380918955543e-8,1.5768313352451507e-7
12.013,0.173,0.480716289995901,5.098646119262689e-9,5.097387901303301e-9,1.5768313352451507e-7
12.013,0.173,0.789648183294706,1.030076125501061e-9,1.0298335501014147e-9,1.5768313352451507e-7
12.013,0.173,1.297114881182717,1.3376184153921211e-10,1.3373767607008272e-10,1.5768313352451507e-7
12.013,0.173,2.1307045980472066,1.1457659650237126e-11,1.1456896399344605e-11,1.5768313352451507e-7
12.013,0.173,3.5000000000000004,5.539005047467379e-13,5.539725416556022e-13,1.5768313352451507e-7
12.013,0.173,3.8,2.4102499351339375e-13,2.4106487870242177e-13,1.5768313352451507e-7
12.013,0.173,3.98,6.207278788415398e-14,6.208470512186239e-14,1.5768313352451507e-7
12.013,0.173,3.9998,6.073622739514354e-15,6.074806233424582e-15,1.5768313352451507e-7
12.013,0.61,1.0000000000000001e-7,1.398745127189454e-7,1.398745162730213e-7,1.398789927637813e-7
12.013,0.61,1.6426491045299075e-7,1.3987265166117595e-7,1.398726548890725e-7,1.398789927637813e-7
12.013,0.61,2.698296080612907e-7,1.3987001748650555e-7,1.3987002051879822e-7,1.398789927637813e-7
12.013,0.61,4.432353640575351e-7,1.3986628901000336e-7,1.3986629175695109e-7,1.398789927637813e-7
12.013,0.61,7.280801738650976e-7,1.3986101158929397e-7,1.3986101392655333e-7,1.398789927637813e-7
12.013,0.61,1.1959802456254818e-6,1.3985354163980724e-7,1.3985354340171081e-7,1.398789927637813e-7
12.013,0.61,1.9645758795121526e-6,1.39842968042108e-7,1.3984296898825817e-7,1.398789927637813e-7
12.013,0.61,3.227108809261693e-6,1.3982800076582512e-7,1.3982800054925505e-7,1.398789927637813e-7
12.013,0.61,5.301007395754297e-6,1.3980681291791858e-7,1.398068110743483e-7,1.398789927637813e-7
12.013,0.61,8.707695051742211e-6,1.397768164729488e-7,1.397768122820078e-7,1.398789927637813e-7
12.013,0.61,1.4303687479263852e-5,1.397343432451622e-7,1.397343357887357e-7,1.398789927637813e-7
12.013,0.61,2.3495939429288417e-5,1.3967418973698148e-7,1.3967417755163147e-7,1.398789927637813e-7
12.013,0.61,3.8595583863609565e-5,1.3958896485041417e-7,1.3958894603111502e-7,1.398789927637813e-7
12.013,0.61,6.33990012723672e-5,1.394681486909267e-7,1.3946812029768052e-7,1.398789927637813e-7
12.013,0.61,0.00010414231266814445,1.3929672084588296e-7,1.39296678725298e-7,1.398789927637813e-7
12.013,0.61,0.00017106927664800093,1.390531327272495e-7,1.3905307083489212e-7,1.398789927637813e-7
12.013,0.61,0.00028100679409841776,1.3870625304273693e-7,1.3870616182228998e-7,1.398789927637813e-7
12.013,0.61,0.00046159555869258604,1.3821065713319378e-7,1.3821052319231768e-7,1.398789927637813e-7
12.013,0.61,0.0007582395311413588,1.3749917066295057e-7,1.374989704859115e-7,1.398789927637813e-7
12.013,0.61,0.00124552148684853,1.36470777574034e-7,1.364704774613823e-7,1.398789927637813e-7
12.013,0.61,0.002045954755044497,1.3497070430944428e-7,1.349702424535081e-7,1.398789927637813e-7
12.013,0.61,0.0033607857462825456,1.327577253510053e-7,1.3275700667023771e-7,1.398789927637813e-7
12.013,0.61,0.005520591696647901,1.2945246255345593e-7,1.2945132406637194e-7,1.398789927637813e-7
12.013,0.61,0.009068395006973916,1.244637257488137e-7,1.2446190841829865e-7,1.398789927637813e-7
12.013,0.61,0.01489619093772919,1.1690971642654648e-7,1.1690687171340811e-7,1.398789927637813e-7
12.013,0.61,0.024469214704767362,1.0561309378182091e-7,1.0560876165651277e-7,1.398789927637813e-7
12.013,0.61,0.04019433362333615,8.938168589600889e-8,8.937566729685101e-8,1.398789927637813e-7
12.013,0.61,0.06602518613354949,6.791927168291788e-8,6.791187562389444e-8,1.398789927637813e-7
12.013,0.61,0.1084562128786955,4.339863407510185e-8,4.3391361184547754e-8,1.398789927637813e-7
12.013,0.61,0.17815550096589414,2.1213112356843435e-8,2.120793139380529e-8,1.398789927637813e-7
12.013,0.61,0.292646974128703,7.006054150932854e-9,7.003753243214041e-9,1.398789927637813e-7
12.013,0.61,0.480716289995901,1.3574201156004926e-9,1.3568809453806364e-9,1.398789927637813e-7
12.013,0.61,0.789648183294706,1.3571572983207743e-10,1.356590943400938e-10,1.398789927637813e-7
12.013,0.61,1.297114881182717,6.502848387258474e-12,6.500459843674148e-12,1.398789927637813e-7
12.013,0.61,2.1307045980472066,1.506165645655761e-13,1.5058592709626077e-13,1.398789927637813e-7
12.013,0.61,3.5000000000000004,1.6287300635520582e-15,1.6291644561870917e-15,1.398789927637813e-7
12.013,0.61,3.8,5.65293652427212e-16,5.655482659342432e-16,1.398789927637813e-7
12.013,0.61,3.98,1.2944150049568873e-16,1.2951784479098162e-16,1.398789927637813e-7
12.013,0.61,3.9998,1.251307111821539e-17,1.2520590021926518e-17,1.398789927637813e-7
12.013,1.73,1.0000000000000001e-7,1.769404719669259e-7,1.7694047490264124e-7,1.769508641135352e-7
12.013,1.73,1.6426491045299075e-7,1.7694043363221698e-7,1.769404355190891e-7,1.769508641135352e-7
12.013,1.73,2.698296080612907e-7,1.769361006543113e-7,1.7693610335005105e-7,1.769508641135352e-7
12.013,1.73,4.432353640575351e-7,1.769299676188266e-7,1.769299697382605e-7,1.769508641135352e-7
12.013,1.73,7.280801738650976e-7,1.769212866278466e-7,1.7692128807906313e-7,1.769508641135352e-7
12.013,1.73,1.1959802456254818e-6,1.7690899891711286e-7,1.7690899941041537e-7,1.769508641135352e-7
12.013,1.73,1.9645758795121526e-6,1.768916054807708e-7,1.7689160462454504e-7,1.769508641135352e-7
12.013,1.73,3.227108809261693e-6,1.768669836442428e-7,1.7686698087926522e-7,1.769508641135352e-7
12.013,1.73,5.301007395754297e-6,1.7683212673727602e-7,1.7683212124212524e-7,1.769508641135352e-7
12.013,1.73,8.707695051742211e-6,1.7678277402969465e-7,1.767827647180443e-7,1.769508641135352e-7
12.013,1.73,1.4303687479263852e-5,1.767128833340571e-7,1.767128684990208e-7,1.769508641135352e-7
12.013,1.73,2.3495939429288417e-5,1.7661387642075628e-7,1.766138538804689e-7,1.769508641135352e-7
12.013,1.73,3.8595583863609565e-5,1.7647355288938805e-7,1.7647351915100334e-7,1.769508641135352e-7
12.013,1.73,6.33990012723672e-5,1.762745128435892e-7,1.7627446325727945e-7,1.769508641135352e-7
12.013,1.73,0.00010414231266814445,1.7599183677738454e-7,1.7599176414486452e-7,1.769508641135352e-7
12.013,1.73,0.00017106927664800093,1.755896127856117e-7,1.7558950651240425e-7,1.769508641135352e-7
12.013,1.73,0.00028100679409841776,1.750156213375899e-7,1.7501546577271552e-7,1.769508641135352e-7
12.013,1.73,0.00046159555869258604,1.7419298754954413e-7,1.7419275653662803e-7,1.769508641135352e-7
12.013,1.73,0.0007582395311413588,1.7300672788523347e-7,1.730063835793114e-7,1.769508641135352e-7
12.013,1.73,0.00124552148684853,1.7128163624595742e-7,1.7128110879914716e-7,1.769508641135352e-7
12.013,1.73,0.002045954755044497,1.6874575817694168e-7,1.687449441834535e-7,1.769508641135352e-7
12.013,1.73,0.0033607857462825456,1.6497143180280044e-7,1.649701409672364e-7,1.769508641135352e-7
12.013,1.73,0.005520591696647901,1.5928698044254e-7,1.5928492480746261e-7,1.769508641135352e-7
12.013,1.73,0.009068395006973916,1.506680355265981e-7,1.506647704017295e-7,1.769508641135352e-7
12.013,1.73,0.01489619093772919,1.376765143723009e-7,1.3767144269736366e-7,1.769508641135352e-7
12.013,1.73,0.024469214704767362,1.1866320188705419e-7,1.186558620167846e-7,1.769508641135352e-7
12.013,1.73,0.04019433362333615,9.267406136349393e-8,9.266444107885133e-8,1.769508641135352e-7
12.013,1.73,0.06602518613354949,6.14181667235007e-8,6.140783079096974e-8,1.769508641135352e-7
12.013,1.73,0.1084562128786955,3.114438563238021e-8,3.113605587504393e-8,1.769508641135352e-7
12.013,1.73,0.17815550096589414,1.0337335474083807e-8,1.0333145369840246e-8,1.769508641135352e-7
12.013,1.73,0.292646974128703,1.7999027261868526e-9,1.7988542147387887e-9,1.769508641135352e-7
12.013,1.73,0.480716289995901,1.234312986488773e-10,1.2333567185420191e-10,1.769508641135352e-7
12.013,1.73,0.789648183294706,2.4148331058236487e-12,2.4125916352482525e-12,1.769508641135352e-7
12.013,1.73,1.297114881182717,1.010649517353075e-14,1.0096763294274774e-14,1.769508641135352e-7
12.013,1.73,2.1307045980472066,7.71704313140313e-18,7.71074616958776e-18,1.769508641135352e-7
12.013,1.73,3.5000000000000004,1.0861632650755286e-21,1.0870692784001016e-21,1.769508641135352e-7
12.013,1.73,3.8,1.8675243826820917e-22,1.86673458545259e-22,1.769508641135352e-7
12.013,1.73,3.98,3.012674204429171e-23,3.0156218856309516e-23,1.769508641135352e-7
12.013,1.73,3.9998,2.8127495441648426e-24,2.8164259504332878e-24,1.769508641135352e-7
12.013,4.71,1.0000000000000001e-7,3.608717076731999e-7,3.6087523784346505e-7,3.609122477596363e-7
12.013,4.71,1.6426491045299075e-7,3.608717076731999e-7,3.6087523784346505e-7,3.609122477596363e-7
12.013,4.71,2.698296080612907e-7,3.608698010120929e-7,3.608733112523989e-7,3.609122477596363e-7
12.013,4.71,4.432353640575351e-7,3.6085216746335686e-7,3.6085569572720417e-7,3.609122477596363e-7
12.013,4.71,7.280801738650976e-7,3.6082720767590346e-7,3.60830733347695e-7,3.609122477596363e-7
12.013,4.71,1.1959802456254818e-6,3.6079187679515977e-7,3.607953988710981e-7,3.609122477596363e-7
12.013,4.71,1.9645758795121526e-6,3.6074186318878164e-7,3.607453801849119e-7,3.609122477596363e-7
12.013,4.71,3.227108809261693e-6,3.606710597399945e-7,3.606745695585239e-7,3.609122477596363e-7
12.013,4.71,5.301007395754297e-6,3.605708123486879e-7,3.605743118989862e-7,3.609122477596363e-7
12.013,4.71,8.707695051742211e-6,3.6042884910217966e-7,3.6043233425238353e-7,3.609122477596363e-7
12.013,4.71,1.4303687479263852e-5,3.602277485348235e-7,3.6023121289101364e-7,3.609122477596363e-7
12.013,4.71,2.3495939429288417e-5,3.5994273567991584e-7,3.599461708166838e-7,3.609122477596363e-7
12.013,4.71,3.8595583863609565e-5,3.59538483066129e-7,3.59541875793136e-7,3.609122477596363e-7
12.013,4.71,6.33990012723672e-5,3.589644086327379e-7,3.589677407444112e-7,3.609122477596363e-7
12.013,4.71,0.00010414231266814445,3.5814764407884806e-7,3.5815088765651586e-7,3.609122477596363e-7
12.013,4.71,0.00017106927664800093,3.5698228428816896e-7,3.5698539698563067e-7,3.609122477596363e-7
12.013,4.71,0.00028100679409841776,3.55312521249098e-7,3.5531543952702227e-7,3.609122477596363e-7
12.013,4.71,0.00046159555869258604,3.529054827800117e-7,3.529080987702182e-7,3.609122477596363e-7
12.013,4.71,0.0007582395311413588,3.4940658406040626e-7,3.49408736234263e-7,3.609122477596363e-7
12.013,4.71,0.00124552148684853,3.4426567015167455e-7,3.4426706341930607e-7,3.609122477596363e-7
12.013,4.71,0.002045954755044497,3.366173156400688e-7,3.366175022178994e-7,3.609122477596363e-7
12.013,4.71,0.0033607857462825456,3.2509994504315837e-7,3.2509814080579874e-7,3.609122477596363e-7
12.013,4.71,0.005520591696647901,3.076283622094005e-7,3.07623421823324e-7,3.609122477596363e-7
12.013,4.71,0.009068395006973916,2.8125022679335825e-7,2.8124061051864413e-7,3.609122477596363e-7
12.013,4.71,0.01489619093772919,2.425177329530063e-7,2.425018439925822e-7,3.609122477596363e-7
12.013,4.71,0.024469214704767362,1.8929370813759002e-7,1.8927153972512905e-7,3.609122477596363e-7
12.013,4.71,0.04019433362333615,1.2485919104993582e-7,1.2483374433795457e-7,3.609122477596363e-7
12.013,4.71,0.06602518613354949,6.218335398936355e-8,6.21621860930471e-8,3.609122477596363e-7
12.013,4.71,0.1084562128786955,1.9517562272265174e-8,1.9506633604198894e-8,3.609122477596363e-7
12.013,4.71,0.17815550096589414,2.9094416816621755e-9,2.906842954134744e-9,3.609122477596363e-7
12.013,4.71,0.292646974128703,1.341248876536259e-10,1.3393863330179849e-10,3.609122477596363e-7
12.013,4.71,0.480716289995901,1.0286427447406269e-12,1.0265028652851825e-12,3.609122477596363e-7
12.013,4.71,0.789648183294706,5.718884006181913e-16,5.701939989450126e-16,3.609122477596363e-7
12.013,4.71,1.297114881182717,8.58683819582186e-21,8.552810069820919e-21,3.609122477596363e-7
12.013,4.71,2.1307045980472066,1.3240774625578066e-27,1.3171999523653728e-27,3.609122477596363e-7
12.013,4.71,3.5000000000000004,1.0814616774167348e-36,1.0846537142065643e-36,3.609122477596363e-7
12.013,4.71,3.8,1.9532887092536895e-38,1.8700912723668998e-38,3.609122477596363e-7
12.013,4.71,3.98,1.0358457370892337e-39,1.0291435934963555e-39,3.609122477596363e-7
12.013,4.71,3.9998,8.729665980561993e-41,8.721758738652278e-41,3.609122477596363e-7
12.53,0.00113,1.0000000000000001e-7,5.537720149018707e-7,5.537720275545364e-7,5.537843284142999e-7
12.53,0.00113,1.6426491045299075e-7,5.537668997544749e-7,5.537669124506075e-7,5.537843284142999e-7
12.53,0.00113,2.698296080612907e-7,5.537596597027886e-7,5.537596724714343e-7,5.537843284142999e-7
12.53,0.00113,4.432353640575351e-7,5.537494119993791e-7,5.537494248559255e-7,5.537843284142999e-7
12.53,0.00113,7.280801738650976e-7,5.53734907135464e-7,5.537349201337277e-7,5.537843284142999e-7
12.53,0.00113,1.1959802456254818e-6,5.537143764048707e-7,5.537143895882577e-7,5.537843284142999e-7
12.53,0.00113,1.9645758795121526e-6,5.536853160398831e-7,5.536853294914803e-7,5.537843284142999e-7
12.53,0.00113,3.227108809261693e-6,5.536441814344963e-7,5.53644195279413e-7,5.537843284142999e-7
12.53,0.00113,5.301007395754297e-6,5.535859537941503e-7,5.535859681451506e-7,5.537843284142999e-7
12.53,0.00113,8.707695051742211e-6,5.535035255098344e-7,5.535035406829464e-7,5.537843284142999e-7
12.53,0.00113,1.4303687479263852e-5,5.533868273497201e-7,5.533868435144324e-7,5.537843284142999e-7
12.53,0.00113,2.3495939429288417e-5,5.532215865980663e-7,5.532216044207657e-7,5.537843284142999e-7
12.53,0.00113,3.8595583863609565e-5,5.529875547131582e-7,5.529875745971097e-7,5.537843284142999e-7
12.53,0.00113,6.33990012723672e-5,5.526559660491587e-7,5.526559891524019e-7,5.537843284142999e-7
12.53,0.00113,0.00010414231266814445,5.521858682938528e-7,5.521858958431842e-7,5.537843284142999e-7
12.53,0.00113,0.00017106927664800093,5.515187688272047e-7,5.515188025645119e-7,5.537843284142999e-7
12.53,0.00113,0.00028100679409841776,5.505707103041852e-7,5.505707538410289e-7,5.537843284142999e-7
12.53,0.00113,0.00046159555869258604,5.4922031369432e-7,5.492203695463696e-7,5.537843284142999e-7
12.53,0.00113,0.0007582395311413588,5.4729030788983e-7,5.472903858132272e-7,5.537843284142999e-7
12.53,0.00113,0.00124552148684853,5.445182587380686e-7,5.445183639354456e-7,5.537843284142999e-7
12.53,0.00113,0.002045954755044497,5.405091028011545e-7,5.405092589041629e-7,5.537843284142999e-7
12.53,0.00113,0.0033607857462825456,5.346571638977029e-7,5.34657389932956e-7,5.537843284142999e-7
12.53,0.00113,0.005520591696647901,5.260189775178022e-7,5.260193232310107e-7,5.537843284142999e-7
12.53,0.00113,0.009068395006973916,5.131149481406909e-7,5.131154912035446e-7,5.537843284142999e-7
12.53,0.00113,0.01489619093772919,4.936548137696711e-7,4.936556309162818e-7,5.537843284142999e-7
12.53,0.00113,0.024469214704767362,4.6426657955315195e-7,4.642679045569552e-7,5.537843284142999e-7
12.53,0.00113,0.04019433362333615,4.205538300303606e-7,4.2055568657625316e-7,5.537843284142999e-7
12.53,0.00113,0.06602518613354949,3.582760554721597e-7,3.5827870052241064e-7,5.537843284142999e-7
12.53,0.00113,0.1084562128786955,2.7675621032196004e-7,2.7675927930908214e-7,5.537843284142999e-7
12.53,0.00113,0.17815550096589414,1.8411982017406135e-7,1.8412279207731322e-7,5.537843284142999e-7
12.53,0.00113,0.292646974128703,9.891508336165776e-8,9.891721873336614e-8,5.537843284142999e-7
12.53,0.00113,0.480716289995901,4.0122126058954255e-8,4.012317305779464e-8,5.537843284142999e-7
12.53,0.00113,0.789648183294706,1.1665522158820137e-8,1.1665837025681385e-8,5.537843284142999e-7
12.53,0.00113,1.297114881182717,2.3851438312079515e-9,2.3852030019682164e-9,5.537843284142999e-7
12.53,0.00113,2.1307045980472066,3.456881733788235e-10,3.456925272784391e-10,5.537843284142999e-7
12.53,0.00113,3.5000000000000004,2.8482450127120012e-11,2.8482321125621726e-11,5.537843284142999e-7
12.53,0.00113,3.8,1.3398423088207348e-11,1.3398327641121532e-11,5.537843284142999e-7
12.53,0.00113,3.98,3.595957696585336e-12,3.595919399572621e-12,5.537843284142999e-7
12.53,0.00113,3.9998,3.5336956334948853e-13,3.5336567894849916e-13,5.537843284142999e-7
12.53,0.0037,1.0000000000000001e-7,5.521838552233232e-7,5.521838553368704e-7,5.521961526299154e-7
12.53,0.0037,1.6426491045299075e-7,5.521787467663975e-7,5.521787468784486e-7,5.521961526299154e-7
12.53,0.0037,2.698296080612907e-7,5.521715161844383e-7,5.521715162992616e-7,5.521961526299154e-7
12.53,0.0037,4.432353640575351e-7,5.521612818845217e-7,5.521612820017327e-7,5.521961526299154e-7
12.53,0.0037,7.280801738650976e-7,5.521467959919459e-7,5.521467961062564e-7,5.521961526299154e-7
12.53,0.0037,1.1959802456254818e-6,5.521262921133848e-7,5.521262922424309e-7,5.521961526299154e-7
12.53,0.0037,1.9645758795121526e-6,5.520972697546427e-7,5.520972698664112e-7,5.521961526299154e-7
12.53,0.0037,3.227108809261693e-6,5.520561889428576e-7,5.520561890926855e-7,5.521961526299154e-7
12.53,0.0037,5.301007395754297e-6,5.519980374407506e-7,5.519980375605193e-7,5.521961526299154e-7
12.53,0.0037,8.707695051742211e-6,5.51915716919412e-7,5.51915717095437e-7,5.521961526299154e-7
12.53,0.0037,1.4303687479263852e-5,5.517991712796397e-7,5.517991714466664e-7,5.521961526299154e-7
12.53,0.0037,2.3495939429288417e-5,5.516341463882105e-7,5.516341465781546e-7,5.521961526299154e-7
12.53,0.0037,3.8595583863609565e-5,5.514004199932961e-7,5.514004202950723e-7,5.521961526299154e-7
12.53,0.0037,6.33990012723672e-5,5.510692636344155e-7,5.510692637966352e-7,5.521961526299154e-7
12.53,0.0037,0.00010414231266814445,5.505997775783965e-7,5.505997781754772e-7,5.521961526299154e-7
12.53,0.0037,0.00017106927664800093,5.499335435179721e-7,5.499335436689636e-7,5.521961526299154e-7
12.53,0.0037,0.00028100679409841776,5.489867090830596e-7,5.489867102254107e-7,5.521961526299154e-7
12.53,0.0037,0.00046159555869258604,5.476380434575873e-7,5.476380440531054e-7,5.521961526299154e-7
12.53,0.0037,0.0007582395311413588,5.457104847693032e-7,5.457104867380784e-7,5.521961526299154e-7
12.53,0.0037,0.00124552148684853,5.429418945563223e-7,5.429418974005996e-7,5.521961526299154e-7
12.53,0.0037,0.002045954755044497,5.389376289511393e-7,5.389376315561658e-7,5.521961526299154e-7
12.53,0.0037,0.0033607857462825456,5.330926135286275e-7,5.330926247306312e-7,5.521961526299154e-7
12.53,0.0037,0.005520591696647901,5.244642674746042e-7,5.244642690294018e-7,5.521961526299154e-7
12.53,0.0037,0.009068395006973916,5.115743524975991e-7,5.11574387172976e-7,5.521961526299154e-7
12.53,0.0037,0.01489619093772919,4.92134842647841e-7,4.921348496154553e-7,5.521961526299154e-7
12.53,0.0037,0.024469214704767362,4.6277774509250615e-7,4.627778148022294e-7,5.521961526299154e-7
12.53,0.0037,0.04019433362333615,4.19114242523832e-7,4.191142897970136e-7,5.521961526299154e-7
12.53,0.0037,0.06602518613354949,3.569180670977195e-7,3.5691812373707835e-7,5.521961526299154e-7
12.53,0.0037,0.1084562128786955,2.755354019666882e-7,2.755354658729946e-7,5.521961526299154e-7
12.53,0.0037,0.17815550096589414,1.8311711258016198e-7,1.831171120628542e-7,5.521961526299154e-7
12.53,0.0037,0.292646974128703,9.820988973071554e-8,9.820985773515133e-8,5.521961526299154e-7
12.53,0.0037,0.480716289995901,3.973034871972072e-8,3.973034742154799e-8,5.521961526299154e-7
12.53,0.0037,0.789648183294706,1.1506074223876072e-8,1.1506060370841569e-8,5.521961526299154e-7
12.53,0.0037,1.297114881182717,2.3397192413773585e-9,2.339718274920518e-9,5.521961526299154e-7
12.53,0.0037,2.1307045980472066,3.367753895830093e-10,3.3677475472547013e-10,5.521961526299154e-7
12.53,0.0037,3.5000000000000004,2.754297741763416e-11,2.7542954908517194e-11,5.521961526299154e-7
12.53,0.0037,3.8,1.2941880892641202e-11,1.2941901869637712e-11,5.521961526299154e-7
12.53,0.0037,3.98,3.4713258158195694e-12,3.4713302266469586e-12,5.521961526299154e-7
12.53,0.0037,3.9998,3.4110051078192933e-13,3.4110088136387424e-13,5.521961526299154e-7
12.53,0.0127,1.0000000000000001e-7,5.467518251754799e-7,5.467518252129172e-7,5.467640678849419e-7
12.53,0.0127,1.6426491045299075e-7,5.467467394400957e-7,5.467467394809922e-7,5.467640678849419e-7
12.53,0.0127,2.698296080612907e-7,5.467395410183249e-7,5.467395410584475e-7,5.467640678849419e-7
12.53,0.0127,4.432353640575351e-7,5.467293522380678e-7,5.467293522796393e-7,5.467640678849419e-7
12.53,0.0127,7.280801738650976e-7,5.467149307741144e-7,5.467149308219037e-7,5.467640678849419e-7
12.53,0.0127,1.1959802456254818e-6,5.46694518087763e-7,5.466945181272322e-7,5.467640678849419e-7
12.53,0.0127,1.9645758795121526e-6,5.466656248019359e-7,5.466656248655442e-7,5.467640678849419e-7
12.53,0.0127,3.227108809261693e-6,5.466247266781687e-7,5.466247267157983e-7,5.467640678849419e-7
12.53,0.0127,5.301007395754297e-6,5.465668337478438e-7,5.465668338360434e-7,5.467640678849419e-7
12.53,0.0127,8.707695051742211e-6,5.464848791969693e-7,5.46484879253642e-7,5.467640678849419e-7
12.53,0.0127,1.4303687479263852e-5,5.463688515231909e-7,5.463688516355764e-7,5.467640678849419e-7
12.53,0.0127,2.3495939429288417e-5,5.462045596948024e-7,5.462045598283891e-7,5.467640678849419e-7
12.53,0.0127,3.8595583863609565e-5,5.45971870728078e-7,5.459718708367222e-7,5.467640678849419e-7
12.53,0.0127,6.33990012723672e-5,5.456421824138629e-7,5.456421827434933e-7,5.467640678849419e-7
12.53,0.0127,0.00010414231266814445,5.451747735067455e-7,5.451747735599301e-7,5.467640678849419e-7
12.53,0.0127,0.00017106927664800093,5.445114779043259e-7,5.445114786361249e-7,5.467640678849419e-7
12.53,0.0127,0.00028100679409841776,5.43568799371013e-7,5.435687994957463e-7,5.467640678849419e-7
12.53,0.0127,0.00046159555869258604,5.422260096371432e-7,5.42226011066211e-7,5.467640678849419e-7
12.53,0.0127,0.0007582395311413588,5.40306755700496e-7,5.403067567513401e-7,5.467640678849419e-7
12.53,0.0127,0.00124552148684853,5.375498997245308e-7,5.375499020357272e-7,5.467640678849419e-7
12.53,0.0127,0.002045954755044497,5.335622155519127e-7,5.335622207474851e-7,5.467640678849419e-7
12.53,0.0127,0.0033607857462825456,5.277406585757554e-7,5.277406607566563e-7,5.467640678849419e-7
12.53,0.0127,0.005520591696647901,5.1914562457674e-7,5.191456438994052e-7,5.467640678849419e-7
12.53,0.0127,0.009068395006973916,5.063034467490609e-7,5.063034469414832e-7,5.467640678849419e-7
12.53,0.0127,0.01489619093772919,4.86933651902585e-7,4.869337032688996e-7,5.467640678849419e-7
12.53,0.0127,0.024469214704767362,4.576818486789663e-7,4.5768186456305244e-7,5.467640678849419e-7
12.53,0.0127,0.04019433362333615,4.1418525262892865e-7,4.1418532616822314e-7,5.467640678849419e-7
12.53,0.0127,0.06602518613354949,3.5226676329766376e-7,3.522668254025883e-7,5.467640678849419e-7
12.53,0.0127,0.1084562128786955,2.7135320497164397e-7,2.713532282628906e-7,5.467640678849419e-7
12.53,0.0127,0.17815550096589414,1.7968369273651286e-7,1.796837084907682e-7,5.467640678849419e-7
12.53,0.0127,0.292646974128703,9.579967409401259e-8,9.579967124498023e-8,5.467640678849419e-7
12.53,0.0127,0.480716289995901,3.839683636213079e-8,3.8396804562271614e-8,5.467640678849419e-7
12.53,0.0127,0.789648183294706,1.096725312892122e-8,1.0967252355284501e-8,5.467640678849419e-7
12.53,0.0127,1.297114881182717,2.1878627548774494e-9,2.187859480736776e-9,5.467640678849419e-7
12.53,0.0127,2.1307045980472066,3.073960272333609e-10,3.073957366301893e-10,5.467640678849419e-7
12.53,0.0127,3.5000000000000004,2.4493596943951947e-11,2.4493609577371544e-11,5.467640678849419e-7
12.53,0.0127,3.8,1.1463554769141937e-11,1.1463549979262027e-11,5.467640678849419e-7
12.53,0.0127,3.98,3.0682777604245383e-12,3.068281596836303e-12,5.467640678849419e-7
12.53,0.0127,3.9998,3.0142892292725163e-13,3.0142940945940844e-13,5.467640678849419e-7
12.53,0.047,1.0000000000000001e-7,5.27783536795728e-7,5.277835368717696e-7,5.277955942493719e-7
12.53,0.047,1.6426491045299075e-7,5.277785280167608e-7,5.277785280973735e-7,5.277955942493719e-7
12.53,0.047,2.698296080612907e-7,5.277714385194363e-7,5.277714385959798e-7,5.277955942493719e-7
12.53,0.047,4.432353640575351e-7,5.277614039111278e-7,5.277614039953388e-7,5.277955942493719e-7
12.53,0.047,7.280801738650976e-7,5.277472006621283e-7,5.277472007436113e-7,5.277955942493719e-7
12.53,0.047,1.1959802456254818e-6,5.277270968362112e-7,5.277270969229268e-7,5.277955942493719e-7
12.53,0.047,1.9645758795121526e-6,5.27698640707774e-7,5.276986408043476e-7,5.277955942493719e-7
12.53,0.047,3.227108809261693e-6,5.276583613262894e-7,5.276583614102922e-7,5.277955942493719e-7
12.53,0.047,5.301007395754297e-6,5.276013441376838e-7,5.276013442670529e-7,5.277955942493719e-7
12.53,0.047,8.707695051742211e-6,5.275206290486377e-7,5.275206291275165e-7,5.277955942493719e-7
12.53,0.047,1.4303687479263852e-5,5.274063555615438e-7,5.27406355745759e-7,5.277955942493719e-7
12.53,0.047,2.3495939429288417e-5,5.272445462700715e-7,5.272445463813132e-7,5.277955942493719e-7
12.53,0.047,3.8595583863609565e-5,5.270153703197113e-7,5.27015370568495e-7,5.277955942493719e-7
12.53,0.047,6.33990012723672e-5,5.266906526196185e-7,5.26690652882386e-7,5.277955942493719e-7
12.53,0.047,0.00010414231266814445,5.262302753616573e-7,5.262302756347491e-7,5.277955942493719e-7
12.53,0.047,0.00017106927664800093,5.255769242275554e-7,5.255769249202213e-7,5.277955942493719e-7
12.53,0.047,0.00028100679409841776,5.246483038757355e-7,5.246483040600352e-7,5.277955942493719e-7
12.53,0.047,0.00046159555869258604,5.233253766154485e-7,5.233253783395346e-7,5.277955942493719e-7
12.53,0.047,0.0007582395311413588,5.214341658070814e-7,5.214341660854707e-7,5.277955942493719e-7
12.53,0.047,0.00124552148684853,5.187168715890011e-7,5.187168755503322e-7,5.277955942493719e-7
12.53,0.047,0.002045954755044497,5.147849665720721e-7,5.147849691400767e-7,5.277955942493719e-7
12.53,0.047,0.0033607857462825456,5.090420833876354e-7,5.090420911044849e-7,5.277955942493719e-7
12.53,0.047,0.005520591696647901,5.005583480638428e-7,5.00558362457242e-7,5.277955942493719e-7
12.53,0.047,0.009068395006973916,4.878750348169634e-7,4.878750441176047e-7,5.277955942493719e-7
12.53,0.047,0.01489619093772919,4.6873665869840757e-7,4.687367104762883e-7,5.277955942493719e-7
12.53,0.047,0.024469214704767362,4.3983502803424926e-7,4.398350316763886e-7,5.277955942493719e-7
12.53,0.047,0.04019433362333615,3.96898766458954e-7,3.968988691039714e-7,5.277955942493719e-7
12.53,0.047,0.06602518613354949,3.3592866974206524e-7,3.3592869208310366e-7,5.277955942493719e-7
12.53,0.047,0.1084562128786955,2.566496417635499e-7,2.5664970155723056e-7,5.277955942493719e-7
12.53,0.047,0.17815550096589414,1.6763099543779362e-7,1.6763101195782082e-7,5.277955942493719e-7
12.53,0.047,0.292646974128703,8.739519544785699e-8,8.739518167730712e-8,5.277955942493719e-7
12.53,0.047,0.480716289995901,3.3816548910796184e-8,3.3816526093555125e-8,5.277955942493719e-7
12.53,0.047,0.789648183294706,9.164935899158381e-9,9.16493491674118e-9,5.277955942493719e-7
12.53,0.047,1.297114881182717,1.6996155726480106e-9,1.6996125038234435e-9,5.277955942493719e-7
12.53,0.047,2.1307045980472066,2.1767233711664007e-10,2.1767231157979271e-10,5.277955942493719e-7
12.53,0.047,3.5000000000000004,1.568855659056549e-11,1.568855459324324e-11,5.277955942493719e-7
12.53,0.047,3.8,7.23157946911012e-12,7.231577559988555e-12,5.277955942493719e-7
12.53,0.047,3.98,1.9198404883179325e-12,1.9198461703244048e-12,5.277955942493719e-7
12.53,0.047,3.9998,1.8844481698991017e-13,1.884454237128215e-13,5.277955942493719e-7
12.53,0.173,1.0000000000000001e-7,4.770264900696545e-7,4.770264886282239e-7,4.770381355963417e-7
12.53,0.173,1.6426491045299075e-7,4.770216524070164e-7,4.770216509649799e-7,4.770381355963417e-7
12.53,0.173,2.698296080612907e-7,4.770148051075884e-7,4.770148036700211e-7,4.770381355963417e-7
12.53,0.173,4.432353640575351e-7,4.770051133047406e-7,4.770051118616591e-7,4.770381355963417e-7
12.53,0.173,7.280801738650976e-7,4.769913952577426e-7,4.769913938272021e-7,4.770381355963417e-7
12.53,0.173,1.1959802456254818e-6,4.769719781734271e-7,4.769719767319732e-7,4.770381355963417e-7
12.53,0.173,1.9645758795121526e-6,4.769444940254272e-7,4.76944492604107e-7,4.770381355963417e-7
12.53,0.173,3.227108809261693e-6,4.769055903036552e-7,4.769055888761161e-7,4.770381355963417e-7
12.53,0.173,5.301007395754297e-6,4.768505200315389e-7,4.76850518615783e-7,4.770381355963417e-7
12.53,0.173,8.707695051742211e-6,4.767725601609427e-7,4.7677255877508927e-7,4.770381355963417e-7
12.53,0.173,1.4303687479263852e-5,4.7666218538142637e-7,4.766621839564481e-7,4.770381355963417e-7
12.53,0.173,2.3495939429288417e-5,4.765058919748528e-7,4.7650589067937674e-7,4.770381355963417e-7
12.53,0.173,3.8595583863609565e-5,4.76284517899949e-7,4.76284516461646e-7,4.770381355963417e-7
12.53,0.173,6.33990012723672e-5,4.7597083105866676e-7,4.759708299174366e-7,4.770381355963417e-7
12.53,0.173,0.00010414231266814445,4.7552604036548143e-7,4.7552603902684846e-7,4.770381355963417e-7
12.53,0.173,0.00017106927664800093,4.7489469208271596e-7,4.7489469113685983e-7,4.770381355963417e-7
12.53,0.173,0.00028100679409841776,4.7399708772997533e-7,4.7399708688048985e-7,4.770381355963417e-7
12.53,0.173,0.00046159555869258604,4.7271778957257483e-7,4.7271778872605106e-7,4.770381355963417e-7
12.53,0.173,0.0007582395311413588,4.7088776574741006e-7,4.7088776651578197e-7,4.770381355963417e-7
12.53,0.173,0.00124552148684853,4.682559321395777e-7,4.6825593097809043e-7,4.770381355963417e-7
12.53,0.173,0.002045954755044497,4.64442785103942e-7,4.644427905807602e-7,4.770381355963417e-7
12.53,0.173,0.0033607857462825456,4.5886406746247417e-7,4.588640667788946e-7,4.770381355963417e-7
12.53,0.173,0.005520591696647901,4.5060666826398705e-7,4.5060668478153133e-7,4.770381355963417e-7
12.53,0.173,0.009068395006973916,4.3823753615640606e-7,4.38237546719437e-7,4.770381355963417e-7
12.53,0.173,0.01489619093772919,4.195484085761584e-7,4.1954843855595084e-7,4.770381355963417e-7
12.53,0.173,0.024469214704767362,3.9133522762057494e-7,3.9133528280184913e-7,4.770381355963417e-7
12.53,0.173,0.04019433362333615,3.495734802616732e-7,3.4957350050967684e-7,4.770381355963417e-7
12.53,0.173,0.06602518613354949,2.908139963620306e-7,2.908140994292582e-7,4.770381355963417e-7
12.53,0.173,0.1084562128786955,2.157844191703282e-7,2.1578442059288062e-7,4.770381355963417e-7
12.53,0.173,0.17815550096589414,1.3421758214852253e-7,1.3421760547853083e-7,4.770381355963417e-7
12.53,0.173,0.292646974128703,6.459519104747824e-8,6.459519126686903e-8,4.770381355963417e-7
12.53,0.173,0.480716289995901,2.2022849956669464e-8,2.202283463172843e-8,4.770381355963417e-7
12.53,0.173,0.789648183294706,4.9335167016568456e-9,4.933513002075095e-9,4.770381355963417e-7
12.53,0.173,1.297114881182717,6.998061592024267e-10,6.998054727123655e-10,4.770381355963417e-7
12.53,0.173,2.1307045980472066,6.342441372668911e-11,6.342413696026466e-11,4.770381355963417e-7
12.53,0.173,3.5000000000000004,3.1210815623251013e-12,3.121083530017781e-12,4.770381355963417e-7
12.53,0.173,3.8,1.357784678850995e-12,1.3577833534394869e-12,4.770381355963417e-7
12.53,0.173,3.98,3.4953801226904794e-13,3.49537713963404e-13,4.770381355963417e-7
12.53,0.173,3.9998,3.419935305432389e-14,3.4199345077721574e-14,4.770381355963417e-7
12.53,0.61,1.0000000000000001e-7,4.2361266166111836e-7,4.2361266117947997e-7,4.2362494331141327e-7
12.53,0.61,1.6426491045299075e-7,4.236075597400062e-7,4.236075592308413e-7,4.2362494331141327e-7
12.53,0.61,2.698296080612907e-7,4.236003383964501e-7,4.236003378889259e-7,4.2362494331141327e-7
12.53,0.61,4.432353640575351e-7,4.2359011714390555e-7,4.2359011663382146e-7,4.2362494331141327e-7
12.53,0.61,7.280801738650976e-7,4.235756496523613e-7,4.235756491531179e-7,4.2362494331141327e-7
12.53,0.61,1.1959802456254818e-6,4.235551716658838e-7,4.2355517115410734e-7,4.2362494331141327e-7
12.53,0.61,1.9645758795121526e-6,4.235261856030903e-7,4.2352618511799117e-7,4.2362494331141327e-7
12.53,0.61,3.227108809261693e-6,4.2348515535621625e-7,4.2348515485098747e-7,4.2362494331141327e-7
12.53,0.61,5.301007395754297e-6,4.234270735696356e-7,4.234270731014958e-7,4.2362494331141327e-7
12.53,0.61,8.707695051742211e-6,4.2334484748188084e-7,4.233448470111483e-7,4.2362494331141327e-7
12.53,0.61,1.4303687479263852e-5,4.23228425827535e-7,4.2322842536619343e-7,4.2362494331141327e-7
12.53,0.61,2.3495939429288417e-5,4.2306355443158944e-7,4.230635540558235e-7,4.2362494331141327e-7
12.53,0.61,3.8595583863609565e-5,4.228299955160617e-7,4.228299950323353e-7,4.2362494331141327e-7
12.53,0.61,6.33990012723672e-5,4.2249896413114244e-7,4.2249896395678695e-7,4.2362494331141327e-7
12.53,0.61,0.00010414231266814445,4.220294042402992e-7,4.220294037566632e-7,4.2362494331141327e-7
12.53,0.61,0.00017106927664800093,4.213625092707336e-7,4.2136250945072895e-7,4.2362494331141327e-7
12.53,0.61,0.00028100679409841776,4.204135170770586e-7,4.204135169203807e-7,4.2362494331141327e-7
12.53,0.61,0.00046159555869258604,4.190591469886052e-7,4.190591476618458e-7,4.2362494331141327e-7
12.53,0.61,0.0007582395311413588,4.1711786500297515e-7,4.171178663868084e-7,4.2362494331141327e-7
12.53,0.61,0.00124552148684853,4.143180855660252e-7,4.1431808651813705e-7,4.2362494331141327e-7
12.53,0.61,0.002045954755044497,4.1024595605127255e-7,4.1024596301210487e-7,4.2362494331141327e-7
12.53,0.61,0.0033607857462825456,4.0425931522153437e-7,4.0425931538661765e-7,4.2362494331141327e-7
12.53,0.61,0.005520591696647901,3.9534944598344856e-7,3.9534946909941296e-7,4.2362494331141327e-7
12.53,0.61,0.009068395006973916,3.8193583420003416e-7,3.8193583903348526e-7,4.2362494331141327e-7
12.53,0.61,0.01489619093772919,3.616185452341893e-7,3.616185972603525e-7,4.2362494331141327e-7
12.53,0.61,0.024469214704767362,3.310534669875867e-7,3.310535091841157e-7,4.2362494331141327e-7
12.53,0.61,0.04019433362333615,2.864547009319288e-7,2.8645476048569026e-7,4.2362494331141327e-7
12.53,0.61,0.06602518613354949,2.257022881987257e-7,2.2570239133247444e-7,4.2362494331141327e-7
12.53,0.61,0.1084562128786955,1.527223694322001e-7,1.5272238704344677e-7,4.2362494331141327e-7
12.53,0.61,0.17815550096589414,8.137686794961855e-8,8.13769149782468e-8,4.2362494331141327e-7
12.53,0.61,0.292646974128703,3.034327188955829e-8,3.034327620276612e-8,4.2362494331141327e-7
12.53,0.61,0.480716289995901,6.867711104626002e-9,6.867706366822825e-9,4.2362494331141327e-7
12.53,0.61,0.789648183294706,8.187538348904082e-10,8.187537205435183e-10,4.2362494331141327e-7
12.53,0.61,1.297114881182717,4.6480888822725566e-11,4.6480785342245886e-11,4.2362494331141327e-7
12.53,0.61,2.1307045980472066,1.2278685329845667e-12,1.2278612837802521e-12,4.2362494331141327e-7
12.53,0.61,3.5000000000000004,1.4235457673763737e-14,1.423536312508896e-14,4.2362494331141327e-7
12.53,0.61,3.8,4.9644922447237866e-15,4.964280475192382e-15,4.2362494331141327e-7
12.53,0.61,3.98,1.1389493363079862e-15,1.1389640773022116e-15,4.2362494331141327e-7
12.53,0.61,3.9998,1.1012103518677024e-16,1.101236212093094e-16,4.2362494331141327e-7
12.53,1.73,1.0000000000000001e-7,5.363437225920533e-7,5.363437277494048e-7,5.36365302269501e-7
12.53,1.73,1.6426491045299075e-7,5.363367080378772e-7,5.363367128720904e-7,5.36365302269501e-7
12.53,1.73,2.698296080612907e-7,5.363248295965357e-7,5.36324834755929e-7,5.36365302269501e-7
12.53,1.73,4.432353640575351e-7,5.363080165101483e-7,5.363080216791823e-7,5.36365302269501e-7
12.53,1.73,7.280801738650976e-7,5.362842185562945e-7,5.362842237164048e-7,5.36365302269501e-7
12.53,1.73,1.1959802456254818e-6,5.362505333971325e-7,5.362505385840584e-7,5.36365302269501e-7
12.53,1.73,1.9645758795121526e-6,5.362028520348616e-7,5.362028571908704e-7,5.36365302269501e-7
12.53,1.73,3.227108809261693e-6,5.361353562510811e-7,5.361353614665758e-7,5.36365302269501e-7
12.53,1.73,5.301007395754297e-6,5.360398056007144e-7,5.360398107743073e-7,5.36365302269501e-7
12.53,1.73,8.707695051742211e-6,5.359045244040564e-7,5.359045296485015e-7,5.36365302269501e-7
12.53,1.73,1.4303687479263852e-5,5.357129592968256e-7,5.357129645530184e-7,5.36365302269501e-7
12.53,1.73,2.3495939429288417e-5,5.354416181458583e-7,5.354416233863351e-7,5.36365302269501e-7
12.53,1.73,3.8595583863609565e-5,5.35057109317302e-7,5.350571147950345e-7,5.36365302269501e-7
12.53,1.73,6.33990012723672e-5,5.345118546186056e-7,5.345118597831554e-7,5.36365302269501e-7
12.53,1.73,0.00010414231266814445,5.337378096338046e-7,5.33737815585927e-7,5.36365302269501e-7
12.53,1.73,0.00017106927664800093,5.326371165750722e-7,5.326371217663556e-7,5.36365302269501e-7
12.53,1.73,0.00028100679409841776,5.310678969751233e-7,5.310679037992509e-7,5.36365302269501e-7
12.53,1.73,0.00046159555869258604,5.288221098334209e-7,5.288221160241146e-7,5.36365302269501e-7
12.53,1.73,0.0007582395311413588,5.255901231404648e-7,5.25590131189133e-7,5.36365302269501e-7
12.53,1.73,0.00124552148684853,5.209027468485982e-7,5.209027580139866e-7,5.36365302269501e-7
12.53,1.73,0.002045954755044497,5.140354085142732e-7,5.140354166745252e-7,5.36365302269501e-7
12.53,1.73,0.0033607857462825456,5.038518142504382e-7,5.038518435709066e-7,5.36365302269501e-7
12.53,1.73,0.005520591696647901,4.88562731696848e-7,4.885627365913602e-7,5.36365302269501e-7
12.53,1.73,0.009068395006973916,4.654046500918274e-7,4.654047247099349e-7,5.36365302269501e-7
12.53,1.73,0.01489619093772919,4.303711764443889e-7,4.303711988945751e-7,5.36365302269501e-7
12.53,1.73,0.024469214704767362,3.78487200823982e-7,3.784873249414415e-7,5.36365302269501e-7
12.53,1.73,0.04019433362333615,3.0577113041891495e-7,3.0577123456140846e-7,5.36365302269501e-7
12.53,1.73,0.06602518613354949,2.143042932380313e-7,2.1430437507747603e-7,5.36365302269501e-7
12.53,1.73,0.1084562128786955,1.189194976254534e-7,1.1891962236426533e-7,5.36365302269501e-7
12.53,1.73,0.17815550096589414,4.541206694443299e-8,4.541207193639777e-8,5.36365302269501e-7
12.53,1.73,0.292646974128703,9.735157858305311e-9,9.735168736386436e-9,5.36365302269501e-7
12.53,1.73,0.480716289995901,8.912623987482605e-10,8.912625001405409e-10,5.36365302269501e-7
12.53,1.73,0.789648183294706,2.51577706997845e-11,2.5157717437959826e-11,5.36365302269501e-7
12.53,1.73,1.297114881182717,1.5891527655561835e-13,1.589150666444468e-13,5.36365302269501e-7
12.53,1.73,2.1307045980472066,1.7994635000318928e-16,1.7994435693168678e-16,5.36365302269501e-7
12.53,1.73,3.5000000000000004,3.427694344657308e-20,3.424414560567658e-20,5.36365302269501e-7
12.53,1.73,3.8,6.09769011515877e-21,6.097919162186435e-21,5.36365302269501e-7
12.53,1.73,3.98,9.986892822888258e-22,9.982316378319576e-22,5.36365302269501e-7
12.53,1.73,3.9998,9.337336776042564e-23,9.332540628265615e-23,5.36365302269501e-7
12.53,4.71,1.0000000000000001e-7,1.094387421878104e-6,1.0943981202628758e-6,1.0944716044267453e-6
12.53,4.71,1.6426491045299075e-7,1.094387421878104e-6,1.0943981202628758e-6,1.0944716044267453e-6
12.53,4.71,2.698296080612907e-7,1.0943552406828505e-6,1.0943659389815784e-6,1.0944716044267453e-6
12.53,4.71,4.432353640575351e-7,1.0943069002935182e-6,1.0943175968037372e-6,1.0944716044267453e-6
12.53,4.71,7.280801738650976e-7,1.0942384762582185e-6,1.094249171134638e-6,1.0944716044267453e-6
12.53,4.71,1.1959802456254818e-6,1.0941416221580354e-6,1.094152314830112e-6,1.0944716044267453e-6
12.53,4.71,1.9645758795121526e-6,1.0940045198293838e-6,1.0940152091756702e-6,1.0944716044267453e-6
12.53,4.71,3.227108809261693e-6,1.0938104312643944e-6,1.0938211161893434e-6,1.0944716044267453e-6
12.53,4.71,5.301007395754297e-6,1.0935356413990226e-6,1.0935463197203865e-6,1.0944716044267453e-6
12.53,4.71,8.707695051742211e-6,1.093146529202553e-6,1.0931571984705841e-6,1.0944716044267453e-6
12.53,4.71,1.4303687479263852e-5,1.0925953835228408e-6,1.092606039773036e-6,1.0944716044267453e-6
12.53,4.71,2.3495939429288417e-5,1.091814394522363e-6,1.0918250319975002e-6,1.0944716044267453e-6
12.53,4.71,3.8595583863609565e-5,1.0907069575476315e-6,1.0907175691774078e-6,1.0944716044267453e-6
12.53,4.71,6.33990012723672e-5,1.0891349434873757e-6,1.0891455158964932e-6,1.0944716044267453e-6
12.53,4.71,0.00010414231266814445,1.0868997674731111e-6,1.086910287149675e-6,1.0944716044267453e-6
12.53,4.71,0.00017106927664800093,1.0837136442858273e-6,1.0837240812892718e-6,1.0944716044267453e-6
12.53,4.71,0.00028100679409841776,1.0791548399156078e-6,1.0791651628841923e-6,1.0944716044267453e-6
12.53,4.71,0.00046159555869258604,1.07259613520439e-6,1.0726062782468534e-6,1.0944716044267453e-6
12.53,4.71,0.0007582395311413588,1.0630878113816188e-6,1.0630976849643848e-6,1.0944716044267453e-6
12.53,4.71,0.00124552148684853,1.049164029243549e-6,1.0491734867935852e-6,1.0944716044267453e-6
12.53,4.71,0.002045954755044497,1.0285259556260454e-6,1.0285347137092419e-6,1.0944716044267453e-6
12.53,4.71,0.0033607857462825456,9.975494326735504e-7,9.975571684619422e-7,1.0944716044267453e-6
12.53,4.71,0.005520591696647901,9.506185113414021e-7,9.506244101773648e-7,1.0944716044267453e-6
12.53,4.71,0.009068395006973916,8.795352721856041e-7,8.79538710626858e-7,1.0944716044267453e-6
12.53,4.71,0.01489619093772919,7.739739587576461e-7,7.739734614505138e-7,1.0944716044267453e-6
12.53,4.71,0.024469214704767362,6.253318897319733e-7,6.253270818394428e-7,1.0944716044267453e-6
12.53,4.71,0.04019433362333615,4.3715036814078877e-7,4.3714161499238543e-7,1.0944716044267453e-6
12.53,4.71,0.06602518613354949,2.3975376197492645e-7,2.3974400950214457e-7,1.0944716044267453e-6
12.53,4.71,0.1084562128786955,8.806830737443309e-8,8.806188279554197e-8,1.0944716044267453e-6
12.53,4.71,0.17815550096589414,1.6876648105633882e-8,1.6874443117041e-8,1.0944716044267453e-6
12.53,4.71,0.292646974128703,1.1495736776745271e-9,1.1493228220933026e-9,1.0944716044267453e-6
12.53,4.71,0.480716289995901,1.5813029439036232e-11,1.580713177458597e-11,1.0944716044267453e-6
12.53,4.71,0.789648183294706,2.0109689941439272e-14,2.0097196682790744e-14,1.0944716044267453e-6
12.53,4.71,1.297114881182717,8.916447482390358e-19,8.907283672404978e-19,1.0944716044267453e-6
12.53,4.71,2.1307045980472066,4.897875028915211e-25,4.890616850628237e-25,1.0944716044267453e-6
12.53,4.71,3.5000000000000004,1.452467628870006e-33,1.4185295260081056e-33,1.0944716044267453e-6
12.53,4.71,3.8,3.191911037916873e-35,3.271678784735091e-35,1.0944716044267453e-6
12.53,4.71,3.98,1.8577043683052593e-36,1.970260332163897e-36,1.0944716044267453e-6
12.53,4.71,3.9998,1.5782550663958068e-37,1.6755422512092162e-37,1.0944716044267453e-6
13.07,0.00113,1.0000000000000001e-7,1.7586114368206997e-6,1.7586114767526668e-6,1.7586467421898285e-6
13.07,0.00113,1.6426491045299075e-7,1.7585967706534282e-6,1.7585968107124424e-6,1.7586467421898285e-6
13.07,0.00113,2.698296080612907e-7,1.7585760119679506e-6,1.7585760522291905e-6,1.7586467421898285e-6
13.07,0.00113,4.432353640575351e-7,1.7585466297726334e-6,1.7585466703021537e-6,1.7586467421898285e-6
13.07,0.00113,7.280801738650976e-7,1.7585050415312459e-6,1.7585050824425063e-6,1.7586467421898285e-6
13.07,0.00113,1.1959802456254818e-6,1.7584461761441476e-6,1.7584462176243552e-6,1.7586467421898285e-6
13.07,0.00113,1.9645758795121526e-6,1.758362855128639e-6,1.7583628973307657e-6,1.7586467421898285e-6
13.07,0.00113,3.227108809261693e-6,1.7582449161401734e-6,1.7582449595246633e-6,1.7586467421898285e-6
13.07,0.00113,5.301007395754297e-6,1.7580779710306785e-6,1.7580780158396025e-6,1.7586467421898285e-6
13.07,0.00113,8.707695051742211e-6,1.7578416448724554e-6,1.7578416920424096e-6,1.7586467421898285e-6
13.07,0.00113,1.4303687479263852e-5,1.757507076350493e-6,1.7575071264864253e-6,1.7586467421898285e-6
13.07,0.00113,2.3495939429288417e-5,1.7570333636785126e-6,1.7570334183472026e-6,1.7586467421898285e-6
13.07,0.00113,3.8595583863609565e-5,1.7563624977417652e-6,1.7563625587451575e-6,1.7586467421898285e-6
13.07,0.00113,6.33990012723672e-5,1.7554121088111258e-6,1.7554121784047973e-6,1.7586467421898285e-6
13.07,0.00113,0.00010414231266814445,1.7540650184137582e-6,1.7540651015716526e-6,1.7586467421898285e-6
13.07,0.00113,0.00017106927664800093,1.7521540498461846e-6,1.7521541497322743e-6,1.7586467421898285e-6
13.07,0.00113,0.00028100679409841776,1.7494396540263878e-6,1.749439782708174e-6,1.7586467421898285e-6
13.07,0.00113,0.00046159555869258604,1.7455763620110204e-6,1.7455765260033837e-6,1.7586467421898285e-6
13.07,0.00113,0.0007582395311413588,1.7400613480230717e-6,1.7400615726956925e-6,1.7586467421898285e-6
13.07,0.00113,0.00124552148684853,1.732153539264469e-6,1.732153846447001e-6,1.7586467421898285e-6
13.07,0.00113,0.002045954755044497,1.7207432557007467e-6,1.7207436935071977e-6,1.7586467421898285e-6
13.07,0.00113,0.0033607857462825456,1.7041385052833856e-6,1.7041391572703377e-6,1.7586467421898285e-6
13.07,0.00113,0.005520591696647901,1.6797145537621598e-6,1.67971550188549e-6,1.7586467421898285e-6
13.07,0.00113,0.009068395006973916,1.6433566670524445e-6,1.6433582041511965e-6,1.7586467421898285e-6
13.07,0.00113,0.01489619093772919,1.5886499217989037e-6,1.5886521796977334e-6,1.7586467421898285e-6
13.07,0.00113,0.024469214704767362,1.505949437990104e-6,1.50595315506989e-6,1.7586467421898285e-6
13.07,0.00113,0.04019433362333615,1.3820541964216047e-6,1.3820595695613163e-6,1.7586467421898285e-6
13.07,0.00113,0.06602518613354949,1.202512964304449e-6,1.2025206705732024e-6,1.7586467421898285e-6
13.07,0.00113,0.1084562128786955,9.600774623231798e-7,9.600870587456276e-7,1.7586467421898285e-6
13.07,0.00113,0.17815550096589414,6.706388509851574e-7,6.706487045774099e-7,1.7586467421898285e-6
13.07,0.00113,0.292646974128703,3.8500974389551854e-7,3.850175494935422e-7,1.7586467421898285e-6
13.07,0.00113,0.480716289995901,1.6930418637944633e-7,1.6930855175658021e-7,1.7586467421898285e-6
13.07,0.00113,0.789648183294706,5.358572943836453e-8,5.3587205899646675e-8,1.7586467421898285e-6
13.07,0.00113,1.297114881182717,1.1792264573302101e-8,1.179258146191851e-8,1.7586467421898285e-6
13.07,0.00113,2.1307045980472066,1.7929456527183762e-9,1.792973963952176e-9,1.7586467421898285e-6
13.07,0.00113,3.5000000000000004,1.501838814638361e-10,1.5018353754507535e-10,1.7586467421898285e-6
13.07,0.00113,3.8,7.065631346960648e-11,7.065601226093697e-11,1.7586467421898285e-6
13.07,0.00113,3.98,1.8959936157384815e-11,1.895979385341208e-11,1.7586467421898285e-6
13.07,0.00113,3.9998,1.8631140190475938e-12,1.863099238957613e-12,1.7586467421898285e-6
13.07,0.0037,1.0000000000000001e-7,1.7535952413361544e-6,1.7535952416917716e-6,1.7536305005265207e-6
13.07,0.0037,1.6426491045299075e-7,1.753580594351845e-6,1.7535805947113717e-6,1.7536305005265207e-6
13.07,0.0037,2.698296080612907e-7,1.7535598628180412e-6,1.7535598631728733e-6,1.7536305005265207e-6
13.07,0.0037,4.432353640575351e-7,1.7535305190533312e-6,1.7535305194299557e-6,1.7536305005265207e-6
13.07,0.0037,7.280801738650976e-7,1.7534889852067493e-6,1.7534889855584363e-6,1.7536305005265207e-6
13.07,0.0037,1.1959802456254818e-6,1.7534301968101079e-6,1.7534301972162534e-6,1.7536305005265207e-6
13.07,0.0037,1.9645758795121526e-6,1.7533469847666658e-6,1.7533469851316428e-6,1.7536305005265207e-6
13.07,0.0037,3.227108809261693e-6,1.7532292000162804e-6,1.7532292004587e-6,1.7536305005265207e-6
13.07,0.0037,5.301007395754297e-6,1.7530624732124671e-6,1.7530624736474535e-6,1.7536305005265207e-6
13.07,0.0037,8.707695051742211e-6,1.7528264560366367e-6,1.7528264564963755e-6,1.7536305005265207e-6
13.07,0.0037,1.4303687479263852e-5,1.7524923248302622e-6,1.752492325456503e-6,1.7536305005265207e-6
13.07,0.0037,2.3495939429288417e-5,1.7520192310925546e-6,1.752019231512709e-6,1.7536305005265207e-6
13.07,0.0037,3.8595583863609565e-5,1.7513492410993778e-6,1.751349242120733e-6,1.7536305005265207e-6
13.07,0.0037,6.33990012723672e-5,1.7504000917654415e-6,1.7504000921876895e-6,1.7536305005265207e-6
13.07,0.0037,0.00010414231266814445,1.749054755426412e-6,1.7490547570978365e-6,1.7536305005265207e-6
13.07,0.0037,0.00017106927664800093,1.7471462685563428e-6,1.7471462695709453e-6,1.7536305005265207e-6
13.07,0.0037,0.00028100679409841776,1.7444353832624975e-6,1.7444353857246637e-6,1.7536305005265207e-6
13.07,0.0037,0.00046159555869258604,1.7405770559167247e-6,1.740577059404341e-6,1.7536305005265207e-6
13.07,0.0037,0.0007582395311413588,1.735069061163771e-6,1.7350690639742728e-6,1.7536305005265207e-6
13.07,0.0037,0.00124552148684853,1.7271711743248285e-6,1.7271711857405524e-6,1.7536305005265207e-6
13.07,0.0037,0.002045954755044497,1.7157749168725155e-6,1.7157749186927643e-6,1.7536305005265207e-6
13.07,0.0037,0.0033607857462825456,1.699190013004224e-6,1.6991900469163519e-6,1.7536305005265207e-6
13.07,0.0037,0.005520591696647901,1.674794227089086e-6,1.674794235729886e-6,1.7536305005265207e-6
13.07,0.0037,0.009068395006973916,1.6384766027745404e-6,1.6384766853525515e-6,1.7536305005265207e-6
13.07,0.0037,0.01489619093772919,1.5838282997629247e-6,1.5838283717038e-6,1.7536305005265207e-6
13.07,0.0037,0.024469214704767362,1.5012150691473184e-6,1.5012151956829191e-6,1.7536305005265207e-6
13.07,0.0037,0.04019433362333615,1.3774558370981367e-6,1.377456094246798e-6,1.7536305005265207e-6
13.07,0.0037,0.06602518613354949,1.1981373030097135e-6,1.1981373683584172e-6,1.7536305005265207e-6
13.07,0.0037,0.1084562128786955,9.560768316128476e-7,9.560771319303973e-7,1.7536305005265207e-6
13.07,0.0037,0.17815550096589414,6.672501748421514e-7,6.672501854335582e-7,1.7536305005265207e-6
13.07,0.0037,0.292646974128703,3.8250377511049076e-7,3.825036983241053e-7,1.7536305005265207e-6
13.07,0.0037,0.480716289995901,1.6781018519150933e-7,1.6781015475373015e-7,1.7536305005265207e-6
13.07,0.0037,0.789648183294706,5.292501420695999e-8,5.292496466299916e-8,1.7536305005265207e-6
13.07,0.0037,1.297114881182717,1.1588406812910613e-8,1.1588393479277856e-8,1.7536305005265207e-6
13.07,0.0037,2.1307045980472066,1.7505011641577945e-9,1.7504993244502581e-9,1.7536305005265207e-6
13.07,0.0037,3.5000000000000004,1.4557744642791112e-10,1.4557729136409412e-10,1.7536305005265207e-6
13.07,0.0037,3.8,6.841332986785617e-11,6.84134063724087e-11,1.7536305005265207e-6
13.07,0.0037,3.98,1.8347119411302455e-11,1.8347153502190014e-11,1.7536305005265207e-6
13.07,0.0037,3.9998,1.8027823294909855e-12,1.8027855071771942e-12,1.7536305005265207e-6
13.07,0.0127,1.0000000000000001e-7,1.7364375548187106e-6,1.7364375549410755e-6,1.7364726571811044e-6
13.07,0.0127,1.6426491045299075e-7,1.7364229729817698e-6,1.7364229731058529e-6,1.7364726571811044e-6
13.07,0.0127,2.698296080612907e-7,1.7364023336579063e-6,1.7364023337914467e-6,1.7364726571811044e-6
13.07,0.0127,4.432353640575351e-7,1.7363731204075538e-6,1.7363731205286971e-6,1.7364726571811044e-6
13.07,0.0127,7.280801738650976e-7,1.7363317712913587e-6,1.736331771447618e-6,1.7364726571811044e-6
13.07,0.0127,1.1959802456254818e-6,1.736273244362131e-6,1.7362732444816256e-6,1.7364726571811044e-6
13.07,0.0127,1.9645758795121526e-6,1.7361904023985838e-6,1.7361904025896032e-6,1.7364726571811044e-6
13.07,0.0127,3.227108809261693e-6,1.7360731414552036e-6,1.736073141604051e-6,1.7364726571811044e-6
13.07,0.0127,5.301007395754297e-6,1.7359071560363107e-6,1.7359071562603272e-6,1.7364726571811044e-6
13.07,0.0127,8.707695051742211e-6,1.7356721881874705e-6,1.7356721884479816e-6,1.7364726571811044e-6
13.07,0.0127,1.4303687479263852e-5,1.7353395421282766e-6,1.7353395423447238e-6,1.7364726571811044e-6
13.07,0.0127,2.3495939429288417e-5,1.734868550304504e-6,1.7348685508370508e-6,1.7364726571811044e-6
13.07,0.0127,3.8595583863609565e-5,1.7342015349888914e-6,1.73420153513256e-6,1.7364726571811044e-6
13.07,0.0127,6.33990012723672e-5,1.7332565951850028e-6,1.7332565962330972e-6,1.7364726571811044e-6
13.07,0.0127,0.00010414231266814445,1.7319172151998337e-6,1.7319172154654816e-6,1.7364726571811044e-6
13.07,0.0127,0.00017106927664800093,1.7300171550575142e-6,1.7300171568704728e-6,1.7364726571811044e-6
13.07,0.0127,0.00028100679409841776,1.7273181888029392e-6,1.7273181901976948e-6,1.7364726571811044e-6
13.07,0.0127,0.00046159555869258604,1.7234767151920885e-6,1.7234767177282747e-6,1.7364726571811044e-6
13.07,0.0127,0.0007582395311413588,1.7179925436128288e-6,1.7179925492155155e-6,1.7364726571811044e-6
13.07,0.0127,0.00124552148684853,1.710128320557972e-6,1.710128322710904e-6,1.7364726571811044e-6
13.07,0.0127,0.002045954755044497,1.6987796293453652e-6,1.698779648078897e-6,1.7364726571811044e-6
13.07,0.0127,0.0033607857462825456,1.682261986422967e-6,1.6822619871638495e-6,1.7364726571811044e-6
13.07,0.0127,0.005520591696647901,1.6579615754456644e-6,1.6579616286985197e-6,1.7364726571811044e-6
13.07,0.0127,0.009068395006973916,1.6217801618451307e-6,1.6217801822710325e-6,1.7364726571811044e-6
13.07,0.0127,0.01489619093772919,1.5673294279450121e-6,1.5673295383629795e-6,1.7364726571811044e-6
13.07,0.0127,0.024469214704767362,1.4850111788954172e-6,1.4850113113190032e-6,1.7364726571811044e-6
13.07,0.0127,0.04019433362333615,1.361712508030234e-6,1.3617126200131801e-6,1.7364726571811044e-6
13.07,0.0127,0.06602518613354949,1.1831507875295032e-6,1.183151102061664e-6,1.7364726571811044e-6
13.07,0.0127,0.1084562128786955,9.423709387792571e-7,9.423709528128752e-7,1.7364726571811044e-6
13.07,0.0127,0.17815550096589414,6.556431037203533e-7,6.556432178841401e-7,1.7364726571811044e-6
13.07,0.0127,0.292646974128703,3.7393168875689937e-7,3.739316896234529e-7,1.7364726571811044e-6
13.07,0.0127,0.480716289995901,1.627167760161382e-7,1.627166692893333e-7,1.7364726571811044e-6
13.07,0.0127,0.789648183294706,5.0686480231740706e-8,5.0686456171555606e-8,1.7364726571811044e-6
13.07,0.0127,1.297114881182717,1.0904428918045801e-8,1.0904417161319452e-8,1.7364726571811044e-6
13.07,0.0127,2.1307045980472066,1.6099582890620964e-9,1.6099548238729723e-9,1.7364726571811044e-6
13.07,0.0127,3.5000000000000004,1.305498704136668e-10,1.305499208124071e-10,1.7364726571811044e-6
13.07,0.0127,3.8,6.111314325451083e-11,6.11131258694167e-11,1.7364726571811044e-6
13.07,0.0127,3.98,1.6355129159115857e-11,1.6355130533613013e-11,1.7364726571811044e-6
13.07,0.0127,3.9998,1.606697507870853e-12,1.6066981156839617e-12,1.7364726571811044e-6
13.07,0.047,1.0000000000000001e-7,1.6765168395100783e-6,1.6765168397485033e-6,1.6765514107057388e-6
13.07,0.047,1.6426491045299075e-7,1.6765024783231586e-6,1.676502478572356e-6,1.6765514107057388e-6
13.07,0.047,2.698296080612907e-7,1.6764821513083762e-6,1.6764821515542237e-6,1.6765514107057388e-6
13.07,0.047,4.432353640575351e-7,1.6764533801013111e-6,1.6764533803539488e-6,1.6765514107057388e-6
13.07,0.047,7.280801738650976e-7,1.6764126566535593e-6,1.67641265692142e-6,1.6765514107057388e-6
13.07,0.047,1.1959802456254818e-6,1.6763550152935483e-6,1.676355015542334e-6,1.6765514107057388e-6
13.07,0.047,1.9645758795121526e-6,1.6762734267564378e-6,1.6762734270713403e-6,1.6765514107057388e-6
13.07,0.047,3.227108809261693e-6,1.6761579398885438e-6,1.6761579401316393e-6,1.6765514107057388e-6
13.07,0.047,5.301007395754297e-6,1.6759944654330209e-6,1.6759944658249343e-6,1.6765514107057388e-6
13.07,0.047,8.707695051742211e-6,1.6757630514476427e-6,1.6757630517409309e-6,1.6765514107057388e-6
13.07,0.047,1.4303687479263852e-5,1.675435435163072e-6,1.6754354356413733e-6,1.6765514107057388e-6
13.07,0.047,2.3495939429288417e-5,1.6749715616426212e-6,1.6749715621518006e-6,1.6765514107057388e-6
13.07,0.047,3.8595583863609565e-5,1.6743146196666503e-6,1.6743146201676082e-6,1.6765514107057388e-6
13.07,0.047,6.33990012723672e-5,1.6733839333978565e-6,1.6733839344739104e-6,1.6765514107057388e-6
13.07,0.047,0.00010414231266814445,1.672064718438164e-6,1.6720647188165588e-6,1.6765514107057388e-6
13.07,0.047,0.00017106927664800093,1.6701931793787445e-6,1.6701931816495047e-6,1.6765514107057388e-6
13.07,0.047,0.00028100679409841776,1.6675345381657773e-6,1.6675345387060245e-6,1.6765514107057388e-6
13.07,0.047,0.00046159555869258604,1.663750049780396e-6,1.6637500542095517e-6,1.6765514107057388e-6
13.07,0.047,0.0007582395311413588,1.6583463529235826e-6,1.6583463559367096e-6,1.6765514107057388e-6
13.07,0.047,0.00124552148684853,1.6505956879891507e-6,1.6505956955252268e-6,1.6765514107057388e-6
13.07,0.047,0.002045954755044497,1.6394071294644026e-6,1.639407143778045e-6,1.6765514107057388e-6
13.07,0.047,0.0033607857462825456,1.6231152923516205e-6,1.6231153013766416e-6,1.6765514107057388e-6
13.07,0.047,0.005520591696647901,1.5991339268055316e-6,1.5991339809076783e-6,1.6765514107057388e-6
13.07,0.047,0.009068395006973916,1.5634063409821398e-6,1.5634063463001348e-6,1.6765514107057388e-6
13.07,0.047,0.01489619093772919,1.5096117688415696e-6,1.5096119213875907e-6,1.6765514107057388e-6
13.07,0.047,0.024469214704767362,1.4282733775774074e-6,1.4282734248282052e-6,1.6765514107057388e-6
13.07,0.047,0.04019433362333615,1.3065152126485086e-6,1.3065154643654889e-6,1.6765514107057388e-6
13.07,0.047,0.06602518613354949,1.1305235025307756e-6,1.1305237055975594e-6,1.6765514107057388e-6
13.07,0.047,0.1084562128786955,8.941796249133045e-7,8.941797540170793e-7,1.6765514107057388e-6
13.07,0.047,0.17815550096589414,6.148521165306475e-7,6.148522426038913e-7,1.6765514107057388e-6
13.07,0.047,0.292646974128703,3.439498391199928e-7,3.439498327994682e-7,1.6765514107057388e-6
13.07,0.047,0.480716289995901,1.4511857762328262e-7,1.4511847455780837e-7,1.6765514107057388e-6
13.07,0.047,0.789648183294706,4.3127345439714345e-8,4.312734361176226e-8,1.6765514107057388e-6
13.07,0.047,1.297114881182717,8.675987830443465e-9,8.675971673505792e-9,1.6765514107057388e-6
13.07,0.047,2.1307045980472066,1.1736414020324307e-9,1.17364011187783e-9,1.6765514107057388e-6
13.07,0.047,3.5000000000000004,8.635720306603237e-11,8.635721383293779e-11,1.6765514107057388e-6
13.07,0.047,3.8,3.982594031461259e-11,3.982590683383277e-11,1.6765514107057388e-6
13.07,0.047,3.98,1.0573081704236022e-11,1.0573100890970229e-11,1.6765514107057388e-6
13.07,0.047,3.9998,1.0378067150573905e-12,1.0378090375027999e-12,1.6765514107057388e-6
13.07,0.173,1.0000000000000001e-7,1.516142652731011e-6,1.516142648160655e-6,1.5161760428466193e-6
13.07,0.173,1.6426491045299075e-7,1.5161287821705253e-6,1.5161287775921748e-6,1.5161760428466193e-6
13.07,0.173,2.698296080612907e-7,1.5161091495884918e-6,1.5161091450281848e-6,1.5161760428466193e-6
13.07,0.173,4.432353640575351e-7,1.516081361278656e-6,1.516081356703178e-6,1.5161760428466193e-6
13.07,0.173,7.280801738650976e-7,1.5160420290126177e-6,1.5160420244653177e-6,1.5161760428466193e-6
13.07,0.173,1.1959802456254818e-6,1.5159863566996342e-6,1.5159863521449593e-6,1.5161760428466193e-6
13.07,0.173,1.9645758795121526e-6,1.515907555070389e-6,1.5159075505305857e-6,1.5161760428466193e-6
13.07,0.173,3.227108809261693e-6,1.5157960125930367e-6,1.5157960080987845e-6,1.5161760428466193e-6
13.07,0.173,5.301007395754297e-6,1.515638120555264e-6,1.5156381160023943e-6,1.5161760428466193e-6
13.07,0.173,8.707695051742211e-6,1.5154146068203414e-6,1.5154146024535556e-6,1.5161760428466193e-6
13.07,0.173,1.4303687479263852e-5,1.5150981700039608e-6,1.5150981654371543e-6,1.5161760428466193e-6
13.07,0.173,2.3495939429288417e-5,1.5146501140815885e-6,1.5146501099219097e-6,1.5161760428466193e-6
13.07,0.173,3.8595583863609565e-5,1.5140155471315573e-6,1.5140155427132592e-6,1.5161760428466193e-6
13.07,0.173,6.33990012723672e-5,1.5131165007655455e-6,1.5131164968380492e-6,1.5161760428466193e-6
13.07,0.173,0.00010414231266814445,1.511842002638823e-6,1.5118419988576303e-6,1.5161760428466193e-6
13.07,0.173,0.00017106927664800093,1.5100336093593442e-6,1.5100336054882872e-6,1.5161760428466193e-6
13.07,0.173,0.00028100679409841776,1.5074640251769547e-6,1.5074640231997213e-6,1.5161760428466193e-6
13.07,0.173,0.00046159555869258604,1.5038049018281536e-6,1.503804897572532e-6,1.5161760428466193e-6
13.07,0.173,0.0007582395311413588,1.4985772030861087e-6,1.4985772055641675e-6,1.5161760428466193e-6
13.07,0.173,0.00124552148684853,1.4910726963181666e-6,1.491072692767755e-6,1.5161760428466193e-6
13.07,0.173,0.002045954755044497,1.48022677378996e-6,1.4802267861326934e-6,1.5161760428466193e-6
13.07,0.173,0.0033607857462825456,1.4644093257648711e-6,1.464409333594503e-6,1.5161760428466193e-6
13.07,0.173,0.005520591696647901,1.4410822413082439e-6,1.441082269043436e-6,1.5161760428466193e-6
13.07,0.173,0.009068395006973916,1.4062597261155037e-6,1.4062597894913087e-6,1.5161760428466193e-6
13.07,0.173,0.01489619093772919,1.3537438196004298e-6,1.3537438479646782e-6,1.5161760428466193e-6
13.07,0.173,0.024469214704767362,1.2743161822745709e-6,1.2743163979133782e-6,1.5161760428466193e-6
13.07,0.173,0.04019433362333615,1.1557090304014836e-6,1.1557090349097938e-6,1.5161760428466193e-6
13.07,0.173,0.06602518613354949,9.855076869961064e-7,9.85508028135814e-7,1.5161760428466193e-6
13.07,0.173,0.1084562128786955,7.603484605584105e-7,7.603485304578269e-7,1.5161760428466193e-6
13.07,0.173,0.17815550096589414,5.014271796317378e-7,5.014272775630179e-7,1.5161760428466193e-6
13.07,0.173,0.292646974128703,2.6178941187712347e-7,2.6178941339142505e-7,1.5161760428466193e-6
13.07,0.173,0.480716289995901,9.887133012723219e-8,9.887129882836258e-8,1.5161760428466193e-6
13.07,0.173,0.789648183294706,2.478690348488905e-8,2.478687269493351e-8,1.5161760428466193e-6
13.07,0.173,1.297114881182717,3.900918825289869e-9,3.900918125878442e-9,1.5161760428466193e-6
13.07,0.173,2.1307045980472066,3.811249496524946e-10,3.8112278721458984e-10,1.5161760428466193e-6
13.07,0.173,3.5000000000000004,1.94045417638753e-11,1.9404521209260227e-11,1.5161760428466193e-6
13.07,0.173,3.8,8.4566589220304e-12,8.456660558103989e-12,1.5161760428466193e-6
13.07,0.173,3.98,2.1783475135880677e-12,2.1783435123904933e-12,1.5161760428466193e-6
13.07,0.173,3.9998,2.1314370144439155e-13,2.1314332407549169e-13,1.5161760428466193e-6
13.07,0.61,1.0000000000000001e-7,1.3478171783853368e-6,1.347817176764209e-6,1.3478523923949572e-6
13.07,0.61,1.6426491045299075e-7,1.347802550146065e-6,1.34780254852308e-6,1.3478523923949572e-6
13.07,0.61,2.698296080612907e-7,1.34778184511341e-6,1.3477818435063552e-6,1.3478523923949572e-6
13.07,0.61,4.432353640575351e-7,1.3477525387876388e-6,1.3477525371626063e-6,1.3478523923949572e-6
13.07,0.61,7.280801738650976e-7,1.34771105776852e-6,1.3477110561816084e-6,1.3478523923949572e-6
13.07,0.61,1.1959802456254818e-6,1.347652343766311e-6,1.3476523421517935e-6,1.3478523923949572e-6
13.07,0.61,1.9645758795121526e-6,1.3475692361508975e-6,1.3475692345876393e-6,1.3478523923949572e-6
13.07,0.61,3.227108809261693e-6,1.3474515972074766e-6,1.3474515956437887e-6,1.3478523923949572e-6
13.07,0.61,5.301007395754297e-6,1.3472850721875814e-6,1.3472850706328342e-6,1.3478523923949572e-6
13.07,0.61,8.707695051742211e-6,1.3470493301042932e-6,1.347049328675605e-6,1.3478523923949572e-6
13.07,0.61,1.4303687479263852e-5,1.3467155642614897e-6,1.3467155626757585e-6,1.3478523923949572e-6
13.07,0.61,2.3495939429288417e-5,1.3462429330393639e-6,1.3462429318826612e-6,1.3478523923949572e-6
13.07,0.61,3.8595583863609565e-5,1.3455734738984647e-6,1.3455734723247008e-6,1.3478523923949572e-6
13.07,0.61,6.33990012723672e-5,1.3446247967427039e-6,1.3446247960167615e-6,1.3478523923949572e-6
13.07,0.61,0.00010414231266814445,1.3432795028548162e-6,1.3432795017178574e-6,1.3478523923949572e-6
13.07,0.61,0.00017106927664800093,1.341369683519307e-6,1.341369683273673e-6,1.3478523923949572e-6
13.07,0.61,0.00028100679409841776,1.3386538429527217e-6,1.3386538435341188e-6,1.3478523923949572e-6
13.07,0.61,0.00046159555869258604,1.3347818180721842e-6,1.3347818179269244e-6,1.3478523923949572e-6
13.07,0.61,0.0007582395311413588,1.3292401082869412e-6,1.329240114146803e-6,1.3478523923949572e-6
13.07,0.61,0.00124552148684853,1.3212644297623042e-6,1.3212644288760886e-6,1.3478523923949572e-6
13.07,0.61,0.002045954755044497,1.3096967694573662e-6,1.3096967899424885e-6,1.3478523923949572e-6
13.07,0.61,0.0033607857462825456,1.2927495153071283e-6,1.2927495196141195e-6,1.3478523923949572e-6
13.07,0.61,0.005520591696647901,1.2676219030249065e-6,1.2676219558643805e-6,1.3478523923949572e-6
13.07,0.61,0.009068395006973916,1.2299117220394358e-6,1.2299117729918864e-6,1.3478523923949572e-6
13.07,0.61,0.01489619093772919,1.172840771248999e-6,1.1728408592921138e-6,1.3478523923949572e-6
13.07,0.61,0.024469214704767362,1.086631515492858e-6,1.0866317302743944e-6,1.3478523923949572e-6
13.07,0.61,0.04019433362333615,9.59235397653389e-7,9.59235456060451e-7,1.3478523923949572e-6
13.07,0.61,0.06602518613354949,7.811191316036853e-7,7.811195420262622e-7,1.3478523923949572e-6
13.07,0.61,0.1084562128786955,5.572063624311518e-7,5.57206395652286e-7,1.3478523923949572e-6
13.07,0.61,0.17815550096589414,3.219675607610303e-7,3.2196775701543657e-7,1.3478523923949572e-6
13.07,0.61,0.292646974128703,1.3496247859811106e-7,1.3496250893859885e-7,1.3478523923949572e-6
13.07,0.61,0.480716289995901,3.568797671421561e-8,3.568796574670077e-8,1.3478523923949572e-6
13.07,0.61,0.789648183294706,5.118506744991496e-9,5.118502535231071e-9,1.3478523923949572e-6
13.07,0.61,1.297114881182717,3.512962414681706e-10,3.512959178786843e-10,1.3478523923949572e-6
13.07,0.61,2.1307045980472066,1.0896911569490388e-11,1.089678981551429e-11,1.3478523923949572e-6
13.07,0.61,3.5000000000000004,1.3958918942155712e-13,1.3958920040586877e-13,1.3478523923949572e-6
13.07,0.61,3.8,4.911000932336663e-14,4.910802013696068e-14,1.3478523923949572e-6
13.07,0.61,3.98,1.1310675463391445e-14,1.1310457425923868e-14,1.3478523923949572e-6
13.07,0.61,3.9998,1.093997329253781e-15,1.0939840253913215e-15,1.3478523923949572e-6
13.07,1.73,1.0000000000000001e-7,1.7080046034056416e-6,1.7080046184145022e-6,1.7080625268608337e-6
13.07,1.73,1.6426491045299075e-7,1.7079805413844732e-6,1.7079805578290372e-6,1.7080625268608337e-6
13.07,1.73,2.698296080612907e-7,1.7079464835555727e-6,1.7079464999649118e-6,1.7080625268608337e-6
13.07,1.73,4.432353640575351e-7,1.7078982772300937e-6,1.7078982936784626e-6,1.7080625268608337e-6
13.07,1.73,7.280801738650976e-7,1.707830044192169e-6,1.7078300605966436e-6,1.7080625268608337e-6
13.07,1.73,1.1959802456254818e-6,1.7077334632889317e-6,1.7077334797777187e-6,1.7080625268608337e-6
13.07,1.73,1.9645758795121526e-6,1.7075967542067453e-6,1.7075967706388664e-6,1.7080625268608337e-6
13.07,1.73,3.227108809261693e-6,1.7074032372771622e-6,1.7074032538053757e-6,1.7080625268608337e-6
13.07,1.73,5.301007395754297e-6,1.707129290852505e-6,1.707129307404682e-6,1.7080625268608337e-6
13.07,1.73,8.707695051742211e-6,1.706741450687186e-6,1.7067414672064487e-6,1.7080625268608337e-6
13.07,1.73,1.4303687479263852e-5,1.7061922829125175e-6,1.7061922997705135e-6,1.7080625268608337e-6
13.07,1.73,2.3495939429288417e-5,1.7054144942029354e-6,1.705414510619792e-6,1.7080625268608337e-6
13.07,1.73,3.8595583863609565e-5,1.7043124867511256e-6,1.7043125042080687e-6,1.7080625268608337e-6
13.07,1.73,6.33990012723672e-5,1.702750163730283e-6,1.702750180211022e-6,1.7080625268608337e-6
13.07,1.73,0.00010414231266814445,1.7005331371625027e-6,1.7005331555476984e-6,1.7080625268608337e-6
13.07,1.73,0.00017106927664800093,1.6973823869891576e-6,1.697382404660137e-6,1.7080625268608337e-6
13.07,1.73,0.00028100679409841776,1.6928944975145028e-6,1.6928945168679144e-6,1.7080625268608337e-6
13.07,1.73,0.00046159555869258604,1.6864801748233666e-6,1.686480197379834e-6,1.7080625268608337e-6
13.07,1.73,0.0007582395311413588,1.6772666404757571e-6,1.6772666595157576e-6,1.7080625268608337e-6
13.07,1.73,0.00124552148684853,1.6639388708685281e-6,1.663938909715061e-6,1.7080625268608337e-6
13.07,1.73,0.002045954755044497,1.6444774712236137e-6,1.6444774876817142e-6,1.7080625268608337e-6
13.07,1.73,0.0033607857462825456,1.6157278209557045e-6,1.6157279053712602e-6,1.7080625268608337e-6
13.07,1.73,0.005520591696647901,1.5727195330100882e-6,1.572719570571121e-6,1.7080625268608337e-6
13.07,1.73,0.009068395006973916,1.5077033922733195e-6,1.50770356074677e-6,1.7080625268608337e-6
13.07,1.73,0.01489619093772919,1.4091501372647624e-6,1.4091503206964057e-6,1.7080625268608337e-6
13.07,1.73,0.024469214704767362,1.2618212718155785e-6,1.2618214724646957e-6,1.7080625268608337e-6
13.07,1.73,0.04019433362333615,1.0508689681449547e-6,1.050869489906379e-6,1.7080625268608337e-6
13.07,1.73,0.06602518613354949,7.747254356393755e-7,7.747254975566577e-7,1.7080625268608337e-6
13.07,1.73,0.1084562128786955,4.667624564965141e-7,4.667629981657538e-7,1.7080625268608337e-6
13.07,1.73,0.17815550096589414,2.0292566892941096e-7,2.0292569122489327e-7,1.7080625268608337e-6
13.07,1.73,0.292646974128703,5.292089716865725e-8,5.292095868790553e-8,1.7080625268608337e-6
13.07,1.73,0.480716289995901,6.406936649885915e-9,6.406938756042637e-9,1.7080625268608337e-6
13.07,1.73,0.789648183294706,2.6117112197604413e-10,2.6117083567151606e-10,1.7080625268608337e-6
13.07,1.73,1.297114881182717,2.5437416566512276e-12,2.5437336371108044e-12,1.7080625268608337e-6
13.07,1.73,2.1307045980472066,4.478263214205532e-15,4.4782435754526114e-15,1.7080625268608337e-6
13.07,1.73,3.5000000000000004,1.234088309785122e-18,1.2321858431299137e-18,1.7080625268608337e-6
13.07,1.73,3.8,2.2957505257614744e-19,2.29685396271843e-19,1.7080625268608337e-6
13.07,1.73,3.98,3.837160945659074e-20,3.840347704443017e-20,1.7080625268608337e-6
13.07,1.73,3.9998,3.5944639760868715e-21,3.597323065876279e-21,1.7080625268608337e-6
13.07,4.71,1.0000000000000001e-7,3.4867598673327095e-6,3.486793910592258e-6,3.486940451092298e-6
13.07,4.71,1.6426491045299075e-7,3.4867047339275927e-6,3.48673877123018e-6,3.486940451092298e-6
13.07,4.71,2.698296080612907e-7,3.486606813141835e-6,3.486640852788545e-6,3.486940451092298e-6
13.07,4.71,4.432353640575351e-7,3.4864682124712488e-6,3.4865022489824817e-6,3.486940451092298e-6
13.07,4.71,7.280801738650976e-7,3.486272029412721e-6,3.486306061173225e-6,3.486940451092298e-6
13.07,4.71,1.1959802456254818e-6,3.4859943351028807e-6,3.486028360546908e-6,3.486940451092298e-6
13.07,4.71,1.9645758795121526e-6,3.4856012491117676e-6,3.4856352651457274e-6,3.486940451092298e-6
13.07,4.71,3.227108809261693e-6,3.485044790834305e-6,3.4850787939570197e-6,3.486940451092298e-6
13.07,4.71,5.301007395754297e-6,3.4842569887413487e-6,3.4842909733846207e-6,3.486940451092298e-6
13.07,4.71,8.707695051742211e-6,3.483141499999701e-6,3.4831754580318616e-6,3.486940451092298e-6
13.07,4.71,1.4303687479263852e-5,3.4815616527790463e-6,3.4815955744086054e-6,3.486940451092298e-6
13.07,4.71,2.3495939429288417e-5,3.4793233058596906e-6,3.479357172758149e-6,3.486940451092298e-6
13.07,4.71,3.8595583863609565e-5,3.476150108533434e-6,3.476183902451005e-6,3.486940451092298e-6
13.07,4.71,6.33990012723672e-5,3.4716474258864855e-6,3.4716811081355124e-6,3.486940451092298e-6
13.07,4.71,0.00010414231266814445,3.4652489740876335e-6,3.465282504649607e-6,3.486940451092298e-6
13.07,4.71,0.00017106927664800093,3.456136343792715e-6,3.4561696449179394e-6,3.486940451092298e-6
13.07,4.71,0.00028100679409841776,3.4431147060549795e-6,3.4431476751607545e-6,3.486940451092298e-6
13.07,4.71,0.00046159555869258604,3.424415689375692e-6,3.4244481696152567e-6,3.486940451092298e-6
13.07,4.71,0.0007582395311413588,3.3973769220230814e-6,3.3974086219125227e-6,3.486940451092298e-6
13.07,4.71,0.00124552148684853,3.3579126770660285e-6,3.357943258417083e-6,3.486940451092298e-6
13.07,4.71,0.002045954755044497,3.299641796881634e-6,3.2996704097711782e-6,3.486940451092298e-6
13.07,4.71,0.0033607857462825456,3.2125027319569846e-6,3.212528542182492e-6,3.486940451092298e-6
13.07,4.71,0.005520591696647901,3.080769753209941e-6,3.080790571548129e-6,3.486940451092298e-6
13.07,4.71,0.009068395006973916,2.880917307656659e-6,2.88093094850017e-6,3.486940451092298e-6
13.07,4.71,0.01489619093772919,2.5815005938089073e-6,2.581503357426034e-6,3.486940451092298e-6
13.07,4.71,0.024469214704767362,2.1510415131328478e-6,2.151030110703869e-6,3.486940451092298e-6
13.07,4.71,0.04019433362333615,1.5841449614902658e-6,1.5841206888920007e-6,3.486940451092298e-6
13.07,4.71,0.06602518613354949,9.476897768432863e-7,9.476577323280127e-7,3.486940451092298e-6
13.07,4.71,0.1084562128786955,4.014587936732586e-7,4.014343969703271e-7,3.486940451092298e-6
13.07,4.71,0.17815550096589414,9.67743923365415e-8,9.676369244314596e-8,3.486940451092298e-6
13.07,4.71,0.292646974128703,9.452352073513075e-9,9.450594006799427e-9,3.486940451092298e-6
13.07,4.71,0.480716289995901,2.2482256109022127e-10,2.247512453183099e-10,3.486940451092298e-6
13.07,4.71,0.789648183294706,6.318641003342451e-13,6.315280692785127e-13,3.486940451092298e-6
13.07,4.71,1.297114881182717,8.177754271975604e-17,8.170549162579252e-17,3.486940451092298e-6
13.07,4.71,2.1307045980472066,1.6689172947589528e-22,1.6667597267780774e-22,3.486940451092298e-6
13.07,4.71,3.5000000000000004,2.0271428025818762e-30,1.943164147517046e-30,3.486940451092298e-6
13.07,4.71,3.8,5.566302570721755e-32,5.690504490640946e-32,3.486940451092298e-6
13.07,4.71,3.98,3.602726476913325e-33,3.9186014839565604e-33,3.486940451092298e-6
13.07,4.71,3.9998,3.0893436276374683e-34,3.372492366514562e-34,3.486940451092298e-6
13.61,0.00113,1.0000000000000001e-7,5.585473795606847e-6,5.585473921670648e-6,5.5855750233561e-6
13.61,0.00113,1.6426491045299075e-7,5.585431744717946e-6,5.585431871175227e-6,5.5855750233561e-6
13.61,0.00113,2.698296080612907e-7,5.585372225373684e-6,5.585372352372745e-6,5.5855750233561e-6
13.61,0.00113,4.432353640575351e-7,5.58528798076649e-6,5.585288108596662e-6,5.5855750233561e-6
13.61,0.00113,7.280801738650976e-7,5.585168739182131e-6,5.585168868044371e-6,5.5855750233561e-6
13.61,0.00113,1.1959802456254818e-6,5.5849999610922996e-6,5.585000091664911e-6,5.5855750233561e-6
13.61,0.00113,1.9645758795121526e-6,5.584761065136913e-6,5.584761197777553e-6,5.5855750233561e-6
13.61,0.00113,3.227108809261693e-6,5.584422915688536e-6,5.584423051698565e-6,5.5855750233561e-6
13.61,0.00113,5.301007395754297e-6,5.583944263345043e-6,5.5839444036916204e-6,5.5855750233561e-6
13.61,0.00113,8.707695051742211e-6,5.583266699032333e-6,5.583266845787586e-6,5.5855750233561e-6
13.61,0.00113,1.4303687479263852e-5,5.582307494354068e-6,5.5823076503349e-6,5.5855750233561e-6
13.61,0.00113,2.3495939429288417e-5,5.580949427694068e-6,5.580949595775775e-6,5.5855750233561e-6
13.61,0.00113,3.8595583863609565e-5,5.579026293421323e-6,5.579026480933017e-6,5.5855750233561e-6
13.61,0.00113,6.33990012723672e-5,5.576302187887015e-6,5.576302399004842e-6,5.5855750233561e-6
13.61,0.00113,0.00010414231266814445,5.57244173606526e-6,5.572441987012391e-6,5.5855750233561e-6
13.61,0.00113,0.00017106927664800093,5.566966943826495e-6,5.566967243993719e-6,5.5855750233561e-6
13.61,0.00113,0.00028100679409841776,5.559193922932748e-6,5.559194302408396e-6,5.5855750233561e-6
13.61,0.00113,0.00046159555869258604,5.548138574010764e-6,5.548139062351216e-6,5.5855750233561e-6
13.61,0.00113,0.0007582395311413588,5.532373009028958e-6,5.532373655631863e-6,5.5855750233561e-6
13.61,0.00113,0.00124552148684853,5.509801509192768e-6,5.509802410982426e-6,5.5855750233561e-6
13.61,0.00113,0.002045954755044497,5.47730195210694e-6,5.477303186384421e-6,5.5855750233561e-6
13.61,0.00113,0.0033607857462825456,5.43014019408582e-6,5.430142064306598e-6,5.5855750233561e-6
13.61,0.00113,0.005520591696647901,5.361007248479152e-6,5.361009912909064e-6,5.5855750233561e-6
13.61,0.00113,0.009068395006973916,5.258466360569593e-6,5.258470641631177e-6,5.5855750233561e-6
13.61,0.00113,0.01489619093772919,5.104610120866232e-6,5.104616566565934e-6,5.5855750233561e-6
13.61,0.00113,0.024469214704767362,4.8720860661740275e-6,4.872096264775425e-6,5.5855750233561e-6
13.61,0.00113,0.04019433362333615,4.522017946922312e-6,4.522033601186691e-6,5.5855750233561e-6
13.61,0.00113,0.06602518613354949,4.007782392392185e-6,4.007804353994562e-6,5.5855750233561e-6
13.61,0.00113,0.1084562128786955,3.294825995436628e-6,3.294855516228281e-6,5.5855750233561e-6
13.61,0.00113,0.17815550096589414,2.405665295537353e-6,2.405697120042039e-6,5.5855750233561e-6
13.61,0.00113,0.292646974128703,1.4697736734545113e-6,1.4698014651071325e-6,5.5855750233561e-6
13.61,0.00113,0.480716289995901,6.995895467644228e-7,6.996069206214446e-7,5.5855750233561e-6
13.61,0.00113,0.789648183294706,2.418503873498681e-7,2.418572036590019e-7,5.5855750233561e-6
13.61,0.00113,1.297114881182717,5.780706711207173e-8,5.78086892970022e-8,5.5855750233561e-6
13.61,0.00113,2.1307045980472066,9.339681499124726e-9,9.33987092970645e-9,5.5855750233561e-6
13.61,0.00113,3.5000000000000004,8.052595784658967e-10,8.052604657065821e-10,5.5855750233561e-6
13.61,0.00113,3.8,3.795207193049125e-10,3.795204576707036e-10,5.5855750233561e-6
13.61,0.00113,3.98,1.0191084098067559e-10,1.019105309346786e-10,5.5855750233561e-6
13.61,0.00113,3.9998,1.0014969472537585e-11,1.0014935117545338e-11,5.5855750233561e-6
13.61,0.0037,1.0000000000000001e-7,5.569626193110577e-6,5.569626194227076e-6,5.569727288455783e-6
13.61,0.0037,1.6426491045299075e-7,5.569584197223204e-6,5.569584198372046e-6,5.569727288455783e-6
13.61,0.0037,2.698296080612907e-7,5.569524755728422e-6,5.569524756841303e-6,5.569727288455783e-6
13.61,0.0037,4.432353640575351e-7,5.569440621309775e-6,5.569440622500545e-6,5.569727288455783e-6
13.61,0.0037,7.280801738650976e-7,5.569321535686699e-6,5.569321536821754e-6,5.569727288455783e-6
13.61,0.0037,1.1959802456254818e-6,5.5691529783447385e-6,5.5691529795857595e-6,5.569727288455783e-6
13.61,0.0037,1.9645758795121526e-6,5.5689143948355434e-6,5.568914396075407e-6,5.569727288455783e-6
13.61,0.0037,3.227108809261693e-6,5.568576687621359e-6,5.56857668888403e-6,5.569727288455783e-6
13.61,0.0037,5.301007395754297e-6,5.56809866120938e-6,5.568098662725838e-6,5.569727288455783e-6
13.61,0.0037,8.707695051742211e-6,5.567421982822151e-6,5.567421984029893e-6,5.569727288455783e-6
13.61,0.0037,1.4303687479263852e-5,5.566464032038588e-6,5.5664640341066564e-6,5.569727288455783e-6
13.61,0.0037,2.3495939429288417e-5,5.5651077400369815e-6,5.5651077412789274e-6,5.569727288455783e-6
13.61,0.0037,3.8595583863609565e-5,5.563187117377189e-6,5.563187120295337e-6,5.569727288455783e-6
13.61,0.0037,6.33990012723672e-5,5.560466566245429e-6,5.560466568350993e-6,5.569727288455783e-6
13.61,0.0037,0.00010414231266814445,5.556611144151418e-6,5.556611147948228e-6,5.569727288455783e-6
13.61,0.0037,0.00017106927664800093,5.5511434684667116e-6,5.551143473702208e-6,5.569727288455783e-6
13.61,0.0037,0.00028100679409841776,5.543380515061609e-6,5.543380518950701e-6,5.569727288455783e-6
13.61,0.0037,0.00046159555869258604,5.532339404988171e-6,5.53233941870901e-6,5.569727288455783e-6
13.61,0.0037,0.0007582395311413588,5.516593973209896e-6,5.516593975976249e-6,5.569727288455783e-6
13.61,0.0037,0.00124552148684853,5.4940509340357e-6,5.49405096846015e-6,5.569727288455783e-6
13.61,0.0037,0.002045954755044497,5.461591607918947e-6,5.461591618651099e-6,5.569727288455783e-6
13.61,0.0037,0.0033607857462825456,5.414486753432187e-6,5.414486832466735e-6,5.569727288455783e-6
13.61,0.0037,0.005520591696647901,5.345434470751809e-6,5.345434548399384e-6,5.569727288455783e-6
13.61,0.0037,0.009068395006973916,5.243008576732321e-6,5.2430087177302896e-6,5.569727288455783e-6
13.61,0.0037,0.01489619093772919,5.089318329489129e-6,5.089318685175059e-6,5.569727288455783e-6
13.61,0.0037,0.024469214704767362,4.857039684846464e-6,4.8570398133858546e-6,5.569727288455783e-6
13.61,0.0037,0.04019433362333615,4.507348813388876e-6,4.507349771888852e-6,5.569727288455783e-6
13.61,0.0037,0.06602518613354949,3.993722552932405e-6,3.993722650273819e-6,5.569727288455783e-6
13.61,0.0037,0.1084562128786955,3.28178856899076e-6,3.2817895993029787e-6,5.569727288455783e-6
13.61,0.0037,0.17815550096589414,2.3943265220158158e-6,2.3943267564411248e-6,5.569727288455783e-6
13.61,0.0037,0.292646974128703,1.4610033913247067e-6,1.4610032921168136e-6,5.569727288455783e-6
13.61,0.0037,0.480716289995901,6.940011893674717e-7,6.940009443702318e-7,5.569727288455783e-6
13.61,0.0037,0.789648183294706,2.391638990854916e-7,2.3916378689964846e-7,5.569727288455783e-6
13.61,0.0037,1.297114881182717,5.690349057520269e-8,5.690338575916254e-8,5.569727288455783e-6
13.61,0.0037,2.1307045980472066,9.137780975968382e-9,9.137778730298653e-9,5.569727288455783e-6
13.61,0.0037,3.5000000000000004,7.82427812723386e-10,7.824269208132918e-10,5.569727288455783e-6
13.61,0.0037,3.8,3.6836248987124725e-10,3.6836260704175217e-10,5.569727288455783e-6
13.61,0.0037,3.98,9.885704246081245e-11,9.885723570438393e-11,5.569727288455783e-6
13.61,0.0037,3.9998,9.714273083048627e-12,9.71429242852914e-12,5.569727288455783e-6
13.61,0.0127,1.0000000000000001e-7,5.51541806675464e-6,5.515418067154757e-6,5.515518712441649e-6
13.61,0.0127,1.6426491045299075e-7,5.515376257658262e-6,5.515376258039971e-6,5.515518712441649e-6
13.61,0.0127,2.698296080612907e-7,5.5153170805485145e-6,5.5153170809813585e-6,5.515518712441649e-6
13.61,0.0127,4.432353640575351e-7,5.515233320341713e-6,5.5152333207226045e-6,5.515518712441649e-6
13.61,0.0127,7.280801738650976e-7,5.515114764379351e-6,5.515114764861565e-6,5.515518712441649e-6
13.61,0.0127,1.1959802456254818e-6,5.514946956719735e-6,5.514946957145878e-6,5.515518712441649e-6
13.61,0.0127,1.9645758795121526e-6,5.5147094343089655e-6,5.514709434836922e-6,5.515518712441649e-6
13.61,0.0127,3.227108809261693e-6,5.514373228964406e-6,5.514373229554336e-6,5.515518712441649e-6
13.61,0.0127,5.301007395754297e-6,5.513897328271535e-6,5.513897328787245e-6,5.515518712441649e-6
13.61,0.0127,8.707695051742211e-6,5.513223658556506e-6,5.513223659534538e-6,5.515518712441649e-6
13.61,0.0127,1.4303687479263852e-5,5.51226996607556e-6,5.5122699664967105e-6,5.515518712441649e-6
13.61,0.0127,2.3495939429288417e-5,5.510919700871969e-6,5.510919702556161e-6,5.515518712441649e-6
13.61,0.0127,3.8595583863609565e-5,5.509007607619138e-6,5.5090076082493705e-6,5.515518712441649e-6
13.61,0.0127,6.33990012723672e-5,5.506299126940089e-6,5.506299129581666e-6,5.515518712441649e-6
13.61,0.0127,0.00010414231266814445,5.5024607848064875e-6,5.5024607869725015e-6,5.515518712441649e-6
13.61,0.0127,0.00017106927664800093,5.4970172742536e-6,5.49701727758525e-6,5.515518712441649e-6
13.61,0.0127,0.00028100679409841776,5.489288503414296e-6,5.489288510512371e-6,5.515518712441649e-6
13.61,0.0127,0.00046159555869258604,5.47829573291824e-6,5.478295735504434e-6,5.515518712441649e-6
13.61,0.0127,0.0007582395311413588,5.462618638182378e-6,5.462618658276017e-6,5.515518712441649e-6
13.61,0.0127,0.00124552148684853,5.440172173309822e-6,5.4401721748807034e-6,5.515518712441649e-6
13.61,0.0127,0.002045954755044497,5.40784930313173e-6,5.4078493543308504e-6,5.515518712441649e-6
13.61,0.0127,0.0033607857462825456,5.360937339933907e-6,5.3609373622274525e-6,5.515518712441649e-6
13.61,0.0127,0.005520591696647901,5.292158274136064e-6,5.2921583848929995e-6,5.515518712441649e-6
13.61,0.0127,0.009068395006973916,5.190121523710661e-6,5.190121676741283e-6,5.515518712441649e-6
13.61,0.0127,0.01489619093772919,5.036992530439366e-6,5.036992686082121e-6,5.515518712441649e-6
13.61,0.0127,0.024469214704767362,4.80554344723874e-6,4.8055440341834405e-6,5.515518712441649e-6
13.61,0.0127,0.04019433362333615,4.457129160545438e-6,4.457129224720309e-6,5.515518712441649e-6
13.61,0.0127,0.06602518613354949,3.9455709252687875e-6,3.945572055458421e-6,5.515518712441649e-6
13.61,0.0127,0.1084562128786955,3.2371230420895e-6,3.2371231655134523e-6,5.515518712441649e-6
13.61,0.0127,0.17815550096589414,2.355479991000581e-6,2.3554804718833344e-6,5.515518712441649e-6
13.61,0.0127,0.292646974128703,1.4309835381649706e-6,1.43098356181949e-6,5.515518712441649e-6
13.61,0.0127,0.480716289995901,6.74923192982091e-7,6.749229462786422e-7,5.515518712441649e-6
13.61,0.0127,0.789648183294706,2.3004094758012475e-7,2.3004073815710115e-7,5.515518712441649e-6
13.61,0.0127,1.297114881182717,5.386159821066327e-8,5.386157559661665e-8,5.515518712441649e-6
13.61,0.0127,2.1307045980472066,8.466321446426635e-9,8.466294905229419e-9,5.515518712441649e-6
13.61,0.0127,3.5000000000000004,7.075669563626249e-10,7.075669141399857e-10,5.515518712441649e-6
13.61,0.0127,3.8,3.3185980769213457e-10,3.3185978049822927e-10,5.515518712441649e-6
13.61,0.0127,3.98,8.887927900875439e-11,8.887923401928677e-11,5.515518712441649e-6
13.61,0.0127,3.9998,8.731927250932604e-12,8.73192360408821e-12,5.515518712441649e-6
13.61,0.047,1.0000000000000001e-7,5.326080907995441e-6,5.3260809087536775e-6,5.326180030717636e-6
13.61,0.047,1.6426491045299075e-7,5.326039731548437e-6,5.326039732315395e-6,5.326180030717636e-6
13.61,0.047,2.698296080612907e-7,5.325981449893806e-6,5.325981450684209e-6,5.326180030717636e-6
13.61,0.047,4.432353640575351e-7,5.325898957117555e-6,5.3258989578791554e-6,5.326180030717636e-6
13.61,0.047,7.280801738650976e-7,5.325782195078551e-6,5.32578219593672e-6,5.326180030717636e-6
13.61,0.047,1.1959802456254818e-6,5.3256169265351004e-6,5.32561692729113e-6,5.326180030717636e-6
13.61,0.047,1.9645758795121526e-6,5.325382997971415e-6,5.325382998938907e-6,5.326180030717636e-6
13.61,0.047,3.227108809261693e-6,5.325051879301278e-6,5.325051880135421e-6,5.326180030717636e-6
13.61,0.047,5.301007395754297e-6,5.32458317813582e-6,5.324583179222699e-6,5.326180030717636e-6
13.61,0.047,8.707695051742211e-6,5.323919698256148e-6,5.323919699405122e-6,5.326180030717636e-6
13.61,0.047,1.4303687479263852e-5,5.322980427573533e-6,5.322980428685476e-6,5.326180030717636e-6
13.61,0.047,2.3495939429288417e-5,5.32165057290589e-6,5.321650574846974e-6,5.326180030717636e-6
13.61,0.047,3.8595583863609565e-5,5.319767363986613e-6,5.319767364933895e-6,5.326180030717636e-6
13.61,0.047,6.33990012723672e-5,5.317099755538938e-6,5.317099759033612e-6,5.326180030717636e-6
13.61,0.047,0.00010414231266814445,5.313319240338286e-6,5.313319241570585e-6,5.326180030717636e-6
13.61,0.047,0.00017106927664800093,5.307957526429282e-6,5.307957532362307e-6,5.326180030717636e-6
13.61,0.047,0.00028100679409841776,5.3003444198777804e-6,5.3003444241750225e-6,5.326180030717636e-6
13.61,0.047,0.00046159555869258604,5.28951512866786e-6,5.289515137342469e-6,5.326180030717636e-6
13.61,0.047,0.0007582395311413588,5.27406895190808e-6,5.2740689678715535e-6,5.326180030717636e-6
13.61,0.047,0.00124552148684853,5.251948418440828e-6,5.25194842765093e-6,5.326180030717636e-6
13.61,0.047,0.002045954755044497,5.220085246786917e-6,5.220085299674244e-6,5.326180030717636e-6
13.61,0.047,0.0033607857462825456,5.173821458276574e-6,5.173821464982935e-6,5.326180030717636e-6
13.61,0.047,0.005520591696647901,5.105957419213965e-6,5.105957573211577e-6,5.326180030717636e-6
13.61,0.047,0.009068395006973916,5.005218812893544e-6,5.005218871017521e-6,5.326180030717636e-6
13.61,0.047,0.01489619093772919,4.853955321756071e-6,4.853955666001875e-6,5.326180030717636e-6
13.61,0.047,0.024469214704767362,4.625260307162362e-6,4.625260682798687e-6,5.326180030717636e-6
13.61,0.047,0.04019433362333615,4.281103645311768e-6,4.281104073715347e-6,5.326180030717636e-6
13.61,0.047,0.06602518613354949,3.776531232570031e-6,3.7765322515008992e-6,5.326180030717636e-6
13.61,0.047,0.1084562128786955,3.080085965759424e-6,3.080086109431876e-6,5.326180030717636e-6
13.61,0.047,0.17815550096589414,2.218863112644529e-6,2.218863765851378e-6,5.326180030717636e-6
13.61,0.047,0.292646974128703,1.3257384015965667e-6,1.3257384378537224e-6,5.326180030717636e-6
13.61,0.047,0.480716289995901,6.086782076811279e-7,6.086778803974658e-7,5.326180030717636e-6
13.61,0.047,0.789648183294706,1.9897279905322888e-7,1.9897271871431443e-7,5.326180030717636e-6
13.61,0.047,1.297114881182717,4.382783524699084e-8,4.382777447034568e-8,5.326180030717636e-6
13.61,0.047,2.1307045980472066,6.348344692391372e-9,6.3483280496670684e-9,5.326180030717636e-6
13.61,0.047,3.5000000000000004,4.833559844143868e-10,4.833561038094078e-10,5.326180030717636e-6
13.61,0.047,3.8,2.234293533121029e-10,2.2342911422249981e-10,5.326180030717636e-6
13.61,0.047,3.98,5.93727984188777e-11,5.937281730415873e-11,5.326180030717636e-6
13.61,0.047,3.9998,5.82827994643809e-12,5.828284155604599e-12,5.326180030717636e-6
13.61,0.173,1.0000000000000001e-7,4.8192239536441935e-6,4.819223939143991e-6,4.819319689965006e-6
13.61,0.173,1.6426491045299075e-7,4.81918418392592e-6,4.819184169404682e-6,4.819319689965006e-6
13.61,0.173,2.698296080612907e-7,4.8191278933567445e-6,4.819127878874942e-6,4.819319689965006e-6
13.61,0.173,4.432353640575351e-7,4.819048218757668e-6,4.8190482042675505e-6,4.819319689965006e-6
13.61,0.173,7.280801738650976e-7,4.8189354455421336e-6,4.818935431070619e-6,4.819319689965006e-6
13.61,0.173,1.1959802456254818e-6,4.818775822705239e-6,4.8187758083031665e-6,4.819319689965006e-6
13.61,0.173,1.9645758795121526e-6,4.818549884878955e-6,4.8185498703892984e-6,4.819319689965006e-6
13.61,0.173,3.227108809261693e-6,4.818230075813995e-6,4.818230061594327e-6,4.819319689965006e-6
13.61,0.173,5.301007395754297e-6,4.817777381103764e-6,4.817777366601771e-6,4.819319689965006e-6
13.61,0.173,8.707695051742211e-6,4.81713655403982e-6,4.817136540108946e-6,4.819319689965006e-6
13.61,0.173,1.4303687479263852e-5,4.8162293398543805e-6,4.816229325579095e-6,4.819319689965006e-6
13.61,0.173,2.3495939429288417e-5,4.8149448435173385e-6,4.814944829890342e-6,4.819319689965006e-6
13.61,0.173,3.8595583863609565e-5,4.813125801963731e-6,4.813125788580937e-6,4.819319689965006e-6
13.61,0.173,6.33990012723672e-5,4.810548941987222e-6,4.8105489283906766e-6,4.819319689965006e-6
13.61,0.173,0.00010414231266814445,4.806896706590511e-6,4.806896695503608e-6,4.819319689965006e-6
13.61,0.173,0.00017106927664800093,4.801716192993446e-6,4.801716178902514e-6,4.819319689965006e-6
13.61,0.173,0.00028100679409841776,4.794358753582676e-6,4.794358747366105e-6,4.819319689965006e-6
13.61,0.173,0.00046159555869258604,4.783889598374902e-6,4.783889585338288e-6,4.819319689965006e-6
13.61,0.173,0.0007582395311413588,4.76894948305415e-6,4.768949485860241e-6,4.819319689965006e-6
13.61,0.173,0.00124552148684853,4.747537647327057e-6,4.747537646013398e-6,4.819319689965006e-6
13.61,0.173,0.002045954755044497,4.7166625045884774e-6,4.716662520310405e-6,4.819319689965006e-6
13.61,0.173,0.0033607857462825456,4.671768937982441e-6,4.671768990222741e-6,4.819319689965006e-6
13.61,0.173,0.005520591696647901,4.605796409387289e-6,4.605796428195449e-6,4.819319689965006e-6
13.61,0.173,0.009068395006973916,4.507669238095713e-6,4.50766947278182e-6,4.819319689965006e-6
13.61,0.173,0.01489619093772919,4.360062360270073e-6,4.360062363253095e-6,4.819319689965006e-6
13.61,0.173,0.024469214704767362,4.136717429964278e-6,4.13671805702228e-6,4.819319689965006e-6
13.61,0.173,0.04019433362333615,3.801099451016651e-6,3.8010996509500047e-6,4.819319689965006e-6
13.61,0.173,0.06602518613354949,3.3117646359763502e-6,3.3117654729998575e-6,4.819319689965006e-6
13.61,0.173,0.1084562128786955,2.6446065558405208e-6,2.6446072079197474e-6,4.819319689965006e-6
13.61,0.173,0.17815550096589414,1.8384084604272487e-6,1.8384086890471616e-6,4.819319689965006e-6
13.61,0.173,0.292646974128703,1.035135752854376e-6,1.0351358533930536e-6,4.819319689965006e-6
13.61,0.173,0.480716289995901,4.315908183783233e-7,4.315907961812717e-7,4.819319689965006e-6
13.61,0.173,0.789648183294706,1.2135170684840298e-7,1.2135153875556186e-7,4.819319689965006e-6
13.61,0.173,1.297114881182717,2.1395569885642486e-8,2.1395567596273366e-8,4.819319689965006e-6
13.61,0.173,2.1307045980472066,2.2891311069714967e-9,2.2891184627051228e-9,4.819319689965006e-6
13.61,0.173,3.5000000000000004,1.2260132792200283e-10,1.226008711703795e-10,4.819319689965006e-6
13.61,0.173,3.8,5.364699957978132e-11,5.3647065576130065e-11,4.819319689965006e-6
13.61,0.173,3.98,1.384349026157199e-11,1.3843472159009913e-11,4.819319689965006e-6
13.61,0.173,3.9998,1.3547680735452437e-12,1.354765984417112e-12,4.819319689965006e-6
13.61,0.61,1.0000000000000001e-7,4.288601773883628e-6,4.2886017687518785e-6,4.2887027396759645e-6
13.61,0.61,1.6426491045299075e-7,4.28855983175575e-6,4.288559826598195e-6,4.2887027396759645e-6
13.61,0.61,2.698296080612907e-7,4.288500466276702e-6,4.28850046117361e-6,4.2887027396759645e-6
13.61,0.61,4.432353640575351e-7,4.288416439275932e-6,4.288416434135094e-6,4.2887027396759645e-6
13.61,0.61,7.280801738650976e-7,4.288297505287935e-6,4.288297500218138e-6,4.2887027396759645e-6
13.61,0.61,1.1959802456254818e-6,4.288129161637093e-6,4.288129156571522e-6,4.2887027396759645e-6
13.61,0.61,1.9645758795121526e-6,4.287890878435303e-6,4.2878908733767665e-6,4.2887027396759645e-6
13.61,0.61,3.227108809261693e-6,4.2875535913266194e-6,4.287553586455908e-6,4.2887027396759645e-6
13.61,0.61,5.301007395754297e-6,4.28707614816484e-6,4.2870761430643605e-6,4.2887027396759645e-6
13.61,0.61,8.707695051742211e-6,4.286400269263488e-6,4.286400264774775e-6,4.2887027396759645e-6
13.61,0.61,1.4303687479263852e-5,4.285443390548563e-6,4.285443385482962e-6,4.2887027396759645e-6
13.61,0.61,2.3495939429288417e-5,4.284088480355133e-6,4.2840884764398595e-6,4.2887027396759645e-6
13.61,0.61,3.8595583863609565e-5,4.2821695057852225e-6,4.282169501347851e-6,4.2887027396759645e-6
13.61,0.61,6.33990012723672e-5,4.279450592252769e-6,4.279450588890487e-6,4.2887027396759645e-6
13.61,0.61,0.00010414231266814445,4.275595926728956e-6,4.275595924486076e-6,4.2887027396759645e-6
13.61,0.61,0.00017106927664800093,4.270125839591574e-6,4.270125836179612e-6,4.2887027396759645e-6
13.61,0.61,0.00028100679409841776,4.262351774079121e-6,4.262351777589517e-6,4.2887027396759645e-6
13.61,0.61,0.00046159555869258604,4.25127810391387e-6,4.2512780996881335e-6,4.2887027396759645e-6
13.61,0.61,0.0007582395311413588,4.235450317086471e-6,4.23545033410696e-6,4.2887027396759645e-6
13.61,0.61,0.00124552148684853,4.212714050588155e-6,4.212714052099402e-6,4.2887027396759645e-6
13.61,0.61,0.002045954755044497,4.1798234140505905e-6,4.17982345933786e-6,4.2887027396759645e-6
13.61,0.61,0.0033607857462825456,4.131795239763923e-6,4.131795286988421e-6,4.2887027396759645e-6
13.61,0.61,0.005520591696647901,4.060850532317936e-6,4.06085061692365e-6,4.2887027396759645e-6
13.61,0.61,0.009068395006973916,3.954750518239339e-6,3.9547507624499606e-6,4.2887027396759645e-6
13.61,0.61,0.01489619093772919,3.7944633213275816e-6,3.7944633997066188e-6,4.2887027396759645e-6
13.61,0.61,0.024469214704767362,3.5517939433919363e-6,3.5517947023060136e-6,4.2887027396759645e-6
13.61,0.61,0.04019433362333615,3.1897245047993883e-6,3.1897245890515456e-6,4.2887027396759645e-6
13.61,0.61,0.06602518613354949,2.672549516618488e-6,2.672550752122786e-6,4.2887027396759645e-6
13.61,0.61,0.1084562128786955,1.9966065022599707e-6,1.996606950947022e-6,4.2887027396759645e-6
13.61,0.61,0.17815550096589414,1.2400050266445137e-6,1.2400056118163332e-6,4.2887027396759645e-6
13.61,0.61,0.292646974128703,5.78355590179871e-7,5.783558327675779e-7,4.2887027396759645e-6
13.61,0.61,0.480716289995901,1.7709955079113205e-7,1.770995490825265e-7,4.2887027396759645e-6
13.61,0.61,0.789648183294706,3.0480089926293206e-8,3.0480054298789704e-8,4.2887027396759645e-6
13.61,0.61,1.297114881182717,2.5510466990408613e-9,2.5510471773265804e-9,4.2887027396759645e-6
13.61,0.61,2.1307045980472066,9.488250923867747e-11,9.488119019624478e-11,4.2887027396759645e-6
13.61,0.61,3.5000000000000004,1.3802506663577921e-12,1.380233298048747e-12,4.2887027396759645e-6
13.61,0.61,3.8,4.918672676118885e-13,4.918544700069465e-13,4.2887027396759645e-6
13.61,0.61,3.98,1.1395800516097622e-13,1.1395423300048632e-13,4.2887027396759645e-6
13.61,0.61,3.9998,1.102870900878443e-14,1.1028371534065205e-14,4.2887027396759645e-6
13.61,1.73,1.0000000000000001e-7,5.439300816621996e-6,5.4393008688455175e-6,5.439466895029112e-6
13.61,1.73,1.6426491045299075e-7,5.4392318259631485e-6,5.439231878211585e-6,5.439466895029112e-6
13.61,1.73,2.698296080612907e-7,5.4391341754202056e-6,5.439134227607553e-6,5.439466895029112e-6
13.61,1.73,4.432353640575351e-7,5.438995958586239e-6,5.438996010893419e-6,5.439466895029112e-6
13.61,1.73,7.280801738650976e-7,5.4388003218851885e-6,5.4388003741159285e-6,5.439466895029112e-6
13.61,1.73,1.1959802456254818e-6,5.438523407964398e-6,5.438523460326348e-6,5.439466895029112e-6
13.61,1.73,1.9645758795121526e-6,5.438131442785356e-6,5.438131495192695e-6,5.439466895029112e-6
13.61,1.73,3.227108809261693e-6,5.437576608152144e-6,5.437576660499274e-6,5.439466895029112e-6
13.61,1.73,5.301007395754297e-6,5.436791189332537e-6,5.436791242175798e-6,5.439466895029112e-6
13.61,1.73,8.707695051742211e-6,5.435679268037257e-6,5.435679320247293e-6,5.439466895029112e-6
13.61,1.73,1.4303687479263852e-5,5.43410491122814e-6,5.434104964887225e-6,5.439466895029112e-6
13.61,1.73,2.3495939429288417e-5,5.431875332915037e-6,5.43187538525694e-6,5.439466895029112e-6
13.61,1.73,3.8595583863609565e-5,5.428716790487053e-6,5.428716845289311e-6,5.439466895029112e-6
13.61,1.73,6.33990012723672e-5,5.4242398644011144e-6,5.4242399183451785e-6,5.439466895029112e-6
13.61,1.73,0.00010414231266814445,5.417888980133172e-6,5.41788903582628e-6,5.439466895029112e-6
13.61,1.73,0.00017106927664800093,5.408868044075245e-6,5.408868103599223e-6,5.439466895029112e-6
13.61,1.73,0.00028100679409841776,5.396028905088934e-6,5.396028959924057e-6,5.439466895029112e-6
13.61,1.73,0.00046159555869258604,5.377700211678328e-6,5.377700286799483e-6,5.439466895029112e-6
13.61,1.73,0.0007582395311413588,5.351417891154574e-6,5.351417943673866e-6,5.439466895029112e-6
13.61,1.73,0.00124552148684853,5.313489712713067e-6,5.313489827534525e-6,5.439466895029112e-6
13.61,1.73,0.002045954755044497,5.258278495305927e-6,5.258278569473244e-6,5.439466895029112e-6
13.61,1.73,0.0033607857462825456,5.1770189011297455e-6,5.177019097911246e-6,5.439466895029112e-6
13.61,1.73,0.005520591696647901,5.05591582273899e-6,5.055916056077863e-6,5.439466895029112e-6
13.61,1.73,0.009068395006973916,4.873329721242005e-6,4.8733299958760685e-6,5.439466895029112e-6
13.61,1.73,0.01489619093772919,4.596426527494438e-6,4.5964273469553825e-6,5.439466895029112e-6
13.61,1.73,0.024469214704767362,4.179700000730404e-6,4.179700164240804e-6,5.439466895029112e-6
13.61,1.73,0.04019433362333615,3.5726811257733353e-6,3.572682970472249e-6,5.439466895029112e-6
13.61,1.73,0.06602518613354949,2.7510202832627344e-6,2.751020479264092e-6,5.439466895029112e-6
13.61,1.73,0.1084562128786955,1.7801285118568421e-6,1.7801302503268886e-6,5.439466895029112e-6
13.61,1.73,0.17815550096589414,8.673071775288755e-7,8.673076516365465e-7,5.439466895029112e-6
13.61,1.73,0.292646974128703,2.694641193032926e-7,2.694643453603914e-7,5.439466895029112e-6
13.61,1.73,0.480716289995901,4.212226733394664e-8,4.2122300196485394e-8,5.439466895029112e-6
13.61,1.73,0.789648183294706,2.4300283084428406e-9,2.430027559769479e-9,5.439466895029112e-6
13.61,1.73,1.297114881182717,3.6301262921746076e-11,3.630111422411753e-11,5.439466895029112e-6
13.61,1.73,2.1307045980472066,1.0143996740343177e-13,1.0143995294240084e-13,5.439466895029112e-6
13.61,1.73,3.5000000000000004,4.242628694598088e-17,4.235796417105575e-17,5.439466895029112e-6
13.61,1.73,3.8,8.326165129448797e-18,8.326605609356497e-18,5.439466895029112e-6
13.61,1.73,3.98,1.426476716267441e-18,1.4285779830183217e-18,5.439466895029112e-6
13.61,1.73,3.9998,1.3393988268031903e-19,1.3414667934180912e-19,5.439466895029112e-6
13.61,4.71,1.0000000000000001e-7,1.1108843445254389e-5,1.1108951769913365e-5,1.1109320937866413e-5
13.61,4.71,1.6426491045299075e-7,1.110864508909029e-5,1.11087534145552e-5,1.1109320937866413e-5
13.61,4.71,2.698296080612907e-7,1.1108364331275365e-5,1.1108472649703458e-5,1.1109320937866413e-5
13.61,4.71,4.432353640575351e-7,1.1107966937519176e-5,1.1108075246914576e-5,1.1109320937866413e-5
13.61,4.71,7.280801738650976e-7,1.1107404447054881e-5,1.1107512743017612e-5,1.1109320937866413e-5
13.61,4.71,1.1959802456254818e-6,1.1106608255946827e-5,1.1106716533450207e-5,1.1109320937866413e-5
13.61,4.71,1.9645758795121526e-6,1.1105481233609832e-5,1.1105589484773667e-5,1.1109320937866413e-5
13.61,4.71,3.227108809261693e-6,1.1103885836309545e-5,1.1103994049513224e-5,1.1109320937866413e-5
13.61,4.71,5.301007395754297e-6,1.1101627236305505e-5,1.1101735397761366e-5,1.1109320937866413e-5
13.61,4.71,8.707695051742211e-6,1.1098429336893109e-5,1.1098537420764731e-5,1.1109320937866413e-5
13.61,4.71,1.4303687479263852e-5,1.1093900584796757e-5,1.1094008565566765e-5,1.1109320937866413e-5
13.61,4.71,2.3495939429288417e-5,1.1087485043471925e-5,1.1087592868097759e-5,1.1109320937866413e-5
13.61,4.71,3.8595583863609565e-5,1.10783919429003e-5,1.1078499556683426e-5,1.1109320937866413e-5
13.61,4.71,6.33990012723672e-5,1.1065493311442261e-5,1.1065600612925254e-5,1.1109320937866413e-5
13.61,4.71,0.00010414231266814445,1.1047173280087672e-5,1.1047280137746602e-5,1.1109320937866413e-5
13.61,4.71,0.00017106927664800093,1.1021102270973403e-5,1.1021208495211118e-5,1.1109320937866413e-5
13.61,4.71,0.00028100679409841776,1.0983890899940859e-5,1.0983996156408561e-5,1.1109320937866413e-5
13.61,4.71,0.00046159555869258604,1.0930545523992961e-5,1.0930649438201295e-5,1.1109320937866413e-5
13.61,4.71,0.0007582395311413588,1.085358928011341e-5,1.0853690980775594e-5,1.1109320937866413e-5
13.61,4.71,0.00124552148684853,1.0741615074009419e-5,1.0741713674581096e-5,1.1109320937866413e-5
13.61,4.71,0.002045954755044497,1.0576893218203434e-5,1.0576986481465076e-5,1.1109320937866413e-5
13.61,4.71,0.0033607857462825456,1.0331510327266355e-5,1.033159560013234e-5,1.1109320937866413e-5
13.61,4.71,0.005520591696647901,9.961600848603202e-6,9.961672918442355e-6,1.1109320937866413e-5
13.61,4.71,0.009068395006973916,9.400317152551044e-6,9.400368034224503e-6,1.1109320937866413e-5
13.61,4.71,0.01489619093772919,8.554180628897002e-6,8.554201878190905e-6,1.1109320937866413e-5
13.61,4.71,0.024469214704767362,7.3174514535262105e-6,7.3174280599479254e-6,1.1109320937866413e-5
13.61,4.71,0.04019433362333615,5.634232089538637e-6,5.63416728301556e-6,1.1109320937866413e-5
13.61,4.71,0.06602518613354949,3.631569753215196e-6,3.631470221067303e-6,1.1109320937866413e-5
13.61,4.71,0.1084562128786955,1.7398908920924253e-6,1.7398024380627844e-6,1.1109320937866413e-5
13.61,4.71,0.17815550096589414,5.120136569196582e-7,5.119663203044713e-7,1.1109320937866413e-5
13.61,4.71,0.292646974128703,6.861877548047224e-8,6.860785183376512e-8,1.1109320937866413e-5
13.61,4.71,0.480716289995901,2.6565050860415688e-9,2.6557905842811457e-9,1.1109320937866413e-5
13.61,4.71,0.789648183294706,1.5331839909321042e-11,1.532485382551209e-11,1.1109320937866413e-5
13.61,4.71,1.297114881182717,5.395040435601398e-15,5.39097255604456e-15,1.1109320937866413e-5
13.61,4.71,2.1307045980472066,3.940703282611075e-20,3.935682546858622e-20,1.1109320937866413e-5
13.61,4.71,3.5000000000000004,2.0283450156054704e-27,1.937845608122231e-27,1.1109320937866413e-5
13.61,4.71,3.8,7.050925014832253e-29,7.02377358756905e-29,1.1109320937866413e-5
13.61,4.71,3.98,5.109600123402535e-30,5.502407150872303e-30,1.1109320937866413e-5
13.61,4.71,3.9998,4.425459452964053e-31,4.797013275665861e-31,1.1109320937866413e-5
14.13,0.00113,1.0000000000000001e-7,1.6998316761239426e-5,1.699831714270204e-5,1.6998595897015372e-5
14.13,0.00113,1.6426491045299075e-7,1.6998200805867955e-5,1.6998201188520557e-5,1.6998595897015372e-5
14.13,0.00113,2.698296080612907e-7,1.699803668129296e-5,1.6998037065408955e-5,1.6998595897015372e-5
14.13,0.00113,4.432353640575351e-7,1.699780437699965e-5,1.6997804763421647e-5,1.6998595897015372e-5
14.13,0.00113,7.280801738650976e-7,1.6997475569062002e-5,1.6997475958574135e-5,1.6998595897015372e-5
14.13,0.00113,1.1959802456254818e-6,1.6997010165512275e-5,1.6997010559379065e-5,1.6998595897015372e-5
14.13,0.00113,1.9645758795121526e-6,1.699635141509277e-5,1.6996351815499393e-5,1.6998595897015372e-5
14.13,0.00113,3.227108809261693e-6,1.6995418980609344e-5,1.699541938927726e-5,1.6998595897015372e-5
14.13,0.00113,5.301007395754297e-6,1.6994099126790926e-5,1.6994099549006598e-5,1.6998595897015372e-5
14.13,0.00113,8.707695051742211e-6,1.6992230813547724e-5,1.699223125214701e-5,1.6998595897015372e-5
14.13,0.00113,1.4303687479263852e-5,1.6989585969912034e-5,1.698958643547444e-5,1.6998595897015372e-5
14.13,0.00113,2.3495939429288417e-5,1.6985841477345205e-5,1.6985841977099022e-5,1.6998595897015372e-5
14.13,0.00113,3.8595583863609565e-5,1.69805392967558e-5,1.6980539848233397e-5,1.6998595897015372e-5
14.13,0.00113,6.33990012723672e-5,1.6973029541197655e-5,1.6973030165698185e-5,1.6998595897015372e-5
14.13,0.00113,0.00010414231266814445,1.6962388802415923e-5,1.69623895251783e-5,1.6998595897015372e-5
14.13,0.00113,0.00017106927664800093,1.6947302112145483e-5,1.6947302991219895e-5,1.6998595897015372e-5
14.13,0.00113,0.00028100679409841776,1.6925890513221833e-5,1.6925891584883655e-5,1.6998595897015372e-5
14.13,0.00113,0.00046159555869258604,1.6895455385422642e-5,1.6895456789363482e-5,1.6998595897015372e-5
14.13,0.00113,0.0007582395311413588,1.685209179324292e-5,1.6852093607733067e-5,1.6998595897015372e-5
14.13,0.00113,0.00124552148684853,1.6790089615613497e-5,1.6790092133869016e-5,1.6998595897015372e-5
14.13,0.00113,0.002045954755044497,1.670098186500493e-5,1.6700985354596995e-5,1.6998595897015372e-5
14.13,0.00113,0.0033607857462825456,1.6571997894688513e-5,1.6572002912066604e-5,1.6998595897015372e-5
14.13,0.00113,0.005520591696647901,1.6383519615814676e-5,1.6383527186168017e-5,1.6998595897015372e-5
14.13,0.00113,0.009068395006973916,1.6104939278222973e-5,1.6104950334142767e-5,1.6998595897015372e-5
14.13,0.00113,0.01489619093772919,1.5688238785777866e-5,1.5688256841224483e-5,1.6998595897015372e-5
14.13,0.00113,0.024469214704767362,1.5059250462366134e-5,1.505927694173332e-5,1.6998595897015372e-5
14.13,0.00113,0.04019433362333615,1.410953207561482e-5,1.4109575139938262e-5,1.6998595897015372e-5
14.13,0.00113,0.06602518613354949,1.2700142489360474e-5,1.2700203598202513e-5,1.6998595897015372e-5
14.13,0.00113,0.1084562128786955,1.0703973771903213e-5,1.0704057623093808e-5,1.6998595897015372e-5
14.13,0.00113,0.17815550096589414,8.121128123464497e-6,8.121226312789402e-6,1.6998595897015372e-5
14.13,0.00113,0.292646974128703,5.245137968054806e-6,5.245229672758647e-6,1.6998595897015372e-5
14.13,0.00113,0.480716289995901,2.687063579981797e-6,2.687126613146072e-6,1.6998595897015372e-5
14.13,0.00113,0.789648183294706,1.0126177239841007e-6,1.0126472401774973e-6,1.6998595897015372e-5
14.13,0.00113,1.297114881182717,2.638883396651674e-7,2.6389597882519273e-7,1.6998595897015372e-5
14.13,0.00113,2.1307045980472066,4.5724260550533574e-8,4.572540554457419e-8,1.6998595897015372e-5
14.13,0.00113,3.5000000000000004,4.103242067022078e-9,4.103271042869439e-9,1.6998595897015372e-5
14.13,0.00113,3.8,1.940498840774572e-9,1.940504945304943e-9,1.6998595897015372e-5
14.13,0.00113,3.98,5.218856850998437e-10,5.218870533774195e-10,1.6998595897015372e-5
14.13,0.00113,3.9998,5.129448950289822e-11,5.129461783427872e-11,1.6998595897015372e-5
14.13,0.0037,1.0000000000000001e-7,1.6950329021187474e-5,1.695032902456559e-5,1.695060779185881e-5
14.13,0.0037,1.6426491045299075e-7,1.6950213217482914e-5,1.6950213220935755e-5,1.695060779185881e-5
14.13,0.0037,2.698296080612907e-7,1.695004930757818e-5,1.6950049311026012e-5,1.695060779185881e-5
14.13,0.0037,4.432353640575351e-7,1.6949817307130292e-5,1.6949817310598794e-5,1.695060779185881e-5
14.13,0.0037,7.280801738650976e-7,1.6949488929256724e-5,1.6949488932891034e-5,1.695060779185881e-5
14.13,0.0037,1.1959802456254818e-6,1.694902413442076e-5,1.6949024137850166e-5,1.695060779185881e-5
14.13,0.0037,1.9645758795121526e-6,1.6948366245574437e-5,1.69483662495813e-5,1.695060779185881e-5
14.13,0.0037,3.227108809261693e-6,1.694743503055736e-5,1.694743503399526e-5,1.695060779185881e-5
14.13,0.0037,5.301007395754297e-6,1.6946116902756494e-5,1.6946116907328646e-5,1.695060779185881e-5
14.13,0.0037,8.707695051742211e-6,1.6944251032476885e-5,1.694425103645706e-5,1.695060779185881e-5
14.13,0.0037,1.4303687479263852e-5,1.6941609646507657e-5,1.6941609651622933e-5,1.695060779185881e-5
14.13,0.0037,2.3495939429288417e-5,1.6937870047673905e-5,1.693787005356692e-5,1.695060779185881e-5
14.13,0.0037,3.8595583863609565e-5,1.693257479310219e-5,1.6932574798157395e-5,1.695060779185881e-5
14.13,0.0037,6.33990012723672e-5,1.6925074839340313e-5,1.6925074849833418e-5,1.695060779185881e-5
14.13,0.0037,0.00010414231266814445,1.691444797117407e-5,1.6914447975344517e-5,1.695060779185881e-5
14.13,0.0037,0.00017106927664800093,1.689938090721547e-5,1.689938092661493e-5,1.695060779185881e-5
14.13,0.0037,0.00028100679409841776,1.687799707438003e-5,1.687799708161139e-5,1.695060779185881e-5
14.13,0.0037,0.00046159555869258604,1.684760122015543e-5,1.6847601253795524e-5,1.695060779185881e-5
14.13,0.0037,0.0007582395311413588,1.6804293164046892e-5,1.6804293193705893e-5,1.695060779185881e-5
14.13,0.0037,0.00124552148684853,1.6742369498725186e-5,1.6742369548748163e-5,1.695060779185881e-5
14.13,0.0037,0.002045954755044497,1.6653372728878748e-5,1.6653372846323126e-5,1.695060779185881e-5
14.13,0.0037,0.0033607857462825456,1.6524545691900673e-5,1.6524545741821203e-5,1.695060779185881e-5
14.13,0.0037,0.005520591696647901,1.633628968520374e-5,1.6336290089252584e-5,1.695060779185881e-5
14.13,0.0037,0.009068395006973916,1.6058025562425692e-5,1.6058025610584807e-5,1.695060779185881e-5
14.13,0.0037,0.01489619093772919,1.564177950796471e-5,1.5641780619223516e-5,1.695060779185881e-5
14.13,0.0037,0.024469214704767362,1.5013457582575929e-5,1.5013458096715111e-5,1.695060779185881e-5
14.13,0.0037,0.04019433362333615,1.406475087757345e-5,1.4064752817643016e-5,1.695060779185881e-5
14.13,0.0037,0.06602518613354949,1.2656972439435304e-5,1.2656974643192747e-5,1.695060779185881e-5
14.13,0.0037,0.1084562128786955,1.0663487107833837e-5,1.0663488356843516e-5,1.695060779185881e-5
14.13,0.0037,0.17815550096589414,8.085146065083129e-6,8.085148419099267e-6,1.695060779185881e-5
14.13,0.0037,0.292646974128703,5.216224421381206e-6,5.216224412031072e-6,1.695060779185881e-5
14.13,0.0037,0.480716289995901,2.667514051075356e-6,2.667512908411901e-6,1.695060779185881e-5
14.13,0.0037,0.789648183294706,1.0024486584613723e-6,1.002448527701721e-6,1.695060779185881e-5
14.13,0.0037,1.297114881182717,2.6015625755488763e-7,2.6015578063480213e-7,1.695060779185881e-5
14.13,0.0037,2.1307045980472066,4.482305364525341e-8,4.482298837837992e-8,1.695060779185881e-5
14.13,0.0037,3.5000000000000004,3.995994513387898e-9,3.995993373349176e-9,1.695060779185881e-5
14.13,0.0037,3.8,1.887810201798667e-9,1.8878083332294307e-9,1.695060779185881e-5
14.13,0.0037,3.98,5.074290323481372e-10,5.074295234396954e-10,1.695060779185881e-5
14.13,0.0037,3.9998,4.987063090834347e-11,4.9870692115578215e-11,1.695060779185881e-5
14.13,0.0127,1.0000000000000001e-7,1.6786176403415704e-5,1.6786176404633276e-5,1.678645393415302e-5
14.13,0.0127,1.6426491045299075e-7,1.6786061114788016e-5,1.678606111596255e-5,1.678645393415302e-5
14.13,0.0127,2.698296080612907e-7,1.6785897933926113e-5,1.678589793517738e-5,1.678645393415302e-5
14.13,0.0127,4.432353640575351e-7,1.678566696536917e-5,1.6785666966651595e-5,1.678645393415302e-5
14.13,0.0127,7.280801738650976e-7,1.6785340048038033e-5,1.6785340049284025e-5,1.678645393415302e-5
14.13,0.0127,1.1959802456254818e-6,1.678487732045656e-5,1.678487732200042e-5,1.678645393415302e-5
14.13,0.0127,1.9645758795121526e-6,1.6784222357599466e-5,1.6784222358774853e-5,1.678645393415302e-5
14.13,0.0127,3.227108809261693e-6,1.6783295284008455e-5,1.6783295286031322e-5,1.678645393415302e-5
14.13,0.0127,5.301007395754297e-6,1.6781983017920703e-5,1.6781983019198137e-5,1.678645393415302e-5
14.13,0.0127,8.707695051742211e-6,1.6780125444145548e-5,1.678012544680774e-5,1.678645393415302e-5
14.13,0.0127,1.4303687479263852e-5,1.6777495800642474e-5,1.6777495802852423e-5,1.678645393415302e-5
14.13,0.0127,2.3495939429288417e-5,1.6773772821133582e-5,1.677377282420842e-5,1.678645393415302e-5
14.13,0.0127,3.8595583863609565e-5,1.676850108734028e-5,1.6768501092403973e-5,1.678645393415302e-5
14.13,0.0127,6.33990012723672e-5,1.6761034419896567e-5,1.676103442238893e-5,1.678645393415302e-5
14.13,0.0127,0.00010414231266814445,1.6750454654136477e-5,1.6750454665602755e-5,1.678645393415302e-5
14.13,0.0127,0.00017106927664800093,1.673545423492777e-5,1.673545423645079e-5,1.678645393415302e-5
14.13,0.0127,0.00028100679409841776,1.6714164680104625e-5,1.6714164703344936e-5,1.678645393415302e-5
14.13,0.0127,0.00046159555869258604,1.6683902161818218e-5,1.6683902170550115e-5,1.678645393415302e-5
14.13,0.0127,0.0007582395311413588,1.6640782621178265e-5,1.664078266195396e-5,1.678645393415302e-5
14.13,0.0127,0.00124552148684853,1.6579125394211465e-5,1.6579125443244403e-5,1.678645393415302e-5
14.13,0.0127,0.002045954755044497,1.6490505103450646e-5,1.6490505158700145e-5,1.678645393415302e-5
14.13,0.0127,0.0033607857462825456,1.636221014165765e-5,1.6362210343157816e-5,1.678645393415302e-5
14.13,0.0127,0.005520591696647901,1.6174707190063618e-5,1.6174707222572437e-5,1.678645393415302e-5
14.13,0.0127,0.009068395006973916,1.5897513446647212e-5,1.58975141132463e-5,1.678645393415302e-5
14.13,0.0127,0.01489619093772919,1.5482804276944484e-5,1.5482804354197846e-5,1.678645393415302e-5
14.13,0.0127,0.024469214704767362,1.4856734951348329e-5,1.4856736537093246e-5,1.678645393415302e-5
14.13,0.0127,0.04019433362333615,1.391145006745226e-5,1.3911451016763446e-5,1.678645393415302e-5
14.13,0.0127,0.06602518613354949,1.250913427954321e-5,1.2509136232284371e-5,1.678645393415302e-5
14.13,0.0127,0.1084562128786955,1.052478556878685e-5,1.0524788138970078e-5,1.678645393415302e-5
14.13,0.0127,0.17815550096589414,7.961856216902214e-6,7.961856655413463e-6,1.678645393415302e-5
14.13,0.0127,0.292646974128703,5.11720857895921e-6,5.11720905385777e-6,1.678645393415302e-5
14.13,0.0127,0.480716289995901,2.6007015461182486e-6,2.6007015175828385e-6,1.678645393415302e-5
14.13,0.0127,0.789648183294706,9.678484198334845e-7,9.67847340653804e-7,1.678645393415302e-5
14.13,0.0127,1.297114881182717,2.475546244187985e-7,2.47554541769484e-7,1.678645393415302e-5
14.13,0.0127,2.1307045980472066,4.181384807584291e-8,4.181373498408339e-8,1.678645393415302e-5
14.13,0.0127,3.5000000000000004,3.6426606962732926e-9,3.6426542857331864e-9,1.678645393415302e-5
14.13,0.0127,3.8,1.7146029188057442e-9,1.714603940284105e-9,1.678645393415302e-5
14.13,0.0127,3.98,4.5996130441281153e-10,4.599612109608453e-10,1.678645393415302e-5
14.13,0.0127,3.9998,4.519604914670419e-11,4.5196035330929994e-11,1.678645393415302e-5
14.13,0.047,1.0000000000000001e-7,1.621275609782307e-5,1.621275610013801e-5,1.6213029428979624e-5
14.13,0.047,1.6426491045299075e-7,1.621264255372861e-5,1.621264255597348e-5,1.6213029428979624e-5
14.13,0.047,2.698296080612907e-7,1.6212481842088286e-5,1.6212481844479738e-5,1.6213029428979624e-5
14.13,0.047,4.432353640575351e-7,1.6212254368477968e-5,1.6212254370769643e-5,1.6213029428979624e-5
14.13,0.047,7.280801738650976e-7,1.6211932397902733e-5,1.6211932400380525e-5,1.6213029428979624e-5
14.13,0.047,1.1959802456254818e-6,1.6211476671957122e-5,1.6211476674453738e-5,1.6213029428979624e-5
14.13,0.047,1.9645758795121526e-6,1.6210831619179023e-5,1.6210831621680376e-5,1.6213029428979624e-5
14.13,0.047,3.227108809261693e-6,1.6209918572187095e-5,1.620991857520883e-5,1.6213029428979624e-5
14.13,0.047,5.301007395754297e-6,1.6208626158997283e-5,1.6208626161379303e-5,1.6213029428979624e-5
14.13,0.047,8.707695051742211e-6,1.6206796684130396e-5,1.6206796688169378e-5,1.6213029428979624e-5
14.13,0.047,1.4303687479263852e-5,1.620420680969813e-5,1.62042068121879e-5,1.6213029428979624e-5
14.13,0.047,2.3495939429288417e-5,1.620054011436919e-5,1.6200540119901733e-5,1.6213029428979624e-5
14.13,0.047,3.8595583863609565e-5,1.6195348033830325e-5,1.619534803802849e-5,1.6213029428979624e-5
14.13,0.047,6.33990012723672e-5,1.618799408193049e-5,1.618799408880891e-5,1.6213029428979624e-5
14.13,0.047,0.00010414231266814445,1.617757379660494e-5,1.6177573806584453e-5,1.6213029428979624e-5
14.13,0.047,0.00017106927664800093,1.6162798980637062e-5,1.616279898713476e-5,1.6213029428979624e-5
14.13,0.047,0.00028100679409841776,1.6141828474258286e-5,1.614182849869159e-5,1.6213029428979624e-5
14.13,0.047,0.00046159555869258604,1.6112016966462202e-5,1.611201697074481e-5,1.6213029428979624e-5
14.13,0.047,0.0007582395311413588,1.6069534616452038e-5,1.6069534672461983e-5,1.6213029428979624e-5
14.13,0.047,0.00124552148684853,1.6008776972473817e-5,1.6008776991006284e-5,1.6213029428979624e-5
14.13,0.047,0.002045954755044497,1.5921425740165932e-5,1.592142585731437e-5,1.6213029428979624e-5
14.13,0.047,0.0033607857462825456,1.579492019889363e-5,1.5794920322449863e-5,1.6213029428979624e-5
14.13,0.047,0.005520591696647901,1.5609941983714378e-5,1.5609942181263752e-5,1.6213029428979624e-5
14.13,0.047,0.009068395006973916,1.53363231872742e-5,1.5336323756708393e-5,1.6213029428979624e-5
14.13,0.047,0.01489619093772919,1.4926727222801962e-5,1.4926727400494353e-5,1.6213029428979624e-5
14.13,0.047,0.024469214704767362,1.4308135971120999e-5,1.4308137778475206e-5,1.6213029428979624e-5
14.13,0.047,0.04019433362333615,1.3374239941268993e-5,1.3374240149707003e-5,1.6213029428979624e-5
14.13,0.047,0.06602518613354949,1.1990294510377056e-5,1.1990297707505687e-5,1.6213029428979624e-5
14.13,0.047,0.1084562128786955,1.0037220609060686e-5,1.003722187517082e-5,1.6213029428979624e-5
14.13,0.047,0.17815550096589414,7.528098280046504e-6,7.528099878208631e-6,1.6213029428979624e-5
14.13,0.047,0.292646974128703,4.769481867876079e-6,4.769482449515536e-6,1.6213029428979624e-5
14.13,0.047,0.480716289995901,2.3677843625944967e-6,2.367784033065325e-6,1.6213029428979624e-5
14.13,0.047,0.789648183294706,8.491714494414133e-7,8.49170562538774e-7,1.6213029428979624e-5
14.13,0.047,1.297114881182717,2.0553055634161277e-7,2.0553053909280631e-7,1.6213029428979624e-5
14.13,0.047,2.1307045980472066,3.218167619134659e-8,3.218154621456186e-8,1.6213029428979624e-5
14.13,0.047,3.5000000000000004,2.565823152186282e-9,2.565820660538107e-9,1.6213029428979624e-5
14.13,0.047,3.8,1.1909027629036291e-9,1.1909023198435213e-9,1.6213029428979624e-5
14.13,0.047,3.98,3.170606549624214e-10,3.1706033637142036e-10,1.6213029428979624e-5
14.13,0.047,3.9998,3.1129747350536005e-11,3.1129717501086904e-11,1.6213029428979624e-5
14.13,0.173,1.0000000000000001e-7,1.4677366222965267e-5,1.4677366178836453e-5,1.4677630216106501e-5
14.13,0.173,1.6426491045299075e-7,1.4677256557933227e-5,1.467725651384672e-5,1.4677630216106501e-5
14.13,0.173,2.698296080612907e-7,1.4677101336725392e-5,1.4677101292584663e-5,1.4677630216106501e-5
14.13,0.173,4.432353640575351e-7,1.4676881634266023e-5,1.467688159030421e-5,1.4677630216106501e-5
14.13,0.173,7.280801738650976e-7,1.467657066292659e-5,1.4676570618770354e-5,1.4677630216106501e-5
14.13,0.173,1.1959802456254818e-6,1.4676130505132307e-5,1.4676130461371308e-5,1.4677630216106501e-5
14.13,0.173,1.9645758795121526e-6,1.4675507487062164e-5,1.4675507443041855e-5,1.4677630216106501e-5
14.13,0.173,3.227108809261693e-6,1.4674625626856779e-5,1.4674625583310882e-5,1.4677630216106501e-5
14.13,0.173,5.301007395754297e-6,1.4673377352695642e-5,1.4673377309245555e-5,1.4677630216106501e-5
14.13,0.173,8.707695051742211e-6,1.4671610345729092e-5,1.4671610302209629e-5,1.4677630216106501e-5
14.13,0.173,1.4303687479263852e-5,1.466910887331077e-5,1.4669108831301904e-5,1.4677630216106501e-5
14.13,0.173,2.3495939429288417e-5,1.4665567267602506e-5,1.466556722372341e-5,1.4677630216106501e-5
14.13,0.173,3.8595583863609565e-5,1.4660552160102436e-5,1.4660552120882622e-5,1.4677630216106501e-5
14.13,0.173,6.33990012723672e-5,1.4653448517679116e-5,1.4653448474186942e-5,1.4677630216106501e-5
14.13,0.173,0.00010414231266814445,1.4643382120854056e-5,1.4643382085814797e-5,1.4677630216106501e-5
14.13,0.173,0.00017106927664800093,1.4629107310787592e-5,1.462910727245551e-5,1.4677630216106501e-5
14.13,0.173,0.00028100679409841776,1.4608842560896217e-5,1.4608842529935694e-5,1.4677630216106501e-5
14.13,0.173,0.00046159555869258604,1.4580025747880037e-5,1.4580025728358467e-5,1.4677630216106501e-5
14.13,0.173,0.0007582395311413588,1.4538942269916987e-5,1.4538942238133002e-5,1.4677630216106501e-5
14.13,0.173,0.00124552148684853,1.448014582733357e-5,1.4480145863198902e-5,1.4677630216106501e-5
14.13,0.173,0.002045954755044497,1.4395532747600238e-5,1.4395532708141176e-5,1.4677630216106501e-5
14.13,0.173,0.0033607857462825456,1.427283067594355e-5,1.4272830858636911e-5,1.4677630216106501e-5
14.13,0.173,0.005520591696647901,1.4093109223975327e-5,1.4093109252351185e-5,1.4677630216106501e-5
14.13,0.173,0.009068395006973916,1.3826742275678596e-5,1.3826742759712308e-5,1.4677630216106501e-5
14.13,0.173,0.01489619093772919,1.34272386828855e-5,1.3427239224716752e-5,1.4677630216106501e-5
14.13,0.173,0.024469214704767362,1.2823172087398252e-5,1.2823172819845842e-5,1.4677630216106501e-5
14.13,0.173,0.04019433362333615,1.1911793207226415e-5,1.1911795367294899e-5,1.4677630216106501e-5
14.13,0.173,0.06602518613354949,1.056678771167722e-5,1.0566788026925677e-5,1.4677630216106501e-5
14.13,0.173,0.1084562128786955,8.687571448160811e-6,8.687574930789015e-6,1.4677630216106501e-5
14.13,0.173,0.17815550096589414,6.319785009747504e-6,6.319785219034254e-6,1.4677630216106501e-5
14.13,0.173,0.292646974128703,3.804316821308548e-6,3.804317457703187e-6,1.4677630216106501e-5
14.13,0.173,0.480716289995901,1.7366972432979052e-6,1.7366971628082978e-6,1.4677630216106501e-5
14.13,0.173,0.789648183294706,5.452310461316764e-7,5.452306035419012e-7,1.4677630216106501e-5
14.13,0.173,1.297114881182717,1.079664151923506e-7,1.0796623356268808e-7,1.4677630216106501e-5
14.13,0.173,2.1307045980472066,1.2778262007240151e-8,1.277823948913109e-8,1.4677630216106501e-5
14.13,0.173,3.5000000000000004,7.30058337527929e-10,7.300535221387028e-10,1.4677630216106501e-5
14.13,0.173,3.8,3.214331434999962e-10,3.2143371724571285e-10,1.4677630216106501e-5
14.13,0.173,3.98,8.31860415154897e-11,8.318620021186663e-11,1.4677630216106501e-5
14.13,0.173,3.9998,8.1431874535123e-12,8.14320069752924e-12,1.4677630216106501e-5
14.13,0.61,1.0000000000000001e-7,1.3073840164775999e-5,1.30738401491578e-5,1.3074118578181161e-5
14.13,0.61,1.6426491045299075e-7,1.307372450934462e-5,1.3073724493723535e-5,1.3074118578181161e-5
14.13,0.61,2.698296080612907e-7,1.3073560809125697e-5,1.3073560793517396e-5,1.3074118578181161e-5
14.13,0.61,4.432353640575351e-7,1.3073329105049777e-5,1.307332908955951e-5,1.3074118578181161e-5
14.13,0.61,7.280801738650976e-7,1.3073001145695596e-5,1.3073001130058041e-5,1.3074118578181161e-5
14.13,0.61,1.1959802456254818e-6,1.3072536941001868e-5,1.3072536925771918e-5,1.3074118578181161e-5
14.13,0.61,1.9645758795121526e-6,1.3071879882299943e-5,1.3071879866667862e-5,1.3074118578181161e-5
14.13,0.61,3.227108809261693e-6,1.3070949830428868e-5,1.3070949815590814e-5,1.3074118578181161e-5
14.13,0.61,5.301007395754297e-6,1.3069633321736395e-5,1.3069633306485983e-5,1.3074118578181161e-5
14.13,0.61,8.707695051742211e-6,1.3067769680754612e-5,1.3067769666283862e-5,1.3074118578181161e-5
14.13,0.61,1.4303687479263852e-5,1.3065131307441673e-5,1.3065131293531878e-5,1.3074118578181161e-5
14.13,0.61,2.3495939429288417e-5,1.3061395647344515e-5,1.306139563280283e-5,1.3074118578181161e-5
14.13,0.61,3.8595583863609565e-5,1.305610522838759e-5,1.3056105217677751e-5,1.3074118578181161e-5
14.13,0.61,6.33990012723672e-5,1.3048610446621974e-5,1.3048610431427595e-5,1.3074118578181161e-5
14.13,0.61,0.00010414231266814445,1.3037987136018225e-5,1.303798713140833e-5,1.3074118578181161e-5
14.13,0.61,0.00017106927664800093,1.3022916696267695e-5,1.3022916683186052e-5,1.3074118578181161e-5
14.13,0.61,0.00028100679409841776,1.3001509437892537e-5,1.3001509442724101e-5,1.3074118578181161e-5
14.13,0.61,0.00046159555869258604,1.2971039514426658e-5,1.2971039516562689e-5,1.3074118578181161e-5
14.13,0.61,0.0007582395311413588,1.29275380547762e-5,1.2927538069728486e-5,1.3074118578181161e-5
14.13,0.61,0.00124552148684853,1.2865152285762737e-5,1.2865152346072921e-5,1.3074118578181161e-5
14.13,0.61,0.002045954755044497,1.2775110357606495e-5,1.2775110370776323e-5,1.3074118578181161e-5
14.13,0.61,0.0033607857462825456,1.264401900333959e-5,1.2644019252885655e-5,1.3074118578181161e-5
14.13,0.61,0.005520591696647901,1.2451059985612052e-5,1.245105999608615e-5,1.3074118578181161e-5
14.13,0.61,0.009068395006973916,1.2163504627094097e-5,1.2163505368915046e-5,1.3074118578181161e-5
14.13,0.61,0.01489619093772919,1.1730132514588366e-5,1.173013285747098e-5,1.3074118578181161e-5
14.13,0.61,0.024469214704767362,1.1073556297195867e-5,1.1073557771918156e-5,1.3074118578181161e-5
14.13,0.61,0.04019433362333615,1.0087304092562397e-5,1.0087305964106795e-5,1.3074118578181161e-5
14.13,0.61,0.06602518613354949,8.654808024940054e-6,8.654809409476162e-6,1.3074118578181161e-5
14.13,0.61,0.1084562128786955,6.7219852891428585e-6,6.721989038312515e-6,1.3074118578181161e-5
14.13,0.61,0.17815550096589414,4.43983316993706e-6,4.439833506306426e-6,1.3074118578181161e-5
14.13,0.61,0.292646974128703,2.2727260797121634e-6,2.2727275050251963e-6,1.3074118578181161e-5
14.13,0.61,0.480716289995901,7.938483641692672e-7,7.938484996317298e-7,1.3074118578181161e-5
14.13,0.61,0.789648183294706,1.619750085441836e-7,1.619748580874152e-7,1.3074118578181161e-5
14.13,0.61,1.297114881182717,1.6477491940917924e-8,1.6477476841801667e-8,1.3074118578181161e-5
14.13,0.61,2.1307045980472066,7.418797520139988e-10,7.418731609347107e-10,1.3074118578181161e-5
14.13,0.61,3.5000000000000004,1.2501921752808477e-11,1.2501311606180063e-11,1.3074118578181161e-5
14.13,0.61,3.8,4.528038993429278e-12,4.5280655245663546e-12,1.3074118578181161e-5
14.13,0.61,3.98,1.0571890470288853e-12,1.057174590780984e-12,1.3074118578181161e-5
14.13,0.61,3.9998,1.0239138966207556e-13,1.0238972724284227e-13,1.3074118578181161e-5
14.13,1.73,1.0000000000000001e-7,1.659487609635323e-5,1.659487625543504e-5,1.6595334057883714e-5
14.13,1.73,1.6426491045299075e-7,1.6594685854667785e-5,1.6594686013845025e-5,1.6595334057883714e-5
14.13,1.73,2.698296080612907e-7,1.6594416583625472e-5,1.6594416742819846e-5,1.6595334057883714e-5
14.13,1.73,4.432353640575351e-7,1.6594035451750362e-5,1.6594035610921473e-5,1.6595334057883714e-5
14.13,1.73,7.280801738650976e-7,1.6593495986358472e-5,1.6593496145845093e-5,1.6595334057883714e-5
14.13,1.73,1.1959802456254818e-6,1.6592732403271883e-5,1.6592732562344088e-5,1.6595334057883714e-5
14.13,1.73,1.9645758795121526e-6,1.6591651576334057e-5,1.6591651736370917e-5,1.6595334057883714e-5
14.13,1.73,3.227108809261693e-6,1.659012166017929e-5,1.6590121819293075e-5,1.6595334057883714e-5
14.13,1.73,5.301007395754297e-6,1.6587955962062557e-5,1.658795612285352e-5,1.6595334057883714e-5
14.13,1.73,8.707695051742211e-6,1.6584890057483058e-5,1.6584890217544004e-5,1.6595334057883714e-5
14.13,1.73,1.4303687479263852e-5,1.6580549271227484e-5,1.658054943252905e-5,1.6595334057883714e-5
14.13,1.73,2.3495939429288417e-5,1.657440235971351e-5,1.657440252291249e-5,1.6595334057883714e-5
14.13,1.73,3.8595583863609565e-5,1.656569529996737e-5,1.6565695460547378e-5,1.6595334057883714e-5
14.13,1.73,6.33990012723672e-5,1.6553356115281465e-5,1.6553356285821662e-5,1.6595334057883714e-5
14.13,1.73,0.00010414231266814445,1.653585693111156e-5,1.6535857089899114e-5,1.6595334057883714e-5
14.13,1.73,0.00017106927664800093,1.6511011634789244e-5,1.6511011819435125e-5,1.6595334057883714e-5
14.13,1.73,0.00028100679409841776,1.647567413151735e-5,1.6475674296896657e-5,1.6595334057883714e-5
14.13,1.73,0.00046159555869258604,1.642527862478024e-5,1.642527883193683e-5,1.6595334057883714e-5
14.13,1.73,0.0007582395311413588,1.635312124122491e-5,1.635312145198071e-5,1.6595334057883714e-5
14.13,1.73,0.00124552148684853,1.6249207625142976e-5,1.6249207854413968e-5,1.6595334057883714e-5
14.13,1.73,0.002045954755044497,1.6098363985592362e-5,1.609836438249006e-5,1.6595334057883714e-5
14.13,1.73,0.0033607857462825456,1.5877114122800464e-5,1.5877114326700295e-5,1.6595334057883714e-5
14.13,1.73,0.005520591696647901,1.5548599333974374e-5,1.5548600335556126e-5,1.6595334057883714e-5
14.13,1.73,0.009068395006973916,1.5054809239668362e-5,1.5054809456926136e-5,1.6595334057883714e-5
14.13,1.73,0.01489619093772919,1.4306472313656295e-5,1.4306474635567362e-5,1.6595334057883714e-5
14.13,1.73,0.024469214704767362,1.3175425638105684e-5,1.317542693416696e-5,1.6595334057883714e-5
14.13,1.73,0.04019433362333615,1.1506330988247484e-5,1.1506334346107886e-5,1.6595334057883714e-5
14.13,1.73,0.06602518613354949,9.185531360021351e-6,9.185535709861487e-6,1.6595334057883714e-5
14.13,1.73,0.1084562128786955,6.3090091940912985e-6,6.309010891498773e-6,1.6595334057883714e-5
14.13,1.73,0.17815550096589414,3.3841256017452496e-6,3.384129842195922e-6,1.6595334057883714e-5
14.13,1.73,0.292646974128703,1.2214933400332165e-6,1.2214934081810136e-6,1.6595334057883714e-5
14.13,1.73,0.480716289995901,2.3872474901699305e-7,2.387250294346636e-7,1.6595334057883714e-5
14.13,1.73,0.789648183294706,1.8819976017073936e-8,1.8819978782282095e-8,1.6595334057883714e-5
14.13,1.73,1.297114881182717,4.194023282336998e-10,4.194009373128382e-10,1.6595334057883714e-5
14.13,1.73,2.1307045980472066,1.847180141102049e-12,1.847163209843793e-12,1.6595334057883714e-5
14.13,1.73,3.5000000000000004,1.1983468576327827e-15,1.1973913894292661e-15,1.6595334057883714e-5
14.13,1.73,3.8,2.494501816408631e-16,2.4911600822083267e-16,1.6595334057883714e-5
14.13,1.73,3.98,4.393383086974464e-17,4.39671868511096e-17,1.6595334057883714e-5
14.13,1.73,3.9998,4.136136196972706e-18,4.140414152275158e-18,1.6595334057883714e-5
14.13,4.71,1.0000000000000001e-7,3.390608925349806e-5,3.3906419515386924e-5,3.3907405939942663e-5
14.13,4.71,1.6426491045299075e-7,3.390554228701212e-5,3.390587253690441e-5,3.3907405939942663e-5
14.13,4.71,2.698296080612907e-7,3.3904768099382044e-5,3.390509833117728e-5,3.3907405939942663e-5
14.13,4.71,4.432353640575351e-7,3.390367229163202e-5,3.390400249745568e-5,3.3907405939942663e-5
14.13,4.71,7.280801738650976e-7,3.3902121238088445e-5,3.390245140840519e-5,3.3907405939942663e-5
14.13,4.71,1.1959802456254818e-6,3.3899925774789696e-5,3.390025589210051e-5,3.3907405939942663e-5
14.13,4.71,1.9645758795121526e-6,3.389681809050194e-5,3.389714813740945e-5,3.3907405939942663e-5
14.13,4.71,3.227108809261693e-6,3.389241896904696e-5,3.389274890975236e-5,3.3907405939942663e-5
14.13,4.71,5.301007395754297e-6,3.388619131198805e-5,3.3886521110206934e-5,3.3907405939942663e-5
14.13,4.71,8.707695051742211e-6,3.387737410006654e-5,3.3877703688615984e-5,3.3907405939942663e-5
14.13,4.71,1.4303687479263852e-5,3.386488834643809e-5,3.386521764179715e-5,3.3907405939942663e-5
14.13,4.71,2.3495939429288417e-5,3.384720268721321e-5,3.384753156975895e-5,3.3907405939942663e-5
14.13,4.71,3.8595583863609565e-5,3.3822140241246034e-5,3.3822468516095456e-5,3.3907405939942663e-5
14.13,4.71,6.33990012723672e-5,3.378659881368442e-5,3.3786926265950644e-5,3.3907405939942663e-5
14.13,4.71,0.00010414231266814445,3.373614076458282e-5,3.373646695542449e-5,3.3907405939942663e-5
14.13,4.71,0.00017106927664800093,3.366438194384097e-5,3.3664706440216703e-5,3.3907405939942663e-5
14.13,4.71,0.00028100679409841776,3.356206171550161e-5,3.356238357334624e-5,3.3907405939942663e-5
14.13,4.71,0.00046159555869258604,3.3415591382006175e-5,3.341590952943832e-5,3.3907405939942663e-5
14.13,4.71,0.0007582395311413588,3.3204727687997536e-5,3.320504011269426e-5,3.3907405939942663e-5
14.13,4.71,0.00124552148684853,3.289876029842869e-5,3.2899063869872686e-5,3.3907405939942663e-5
14.13,4.71,0.002045954755044497,3.2450202169025515e-5,3.245049248458091e-5,3.3907405939942663e-5
14.13,4.71,0.0033607857462825456,3.1784492651725674e-5,3.1784759981610906e-5,3.3907405939942663e-5
14.13,4.71,0.005520591696647901,3.07841347078975e-5,3.07843691813651e-5,3.3907405939942663e-5
14.13,4.71,0.009068395006973916,2.9267695507555583e-5,2.9267870734837514e-5,3.3907405939942663e-5
14.13,4.71,0.01489619093772919,2.6972818362096732e-5,2.6972913680879892e-5,3.3907405939942663e-5
14.13,4.71,0.024469214704767362,2.357664369016695e-5,2.3576616055741874e-5,3.3907405939942663e-5
14.13,4.71,0.04019433362333615,1.883143718357699e-5,1.883127212419974e-5,3.3907405939942663e-5
14.13,4.71,0.06602518613354949,1.291045532327363e-5,1.2910178497605667e-5,3.3907405939942663e-5
14.13,4.71,0.1084562128786955,6.852207909703966e-6,6.851909416774222e-6,3.3907405939942663e-5
14.13,4.71,0.17815550096589414,2.3829706849501447e-6,2.382787344821263e-6,3.3907405939942663e-5
14.13,4.71,0.292646974128703,4.1709825980244183e-7,4.170407670346961e-7,3.3907405939942663e-5
14.13,4.71,0.480716289995901,2.4476775752831564e-8,2.4471154708343476e-8,3.3907405939942663e-5
14.13,4.71,0.789648183294706,2.6388209296244353e-10,2.637788062461574e-10,3.3907405939942663e-5
14.13,4.71,1.297114881182717,2.2617210107353093e-13,2.26025003222737e-13,3.3907405939942663e-5
14.13,4.71,2.1307045980472066,5.349992501991241e-18,5.342829147765953e-18,3.3907405939942663e-5
14.13,4.71,3.5000000000000004,1.110472575503528e-24,1.0846774027799039e-24,3.3907405939942663e-5
14.13,4.71,3.8,4.878809227273061e-26,4.667687285142698e-26,3.3907405939942663e-5
14.13,4.71,3.98,3.9570432160458905e-27,4.027224141401467e-27,3.3907405939942663e-5
14.13,4.71,3.9998,3.4618808208511314e-28,3.553654487096235e-28,3.3907405939942663e-5
14.69,0.00113,1.0000000000000001e-7,5.636045750206745e-5,5.636045875952672e-5,5.636128968207836e-5
14.69,0.00113,1.6426491045299075e-7,5.636011180759509e-5,5.6360113068517456e-5,5.636128968207836e-5
14.69,0.00113,2.698296080612907e-7,5.6359622507861414e-5,5.63596237735892e-5,5.636128968207836e-5
14.69,0.00113,4.432353640575351e-7,5.635892994647109e-5,5.6358931218733226e-5,5.636128968207836e-5
14.69,0.00113,7.280801738650976e-7,5.635794968303652e-5,5.63579509654085e-5,5.636128968207836e-5
14.69,0.00113,1.1959802456254818e-6,5.635656219471437e-5,5.635656348961002e-5,5.636128968207836e-5
14.69,0.00113,1.9645758795121526e-6,5.635459829574844e-5,5.6354599611339567e-5,5.636128968207836e-5
14.69,0.00113,3.227108809261693e-6,5.635181849112951e-5,5.635181983198124e-5,5.636128968207836e-5
14.69,0.00113,5.301007395754297e-6,5.6347883732831706e-5,5.634788511427146e-5,5.636128968207836e-5
14.69,0.00113,8.707695051742211e-6,5.6342313980383275e-5,5.634231541485558e-5,5.636128968207836e-5
14.69,0.00113,1.4303687479263852e-5,5.6334429438515604e-5,5.633443095016052e-5,5.636128968207836e-5
14.69,0.00113,2.3495939429288417e-5,5.6323267137145144e-5,5.6323268761332914e-5,5.636128968207836e-5
14.69,0.00113,3.8595583863609565e-5,5.630746229733603e-5,5.6307464067807594e-5,5.636128968207836e-5
14.69,0.00113,6.33990012723672e-5,5.628507915086594e-5,5.628508115738757e-5,5.636128968207836e-5
14.69,0.00113,0.00010414231266814445,5.6253368644447e-5,5.625337093857523e-5,5.636128968207836e-5
14.69,0.00113,0.00017106927664800093,5.620841917885332e-5,5.6208421954736994e-5,5.636128968207836e-5
14.69,0.00113,0.00028100679409841776,5.61446483403248e-5,5.614465171932192e-5,5.636128968207836e-5
14.69,0.00113,0.00046159555869258604,5.605405315896165e-5,5.60540574962388e-5,5.636128968207836e-5
14.69,0.00113,0.0007582395311413588,5.592508384955848e-5,5.5925089525205944e-5,5.636128968207836e-5
14.69,0.00113,0.00124552148684853,5.574091301488835e-5,5.5740920608794944e-5,5.636128968207836e-5
14.69,0.00113,0.002045954755044497,5.547670700655147e-5,5.547671774941136e-5,5.636128968207836e-5
14.69,0.00113,0.0033607857462825456,5.5095218579633634e-5,5.5095233381615716e-5,5.636128968207836e-5
14.69,0.00113,0.005520591696647901,5.453955175443057e-5,5.453957441532726e-5,5.636128968207836e-5
14.69,0.00113,0.009068395006973916,5.372130264722672e-5,5.372133510955245e-5,5.636128968207836e-5
14.69,0.00113,0.01489619093772919,5.2501770994241857e-5,5.2501823190361665e-5,5.636128968207836e-5
14.69,0.00113,0.024469214704767362,5.066493373912933e-5,5.0665012462499915e-5,5.636128968207836e-5
14.69,0.00113,0.04019433362333615,4.788743127161533e-5,4.78875539889434e-5,5.636128968207836e-5
14.69,0.00113,0.06602518613354949,4.373174461813185e-5,4.3731930304121626e-5,5.636128968207836e-5
14.69,0.00113,0.1084562128786955,3.7733777369144316e-5,3.7734028780900855e-5,5.636128968207836e-5
14.69,0.00113,0.17815550096589414,2.9703085838057447e-5,2.970340608160958e-5,5.636128968207836e-5
14.69,0.00113,0.292646974128703,2.0262846845863494e-5,2.0263167334146616e-5,5.636128968207836e-5
14.69,0.00113,0.480716289995901,1.1189383960240683e-5,1.118963134964235e-5,5.636128968207836e-5
14.69,0.00113,0.789648183294706,4.6245868052469305e-6,4.624719383816375e-6,5.636128968207836e-5
14.69,0.00113,1.297114881182717,1.3298306715930337e-6,1.3298722362621311e-6,5.636128968207836e-5
14.69,0.00113,2.1307045980472066,2.512503568840266e-7,2.5125746895988713e-7,5.636128968207836e-5
14.69,0.00113,3.5000000000000004,2.3857752108966882e-8,2.385812380214113e-8,5.636128968207836e-5
14.69,0.00113,3.8,1.1347015656815918e-8,1.1347136026098866e-8,5.636128968207836e-5
14.69,0.00113,3.98,3.0600645974880474e-9,3.0600958653804103e-9,5.636128968207836e-5
14.69,0.00113,3.9998,3.008463836886817e-10,3.008494502760344e-10,5.636128968207836e-5
14.69,0.0037,1.0000000000000001e-7,5.6202200685705394e-5,5.6202200696869105e-5,5.620303177723941e-5
14.69,0.0037,1.6426491045299075e-7,5.620185544339374e-5,5.620185545472885e-5,5.620303177723941e-5
14.69,0.0037,2.698296080612907e-7,5.6201366783651045e-5,5.6201366795048395e-5,5.620303177723941e-5
14.69,0.0037,4.432353640575351e-7,5.620067512810756e-5,5.6200675139446584e-5,5.620303177723941e-5
14.69,0.0037,7.280801738650976e-7,5.61996961468128e-5,5.6199696158777965e-5,5.620303177723941e-5
14.69,0.0037,1.1959802456254818e-6,5.6198310473235255e-5,5.619831048444656e-5,5.620303177723941e-5
14.69,0.0037,1.9645758795121526e-6,5.619634914285999e-5,5.619634915587578e-5,5.620303177723941e-5
14.69,0.0037,3.227108809261693e-6,5.619357297381571e-5,5.619357298526272e-5,5.620303177723941e-5
14.69,0.0037,5.301007395754297e-6,5.618964336127505e-5,5.61896433757273e-5,5.620303177723941e-5
14.69,0.0037,8.707695051742211e-6,5.61840808920293e-5,5.6184080905489816e-5,5.620303177723941e-5
14.69,0.0037,1.4303687479263852e-5,5.617620665854562e-5,5.6176206674037976e-5,5.620303177723941e-5
14.69,0.0037,2.3495939429288417e-5,5.61650589470322e-5,5.616505896659926e-5,5.620303177723941e-5
14.69,0.0037,3.8595583863609565e-5,5.6149274756242234e-5,5.614927477080592e-5,5.620303177723941e-5
14.69,0.0037,6.33990012723672e-5,5.612692083307162e-5,5.612692086614004e-5,5.620303177723941e-5
14.69,0.0037,0.00010414231266814445,5.6095251681930116e-5,5.609525169485287e-5,5.620303177723941e-5
14.69,0.0037,0.00017106927664800093,5.605036073453047e-5,5.6050360791560656e-5,5.620303177723941e-5
14.69,0.0037,0.00028100679409841776,5.598667268848472e-5,5.598667271619681e-5,5.620303177723941e-5
14.69,0.0037,0.00046159555869258604,5.589619462104904e-5,5.5896194711441125e-5,5.620303177723941e-5
14.69,0.0037,0.0007582395311413588,5.5767390934978505e-5,5.576739103780097e-5,5.620303177723941e-5
14.69,0.0037,0.00124552148684853,5.558345426440253e-5,5.558345438126814e-5,5.620303177723941e-5
14.69,0.0037,0.002045954755044497,5.531957926514802e-5,5.5319579628994836e-5,5.620303177723941e-5
14.69,0.0037,0.0033607857462825456,5.493855882251695e-5,5.493855891237291e-5,5.620303177723941e-5
14.69,0.0037,0.005520591696647901,5.4383554381879844e-5,5.438355553466268e-5,5.620303177723941e-5
14.69,0.0037,0.009068395006973916,5.356624596192745e-5,5.356624615500666e-5,5.620303177723941e-5
14.69,0.0037,0.01489619093772919,5.2348060953230575e-5,5.234806394585033e-5,5.620303177723941e-5
14.69,0.0037,0.024469214704767362,5.05131837422715e-5,5.0513185712430645e-5,5.620303177723941e-5
14.69,0.0037,0.04019433362333615,4.773862085929371e-5,4.7738625871108435e-5,5.620303177723941e-5
14.69,0.0037,0.06602518613354949,4.3587544429350555e-5,4.358755230449073e-5,5.620303177723941e-5
14.69,0.0037,0.1084562128786955,3.759716841561814e-5,3.759717152612019e-5,5.620303177723941e-5
14.69,0.0037,0.17815550096589414,2.9579274575302618e-5,2.9579284407153626e-5,5.620303177723941e-5
14.69,0.0037,0.292646974128703,2.0159747328302575e-5,2.0159747525492442e-5,5.620303177723941e-5
14.69,0.0037,0.480716289995901,1.1115512525570886e-5,1.1115509714053877e-5,5.620303177723941e-5
14.69,0.0037,0.789648183294706,4.582899863253939e-6,4.582899123681871e-6,5.620303177723941e-5
14.69,0.0037,1.297114881182717,1.31298724339921e-6,1.3129850427301218e-6,5.620303177723941e-5
14.69,0.0037,2.1307045980472066,2.467897248296194e-7,2.467892598737427e-7,5.620303177723941e-5
14.69,0.0037,3.5000000000000004,2.3290049151989863e-8,2.329003909340182e-8,5.620303177723941e-5
14.69,0.0037,3.8,1.1065993919751205e-8,1.10659782915761e-8,5.620303177723941e-5
14.69,0.0037,3.98,2.9826658219631804e-9,2.982667607271141e-9,5.620303177723941e-5
14.69,0.0037,3.9998,2.9322031745494556e-10,2.9322055720867733e-10,5.620303177723941e-5
14.69,0.0127,1.0000000000000001e-7,5.566082412241925e-5,5.566082412641123e-5,5.566165151737015e-5
14.69,0.0127,1.6426491045299075e-7,5.566048041569313e-5,5.566048041958525e-5,5.566165151737015e-5
14.69,0.0127,2.698296080612907e-7,5.5659993929427494e-5,5.565999393349662e-5,5.566165151737015e-5
14.69,0.0127,4.432353640575351e-7,5.565930535023511e-5,5.565930535446728e-5,5.566165151737015e-5
14.69,0.0127,7.280801738650976e-7,5.5658330723221e-5,5.56583307272398e-5,5.566165151737015e-5
14.69,0.0127,1.1959802456254818e-6,5.565695121270365e-5,5.565695121771393e-5,5.566165151737015e-5
14.69,0.0127,1.9645758795121526e-6,5.565499860552281e-5,5.565499860934946e-5,5.566165151737015e-5
14.69,0.0127,3.227108809261693e-6,5.565223478324764e-5,5.5652234789608554e-5,5.566165151737015e-5
14.69,0.0127,5.301007395754297e-6,5.564832264617881e-5,5.5648322650515903e-5,5.566165151737015e-5
14.69,0.0127,8.707695051742211e-6,5.564278491131105e-5,5.564278491932223e-5,5.566165151737015e-5
14.69,0.0127,1.4303687479263852e-5,5.563494568584499e-5,5.5634945693275205e-5,5.566165151737015e-5
14.69,0.0127,2.3495939429288417e-5,5.562384752223535e-5,5.562384753094883e-5,5.566165151737015e-5
14.69,0.0127,3.8595583863609565e-5,5.560813345587797e-5,5.560813347203561e-5,5.566165151737015e-5
14.69,0.0127,6.33990012723672e-5,5.558587877396879e-5,5.558587878044707e-5,5.566165151737015e-5
14.69,0.0127,0.00010414231266814445,5.5554350060286365e-5,5.5554350094948485e-5,5.566165151737015e-5
14.69,0.0127,0.00017106927664800093,5.5509657825537444e-5,5.5509657830814046e-5,5.566165151737015e-5
14.69,0.0127,0.00028100679409841776,5.5446250903621167e-5,5.544625097001324e-5,5.566165151737015e-5
14.69,0.0127,0.00046159555869258604,5.535617046067092e-5,5.535617049230604e-5,5.566165151737015e-5
14.69,0.0127,0.0007582395311413588,5.522792901297256e-5,5.522792912095001e-5,5.566165151737015e-5
14.69,0.0127,0.00124552148684853,5.504478707292521e-5,5.50447872289696e-5,5.566165151737015e-5
14.69,0.0127,0.002045954755044497,5.478203510590224e-5,5.478203523368934e-5,5.566165151737015e-5
14.69,0.0127,0.0033607857462825456,5.4402601645059434e-5,5.4402602237972e-5,5.566165151737015e-5
14.69,0.0127,0.005520591696647901,5.3849841917533694e-5,5.384984196655007e-5,5.566165151737015e-5
14.69,0.0127,0.009068395006973916,5.303571863880917e-5,5.3035720508718866e-5,5.566165151737015e-5
14.69,0.0127,0.01489619093772919,5.1822089136607864e-5,5.182208946267873e-5,5.566165151737015e-5
14.69,0.0127,0.024469214704767362,4.999383795612897e-5,4.999384231381478e-5,5.566165151737015e-5
14.69,0.0127,0.04019433362333615,4.722921423355699e-5,4.722921754660893e-5,5.566165151737015e-5
14.69,0.0127,0.06602518613354949,4.309375387903521e-5,4.3093759291059405e-5,5.566165151737015e-5
14.69,0.0127,0.1084562128786955,3.712918768982981e-5,3.712919703751544e-5,5.566165151737015e-5
14.69,0.0127,0.17815550096589414,2.9155014820739103e-5,2.915501614625295e-5,5.566165151737015e-5
14.69,0.0127,0.292646974128703,1.980654474317419e-5,1.9806548551635474e-5,5.566165151737015e-5
14.69,0.0127,0.480716289995901,1.0862809049683668e-5,1.0862809060989669e-5,5.566165151737015e-5
14.69,0.0127,0.789648183294706,4.4408023636249215e-6,4.4407981669332256e-6,5.566165151737015e-5
14.69,0.0127,1.297114881182717,1.2559483856879277e-6,1.2559478522913781e-6,5.566165151737015e-5
14.69,0.0127,2.1307045980472066,2.3183439300653487e-7,2.318337830868929e-7,5.566165151737015e-5
14.69,0.0127,3.5000000000000004,2.1410275518787715e-8,2.1410227955170948e-8,5.566165151737015e-5
14.69,0.0127,3.8,1.0137403587493786e-8,1.013740488712218e-8,5.566165151737015e-5
14.69,0.0127,3.98,2.727205227846391e-9,2.72720324623801e-9,5.566165151737015e-5
14.69,0.0127,3.9998,2.6805293535243024e-10,2.680527244804672e-10,5.566165151737015e-5
14.69,0.047,1.0000000000000001e-7,5.376940415765953e-5,5.376940416522244e-5,5.377021903250883e-5
14.69,0.047,1.6426491045299075e-7,5.376906565186618e-5,5.376906565921886e-5,5.377021903250883e-5
14.69,0.047,2.698296080612907e-7,5.376858652702974e-5,5.3768586534804054e-5,5.377021903250883e-5
14.69,0.047,4.432353640575351e-7,5.376790836723824e-5,5.376790837476268e-5,5.377021903250883e-5
14.69,0.047,7.280801738650976e-7,5.376694848787623e-5,5.376694849586359e-5,5.377021903250883e-5
14.69,0.047,1.1959802456254818e-6,5.3765589851194267e-5,5.376558985936993e-5,5.377021903250883e-5
14.69,0.047,1.9645758795121526e-6,5.3763666788767653e-5,5.376366679675167e-5,5.377021903250883e-5
14.69,0.047,3.227108809261693e-6,5.3760944783842523e-5,5.376094479359413e-5,5.377021903250883e-5
14.69,0.047,5.301007395754297e-6,5.3757091834194045e-5,5.375709184181283e-5,5.377021903250883e-5
14.69,0.047,8.707695051742211e-6,5.375163787099223e-5,5.375163788365193e-5,5.377021903250883e-5
14.69,0.047,1.4303687479263852e-5,5.374391721056701e-5,5.3743917218875745e-5,5.377021903250883e-5
14.69,0.047,2.3495939429288417e-5,5.37329868512607e-5,5.373298686789976e-5,5.377021903250883e-5
14.69,0.047,3.8595583863609565e-5,5.37175102659541e-5,5.371751027999686e-5,5.377021903250883e-5
14.69,0.047,6.33990012723672e-5,5.3695591648613836e-5,5.369559166817342e-5,5.377021903250883e-5
14.69,0.047,0.00010414231266814445,5.366453845294289e-5,5.36645384847361e-5,5.377021903250883e-5
14.69,0.047,0.00017106927664800093,5.362051894071331e-5,5.362051895770451e-5,5.377021903250883e-5
14.69,0.047,0.00028100679409841776,5.355806348401319e-5,5.355806355764658e-5,5.377021903250883e-5
14.69,0.047,0.00046159555869258604,5.346932824374936e-5,5.3469328256254324e-5,5.377021903250883e-5
14.69,0.047,0.0007582395311413588,5.334298768892612e-5,5.334298784811751e-5,5.377021903250883e-5
14.69,0.047,0.00124552148684853,5.316253008189685e-5,5.31625301475123e-5,5.377021903250883e-5
14.69,0.047,0.002045954755044497,5.290356589005639e-5,5.2903566200644785e-5,5.377021903250883e-5
14.69,0.047,0.0033607857462825456,5.2529473942900446e-5,5.25294743314767e-5,5.377021903250883e-5
14.69,0.047,0.005520591696647901,5.198424805309678e-5,5.198424852909808e-5,5.377021903250883e-5
14.69,0.047,0.009068395006973916,5.118077627357803e-5,5.118077795501108e-5,5.377021903250883e-5
14.69,0.047,0.01489619093772919,4.998232062758103e-5,4.998232098356931e-5,5.377021903250883e-5
14.69,0.047,0.024469214704767362,4.817607461537516e-5,4.8176079867025375e-5,5.377021903250883e-5
14.69,0.047,0.04019433362333615,4.5444482807963355e-5,4.5444483596153743e-5,5.377021903250883e-5
14.69,0.047,0.06602518613354949,4.1361323646561746e-5,4.136133330126106e-5,5.377021903250883e-5
14.69,0.047,0.1084562128786955,3.548457292532111e-5,3.548457786045817e-5,5.377021903250883e-5
14.69,0.047,0.17815550096589414,2.766213785517519e-5,2.766214370637806e-5,5.377021903250883e-5
14.69,0.047,0.292646974128703,1.8564526917591692e-5,1.8564530612740873e-5,5.377021903250883e-5
14.69,0.047,0.480716289995901,9.978805648659083e-6,9.978804973725608e-6,5.377021903250883e-5
14.69,0.047,0.789648183294706,3.950164838549893e-6,3.950161246074137e-6,5.377021903250883e-5
14.69,0.047,1.297114881182717,1.0636933534576278e-6,1.063693307542859e-6,5.377021903250883e-5
14.69,0.047,2.1307045980472066,1.8324427204018515e-7,1.8324351329434374e-7,5.377021903250883e-5
14.69,0.047,3.5000000000000004,1.5575448269301052e-8,1.5575428190712115e-8,5.377021903250883e-5
14.69,0.047,3.8,7.27673791710716e-9,7.276730136135415e-9,5.377021903250883e-5
14.69,0.047,3.98,1.943470472260267e-9,1.943467719657872e-9,5.377021903250883e-5
14.69,0.047,3.9998,1.9087502386798822e-10,1.9087477308983338e-10,5.377021903250883e-5
14.69,0.173,1.0000000000000001e-7,4.8703553416065976e-5,4.8703553269863264e-5,4.870434045172689e-5
14.69,0.173,1.6426491045299075e-7,4.870322647482965e-5,4.870322632878254e-5,4.870434045172689e-5
14.69,0.173,2.698296080612907e-7,4.870276371849814e-5,4.870276357225117e-5,4.870434045172689e-5
14.69,0.173,4.432353640575351e-7,4.870210872668673e-5,4.8702108581002956e-5,4.870434045172689e-5
14.69,0.173,7.280801738650976e-7,4.870118163917619e-5,4.870118149291588e-5,4.870434045172689e-5
14.69,0.173,1.1959802456254818e-6,4.8699869415686785e-5,4.869986927055459e-5,4.870434045172689e-5
14.69,0.173,1.9645758795121526e-6,4.8698012045379844e-5,4.869801189961134e-5,4.870434045172689e-5
14.69,0.173,3.227108809261693e-6,4.869538301823161e-5,4.8695382873618945e-5,4.870434045172689e-5
14.69,0.173,5.301007395754297e-6,4.8691661662381696e-5,4.869166151841684e-5,4.870434045172689e-5
14.69,0.173,8.707695051742211e-6,4.868639394056358e-5,4.868639379583464e-5,4.870434045172689e-5
14.69,0.173,1.4303687479263852e-5,4.867893684776344e-5,4.8678936708104905e-5,4.870434045172689e-5
14.69,0.173,2.3495939429288417e-5,4.866837945349668e-5,4.866837930770898e-5,4.870434045172689e-5
14.69,0.173,3.8595583863609565e-5,4.8653430560581386e-5,4.865343042883909e-5,4.870434045172689e-5
14.69,0.173,6.33990012723672e-5,4.8632258380564446e-5,4.8632258236981465e-5,4.870434045172689e-5
14.69,0.173,0.00010414231266814445,4.8602260661493746e-5,4.860226054072099e-5,4.870434045172689e-5
14.69,0.173,0.00017106927664800093,4.855973277340957e-5,4.8559732646917364e-5,4.870434045172689e-5
14.69,0.173,0.00028100679409841776,4.849938349297936e-5,4.849938338073569e-5,4.870434045172689e-5
14.69,0.173,0.00046159555869258604,4.8413618292865744e-5,4.8413618223113516e-5,4.870434045172689e-5
14.69,0.173,0.0007582395311413588,4.8291457866516046e-5,4.829145774664517e-5,4.870434045172689e-5
14.69,0.173,0.00124552148684853,4.811686717781816e-5,4.8116867264430645e-5,4.870434045172689e-5
14.69,0.173,0.002045954755044497,4.7866106026051205e-5,4.786610589208318e-5,4.870434045172689e-5
14.69,0.173,0.0033607857462825456,4.750342812817355e-5,4.750342860514542e-5,4.870434045172689e-5
14.69,0.173,0.005520591696647901,4.6974001597202996e-5,4.697400170923903e-5,4.870434045172689e-5
14.69,0.173,0.009068395006973916,4.6192326463991786e-5,4.619232769451577e-5,4.870434045172689e-5
14.69,0.173,0.01489619093772919,4.502407258189455e-5,4.5024074286835826e-5,4.870434045172689e-5
14.69,0.173,0.024469214704767362,4.326069242934923e-5,4.326069417313735e-5,4.870434045172689e-5
14.69,0.173,0.04019433362333615,4.0593742768556014e-5,4.059374948897406e-5,4.870434045172689e-5
14.69,0.173,0.06602518613354949,3.661850703990491e-5,3.661850759134006e-5,4.870434045172689e-5
14.69,0.173,0.1084562128786955,3.0941942650619435e-5,3.0941954436972856e-5,4.870434045172689e-5
14.69,0.173,0.17815550096589414,2.3506047877699104e-5,2.3506048941735533e-5,4.870434045172689e-5
14.69,0.173,0.292646974128703,1.5104467260033359e-5,1.5104471043464886e-5,4.870434045172689e-5
14.69,0.173,0.480716289995901,7.555859993412984e-6,7.555860086855005e-6,4.870434045172689e-5
14.69,0.173,0.789648183294706,2.664449706361971e-6,2.6644480611586565e-6,4.870434045172689e-5
14.69,0.173,1.297114881182717,6.005819492020811e-7,6.005808986594564e-7,4.870434045172689e-5
14.69,0.173,2.1307045980472066,8.024710196860438e-8,8.02469922894987e-8,4.870434045172689e-5
14.69,0.173,3.5000000000000004,4.998974103776637e-9,4.998937518990967e-9,4.870434045172689e-5
14.69,0.173,3.8,2.2214093339769874e-9,2.221412067128251e-9,4.870434045172689e-5
14.69,0.173,3.98,5.774812824614589e-10,5.774816777470855e-10,4.870434045172689e-5
14.69,0.173,3.9998,5.655586774734481e-11,5.655589133140811e-11,4.870434045172689e-5
14.69,0.61,1.0000000000000001e-7,4.342601231986244e-5,4.3426012268146027e-5,4.342684234622262e-5
14.69,0.61,1.6426491045299075e-7,4.342566751968004e-5,4.3425667467987915e-5,4.342684234622262e-5
14.69,0.61,2.698296080612907e-7,4.34251794852678e-5,4.3425179433561134e-5,4.342684234622262e-5
14.69,0.61,4.432353640575351e-7,4.342448871375181e-5,4.342448866245467e-5,4.342684234622262e-5
14.69,0.61,7.280801738650976e-7,4.342351098124389e-5,4.342351092944176e-5,4.342684234622262e-5
14.69,0.61,1.1959802456254818e-6,4.342212706950116e-5,4.342212701895374e-5,4.342684234622262e-5
14.69,0.61,1.9645758795121526e-6,4.34201682196797e-5,4.3420168167980986e-5,4.342684234622262e-5
14.69,0.61,3.227108809261693e-6,4.341739553132661e-5,4.341739548183724e-5,4.342684234622262e-5
14.69,0.61,5.301007395754297e-6,4.341347077572119e-5,4.341347072533049e-5,4.342684234622262e-5
14.69,0.61,8.707695051742211e-6,4.3407915021196955e-5,4.340791497254227e-5,4.342684234622262e-5
14.69,0.61,1.4303687479263852e-5,4.3400049925970616e-5,4.340004987974776e-5,4.342684234622262e-5
14.69,0.61,2.3495939429288417e-5,4.3388914313880424e-5,4.3388914264659766e-5,4.342684234622262e-5
14.69,0.61,3.8595583863609565e-5,4.3373145349477035e-5,4.337314531268428e-5,4.342684234622262e-5
14.69,0.61,6.33990012723672e-5,4.335080867536991e-5,4.335080862454611e-5,4.342684234622262e-5
14.69,0.61,0.00010414231266814445,4.3319154240595756e-5,4.3319154220788067e-5,4.342684234622262e-5
14.69,0.61,0.00017106927664800093,4.327426239694059e-5,4.3274262354770097e-5,4.342684234622262e-5
14.69,0.61,0.00028100679409841776,4.321052478288873e-5,4.3210524787029365e-5,4.342684234622262e-5
14.69,0.61,0.00046159555869258604,4.3119870212938043e-5,4.311987021913208e-5,4.342684234622262e-5
14.69,0.61,0.0007582395311413588,4.299058544138313e-5,4.2990585465427664e-5,4.342684234622262e-5
14.69,0.61,0.00124552148684853,4.280547299617855e-5,4.280547317235532e-5,4.342684234622262e-5
14.69,0.61,0.002045954755044497,4.2538897745253304e-5,4.253889775127401e-5,4.342684234622262e-5
14.69,0.61,0.0033607857462825456,4.215195085900004e-5,4.215195155775984e-5,4.342684234622262e-5
14.69,0.61,0.005520591696647901,4.1584468368631273e-5,4.158446840687601e-5,4.342684234622262e-5
14.69,0.61,0.009068395006973916,4.0742084601413735e-5,4.074208661009364e-5,4.342684234622262e-5
14.69,0.61,0.01489619093772919,3.9476526219346864e-5,3.947652738565039e-5,4.342684234622262e-5
14.69,0.61,0.024469214704767362,3.756020064903051e-5,3.756020454856371e-5,4.342684234622262e-5
14.69,0.61,0.04019433362333615,3.466758100120676e-5,3.4667587072786576e-5,4.342684234622262e-5
14.69,0.61,0.06602518613354949,3.040600018888443e-5,3.040600372782662e-5,4.342684234622262e-5
14.69,0.61,0.1084562128786955,2.448855494354321e-5,2.4488567912769397e-5,4.342684234622262e-5
14.69,0.61,0.17815550096589414,1.7145060421860612e-5,1.7145061337002432e-5,4.342684234622262e-5
14.69,0.61,0.292646974128703,9.60044633972188e-6,9.600453002929694e-6,4.342684234622262e-5
14.69,0.61,0.480716289995901,3.820213987942701e-6,3.82021470922221e-6,4.342684234622262e-5
14.69,0.61,0.789648183294706,9.282617490463632e-7,9.282611843306183e-7,4.342684234622262e-5
14.69,0.61,1.297114881182717,1.1651382396204714e-7,1.1651370594438891e-7,4.342684234622262e-5
14.69,0.61,2.1307045980472066,6.530046697285813e-9,6.529996848649805e-9,4.342684234622262e-5
14.69,0.61,3.5000000000000004,1.321106845780964e-10,1.3210443604988405e-10,4.342684234622262e-5
14.69,0.61,3.8,4.8892623054082194e-11,4.8892788880212434e-11,4.342684234622262e-5
14.69,0.61,3.98,1.1535202273124728e-11,1.153502762477145e-11,4.342684234622262e-5
14.69,0.61,3.9998,1.1183788075984044e-12,1.118359417208983e-12,4.342684234622262e-5
14.69,1.73,1.0000000000000001e-7,5.516681603795248e-5,5.516681656622371e-5,5.516818134612003e-5
14.69,1.73,1.6426491045299075e-7,5.516624887615295e-5,5.516624940466147e-5,5.516818134612003e-5
14.69,1.73,2.698296080612907e-7,5.5165446107207006e-5,5.5165446635844504e-5,5.516818134612003e-5
14.69,1.73,4.432353640575351e-7,5.516430985281965e-5,5.516431038126847e-5,5.516818134612003e-5
14.69,1.73,7.280801738650976e-7,5.5162701568253976e-5,5.516270209776551e-5,5.516818134612003e-5
14.69,1.73,1.1959802456254818e-6,5.5160425139916686e-5,5.516042566807554e-5,5.516818134612003e-5
14.69,1.73,1.9645758795121526e-6,5.5157202949475057e-5,5.51572034805489e-5,5.516818134612003e-5
14.69,1.73,3.227108809261693e-6,5.51526419671095e-5,5.515264249561492e-5,5.516818134612003e-5
14.69,1.73,5.301007395754297e-6,5.5146185696195925e-5,5.5146186229240664e-5,5.516818134612003e-5
14.69,1.73,8.707695051742211e-6,5.513704601061009e-5,5.513704654230323e-5,5.516818134612003e-5
14.69,1.73,1.4303687479263852e-5,5.512410634726088e-5,5.5124106881223764e-5,5.516818134612003e-5
14.69,1.73,2.3495939429288417e-5,5.510578393768229e-5,5.510578447902074e-5,5.516818134612003e-5
14.69,1.73,3.8595583863609565e-5,5.5079833127198895e-5,5.507983365832809e-5,5.516818134612003e-5
14.69,1.73,6.33990012723672e-5,5.5043063222606425e-5,5.50430637852532e-5,5.516818134612003e-5
14.69,1.73,0.00010414231266814445,5.499093075378585e-5,5.499093128109622e-5,5.516818134612003e-5
14.69,1.73,0.00017106927664800093,5.491694391396838e-5,5.4916944514860476e-5,5.516818134612003e-5
14.69,1.73,0.00028100679409841776,5.4811779499168095e-5,5.481178005172304e-5,5.516818134612003e-5
14.69,1.73,0.00046159555869258604,5.466194724285265e-5,5.466194789800722e-5,5.516818134612003e-5
14.69,1.73,0.0007582395311413588,5.4447719836017916e-5,5.444772052902846e-5,5.516818134612003e-5
14.69,1.73,0.00124552148684853,5.413983897601581e-5,5.413983966682571e-5,5.516818134612003e-5
14.69,1.73,0.002045954755044497,5.369414743003677e-5,5.369414865641606e-5,5.516818134612003e-5
14.69,1.73,0.0033607857462825456,5.304272003015894e-5,5.304272062088317e-5,5.516818134612003e-5
14.69,1.73,0.005520591696647901,5.207930884590624e-5,5.20793117334939e-5,5.516818134612003e-5
14.69,1.73,0.009068395006973916,5.06364858092848e-5,5.063648660382344e-5,5.516818134612003e-5
14.69,1.73,0.01489619093772919,4.84537803598097e-5,4.84537868046895e-5,5.516818134612003e-5
14.69,1.73,0.024469214704767362,4.514618585865626e-5,4.514619033154493e-5,5.516818134612003e-5
14.69,1.73,0.04019433362333615,4.0212898021498154e-5,4.021290719694795e-5,5.516818134612003e-5
14.69,1.73,0.06602518613354949,3.318880205294328e-5,3.3188816951517565e-5,5.516818134612003e-5
14.69,1.73,0.1084562128786955,2.4093910258220532e-5,2.4093914765319775e-5,5.516818134612003e-5
14.69,1.73,0.17815550096589414,1.4143550311237521e-5,1.4143567142987862e-5,5.516818134612003e-5
14.69,1.73,0.292646974128703,5.886680969323404e-6,5.8866812124315785e-6,5.516818134612003e-5
14.69,1.73,0.480716289995901,1.4279731896851005e-6,1.4279751151794126e-6,5.516818134612003e-5
14.69,1.73,0.789648183294706,1.5348082142004981e-7,1.5348085898990457e-7,5.516818134612003e-5
14.69,1.73,1.297114881182717,5.160709371620729e-9,5.160696275774222e-9,5.516818134612003e-5
14.69,1.73,2.1307045980472066,3.7129969342682866e-11,3.7129627984608654e-11,5.516818134612003e-5
14.69,1.73,3.5000000000000004,3.983218921569462e-14,3.9810595696907595e-14,5.516818134612003e-5
14.69,1.73,3.8,8.894675319860837e-15,8.884771855665671e-15,5.516818134612003e-5
14.69,1.73,3.98,1.6196969311691905e-15,1.6204313957111645e-15,5.516818134612003e-5
14.69,1.73,3.9998,1.5297859499373297e-16,1.530805886618906e-16,5.516818134612003e-5
14.69,4.71,1.0000000000000001e-7,0.00011276305422444779,0.00011276415128325196,0.00011276697962468268
14.69,4.71,1.6426491045299075e-7,0.00011276142357107137,0.0001127625205920073,0.00011276697962468268
14.69,4.71,2.698296080612907e-7,0.00011275911551386006,0.00011276021248106693,0.00011276697962468268
14.69,4.71,4.432353640575351e-7,0.0001127558486296752,0.0001127569455191713,0.00011276697962468268
14.69,4.71,7.280801738650976e-7,0.00011275122455776136,0.00011275232134178353,0.00011276697962468268
14.69,4.71,1.1959802456254818e-6,0.00011274467938071093,0.00011274577600656766,0.00011276697962468268
14.69,4.71,1.9645758795121526e-6,0.00011273541475381416,0.00011273651116990972,0.00011276697962468268
14.69,4.71,3.227108809261693e-6,0.00011272230029931583,0.00011272339639971375,0.00011276697962468268
14.69,4.71,5.301007395754297e-6,0.00011270373516750437,0.00011270483084199358,0.00011276697962468268
14.69,4.71,8.707695051742211e-6,0.0001126774514361589,0.00011267854648874063,0.00011276697962468268
14.69,4.71,1.4303687479263852e-5,0.00011264023436064079,0.00011264132853622535,0.00011276697962468268
14.69,4.71,2.3495939429288417e-5,0.00011258752307632803,0.00011258861602837545,0.00011276697962468268
14.69,4.71,3.8595583863609565e-5,0.00011251283794949868,0.00011251392908838015,0.00011276697962468268
14.69,4.71,6.33990012723672e-5,0.00011240695340576404,0.00011240804210590497,0.00011276697962468268
14.69,4.71,0.00010414231266814445,0.00011225669048188745,0.0001122577754439168,0.00011276697962468268
14.69,4.71,0.00017106927664800093,0.00011204312799233736,0.00011204420792964068,0.00011276697962468268
14.69,4.71,0.00028100679409841776,0.00011173889965667798,0.00011173997184859485,0.00011276697962468268
14.69,4.71,0.00046159555869258604,0.0001113040100489413,0.00011130507128830916,0.00011276697962468268
14.69,4.71,0.0007582395311413588,0.00011067918335314474,0.00011068022799321332,0.00011276697962468268
14.69,4.71,0.00124552148684853,0.00010977502997703158,0.00010977604879238284,0.00011276697962468268
14.69,4.71,0.002045954755044497,0.00010845413821886932,0.00010845511903443466,0.00011276697962468268
14.69,4.71,0.0033607857462825456,0.00010650161599163655,0.00010650253074228646,0.00011276697962468268
14.69,4.71,0.005520591696647901,0.00010357856776563369,0.00010357938839613431,0.00011276697962468268
14.69,4.71,0.009068395006973916,9.91564126601274e-5,9.915706324924682e-5,0.00011276697962468268
14.69,4.71,0.01489619093772919,9.244938680595884e-5,9.244980149822826e-5,0.00011276697962468268
14.69,4.71,0.024469214704767362,8.242327584271188e-5,8.242332117656114e-5,0.00011276697962468268
14.69,4.71,0.04019433362333615,6.808831372481321e-5,6.808790829768073e-5,0.00011276697962468268
14.69,4.71,0.06602518613354949,4.941109618543362e-5,4.9410273568783284e-5,0.00011276697962468268
14.69,4.71,0.1084562128786955,2.8832828777191882e-5,2.8831799636350416e-5,0.00011276697962468268
14.69,4.71,0.17815550096589414,1.171507930096724e-5,1.1714329315985123e-5,0.00011276697962468268
14.69,4.71,0.292646974128703,2.6345643361055703e-6,2.6342582112302105e-6,0.00011276697962468268
14.69,4.71,0.480716289995901,2.2936907085329579e-7,2.293245157313412e-7,0.00011276697962468268
14.69,4.71,0.789648183294706,4.512188051634218e-9,4.510688716211833e-9,0.00011276697962468268
14.69,4.71,1.297114881182717,9.284539112315659e-12,9.279399456599549e-12,0.00011276697962468268
14.69,4.71,2.1307045980472066,7.238996678292723e-16,7.230881102278391e-16,0.00011276697962468268
14.69,4.71,3.5000000000000004,6.582056713198515e-22,6.4776232702104545e-22,0.00011276697962468268
14.69,4.71,3.8,3.7281222043553937e-23,3.5984855069462697e-23,0.00011276697962468268
14.69,4.71,3.98,3.418191172339272e-24,3.450337874504961e-24,0.00011276697962468268
14.69,4.71,3.9998,3.0237852553029294e-25,3.072308167084346e-25,0.00011276697962468268
15.19,0.00113,1.0000000000000001e-7,0.0001643602483430304,0.0001643602519914214,0.0001643624552819192
15.19,0.00113,1.6426491045299075e-7,0.00016435933156267626,0.00016435933522041584,0.0001643624552819192
15.19,0.00113,2.698296080612907e-7,0.00016435803394220286,0.00016435803761225812,0.0001643624552819192
15.19,0.00113,4.432353640575351e-7,0.0001643561972738807,0.0001643562009634648,0.0001643624552819192
15.19,0.00113,7.280801738650976e-7,0.00016435359762404872,0.00016435360133755763,0.0001643624552819192
15.19,0.00113,1.1959802456254818e-6,0.00016434991802312206,0.00016434992177611135,0.0001643624552819192
15.19,0.00113,1.9645758795121526e-6,0.00016434470980172702,0.00016434471360368113,0.0001643624552819192
15.19,0.00113,3.227108809261693e-6,0.00016433733784463193,0.00016433734172311944,0.0001643624552819192
15.19,0.00113,5.301007395754297e-6,0.00016432690305464415,0.00016432690703636305,0.0001643624552819192
15.19,0.00113,8.707695051742211e-6,0.00016431213249717838,0.00016431213662382272,0.0001643624552819192
15.19,0.00113,1.4303687479263852e-5,0.00016429122365806427,0.00016429122800276058,0.0001643624552819192
15.19,0.00113,2.3495939429288417e-5,0.0001642616234307473,0.00016426162805161225,0.0001643624552819192
15.19,0.00113,3.8595583863609565e-5,0.00016421971398999043,0.00016421971906252709,0.0001643624552819192
15.19,0.00113,6.33990012723672e-5,0.00016416036523101506,0.0001641603708540322,0.0001643624552819192
15.19,0.00113,0.00010414231266814445,0.00016407629467425007,0.00016407630120022547,0.0001643624552819192
15.19,0.00113,0.00017106927664800093,0.00016395714671359096,0.00016395715439623823,0.0001643624552819192
15.19,0.00113,0.00028100679409841776,0.00016378815674388398,0.00016378816618115233,0.0001643624552819192
15.19,0.00113,0.00046159555869258604,0.00016354818898580749,0.00016354820093819513,0.0001643624552819192
15.19,0.00113,0.0007582395311413588,0.0001632068053555697,0.0001632068207254511,0.0001643624552819192
15.19,0.00113,0.00124552148684853,0.00016271979137768552,0.00016271981237627657,0.0001643624552819192
15.19,0.00113,0.002045954755044497,0.00016202215347956177,0.00016202218149000654,0.0001643624552819192
15.19,0.00113,0.0033607857462825456,0.00016101687874836524,0.00016101691977087165,0.0001643624552819192
15.19,0.00113,0.005520591696647901,0.00015955654022995822,0.00015955659759386961,0.0001643624552819192
15.19,0.00113,0.009068395006973916,0.00015741305132568485,0.000157413139352128,0.0001643624552819192
15.19,0.00113,0.01489619093772919,0.00015422905238080068,0.000154229184088548,0.0001643624552819192
15.19,0.00113,0.024469214704767362,0.00014944533282437557,0.00014944553507979658,0.0001643624552819192
15.19,0.00113,0.04019433362333615,0.00014221135217906268,0.00014221167225503283,0.0001643624552819192
15.19,0.00113,0.06602518613354949,0.00013133193011606072,0.00013133239136123244,0.0001643624552819192
15.19,0.00113,0.1084562128786955,0.00011541462623075724,0.00011541531815466398,0.0001643624552819192
15.19,0.00113,0.17815550096589414,9.354039618262408e-5,9.354125137567417e-5,0.0001643624552819192
15.19,0.00113,0.292646974128703,6.67002327670764e-5,6.670118658846973e-5,0.0001643624552819192
15.19,0.00113,0.480716289995901,3.9214182916216585e-5,3.9214989415747264e-5,0.0001643624552819192
15.19,0.00113,0.789648183294706,1.756455668461111e-5,1.7565034032449807e-5,0.0001643624552819192
15.19,0.00113,1.297114881182717,5.529654604518871e-6,5.5298334632247635e-6,0.0001643624552819192
15.19,0.00113,2.1307045980472066,1.1380185130765805e-6,1.1380564289572293e-6,0.0001643624552819192
15.19,0.00113,3.5000000000000004,1.1495030251297459e-7,1.1495274192983523e-7,0.0001643624552819192
15.19,0.00113,3.8,5.504797681254114e-8,5.504915770519627e-8,0.0001643624552819192
15.19,0.00113,3.98,1.4895902274221069e-8,1.4896182225356581e-8,0.0001643624552819192
15.19,0.00113,3.9998,1.4649769924077001e-9,1.4650040881990558e-9,0.0001643624552819192
15.19,0.0037,1.0000000000000001e-7,0.00016390097700438335,0.00016390097703782326,0.00016390318105663406
15.19,0.0037,1.6426491045299075e-7,0.0001639000614231583,0.00016390006145608366,0.00016390318105663406
15.19,0.0037,2.698296080612907e-7,0.00016389876549993983,0.0001638987655338541,0.00016390318105663406
15.19,0.0037,4.432353640575351e-7,0.00016389693123392208,0.00016389693126751418,0.00016390318105663406
15.19,0.0037,7.280801738650976e-7,0.00016389433498432344,0.0001638943350185796,0.00016390318105663406
15.19,0.0037,1.1959802456254818e-6,0.00016389066019609943,0.00016389066023168652,0.00016390318105663406
15.19,0.0037,1.9645758795121526e-6,0.0001638854587866106,0.000163885458820565,0.00016390318105663406
15.19,0.0037,3.227108809261693e-6,0.00016387809647107378,0.00016387809651095277,0.00016390318105663406
15.19,0.0037,5.301007395754297e-6,0.00016386767532767445,0.00016386767536112284,0.00016390318105663406
15.19,0.0037,8.707695051742211e-6,0.00016385292408536533,0.00016385292413233912,0.00016390318105663406
15.19,0.0037,1.4303687479263852e-5,0.00016383204258433378,0.00016383204262225792,0.00016390318105663406
15.19,0.0037,2.3495939429288417e-5,0.0001638024810498967,0.0001638024811050083,0.00016390318105663406
15.19,0.0037,3.8595583863609565e-5,0.00016376062637165836,0.00016376062642903098,0.00016390318105663406
15.19,0.0037,6.33990012723672e-5,0.00016370135511582844,0.0001637013551736243,0.00016390318105663406
15.19,0.0037,0.00010414231266814445,0.00016361739423976336,0.00016361739434834528,0.00016390318105663406
15.19,0.0037,0.00017106927664800093,0.000163498401483404,0.00016349840153093414,0.00016390318105663406
15.19,0.0037,0.00028100679409841776,0.00016332963110901776,0.00016332963132535143,0.00016390318105663406
15.19,0.0037,0.00046159555869258604,0.00016308997399778024,0.00016308997405931348,0.00016390318105663406
15.19,0.0037,0.0007582395311413588,0.00016274902971941547,0.00016274903012940798,0.00016390318105663406
15.19,0.0037,0.00124552148684853,0.00016226263696090181,0.00016226263723883195,0.00016390318105663406
15.19,0.0037,0.002045954755044497,0.00016156587724154881,0.00016156587793158902,0.00016390318105663406
15.19,0.0037,0.0033607857462825456,0.0001605618439787454,0.00016056184523648306,0.00016390318105663406
15.19,0.0037,0.005520591696647901,0.0001591032618710797,0.0001591032627213623,0.00016390318105663406
15.19,0.0037,0.009068395006973916,0.00015696226430736608,0.00015696226902799342,0.00016390318105663406
15.19,0.0037,0.01489619093772919,0.00015378182188209385,0.00015378182245985141,0.00016390318105663406
15.19,0.0037,0.024469214704767362,0.0001490032498789096,0.00014900326349485965,0.00016390318105663406
15.19,0.0037,0.04019433362333615,0.00014177691508666647,0.00014177691937063323,0.00016390318105663406
15.19,0.0037,0.06602518613354949,0.00013090932577376603,0.0001309093498039969,0.00016390318105663406
15.19,0.0037,0.1084562128786955,0.00011501126925127457,0.00011501128896780327,0.00016390318105663406
15.19,0.0037,0.17815550096589414,9.316944050668322e-5,9.316945508041094e-5,0.00016390318105663406
15.19,0.0037,0.292646974128703,6.638277251168132e-5,6.638278863740285e-5,0.00016390318105663406
15.19,0.0037,0.480716289995901,3.897594134885998e-5,3.897593991104774e-5,0.00016390318105663406
15.19,0.0037,0.789648183294706,1.742059014802566e-5,1.7420575819520872e-5,0.00016390318105663406
15.19,0.0037,1.297114881182717,5.466277987327466e-6,5.466277204332127e-6,0.00016390318105663406
15.19,0.0037,2.1307045980472066,1.1196866990713644e-6,1.1196827918936413e-6,0.00016390318105663406
15.19,0.0037,3.5000000000000004,1.124483582706537e-7,1.124481797909773e-7,0.00016390318105663406
15.19,0.0037,3.8,5.379895209418271e-8,5.37988913260195e-8,0.00016390318105663406
15.19,0.0037,3.98,1.4550411820093853e-8,1.4550390867193815e-8,0.00016390318105663406
15.19,0.0037,3.9998,1.4309209169928796e-9,1.430918993082518e-9,0.00016390318105663406
15.19,0.0127,1.0000000000000001e-7,0.00016232979715259858,0.00016232979716419908,0.00016233199140151984
15.19,0.0127,1.6426491045299075e-7,0.00016232888564374312,0.0001623288856561739,0.00016233199140151984
15.19,0.0127,2.698296080612907e-7,0.00016232759548458165,0.00016232759549627762,0.00016233199140151984
15.19,0.0127,4.432353640575351e-7,0.0001623257693770425,0.0001623257693900997,0.00016233199140151984
15.19,0.0127,7.280801738650976e-7,0.00016232318467499255,0.00016232318468758998,0.00016233199140151984
15.19,0.0127,1.1959802456254818e-6,0.00016231952623120557,0.00016231952624465908,0.00016233199140151984
15.19,0.0127,1.9645758795121526e-6,0.00016231434795564546,0.00016231434797096621,0.00016233199140151984
15.19,0.0127,3.227108809261693e-6,0.0001623070183837987,0.00016230701839666924,0.00016233199140151984
15.19,0.0127,5.301007395754297e-6,0.00016229664358551082,0.00016229664360668073,0.00016233199140151984
15.19,0.0127,8.707695051742211e-6,0.00016228195793917374,0.0001622819579510912,0.00016233199140151984
15.19,0.0127,1.4303687479263852e-5,0.00016226116928036614,0.00016226116931111062,0.00016233199140151984
15.19,0.0127,2.3495939429288417e-5,0.00016223173914920475,0.00016223173916702805,0.00016233199140151984
15.19,0.0127,3.8595583863609565e-5,0.0001621900704460552,0.0001621900704874259,0.00016233199140151984
15.19,0.0127,6.33990012723672e-5,0.00016213106238946928,0.00016213106243402923,0.00016233199140151984
15.19,0.0127,0.00010414231266814445,0.00016204747397874573,0.000162047474022238,0.00016233199140151984
15.19,0.0127,0.00017106927664800093,0.0001619290082630029,0.00016192900837951342,0.00016233199140151984
15.19,0.0127,0.00028100679409841776,0.00016176098354594412,0.00016176098357132977,0.00016233199140151984
15.19,0.0127,0.00046159555869258604,0.0001615223811748321,0.00016152238144825462,0.00016233199140151984
15.19,0.0127,0.0007582395311413588,0.00016118292842932602,0.00016118292846925903,0.00016233199140151984
15.19,0.0127,0.00124552148684853,0.00016069864418621527,0.00016069864475822383,0.00016233199140151984
15.19,0.0127,0.002045954755044497,0.00016000486423575536,0.0001600048646033909,0.00016233199140151984
15.19,0.0127,0.0033607857462825456,0.00015900504156877014,0.00015900504258987077,0.00016233199140151984
15.19,0.0127,0.005520591696647901,0.00015755241288892334,0.00015755241486222282,0.00016233199140151984
15.19,0.0127,0.009068395006973916,0.0001554198530837477,0.00015541985427057692,0.00016233199140151984
15.19,0.0127,0.01489619093772919,0.0001522514449540343,0.00015225145259014955,0.00016233199140151984
15.19,0.0127,0.024469214704767362,0.000147490277037147,0.00014749027740749816,0.00016233199140151984
15.19,0.0127,0.04019433362333615,0.00014028978956401642,0.00014028980973937815,0.00016233199140151984
15.19,0.0127,0.06602518613354949,0.0001294622532476638,0.00012946225838811025,0.00016233199140151984
15.19,0.0127,0.1084562128786955,0.00011362955835590937,0.00011362958530564563,0.00016233199140151984
15.19,0.0127,0.17815550096589414,9.18982730765176e-5,9.189829088705077e-5,0.00016233199140151984
15.19,0.0127,0.292646974128703,6.529494595457894e-5,6.529495176812266e-5,0.00016233199140151984
15.19,0.0127,0.480716289995901,3.8160399167175497e-5,3.816039746848165e-5,0.00016233199140151984
15.19,0.0127,0.789648183294706,1.6929175473696507e-5,1.6929173467037724e-5,0.00016233199140151984
15.19,0.0127,1.297114881182717,5.251158352389095e-6,5.251148200197151e-6,0.00016233199140151984
15.19,0.0127,2.1307045980472066,1.0580158356769206e-6,1.058015679035431e-6,0.00016233199140151984
15.19,0.0127,3.5000000000000004,1.0412797219343083e-7,1.0412771594050886e-7,0.00016233199140151984
15.19,0.0127,3.8,4.9653357123250016e-8,4.965334071861713e-8,0.00016233199140151984
15.19,0.0127,3.98,1.3404944652359094e-8,1.3404951628460028e-8,0.00016233199140151984
15.19,0.0127,3.9998,1.3180215784707544e-9,1.3180222075654247e-9,0.00016233199140151984
15.19,0.047,1.0000000000000001e-7,0.00015683972214836653,0.00015683972217034068,0.00015684188319400785
15.19,0.047,1.6426491045299075e-7,0.0001568388244323746,0.00015683882445484287,0.00015684188319400785
15.19,0.047,2.698296080612907e-7,0.00015683755379571158,0.00015683755381756999,0.00015684188319400785
15.19,0.047,4.432353640575351e-7,0.00015683575532041296,0.00015683575534387783,0.00015684188319400785
15.19,0.047,7.280801738650976e-7,0.00015683320972913564,0.00015683320975107173,0.00015684188319400785
15.19,0.047,1.1959802456254818e-6,0.00015682960664279132,0.00015682960666771434,0.00015684188319400785
15.19,0.047,1.9645758795121526e-6,0.00015682450672003815,0.00015682450674356363,0.00015684188319400785
15.19,0.047,3.227108809261693e-6,0.0001568172880481413,0.000156817288074332,0.00015684188319400785
15.19,0.047,5.301007395754297e-6,0.00015680707021575608,0.0001568070702445535,0.00015684188319400785
15.19,0.047,8.707695051742211e-6,0.0001567926067339745,0.00015679260675967695,0.00015684188319400785
15.19,0.047,1.4303687479263852e-5,0.00015677213251459642,0.0001567721325554359,0.00015684188319400785
15.19,0.047,2.3495939429288417e-5,0.00015674314741186146,0.00015674314743528608,0.00015684188319400785
15.19,0.047,3.8595583863609565e-5,0.0001567021085344445,0.00015670210859659907,0.00015684188319400785
15.19,0.047,6.33990012723672e-5,0.00015664399177953034,0.00015664399181204895,0.00015684188319400785
15.19,0.047,0.00010414231266814445,0.00015656166457239036,0.00015656166466251694,0.00015684188319400785
15.19,0.047,0.00017106927664800093,0.00015644498320132908,0.00015644498328550247,0.00015684188319400785
15.19,0.047,0.00028100679409841776,0.00015627948238378705,0.00015627948249255757,0.00015684188319400785
15.19,0.047,0.00046159555869258604,0.00015604444878672345,0.0001560444490292921,0.00015684188319400785
15.19,0.047,0.0007582395311413588,0.0001557100398709929,0.00015571003995768884,0.00015684188319400785
15.19,0.047,0.00124552148684853,0.00015523287972171715,0.0001552328803747143,0.00015684188319400785
15.19,0.047,0.002045954755044497,0.00015454915461713325,0.0001545491547107855,0.00015684188319400785
15.19,0.047,0.0033607857462825456,0.00015356351344276132,0.00015356351506692328,0.00015684188319400785
15.19,0.047,0.005520591696647901,0.00015213088377193614,0.00015213088465932493,0.00015684188319400785
15.19,0.047,0.009068395006973916,0.00015002657171065594,0.00015002657514833598,0.00015684188319400785
15.19,0.047,0.01489619093772919,0.00014689829298175245,0.00014689829834351584,0.00015684188319400785
15.19,0.047,0.024469214704767362,0.00014219496094629427,0.0001421949656414298,0.00015684188319400785
15.19,0.047,0.04019433362333615,0.0001350803124540994,0.0001350803318577084,0.00015684188319400785
15.19,0.047,0.06602518613354949,0.00012438652624458812,0.00012438652859006176,0.00015684188319400785
15.19,0.047,0.1084562128786955,0.00010877510264574767,0.00010877513838500318,0.00015684188319400785
15.19,0.047,0.17815550096589414,8.742534884516434e-5,8.742535471936466e-5,0.00015684188319400785
15.19,0.047,0.292646974128703,6.146660504248077e-5,6.146661967186482e-5,0.00015684188319400785
15.19,0.047,0.480716289995901,3.530051227723893e-5,3.5300513304872576e-5,0.00015684188319400785
15.19,0.047,0.789648183294706,1.5223813992554058e-5,1.5223806758012642e-5,0.00015684188319400785
15.19,0.047,1.297114881182717,4.519864620087383e-6,4.519857561553745e-6,0.00015684188319400785
15.19,0.047,2.1307045980472066,8.55139936172875e-7,8.551392423535677e-7,0.00015684188319400785
15.19,0.047,3.5000000000000004,7.789025073838245e-8,7.788993229578663e-8,0.00015684188319400785
15.19,0.047,3.8,3.667358854894036e-8,3.667359927707249e-8,0.00015684188319400785
15.19,0.047,3.98,9.832601661104768e-9,9.83259770011453e-9,0.00015684188319400785
15.19,0.047,3.9998,9.66071846438052e-10,9.660713345013249e-10,0.00015684188319400785
15.19,0.173,1.0000000000000001e-7,0.00014213115445724147,0.00014213115403140415,0.0001421332416734111
15.19,0.173,1.6426491045299075e-7,0.00014213028741044472,0.00014213028698509093,0.0001421332416734111
15.19,0.173,2.698296080612907e-7,0.00014212906018306004,0.00014212905975777144,0.0001421332416734111
15.19,0.173,4.432353640575351e-7,0.00014212732314928942,0.00014212732272397304,0.0001421332416734111
15.19,0.173,7.280801738650976e-7,0.0001421248645221582,0.00014212486409826398,0.0001421332416734111
15.19,0.173,1.1959802456254818e-6,0.0001421213845240345,0.00014212138409836657,0.0001421332416734111
15.19,0.173,1.9645758795121526e-6,0.0001421164588178861,0.0001421164583966546,0.0001421332416734111
15.19,0.173,3.227108809261693e-6,0.00014210948672573642,0.00014210948630035712,0.0001421332416734111
15.19,0.173,5.301007395754297e-6,0.00014209961788646535,0.0001420996174690223,0.0001421332416734111
15.19,0.173,8.707695051742211e-6,0.00014208564833167634,0.0001420856479108038,0.0001421332416734111
15.19,0.173,1.4303687479263852e-5,0.00014206587312790817,0.00014206587271350037,0.0001421332416734111
15.19,0.173,2.3495939429288417e-5,0.00014203787720692832,0.00014203787680070506,0.0001421332416734111
15.19,0.173,3.8595583863609565e-5,0.00014199823794815047,0.0001419982375317425,0.0001421332416734111
15.19,0.173,6.33990012723672e-5,0.00014194210114787997,0.00014194210077518452,0.0001421332416734111
15.19,0.173,0.00010414231266814445,0.00014186257396755437,0.00014186257354480204,0.0001421332416734111
15.19,0.173,0.00017106927664800093,0.00014174985038970943,0.00014174985007825523,0.0001421332416734111
15.19,0.173,0.00028100679409841776,0.0001415899395616686,0.00014158993916784458,0.0001421332416734111
15.19,0.173,0.00046159555869258604,0.0001413627920777126,0.00014136279185472748,0.0001421332416734111
15.19,0.173,0.0007582395311413588,0.0001410394892566454,0.00014103948903488258,0.0001421332416734111
15.19,0.173,0.00124552148684853,0.00014057793063585824,0.00014057793048992916,0.0001421332416734111
15.19,0.173,0.002045954755044497,0.0001399160454965143,0.00013991604589824483,0.0001421332416734111
15.19,0.173,0.0033607857462825456,0.00013896083813346496,0.00013896083791713212,0.0001421332416734111
15.19,0.173,0.005520591696647901,0.00013757039708869398,0.0001375703994339797,0.0001421332416734111
15.19,0.173,0.009068395006973916,0.00013552432321239433,0.0001355243230481311,0.0001421332416734111
15.19,0.173,0.01489619093772919,0.0001324765486473484,0.00013247655575099088,0.0001421332416734111
15.19,0.173,0.024469214704767362,0.00012788640974199618,0.000127886413433132,0.0001421332416734111
15.19,0.173,0.04019433362333615,0.00012093890289874289,0.00012093891602583326,0.0001421332416734111
15.19,0.173,0.06602518613354949,0.00011051567351664227,0.00011051569252438125,0.0001421332416734111
15.19,0.173,0.1084562128786955,9.539349278389614e-5,9.539350236127191e-5,0.0001421332416734111
15.19,0.173,0.17815550096589414,7.498734520630533e-5,7.498737614034994e-5,0.0001421332416734111
15.19,0.173,0.292646974128703,5.078165001257509e-5,5.0781650708794865e-5,0.0001421332416734111
15.19,0.173,0.480716289995901,2.7399555511453772e-5,2.7399556116573723e-5,0.0001421332416734111
15.19,0.173,0.789648183294706,1.0676790447846685e-5,1.0676789949624794e-5,0.0001421332416734111
15.19,0.173,1.297114881182717,2.7055592013752797e-6,2.7055536294376833e-6,0.0001421332416734111
15.19,0.173,2.1307045980472066,4.063666957274555e-7,4.0636567374915515e-7,0.0001421332416734111
15.19,0.173,3.5000000000000004,2.7726494389567133e-8,2.77264329103563e-8,0.0001421332416734111
15.19,0.173,3.8,1.2451158145255836e-8,1.2451103734671611e-8,0.0001421332416734111
15.19,0.173,3.98,3.2537599263418186e-9,3.2537647949524244e-9,0.0001421332416734111
15.19,0.173,3.9998,3.188269455599427e-10,3.188275576485098e-10,0.0001421332416734111
15.19,0.61,1.0000000000000001e-7,0.0001268400810664379,0.00012684008091552016,0.00012684228229371637
15.19,0.61,1.6426491045299075e-7,0.00012683916665791494,0.000126839166507785,0.00012684228229371637
15.19,0.61,2.698296080612907e-7,0.00012683787239347935,0.00012683787224292094,0.00012684228229371637
15.19,0.61,4.432353640575351e-7,0.00012683604047284411,0.00012683604032308704,0.00012684228229371637
15.19,0.61,7.280801738650976e-7,0.00012683344753720556,0.00012683344738793036,0.00012684228229371637
15.19,0.61,1.1959802456254818e-6,0.00012682977742639546,0.00012682977727658212,0.00012684228229371637
15.19,0.61,1.9645758795121526e-6,0.00012682458260692895,0.00012682458246067557,0.00012684228229371637
15.19,0.61,3.227108809261693e-6,0.00012681722954887426,0.0001268172293984029,0.00012684228229371637
15.19,0.61,5.301007395754297e-6,0.00012680682134739464,0.00012680682120658692,0.00012684228229371637
15.19,0.61,8.707695051742211e-6,0.0001267920880531469,0.00012679208790437633,0.00012684228229371637
15.19,0.61,1.4303687479263852e-5,0.00012677123110839628,0.00012677123097477186,0.00012684228229371637
15.19,0.61,2.3495939429288417e-5,0.00012674170239503337,0.00012674170225778037,0.00012684228229371637
15.19,0.61,3.8595583863609565e-5,0.00012669988976355846,0.00012669988963458502,0.00012684228229371637
15.19,0.61,6.33990012723672e-5,0.00012664066802200544,0.00012664066791875762,0.00012684228229371637
15.19,0.61,0.00010414231266814445,0.0001265567546565181,0.0001265567545217457,0.00012684228229371637
15.19,0.61,0.00017106927664800093,0.00012643777848628365,0.00012643777845964193,0.00012684228229371637
15.19,0.61,0.00028100679409841776,0.00012626891870236754,0.0001262689185622106,0.00012684228229371637
15.19,0.61,0.00046159555869258604,0.00012602888576489763,0.00012602888588496356,0.00012684228229371637
15.19,0.61,0.0007582395311413588,0.00012568686539698735,0.00012568686536224162,0.00012684228229371637
15.19,0.61,0.00124552148684853,0.00012519777939834294,0.00012519777975592464,0.00012684228229371637
15.19,0.61,0.002045954755044497,0.00012449474112926205,0.00012449474166613934,0.00012684228229371637
15.19,0.61,0.0033607857462825456,0.00012347676304091119,0.00012347676362831474,0.00012684228229371637
15.19,0.61,0.005520591696647901,0.00012198847311600098,0.00012198847587451113,0.00012684228229371637
15.19,0.61,0.009068395006973916,0.00011978693280667437,0.00011978693318898229,0.00012684228229371637
15.19,0.61,0.01489619093772919,0.00011648986165881142,0.0001164898710330591,0.00012684228229371637
15.19,0.61,0.024469214704767362,0.00011150443446802312,0.0001115044360939745,0.00012684228229371637
15.19,0.61,0.04019433362333615,0.00010395967152643275,0.00010395969252759113,0.00012684228229371637
15.19,0.61,0.06602518613354949,9.273512705922059e-5,9.273514080727801e-5,0.00012684228229371637
15.19,0.61,0.1084562128786955,7.681486787921412e-5,7.681489104082721e-5,0.00012684228229371637
15.19,0.61,0.17815550096589414,5.6288586430699594e-5,5.628861622583074e-5,0.00012684228229371637
15.19,0.61,0.292646974128703,3.3850458591159373e-5,3.385046459685579e-5,0.00012684228229371637
15.19,0.61,0.480716289995901,1.4976899116052751e-5,1.497690677648834e-5,0.00012684228229371637
15.19,0.61,0.789648183294706,4.21436309144672e-6,4.214363726508972e-6,0.00012684228229371637
15.19,0.61,1.297114881182717,6.359582808573491e-7,6.359565314103428e-7,0.00012684228229371637
15.19,0.61,2.1307045980472066,4.3656073495834695e-8,4.365603017630859e-8,0.00012684228229371637
15.19,0.61,3.5000000000000004,1.0588478147146589e-9,1.058814841578794e-9,0.00012684228229371637
15.19,0.61,3.8,4.008294410831612e-10,4.0082200722495404e-10,0.00012684228229371637
15.19,0.61,3.98,9.562558062882507e-11,9.56271688768575e-11,0.00012684228229371637
15.19,0.61,3.9998,9.281612301343964e-12,9.281782011519612e-12,0.00012684228229371637
15.19,1.73,1.0000000000000001e-7,0.0001612473760780858,0.00016124737762144577,0.00016125099687068267
15.19,1.73,1.6426491045299075e-7,0.00016124587196800718,0.00016124587351045125,0.00016125099687068267
15.19,1.73,2.698296080612907e-7,0.0001612437430304432,0.0001612437445745531,0.00016125099687068267
15.19,1.73,4.432353640575351e-7,0.00016124072969511837,0.0001612407312384525,0.00016125099687068267
15.19,1.73,7.280801738650976e-7,0.0001612364645480087,0.0001612364660926337,0.00016125099687068267
15.19,1.73,1.1959802456254818e-6,0.00016123042751081245,0.00016123042905710208,0.00016125099687068267
15.19,1.73,1.9645758795121526e-6,0.0001612218823736893,0.0001612218839176159,0.00016125099687068267
15.19,1.73,3.227108809261693e-6,0.00016120978689904562,0.00016120978845196484,0.00016125099687068267
15.19,1.73,5.301007395754297e-6,0.00016119266543473935,0.0001611926669768565,0.00016125099687068267
15.19,1.73,8.707695051742211e-6,0.00016116842827397805,0.0001611684298381358,0.00016125099687068267
15.19,1.73,1.4303687479263852e-5,0.00016113411521112916,0.00016113411675809276,0.00016125099687068267
15.19,1.73,2.3495939429288417e-5,0.0001610855308338682,0.00016108553241113007,0.00016125099687068267
15.19,1.73,3.8595583863609565e-5,0.0001610167243966314,0.00016101672597161325,0.00016125099687068267
15.19,1.73,6.33990012723672e-5,0.00016091924483998556,0.0001609192464209503,0.00016125099687068267
15.19,1.73,0.00010414231266814445,0.0001607810667544405,0.00016078106841026286,0.00016125099687068267
15.19,1.73,0.00017106927664800093,0.00016058502693655995,0.00016058502849400103,0.00016125099687068267
15.19,1.73,0.00028100679409841776,0.0001603065170911336,0.00016030651893316733,0.00016125099687068267
15.19,1.73,0.00046159555869258604,0.00015991001513911607,0.00015991001668970735,0.00016125099687068267
15.19,1.73,0.0007582395311413588,0.0001593437480535261,0.0001593437502748597,0.00016125099687068267
15.19,1.73,0.00124552148684853,0.0001585312616075415,0.0001585312634970072,0.00016125099687068267
15.19,1.73,0.002045954755044497,0.0001573577647864451,0.00015735776764221797,0.00016125099687068267
15.19,1.73,0.0033607857462825456,0.00015564761932944244,0.00015564762311930138,0.00016125099687068267
15.19,1.73,0.005520591696647901,0.0001531272199273153,0.00015312722318026555,0.00016125099687068267
15.19,1.73,0.009068395006973916,0.0001493656579972214,0.00014936566902522545,0.00016125099687068267
15.19,1.73,0.01489619093772919,0.00014368815013445725,0.0001436881521743175,0.00016125099687068267
15.19,1.73,0.024469214704767362,0.00013507722563760975,0.00013507725455093114,0.00016125099687068267
15.19,1.73,0.04019433362333615,0.000122144415022961,0.00012214442177080375,0.00016125099687068267
15.19,1.73,0.06602518613354949,0.00010341232492778131,0.00010341237164114164,0.00016125099687068267
15.19,1.73,0.1084562128786955,7.834566714242825e-5,7.834569757583292e-5,0.00016125099687068267
15.19,1.73,0.17815550096589414,4.9326264184325696e-5,4.9326291974597116e-5,0.00016125099687068267
15.19,1.73,0.292646974128703,2.296054970154858e-5,2.2960577402917007e-5,0.00016125099687068267
15.19,1.73,0.480716289995901,6.617759159155591e-6,6.617760472861135e-6,0.00016125099687068267
15.19,1.73,0.789648183294706,9.159387654632998e-7,9.15939489652015e-7,0.00016125099687068267
15.19,1.73,1.297114881182717,4.3538221811235254e-8,4.353822600469803e-8,0.00016125099687068267
15.19,1.73,2.1307045980472066,4.819605637977907e-10,4.819506916608487e-10,0.00016125099687068267
15.19,1.73,3.5000000000000004,8.236543919134454e-13,8.23604007055924e-13,0.00016125099687068267
15.19,1.73,3.8,1.9670588456057505e-13,1.965574680004727e-13,0.00016125099687068267
15.19,1.73,3.98,3.699652701177763e-14,3.69649492750676e-14,0.00016125099687068267
15.19,1.73,3.9998,3.5053123237446242e-15,3.502505478205115e-15,0.00016125099687068267
15.19,4.71,1.0000000000000001e-7,0.00032971715563325746,0.00032972036010329243,0.0003297275657792303
15.19,4.71,1.6426491045299075e-7,0.0003297128311518524,0.0003297160355177073,0.0003297275657792303
15.19,4.71,2.698296080612907e-7,0.0003297067102066653,0.0003297099144329937,0.0003297275657792303
15.19,4.71,4.432353640575351e-7,0.0003296980464766525,0.00032970125049768846,0.0003297275657792303
15.19,4.71,7.280801738650976e-7,0.00032968578353871126,0.00032968898727382185,0.0003297275657792303
15.19,4.71,1.1959802456254818e-6,0.0003296684259511958,0.00032967162928425564,0.0003297275657792303
15.19,4.71,1.9645758795121526e-6,0.00032964385665744855,0.00032964705940348606,0.0003297275657792303
15.19,4.71,3.227108809261693e-6,0.00032960907824615144,0.0003296122802011871,0.0003297275657792303
15.19,4.71,5.301007395754297e-6,0.0003295598460637751,0.00032956304682728516,0.0003297275657792303
15.19,4.71,8.707695051742211e-6,0.0003294901474033105,0.00032949334658562894,0.0003297275657792303
15.19,4.71,1.4303687479263852e-5,0.0003293914609045848,0.0003293946577125046,0.0003297275657792303
15.19,4.71,2.3495939429288417e-5,0.00032925170053615157,0.0003292548941119301,0.0003297275657792303
15.19,4.71,3.8595583863609565e-5,0.00032905370345696374,0.00032905689234019944,0.0003297275657792303
15.19,4.71,6.33990012723672e-5,0.00032877305083506763,0.0003287762330015421,0.0003297275657792303
15.19,4.71,0.00010414231266814445,0.00032837489747995183,0.0003283780703083865,0.0003297275657792303
15.19,4.71,0.00017106927664800093,0.00032780929671953537,0.00032781245540713125,0.0003297275657792303
15.19,4.71,0.00028100679409841776,0.00032700417898808194,0.0003270073185520615,0.0003297275657792303
15.19,4.71,0.00046159555869258604,0.00032585456049207743,0.00032585766978651144,0.0003297275657792303
15.19,4.71,0.0007582395311413588,0.00032420551662683175,0.00032420858420251767,0.0003297275657792303
15.19,4.71,0.00124552148684853,0.00032182462190015893,0.00032182762221936073,0.0003297275657792303
15.19,4.71,0.002045954755044497,0.0003183565127134588,0.00031835941266459655,0.0003297275657792303
15.19,4.71,0.0033607857462825456,0.00031324783422911835,0.000313250575481756,0.0003297275657792303
15.19,4.71,0.005520591696647901,0.00030562673518773006,0.00030562921131524115,0.0003297275657792303
15.19,4.71,0.009068395006973916,0.00029412529821313177,0.0002941273839806284,0.0003297275657792303
15.19,4.71,0.01489619093772919,0.00027667144987726303,0.0002766728461145241,0.0003297275657792303
15.19,4.71,0.024469214704767362,0.0002504105903036509,0.00025041109830479966,0.0003297275657792303
15.19,4.71,0.04019433362333615,0.00021223813499179558,0.0002122372961536258,0.0003297275657792303
15.19,4.71,0.06602518613354949,0.00016086547519703263,0.00016086338230574402,0.0003297275657792303
15.19,4.71,0.1084562128786955,0.00010096273912356671,0.00010095980796856726,0.0003297275657792303
15.19,4.71,0.17815550096589414,4.626178200519412e-5,4.6259224346766816e-5,0.0003297275657792303
15.19,4.71,0.292646974128703,1.2642803221512614e-5,1.2641577168549892e-5,0.0003297275657792303
15.19,4.71,0.480716289995901,1.500040485646844e-6,1.4997846555202605e-6,0.0003297275657792303
15.19,4.71,0.789648183294706,4.759377758826124e-8,4.7580274645037805e-8,0.0003297275657792303
15.19,4.71,1.297114881182717,1.990334674952593e-10,1.9893762439313717e-10,0.0003297275657792303
15.19,4.71,2.1307045980472066,4.186707135173586e-14,4.183262412102069e-14,0.0003297275657792303
15.19,4.71,3.5000000000000004,1.363878686910255e-19,1.3640959507653881e-19,0.0003297275657792303
15.19,4.71,3.8,9.661143261754636e-21,9.549993154966512e-21,0.0003297275657792303
15.19,4.71,3.98,9.871401184173503e-22,9.771603429436828e-22,0.0003297275657792303
15.19,4.71,3.9998,8.819368176636269e-23,8.737126415283918e-23,0.0003297275657792303
15.67,0.00113,1.0000000000000001e-7,0.0004592413196572536,0.0004592413281231274,0.0004592469485169465
15.67,0.00113,1.6426491045299075e-7,0.00045923898138392486,0.00045923898969478825,0.0004592469485169465
15.67,0.00113,2.698296080612907e-7,0.0004592356717684511,0.00045923567986035194,0.0004592469485169465
15.67,0.00113,4.432353640575351e-7,0.0004592309872993902,0.00045923099508323844,0.0004592469485169465
15.67,0.00113,7.280801738650976e-7,0.0004592243568319055,0.0004592243641735244,0.0004592469485169465
15.67,0.00113,1.1959802456254818e-6,0.00045921497193607876,0.00045921497866400893,0.0004592469485169465
15.67,0.00113,1.9645758795121526e-6,0.0004592016882910492,0.00045920169413052954,0.0004592469485169465
15.67,0.00113,3.227108809261693e-6,0.00045918288607068675,0.00045918289068014166,0.0004592469485169465
15.67,0.00113,5.301007395754297e-6,0.00045915627222475083,0.0004591562750612286,0.0004592469485169465
15.67,0.00113,8.707695051742211e-6,0.00045911860037922,0.00045911860073367234,0.0004592469485169465
15.67,0.00113,1.4303687479263852e-5,0.0004590652738162724,0.00045906527064277917,0.0004592469485169465
15.67,0.00113,2.3495939429288417e-5,0.00045898978224103446,0.00045898977404253323,0.0004592469485169465
15.67,0.00113,3.8595583863609565e-5,0.0004588829016500137,0.0004588828864192216,0.0004592469485169465
15.67,0.00113,6.33990012723672e-5,0.0004587315551969409,0.00045873152979266984,0.0004592469485169465
15.67,0.00113,0.00010414231266814445,0.0004585171859521491,0.00045851714642363404,0.0004592469485169465
15.67,0.00113,0.00017106927664800093,0.0004582134203801725,0.0004582133602761475,0.0004592469485169465
15.67,0.00113,0.00028100679409841776,0.00045778268734125786,0.00045778259841770336,0.0004592469485169465
15.67,0.00113,0.00046159555869258604,0.0004571712705088603,0.0004571711396502158,0.0004592469485169465
15.67,0.00113,0.0007582395311413588,0.00045630195457604006,0.0004563017633828221,0.0004592469485169465
15.67,0.00113,0.00124552148684853,0.0004550628701416983,0.00045506259117420134,0.0004592469485169465
15.67,0.00113,0.002045954755044497,0.0004532901546372447,0.00045328974374026247,0.0004592469485169465
15.67,0.00113,0.0033607857462825456,0.00045074030010358265,0.00045073969500574303,0.0004592469485169465
15.67,0.00113,0.005520591696647901,0.0004470450852075735,0.0004470441719306106,0.0004592469485169465
15.67,0.00113,0.009068395006973916,0.00044163740069876756,0.00044163602017117183,0.0004592469485169465
15.67,0.00113,0.01489619093772919,0.0004336308173759503,0.00043362866803513164,0.0004592469485169465
15.67,0.00113,0.024469214704767362,0.00042163474181681636,0.0004216313920662436,0.0004592469485169465
15.67,0.00113,0.04019433362333615,0.0004035093739578552,0.00040350411931330495,0.0004592469485169465
15.67,0.00113,0.06602518613354949,0.00037615988801415634,0.00037615178908454805,0.0004592469485169465
15.67,0.00113,0.1084562128786955,0.0003357254866526535,0.000335713684729972,0.0004592469485169465
15.67,0.00113,0.17815550096589414,0.00027896088614256983,0.0002789450454475915,0.0004592469485169465
15.67,0.00113,0.292646974128703,0.00020672466506116487,0.00020670661934501578,0.0004592469485169465
15.67,0.00113,0.480716289995901,0.00012852356620070266,0.00012850721729361987,0.0004592469485169465
15.67,0.00113,0.789648183294706,6.200792756972274e-5,6.199735800357914e-5,0.0004592469485169465
15.67,0.00113,1.297114881182717,2.13090637155366e-5,2.130474760590344e-5,0.0004592469485169465
15.67,0.00113,2.1307045980472066,4.787757236827002e-6,4.786780775744561e-6,0.0004592469485169465
15.67,0.00113,3.5000000000000004,5.17954971151349e-7,5.178783807844507e-7,0.0004592469485169465
15.67,0.00113,3.8,2.50073084729082e-7,2.5004064075514266e-7,0.0004592469485169465
15.67,0.00113,3.98,6.794881352805003e-8,6.794054951027135e-8,0.0004592469485169465
15.67,0.00113,3.9998,6.685422578014669e-9,6.684616222083255e-9,0.0004592469485169465
15.67,0.0037,1.0000000000000001e-7,0.00045796426839858254,0.0004579642670491397,0.0004579698898958225
15.67,0.0037,1.6426491045299075e-7,0.0004579619331836672,0.00045796193164776593,0.0004579698898958225
15.67,0.0037,2.698296080612907e-7,0.00045795862789709126,0.0004579586260929876,0.0004579698898958225
15.67,0.0037,4.432353640575351e-7,0.0004579539495551779,0.0004579539473757695,0.0004579698898958225
15.67,0.0037,7.280801738650976e-7,0.0004579473277600896,0.00045794732504661446,0.0004579698898958225
15.67,0.0037,1.1959802456254818e-6,0.00045793795513920764,0.00045793795166832656,0.0004579698898958225
15.67,0.0037,1.9645758795121526e-6,0.000457924688868161,0.00045792468433399856,0.0004579698898958225
15.67,0.0037,3.227108809261693e-6,0.0004579059112389182,0.00045790590517797407,0.0004579698898958225
15.67,0.0037,5.301007395754297e-6,0.00045787933219911014,0.00045787932401489376,0.0004579698898958225
15.67,0.0037,8.707695051742211e-6,0.00045784170961769784,0.000457841698370542,0.0004579698898958225
15.67,0.0037,1.4303687479263852e-5,0.0004577884527818993,0.0004577884372688635,0.0004579698898958225
15.67,0.0037,2.3495939429288417e-5,0.0004577130598952817,0.0004577130382623547,0.0004579698898958225
15.67,0.0037,3.8595583863609565e-5,0.00045760631898058917,0.00045760628872279426,0.0004579698898958225
15.67,0.0037,6.33990012723672e-5,0.000457455170208057,0.00045745512771486706,0.0004579698898958225
15.67,0.0037,0.00010414231266814445,0.00045724108072137435,0.0004572410206967383,0.0004579698898958225
15.67,0.0037,0.00017106927664800093,0.00045693771103336563,0.00045693762636372215,0.0004579698898958225
15.67,0.0037,0.00028100679409841776,0.00045650753814413075,0.00045650741757726534,0.0004579698898958225
15.67,0.0037,0.00046159555869258604,0.00045589691376039007,0.00045589674259467863,0.0004579698898958225
15.67,0.0037,0.0007582395311413588,0.0004550287186744223,0.00045502847275465,0.0004579698898958225
15.67,0.0037,0.00124552148684853,0.00045379121917488673,0.0004537908652517978,0.0004579698898958225
15.67,0.0037,0.002045954755044497,0.00045202074431460027,0.0004520202281524089,0.0004579698898958225
15.67,0.0037,0.0033607857462825456,0.00044947405722087967,0.0004494732949113683,0.0004579698898958225
15.67,0.0037,0.005520591696647901,0.00044578332222258867,0.0004457821814074609,0.0004579698898958225
15.67,0.0037,0.009068395006973916,0.000440381986329802,0.00044038023477165685,0.0004579698898958225
15.67,0.0037,0.01489619093772919,0.0004323844462039885,0.00043238173805924086,0.0004579698898958225
15.67,0.0037,0.024469214704767362,0.0004204014000920939,0.00042039710358638077,0.0004579698898958225
15.67,0.0037,0.04019433362333615,0.0004022952278175184,0.0004022884999621239,0.0004579698898958225
15.67,0.0037,0.06602518613354949,0.0003749750922684426,0.0003749646569176826,0.0004579698898958225
15.67,0.0037,0.1084562128786955,0.0003345878260786917,0.00033457255108055304,0.0004579698898958225
15.67,0.0037,0.17815550096589414,0.00027790215725110895,0.00027788181827783043,0.0004579698898958225
15.67,0.0037,0.292646974128703,0.0002057979355034899,0.00020577476499239404,0.0004579698898958225
15.67,0.0037,0.480716289995901,0.00012780004735211823,0.0001277793737963921,0.0004579698898958225
15.67,0.0037,0.789648183294706,6.154319503229452e-5,6.153017154577466e-5,0.0004579698898958225
15.67,0.0037,1.297114881182717,2.1087320285655412e-5,2.1082187438586817e-5,0.0004579698898958225
15.67,0.0037,2.1307045980472066,4.717719285761491e-6,4.716677218940978e-6,0.0004579698898958225
15.67,0.0037,3.5000000000000004,5.076533214684607e-7,5.075958273544067e-7,0.0004579698898958225
15.67,0.0037,3.8,2.448807849765418e-7,2.448600913631629e-7,0.0004579698898958225
15.67,0.0037,3.98,6.650546022429398e-8,6.650098339647006e-8,0.0004579698898958225
15.67,0.0037,3.9998,6.543074039381726e-9,6.542644629980674e-9,0.0004579698898958225
15.67,0.0127,1.0000000000000001e-7,0.00045359522590249105,0.000453595225361858,0.00045360082239605877
15.67,0.0127,1.6426491045299075e-7,0.0004535929010742716,0.00045359290034475925,0.00045360082239605877
15.67,0.0127,2.698296080612907e-7,0.0004535896104890902,0.00045358960949717605,0.00045360082239605877
15.67,0.0127,4.432353640575351e-7,0.0004535849529556158,0.000453584951585493,0.00045360082239605877
15.67,0.0127,7.280801738650976e-7,0.0004535783606128954,0.000453578358715609,0.00045360082239605877
15.67,0.0127,1.1959802456254818e-6,0.0004535690296790026,0.00045356902702784147,0.00045360082239605877
15.67,0.0127,1.9645758795121526e-6,0.00045355582241178447,0.00045355581869724744,0.00045360082239605877
15.67,0.0127,3.227108809261693e-6,0.0004535371282964487,0.0004535371230811975,0.00045360082239605877
15.67,0.0127,5.301007395754297e-6,0.0004535106674616068,0.0004535106601002075,0.00045360082239605877
15.67,0.0127,8.707695051742211e-6,0.0004534732121855882,0.000453473201830743,0.00045360082239605877
15.67,0.0127,1.4303687479263852e-5,0.00045342019214878647,0.00045342017747597473,0.00045360082239605877
15.67,0.0127,2.3495939429288417e-5,0.00045334513441505425,0.00045334511373741994,0.00045360082239605877
15.67,0.0127,3.8595583863609565e-5,0.0004532388678465044,0.0004532388385167878,0.00045360082239605877
15.67,0.0127,6.33990012723672e-5,0.00045308839039639727,0.0004530883489205059,0.00045360082239605877
15.67,0.0127,0.00010414231266814445,0.0004528752509486504,0.00045287519211772244,0.00045360082239605877
15.67,0.0127,0.00017106927664800093,0.0004525732256129792,0.0004525731419812629,0.00045360082239605877
15.67,0.0127,0.00028100679409841776,0.0004521449548000263,0.0004521448360048243,0.00045360082239605877
15.67,0.0127,0.00046159555869258604,0.0004515370210931253,0.000451536850903154,0.00045360082239605877
15.67,0.0127,0.0007582395311413588,0.0004506726312719914,0.00045067238796843987,0.00045360082239605877
15.67,0.0127,0.00124552148684853,0.000449440511630857,0.00044944015870459575,0.00045360082239605877
15.67,0.0127,0.002045954755044497,0.0004476776402696844,0.0004476771271072697,0.00045360082239605877
15.67,0.0127,0.0033607857462825456,0.0004451416974004962,0.00044514093688412097,0.00045360082239605877
15.67,0.0127,0.005520591696647901,0.00044146615001661925,0.00044146500808151564,0.00045360082239605877
15.67,0.0127,0.009068395006973916,0.0004360863208665993,0.0004360845742638451,0.00045360082239605877
15.67,0.0127,0.01489619093772919,0.0004281193882056128,0.00042811665517760155,0.00045360082239605877
15.67,0.0127,0.024469214704767362,0.0004161804032743048,0.0004161761130125262,0.00045360082239605877
15.67,0.0127,0.04019433362333615,0.00039813911909775265,0.0003981322981469272,0.00045360082239605877
15.67,0.0127,0.06602518613354949,0.0003709182812241835,0.00037090781142638487,0.00045360082239605877
15.67,0.0127,0.1084562128786955,0.000330690913916503,0.0003306754829226209,0.00045360082239605877
15.67,0.0127,0.17815550096589414,0.0002742741853676486,0.0002742537189673662,0.00045360082239605877
15.67,0.0127,0.292646974128703,0.00020262185182899132,0.0002025986362633952,0.00045360082239605877
15.67,0.0127,0.480716289995901,0.00012532203412163602,0.0001253014073808405,0.00045360082239605877
15.67,0.0127,0.789648183294706,5.995508647057711e-5,5.994219943307227e-5,0.00045360082239605877
15.67,0.0127,1.297114881182717,2.0333154128799977e-5,2.0328208211316443e-5,0.00045360082239605877
15.67,0.0127,2.1307045980472066,4.481389027635412e-6,4.4803988356470066e-6,0.00045360082239605877
15.67,0.0127,3.5000000000000004,4.732580836800762e-7,4.7321159119122583e-7,0.00045360082239605877
15.67,0.0127,3.8,2.27576458786267e-7,2.2756038130177194e-7,0.00045360082239605877
15.67,0.0127,3.98,6.170010551108338e-8,6.169688948412472e-8,0.00045360082239605877
15.67,0.0127,3.9998,6.06920450240875e-9,6.0689012626561285e-9,0.00045360082239605877
15.67,0.047,1.0000000000000001e-7,0.0004383262746214451,0.0004383262768596072,0.0004383317864290966
15.67,0.047,1.6426491045299075e-7,0.0004383239849723235,0.00043832398702564124,0.0004383317864290966
15.67,0.047,2.698296080612907e-7,0.0004383207441798452,0.0004383207459734703,0.0004383317864290966
15.67,0.047,4.432353640575351e-7,0.00043831615712322194,0.0004383161585442549,0.0004383317864290966
15.67,0.047,7.280801738650976e-7,0.00043830966453371994,0.00043830966543651964,0.0004383317864290966
15.67,0.047,1.1959802456254818e-6,0.00043830047479074245,0.00043830047494623656,0.0004383317864290966
15.67,0.047,1.9645758795121526e-6,0.0004382874673650059,0.0004382874664807512,0.0004383317864290966
15.67,0.047,3.227108809261693e-6,0.00043826905610410376,0.0004382690537286609,0.0004383317864290966
15.67,0.047,5.301007395754297e-6,0.0004382429956174449,0.0004382429911453773,0.0004383317864290966
15.67,0.047,8.707695051742211e-6,0.000438206106983416,0.00043820609954117685,0.0004383317864290966
15.67,0.047,1.4303687479263852e-5,0.0004381538889446063,0.00043815387726624125,0.0004383317864290966
15.67,0.047,2.3495939429288417e-5,0.0004380799662940384,0.00043807994868809154,0.0004383317864290966
15.67,0.047,3.8595583863609565e-5,0.000437975306171282,0.0004379752800142293,0.0004383317864290966
15.67,0.047,6.33990012723672e-5,0.0004378271021395431,0.00043782706407399747,0.0004383317864290966
15.67,0.047,0.00010414231266814445,0.00043761717971118843,0.00043761712440864095,0.0004383317864290966
15.67,0.047,0.00017106927664800093,0.00043731970601935624,0.00043731962648751343,0.0004383317864290966
15.67,0.047,0.00028100679409841776,0.0004368978738283423,0.0004368977593248303,0.0004383317864290966
15.67,0.047,0.00046159555869258604,0.0004362990452338857,0.00043629888044649403,0.0004383317864290966
15.67,0.047,0.0007582395311413588,0.00043544752574430057,0.0004354472883939549,0.0004383317864290966
15.67,0.047,0.00124552148684853,0.00043423358806623244,0.00043423324264262503,0.0004383317864290966
15.67,0.047,0.002045954755044497,0.0004324963839958989,0.00043249588044514715,0.0004383317864290966
15.67,0.047,0.0033607857462825456,0.0004299966490340845,0.0004299958990399592,0.0004383317864290966
15.67,0.047,0.005520591696647901,0.00042637216086890885,0.00042637103679531613,0.0004383317864290966
15.67,0.047,0.009068395006973916,0.0004210644037451882,0.00042106267249602234,0.0004383317864290966
15.67,0.047,0.01489619093772919,0.00041319964578168485,0.000413196948996353,0.0004383317864290966
15.67,0.047,0.024469214704767362,0.00040140719858057657,0.00040140293663206637,0.0004383317864290966
15.67,0.047,0.04019433362333615,0.00038358135475227825,0.00038357460453262136,0.0004383317864290966
15.67,0.047,0.06602518613354949,0.00035669137453063845,0.00035668099441307175,0.0004383317864290966
15.67,0.047,0.1084562128786955,0.00031700295338646964,0.00031698766909834977,0.0004383317864290966
15.67,0.047,0.17815550096589414,0.0002615094750902901,0.0002614893279775435,0.0004383317864290966
15.67,0.047,0.292646974128703,0.00019143875520058075,0.0001914160007458778,0.0004383317864290966
15.67,0.047,0.480716289995901,0.00011661624147094828,0.00011659628842432412,0.0004383317864290966
15.67,0.047,0.789648183294706,5.4421108568123736e-5,5.440889836464747e-5,0.0004383317864290966
15.67,0.047,1.297114881182717,1.7750595943424865e-5,1.7746036308231506e-5,0.0004383317864290966
15.67,0.047,2.1307045980472066,3.6952966055867197e-6,3.6944338319144442e-6,0.0004383317864290966
15.67,0.047,3.5000000000000004,3.63209743815857e-7,3.631733735248791e-7,0.0004383317864290966
15.67,0.047,3.8,1.725809069364102e-7,1.7256882348718313e-7,0.0004383317864290966
15.67,0.047,3.98,4.6484659247134994e-8,4.6482452382494414e-8,0.0004383317864290966
15.67,0.047,3.9998,4.569358901795829e-9,4.5691530250649666e-9,0.0004383317864290966
15.67,0.173,1.0000000000000001e-7,0.0003974047786425186,0.0003974047847304305,0.0003974101021459676
15.67,0.173,1.6426491045299075e-7,0.00039740256721609466,0.00039740257312414064,0.0003974101021459676
15.67,0.173,2.698296080612907e-7,0.0003973994371403137,0.0003973994427966596,0.0003974101021459676
15.67,0.173,4.432353640575351e-7,0.00039739500679228,0.0003973950120904611,0.0003974101021459676
15.67,0.173,7.280801738650976e-7,0.0003973887360078224,0.0003973887407980751,0.0003974101021459676
15.67,0.173,1.1959802456254818e-6,0.00039737986020603965,0.0003973798642832445,0.0003974101021459676
15.67,0.173,1.9645758795121526e-6,0.0003973672971274371,0.00039736730018085774,0.0003974101021459676
15.67,0.173,3.227108809261693e-6,0.00039734951478145896,0.00039734951641116597,0.0003974101021459676
15.67,0.173,5.301007395754297e-6,0.00039732434442603056,0.00039732434400233286,0.0003974101021459676
15.67,0.173,8.707695051742211e-6,0.00039728871559972003,0.0003972887123165764,0.0003974101021459676
15.67,0.173,1.4303687479263852e-5,0.0003972382804951385,0.0003972382731113092,0.0003974101021459676
15.67,0.173,2.3495939429288417e-5,0.00039716688095147275,0.00039716686779118934,0.0003974101021459676
15.67,0.173,3.8595583863609565e-5,0.0003970657909826655,0.0003970657696342115,0.0003974101021459676
15.67,0.173,6.33990012723672e-5,0.0003969226377537609,0.00039692260468785124,0.0003974101021459676
15.67,0.173,0.00010414231266814445,0.00039671985882831377,0.0003967198093189235,0.0003974101021459676
15.67,0.173,0.00017106927664800093,0.0003964324839492559,0.00039643241056294394,0.0003974101021459676
15.67,0.173,0.00028100679409841776,0.00039602491876729665,0.00039602481185371173,0.0003974101021459676
15.67,0.173,0.00046159555869258604,0.0003954462247852786,0.00039544606866696267,0.0003974101021459676
15.67,0.173,0.0007582395311413588,0.00039462307638343856,0.0003946228497427727,0.0003974101021459676
15.67,0.173,0.00124552148684853,0.0003934490245083184,0.00039344869317237244,0.0003974101021459676
15.67,0.173,0.002045954755044497,0.00039176771439386487,0.00039176722641196584,0.0003974101021459676
15.67,0.173,0.0033607857462825456,0.00038934597229529693,0.0003893452470024218,0.0003974101021459676
15.67,0.173,0.005520591696647901,0.00038582975847957626,0.0003858286560152963,0.0003974101021459676
15.67,0.173,0.009068395006973916,0.00038067160487326006,0.00038066991573478535,0.0003974101021459676
15.67,0.173,0.01489619093772919,0.00037301339534907314,0.0003730107298962685,0.0003974101021459676
15.67,0.173,0.024469214704767362,0.0003615094207246372,0.0003615052243902699,0.0003974101021459676
15.67,0.173,0.04019433362333615,0.0003441023972591974,0.0003440957364724995,0.0003974101021459676
15.67,0.173,0.06602518613354949,0.00031787164157736047,0.00031786140177414836,0.0003974101021459676
15.67,0.173,0.1084562128786955,0.00027934253446616184,0.00027932766217296447,0.0003974101021459676
15.67,0.173,0.17815550096589414,0.00022606566224300583,0.00022604618659682042,0.0003974101021459676
15.67,0.173,0.292646974128703,0.00016020225576087875,0.00016018093142247615,0.0003974101021459676
15.67,0.173,0.480716289995901,9.242579015099845e-5,9.240782135285575e-5,0.0003974101021459676
15.67,0.173,0.789648183294706,3.9457621251851095e-5,3.9447363293926236e-5,0.0003974101021459676
15.67,0.173,1.297114881182717,1.1179612910088667e-5,1.1176211015993151e-5,0.0003974101021459676
15.67,0.173,2.1307045980472066,1.8889131723960347e-6,1.8883702448827003e-6,0.0003974101021459676
15.67,0.173,3.5000000000000004,1.42176299323014e-7,1.4215956395943496e-7,0.0003974101021459676
15.67,0.173,3.8,6.461937162516609e-8,6.461499807098787e-8,0.0003974101021459676
15.67,0.173,3.98,1.698908897733395e-8,1.6988391442497514e-8,0.0003974101021459676
15.67,0.173,3.9998,1.6657436357333618e-9,1.6656806971384613e-9,0.0003974101021459676
15.67,0.61,1.0000000000000001e-7,0.0003549427337549824,0.00035494274064849497,0.00035494834804676383
15.67,0.61,1.6426491045299075e-7,0.0003549404015314541,0.00035494040823391806,0.00035494834804676383
15.67,0.61,2.698296080612907e-7,0.0003549371004765237,0.00035493710691335593,0.00035494834804676383
15.67,0.61,4.432353640575351e-7,0.00035493242811859366,0.000354932434174098,0.00035494834804676383
15.67,0.61,7.280801738650976e-7,0.00035492581478051906,0.0003549258203008482,0.00035494834804676383
15.67,0.61,1.1959802456254818e-6,0.00035491645410028227,0.00035491645886143457,0.00035494834804676383
15.67,0.61,1.9645758795121526e-6,0.00035490320466210345,0.0003549032083430565,0.00035494834804676383
15.67,0.61,3.227108809261693e-6,0.00035488445070150175,0.00035488445287003403,0.00035494834804676383
15.67,0.61,5.301007395754297e-6,0.00035485790480184313,0.00035485790479415316,0.00035494834804676383
15.67,0.61,8.707695051742211e-6,0.0003548203282989572,0.0003548203252661697,0.00035494834804676383
15.67,0.61,1.4303687479263852e-5,0.0003547671347846651,0.00035476712738847333,0.00035494834804676383
15.67,0.61,2.3495939429288417e-5,0.00035469182718390375,0.00035469181369368786,0.00035494834804676383
15.67,0.61,3.8595583863609565e-5,0.00035458519709244624,0.00035458517487159256,0.00035494834804676383
15.67,0.61,6.33990012723672e-5,0.00035443418272053715,0.0003544341481305286,0.00035494834804676383
15.67,0.61,0.00010414231266814445,0.0003542202326954716,0.00035422018056103117,0.00035494834804676383
15.67,0.61,0.00017106927664800093,0.000353916946264449,0.00035391686879259843,0.00035494834804676383
15.67,0.61,0.00028100679409841776,0.0003534866363566498,0.00035348652309926635,0.00035494834804676383
15.67,0.61,0.00046159555869258604,0.00035287525376612064,0.0003528750877380572,0.00035494834804676383
15.67,0.61,0.0007582395311413588,0.00035200474960211996,0.0003520045080615418,0.00035494834804676383
15.67,0.61,0.00124552148684853,0.00035076131232229205,0.00035076095685508235,0.00035494834804676383
15.67,0.61,0.002045954755044497,0.000348976772507707,0.0003489762473502762,0.00035494834804676383
15.67,0.61,0.0033607857462825456,0.000346398472865888,0.00034639768455618265,0.00035494834804676383
15.67,0.61,0.005520591696647901,0.0003426396392621358,0.00034263843408431394,0.00035494834804676383
15.67,0.61,0.009068395006973916,0.0003370977584489558,0.0003370958920294404,0.00035494834804676383
15.67,0.61,0.01489619093772919,0.0003288248681396483,0.0003288219018884902,0.00035494834804676383
15.67,0.61,0.024469214704767362,0.0003163406363222552,0.0003163359522700921,0.00035494834804676383
15.67,0.61,0.04019433362333615,0.0002974257690066957,0.00029741833451619527,0.00035494834804676383
15.67,0.61,0.06602518613354949,0.00026908486069685564,0.0002690736166847809,0.00035494834804676383
15.67,0.61,0.1084562128786955,0.00022820365631299945,0.00022818771609864713,0.00035494834804676383
15.67,0.61,0.17815550096589414,0.00017380159492966606,0.00017378180850089584,0.00035494834804676383
15.67,0.61,0.292646974128703,0.00011111591002119899,0.00011109599893928531,0.00035494834804676383
15.67,0.61,0.480716289995901,5.393683913378221e-5,5.392231878805751e-5,0.00035494834804676383
15.67,0.61,0.789648183294706,1.7312538376402686e-5,1.7306027146222875e-5,0.00035494834804676383
15.67,0.61,1.297114881182717,3.100282274001032e-6,3.0988176915718283e-6,0.00035494834804676383
15.67,0.61,2.1307045980472066,2.5926798918284093e-7,2.591385295809397e-7,0.00035494834804676383
15.67,0.61,3.5000000000000004,7.579955489089883e-9,7.578620257186585e-9,0.00035494834804676383
15.67,0.61,3.8,2.9400713376353e-9,2.9398831824506364e-9,0.00035494834804676383
15.67,0.61,3.98,7.099704673424449e-10,7.099802831402298e-10,0.00035494834804676383
15.67,0.61,3.9998,6.899572537366985e-11,6.899744055315987e-11,0.00035494834804676383
15.67,1.73,1.0000000000000001e-7,0.0004515245900622748,0.00045152459808145564,0.00045153382499440656
15.67,1.73,1.6426491045299075e-7,0.000451520753790025,0.00045152076149955933,0.00045153382499440656
15.67,1.73,2.698296080612907e-7,0.00045151532388189254,0.0004515153311450483,0.00045153382499440656
15.67,1.73,4.432353640575351e-7,0.0004515076383022995,0.00045150764494401,0.00045153382499440656
15.67,1.73,7.280801738650976e-7,0.00045149675996471547,0.00045149676571607883,0.00045153382499440656
15.67,1.73,1.1959802456254818e-6,0.00045148136242553874,0.00045148136692394104,0.00045153382499440656
15.67,1.73,1.9645758795121526e-6,0.0004514595680318362,0.0004514595707575551,0.00045153382499440656
15.67,1.73,3.227108809261693e-6,0.00045142871869078096,0.0004514287188871054,0.00045153382499440656
15.67,1.73,5.301007395754297e-6,0.0004513850510856892,0.0004513850477471685,0.00045153382499440656
15.67,1.73,8.707695051742211e-6,0.0004513232362214252,0.0004513232277881081,0.00045153382499440656
15.67,1.73,1.4303687479263852e-5,0.0004512357259773689,0.0004512357104581158,0.00045153382499440656
15.67,1.73,2.3495939429288417e-5,0.0004511118243165425,0.0004511117985744646,0.00045153382499440656
15.67,1.73,3.8595583863609565e-5,0.00045093636385836784,0.0004509363237858157,0.00045153382499440656
15.67,1.73,6.33990012723672e-5,0.000450687812884069,0.00045068775227512855,0.00045153382499440656
15.67,1.73,0.00010414231266814445,0.0004503355517530225,0.0004503354618431613,0.00045153382499440656
15.67,1.73,0.00017106927664800093,0.0004498359200086369,0.0004498357883924146,0.00045153382499440656
15.67,1.73,0.00028100679409841776,0.0004491264069774923,0.00044912621438502237,0.00045153382499440656
15.67,1.73,0.00046159555869258604,0.00044811696597317426,0.0004481166862648323,0.00045153382499440656
15.67,1.73,0.0007582395311413588,0.0004466767385996354,0.00044667632766542584,0.00045153382499440656
15.67,1.73,0.00124552148684853,0.00044461323544356087,0.00044461263185661466,0.00045153382499440656
15.67,1.73,0.002045954755044497,0.0004416388260177953,0.0004416379220558504,0.00045153382499440656
15.67,1.73,0.0033607857462825456,0.0004373156903809283,0.0004373143208175589,0.00045153382499440656
15.67,1.73,0.005520591696647901,0.0004309648331094468,0.0004309627159559789,0.00045153382499440656
15.67,1.73,0.009068395006973916,0.0004215187764392972,0.000421515433476485,0.00045153382499440656
15.67,1.73,0.01489619093772919,0.00040729927075311894,0.00040729397452477715,0.00045153382499440656
15.67,1.73,0.024469214704767362,0.000385738291563146,0.000385729810367007,0.00045153382499440656
15.67,1.73,0.04019433362333615,0.0003532025977542839,0.0003531895383794148,0.00045153382499440656
15.67,1.73,0.06602518613354949,0.00030544732875763925,0.000305428072438554,0.00045153382499440656
15.67,1.73,0.1084562128786955,0.0002398072449859055,0.0002397820112480188,0.00045153382499440656
15.67,1.73,0.17815550096589414,0.0001601455174131956,0.00016011771422138878,0.00045153382499440656
15.67,1.73,0.292646974128703,8.197706377899622e-5,8.195422186395312e-5,0.00045153382499440656
15.67,1.73,0.480716289995901,2.740629856839316e-5,2.7394478794231932e-5,0.00045153382499440656
15.67,1.73,0.789648183294706,4.734009189053919e-6,4.730985619955858e-6,0.00045153382499440656
15.67,1.73,1.297114881182717,3.071669086962468e-7,3.068966070732433e-7,0.00045153382499440656
15.67,1.73,2.1307045980472066,5.078477482445937e-9,5.073091136770942e-9,0.00045153382499440656
15.67,1.73,3.5000000000000004,1.3651430399134623e-11,1.3637835041493404e-11,0.00045153382499440656
15.67,1.73,3.8,3.486524930756475e-12,3.48674956043598e-12,0.00045153382499440656
15.67,1.73,3.98,6.775238078063463e-13,6.78108470978129e-13,0.00045153382499440656
15.67,1.73,3.9998,6.439975182499498e-14,6.445905427998007e-14,0.00045153382499440656
15.67,4.71,1.0000000000000001e-7,0.0009235900334485294,0.0009235990017095345,0.0009236165848107413
15.67,4.71,1.6426491045299075e-7,0.0009235790037508947,0.0009235879708607352,0.0009236165848107413
15.67,4.71,2.698296080612907e-7,0.0009235633921414423,0.0009235723575990076,0.0009236165848107413
15.67,4.71,4.432353640575351e-7,0.0009235412951336244,0.00092355025827996,0.0009236165848107413
15.67,4.71,7.280801738650976e-7,0.0009235100183514461,0.0009235189781999433,0.0009236165848107413
15.67,4.71,1.1959802456254818e-6,0.0009234657477694417,0.0009234747029624979,0.0009236165848107413
15.67,4.71,1.9645758795121526e-6,0.0009234030840987744,0.000923412032715184,0.0009236165848107413
15.67,4.71,3.227108809261693e-6,0.0009233143831015101,0.0009233233223336952,0.0009236165848107413
15.67,4.71,5.301007395754297e-6,0.0009231888203747486,0.0009231977464660521,0.0009236165848107413
15.67,4.71,8.707695051742211e-6,0.0009230110642380365,0.0009230199714445064,0.0009236165848107413
15.67,4.71,1.4303687479263852e-5,0.0009227593896027669,0.0009227682704116268,0.0009236165848107413
15.67,4.71,2.3495939429288417e-5,0.0009224029908578175,0.0009224118337203207,0.0009236165848107413
15.67,4.71,3.8595583863609565e-5,0.0009218981392113808,0.0009219069285708175,0.0009236165848107413
15.67,4.71,6.33990012723672e-5,0.0009211826559666011,0.0009211913687243766,0.0009236165848107413
15.67,4.71,0.00010414231266814445,0.0009201678954300803,0.0009201764983030197,0.0009236165848107413
15.67,4.71,0.00017106927664800093,0.0009187269710238219,0.0009187354167225733,0.0009236165848107413
15.67,4.71,0.00028100679409841776,0.0009166771683536282,0.0009166853828144268,0.0009236165848107413
15.67,4.71,0.00046159555869258604,0.000913753094660332,0.0009137609743488195,0.0009236165848107413
15.67,4.71,0.0007582395311413588,0.0009095646192219673,0.000909571989508406,0.0009236165848107413
15.67,4.71,0.00124552148684853,0.0009035292354667687,0.0009035358414438163,0.0009236165848107413
15.67,4.71,0.002045954755044497,0.0008947609691821025,0.0008947663663018735,0.0009236165848107413
15.67,4.71,0.0033607857462825456,0.0008818865493338505,0.0008818900311557353,0.0009236165848107413
15.67,4.71,0.005520591696647901,0.0008627467508275631,0.0008627471314481976,0.0009236165848107413
15.67,4.71,0.009068395006973916,0.0008339421446221387,0.0008339374373941805,0.0009236165848107413
15.67,4.71,0.01489619093772919,0.0007902518527323952,0.0007902392029112675,0.0009236165848107413
15.67,4.71,0.024469214704767362,0.0007242318526558442,0.000724206958664261,0.0009236165848107413
15.67,4.71,0.04019433362333615,0.0006270368028974304,0.0006269960102071656,0.0009236165848107413
15.67,4.71,0.06602518613354949,0.0004927571779049773,0.0004926991071216468,0.0009236165848107413
15.67,4.71,0.1084562128786955,0.00032864690237183615,0.0003285799495839243,0.0009236165848107413
15.67,4.71,0.17815550096589414,0.00016655570064274394,0.00016649838011221224,0.0009236165848107413
15.67,4.71,0.292646974128703,5.364944953486122e-5,5.3618985927350477e-5,0.0009236165848107413
15.67,4.71,0.480716289995901,8.279693480678459e-6,8.272125314611152e-6,0.0009236165848107413
15.67,4.71,0.789648183294706,3.959255287240355e-7,3.953542899831179e-7,0.0009236165848107413
15.67,4.71,1.297114881182717,3.0712820635950992e-9,3.0645546985250348e-9,0.0009236165848107413
15.67,4.71,2.1307045980472066,1.5637042031370496e-12,1.5587193777270803e-12,0.0009236165848107413
15.67,4.71,3.5000000000000004,1.6446829014648975e-17,1.6157708827386506e-17,0.0009236165848107413
15.67,4.71,3.8,1.434687364394629e-18,1.4282818130262148e-18,0.0009236165848107413
15.67,4.71,3.98,1.6220552403375544e-19,1.6599586305297309e-19,0.0009236165848107413
15.67,4.71,3.9998,1.4628263018453616e-20,1.5008875245800498e-20,0.0009236165848107413
