2.3847420312919624e-12,0.5360852317153916,-148.33254764151093,0.5360881680456172,-4847.24103824426,0.02696999268931106,-0.16504699046153334,0.19246781222342818,-11.030964411669505,4.88677146640082,-546000.1615844615
2.411705194239328e-12,0.5360851987970864,-147.88565118320014,0.5360881583279151,-4832.674307109455,0.026969986251119966,-0.16447921484744862,0.19246779643694917,-10.997308186269496,4.88677144620315,-544362.0734348596
2.438973217061099e-12,0.536085165618686,-147.4308366457538,0.5360881485334311,-4817.809628223259,0.026969979762058612,-0.16399015626847385,0.19246778052573738,-10.96359732604276,4.886771425845909,-542685.1452557548
2.4665495466652916e-12,0.5360851321781352,-146.9665739460468,0.5360881386615588,-4802.635303205666,0.026969973221725063,-0.16346577887767794,0.19246776448880737,-10.929012991013332,4.886771405327815,-540978.4000478605
2.4944376689325283e-12,0.5360850984733632,-146.4925269117442,0.5360881287116867,-4787.150220610465,0.026969966629714192,-0.1629423648107656,0.1924677483251658,-10.893796474414952,4.886771384647601,-539231.7003604553
2.522641109156651e-12,0.5360850645022818,-146.00903387639949,0.5360881186831986,-4771.344652674651,0.02696995998561763,-0.1624014234256085,0.19246773203381148,-10.857810440475534,4.886771363803981,-537453.7589344931
2.551163432490326e-12,0.5360850302627872,-145.51527386003966,0.5360881085754732,-4755.21664124851,0.02696995328902387,-0.16185373102522416,0.1924677156137353,-10.821113950603781,4.8867713427956865,-535634.7253453607
2.58000824439576e-12,0.5360849957527583,-145.01177459103707,0.5360880983878845,-4738.7567451066125,0.026969946539518085,-0.1612918246081605,0.19246769906392014,-10.783648033564663,4.886771321621386,-533782.9975772374
2.6091791911004243e-12,0.5360849609700575,-144.4976202927494,0.5360880881198011,-4721.962562259176,0.026969939736682196,-0.1607206301790504,0.192467682383341,-10.745429795967237,4.886771300279799,-531889.0060724252
2.6386799600579894e-12,0.5360849259125304,-143.97337897506947,0.5360880777705875,-4704.824785133311,0.026969932880094815,-0.16013616291325172,0.19246766557096467,-10.706424766221616,4.88677127876957,-529960.8432781915
2.6685142804144132e-12,0.5360848905780059,-143.43811106122186,0.5360880673396027,-4687.3406524629345,0.026969925969331218,-0.1595411019301043,0.1924676486257498,-10.666633821520161,4.886771257089403,-527989.2118921683
2.698685923479389e-12,0.5360848549642949,-142.892386939872,0.5360880568262001,-4669.50095003819,0.02696991900396334,-0.15893298563030972,0.19246763154664664,-10.626033051556641,4.886771235237916,-525981.9088500952
2.729198703203047e-12,0.5360848190691917,-142.33526567135965,0.5360880462297292,-4651.30259413745,0.02696991198355973,-0.15831340363169188,0.1924676143325975,-10.584615376120851,4.886771213213795,-523929.9005114264
2.7600564766580385e-12,0.536084782890473,-141.76730649007933,0.536088035549533,-4632.736449477712,0.026969904907685482,-0.15768068803420407,0.192467596982536,-10.542362255657647,4.886771191015647,-521840.6983596899
2.7912631445271604e-12,0.5360847464258977,-141.1875761977542,0.5360880247849503,-4613.799134324619,0.02696989777590235,-0.15703582248357265,0.19246757949538748,-10.499262118174402,4.8867711686421,-519705.5241628572
2.822822651596396e-12,0.5360847096732073,-140.59661725375997,0.5360880139353142,-4594.481587386453,0.026969890587768518,-0.15637760036656762,0.19246756187006883,-10.45529944073194,4.88677114609178,-517531.6139236354
2.8547389872535905e-12,0.5360846726301254,-139.99350846477193,0.5360880029999529,-4574.7801496036445,0.026969883342838775,-0.155706636107591,0.19246754410548836,-10.410459867299963,4.886771123363297,-515310.4369866502
2.8870161859926998e-12,0.5360846352943571,-139.37877309911133,0.5360879919781889,-4554.685833647957,0.026969876040664312,-0.1550220121933352,0.19246752620054566,-10.36472968390469,4.88677110045522,-513048.96373799624
2.9196583279238467e-12,0.5360845976635903,-138.7515041621338,0.5360879808693393,-4534.1947229766365,0.026969868680792826,-0.15432410295327578,0.1924675081541318,-10.318092692931799,4.886771077366142,-510738.90371741354
2.952669539289053e-12,0.5360845597354942,-138.11220482578702,0.5360879696727167,-4513.297907545133,0.02696986126276841,-0.15361218240779556,0.19246748996512883,-10.270536317652198,4.886771054094632,-508386.97146103164
2.986053992983796e-12,0.5360845215077191,-137.45998350713407,0.536087958387627,-4491.991233557612,0.02696985378613157,-0.15288646100439066,0.1924674716324101,-10.222043087380845,4.886771030639252,-505985.1097940162
3.019815909084564e-12,0.5360844829778973,-136.7953231732152,0.536087947013371,-4470.265874331923,0.026969846250419174,-0.152146345247451,0.19246745315484015,-10.172601169204768,4.886771006998536,-503539.7870892176
3.0539595553822762e-12,0.5360844441436423,-136.11734837819162,0.5360879355492448,-4448.117460107548,0.02696983865516446,-0.15139192953389868,0.19246743453127446,-10.122192189041268,4.886770983171038,-501043.1730265981
3.088489247921736e-12,0.5360844050025488,-135.42652223925037,0.536087923994538,-4425.537256217241,0.0269698309998969,-0.15062271527625834,0.19246741576055948,-10.070804821584945,4.886770959155281,-498501.4994516003
3.123409351547278e-12,0.5360843655521922,-134.7219859298503,0.5360879123485349,-4402.52069967112,0.02696982328414235,-0.14983871234729584,0.19246739684153258,-10.018420046655924,4.886770934949753,-495907.15696168365
3.158724280454482e-12,0.536084325790129,-134.00418336818117,0.5360879006105141,-4379.059159033028,0.026969815507422838,-0.14903949223927038,0.19246737777302186,-9.96502690562304,4.886770910552989,-493266.1504800127
3.1944384987481815e-12,0.5360842857138965,-133.27227271772674,0.5360878887797489,-4355.1479025912595,0.026969807669256666,-0.14822500198558144,0.19246735855384622,-9.910605923786212,4.886770885963453,-490571.08609034785
3.230556521006725e-12,0.5360842453210123,-132.5266795548839,0.5360878768555061,-4330.778415988836,0.026969799769158285,-0.14739486626439097,0.19246733918281514,-9.855146429350077,4.886770861179633,-487827.75139983423
3.2670829128527185e-12,0.536084204608974,-131.76657937063823,0.5360878648370472,-4305.945825329067,0.02696979180663833,-0.14654898473780792,0.19246731965872885,-9.798628645229627,4.886770836199987,-485028.96306298237
3.3040222915301286e-12,0.5360841635752606,-130.9923804138701,0.5360878527236278,-4280.641749943455,0.02696978378120361,-0.1456870235393932,0.1924672999803781,-9.741042148424103,4.886770811022972,-482180.3010071034
3.3413793264879065e-12,0.5360841222173297,-130.20327585466654,0.5360878405144976,-4254.8612025489965,0.026969775692356954,-0.14480884638297165,0.19246728014654377,-9.682366987788832,4.886770785647027,-479274.7880734691
3.3791587399703135e-12,0.5360840805326201,-129.3996577595863,0.5360878282089006,-4228.595955700051,0.026969767539597345,-0.14391415261453305,0.19246726015599758,-9.622592981611643,4.886770760070583,-476317.8062038491
3.417365307613805e-12,0.5360840385185497,-128.58073737601555,0.5360878158060742,-4201.840940035862,0.02696975932241976,-0.14300277870343414,0.19246724000750115,-9.56170011913757,4.886770734292046,-473302.58058856614
3.4560038590507405e-12,0.5360839961725163,-127.74689184889165,0.5360878033052502,-4174.588103948018,0.026969751040315175,-0.14207445140210428,0.1924672196998065,-9.499678475270471,4.886770708309841,-470234.30496889335
3.4950792785198333e-12,0.5360839534918965,-126.89735097059476,0.5360877907056546,-4146.832330048112,0.026969742692770565,-0.14112898678968555,0.19246719923165584,-9.436508087270486,4.8867706821223384,-467106.4036073054
3.53459650548364e-12,0.5360839104740472,-126.03247833495024,0.5360877780065071,-4118.56576847538,0.026969734279268874,-0.14016613495857208,0.19246717860178122,-9.372179320844024,4.886770655727924,-463923.89195153385
3.5745605352529073e-12,0.5360838671163036,-125.15152283310718,0.5360877652070204,-4089.7832908396426,0.02696972579928891,-0.13918569717262183,0.19246715780890497,-9.306672365862825,4.886770629124959,-460680.39063912374
3.6149764196179897e-12,0.5360838234159799,-124.25483598630086,0.5360877523064024,-4060.477278421989,0.026969717252305393,-0.13818744409749037,0.19246713685173905,-9.239977928977483,4.8867706023117945,-457380.74688486505
3.655849267487509e-12,0.5360837793703697,-123.3416864396691,0.5360877393038538,-4030.6426320641926,0.0269697086377889,-0.1371711668586977,0.19246711572898537,-9.172076458039381,4.886770575286786,-454018.7756006206
3.697184245534129e-12,0.5360837349767443,-122.41241522771023,0.5360877261985689,-4000.271997304207,0.0269696999552058,-0.13613665491500446,0.19246709443933568,-9.102959064833543,4.886770548048233,-450599.16601632664
3.7389865788476254e-12,0.5360836902323544,-121.46631151712404,0.5360877129897368,-3969.360347910936,0.026969691204018247,-0.13508369330837713,0.1924670729814711,-9.032606563426233,4.886770520594467,-447115.92583329347
3.78126155159546e-12,0.5360836451344284,-120.50370755537415,0.5360876996765385,-3937.9006307124264,0.026969682383684166,-0.13401208928522151,0.19246705135406267,-8.961010548372132,4.886770492923792,-443573.59676552983
3.824014507690692e-12,0.5360835996801727,-119.52391391989606,0.5360876862581496,-3905.8879398030554,0.026969673493657188,-0.13292162542947483,0.19246702955577072,-8.888152312840104,4.88677046503448,-439966.3784541828
3.867250851467518e-12,0.536083553866772,-118.52725588678103,0.5360876727337393,-3873.3155645062902,0.026969664533386627,-0.1318121263940052,0.19246700758524513,-8.814024024113381,4.886770436924799,-436298.6758194915
3.9109760483643785e-12,0.5360835076913886,-117.51306646714855,0.5360876591024697,-3840.1787705806623,0.026969655502317443,-0.13068337564114665,0.19246698544112487,-8.738607573965263,4.886770408593032,-432564.88024940714
3.955195625614905e-12,0.5360834611511622,-116.48166590337252,0.5360876453634962,-3806.4712354299268,0.0269696463998902,-0.12953521537107263,0.19246696312203837,-8.661895804754042,4.886770380037394,-428769.2708791398
3.999915172946581e-12,0.5360834142432105,-115.43241080353262,0.536087631515968,-3772.188452024366,0.02696963722554104,-0.12836743308124451,0.19246694062660324,-8.583871333731064,4.886770351256141,-424906.43132637296
4.045140343287278e-12,0.5360833669646274,-114.36561844243765,0.5360876175590279,-3737.3245360594374,0.02696962797870169,-0.12717988909844766,0.1924669179534261,-8.504527792759221,4.88677032224748,-420980.52627170883
4.090876853479926e-12,0.5360833193124851,-113.28067033776806,0.5360876034918104,-3701.8752676902095,0.026969618658799325,-0.1259723780110412,0.1924668951011025,-8.42384866026462,4.886770293009614,-416986.3327415293
4.137130485005106e-12,0.5360832712838313,-112.1778829977876,0.536087589313445,-3665.8352559602863,0.026969609265256673,-0.12474477924327258,0.19246687206821686,-8.341828484607536,4.886770263540744,-412927.9126443954
4.1839070847119135e-12,0.5360832228756915,-111.0566643191981,0.5360875750230532,-3629.200632870662,0.02696959979749182,-0.12349689749260381,0.19246684885334275,-8.258451750226106,4.886770233839025,-408800.23831135593
4.231212565556988e-12,0.5360831740850676,-109.91733238600393,0.5360875606197499,-3591.966560938389,0.02696959025491827,-0.12222863259694904,0.19246682545504198,-8.173714061306827,4.886770203902627,-404607.2809459791
4.279052907352049e-12,0.5360831249089366,-108.75932310779797,0.536087546102643,-3554.12959356101,0.026969580636944934,-0.12093980238796001,0.19246680187186546,-8.087601063900996,4.886770173729693,-400344.21081504185
4.32743415751975e-12,0.5360830753442533,-107.58295863275025,0.536087531470833,-3515.68551213444,0.026969570942976025,-0.11963032876065825,0.1924667781023523,-8.000109570097619,4.8867701433183575,-396014.92089905875
4.376362431858082e-12,0.536083025387947,-106.38770468831655,0.536087516723414,-3476.6313661260715,0.026969561172411026,-0.11830004575488988,0.19246675414503014,-7.9112265538796835,4.886770112666744,-391614.7827843839
4.425843915313544e-12,0.5360829750369243,-105.17389012949701,0.5360875018594724,-3436.9636266864286,0.026969551324644736,-0.11694889925916237,0.1924667299984152,-7.820950200396734,4.886770081772938,-387147.6241522032
4.47588486276294e-12,0.5360829242880654,-103.94101248249487,0.5360874868780874,-3396.6799193262345,0.02696954139906711,-0.11557674267705775,0.19246670566101162,-7.72926898951422,4.8867700506350324,-382609.0220619633
4.5264915998039874e-12,0.5360828731382273,-102.68941011020863,0.5360874717783313,-3355.777481462324,0.026969531395063293,-0.1141835481099727,0.19246668113131213,-7.636182657785771,4.886770019251098,-378002.75228612695
4.57767052355503e-12,0.536082821584242,-101.41861449995808,0.5360874565592688,-3314.254600105603,0.026969521312013623,-0.11276919158926478,0.19246665640779717,-7.5416813812380195,4.886769987619195,-373324.60229155753
4.629428103463621e-12,0.536082769622916,-100.12897648646349,0.5360874412199569,-3272.1093612347613,0.026969511149293454,-0.11133367391771695,0.19246663148893542,-7.445766639483346,4.886769955737358,-368578.3098228159
4.681770882124346e-12,0.5360827172510306,-98.82006386643155,0.5360874257594458,-3229.3408044154526,0.026969500906273283,-0.109876897137909,0.1924666063731835,-7.348430507350388,4.8867699236036115,-363759.87847958924
4.7347054761058015e-12,0.536082664465342,-97.49224307666573,0.5360874101767779,-3185.947952372632,0.026969490582318595,-0.10839889350690667,0.19246658105898548,-7.249676412903164,4.886769891215976,-358873.0223647128
4.788238576787079e-12,0.5360826112625806,-96.1451207591129,0.5360873944709876,-3141.930693984335,0.026969480176789844,-0.10689959460630738,0.19246655554477352,-7.149498545292945,4.886769858572446,-353913.96773245075
4.842376951203565e-12,0.5360825576394511,-94.779082251962,0.5360873786411027,-3097.2890828480363,0.026969469689042496,-0.10537906714567145,0.19246652982896725,-7.047902500029705,4.886769825670977,-348886.4199487177
4.897127442902298e-12,0.536082503592632,-93.39377576680303,0.5360873626861423,-3052.02395965464,0.026969459118426842,-0.10383727592416644,0.19246650390997377,-6.944884809069084,4.886769792509563,-343786.83523928147
4.952496972807156e-12,0.5360824491187755,-91.98960901126786,0.5360873466051183,-3006.1365089507644,0.0269694484642881,-0.10227432534910488,0.19246647778618767,-6.840453467878464,4.886769759086125,-338618.9256622927
5.008492540093649e-12,0.5360823942145079,-90.56627467965825,0.5360873303970343,-2959.6286314567365,0.026969437725966276,-0.1006902172716488,0.1924664514559908,-6.734607592745661,4.886769725398603,-333379.38551919087
5.065121223073708e-12,0.5360823388764274,-89.1242064846564,0.5360873140608869,-2912.5027486377926,0.026969426902796183,-0.09908509727686908,0.19246642491775223,-6.6273578251854515,4.886769691444906,-328071.94951226586
5.122390180090374e-12,0.5360822831011073,-87.66314470061708,0.5360872975956636,-2864.761935091466,0.026969415994107352,-0.09745900826475011,0.19246639816982813,-6.518706120004415,4.886769657222925,-322693.55889597355
5.180306650422781e-12,0.5360822268850924,-86.18355284418621,0.5360872810003456,-2816.4099609114996,0.02696940499922407,-0.09581214069803376,0.1924663712105618,-6.4086660237986335,4.886769622730567,-317247.9874789371
5.238877955201204e-12,0.5360821702249007,-84.68522204622498,0.536087264273904,-2767.4511938725277,0.026969393917465202,-0.09414458268568002,0.19246634403828325,-6.29724259669252,4.886769587965668,-311732.43309374264
5.2981114983324604e-12,0.5360821131170227,-83.16864958295042,0.536087247415303,-2717.890869921212,0.026969382748144293,-0.09245657347863485,0.19246631665130945,-6.184452561883603,4.886769552926076,-306150.72560688434
5.3580147674359366e-12,0.5360820555579211,-81.63368088900982,0.5360872304234986,-2667.7347744787735,0.02696937149056946,-0.09074825070755606,0.1924662890479441,-6.070304363314234,4.886769517609645,-300500.32976591546
5.4185953347900276e-12,0.5360819975440303,-80.08085110198071,0.536087213297438,-2616.98973173807,0.02696936014404333,-0.08901990652014488,0.19246626122647728,-5.9548181841908105,4.886769482014164,-294785.14890296425
5.4798608582892825e-12,0.5360819390717574,-78.51006356458657,0.5360871960360607,-2565.663074012637,0.026969348707863005,-0.08727173252612955,0.19246623318518574,-5.838006141652853,4.886769446137428,-289002.92567971075
5.541819082412543e-12,0.5360818801374804,-76.921895510441,0.5360871786382975,-2513.763340838676,0.026969337181320083,-0.08550407805393175,0.19246620492233268,-5.719892172784712,4.886769409977236,-283157.65470768575
5.6044778392018295e-12,0.5360818207375486,-75.3163119356507,0.5360871611030705,-2461.2995449115565,0.026969325563700523,-0.08371719327900135,0.1924661764361673,-5.600492367138504,4.886769373531329,-277247.36816114676
5.667845049252419e-12,0.536081760868283,-73.69393651891552,0.5360871434292941,-2408.2820722958313,0.02696931385428464,-0.08191148914850468,0.1924661477249252,-5.4798347189537004,4.886769336797444,-271276.170087633
5.731928722713997e-12,0.5360817005259753,-72.0547997751819,0.536087125615873,-2354.721753120528,0.026969302052347092,-0.08008727910048895,0.19246611878682804,-5.357939597441766,4.886769299773325,-265242.3942894922
5.796736960303324e-12,0.5360816397068874,-70.39957626725605,0.5360871076617043,-2300.6309544819896,0.026969290157156767,-0.07824504025509414,0.19246608962008338,-5.23483936454411,4.886769262456673,-259150.2726657067
5.862277954328179e-12,0.5360815784072527,-68.72836598773317,0.5360870895656756,-2246.022463691319,0.026969278167976837,-0.07638515409702991,0.19246606022288446,-5.110558982871891,4.886769224845173,-252998.45317898138
5.928559989722871e-12,0.536081516623274,-67.04189888481294,0.5360870713266661,-2190.910765732968,0.026969266084064556,-0.07450816857016326,0.1924660305934105,-4.985135497917331,4.886769186936504,-246791.31415009816
5.995591445095648e-12,0.5360814543511242,-65.34034844767507,0.5360870529435464,-2135.310746500366,0.026969253904671385,-0.0726145380270852,0.1924660007298261,-4.858598783118006,4.886769148728303,-240527.83052797223
6.063380793787765e-12,0.5360813915869463,-63.624504537156945,0.5360870344151772,-2079.2391469051104,0.02696924162904284,-0.07070488593285469,0.19246597063028154,-4.730990885933794,4.886769110218208,-234212.54565247212
6.13193660494452e-12,0.5360813283268525,-61.89461817955657,0.5360870157404117,-2022.713093185432,0.026969229256418516,-0.06877974434170397,0.19246594029291245,-4.602346909061256,4.88676907140384,-227844.77443099036
6.201267544598594e-12,0.5360812645669246,-60.15154365904235,0.5360869969180926,-1965.7517200064517,0.026969216786031907,-0.06683981693447312,0.19246590971583974,-4.472714219867511,4.88676903228279,-221429.24369230794
6.271382376765425e-12,0.536081200303213,-58.39561355382964,0.536086977947054,-1908.374534561657,0.026969204217110545,-0.06488571825311691,0.1924658788971693,-4.3421334660844755,4.886768992852635,-214965.62124559926
6.3422899645510985e-12,0.5360811355317375,-56.62775101507953,0.536086958826121,-1850.6032012176443,0.026969191548875802,-0.06291823682898519,0.19246584783499227,-4.210657648423531,4.886768953110937,-208458.8355675149
6.413999271272627e-12,0.5360810702484856,-54.848374107119,0.5360869395541092,-1792.4597457847588,0.026969178780542894,-0.06093807437258652,0.19246581652738456,-4.078333269003225,4.886768913055229,-201908.92007824092
6.486519361591123e-12,0.536081004449414,-53.058479165646915,0.5360869201298252,-1733.9684944589924,0.026969165911320897,-0.05894610877812456,0.192465784972407,-3.9452192665475283,4.886768872683032,-195321.02253490168
6.559859402657589e-12,0.536080938130447,-51.25857352959966,0.5360869005520655,-1675.1541242942253,0.026969152940412557,-0.05694313342684891,0.19246575316810496,-3.811368295428108,4.886768831991839,-188695.55420453494
6.634028665271644e-12,0.5360808712874767,-49.44973084268859,0.5360868808196176,-1616.043749368797,0.02696913986701436,-0.054930119883389326,0.19246572111250856,-3.6768455231474086,4.8867687909791515,-182037.8989810103
6.709036525053572e-12,0.5360808039163625,-47.632551287772124,0.5360868609312591,-1556.6648231531865,0.02696912669031645,-0.0529079574462707,0.1924656888036321,-3.5417100373964363,4.886768749642403,-175348.85746555417
6.784892463629387e-12,0.5360807360129316,-45.8081896655298,0.5360868408857583,-1497.0473649979724,0.02696911340950255,-0.05087771536422052,0.19246565623947437,-3.4060335053261555,4.886768707979046,-168634.06547913083
6.861606069829443e-12,0.5360806675729782,-43.977342268109844,0.5360868206818735,-1437.2217197527018,0.026969100023749942,-0.048840382749607815,0.19246562341801834,-3.2698817058945937,4.886768665986492,-161894.723383108
6.9391870409004365e-12,0.5360805985922629,-42.141248539241936,0.5360868003183535,-1377.2209178211963,0.026969086532229385,-0.04679713015401111,0.19246559033723107,-3.133333050306533,4.886768623662152,-155136.73332118904
7.0176451837313766e-12,0.5360805290665126,-40.300703745130065,0.5360867797939365,-1317.0782970445207,0.026969072934105116,-0.04474904994127989,0.19246555699506324,-2.996460236362872,4.886768581003405,-148361.70442191654
7.096990416093174e-12,0.5360804589914213,-38.45703499252039,0.5360867591073517,-1256.8299897139584,0.026969059228534775,-0.042697417079528045,0.1924655233894498,-2.859348629564499,4.886768538007589,-141575.81778129787
7.177232767892268e-12,0.5360803883626483,-36.611138878616224,0.5360867382573173,-1196.512411404613,0.02696904541466929,-0.04064343004545523,0.19246548951830914,-2.7220780359595946,4.886768494672068,-134781.09848319303
7.258382382438632e-12,0.5360803171758187,-34.76443261409794,0.5360867172425424,-1136.1648684542906,0.02696903149165292,-0.03858847070066441,0.19246545537954327,-2.5847409429367323,4.8867684509941345,-127984.01702075535
7.3404495177279e-12,0.536080245426523,-32.91791585433991,0.5360866960617249,-1075.826918103057,0.026969017458623186,-0.03653384578250437,0.19246542097103742,-2.447424406901203,4.886768406971092,-121187.01935719745
7.423444547737995e-12,0.5360801731103175,-31.07309764876511,0.5360866747135531,-1015.5410900616786,0.02696900331471073,-0.03448104574539721,0.19246538629066048,-2.310228152670698,4.886768362600217,-114396.87317788212
7.50737796374063e-12,0.5360801002227225,-29.231081675636908,0.5360866531967046,-955.3501220009131,0.026968989059039335,-0.032431486880450236,0.19246535133626416,-2.1732465719181744,4.886768317878754,-107616.44749059138
7.592260375627394e-12,0.5360800267592231,-27.39346971144793,0.5360866315098467,-895.2997889289067,0.0269689746907259,-0.030386769001366613,0.19246531610568335,-2.036586679987958,4.886768272803941,-100852.81180671202
7.678102513250989e-12,0.536079952715269,-25.56146951281506,0.5360866096516359,-835.436017756631,0.02696896020888034,-0.0283484182175142,0.1924652805967358,-1.9003502206180813,4.886768227372974,-94109.25704326102
7.764915227781462e-12,0.5360798780862739,-23.736775473430555,0.5360865876207187,-775.8078183046194,0.026968945612605474,-0.02631814336558748,0.1924652448072221,-1.764651478904339,4.8867681815830615,-87393.15544806597
7.852709493078042e-12,0.5360798028676153,-21.920698413922537,0.5360865654157303,-716.4642803733168,0.02696893090099712,-0.02429757944310488,0.19246520873492537,-1.6295994875833022,4.8867681354313435,-80708.21482395711
7.941496407076262e-12,0.5360797270546338,-20.115024070601613,0.536086543035295,-657.4576002886268,0.02696891607314386,-0.022288542681866447,0.19246517237761124,-1.4953156944725527,4.886768088914973,-74062.10673412407
8.031287193190729e-12,0.5360796506426334,-18.321164073240983,0.5360865204780272,-598.8399636113419,0.02696890112812715,-0.02029277464369133,0.19246513573302756,-1.3619162654976564,4.886768042031059,-67458.94631873484
8.122093201734042e-12,0.5360795736268814,-16.540992884252926,0.5360864977425291,-540.6666612299463,0.026968886065021146,-0.018312195842958536,0.19246509879890472,-1.2295296049016384,4.88676799477672,-60906.696054378976
8.213925911351444e-12,0.5360794960026073,-14.776019262770417,0.5360864748273929,-482.9928605708748,0.026968870882892675,-0.01634865048932369,0.19246506157295473,-1.0982787495698194,4.886767947149005,-54409.86366790323
8.306796930471884e-12,0.5360794177650028,-13.028202250477452,0.536086451731199,-425.87680534256816,0.026968855580801216,-0.014404158566204915,0.19246502405287189,-0.9682987402650294,4.886767899144974,-47976.688471619695
8.400717998775297e-12,0.5360793389092217,-11.299142437592756,0.536086428452517,-369.3764778563465,0.02696884015779881,-0.01248066120509819,0.19246498623633218,-0.8397191020404596,4.886767850761655,-41612.050114736885
8.49570098867678e-12,0.5360792594303798,-9.590877570508313,0.5360864049899047,-313.5528766376468,0.026968824612930008,-0.010580271129484405,0.19246494812099305,-0.7126810642365884,4.886767801996045,-35324.44426617892
8.591757906827277e-12,0.5360791793235538,-7.905092952564382,0.536086381341909,-258.46657223746314,0.026968808945231806,-0.008705018630941865,0.19246490970449362,-0.5873201213712496,4.886767752845132,-29119.095174185997
8.688900895631226e-12,0.5360790985837818,-6.2438972279011695,0.5360863575070652,-204.18105705535345,0.026968793153733562,-0.006857100297081117,0.1924648709844544,-0.463783100080355,4.886767703305857,-23004.727235783284
8.787142234781648e-12,0.5360790172060631,-4.609051268873111,0.5360863334838969,-150.75919683080417,0.026968777237457026,-0.005038625556660317,0.1924648319584769,-0.3422107947169585,4.886767653375175,-16986.874554599435
8.886494342812308e-12,0.5360789351853565,-3.0027246707188917,0.5360863092709163,-98.26664716860427,0.026968761195416135,-0.0032518636094361537,0.1924647926241437,-0.22275487905033128,4.88676760304997,-11074.454713465442
8.986969778667432e-12,0.536078852516582,-1.4267424962049824,0.5360862848666235,-46.76820274609102,0.02696874502661711,-0.0014989905005380285,0.19246475297901852,-0.1055606111720716,4.886767552327145,-5273.268741009049
9.08858124328945e-12,0.5360787691946185,0.11667700084455265,0.5360862602695068,3.668724782072411,0.026968728730058247,0.00021766581710934107,0.1924647130206456,0.009216412309045588,4.886767501203534,407.61680802111425
9.191341581224378e-12,0.5360786852143054,1.6256583849762107,0.5360862354780426,52.97785792517285,0.02696871230472999,0.0018958779217813995,0.19246467274654985,0.12142748749916603,4.886767449675998,5962.185852703562
9.295263782245538e-12,0.5360786005704404,3.0979495834475306,0.5360862104906954,101.09051917792827,0.026968695749614763,0.0035332757994017503,0.19246463215423656,0.23091420825863002,4.886767397741327,11381.276489233896
9.400360982995446e-12,0.5360785152577808,4.531641239852176,0.5360861853059178,147.93948061871384,0.026968679063686975,0.005127598833210231,0.19246459124119156,0.3375256390545072,4.886767345396301,16658.719118418103
9.506646468646592e-12,0.5360784292710421,5.924465036773438,0.5360861599221495,193.45537828058025,0.02696866224591288,0.006676454677197657,0.19246455000488033,0.44110188064003103,4.886767292637699,21785.320210369253
9.614133674580699e-12,0.5360783426048983,7.2744969619741635,0.5360861343378182,237.57065829445594,0.026968645295250625,0.008177570840590223,0.1924645084427488,0.5414911895015283,4.886767239462225,26754.828503623143
9.722836188086966e-12,0.5360782552539811,8.579472930045057,0.5360861085513391,280.21594429088066,0.02696862821065007,0.009628555602283083,0.19246446655222252,0.6385337052831871,4.886767185866606,31558.093279878547
9.83276775007982e-12,0.5360781672128797,9.837476505817731,0.5360860825611156,321.3240780727185,0.02696861099105282,0.011027149225819731,0.19246442433070665,0.7320785211772227,4.886767131847521,36188.86436285747
9.943942256835744e-12,0.5360780784761409,11.046271352270615,0.5360860563655372,360.82644410928134,0.02696859363539207,0.012370986955055258,0.19246438177558586,0.8219675734618656,4.8867670774016245,40638.119505021255
1.0056373761749964e-11,0.5360779890382681,12.20397393141082,0.5360860299629817,398.65710252845287,0.026968576142592623,0.013657849880296063,0.19246433888422435,0.9080526666378073,4.886767022525531,44899.70369415796
1.0170076477112757e-11,0.5360778988937211,13.308402308950063,0.5360860033518136,434.7490742545428,0.026968558511570744,0.014885430035464747,0.1924642956539652,0.9901795244857869,4.88676696721585,48964.82039205493
1.0285064775906235e-11,0.5360778080369171,14.35773432408073,0.5360859765303845,469.0385638076099,0.026968540741234174,0.016051580934805923,0.19246425208213067,1.0682047726158863,4.886766911469157,52827.515431395506
1.0401353193621093e-11,0.5360777164622273,15.349872281744856,0.5360859494970333,501.46120802861066,0.026968522830481984,0.017154084768125754,0.19246420816602183,1.1419801496348998,4.886766855281986,56479.32696542677
1.0518956430093918e-11,0.5360776241639797,16.283087052339553,0.5360859222500854,531.9563857527888,0.026968504778204574,0.018190902607542126,0.1924641639029184,1.2113694484199578,4.886766798650886,59914.61900509424
1.0637889351365576e-11,0.5360775311364575,17.155398177615726,0.5360858947878533,560.4634323374262,0.026968486583283557,0.019159943679878506,0.19246411929007878,1.2762328844419573,4.886766741572317,63125.38503922163
1.0758166991560318e-11,0.5360774373738983,17.96520432573669,0.5360858671086357,586.9260327252574,0.026968468244591707,0.020059315218365757,0.1924640743247394,1.3364439957580723,4.88676668404277,66106.43602149276
1.0879804554786084e-11,0.536077342870494,18.710678329804423,0.5360858392107184,611.2884031358765,0.026968449760992885,0.020887093766512137,0.19246402900411494,1.391874163902734,4.886766626058665,68850.35269939264
1.1002817417056666e-11,0.5360772476203912,19.39038438468156,0.5360858110923731,633.4997633443957,0.02696843113134198,0.021641574625741487,0.19246398332539827,1.4424094706363622,4.886766567616413,71352.53260957455
1.1127221128235225e-11,0.5360771516176897,20.002687522792616,0.5360857827518586,653.5104859044467,0.02696841235448481,0.02232104510676208,0.19246393728575995,1.4879353646305231,4.886766508712397,73606.28621209375
1.1253031413999985e-11,0.536077054856443,20.54635789817899,0.5360857541874191,671.2766426152011,0.02696839342925815,0.022924033496632197,0.192463890882348,1.5283534710775242,4.886766449342967,75607.74719146008
1.1380264177831942e-11,0.5360769573306577,21.01999418492488,0.5360857253972853,686.7561205100365,0.026968374354489448,0.02344908414313732,0.19246384411228837,1.5635663952313559,4.886766389504446,77351.10752719127
1.1508935503025431e-11,0.5360768590342928,21.422615246446878,0.5360856963796744,699.9132364887116,0.026968355128996976,0.023895005819486382,0.19246379697268381,1.5934944780654308,4.886766329193122,78833.39512421502
1.1639061654721086e-11,0.5360767599612596,21.753096919261175,0.5360856671327885,710.7148180021878,0.026968335751589672,0.024260648485993346,0.19246374946061437,1.6180607250938082,4.88676626840528,80049.84296355792
1.1770659081961743e-11,0.5360766601054211,22.01075131451219,0.5360856376548163,719.1348786689063,0.026968316221066973,0.024545150896280028,0.19246370157313708,1.6372074986547756,4.886766207137125,80998.53779893417
1.1903744419772007e-11,0.5360765594605925,22.19477641987803,0.5360856079439319,725.1506601507542,0.026968296536218933,0.024747718826527414,0.19246365330728574,1.650881557159512,4.886766145384884,81675.91852280797
1.2038334491260881e-11,0.5360764580205395,22.304823225491212,0.5360855779982949,728.7473602492835,0.026968276695825983,0.024867871721141414,0.19246360466007054,1.659050671340009,4.886766083144723,82081.29936739073
1.2174446309748444e-11,0.5360763557789785,22.34045754385603,0.5360855478160507,729.9141308828054,0.026968256698658905,0.024905222132614827,0.1924635556284782,1.6616887558367968,4.8867660204128,82212.49258956945
1.2312097080916284e-11,0.5360762527295766,22.301715092027955,0.5360855173953296,728.6488487053277,0.02696823654347882,0.02485972114625894,0.19246350620947156,1.6587923931492445,4.886765957185202,82070.20930483288
1.2451304204982734e-11,0.5360761488659507,22.188574891695023,0.5360854867342474,724.9540623772966,0.026968216229036997,0.024731438719391576,0.19246345639998946,1.6503660357306598,4.886765893458043,81653.80154561848
1.2592085278902244e-11,0.5360760441816673,22.00150237780176,0.5360854558309049,718.8417941717194,0.02696819575407483,0.02452080757491336,0.19246340619694666,1.6364384176078413,4.886765829227347,80965.54353877631
1.2734458098589676e-11,0.5360759386702422,21.740933697981696,0.5360854246833879,710.3294279248922,0.026968175117323866,0.02422840406005049,0.1924633555972333,1.6170478012616445,4.886765764489168,80006.48812469898
1.2878440661170108e-11,0.5360758323251394,21.407806854253874,0.5360853932897676,699.4445284259554,0.026968154317505492,0.023855190141851914,0.1924633045977152,1.5922582529067384,4.886765699239469,78780.630965854
1.3024051167253693e-11,0.5360757251397721,21.003056177621847,0.5360853616480987,686.2206595660244,0.026968133353331043,0.02340229435235619,0.1924632531952333,1.5621449044020947,4.886765633474218,77290.87623761198
1.3171308023236242e-11,0.5360756171075007,20.52813144287562,0.5360853297564219,670.7022066075457,0.02696811222350173,0.022871251447759783,0.19246320138660356,1.526810063966322,4.886765567189341,75543.08593276064
1.3320229843626209e-11,0.5360755082216336,19.984501750604746,0.5360852976127614,652.9401121813877,0.026968090926708405,0.02226378294783936,0.19246314916861681,1.486368459404692,4.886765500380734,73542.1496533361
1.3470835453397543e-11,0.5360753984754261,19.37416249177749,0.5360852652151266,632.9966848577164,0.026968069461631584,0.02158203396956061,0.19246309653803859,1.4409631521372797,4.886765433044251,71295.92086011029
1.3623143890369428e-11,0.5360752878620804,18.69914782682461,0.5360852325615105,610.9412388513839,0.026968047826941413,0.0208283528015926,0.19246304349160867,1.3907507239762458,4.886765365175739,68811.38551741456
1.3777174407612602e-11,0.5360751763747446,17.96202531589111,0.5360851996498905,586.8548707552341,0.026968026021297463,0.02000552436833744,0.1924629900260413,1.3359169586437518,4.886765296770972,66098.48684009178
1.3932946475883436e-11,0.5360750640065134,17.16541614740411,0.5360851664782286,560.8259871920179,0.02696800404334876,0.019116548229566138,0.19246293613802465,1.2766619309147105,4.886765227825737,63166.38747980256
1.409047978608503e-11,0.536074950750426,16.31247719800093,0.5360851330444693,532.955030235098,0.02696798189173361,0.018164868082391785,0.19246288182422072,1.2132154165345532,4.886765158335743,60027.18405241349
1.4249794251756163e-11,0.5360748365994671,15.4064281330212,0.5360850993465421,503.34987591029704,0.026967959565079566,0.017154147535766162,0.19246282708126516,1.1458218396032795,4.8867650882966895,56692.25752155933
1.4410910011588848e-11,0.5360747215465662,14.451020618188616,0.5360850653823601,472.1304878454176,0.026967937062003344,0.016088495017186556,0.19246277190576705,1.0747553694593954,4.886765017704253,53175.87856397583
1.4573847431973806e-11,0.5360746055845965,13.450071399227205,0.5360850311498191,439.4241686204424,0.02696791438111073,0.014972236642961927,0.1924627162943086,1.0003046803311828,4.886764946554045,49491.64081578023
1.4738627109575076e-11,0.536074488706375,12.407918360762736,0.5360849966467988,405.3701207049419,0.026967891520996434,0.01381013588376571,0.19246266024344513,0.922787692375963,4.886764874841664,45655.95796936942
1.490526987393338e-11,0.536074370904662,11.328958693104774,0.536084961871162,370.1145323449504,0.026967868480244146,0.012607162840221802,0.1924626037497046,0.8425360972275056,4.886764802562658,41684.57462149894
1.507379679009949e-11,0.5360742521721606,10.218091490471565,0.5360849268207549,333.8150250466045,0.026967845257426286,0.011368708024382761,0.1924625468095877,0.7599097006146522,4.886764729712577,37595.95591015441
1.5244229161296835e-11,0.5360741325015161,9.080260137487446,0.5360848914934063,296.63555615720185,0.026967821851104044,0.010100347368160366,0.19246248941956717,0.6752806685368133,4.886764656286885,33407.87086189889
1.541658853161428e-11,0.5360740118853159,7.92088116030859,0.5360848558869283,258.7507332218409,0.026967798259827164,0.008808049515502249,0.1924624315760884,0.5890474313072285,4.886764582281032,29140.675394844635
1.5590896688729795e-11,0.536073890316089,6.745390020979293,0.5360848199991151,220.34051686665674,0.026967774482134,0.00749793594200888,0.19246237327556806,0.5016186085593726,4.886764507690457,24813.963326831312
1.5767175666664426e-11,0.5360737677863046,5.5596559906943686,0.5360847838277437,181.59438451216667,0.02696775051655133,0.006176481222266352,0.19246231451439502,0.4134264392621366,4.8867644325105175,20449.743713960903
1.594544774856743e-11,0.5360736442883731,4.369530630907283,0.5360847473705742,142.70581981102413,0.026967726361594228,0.004850267731896166,0.19246225528892932,0.3249103498633382,4.886764356736566,16069.155076951169
1.6125735469533378e-11,0.5360735198146448,3.1812485537519306,0.5360847106253477,103.87631164749233,0.026967702015766145,0.003526178469282526,0.19246219559550234,0.23652988260070723,4.886764280363909,11695.538336856527
1.630806161945056e-11,0.5360733943574094,2.000978002203638,0.5360846735897888,65.30962043706668,0.026967677477558592,0.002211145954621679,0.19246213543041646,0.14874788051345456,4.886764203387813,7351.210368407674
1.649244924588194e-11,0.5360732679088956,0.8352075054898107,0.5360846362616033,27.215603299999096,0.02696765274545118,0.0009123373520210521,0.192462074789945,0.06204289742067039,4.886764125803505,3060.434259584168
1.6678921656978312e-11,0.5360731404612712,-0.30970184750091023,0.536084598638479,-10.195746816195593,0.026967627817911566,-0.0003631026299065611,0.19246201367033147,-0.023108013441359435,4.886764047606196,-1153.7509708939306
1.686750242442502e-11,0.5360730120066413,-1.427143655474139,0.5360845607180853,-46.71065225379341,0.026967602693395216,-0.0016078743413385742,0.19246195206779,-0.10621740937422958,4.886763968791032,-5266.660404209288
1.7058215386421424e-11,0.5360728825370494,-2.510712407468035,0.536084522498074,-82.11773530903521,0.02696757737034541,-0.0028147862258077055,0.19246188997850466,-0.18680506220034082,4.88676388935314,-9255.079577457826
1.7251084650694075e-11,0.5360727520444756,-3.5538441804554957,0.5360844839760772,-116.20453962404906,0.026967551847193138,-0.003976584893323591,0.19246182739862944,-0.26438657050478515,4.886763809287584,-13094.49155088389
1.7446134597544495e-11,0.5360726205208369,-4.55026119291764,0.5360844451497092,-148.76392593689337,0.026967526122356963,-0.005086223706201144,0.19246176432428785,-0.3384913311772735,4.886763728589405,-16762.140440222487
1.7643389882930826e-11,0.5360724879579861,-5.493625191553124,0.5360844060165648,-179.59074735459697,0.02696750019424296,-0.006136699709561438,0.19246170075157285,-0.4086516129307246,4.886763647253626,-20234.351181858034
1.7842875441584646e-11,0.5360723543477124,-6.377979879825097,0.5360843665742203,-208.48843227039274,0.026967474061244594,-0.0071213270060077865,0.19246163667654662,-0.4744208445447077,4.8867635652751895,-23489.539998888184
1.8044616490162702e-11,0.536072219681739,-7.197415865007144,0.5360843268202325,-235.26578487243518,0.026967447721742633,-0.008033579513177192,0.19246157209524,-0.5353630808843416,4.886763482649021,-26505.62122608367
1.824863853043487e-11,0.5360720839517249,-7.946510078799592,0.5360842867521389,-259.74371828761963,0.02696742117410505,-0.008867367918332059,0.19246150700365244,-0.5910715273077982,4.886763399370008,-29262.96292016228
1.8454967352507622e-11,0.5360719471492619,-8.620000737707183,0.536084246367458,-281.75213772782206,0.0269673944166869,-0.009616886758429784,0.19246144139775223,-0.6411582977339043,4.88676331543299,-31741.87361412533
1.8663629038083904e-11,0.5360718092658766,-9.213222418623642,0.5360842056636882,-301.13677234356635,0.02696736744783024,-0.010276893246425929,0.19246137527347526,-0.6852730613611875,4.886763230832764,-33925.49956274301
1.887464996376047e-11,0.5360716702930277,-9.721789024793722,0.5360841646383081,-317.75608310300265,0.026967340265864035,-0.010842556653009166,0.19246130862672553,-0.7230929576168705,4.886763145564094,-35797.38264735989
1.9088056804361932e-11,0.5360715302221071,-10.142022691802593,0.5360841232887769,-331.48812615496706,0.02696731286910401,-0.011309736757146891,0.19246124145337473,-0.7543412155726503,4.8867630596217015,-37344.293906861945
1.9303876536312456e-11,0.536071389044438,-10.470642266217915,0.5360840816125328,-342.22741144742247,0.026967285255852617,-0.011674832959506923,0.1924611737492619,-0.7787770540606558,4.88676297300025,-38553.85207487485
1.9522136441046237e-11,0.5360712467512756,-10.705183717658267,0.5360840396069951,-349.8917142996615,0.026967257424398813,-0.011935059563450293,0.192461105510193,-0.7962140873967799,4.886762885694388,-39417.286160541626
1.9742864108455812e-11,0.5360711033338057,-10.843691152973918,0.5360839972695618,-354.4187946987173,0.026967229373018126,-0.012088291503980974,0.1924610367319411,-0.8065100025101121,4.886762797698713,-39927.102361692545
1.9966087440379794e-11,0.536070958783145,-10.885125926094318,0.5360839545976103,-355.7730582240837,0.02696720109997235,-0.012133333130296358,0.19246096741024588,-0.8095845290946716,4.886762709007751,-40079.766637637535
2.0191834654129645e-11,0.536070813090339,-10.829056760878585,0.5360839115884973,-353.9420310256934,0.026967172603509587,-0.012069756928214043,0.19246089754081314,-0.8054086516687932,4.886762619616038,-39873.40612770491
2.0420134286056968e-11,0.5360706662463629,-10.676054322897311,0.5360838682395591,-348.94275747375025,0.026967143881864098,-0.011898162006480834,0.1924608271193148,-0.7940218908406017,4.886762529518011,-39310.40104002514
2.0651015195160553e-11,0.5360705182421213,-10.427376650155956,0.5360838245481107,-340.81791341221367,0.026967114933256174,-0.011620001767409419,0.19246075614138883,-0.7755207801499384,4.886762438708093,-38395.10537330136
2.0884506566734186e-11,0.536070369068446,-10.085345624828276,0.5360837805114455,-329.64181746986776,0.026967085755892028,-0.01123782794187415,0.1924606846026384,-0.7500751811703799,4.886762347180682,-37136.33620460168
2.1120637916056322e-11,0.5360702187160964,-9.653023667798642,0.536083736126836,-315.5160569878598,0.026967056347963675,-0.010755102886235572,0.1924606124986321,-0.7179157364266345,4.886762254930086,-35545.09765341914
2.1359439092120814e-11,0.5360700671757596,-9.134568379534393,0.5360836913915334,-298.57498464460787,0.026967026707648868,-0.010176424830176424,0.19246053982490358,-0.6793489290508903,4.886762161950595,-33636.95499339131
2.160094028141019e-11,0.5360699144380482,-8.534896397979578,0.5360836463027661,-278.98072941170744,0.026966996833110914,-0.00950732040841576,0.19246046657695087,-0.6347432184610943,4.8867620682364485,-31429.74562919712
2.18451720117112e-11,0.5360697604935015,-7.860012530319805,0.5360836008577416,-256.9280520456674,0.026966966722498632,-0.008754446852870893,0.19246039275023688,-0.5845425594908672,4.886761973781852,-28945.825610014304
2.209216515597423e-11,0.5360696053325834,-7.1166568694943235,0.5360835550536455,-232.6386196357668,0.026966936373946215,-0.007925360579375063,0.19246031834018826,-0.5292509417754969,4.886761878580957,-26209.75214958769
2.2341950936215682e-11,0.5360694489456826,-6.312605076264165,0.5360835088876397,-206.36510474584475,0.026966905785573023,-0.007028692434426278,0.19246024334219577,-0.4694441087338463,4.886761782627851,-23250.391325364886
2.2594560927464454e-11,0.536069291323112,-5.456295364032345,0.5360834623568653,-178.38461871528946,0.026966874955483663,-0.006073888729927698,0.1924601677516137,-0.40575225948734545,4.8867616859166,-20098.55859925247
2.285002706175377e-11,0.5360691324551079,-4.557097276837651,0.5360834154584401,-149.001961870263,0.026966843881767635,-0.00507135642664963,0.19246009156375948,-0.33886975953581255,4.886761588441211,-16788.97897902116
2.310838163215743e-11,0.5360689723318292,-3.6249160441687507,0.5360833681894589,-118.5421397000294,0.02696681256249943,-0.004032173995773977,0.19246001477391378,-0.26953583003463283,4.886761490195647,-13357.87531563598
2.3369657296871663e-11,0.5360688109433577,-2.670428292404798,0.536083320546994,-87.35270739467722,0.026966780995738286,-0.0029682046429173902,0.19245993737731987,-0.198542123436202,4.886761391173825,-9844.77618553013
2.3633887083343902e-11,0.5360686482796958,-1.704662588114679,0.5360832725280947,-55.795335878579536,0.02696674917952805,-0.0018917758404910464,0.19245985936918322,-0.12671132263626622,4.886761291369609,-6290.046622110477
2.39011043924474e-11,0.5360684843307678,-0.739202052347533,0.536083224129786,-24.24724418185467,0.02696671711189715,-0.000815760408995207,0.19245978074467177,-0.054902569237129537,4.8867611907768165,-2736.544583944721
2.417134300270355e-11,0.5360683190864177,0.21425832222461647,0.5360831753490708,6.908160146467978,0.026966684790858404,0.0002467744730171217,0.1924597014989151,0.016011974022506495,4.886761089389221,772.9046877200493
2.444463707455143e-11,0.5360681525364104,1.1437402035705153,0.5360831261829274,37.28070241394477,0.02696665221440894,0.0012825163010563164,0.1924596216270042,0.08514370700827052,4.88676098720054,4193.995489352558
2.4721021154666494e-11,0.536067984670428,2.037445039994866,0.53608307662831,66.48362961242935,0.026966619380530008,0.0022782854982658146,0.19245954112399147,0.15161284933686858,4.886760884204436,7483.514335556409
2.500053018032729e-11,0.5360678154780731,2.88360939192531,0.5360830266821498,94.13374864823764,0.026966586287186914,0.0032210098561000415,0.19245945998489014,0.2145467223344283,4.8867607803945505,10597.953152914424
2.5283199483831583e-11,0.5360676449488649,3.670983116337408,0.5360829763413524,119.86226380854376,0.026966552932328896,0.004098123919871719,0.1924593782046739,0.2731064167765561,4.886760675764435,13496.110126526008
2.5569064796963157e-11,0.5360674730722397,4.388704427741512,0.5360829256028001,143.315405802369,0.026966519313888958,0.0048975610942245396,0.19245929577827686,0.3264862563986344,4.886760570307612,16137.80235840568
2.5858162255508295e-11,0.5360672998375514,5.0267849353284095,0.5360828744633503,164.16564461022602,0.026966485429783738,0.005608164868720497,0.1924592127005932,0.3739412563936515,4.8867604640175495,18486.46552402172
2.6150528403823797e-11,0.5360671252340686,5.575994467815384,0.5360828229198349,182.1124885455154,0.026966451277913424,0.006219687615382717,0.19245912896647643,0.4147870361509574,4.886760356887671,20507.928460718493
2.6446200199456145e-11,0.5360669492509759,6.0283418449142,0.5360827709690617,196.8937044249123,0.026966416856161603,0.006723201128630606,0.19245904457073976,0.4484272327723048,4.886760248911336,22172.971553454463
2.6745215017813782e-11,0.5360667718773718,6.376956665765278,0.5360827186078126,208.28587305838116,0.026966382162395115,0.007111087979070193,0.19245895950815511,0.4743529196939048,4.886760140081852,23456.115310672318
2.704761065689144e-11,0.5360665931022693,6.616551995265065,0.5360826658328441,216.115160567077,0.026966347194463915,0.007377435838957994,0.19245887377345325,0.4921689387835844,4.886760030392486,24338.087428907293
2.7353425342047792e-11,0.536066412914594,6.743287849901869,0.5360826126408879,220.25713598345902,0.02696631195020098,0.00751800450597503,0.19245878736132316,0.501591697816132,4.886759919836436,24804.568364200553
2.766269773083807e-11,0.5360662313031844,6.755199830643199,0.5360825590286488,220.6465674809279,0.026966276427422133,0.007530586096011277,0.19245870026641212,0.5024732252855327,4.886759808406863,24848.50909060597
2.7975466917900402e-11,0.5360660482567906,6.652027326212659,0.536082504992806,217.2759516089346,0.026966240623925962,0.007414928937726177,0.1924586124833248,0.4947960918466997,4.88675969609686,24468.77039142754
2.82917724398974e-11,0.5360658637640737,6.435590941009613,0.5360824505300127,210.20376967268976,0.026966204537493585,0.007173044404499039,0.19245852400662353,0.478693904302775,4.886759582899469,23672.228946161875
2.861165428051455e-11,0.5360656778136057,6.109567908772642,0.5360823956368954,199.5511607875225,0.026966168165888607,0.006809068292318998,0.19245843483082742,0.4544420567726137,4.88675946880768,22472.24515335864
2.8935152875514054e-11,0.5360654903938675,5.6798013971720716,0.5360823403100538,185.50808137357967,0.026966131506856946,0.006329495325928165,0.19245834495041225,0.4224733977886204,4.886759353814429,20890.496010197356
2.926230911784648e-11,0.5360653014932497,5.154006739962606,0.536082284546061,168.32759052047484,0.026966094558126683,0.0057429598772554,0.1924582543598105,0.38336359968314826,4.88675923791259,18955.210408239844
2.959316436281955e-11,0.5360651111000506,4.541997790997665,0.536082228341463,148.32942404136998,0.02696605731740794,0.005060381515749605,0.1924581630534102,0.33784088859213257,4.886759121094979,16702.67494465649
2.9927760433326435e-11,0.5360649192024768,3.855310757718789,0.5360821716927786,125.8914642288026,0.026966019782392745,0.004294650461306989,0.19245807102555534,0.2867650563993656,4.88675900335438,14175.18733843286
3.026613962513218e-11,0.5360647257886404,3.107337100481465,0.5360821145964987,101.4503813080607,0.026965981950754822,0.003460672376485137,0.19245797827054512,0.23113046523092065,4.886758884683479,11422.197201668589
3.060834471221997e-11,0.5360645308465611,2.312857289792962,0.5360820570490867,75.49004055792723,0.026965943820149548,0.002574950116598442,0.19245788478263368,0.17203813815215505,4.886758765074934,8497.948636817204
3.095441895219871e-11,0.5360643343641628,1.4880765201549757,0.5360819990469781,48.539085440043145,0.02696590538821373,0.0016555235154565673,0.1924577905560296,0.11069175368143688,4.886758644521326,5462.2429026540285
3.1304406091770786e-11,0.5360641363292743,0.6500687232246624,0.5360819405865802,21.1562966757679,0.0269658666525655,0.0007214479219968966,0.19245769558489603,0.048362846982760645,4.886758523015214,2377.770757411757
3.165835037226217e-11,0.5360639367296285,-0.18327944612416616,0.5360818816642722,-6.074708300222614,0.026965827610804113,-0.0002073650260087016,0.19245759986334968,-0.013619806410053361,4.8867584005490485,-689.4822466232822
3.20162965352145e-11,0.5360637355528609,-0.9939037258456113,0.5360818222764039,-32.56281384895446,0.0269657882605099,-0.0011107601314808658,0.192457503385461,-0.07391108259480032,4.886758277115249,-3673.1752428286095
3.237828982804144e-11,0.5360635327865098,-1.7636933139238906,0.5360817624192974,-57.71704904797116,0.026965748599244003,-0.0019685783783398307,0.19245740614525345,-0.13116550269354194,4.886758152706174,-6506.502127095467
3.274437600974799e-11,0.5360633284180146,-2.475182543648985,0.5360817020892444,-80.96588278418204,0.02696570862454828,-0.0027613356627882047,0.19245730813670314,-0.18408253280831818,4.8867580273141105,-9125.320404379197
3.311460135671449e-11,0.5360631224347153,-3.111727913813864,0.5360816412825085,-101.76626194941909,0.02696566833394518,-0.003470510710085633,0.1924572093537389,-0.23142579716540732,4.886757900931302,-11468.228960730374
3.3489012668547e-11,0.5360629148238525,-3.658221200994792,0.5360815799953232,-119.62371205266554,0.02696562772493752,-0.004079250559613412,0.19245710979024128,-0.2720701673944942,4.886757773549915,-13479.757598916192
3.386765727399287e-11,0.5360627055725656,-4.101271077933873,0.5360815182238922,-134.10142205620912,0.02696558679500835,-0.004572660632519728,0.19245700944004263,-0.3050211242754067,4.886757645162057,-15110.479631872096
3.425058303692307e-11,0.5360624946678921,-4.429890970591083,0.5360814559643893,-144.8396214928892,0.026965545541620884,-0.004938484836690995,0.19245690829692647,-0.3294601573640987,4.886757515759782,-16320.090825662617
3.463783836238339e-11,0.5360622820967677,-4.635633554951428,0.5360813932129582,-151.563025485551,0.02696550396221819,-0.005167340244082032,0.19245680635462728,-0.3447604352809378,4.886757385335068,-17077.36591930281
3.502947220271265e-11,0.5360620678460241,-4.713198113092064,0.5360813299657121,-154.0976799489704,0.026965462054223163,-0.005253310158554558,0.19245670360682995,-0.35052640085257303,4.88675725387984,-17362.924190461228
3.542553406373103e-11,0.5360618519023894,-4.660460020701771,0.5360812662187331,-152.37487836189584,0.026965419815038288,-0.005194058983719163,0.19245660004716952,-0.346601450236678,4.8867571213859575,-17168.816285520665
3.582607401099751e-11,0.5360616342524871,-4.478939145094319,0.5360812019680731,-146.44356179410363,0.026965377242045497,-0.004991273029747295,0.19245649566923065,-0.333097370051771,4.8867569878452075,-16500.761785518636
3.623114267613929e-11,0.5360614148828343,-4.17366678730646,0.5360811372097516,-136.46883037986996,0.02696533433260604,-0.004650591549162859,0.19245639046654733,-0.3103897517384735,4.886756853249327,-15377.154040853091
3.664079126325169e-11,0.5360611937798421,-3.7534611225488392,0.5360810719397583,-122.73813065640744,0.026965291084060268,-0.004181835040333177,0.19245628443260254,-0.2791332489196925,4.886756717589975,-13830.571503136702
3.705507155537043e-11,0.5360609709298138,-3.230583113453596,0.5360810061540499,-105.65278040412437,0.026965247493727505,-0.003598698525810793,0.19245617756082764,-0.24024112654562432,4.886756580858744,-11906.021596685729
3.747403592101818e-11,0.5360607463189447,-2.6207790128364774,0.5360809398485517,-85.72663396558274,0.02696520355890588,-0.002918722745612691,0.19245606984460215,-0.194883359706932,4.8867564430471715,-9661.579164491022
3.789773732082387e-11,0.5360605199333212,-1.942695993397729,0.5360808730191565,-63.56966734510036,0.026965159276872114,-0.0021627171903918735,0.19245596127725315,-0.1444481471942143,4.8867563041467195,-7165.761199297788
3.832622931421762e-11,0.5360602917589192,-1.2176762191861106,0.5360808056617249,-39.878612402756644,0.026965114644881417,-0.001354456876597321,0.19245585185205522,-0.09052169437922024,4.886756164148785,-4497.235863355071
3.875956606620061e-11,0.5360600617816043,-0.4689325245507322,0.5360807377720846,-15.412615819236308,0.026965069660167283,-0.0005198356256517551,0.1924557415622295,-0.03483172133062007,4.886756023044696,-1741.3288187340056
3.9197802354192724e-11,0.53605982998713,0.27888717790188566,0.5360806693460307,9.023547313413044,0.026965024319941265,0.0003136906955895405,0.19245563040094377,0.020789679122819083,4.886755880825711,1011.1276297433079
3.964099357495654e-11,0.5360595963611376,1.0007256013778705,0.5360806003793245,32.61047776386394,0.026964978621392965,0.0011181775488386927,0.19245551836131175,0.07447766498222622,4.886755737483021,3668.0151189700623
4.008919575159951e-11,0.5360593608891547,1.6717213873364662,0.5360805308676946,54.53640277948446,0.026964932561689647,0.0018659352314321282,0.19245540543639272,0.124384257303976,4.886755593007754,6137.718837207944
4.054246554065658e-11,0.5360591235565945,2.2683548223425145,0.5360804608068348,74.0321821414493,0.02696488613797624,0.0025307381085383873,0.192455291619191,0.16875903842654755,4.886755447390952,8333.775979025495
4.100086023925164e-11,0.5360588843487548,2.769120141528155,0.5360803901924057,90.39566938922157,0.026964839347375005,0.003088640435691,0.19245517690265587,0.2060035997954414,4.886755300623601,10176.925625053393
4.146443779233992e-11,0.536058643250818,3.1556691293065384,0.5360803190200335,103.02672643614225,0.02696479218698552,0.0035191852411601953,0.19245506127968065,0.2347522263907721,4.886755152696607,11599.735988204638
4.193325680003364e-11,0.5360584002478479,3.413411172066219,0.5360802472853097,111.44914762509003,0.026964744653884345,0.003806137322421902,0.19245494474310276,0.25392082752576944,4.886755003600809,12548.401592203385
4.2407376525008875e-11,0.5360581553247918,3.532502686201298,0.5360801749837908,115.34071181737491,0.026964696745124958,0.0039385222376180145,0.19245482728570268,0.26277629342454484,4.886754853326974,12986.79005987008
4.288685689999728e-11,0.5360579084664774,3.508214863783668,0.5360801021109985,114.5474416103892,0.02696464845773751,0.003911098168347138,0.19245470890020402,0.2609680089324071,4.886754701865793,12897.39705771289
4.337175853536139e-11,0.5360576596576121,3.341607672447597,0.5360800286624189,109.10342127982084,0.02696459978872865,0.0037250452576446155,0.19245458957927292,0.2485738843011512,4.88675454920788,12284.219502947184
4.3862142726757215e-11,0.5360574088827829,3.0395099745258656,0.5360799546335026,99.2323181647641,0.02696455073508136,0.0033880033347455027,0.19245446931551755,0.2261029040994491,4.886754395343785,11172.296185695926
4.435807146288212e-11,0.5360571561264554,2.614737511658906,0.5360798800196639,85.35237027260482,0.026964501293754703,0.002914254903306065,0.19245434810148748,0.1945073717828128,4.886754240263976,9608.890330523931
4.4859607433310176e-11,0.5360569013729715,2.0855681762687817,0.5360798048162815,68.06134166941747,0.026964451461683754,0.0023241982143463067,0.1924542259296736,0.15514777981277567,4.886754083958846,7661.184047587546
4.536681403641765e-11,0.5360566446065499,1.475419714201709,0.5360797290186969,48.12392395191886,0.026964401235779246,0.0016439300048277739,0.19245410279250733,0.10976499683184483,4.886753926418714,5415.4604665495235
4.5879755387396425e-11,0.5360563858112846,0.8117773797839399,0.5360796526222152,26.43873023217381,0.026964350612927568,0.0009041064039275546,0.19245397868236042,0.06040428254605478,4.886753767633824,2972.794214473677
4.6398496326359064e-11,0.5360561249711436,0.12533851307057697,0.5360795756221044,4.008342124037105,0.026964299589990404,0.00013893343735032313,0.19245385359154407,0.009347946380688912,4.886753607594339,446.2598270657697
4.6923102426534434e-11,0.5360558620699687,-0.5515441614154931,0.5360794980135951,-18.109588526045716,0.026964248163804615,-0.0006155135688899728,0.19245372751230905,-0.04099678327751807,4.886753446290346,-2045.1492790889465
4.745364000255777e-11,0.5360555970914734,-1.1861269733779374,0.53607941979188,-38.84559382946244,0.02696419633118204,-0.0013227533541056299,0.19245360043684462,-0.08819540128588678,4.886753283711852,-4380.828958427647
4.7990176118852844e-11,0.5360553300192431,-1.747130245146421,0.536079340952114,-57.17709669273014,0.026964144088909302,-0.0019479132354243427,0.19245347235727836,-0.12992055477086023,4.886753119848793,-6445.73218443564
4.853277859810902e-11,0.5360550608367328,-2.2061651845024732,0.5360792614894133,-72.17691149588,0.026964091433747565,-0.0024593715200434967,0.19245334326567576,-0.16406165088555544,4.886752954691015,-8135.285906518854
4.908151602985558e-11,0.5360547895272674,-2.539586338600611,0.5360791813988562,-83.07193107094542,0.026964038362432403,-0.0028307706557048925,0.1924532131540394,-0.188859213219931,4.8867527882282875,-9362.539204513003
4.963645777913159e-11,0.5360545160740394,-2.7297359404928954,0.5360791006754819,-89.28560246646076,0.02696398487167353,-0.003042454191319254,0.19245308201430886,-0.20300079828220702,4.8867526204503,-10062.418678452417
5.0197673995253586e-11,0.536054240460109,-2.7664196617087633,0.5360790193142901,-90.48436410282336,0.026963930958154584,-0.003083061428165424,0.19245294983835984,-0.20572744248884733,4.886752451346662,-10197.479867503844
5.0765235620684206e-11,0.5360539626684024,-2.6475835950237743,0.5360789373102413,-86.60152405193452,0.026963876618533052,-0.002950330116669023,0.19245281661800387,-0.196887269341891,4.886752280906899,-9760.084453761761
5.133921439999912e-11,0.5360536826817107,-2.38004100076914,0.536078854658256,-77.85927989652701,0.026963821849439913,-0.002651857671059048,0.19245268234498786,-0.17698633284189255,4.886752109120455,-8775.384925088145
5.191968288895658e-11,0.5360534004826888,-1.9792473939922604,0.5360787713532147,-64.76306999456482,0.026963766647479476,-0.0022048969043983466,0.19245254701099337,-0.14717503776165744,4.886751935976686,-7300.191963695501
5.250671446366828e-11,0.5360531160538553,-1.4690090889140364,0.5360786873899569,-48.09037781948889,0.02696371100922916,-0.0016359838625206958,0.19245241060763632,-0.10922335486865498,4.886751761464869,-5422.201829652629
5.310038332987587e-11,0.5360528293775897,-0.8801792629355473,0.5360786027632826,-28.84976998687504,0.026963654931239332,-0.0009795293963804337,0.1924522731264662,-0.06542688427464387,4.886751585574195,-3254.901666031816
5.370076453233064e-11,0.5360525404361326,-0.2492885603365141,0.5360785174679491,-8.234531161994724,0.026963598410033082,-0.00027624717501299734,0.19245213455896598,-0.018501997092144784,4.8867514082937715,-932.8200097210001
5.4307933964279195e-11,0.5360522492115848,0.38376003451846674,0.5360784314986737,12.45106629315913,0.026963541442105925,0.0004293719051527774,0.19245199489655093,0.028582664787028037,4.886751229612615,1397.243822148654
5.492196837705815e-11,0.5360519556859046,0.9779090417610427,0.536078344850131,31.865799683869916,0.02696348402392565,0.001091575589331594,0.1924518541305689,0.07277405350548846,4.88675104951966,3584.1011294501864
5.554294538979561e-11,0.5360516598409085,1.4938674437262087,0.536078257516954,48.72540101784492,0.026963426151932104,0.0016665632736695191,0.19245171225229896,0.11114911277537966,4.886750868003748,5483.2022750627075
5.61709434992223e-11,0.5360513616582692,1.8966420492979044,0.536078169493733,61.88678886172517,0.02696336782253695,0.0021153494298169046,0.19245156925295148,0.14110586460241759,4.886750685053639,6965.680818882124
5.680604208959532e-11,0.5360510611195145,2.1584095836219004,0.5360780807750158,70.44042658122564,0.02696330903212347,0.002406923021600621,0.19245142512366742,0.16057426183031803,4.886750500658001,7929.193537562669
5.744832144273226e-11,0.5360507582060253,2.260599721078368,0.5360779913553071,73.77985579016959,0.02696324977704626,0.002520609334762786,0.1924512798555175,0.16817383482509396,4.88675031480541,8305.32289554323
5.8097862748159905e-11,0.5360504528990373,2.1959059239983474,0.536077901229068,71.66596051602207,0.026963190053631122,0.0024482703117618436,0.192451133439502,0.16336057316676106,4.886750127484357,8067.238784144377
5.875474811337639e-11,0.536050145179636,1.9691148902389974,0.5360778103907159,64.25549094502348,0.026963129858174735,0.002195267405881224,0.19245098586655,0.14649124283925496,4.88674993868324,7232.495175259957
5.94190605742316e-11,0.5360498350287582,1.5975252632944887,0.5360777188346243,52.11334947696681,0.026963069186944473,0.0017808883412439513,0.19245083712751887,0.11885193436689864,4.8867497483903595,5864.823700155275
6.009088410542292e-11,0.5360495224271903,1.1099380346860064,0.5360776265551216,36.180975405961455,0.026963008036178175,0.0012372587378058802,0.19245068721319392,0.08258550961616497,4.886749556593937,4070.16932145209
6.077030363110974e-11,0.5360492073555663,0.5451136987037957,0.5360775335464927,17.724579680378557,0.02696294640208389,0.0006075838097249519,0.19245053611428736,0.0405743383793537,4.8867493632820835,1991.2562382788064
6.145740503564984e-11,0.5360488897943675,-0.05116781620640825,0.5360774398029756,-1.7595957322368456,0.026962884280839643,-5.709274680004561e-5,0.1924503838214381,-0.003775920494780291,4.886749168442832,-203.4742068959615
6.215227517445506e-11,0.5360485697239208,-0.629377583549869,0.5360773453187642,-20.65345093292452,0.026962821668593207,-0.0007015710069021113,0.19245023032521108,-0.04678199284027665,4.886748972064111,-2331.6639324806656
6.285500188497098e-11,0.5360482471243976,-1.1405249403546769,0.5360772500880058,-37.35583349283323,0.026962758561461853,-0.001271238148103369,0.19245007561609662,-0.08479948616890196,4.886748774133758,-4213.051384423715
6.356567399777948e-11,0.5360479219758127,-1.5402276405908502,0.5360771541048017,-50.41680144888065,0.026962694955532118,-0.0017166401767149961,0.19244991968450983,-0.11452796139393927,4.886748574639514,-5684.222832166635
6.428438134782888e-11,0.5360475942580227,-1.7931136680453688,0.5360770573632063,-58.68021405198731,0.026962630846859556,-0.0019983533059082506,0.19244976252079032,-0.13333602306788625,4.886748373569018,-6615.040100584316
6.50112147857893e-11,0.5360472639507253,-1.8762295317458697,0.5360769598572277,-61.39632715268999,0.026962566231468494,-0.002090816000347103,0.19244960411520093,-0.13951708229423995,4.886748170909821,-6920.962949467671
6.574626618953623e-11,0.5360469310334577,-1.7819783657061454,0.5360768615808259,-58.31659607281955,0.02696250110535177,-0.001985569246135343,0.19244944445792786,-0.13250565016771657,4.886747966649369,-6574.082410284995
6.648962847576597e-11,0.536046595485595,-1.5193133033173511,0.5360767625279137,-49.733856145530886,0.026962435464470497,-0.0016926180690483934,0.1924492835390795,-0.11296828198237029,4.886747760775007,-5607.297689144217
6.724139561174052e-11,0.5360462572863496,-1.1138472595672244,0.5360766626923551,-36.48474596567017,0.026962369304753833,-0.0012405199884761866,0.1924491213486863,-0.08280957725542966,4.886747553273988,-4114.932632899748
6.8001662627165e-11,0.5360459164147696,-0.605824122159768,0.5360765620679667,-19.884560396090375,0.026962302622098675,-0.0006741538042764356,0.19244895787669972,-0.045023392324312246,4.886747344133455,-2245.0594982551715
6.877052562620171e-11,0.5360455728497374,-0.04690836231680707,0.5360764606485152,-1.6212206121682633,0.026962235412369456,-5.1108544294244407e-5,0.19244879311299196,-0.0034519649539787377,4.886747133340452,-187.8883593571012
6.954808179961755e-11,0.5360452265699688,0.5049170805661376,0.5360763584277186,16.4103348706775,0.026962167671397835,0.0005639738789364775,0.19244862704735488,0.03759152561412688,4.886746920881931,1843.2145437682764
7.033442943707019e-11,0.5360448775540106,0.9910184339175003,0.5360762553992452,32.29443771297706,0.026962099394982477,0.0011057468054846962,0.19244845966949992,0.07374652562515026,4.886746706744726,3632.3881478488593
7.112966793953173e-11,0.536044525780241,1.3587084584027302,0.5360761515567132,44.30919483329608,0.02696203057888877,0.0015154827916042963,0.19244829096905702,0.10109382168241375,4.886746490915575,4985.755568292311
7.19338978318554e-11,0.5360441712268667,1.5671613198910244,0.5360760468936904,51.120819929334424,0.0269619612188486,0.0017476951431827166,0.19244812093557434,0.1165974234611933,4.8867462733811085,5753.001695284101
7.274722077548184e-11,0.5360438138719221,1.592837776515653,0.5360759414036936,51.959871836596975,0.02696189131056,0.0017761550977647275,0.19244794955851727,0.11850615265949951,4.886746054127854,5847.531805658986
7.356973958128938e-11,0.5360434536932684,1.4327815108551776,0.5360758350801887,46.72998807870198,0.026961820849686992,0.0015975925883883948,0.19244777682726796,0.1066006936708124,4.886745833142226,5258.417217273145
7.44015582225916e-11,0.5360430906685917,1.106135492714236,0.5360757279165899,36.05643168807422,0.02696174983185922,0.0012333566255559977,0.19244760273112466,0.08230451083157565,4.886745610410544,4056.160968462036
7.524278184827947e-11,0.5360427247754013,0.6525757704123066,0.5360756199062591,21.235901769748878,0.026961678252671727,0.0007276947117571933,0.19244742725930092,0.04856916867499938,4.886745385919008,2386.7518566751214
7.609351679611355e-11,0.5360423559910292,0.1285264463508426,0.5360755110425057,4.111883340349076,0.026961606107684652,0.00014350504168987596,0.19244725040092509,0.009591004484436878,4.886745159653712,457.91173147988707
7.695387060616495e-11,0.5360419842926283,-0.39950836709155274,0.5360754013185869,-13.142283949248705,0.026961533392423034,-0.00044507114723229033,0.19244707214503964,-0.02968307243880996,4.886744931600645,-1485.6231020242465
7.782395203441086e-11,0.5360416096571705,-0.8629236279934499,0.5360752907277058,-28.285071132477153,0.02696146010237639,-0.0009615703091591172,0.1924468924806004,-0.06415078806491753,4.886744701745679,-3191.2971472315994
7.870387106648144e-11,0.5360412320614459,-1.2002943993685573,0.5360751792630123,-39.3091063250779,0.02696138623299856,-0.0013375262191047134,0.19244671139647593,-0.08924310319303683,4.886744470074575,-4433.066557367986
7.959373893156215e-11,0.536040851482061,-1.3658352955752766,0.536075066917602,-44.71850692976498,0.026961311779707352,-0.0015219235952070127,0.19244652888144656,-0.10155508216714226,4.886744236572985,-5042.367945986507
8.049366811645564e-11,0.5360404678954379,-1.336718523800279,0.536074953684516,-43.767114088527144,0.026961236737884284,-0.0014893288188585917,0.1924463449242042,-0.09938853562531087,4.886744001226447,-4935.218952430414
8.140377237980024e-11,0.5360400812778118,-1.1171252279953414,0.5360748395567403,-36.5917555156048,0.0269611611028743,-0.0012444277437841324,0.19244615951335128,-0.0830549592380593,4.886743764020381,-4126.967554283111
8.232416676644915e-11,0.5360396916052301,-0.7390878679451705,0.5360747245272057,-24.238909249757402,0.02696108486998547,-0.0008229381034159597,0.19244597263740015,-0.0549365785356054,4.886743524940096,-2735.5528015546583
8.325496762201479e-11,0.536039298853551,-0.25873783432848896,0.5360746085887869,-8.542940811988924,0.02696100803448868,-0.00028744769311824685,0.19244578428477227,-0.019208805903678062,4.886743283970783,-967.5361908636653
8.419629260757472e-11,0.5360389029984418,0.25092086250173273,0.5360744917343025,8.110859846327742,0.026960930591617378,0.0002806658231011835,0.19244559444379764,0.018698792280552465,4.886743041097518,908.3407965612882
8.514826071454558e-11,0.5360385040153777,0.7108543961104632,0.5360743739565141,23.139758602530875,0.026960852536567225,0.0007932997025485908,0.19244540310271394,0.05290745520206718,4.886742796305256,2601.2180667850557
8.611099227972341e-11,0.5360381018796397,1.04807002906705,0.5360742552481265,34.15881729315328,0.02696077386449583,0.0011691037564829539,0.192445210249666,0.07798852969597633,4.886742549578835,3842.3956763609117
8.708460900049705e-11,0.5360376965663137,1.2080027874055086,0.5360741356017861,39.384850535264526,0.026960694570522466,0.0013472645109598351,0.19244501587270477,0.08988329724844804,4.88674230090297,4431.073145526368
8.806923395023081e-11,0.5360372880502888,1.1641815586049806,0.5360740150100822,37.95306052115831,0.02696061464972769,0.0012982991941309242,0.1924448199597868,0.08662334786166842,4.886742050262254,4269.781728402825
8.9064991593821e-11,0.536036876306255,0.924229635585872,0.536073893465545,30.11234630168552,0.026960534097153103,0.0010307202123071132,0.19244462249877353,0.06877545628316922,4.886741797641178,3386.61404638345
9.007200780343128e-11,0.5360364613087026,0.5298259150809589,0.5360737709606455,17.224793433240034,0.026960452907801035,0.0005910093778639917,0.19244442347743024,0.039440068374683245,4.8867415430240815,1934.9403857632715
9.10904098744027e-11,0.5360360430319203,0.05105820617726855,0.5360736474877954,1.5804203698965396,0.0269603710766342,5.7299995178077805e-5,0.19244422288342566,0.0038299239694513853,4.886741286395205,172.76425502884578
9.212032654134552e-11,0.5360356214499937,-0.4252883895848262,0.5360735230393469,-13.98478189748797,0.026960288598575424,-0.00047366008609219494,0.19244402070433095,-0.03159970035173397,4.886741027738631,-1580.520855529072
9.316188799441103e-11,0.5360351965368033,-0.8108728319452051,0.5360733976075908,-26.58433047464646,0.026960205468507255,-0.0009034071589343393,0.19244381692761908,-0.06027850609044,4.8867407670383605,-2999.727103876331
9.42152258957507e-11,0.536034768266023,-1.0327563273462745,0.5360732711847578,-33.83467526615617,0.026960121681271713,-0.0011506446937966219,0.19244361154066378,-0.07678118867792286,4.886740504278237,-3816.4224159691366
9.528047339615835e-11,0.5360343366111189,-1.0480145653858266,0.536073143763017,-34.333368225098894,0.02696003723166997,-0.0011675484166551642,0.19244340453073935,-0.07791553487124797,4.886740239441984,-3872.583001555417
9.635776515190057e-11,0.5360339015453475,-0.8538435706380224,0.5360730153344753,-27.988604562906634,0.026959952114461984,-0.0009510089597645392,0.19244319588501912,-0.06347280177536183,4.8867399725132,-3157.9184008168436
9.744723734174039e-11,0.5360334630417533,-0.48967037754095166,0.5360728858911776,-16.08886560743621,0.026959866324366165,-0.0005449990357988548,0.19244298559057518,-0.03638591647418258,4.88673970347535,-1817.5140244110491
9.854902768415043e-11,0.5360330210731682,-0.03109359179556396,0.5360727554251059,-1.1042614932619172,0.026959779856059077,-3.379692970001635e-5,0.19244277363437737,-0.0022775491132208275,4.88673943231177,-129.65314256293624
9.966327545472069e-11,0.5360325756122093,0.4247972331690136,0.5360726239281788,13.792526235527468,0.02695969270417511,0.00047436293397345715,0.19244256000329246,0.031630629410510265,4.886739159005663,1548.3400143024342
1.0079012150376608e-10,0.5360321266312771,0.7792814765670695,0.5360724913922505,25.375828753824894,0.026959604863306105,0.0008694464623165281,0.19244234468408353,0.05799627025139383,4.8867388835401036,2853.07720496761
1.0192970827412991e-10,0.5360316741025539,0.9540763074838344,0.536072357809112,31.08749141799548,0.02695951632800105,0.0010642017945260006,0.19244212766340893,0.07099663129967727,4.886738605898027,3496.453237088194
1.0308217981919039e-10,0.5360312179980024,0.9097405311054769,0.5360722231704884,29.638861466113596,0.02695942709276573,0.0010146880622344998,0.19244190892782148,0.06769853939114646,4.886738326062234,3333.2677636245335
1.0424768182106885e-10,0.5360307582893631,0.6567853874149694,0.53607208746804,21.373244152916243,0.0269593371520624,0.0007326394819379274,0.1924416884637677,0.04888365271940526,4.886738044015398,2402.2359245885877
1.0542636160904736e-10,0.5360302949481539,0.2551422460292198,0.5360719506933607,8.249108220254245,0.026959246500309345,0.00028488345073129684,0.19244146625758715,0.019009935122882887,4.886737759740041,923.9161537987479
1.0661836817819124e-10,0.5360298279456668,-0.19791652808629367,0.5360718128379784,-6.555198353634036,0.026959155131880706,-0.00022014449054200632,0.19244124229551107,-0.014687869978697424,4.88673747321856,-743.6372581297751
1.0782385220818228e-10,0.536029357252967,-0.5904657795248897,0.536071673893354,-19.382236645318418,0.026959063041105957,-0.0006576779405245331,0.19244101656366208,-0.04388470631463404,4.886737184433206,-2188.491616978281
1.0904296608236801e-10,0.5360288828408915,-0.8233538472999756,0.5360715338508807,-26.99223181359851,0.026958970222269635,-0.0009172073816645269,0.1924407890480529,-0.06120616426729796,4.886736893366092,-3045.6748346930444
1.1027586390702292e-10,0.536028404680046,-0.8366725413001992,0.5360713927018836,-27.427458285763105,0.026958876669610967,-0.0009319683852583582,0.1924405597345859,-0.06219623540642873,4.886736599999191,-3094.7093370025805
1.1152270153082944e-10,0.5360279227408042,-0.6270699974525892,0.53607125043762,-20.57850970094051,0.026958782377323524,-0.0006982505291486025,0.19244032860905164,-0.04660598905128436,4.88673630431433,-2323.2305648878064
1.1278363656457692e-10,0.5360274369933062,-0.2514000571917557,0.5360711070492775,-8.303012843518482,0.026958687339554796,-0.00027944476959354,0.19244009565712875,-0.01866398651241547,4.886736006293192,-940.5227272725939
1.1405882840108751e-10,0.5360269474074548,0.18660479955330503,0.5360709625279738,6.009318949930424,0.026958591550405933,0.00020880307774969676,0.19243986086438222,0.01391402447322026,4.88673570591732,671.6348956868236
1.153484382353634e-10,0.5360264539529158,0.5633176720452119,0.5360708168647571,18.31894711915346,0.02695849500393126,0.0006286892972157658,0.19243962421626326,0.04193312150871386,4.886735403168111,2058.187762249968
1.1665262908496204e-10,0.536025956599115,0.7703010515620534,0.5360706700506042,25.082404983799396,0.026958397694138003,0.0008593464890354414,0.1924393856981079,0.05732774619379511,4.886735098026808,2820.0364358785773
1.1797156581060546e-10,0.5360254553152359,0.7467090230606047,0.536070522076421,24.31158521675946,0.026958299614985803,0.0008329730346180265,0.19243914529513592,0.05557262622116973,4.886734790474511,2733.201778805564
1.1930541513701877e-10,0.5360249500702192,0.499984154269689,0.5360703729330418,16.249547082221238,0.02695820076038648,0.0005578846538563259,0.19243890299245084,0.03722123682426516,4.886734480492174,1825.099198955987
1.2065434567400428e-10,0.5360244408327599,0.10627551292336213,0.5360702226112278,3.3846653866092766,0.026958101124203517,0.000118986837035021,0.19243865877503794,0.007937741068840065,4.886734168060593,375.98385265619544
1.2201852793775777e-10,0.5360239275713052,-0.31029824134255884,0.5360700711016679,-10.227447553996967,0.026958000700251752,-0.00034535956073559906,0.19243841262776398,-0.02304629259399444,4.886733853160418,-1157.2822197456055
1.2339813437242153e-10,0.5360234102540528,-0.6158091302872648,0.5360699183949766,-20.210406693894516,0.026957899482296946,-0.0006858657607638877,0.1924381645353759,-0.045769345066779626,4.886733535772143,-2281.77627864805
1.2479333937188348e-10,0.5360228888489492,-0.7099135182107005,0.536069764481695,-23.28545884986969,0.026957797464055477,-0.0007906975880301896,0.19243791448250025,-0.05276832891834546,4.886733215876109,-2628.1431759999755
1.2620431930182045e-10,0.5360223633236876,-0.5613435646535064,0.536069609352289,-18.43076150431018,0.026957694639193803,-0.0006250204168503607,0.19243766245364177,-0.04171752423190393,4.886732893452502,-2081.3162799159804
1.276312525219947e-10,0.5360218336457058,-0.22137835970153213,0.5360694529971494,-7.322019282962336,0.026957591001328222,-0.0002460201139334021,0.1924374084331829,-0.0164313084385682,4.886732568481348,-830.0140401532328
1.290743194087991e-10,0.5360212997821835,0.19033386490438775,0.536069295406591,6.131225851709347,0.02695748654402434,0.00021292053025275982,0.1924371524053825,0.014191206516195902,4.886732240942523,685.3577550279338
1.305337023780565e-10,0.536020761700042,0.5260784920332983,0.5360691365708518,17.102105338760595,0.02695738126079675,0.000587140555849812,0.19243689435437497,0.03916306710293605,4.886731910815737,1921.1309297055816
1.3200958590808165e-10,0.53602021936594,0.6628132276484974,0.5360689764800932,21.570150713811984,0.026957275145108577,0.0007395006859659116,0.19243663426416918,0.049332866183050494,4.88673157808054,2424.405900110981
1.335021565629988e-10,0.5360196727462737,0.5496731435576208,0.5360688151243985,17.873169172217978,0.026957168190371108,0.0006133212729478679,0.19243637211864761,0.040917301304221707,4.886731242716325,2007.9839949308416
1.3501160301632605e-10,0.5360191218071723,0.2302929896958247,0.5360686524937726,7.4370669280590205,0.02695706038994335,0.0002572679238959001,0.19243610790156496,0.017162166748439577,4.886730904702318,832.4488883790419
1.3653811607482322e-10,0.5360185665144984,-0.16995249856771522,0.5360684885781416,-5.641485197698373,0.02695695173713162,-0.00018889158519836248,0.19243584159654853,-0.01260747331483387,4.886730564017583,-640.7179445902805
1.3808188870261446e-10,0.536018006833844,-0.49093727353020156,0.5360683233673517,-16.130068523426168,0.026956842225189143,-0.0005466609591096019,0.19243557318709487,-0.03648153784241093,4.886730220641016,-1822.1644149142048
1.39643116045579e-10,0.5360174427305298,-0.6015346823905874,0.5360681568511694,-19.744038826960026,0.026956731847315587,-0.0006698895835738901,0.19243530265657074,-0.04470730606258982,4.88672987455135,-2229.236570238856
1.4122199545601782e-10,0.5360168741696011,-0.45597659431227916,0.5360679890192798,-14.987755622237321,0.026956620596656673,-0.0005075803246122892,0.19243502998821124,-0.03388058743498874,4.88672952572715,-1693.493797049328
1.4281872651760347e-10,0.5360163011158282,-0.11675456359158017,0.5360678198612867,-3.9032868999273487,0.02695650846630372,-0.00012941811850109122,0.19243475516511868,-0.008649696361881485,4.886729174146805,-444.9269641471582
1.444335110706079e-10,0.5360157235337016,0.2677708850176821,0.5360676493667118,8.661596932201668,0.02695639544929325,0.00029920886805805623,0.19243447817026205,0.01995065657278974,4.886728819788542,970.3806311011823
1.46066553237415e-10,0.5360151413874319,0.5262181126927992,0.5360674775249941,17.106692025911585,0.026956281538606488,0.0005872618397973776,0.19243419898647546,0.039173256554287744,4.886728462630411,1921.6470371231621
1.4771805944832655e-10,0.5360145546409466,0.5410465522884751,0.5360673043254884,17.591286212531056,0.026956166727168974,0.0006037383708987061,0.1924339175964573,0.04027590058462353,4.886728102650286,1976.225338072097
1.4938823846765475e-10,0.5360139632578879,0.30588782307811835,0.5360671297574666,9.907182844446362,0.026956051007850094,0.0003415620949423996,0.19243363398276925,0.022784907435930982,4.886727739825876,1110.690922162911
1.510773014201127e-10,0.5360133672016101,-0.06703751238180303,0.536066953810115,-2.27859742162303,0.026955934373462657,-7.41519750566698e-5,0.1924333481278349,-0.004952680683804309,4.8867273741347,-261.92764195194906
1.527854618175004e-10,0.5360127664351783,-0.396202758652122,0.5360667764725344,-13.034525213831545,0.02695581681676241,-0.0004410519878701554,0.1924330600139391,-0.029435336397474542,4.886727005554113,-1473.47413389705
1.5451293558569745e-10,0.5360121609213656,-0.5183738998003001,0.5360665977337402,-17.02663264491859,0.02695569833044757,-0.0005771899743319336,0.19243276962322617,-0.03852191387695368,4.886726634061281,-1923.1533563510936
1.5625994109195648e-10,0.53601155062265,-0.37193837881592323,0.5360664175826599,-12.241715434567942,0.026955578907158426,-0.0004139119833076431,0.19243247693769963,-0.02763005801665851,4.8867262596332,-1384.1718935226477
1.5802669917250475e-10,0.536010935501214,-0.03342181247847329,0.5360662360081345,-1.1802517618504547,0.026955458539476822,-3.6542893080838825e-5,0.19243218193922057,-0.0024516077830467674,4.88672588224667,-138.2094507345419
1.598134331604633e-10,0.53601031551894,0.317620230917093,0.5360660529989164,10.29048223942454,0.026955337219925723,0.00035475263664948905,0.1924318846095065,0.023658195954049763,4.886725501878316,1153.8654844817831
1.6162036891407564e-10,0.5360096906374097,0.49120925047572916,0.5360658685436691,15.962768343390879,0.026955214940968735,0.0005482141269778079,0.19243158493013046,0.03656925615532177,4.886725118504586,1792.7886755380434
1.6344773484525943e-10,0.5360090608179005,0.3919046109610541,0.5360656826309664,12.717873798363962,0.026955091695009484,0.0004374736513857445,0.19243128288251973,0.029182855170520033,4.886724732101726,1427.2880419954265
1.6529576194847739e-10,0.5360084260213839,0.07631818110421025,0.5360654952492924,2.405720096473223,0.02695496747439161,8.566363741552163e-5,0.19243097844795462,0.0057099635877180385,4.886724342645797,265.7164805743659
1.6716468382994028e-10,0.5360077862085225,-0.27296162043042355,0.5360653063870393,-9.007464539899987,0.02695484227139769,-0.0003036721282465366,0.19243067160756736,-0.02026885466158929,4.88672395011269,-1019.8645003708854
1.690547367371351e-10,0.5360071413396689,-0.4501696716133576,0.5360651160325082,-14.797969036290764,0.026954716078249046,-0.0005011702419236869,0.19243036234234126,-0.033449047322443436,4.886723554478086,-1672.115231017694
1.7096615958868686e-10,0.5360064913748604,-0.34901155335270195,0.5360649241739072,-11.492542875085208,0.026954588887105356,-0.0003883677872659991,0.19243005063310886,-0.025924869666257896,4.886723155717474,-1299.7850941428542
1.7289919400456356e-10,0.53600583627382,-0.03246179007614358,0.5360647307993526,-1.1488744048389463,0.02695446069006376,-3.548616886817712e-5,0.19242973646055123,-0.0023802827760922777,4.88672275380616,-134.67469082291052
1.748540843366173e-10,0.5360051759959513,0.3002397117155367,0.5360645358968649,9.722560864816565,0.026954331479158853,0.00033536630508015024,0.19242941980519665,0.02236539418343728,4.886722348719249,1089.8942070173562
1.7683107769947025e-10,0.5360045105003367,0.43558739180259143,0.536064339454371,14.14525773381408,0.026954201246361966,0.0004862035938164447,0.1924291006474195,0.03243214540509779,4.886721940431649,1588.063785405752
1.7883042400175606e-10,0.5360038397457358,0.28554317249316774,0.5360641414597026,9.242380346532977,0.02695406998358055,0.00031891128610705684,0.19242877896743868,0.02127187041203162,4.886721528918067,1035.8064418958652
1.8085237597770777e-10,0.5360031636905814,-0.04879065361661038,0.5360639419005945,-1.6823780463099283,0.026953937682657848,-5.3785398732118985e-5,0.19242845474531678,-0.0035953601453711974,4.886721114153018,-194.76851658638302
1.8289718921910687e-10,0.536002482292978,-0.33833820571506895,0.5360637407646849,-11.143739398145385,0.02695380433537227,-0.00037652766072636266,0.19242812796095873,-0.025131335521909888,4.886720696110809,-1260.495892441808
1.849651222075896e-10,0.5360017955106986,-0.3812475495962576,0.5360635380395146,-12.54586560739153,0.02695366993343692,-0.0004243219157420301,0.19242779859411038,-0.028322620717855074,4.886720274765547,-1418.4369113600576
1.870564363473252e-10,0.5360011033011823,-0.1475892443207061,0.5360633337125255,-4.91081690945172,0.02695353446849904,-0.0001638334614598006,0.19242746662435758,-0.010943374079868853,4.886719850091134,-558.4166773563697
1.891713959980576e-10,0.5360004056215317,0.19162870958828923,0.5360631277710607,6.17357490935973,0.02695339793213953,0.00021429542579236692,0.19242713203112438,0.014287108432252883,4.886719422061265,690.1298418017614
1.913102685085207e-10,0.5359997024285102,0.3840324566350247,0.5360629202023627,12.460615474071204,0.026953260315872373,0.0004287411892296018,0.19242679479367242,0.02859758805937005,4.8867189906494275,1398.3096963471864
1.9347332425023753e-10,0.5359989936785388,0.2839714513677904,0.5360627109935737,9.191030933203807,0.026953121611144118,0.00031716911867025576,0.19242645489109905,0.02115504957983191,4.886718555828899,1030.017658726757
1.9566083665169488e-10,0.5359982793276948,-0.029946570564179684,0.536062500131734,-1.0666435814902226,0.026952981809333358,-3.277177181412715e-5,0.19242611230233636,-0.002193746581345007,4.886718117572747,-125.40724341879651
1.978730822329082e-10,0.5359975593317069,-0.3086694285637293,0.5360622876037816,-10.174263989262569,0.026952840901750142,-0.0003434495437958959,0.19242576700614977,-0.022924563370099026,4.886717675853827,-1151.2983202570506
2.0011034064037333e-10,0.535996833645955,-0.32701551639577414,0.5360620733965515,-10.773780026879148,0.02695269887963548,-0.0003638678692741592,0.19242541898113685,-0.024288949661879073,4.886717230644777,-1218.8238312531048
2.0237289468242044e-10,0.5359961022254649,-0.07086902686646702,0.536061857496774,-2.4038696819938483,0.026952555734160725,-7.831724525566535e-5,0.19242506820572555,-0.005237056899529341,4.886716781918021,-276.0373738467712
2.0466103036496124e-10,0.5359953650249079,0.24312522387363258,0.5360616398910755,7.856282668566699,0.02695241145642706,0.0002716875272989143,0.1924247146581735,0.01811724391818363,4.886716329645764,879.6752285273451
2.0697503692764035e-10,0.5359946219985957,0.344657643598733,0.5360614205659757,11.174014466307709,0.02695226603746495,0.0003848381313176006,0.19242435831656626,0.025668910116426785,4.886715873799993,1253.3820612599993
2.0931520688040192e-10,0.5359938731004794,0.14550894288798022,0.5360611995078886,4.666582153520942,0.026952119468233532,0.00016281996249050055,0.19242399915881572,0.010856398066979996,4.886715414352471,520.385810936294
2.1168183604046334e-10,0.5359931182841456,-0.1747854822010508,0.5360609767031201,-5.7994329555004995,0.026951971739620058,-0.0001942140140722892,0.19242363716265945,-0.012966536987518498,4.886714951274741,-658.5150629225424
2.1407522356970668e-10,0.535992357502814,-0.3226550811094813,0.5360607521378687,-10.631287739325607,0.026951822842439334,-0.00035902082451803207,0.19242327230565873,-0.023964705165206653,4.886714484538113,-1202.7736241507612
2.1649567201249972e-10,0.5359915907093341,-0.16084170898370512,0.5360605257982232,-5.343835698732044,0.026951672767433127,-0.00017862010763135293,0.1924229045651972,-0.011929129909614087,4.886714014113689,-607.1963339664858
2.1894348733393728e-10,0.5359908178561823,0.15524367163405098,0.5360602976701625,4.984642336974666,0.026951521505269593,0.00017372488445296347,0.1924225339184798,0.011580761230413843,4.886713539972328,556.2121033717189
2.2141897895851902e-10,0.5359900388954598,0.31737647346517744,0.5360600677395552,10.282563182081413,0.026951369046542644,0.00035443337351456875,0.19242216034253085,0.02363981502719491,4.886713062084654,1152.9687534979696
2.2392245980926062e-10,0.5359892537788884,0.16538659910847509,0.5360598359921576,5.316106341375489,0.026951215381771382,0.00018498407169769944,0.19242178381419325,0.01233490231262646,4.886712580421073,593.5483245617328
2.2645424634725403e-10,0.5359884624578085,-0.14542784309341333,0.5360596024136137,-4.840137871186785,0.026951060501399535,-0.00016148514084318038,0.1924214043101264,-0.010782945082701218,4.886712094951749,-550.4594286918647
2.2901465861166905e-10,0.5359876648831746,-0.29287603629114417,0.5360593669894543,-9.658219448651666,0.026950904395794808,-0.00032582523832167003,0.192421021806805,-0.02174978524339213,4.8867116056466084,-1093.1669326446395
2.3160402026020613e-10,0.5359868610055546,-0.12228183649093914,0.5360591297050954,-4.083841803378391,0.026950747055248237,-0.00013563981795233787,0.19242063628051795,-0.00906112834402766,4.8867111124753455,-465.26983206478764
2.3422265861001444e-10,0.5359860507751245,0.18126946015706513,0.5360588905458381,5.835072415091392,0.026950588469973686,0.00020273019236405042,0.19242024770736624,0.01351648266977335,4.886710615407416,652.0047824309473
2.368709046790644e-10,0.5359852341416669,0.2835783351890317,0.5360586494968673,9.178169266869004,0.0269504286301071,0.0003167525751760131,0.1924198560632619,0.02112593228771403,4.886710114412025,1028.5694732177808
2.3954909322799246e-10,0.5359844110545661,0.07113086928983507,0.5360584065432505,2.23618114334156,0.026950267525705965,7.991679609275706e-5,0.19241946132392623,0.005324323065018203,4.886709609458142,246.6239029223351
2.422575628024147e-10,0.5359835814628073,-0.21164112903889715,0.5360581616699375,-7.003747084274112,0.02695010514674866,-0.00023528518878949988,0.19241906346488863,-0.01570772980601511,4.886709100514495,-794.1692381422907
2.4499665577572654e-10,0.5359827453149717,-0.23442337764372392,0.5360579148617592,-7.748210289154445,0.0269499414831338,-0.0002606580740741176,0.19241866246148476,-0.017402119081886214,4.886708587549555,-878.0227574013815
2.477667183923794e-10,0.535981902559233,0.02834214863770341,0.5360576661034261,0.8379877701122642,0.026949776524679597,3.226149054587145e-5,0.19241825828885512,0.0021420260639046715,4.886708070531548,89.1275678199819
2.505681008116462e-10,0.5359810531433561,0.2562578667692326,0.5360574153795287,8.285422230006438,0.026949610261123226,0.0002863082264911515,0.19241785092194347,0.019093924565918605,4.886707549428452,928.0131946113521
2.5340115715188953e-10,0.5359801970146919,0.1672684230202862,0.5360571626745351,5.37760206201532,0.02694944268212023,0.00018708978234369225,0.19241744033549546,0.012474931498113734,4.886707024207988,600.4719276799744
2.562662455353228e-10,0.5359793341201753,-0.12427194890102328,0.5360569079727909,-4.148855969291171,0.02694927377724372,-0.00013789628763428947,0.1924170265040567,-0.009209384952499837,4.886706494837617,-472.58988228459486
2.5916372813327704e-10,0.5359784644063214,-0.2418764102607002,0.5360566512585179,-7.991734420109913,0.026949103535983857,-0.0002689724156817414,0.19241660940197142,-0.017956485736690366,4.886705961284572,-905.4564458090965
2.62093971211988e-10,0.5359775878192218,-0.03208376288668615,0.5360563925158133,-1.136512018835116,0.02694893194774711,-3.509942104044334e-5,0.19241618900338098,-0.002352386521985287,4.886705423515775,-133.27805893377146
2.650573451788915e-10,0.5359767043045418,0.22199344956849398,0.5360561317286483,7.165796385240186,0.026948759001855588,0.0002481152218609693,0.19241576528222193,0.01654541920400417,4.8867048814979315,801.8950952648759
2.6805422462944787e-10,0.5359758138075172,0.17333562547288156,0.536055868880868,5.575845142028602,0.026948584687546396,0.0001938559672013179,0.1924153382122246,0.012926203857757274,4.886704335197468,622.8049841406474
2.710849883944904e-10,0.5359749162729504,-0.10842904983384198,0.5360556039561893,-3.6311623183444492,0.026948408993970902,-0.00012023375499294703,0.19241490776691153,-0.008030990213257153,4.886703784580547,-414.27944459762676
2.741500195881183e-10,0.5359740116452066,-0.22173880339940585,0.5360553369382006,-7.333720777604659,0.02694823191019409,-0.0002465247914555501,0.19241447391959562,-0.016458696977507525,4.886703229613059,-831.3347049537414
2.7724970565612274e-10,0.5359730998682117,-0.00401847499896755,0.5360550678103608,-0.21943393095532168,0.026948053425193855,-3.8166502463666555e-6,0.1924140366433786,-0.00026493570855752054,4.886702670260631,-29.980663411319746
2.803844384249604e-10,0.5359721808854473,0.2214475756892081,0.5360547965559976,7.147953856661896,0.02694787352786028,0.00024750298607565643,0.1924135959111493,0.016504783990323173,4.886702106488616,799.8879804869376
2.835546141512892e-10,0.5359712546399485,0.11562210318491432,0.5360545231583076,3.6899907910886878,0.026947692206994958,0.00012952144561814087,0.19241315169558207,0.00863357693203081,4.886701538262089,410.3788145871297
2.867606335720551e-10,0.5359703210742988,-0.1567343751360668,0.5360542476003538,-5.2096103756939804,0.02694750945131026,-0.00017407593515123535,0.1924127039691349,-0.011623846690962671,4.88670096554586,-592.0739999155666
2.900029019551501e-10,0.5359693801306286,-0.16935650673468344,0.5360539698650663,-5.6220586291859345,0.02694732524942859,-0.0001881288420094454,0.19241225270404777,-0.01256254966575739,4.886700388304452,-638.5348001614693
2.9328182915063774e-10,0.5359684317506094,0.09588893269070765,0.5360536899352393,3.0451619051299463,0.02694713958988175,0.00010754823177408215,0.19241179787234106,0.007165981745820221,4.886699806502112,337.74746891175505
2.965978296425677e-10,0.5359674758754519,0.2067161661136393,0.5360534077935316,6.666598289418915,0.02694695246111008,0.00023107439488069558,0.1924113394458136,0.015409055127780819,4.886699220102799,745.6653934553646
2.99951322601367e-10,0.5359665124459012,-0.018388997451335758,0.5360531234224649,-0.6889982379216307,0.02694676385146189,-1.9862872009861516e-5,0.19241087739604107,-0.0013339598095435876,4.886698629070189,-82.87018685537613
3.0334273193682326e-10,0.5359655414022341,-0.19805209324975218,0.536052836804423,-6.559718129327996,0.026946573749192522,-0.00022012440439067845,0.19241041169437417,-0.014696927781904026,4.886698033367679,-744.1531433226247
3.0677248635167735e-10,0.5359645626842544,-0.024717932397683825,0.5360525479216496,-0.8958192895235642,0.026946382142463754,-2.6894605818160232e-5,0.19240994231193673,-0.0018045611358087112,4.8866974329583694,-106.16660454134234
3.1024101939581136e-10,0.5359635762312898,0.19575280333581077,0.5360522567562489,6.308352278787946,0.02694618901934299,0.0002188594779617625,0.19240946921962418,0.014593653114663438,4.886696827805068,705.3124818929467
3.1374876952105e-10,0.5359625819821877,0.0712845928361227,0.5360519632901837,2.241198592584085,0.026945994367802484,8.009974140845293e-5,0.1924089923881014,0.005335826903299194,4.8866962178702895,247.18850070369314
3.1729618013659086e-10,0.5359615798753121,-0.1697085044100005,0.5360516675052736,-5.6335532158927055,0.026945798175718565,-0.00018853328346663496,0.1924085117878012,-0.012588801267965303,4.886695603116254,-639.8294202700318
3.20883699665051e-10,0.5359605698485387,-0.08184599524707742,0.5360513693831946,-2.7625491476429103,0.026945600430870943,-9.05785374945807e-5,0.19240802738892218,-0.006053666015645731,4.8866949835048885,-316.43601894494253
3.245117815991535e-10,0.5359595518392521,0.1665132797266614,0.536051068905479,5.3529123269951295,0.026945401120941837,0.00018626771467056963,0.1924075391614271,0.012418876462886199,4.886694358997812,597.6913514250697
3.281808845590479e-10,0.5359585257843412,0.09957245239884215,0.5360507660535117,3.165539090615985,0.02694520023351521,0.0001116346729875757,0.19240704707504117,0.007439843475136855,4.886693729556339,351.3065817272279
3.3189147235029103e-10,0.5359574916201957,-0.14932567994224724,0.536050460808531,-4.967518567510343,0.02694499775607601,-0.00016581272712782265,0.19240655109924948,-0.01107276351521494,4.886693095141475,-564.8068936514811
3.3564401402247217e-10,0.5359564492827017,-0.08557234857668514,0.5360501531516275,-2.884311370857784,0.026944793676009358,-9.473366758208181e-5,0.19240605120329587,-0.006330833227395262,4.886692455713936,-330.15144171331957
3.3943898392850135e-10,0.5359553987072376,0.15872938726448133,0.5360498430637413,5.098564024495648,0.026944587980599708,0.00017759019079999764,0.19240554735618065,0.011839918912118153,4.886691811234112,569.041507550158
3.432768617845788e-10,0.5359543398286716,0.08120065935230503,0.5360495305256624,2.5652173533923013,0.026944380657030045,9.11559769098932e-5,0.1924050395266586,0.006073383699956945,4.886691161662081,283.68598365274084
3.4715813273083015e-10,0.5359532725813552,-0.15289442160738262,0.5360492155180294,-5.084133039354747,0.02694417169238113,-0.00016978917305964335,0.19240452768323724,-0.011338191278368688,4.8866905069576,-577.94233396074
3.51083287392635e-10,0.5359521968991209,-0.04510914567856728,0.5360488980213275,-1.5621247563663334,0.026943961073630597,-4.962886510362628e-5,0.19240401179417468,-0.003321247246273994,4.88668984708013,-181.21977149619295
3.5505282194264083e-10,0.5359511127152776,0.16756230031532504,0.536048578015887,5.387192137404958,0.0269437487876521,0.00018743374956531686,0.19240349182747774,0.012496880946598425,4.886689181988792,601.5527723579826
3.5906723816349096e-10,0.5359500199626066,0.017550025943144337,0.5360482554818838,0.4853525776545733,0.02694353482121459,2.0203767653120672e-5,0.19240296775089988,0.0013391553378619974,4.886688511642382,49.408954954535304
3.6312704351125045e-10,0.5359489185733567,-0.15592991065699333,0.5360479303993367,-5.183323979221068,0.02694331916098132,-0.00017316940804551478,0.19240243953193945,-0.011563946260079935,4.886687835999388,-589.1151721527084
3.6723275117954893e-10,0.5359478084792406,0.0409933192796056,0.5360476027481065,1.251382773275061,0.026943101793509127,4.6350200123506005e-5,0.1924019071378371,0.0030829089668229,4.886687155017959,135.69499922619633
3.713848801644603e-10,0.5359466896114312,0.1489215097384638,0.5360472725078946,4.778083252883637,0.02694288270524746,0.00016665047398180846,0.19240137053557432,0.011110385595806639,4.886686468655905,532.9424970472218
3.755839553301029e-10,0.5359455619005558,-0.08344493164231595,0.5360469396582427,-2.8147863924881613,0.026942661882537612,-9.237495513958673e-5,0.19240082969187117,-0.006172672222781207,4.886685776870721,-322.3203268976604
3.798305074749899e-10,0.5359444252766931,-0.09796829549491091,0.5360466041785301,-3.2893578508141497,0.0269424393116117,-0.00010855459557316083,0.19240028457318406,-0.007252833220652126,4.886685079619554,-375.7778411545139
3.841250733991207e-10,0.5359432796693683,0.13731376682163401,0.5360462660479733,4.398777755069954,0.02694221497859198,0.00015371644704681165,0.19239973514570388,0.010247044826356024,4.886684376859215,490.2189959864645
3.8846819597184533e-10,0.5359421250075486,0.03990146839833976,0.5360459252456247,1.2157174470170433,0.026941988869489755,4.5121079309085575e-5,0.19239918137535375,0.0030016360858987324,4.886683668546174,131.6759481748808
3.9286042420048393e-10,0.535940961219639,-0.14125160220102762,0.536045581750371,-4.7036958007951055,0.026941760970204627,-0.00015680758373902727,0.19239862322778672,-0.010472206146494136,4.886682954636559,-535.0880062208448
3.973023132997213e-10,0.5359397882334787,0.054305602664794485,0.5360452355409321,1.6863836350478103,0.026941531266523492,6.118813084643676e-5,0.19239806066838436,0.0040730525581152855,4.886682235086146,184.69211601001402
4.017944247617993e-10,0.5359386059763342,0.11674234355790769,0.5360448865958597,3.7265846892373244,0.026941299744119705,0.00013077913216818517,0.1923974936622535,0.00871694168177516,4.8866815098503675,414.50275032264216
4.063373264274886e-10,0.5359374143748971,-0.11496314654328699,0.5360445348935358,-3.8446816126654078,0.026941066388552093,-0.00012750614832261043,0.19239692217422508,-0.008516923863380198,4.886680778884302,-438.3297442565376
4.1093159255787137e-10,0.5359362133552787,-0.020309166985795796,0.5360441804121717,-0.7517517403896458,0.026940831185264077,-2.1986597319866935e-5,0.1923963461688511,-0.0014766798789755493,4.886680042142669,-89.93915509168535
4.1557780390692696e-10,0.5359350028430054,0.13923983546129887,0.5360438231298066,4.461720777402346,0.026940594119582675,0.00015585981060557583,0.19239576561040314,0.01039028736870348,4.886679299579837,497.3074176811499
4.202765477949526e-10,0.5359337827630141,-0.07317460224759528,0.536043463024306,-2.4791909864280726,0.02694035517671765,-8.092486741388871e-5,0.19239518046286963,-0.005408772058921712,4.8866785511498065,-284.5188405000075
4.250284181828016e-10,0.5359325530396467,-0.0614850165734781,0.5360431000733603,-2.0972205319771904,0.02694011434176045,-6.788690407919201e-5,0.19239459068995385,-0.004539272151976256,4.886677796806225,-241.49478272129178
4.298340157469606e-10,0.5359313135966475,0.13695028227954734,0.5360427342544837,4.3869025470069465,0.026939871599683352,0.0001533087180445053,0.19239399625507148,0.010219995432819606,4.886677036502365,488.88122382213606
4.346939479554884e-10,0.535930064357156,-0.047887372937986956,0.5360423655450127,-1.6528955011071864,0.026939626935338367,-5.2736688248729944e-5,0.1923933971213485,-0.003527943843019331,4.886676270191126,-191.44586164042155
4.3960882914480154e-10,0.5359288052437037,-0.07279521150648675,0.5360419939221047,-2.466798226323533,0.026939380333456456,-8.04953281415738e-5,0.19239279325161893,-0.005380515199996625,4.886675497825053,-283.12288410102525
4.445792805973264e-10,0.5359275361782088,0.13103420640451474,0.5360416193627362,4.193590316966154,0.02693913177864629,0.00014671424469296125,0.192392184608422,0.009779973706661234,4.886674719356289,467.1051617936114
4.4960593062004365e-10,0.5359262570819711,-0.04659112688708751,0.5360412418437024,-1.610542375459223,0.026938881255393513,-5.1291400604658076e-5,0.1923915711540006,-0.003431533819135444,4.886673934736632,-186.67392737218105
4.5468941462390573e-10,0.5359249678756675,-0.06224947838908269,0.5360408613416144,-2.1221999453648293,0.026938628748059544,-6.873993935559105e-5,0.19239095285029822,-0.00459613701471635,4.8866731439174655,-244.30840311558958
4.598303752041614e-10,0.5359236684793465,0.12781943390861478,0.5360404778328989,4.08854098584598,0.026938374240880684,0.0001431300722786552,0.19239032965895717,0.009540856288892246,4.886672346849817,455.2735644256401
4.6502946222157817e-10,0.5359223588124243,-0.06848631696178342,0.5360400912937959,-2.3259929755970776,0.026938117717967072,-7.569753600365523e-5,0.19238970154131552,-0.005060053353271538,4.886671543484307,-267.2638166603637
4.702873328846005e-10,0.5359210387936784,-0.026994915403092144,0.536039701700358,-0.9702154046392744,0.02693785916330159,-2.9441135149102834e-5,0.19238906845840528,-0.0019739647469881115,4.8866707337711786,-114.54713090945711
4.756046518324214e-10,0.5359197083412431,0.11376262282142256,0.5360393090284481,3.629220366494384,0.026937598560738914,0.00012745976387689342,0.19238843037094974,0.008495332296763611,4.886669917660273,403.53429682954254
4.809820912189934e-10,0.5359183673726052,-0.09872708113292789,0.5360389132537386,-3.3141516515185327,0.026937335894004478,-0.00010940626241265967,0.1923877872393609,-0.007309309178995695,4.886669095101041,-378.5693323369864
4.864203307980041e-10,0.5359170158045975,0.03335413512976136,0.5360385143517095,1.0017688831419966,0.026937071146693328,3.78306815417552e-5,0.19238713902373697,0.002514701089117461,4.886668266042531,107.57701306392197
4.919200580087971e-10,0.5359156535533943,0.06719611486600412,0.536038112297647,2.107599039037238,0.026936804302269097,7.555026073147605e-5,0.1923864856838604,0.00503178197169408,4.886667430433393,232.13920588920718
4.974819680632726e-10,0.5359142805345061,-0.10605861523934212,0.536037707066642,-3.5537174962530274,0.026936535344063033,-0.00011757707189303255,0.19238582717919453,-0.00785460290138459,4.886666588221861,-405.5551754017511
5.031067640337614e-10,0.5359128966627749,0.10007438873777462,0.5360372986335883,3.1819359258742406,0.026936264255272777,0.00011220349419301669,0.19238516346888185,0.007477232995564085,4.886665739355769,353.15309927781533
5.087951569419096e-10,0.5359115018523674,-0.024567331789336254,0.5360368869731814,-0.8908851223290335,0.026935991018961304,-2.6739905547082224e-5,0.1923844945117408,-0.0017934291160358496,4.886664883782546,-105.61253044405818
5.145478658485528e-10,0.5359100960167712,-0.041784730874192356,0.5360364720599171,-1.4534904095767316,0.026935715618055925,-4.592861583450543e-5,0.19238382026626363,-0.0030740125757498043,4.886664021449183,-168.98352499565735
5.203656179446057e-10,0.5359086790687886,0.1025566160330737,0.5360360538680888,3.2630495180398356,0.026935438035347075,0.00011496853024006748,0.19238314069061366,0.007661849139121329,4.886663152302278,362.28870683219225
5.262491486429957e-10,0.5359072509205315,-0.09869443957513298,0.5360356323717878,-3.3130853682355617,0.026935158253487218,-0.00010936903774236336,0.1923824557426226,-0.007306876129828723,4.8866622762879794,-378.4492928415902
5.321992016716207e-10,0.5359058114834149,0.07382984890607884,0.5360352075448992,2.324364518792474,0.026934876254989724,8.294841313458402e-5,0.19238176537978796,0.005525210988301328,4.8866613933520355,256.5548930050862
5.382165291673566e-10,0.5359043606681533,-0.005856117745585802,0.536034779361103,-0.27947497441270697,0.026934592022227803,-5.881799756151846e-6,0.19238106955927053,-0.0004017203146506756,4.8866605034397566,-36.74205255480344
5.443018917711444e-10,0.5359028983847535,-0.042288461144099856,0.5360343477938706,-1.4699480620195124,0.026934305537433204,-4.649054636704062e-5,0.19238036823789134,-0.0031114786673504978,4.886659606496013,-170.83825797322908
5.50456058724135e-10,0.5359014245425094,0.09330406327121961,0.5360339128164633,2.960708627114588,0.026934016782695223,0.00010465455070770901,0.19237966137212947,0.006973656533791028,4.886658702465254,328.2338013636671
5.566798079649313e-10,0.5358999390499966,-0.09832277618063404,0.5360334744019318,-3.300939150512146,0.02693372573995944,-0.00010895421632526907,0.19237894891811883,-0.0072792266405809925,4.886657791291475,-377.0820352171795
5.629739262279182e-10,0.5358984418150667,0.09838408466336049,0.5360330325231133,3.126703783078519,0.026933432391026534,0.00011031860386095727,0.19237823083164562,0.007351507404268808,4.8866568729182385,346.93165840024534
5.693392091427238e-10,0.5358969327448412,-0.05985557669215325,0.5360325871526302,-2.043974083504958,0.02693313671755121,-6.607512743786188e-5,0.1923775070681457,-0.004418104606815215,4.886655947288659,-235.49696519818232
5.757764613347891e-10,0.5358954117457053,0.032329465905756714,0.536032138262889,0.9682852894776155,0.02693283870104088,3.668690308008918e-5,0.1923767775827015,0.002438475700812691,4.8866550143454015,103.80641703541117
5.822864965270724e-10,0.5358938787233039,0.016045634952310827,0.5360316858260774,0.43619392282821245,0.026932538322854468,1.8533163495553837e-5,0.1923760423300396,0.001227302956484598,4.886654074030678,43.870331884560585
5.888701376429227e-10,0.5358923335825332,-0.03868859456348247,0.5360312298141637,-1.3523193087274865,0.026932235564201296,-4.2478370635920245e-5,0.19237530126452743,-0.0028437327914972686,4.886653126286242,-157.5876199271781
5.95528216910099e-10,0.5358907762275368,0.07270398202618768,0.5360307701988946,2.2875765742829435,0.026931930406139764,8.169159544557338e-5,0.19237455434017092,0.0054414603767457695,4.88665217105339,252.41101794303916
6.02261575965964e-10,0.5358892065616981,-0.07689384456782236,0.5360303069517932,-2.6007236297830953,0.026931622829576146,-8.506687213457951e-5,0.19237380151061098,-0.005685379255649419,4.886651208272949,-298.2085633228293
6.090710659638863e-10,0.535887624487636,0.09261079720728022,0.5360298400441578,2.938056425343207,0.02693131281526331,0.00010388248322759504,0.19237304272912137,0.006922098925117746,4.886650237885285,325.68147798351316
6.159575476808261e-10,0.5358860299071974,-0.08131710039952367,0.5360293694470594,-2.745258670841434,0.026931000343799534,-8.999788764879552e-5,0.19237227794860504,-0.006014375468021165,4.886649259830289,-314.4891636706923
6.229218916261483e-10,0.5358844227214514,0.08554671468534412,0.5360288951313404,2.7072282484538026,0.026930685395627155,9.600826659450897e-5,0.19237150712159162,0.006396685114832504,4.8866482740473804,299.6809842109005
6.29964978151653e-10,0.535882802830683,-0.0668501223720997,0.5360284170676132,-2.2725316100614665,0.02693036795103132,-7.387144318371783e-5,0.19237073020023443,-0.00493834586629987,4.886647280475501,-261.2410569982743
6.370876975628736e-10,0.5358811701343882,0.06719907550479476,0.5360279352262576,2.107695753793303,0.026930047990138706,7.555590658790597e-5,0.19236994713630728,0.005032017864644036,4.886646279053094,232.14944280048354
6.442909502316117e-10,0.5358795245312654,-0.04730434546382429,0.5360274495774188,-1.6338485108891188,0.02692972549291623,-5.2083443335221306e-5,0.19236915788120149,-0.0034845628003375875,4.886645269718138,-189.29956139531237
6.515756467097446e-10,0.535877865919211,0.04827632396961514,0.5360269600910066,1.4893708415649147,0.02692940043916971,5.446236816601115e-5,0.192368362385923,0.003624574231512458,4.886644252408112,162.50109164191795
6.589427078443411e-10,0.5358761941953122,-0.030084935931919153,0.5360264667366924,-1.0711824839041844,0.02692907280854251,-3.2888629661573526e-5,0.1923675606010892,-0.0022038108754216224,4.886643227059999,-125.9206429459859
6.663930648940553e-10,0.5358745092558402,0.033275681266983576,0.5360259694839086,0.9992058470080372,0.026928742580514305,3.774084366468918e-5,0.1923667524769258,0.002508850534763069,4.886642193610289,107.28871459373865
6.739276596468489e-10,0.5358728109962452,-0.017430103714303567,0.536025468301845,-0.6576698260263442,0.026928409734399607,-1.878201965290476e-5,0.19236593796326368,-0.0012625647466839678,4.886641151994963,-79.3424135500489
6.81547444539033e-10,0.5358710993111474,0.022854378466913936,0.5360249631594484,0.6586765945491558,0.026928074249346526,2.6123990944042538e-5,0.19236511700953585,0.001733730713797512,4.886640102149508,68.93136403360857
6.892533827756778e-10,0.5358693740943334,-0.009002938951049512,0.53602445402542,-0.382301559425063,0.026927736104335288,-9.38807270346478e-6,0.19236428956477425,-0.0006357657030442351,4.8866390440088825,-48.32482199563112
6.970464484523629e-10,0.535867635238747,0.01613164241767406,0.5360239408682136,0.43900269322969115,0.026927395278176988,1.8630006488429026e-5,0.1923634555776065,0.0012337043425417029,4.886637977507557,44.18720791038397
7.049276266783036e-10,0.5358658826364839,-0.0036923516980324617,0.5360234236560337,-0.20877140627615548,0.026927051749511998,-3.4682410950139703e-6,0.19236261499625276,-0.00024077269787502794,4.886636902579462,-28.77831614779742
7.128979137008918e-10,0.535864116178784,0.011964698047514039,0.536022902356833,0.3028425174005661,0.026926705496808787,1.3985018916276305e-5,0.19236176776852226,0.0009237736665623662,4.886635819158012,28.85007134995823
7.209583170316231e-10,0.5358623357560257,-0.00043622013651357537,0.5360223769383111,-0.10237319041245772,0.026926356498362312,1.6144296117696142e-7,0.19236091384181045,1.4131758193733469e-6,4.886634727176101,-16.793578770602544
7.291098555734463e-10,0.5358605412577186,0.009425188520389486,0.5360218473679124,0.21986083231843073,0.02692600473229273,1.1154169732408916e-5,0.19236005316309523,0.0007348889964451594,4.886633626566086,19.50298146205923
7.373535597495776e-10,0.5358587325724958,0.001544243930513391,0.536021313612824,-0.03765902232083626,0.026925650176543862,2.3691113673230615e-6,0.19235918567893376,0.00014871693596468164,4.886632517259791,-9.50414937542815
7.456904716337436e-10,0.5358569095881085,0.007878408204566416,0.5360207756399729,0.1693178289288943,0.026925292808881767,9.429938580874548e-6,0.1923583113354596,0.0006198419425402351,4.886631399188506,13.809797774533846
7.541216450819141e-10,0.5358550721914171,0.002755662215775808,0.5360202334160253,0.0019256028527601316,0.026924932606893274,3.7195067308788884e-6,0.19235743007837827,0.0002388202964035751,4.886630272282972,-5.0453218188262285
7.626481458655077e-10,0.5358532202683858,0.006926010604239189,0.5360196869073838,0.13819703204342426,0.026924569547984497,8.368279548738918e-6,0.19235654185296489,0.0005490041279845827,4.886629136473387,10.304339229477876
7.712710518061296e-10,0.535851353704074,0.003507911897990808,0.5360191360801848,0.026506313489068192,0.02692420360937938,4.5580562685910585e-6,0.1923556466040603,0.0002947714276911498,4.886627991689396,-2.2765411988076396
7.799914529118102e-10,0.5358494723826304,0.006328697455683061,0.5360185809002977,0.11867906853633581,0.026923834768118108,7.702441324518586e-6,0.19235474427606736,0.0005045769291991055,4.886626837860088,8.10582845637798
7.888104515147829e-10,0.5358475761872852,0.003984936634338673,0.5360180213333215,0.04209370101770387,0.026923463001055636,5.089806246668188e-6,0.19235383481294804,0.00033025176606647045,4.886625674913985,-0.5207720556946184
7.977291624108439e-10,0.5358456650003426,0.005945417471956914,0.5360174573445837,0.1061549093724811,0.0269230882848602,7.2751907583121596e-6,0.19235291815821923,0.00047606917610510703,4.886624502779062,6.6951025576645256
8.06748713000262e-10,0.5358437387031735,0.004294828413271941,0.5360168888991373,0.05221980774877538,0.026922710596011663,5.435249317916468e-6,0.19235199425494978,0.0003533010215052238,4.886623321382702,0.6198362835603942
8.15870243430296e-10,0.5358417971762078,0.005693267732624424,0.5360163159617591,0.09791559685421676,0.026922329910800055,6.994114039732108e-6,0.19235106304575658,0.000457314681484274,4.8866221306517375,5.767023447072546
8.250949067393081e-10,0.5358398402989284,0.004501299605205255,0.5360157384969473,0.058966515911740035,0.02692194620532393,5.66540713648789e-6,0.192350124472801,0.00036865801863196864,4.886620930512397,1.3797878684101241
8.344238690025349e-10,0.5358378679498611,0.005523137873070755,0.5360151564689198,0.09235638773390892,0.026921559455488835,6.804466712704269e-6,0.1923491784777852,0.00044466069465350354,4.88661972089035,5.14083220487837
8.438583094794804e-10,0.5358358800065691,0.004642347309579687,0.5360145698416109,0.06357542877633035,0.026921169637005662,5.822635942391292e-6,0.1923482250019488,0.0003791489211749012,4.88661850171067,1.898937383356658
8.533994207629752e-10,0.5358338763456446,0.005405501206165843,0.5360139785786704,0.08851246017699455,0.026920776725389044,6.673334704034114e-6,0.19234726398606464,0.0004359110676961927,4.886617272897831,4.707850919172598
8.630484089299485e-10,0.5358318568427011,0.004741026371236294,0.5360133826434604,0.06679989256190473,0.026920380695955745,5.932635495404244e-6,0.19234629537043554,0.0003864885117474513,4.886616034375718,2.2621420420805403
8.728064936938772e-10,0.5358298213723651,0.005322263693481702,0.5360127819990531,0.0857925685797423,0.026919981523822977,6.58054818017239e-6,0.1923453190948903,0.00042971999487966613,4.886614786067617,4.401481455653614
8.82674908558959e-10,0.535827769808269,0.004811613622673869,0.5360121766082295,0.0691064208314825,0.02691957918390681,6.011320501248509e-6,0.19234433509877996,0.00039173867834663026,4.886613527896198,2.521950111968505
8.926549009760561e-10,0.535825702023043,0.005262098451139071,0.536011566433475,0.0838265926740845,0.02691917365092039,6.513480810134096e-6,0.1923433433209739,0.000425245000640553,4.886612259783527,4.180033324491993
9.027477325003711e-10,0.5358236178883067,0.00486314553913056,0.53601095143698,0.07079029185665887,0.0269187648993724,6.0687641198237575e-6,0.19234234369985614,0.00039557153961053464,4.886610981651053,2.711621851095578
9.129546789509242e-10,0.5358215172746615,0.005217756115795438,0.5360103315806344,0.08237765034054449,0.026918352903565174,6.464051568833981e-6,0.19234133617332144,0.00042194688892870384,4.88660969341961,4.0168240344288115
9.232770305718154e-10,0.535819400051682,0.004901469945405523,0.5360097068260276,0.07204259072266626,0.026917937637593165,6.111485049900121e-6,0.1923403206787712,0.0003984220473913271,4.886608395009392,2.852681153310466
9.337160921953408e-10,0.5358172660879086,0.0051844937446497335,0.536009077134445,0.0812907599031687,0.02691751907534104,6.42697339439667e-6,0.19233929715310974,0.0004194728872207944,4.886607086339974,3.894396392771097
9.442731834069253e-10,0.5358151152508381,0.004930454191309038,0.5360084424668665,0.07298968797737715,0.026917097190482114,6.1437943098896226e-6,0.1923382655327402,0.00040057784898305134,4.8866057673302965,2.959362445073085
9.549496387119193e-10,0.5358129474069169,0.005159141517394296,0.5360078027839625,0.08046234347287837,0.026916671956476398,6.398712819934568e-6,0.1923372257535606,0.0004175872293638744,4.886604437898648,3.8010833480795454
9.657468077043105e-10,0.5358107624215305,0.004952709526223521,0.5360071580460929,0.07371690951130254,0.026916243346568954,6.16860271543037e-6,0.19233617775095976,0.00040223316494044433,4.886603097962683,3.0412768639883705
9.766660552373121e-10,0.5358085601589976,0.005139537775900294,0.536006508213304,0.07982176612890626,0.026915811333788047,6.376860199053645e-6,0.1923351214598132,0.0004161291346753583,4.886601747439403,3.7289285576769116
9.877087615958973e-10,0.5358063404825594,0.0049700339107653655,0.5360058532453265,0.07428300596815302,0.02691537589094335,6.187914491643461e-6,0.19233405681447902,0.00040352172471415734,4.886600386245144,3.1050421044780685
9.988763226712655e-10,0.535804103254372,0.005124180221938356,0.5360051931015722,0.07931993836437728,0.026914936990624083,6.359740888071913e-6,0.19233298374879396,0.00041498686461312415,4.886599014295596,3.672402562580489
1.0101701501373166e-9,0.5358018483354977,0.0049836881355843675,0.5360045277411324,0.07472917528343086,0.02691449460519722,6.203135067864415e-6,0.19233190219606888,0.00040453730388670725,4.886597631505775,3.155298715131475
1.0215916716290857e-9,0.5357995755858962,0.005112006257724495,0.5360038571227747,0.07892213845134148,0.026914048706805582,6.346170387364702e-6,0.19233081208908492,0.0004140813848495394,4.886596237790019,3.6275942953798705
1.0331423309231996e-9,0.5357972848644158,0.004994571415779927,0.5360031812049402,0.07508480044669726,0.02691359926736602,6.215266818082851e-6,0.19232971336008892,0.0004053467846247289,4.886594833062002,3.195356406527936
1.0448235881204035e-9,0.5357949760287847,0.0051022519446563205,0.5360024999457421,0.07860340372529342,0.026913146258567444,6.335297118368325e-6,0.19232860594078927,0.0004133558748650084,4.886593417234706,3.5916919531213565
1.0566369198301181e-9,0.5357926489356007,0.005003335210156007,0.5360018133029618,0.07537116871247886,0.026912689651868976,6.22503593690462e-6,0.19232748976235198,0.00040599862141860676,4.8865919902204356,3.2276129816637997
1.0685838193570862e-9,0.5357903034403254,0.005094359731371009,0.5360011212340475,0.07834551548860008,0.026912229418497975,6.3264995675948265e-6,0.19232636475539547,0.00041276886488288784,4.886590551930789,3.5626433762775767
1.080665796890159e-9,0.5357879393972709,0.005010458357903488,0.5360004236961102,0.07560392674994114,0.02691176552944816,6.232976195874794e-6,0.19232523084998715,0.00040652842954291217,4.886589102276671,3.2538308864815018
1.0928843796931837e-9,0.5357855566595939,0.005087917005776547,0.5359997206459222,0.0781349911143267,0.02691129795547756,6.319317787867818e-6,0.19232408797563819,0.00041228966547825105,4.886587641168295,3.5389298770852133
1.1052411122980699e-9,0.5357831550792853,0.005016297544330393,0.5359990120399131,0.07579472971276106,0.02691082666710663,6.239485199532228e-6,0.19232293606129972,0.000406962738681924,4.886586168515139,3.275322960761163
1.1177375567000144e-9,0.5357807345071607,0.0050826144789126995,0.5359982978341693,0.07796172418781022,0.02691035163461614,6.31340700823513e-6,0.19232177503535783,0.00041189527221160977,4.886584684225991,3.5194130659691747
1.1303752925549765e-9,0.5357782947928511,0.005021121754432068,0.5359975779844285,0.07595236702612967,0.02690987282804529,6.244862790795709e-6,0.1923206048256293,0.0004073215555120089,4.886583188208906,3.2930792484079565
1.1431559173793454e-9,0.535775835784794,0.005078217551504177,0.5359968524460799,0.07781804888445672,0.026909390217189588,6.308505716621721e-6,0.19231942535935714,0.0004115682359771973,4.886581680371213,3.5032294623584046
1.1560810467518697e-9,0.5357733573302228,0.005025136157324505,0.5359961211741581,0.07608354284835718,0.02690890377159879,6.249337675661976e-6,0.19231823656320557,0.0004076201401807283,4.886580160619511,3.307854907740876
1.1691523145179031e-9,0.5357708592751583,0.00507454632005197,0.5359953841233436,0.07769808663003303,0.026908413460574914,6.304413370980757e-6,0.19231703836325606,0.0004112951758585987,4.886578628859658,3.4897169017452137
1.1823713729959212e-9,0.5357683414643983,0.005028498901931626,0.5359946412479577,0.0761934249046819,0.026907919253170067,6.253086145946395e-6,0.1923158306850018,0.00040787025555387825,4.886577084996767,3.3202320327176666
1.1957398931863959e-9,0.5357658037415082,0.0050714614202396905,0.5359938925019606,0.07759728350998163,0.026907421118184404,6.300974618937626e-6,0.1923146134533437,0.00041106572612835824,4.8865755289352135,3.478362429993109
1.2092595649830069e-9,0.5357632459488103,0.0050313330883786775,0.5359931378389485,0.07628603564155945,0.026906919024163898,6.25624542364102e-6,0.19231338659258532,0.00040808105762131687,4.886573960578603,3.33066371271955
1.2229320973862845e-9,0.5357606679273756,0.005068853871873265,0.5359923772121505,0.07751207846213835,0.026906412939398355,6.2980679783209615e-6,0.19231215002642807,0.0004108717810379859,4.886572379829779,3.4687649283708737
1.2367592187196293e-9,0.535758069517012,0.005033735406908745,0.5359916105744257,0.07636453454149994,0.026905902831919105,6.258923291232239e-6,0.19231090367796635,0.00040825973805417996,4.886570786590834,3.3395058327785434
1.2507426768477726e-9,0.5357554505562546,0.005066637707734878,0.5359908378782602,0.07743966239516731,0.026905388669496877,6.295597619935223e-6,0.19230964746968307,0.0004107069464695975,4.886569180763063,3.4606079800116865
1.264884239397748e-9,0.5357528108823566,0.0050357824466966345,0.5359900590757649,0.0764314242486226,0.026904870419639588,6.261205124187618e-6,0.19230838132344405,0.0004084119934126308,4.886567562247004,3.3470402911905857
1.2791856939823223e-9,0.5357501503312778,0.005064744559842066,0.5359892741186714,0.0773778013051141,0.026904348049590143,6.2934873325038535e-6,0.19230710516049376,0.00041056613733871707,4.886565930942389,3.4536399456179936
1.2936488484259496e-9,0.5357474687376752,0.005037535352422463,0.5359884829583298,0.07648870274840178,0.02690382152632415,6.263159081637659e-6,0.1923058189014498,0.0004085423715680411,4.886564286748172,3.353492141638609
1.308275530993323e-9,0.5357447659348911,0.005063119643112494,0.5359876855457052,0.07732470501034353,0.026903290816547663,6.291676046164988e-6,0.1923045224662981,0.00041044527880120196,4.886562629562505,3.447659179332494
1.323067590620466e-9,0.5357420417549447,0.0050390432982498744,0.5359868818313749,0.07653797687047915,0.02690275588669493,6.264839979020183e-6,0.19230321577438803,0.00040865453000438727,4.886560959282728,3.359042377776959
1.3380268971484611e-9,0.5357392960285196,0.005061718744019163,0.5359860717655254,0.07727892878225423,0.02690221670292603,6.2901144753016e-6,0.19230189874442663,0.0004103410823365391,4.886559275805382,3.4425029463056975
1.353155341559795e-9,0.535736528584954,0.005040346103497361,0.5359852552979492,0.07658054775162895,0.026901673231124613,6.26629220331546e-6,0.19230057129447456,0.00040875143040277213,4.886557579026175,3.363837560270302
1.3684548362174243e-9,0.5357337392522301,0.005060505943422319,0.5359844323780415,0.07723929891601673,0.02690112543689551,6.288762580100331e-6,0.1922992333419396,0.0004102508763290537,4.886555868840009,3.4380390401371006
1.3839273151064986e-9,0.5357309278569629,0.005041476219610223,0.5359836029547969,0.07661747579601412,0.026900573285562345,6.267551929210534e-6,0.1922978848035725,0.0004088354864708238,4.886554145140944,3.367997132880357
1.3995747340788188e-9,0.5357280942243887,0.005059451878146499,0.5359827669768077,0.07720485593057266,0.02690001674216516,6.287587629005095e-6,0.19229652559546082,0.00041017247679798124,4.886552407822201,3.434159385074634
1.415399071100102e-9,0.5357252381783554,0.0050424602540723625,0.5359819243922583,0.0766496304323942,0.026899455771458063,6.26864881618485e-6,0.19229515563302452,0.0004089086772250968,4.886550656776165,3.3716190282386567
1.431402326499994e-9,0.5357223595413102,0.005058532403726487,0.5359810751489238,0.0771748108794956,0.026898890337906718,6.286562707760253e-6,0.19229377483100962,0.00041010408791751946,4.886548891894361,3.430775113303774
1.4475865232249373e-9,0.5357194581342891,0.005043320146586523,0.5359802191941659,0.07667772857081301,0.02689832040568585,6.269607320989086e-6,0.19229238310348362,0.00040897263450050293,4.886547113067469,3.3747839993713167
1.4639537070938691e-9,0.5357165337769045,0.005057727557253299,0.5359793564749308,0.07714851144225633,0.02689774593867685,6.2856655633083026e-6,0.19229098036382933,0.00041004422487508614,4.886545320185296,3.4278127481702407
1.4805059470568587e-9,0.5357135862873355,0.005044074084951686,0.5359784869377434,0.07670236451885507,0.026897166900465293,6.270447717748761e-6,0.19228956652473997,0.0004090287110856026,4.886543513136781,3.3775589891120306
1.4972453354566283e-9,0.5357106154823149,0.005057020747362037,0.5359776105287071,0.07712541547888067,0.026896583254338316,6.284877700923201e-6,0.19228814149821316,0.0004099916536304475,4.8865416918099855,3.4252112221946684
1.514173988293023e-9,0.5357076211771186,0.005044737222852861,0.5359767271934982,0.07672403344187105,0.0268959949632821,6.2711868986668215e-6,0.19228670519554567,0.0004090780340761956,4.886539856092087,3.379999773174982
1.531294045490526e-9,0.5357046031855529,0.005056398116993326,0.5359758368773635,0.07710507019109192,0.02689540198997932,6.284183674048379e-6,0.19228525752732736,0.0004099453435206967,4.886538005869363,3.422919532641361
1.5486076711687453e-9,0.535701561319944,0.005045322246207107,0.5359749395251163,0.07674314987080923,0.026894804296806546,6.271839004742592e-6,0.19228379840343607,0.0004091215470369766,4.886536141027208,3.382153044180508
1.566117053915961e-9,0.5356984953911249,0.005055848039208929,0.5359740350811337,0.07708709565396553,0.02689420184583159,6.283570521901902e-6,0.19228232773303136,0.0004099044297515722,4.886534261450104,3.4208948844293747
1.5838244070658142e-9,0.5356954052084238,0.005045839823039196,0.5359731234893526,0.07676006239883632,0.0268935945988109,6.272415928128135e-6,0.19228084542454882,0.00040916004344049306,4.886532367021612,3.384058067445346
1.6017319689770682e-9,0.5356922905796532,0.005055360715378858,0.5359722046932661,0.0770711716834211,0.026892982517186845,6.283027321688094e-6,0.19227935138569444,0.00040986818351688563,4.886530457624384,3.419101212198661
1.6198420033165688e-9,0.5356891513110953,0.005046298962936317,0.5359712786359211,0.07677506542104219,0.026892365562085085,6.272927711618859e-6,0.1922778455234388,0.000409194193400029,4.8865285331401385,3.385748004170386
1.6381567993453662e-9,0.535685987207492,0.005054927853113275,0.5359703452599127,0.0770570273187871,0.026891743694311757,6.282544829957595e-6,0.19227632774401066,0.0004098359880460811,4.886526593449662,3.417507994447054
1.6566786722081324e-9,0.5356827980720315,0.005046707305562495,0.5359694045073828,0.07678840857496247,0.026891116874350834,6.273382871286337e-6,0.19227479795289124,0.00040922456514056203,4.886524638432796,3.3872509735102185
1.6754099632257977e-9,0.5356795837063362,0.005054542407313709,0.5359684563200152,0.07704443234642733,0.02689048506236127,6.282115193210721e-6,0.1922732560548087,0.00040980731932957086,4.886522667968434,3.4160893004796846
1.6943530401914954e-9,0.5356763439104488,0.005047071353944179,0.5359675006390323,0.07680030435800668,0.026889848218174223,6.273788656396596e-6,0.19227170195373106,0.00040925164235548956,4.886520681934512,3.388590911011733
1.713510297669906e-9,0.5356730784828223,0.005054198369718301,0.5359665374051915,0.07703319044389996,0.02688920630129029,6.2817317141363e-6,0.1922701355528609,0.0004097817304861638,4.886518680208008,3.414823016112134
1.7328841572999276e-9,0.5356697872203044,0.005047396664067022,0.5359655665587812,0.07681093431643722,0.026888559270876584,6.274151260006206e-6,0.19226855675462873,0.0004092758382757394,4.886516662664918,3.3897882659783996
1.752477068100803e-9,0.5356664699181265,0.0050538905982284036,0.535964588039618,0.07702313358439522,0.026887907085763864,6.281388660726977e-6,0.19226696546068714,0.0004097588390576537,4.886514629180257,3.4136902148095976
1.7722915067816714e-9,0.5356631263698894,0.005047687999073196,0.5359636017870416,0.07682045409237848,0.0268872497044437,6.274475991796593e-6,0.1922653615719039,0.00040929750718953173,4.886512579628066,3.3908605701648167
1.7923299780546828e-9,0.5356597563675519,0.005053614676999227,0.5359626077399123,0.07701411747384505,0.026886587085065455,6.281081110504699e-6,0.19226374498835644,0.0004097383165930811,4.886510513881381,3.412674643500149
1.8125950149515964e-9,0.5356563597014153,0.005047949456173122,0.5359616058366059,0.07682899756831688,0.026885919185433368,6.27476741899221e-6,0.19226211560932466,0.00040931695383509674,4.886508431812225,3.3918229040407954
1.8330891791439578e-9,0.5356529361601122,0.005053366801463324,0.5359605960150113,0.0770060177942583,0.02688524596300361,6.280804822554648e-6,0.19226047333328514,0.00040971988012323526,4.886506333291635,3.411762298846245
1.8538150612669543e-9,0.5356494855305917,0.005048184570842304,0.5359595782125257,0.07683668027057768,0.026884567374881152,6.275029482548409e-6,0.19225881805790432,0.00040933444117590806,4.886504218189597,3.3926882802844087
1.874775281246873e-9,0.5356460075981062,0.005053143683797106,0.5359585523660509,0.07699872710656147,0.026883883377816865,6.280556131863305e-6,0.19225714968003182,0.00040970328509121716,4.886502086375102,3.410941079131042
1.8959724886322636e-9,0.5356425021461986,0.005048396403107664,0.5359575184119894,0.07684360219028388,0.02688319392820435,6.275265593548993e-6,0.19225546809569427,0.0004093501968136782,4.8864999377160805,3.3934679620923993
1.9174093629289013e-9,0.5356389689566875,0.005052942473809013,0.5359564762862399,0.07699215228705908,0.02688249898207686,6.280331861362491e-6,0.19225377320008816,0.00040968831952647614,4.8864977720794345,3.410200494349583
1.939088613938474e-9,0.535635407809653,0.005048587609182309,0.5359554259241952,0.07684985012079229,0.026881798495104185,6.275478712896143e-6,0.19225206488757351,0.00040936441831156,4.886495589331002,3.3941717260046325
1.9610129821011373e-9,0.535631818483424,0.0050527606943521755,0.5359543672607354,0.07698621238435142,0.02688109242258949,6.280129249695898e-6,0.19225034305166697,0.0004096747991609433,4.886493389335573,3.4095314267372943
1.9831852388418995e-9,0.5356282007545635,0.005048760501092566,0.535953300230226,0.0768554996114246,0.026880380719466135,6.275671417833295e-6,0.19224860758503493,0.000409377277635513,4.886491171956859,3.3948080817561674
2.005608186920999e-9,0.5356245543978543,0.005052596186165995,0.5359522247665132,0.07698083684256514,0.026879663340294388,6.27994588988956e-6,0.19224685837948674,0.00040966256340602874,4.886488937057508,3.408925928669826
2.028284660788171e-9,0.5356208791862843,0.0050489170966803755,0.5359511408029191,0.07686061659677315,0.02687894023925828,6.2758459575654486e-6,0.19224509532596773,0.0004093889248632666,4.886486684499054,3.3953844561996616
2.0512175269409288e-9,0.5356171748910326,0.005052447062326549,0.5359500482722384,0.07697596400810289,0.026878211370162247,6.279779678709275e-6,0.19224331831455205,0.00040965147191428404,4.886484414141976,3.4083770551944546
2.074409684286953e-9,0.5356134412814548,0.005049059161417509,0.5359489471067342,0.07686525876819592,0.026877476686427856,6.2760043002206085e-6,0.19224152723443588,0.0004093994913154266,4.886482125845621,3.3959073477324293
2.0978640645105116e-9,0.5356096781250687,0.005052311669955513,0.5359478372381331,0.07697153986511603,0.02687673614109042,6.279628773498816e-6,0.1922397219739303,0.0004096414017357093,4.88647981946823,3.4078787224370317
2.121583632443062e-9,0.5356058851875379,0.005049188243885197,0.5359467185976217,0.0768694767265931,0.026875989686795648,6.27614817196056e-6,0.1922379024204538,0.0004094090921700128,4.886477494866933,3.3963824559031615
2.145571386438003e-9,0.5356020622326592,0.005052188557435844,0.5359455911158413,0.07696751698407739,0.026875237275796278,6.2794915563111805e-6,0.19223606846052554,0.0004096322449180943,4.886475151897726,3.4074255875885058
2.1698303587497344e-9,0.5355982090223455,0.005049305705490816,0.5359444547228852,0.07687331495688532,0.026874478859948554,6.276279090317482e-6,0.19223421997975745,0.0004094178286855067,4.886472790415461,3.396814791643581
2.1943636159169396e-9,0.5355943253166116,0.005052076447177743,0.5359433093482927,0.07696385361623684,0.02687371439070874,6.279366602904123e-6,0.19223235686284756,0.00040962390642477006,4.886470410273852,3.4070129482920812
2.2191742591501975e-9,0.5355904108735592,0.005049412745811917,0.5359421549210457,0.07687681265634476,0.0268729438191298,6.276398392467694e-6,0.19223047899357196,0.00040942579008605283,4.886468011325452,3.3972087703035956
2.244265424724048e-9,0.5355864654493606,0.005051974212210354,0.5359409913695639,0.07696051293760225,0.026872167095857585,6.2792526570504025e-6,0.19222858625477765,0.0004096163024354928,4.886465593421647,3.406636656706978
2.2696402843734206e-9,0.5355824887982431,0.005049510424153408,0.5359398186217003,0.07688000444244746,0.026871384171127458,6.27650725923107e-6,0.192226678528375,0.0004094330551616647,4.886463156412656,3.397568290672584
2.2953020456945443e-9,0.5355784806724747,0.005051880856328638,0.5359386366047368,0.0769574623954112,0.026870594994760574,6.279148608353201e-6,0.19222475569532987,0.0004096093588589469,4.886460700147504,3.406293045795238
2.321253952550464e-9,0.535574440822346,0.005049599677898299,0.5359374452453803,0.07688292094210143,0.026869799516160326,6.27660673547755e-6,0.1922228176356566,0.0004094396936285996,4.886458224474033,3.3978968030336927
2.347499285481056e-9,0.5355703689961566,0.005051795497131307,0.5359362444697564,0.07695467315513714,0.026868997684308556,6.279053473126964e-6,0.19222086422840926,0.0004096030100559042,4.886455729238875,3.405978867961057
2.374041362117739e-9,0.5355662649401973,0.005049681338150423,0.5359350342034072,0.07688558931466058,0.026868189447761932,6.2766977477142774e-6,0.1922188953516748,0.00040944576730839004,4.88645321428745,3.3981973663456917
2.400883537602812e-9,0.535562128398735,0.005051717351380894,0.5359338143712843,0.0769521196248313,0.026867374754648198,6.278966378307897e-6,0.19221691088256462,0.0004095971977810528,4.886450679463966,3.405691240443093
2.428029205013623e-9,0.535557959113995,0.005049756143282884,0.5359325848977459,0.07688803368580192,0.026866553552662254,6.276781118897255e-6,0.19221491069720698,0.00040945133111819495,4.8864481246113805,3.3984726982348104
2.4554817957914598e-9,0.5355537568261458,0.005051645722684103,0.5359313457065508,0.07694977904901534,0.026865725789062492,6.278886547675661e-6,0.19221289467073865,0.00040959187022908704,4.886445549571436,3.405427599905312
2.4832447801752874e-9,0.5355495212732825,0.005049824750439841,0.5359300967208547,0.0768902755298935,0.02686489141066683,6.276857581597717e-6,0.1922108626772972,0.0004094564339345902,4.8864429541846,3.3987252177572236
2.5113216676404646e-9,0.5355452521914085,0.005051579990628675,0.5359288378632048,0.07694763115314701,0.02686405036384891,6.278813289652049e-6,0.19220881459001252,0.0004095869812581126,4.886440338290093,3.4051856628198838
2.5397160073423384e-9,0.5355409493144203,0.005049887745639605,0.5359275690555352,0.07689233399482055,0.026863202594533998,6.276927789048717e-6,0.192206750280999,0.0004094611193411614,4.886437701725863,3.3989570813506473
2.568431388564905e-9,0.5355366123740893,0.0050515196015559795,0.5359262902191616,0.07694565784717902,0.026862348048195157,6.278745987037873e-6,0.1922046696213469,0.00040958248968521216,4.8864350443285725,3.404963391443493
2.5974714411744893e-9,0.5355322411000457,0.005049945652188454,0.535925001274777,0.07689422618130998,0.026861486669849208,6.2769923245945925e-6,0.19220257248111425,0.0004094654262677353,4.886432365933594,3.3991702154913472
2.6268398360786433e-9,0.5355278352197597,0.005051464060515591,0.5359237021424467,0.07694384295773966,0.026860618404052572,6.278684088174867e-6,0.19220045872931837,0.00040957835870238557,4.886429666375008,3.4047589640103095
2.656540285690156e-9,0.5355233944585253,0.005049998938378552,0.5359223927416027,0.07689596739066873,0.026859743194897322,6.277051710127443e-6,0.19219832823392732,0.0004094693895394379,4.88642694548557,3.3993663436879618
2.6865765443963023e-9,0.535518918539442,0.005051412924328238,0.535921072991039,0.07694217200267472,0.026858860986006896,6.278627099022527e-6,0.19219618086185136,0.00040957455534227575,4.886424203096719,3.4045707492966484
2.716952409033486e-9,0.5355144071833974,0.005050048023793458,0.5359197428089071,0.07689757133523019,0.026857971720532052,6.277106413491191e-6,0.1921940164789345,0.00040947304037213726,4.886421439038573,3.399547010343549
2.747671719367168e-9,0.5355098601090487,0.005051365795484127,0.53591840211271,0.07694063199400175,0.026857075341146577,6.278574576512182e-6,0.19219183494994554,0.0004095710500408157,4.886418653139884,3.404397284451137
2.7787383585772084e-9,0.5355052770328051,0.005050093285132811,0.5359170508192979,0.07689905032141324,0.026856171790043043,6.277156854467563e-6,0.19218963613856963,0.00040947640676972997,4.886415845228072,3.399713601756425
2.810156253748797e-9,0.5355006576688102,0.00505132231707088,0.5359156888448617,0.07693921126624495,0.026855261008928495,6.278526122767178e-6,0.19218741990739874,0.00040956781624393106,4.8864130151291825,3.4042372551858304
2.8419293763688314e-9,0.5354960017289216,0.005050135060906073,0.5359143161049299,0.07690041541200578,0.02685434293902016,6.277203410455679e-6,0.1921851861179238,0.0004094795139236429,4.886410162667888,3.399867364088235
2.8740617428279616e-9,0.5354913089226949,0.0050512821677858736,0.5359129325143606,0.07693789932469558,0.026853417521040965,6.278481379633967e-6,0.19218293463052466,0.00040956483006827275,4.886407287667476,3.4040894795976016
2.9065574149282587e-9,0.5354865789573625,0.00505017365588825,0.535911537987339,0.07690167656611709,0.026852484695215225,6.277246421152396e-6,0.19218066530446173,0.0004094823844969367,4.886404389949839,3.4000094190475614
2.9394205003967224e-9,0.5354818115378174,0.005051245058356548,0.5359101324373701,0.0769366867147449,0.02685154440126403,6.278440024712771e-6,0.19217837799786644,0.0004095620699866141,4.886401469335459,3.403952892674149
2.9726551534044997e-9,0.5354770063665917,0.0050502093448523315,0.5359087157772737,0.07690284276161619,0.026850596578400866,6.277286192836026e-6,0.192176072567732,0.00040948503892722577,4.886398525643394,3.400140777952563
3.0062655750919763e-9,0.5354721631438389,0.005051210727779579,0.5359072879191797,0.0769355649073922,0.026849641165326954,6.27840176706602e-6,0.19217374886990468,0.00040955951659171384,4.886395558691287,3.403826533662175
3.0402560140999e-9,0.5354672815673144,0.005050242375862276,0.5359058487745212,0.07690392210484708,0.02684867810022667,6.277323002042266e-6,0.19217140675907346,0.00040948749566319386,4.886392568295326,3.4002623538921832
3.074630767106402e-9,0.5354623613323559,0.0050511789402619455,0.5359043982540307,0.07693452619816342,0.0268477073207629,6.278366343832305e-6,0.1921690460887612,0.00040955715234249605,4.886389554270251,3.4037095346779696
3.1093941793701542e-9,0.5354574021318631,0.005050272973154194,0.5359029362677334,0.076904921921083,0.026846728764072333,6.277357098683041e-6,0.19216666671131521,0.0004094897713854599,4.88638651642934,3.400374972002796
3.1445506452796046e-9,0.5354524036562787,0.005051149482491816,0.535901462724942,0.07693356361698632,0.026845742366760683,6.278333517243512e-6,0.19216426847789717,0.000409554961373914,4.886383454584385,3.4036011108048654
3.180104608908527e-9,0.5354473655935686,0.005050301339623217,0.5358999775342504,0.07690584884348269,0.026844748064897943,6.277388708919663e-6,0.19216185123847346,0.0004094918811847308,4.886380368545709,3.400479379272334
3.2160605645777633e-9,0.5354422876292009,0.005051122161304912,0.5358984806035288,0.07693267085150984,0.026843745794013506,6.278303071994315e-6,0.19215941484180568,0.0004095529293182966,4.886377258122115,3.4035005509539524
3.2524230574233016e-9,0.5354371694461261,0.005050327659223014,0.5358969718399176,0.07690670888163918,0.02684273548909128,6.277418037817094e-6,0.19215695913544079,0.0004094938387425588,4.886374123120908,3.400576252800337
3.289196683970893e-9,0.5354320107247564,0.005051096801501766,0.5358954511498217,0.07693184217815155,0.026841717084564717,6.278274812842489e-6,0.19215448396570067,0.00040955104314922895,4.886370963347869,3.40340721030566
3.3263860927170558e-9,0.5354268111429454,0.0050503520988479655,0.5358939184389045,0.07690750748859622,0.02684069051431187,6.27744527142929e-6,0.19215198917767246,0.0004094956564754633,4.886367778607243,3.400666206844646
3.363995984716649e-9,0.5354215703759667,0.005051073244069081,0.535892373612082,0.076931072398917,0.026839655711650347,6.278248562478731e-6,0.1921494746151982,0.00040954929103345324,4.886364568701717,3.4033205035376617
3.4020311141771966e-9,0.5354162880964932,0.005050374810116216,0.535890816573517,0.0769082496189702,0.026838612609332117,6.277470578722788e-6,0.19214694012086506,0.00040949734565370145,4.886361333432439,3.4007497993389872
3.440496289059812e-9,0.5354109639745762,0.005051051344430773,0.5358892472266129,0.07693035679048754,0.026837561139538536,6.278224159769017e-6,0.1921443855359944,0.0004095476622200717,4.886358072598963,3.403239898448382
3.4793963716869877e-9,0.5354055976776234,0.005050395930950563,0.5358876654740082,0.07690893977828489,0.026836501233874998,6.277494113355e-6,0.1921418107006319,0.0004094989165421265,4.886354785999279,3.4008275379307285
3.5187362793571874e-9,0.5354001888703777,0.005051030970981336,0.5358860712175697,0.07692969105389934,0.02683543282336573,6.278201458083139e-6,0.1921392154535364,0.000409546146922161,4.886351473429769,3.403164910879481
3.558520984966505e-9,0.5353947372148953,0.0050504155868380226,0.5358844643583868,0.07690958207062402,0.026834355838448527,6.277516015361939e-6,0.19213659963217034,0.00040950037846674734,4.886348134685201,3.4008998847300242
3.5987555176372454e-9,0.5353892423705241,0.0050510120039116485,0.5358828447967652,0.07692907127161189,0.02683327020896938,6.278180323758018e-6,0.1921339630726881,0.0004095447362255203,4.886344769558733,3.4030950996897777
3.6394449633536088e-9,0.5353837039938816,0.005050433892315966,0.5358812124322205,0.07691018023402335,0.026832175864176983,6.277536412306413e-6,0.19213130560992586,0.0004095017399556048,4.886341377841883,3.400967260902384
3.6805944656046805e-9,0.5353781217388319,0.005050994333899015,0.5358795671634724,0.0769284938733585,0.026831072732717384,6.27816063505688e-6,0.1921286270773904,0.0004095434220022158,4.886337959324517,3.403030062447786
3.7222092260345567e-9,0.5353724952564636,0.005050450951703925,0.535877908888438,0.07691073768085802,0.026829960742628396,6.277555420509439e-6,0.19212592730724848,0.00040950300876119465,4.8863345137948455,3.401030050911442
3.764294505099906e-9,0.5353668241950679,0.005050977861150838,0.5358762375042251,0.0769279555976985,0.02682883982133399,6.278142280632499e-6,0.1921232061303152,0.00040954219682705627,4.886331041039401,3.4029694319579584
3.80685562273488e-9,0.5353611082001145,0.0050504668605100556,0.5358745529071266,0.07691125752880999,0.026827709895638728,6.277573146310037e-6,0.1921204633760437,0.00040950419199117826,4.886327540843028,3.4010886057838148
3.849897959023676e-9,0.5353553469142293,0.00505096249445937,0.5358728549926133,0.07692745346373829,0.026826570891722037,6.278125158957014e-6,0.19211769887251323,0.0004095410539169103,4.886324012988882,3.402912872480941
3.893426954880592e-9,0.5353495399771708,0.005050481705824716,0.5358711436553278,0.07691174262864435,0.02682542273513242,6.277589686990308e-6,0.19211491244641815,0.000409505296125045,4.886320457258387,3.401143246553613
3.937448112737754e-9,0.5353436870258071,0.0050509481504288625,0.5358694187890773,0.07692698474630878,0.0268242653507817,6.278109176950755e-6,0.19211210392305642,0.0004095399870691956,4.886316873431249,3.4028600770321242
3.981966997240758e-9,0.5353377876940916,0.0050504955675867635,0.5358676802868282,0.07691219558660956,0.026823098662939093,6.2776051314716075e-6,0.19210927312631798,0.00040950632710062444,4.886313261285437,3.401194267039818
4.026989235952047e-9,0.5353318416130394,0.005050934752605516,0.5358659280406974,0.07692654694964536,0.026821922595225284,6.278094249466124e-6,0.1921064198786733,0.00040953899059948437,4.886309620597149,3.4028107643181165
4.0725205200622356e-9,0.5353258484107033,0.005050508518838628,0.5358641619419479,0.0769126187937264,0.026820737070606535,6.277619561245539e-6,0.1921035440011615,0.00040950729035595676,4.886305951140832,3.401241936309617
4.118566605109615e-9,0.5353198077121502,0.005050922231042407,0.5358623818809799,0.07692613778415139,0.026819542011388413,6.278080298538939e-6,0.19210064531337867,0.0004095380593019536,4.886302252689144,3.40276467680407
4.16513331170764e-9,0.5353137191394346,0.0050505206266514115,0.5358605877473254,0.07691301443993016,0.0268183373392099,6.277633051106918e-6,0.19209772363346578,0.000409508190878283,4.886298525012934,3.401286501194807
4.212226526280734e-9,0.5353075823115768,0.005050910521498805,0.5358587794296408,0.07692575515290738,0.026817122975037053,6.2780672525495764e-6,0.19209477877809655,0.00040953718839778757,4.886294767881254,3.402721577919612
4.259852201808328e-9,0.5353013968445351,0.005050531952573832,0.5358569568156994,0.07691338453654233,0.02681589883915685,6.2776456695439716e-6,0.19209181056246558,0.0004095090332472796,4.88629098106133,3.401328188215311
4.3080163585774476e-9,0.5352951623511832,0.005050899564953367,0.5358551197923849,0.07692539712820115,0.026814664851170764,6.278055045744745e-6,0.192088818800276,0.00040953637350398295,4.886287164318546,3.402681250733156
4.3567250849436905e-9,0.535288878441283,0.005050542553144586,0.5358532682456848,0.07691373093028628,0.026813420929988525,6.277657479640204e-6,0.19208580330372693,0.0004095098216639158,4.886283317416422,3.401367205350625
4.405984538100798e-9,0.5352825447214598,0.005050889307257272,0.5358514020606822,0.07692506193932049,0.026812166993821576,6.278043617740005e-6,0.19208276388350132,0.0004095356105852619,4.886279440116618,3.4026434957786766
4.45580094485907e-9,0.5352761607951768,0.005050552480272409,0.5358495211215494,0.0769140553199151,0.026810902960176644,6.277668539275021e-6,0.19207970034875302,0.00040951055999938446,4.88627553217891,3.4014037440061577
4.506180602432435e-9,0.5352697262627085,0.005050879698561577,0.5358476253115397,0.07692474795714359,0.026809628745849017,6.27803291297246e-6,0.1920766125070945,0.0004095348959378513,4.886271593361177,3.402608129534355
4.55712987923443e-9,0.5352632407211155,0.005050561781859089,0.5358457145129822,0.07691435926714828,0.026808344266916043,6.2776789017568354e-6,0.19207350016458372,0.0004095112517996968,4.886267623419371,3.4014379800864942
4.6086552156833115e-9,0.5352567037642167,0.0050508706929607025,0.5358437886072709,0.07692445368275136,0.026807049438730367,6.278022880286906e-6,0.19207036312571119,0.0004095342261458121,4.886263622107532,3.4025749830825296
4.660763125016119e-9,0.5352501149825635,0.005050570501864599,0.5358418474748614,0.07691464421184482,0.026805744175913086,6.277688616202763e-6,0.1920672011933874,0.00040951190035106225,4.886259589177743,3.4014700756347134
4.713460194112033e-9,0.5352434739634128,0.005050862248239556,0.5358398909952599,0.07692417773519088,0.02680442839234698,6.278013472602543e-6,0.1920640141689292,0.0004095335980711967,4.886255524380132,3.4025439009856506
4.7667530843249485e-9,0.5352367802906999,0.005050578680928546,0.5358379190470176,0.07691491148004592,0.026803102001169487,6.277697727797607e-6,0.19206080185204663,0.0004095125086653202,4.8862514274628595,3.4015001801252653
4.8206485323256205e-9,0.5352300335450109,0.00505085432538485,0.535835931507723,0.07692391884058163,0.026801764914765762,6.2780046464814205e-6,0.19205756404082977,0.00040953300881041915,4.886247298172074,3.4025147396850706
4.875153350953193e-9,0.5352232333035557,0.005050586356464207,0.5358339282539928,0.07691516229309367,0.026800417044761583,6.277706278262006e-6,0.19205430053173514,0.0004095130795277424,4.886243136251937,3.4015284312849454
4.930274430076343e-9,0.5352163791401391,0.005050846888409729,0.5358319091614656,0.07692367582375789,0.026799058302016166,6.277996361813076e-6,0.19205101111957185,0.00040953245569077417,4.886238941444582,3.402487366921834
4.986018737464326e-9,0.5352094706251337,0.005050593562986396,0.5358298741047944,0.07691539778192823,0.026797688596614987,6.277714306137329e-6,0.1920476955974885,0.00040951361551046754,4.886234713490103,3.4015549562504828
5.042393319667683e-9,0.5352025073254514,0.005050839904172567,0.5358278229576371,0.0769234476007375,0.02679630783786244,6.277988581620749e-6,0.19204435375695855,0.00040953193624009064,4.88623045212654,3.4024616603614257
5.0994053029090305e-9,0.5351954888045143,0.005050600332438757,0.5358257555926494,0.07691561898925033,0.02679491593427445,6.277721846967558e-6,0.19204098538776693,0.00040951411898310173,4.8862261570898555,3.4015798725240027
5.157061893983792e-9,0.5351884146222267,0.005050833341949509,0.5358236718814775,0.07692323316764126,0.026793512793571027,6.277981271705453e-6,0.1920375902779956,0.00040953144817872165,4.886221828113935,3.402437507183964
5.215370381171316e-9,0.5351812843349453,0.005050606694324294,0.535821571694749,0.0769158268781518,0.026792098322668732,6.277728933639958e-6,0.19203416821400965,0.000409514592144014,4.886217464930556,3.4016032887032757
5.274338135156115e-9,0.5351740974954505,0.005050827173375846,0.5358194549020653,0.07692303159845656,0.02679067242767302,6.277974400425459e-6,0.1920307189804426,0.00040953098939556517,4.886213067269374,3.4024148029202967
5.333972609959527e-9,0.5351668536529163,0.005050612675944341,0.5358173213719932,0.07691602234091577,0.026789235013870594,6.2777355965829645e-6,0.19202724236018218,0.000409515037019952,4.886208634857908,3.401625305186231
5.394281343882084e-9,0.5351595523528806,0.00505082137219995,0.5358151709720569,0.07692284203395351,0.02678778598572153,6.277967938532907e-6,0.19202373813435572,0.0004095305579394819,4.886204167421526,3.40239345092969
5.455271960456355e-9,0.5351521931372162,0.005050618302525633,0.5358130035687296,0.07691620620272938,0.026786325246851535,6.2777418639088816e-6,0.19202020608231524,0.00040951545549257535,4.886199664683419,3.4016460149991796
5.516952169410567e-9,0.5351447755440978,0.005050815914138356,0.535810819027425,0.07692266368121331,0.026784852700043844,6.2779618589601705e-6,0.19201664598162266,0.0004095301520009597,4.886195126364597,3.4023733617382086
5.5793297676433e-9,0.5351372991079747,0.005050623597498625,0.5358086172124887,0.07691637922837644,0.026783368247231376,6.277747761730168e-6,0.192013057608035,0.00040951584929972164,4.886190552183855,3.4016655042489465
5.642412640208998e-9,0.5351297633595375,0.005050810776629592,0.5358063979871901,0.0769224958034579,0.026781871789488373,6.277956136580686e-6,0.19200944073548906,0.00040952976990378363,4.8861859418577716,3.4023544524584315
5.706208761314752e-9,0.535122167825688,0.005050628582567777,0.5358041612137135,0.07691654212673779,0.02678036322702238,6.2777533142343665e-6,0.19200579513608598,0.000409516220055256,4.886181295100683,3.4016838527657822
5.770726195328217e-9,0.5351145120295075,0.005050805938791129,0.5358019067531496,0.0769223377177716,0.02677884245916589,6.27795074807568e-6,0.19200212058007635,0.00040952941009498965,4.886176611624671,3.402336646156097
5.835973097797148e-9,0.535106795490225,0.005050633277800163,0.5357996344654866,0.07691669555550891,0.026777309384367898,6.277758543835251e-6,0.19199841683584407,0.00040951656925735134,4.886171891139532,3.4017011345985315
5.901957716480264e-9,0.5350990177231857,0.005050801381257681,0.5357973442096015,0.07692218879159167,0.02677576390018554,6.277945671899256e-6,0.19199468366989111,0.0004095290711333507,4.886167133352777,3.4023198715753127
5.968688392389769e-9,0.5350911782398182,0.005050637701908509,0.5357950358432513,0.07691684012383994,0.026774205903275377,6.277763471293706e-6,0.1919909208468217,0.00040951689829111967,4.886162337969598,3.401717418500114
6.036173560845861e-9,0.5350832765476022,0.005050797086014449,0.5357927092230638,0.07692204843670708,0.026772635289384852,6.277940887963613e-6,0.19198712812932597,0.0004095287516818909,4.886157504692857,3.402304062427336
6.104421752542928e-9,0.535075312150036,0.005050641872214667,0.5357903642045291,0.07691697639952723,0.026771051953343516,6.2777681160028395e-6,0.19198330527816418,0.00040951720845089985,4.886152633223074,3.4017327682348433
6.173441594627961e-9,0.5350672845466027,0.005050793036351057,0.5357880006419896,0.07692191610633571,0.026769455789054094,6.277936377662891e-6,0.1919794520521504,0.0004095284504942215,4.886147723258392,3.402289157192793
6.243241811790998e-9,0.5350591932327369,0.0050506458048392685,0.5357856183886323,0.07691710490836358,0.02676784668948366,6.277772495878264e-6,0.19197556820813608,0.00040951750093207585,4.886142774494573,3.401747243200963
6.313831227368133e-9,0.5350510376997923,0.005050789216756254,0.5357832172964777,0.07692179129369085,0.026766224546654487,6.277932123699576e-6,0.19197165350099354,0.00040952816641814124,4.886137786624973,3.402275098728303
6.385218764456796e-9,0.5350428174350056,0.005050649514771549,0.535780797216372,0.07691722614016833,0.02676458925163497,6.277776627637552e-6,0.19196770768359936,0.0004095177768504903,4.886132759340521,3.4017608984636416
6.457413447043639e-9,0.5350345319214639,0.0050507856127486915,0.5357783579979769,0.0769216735264794,0.02676294069453037,6.277928109932548e-6,0.19196373050681728,0.0004095278983763584,4.886127692329696,3.402261833818585
6.53042440114538e-9,0.5350261806380695,0.0050506530159413685,0.5357758994897609,0.07691734055000214,0.026761278764473463,6.277780526801339e-6,0.1919597217194814,0.00040951803724000117,4.886122585278538,3.4017737853678236
6.60426085596234e-9,0.5350177630595043,0.005050782210894311,0.5357734215389883,0.07692156236449527,0.026759603349615104,6.277924321374634e-6,0.19195568106837896,0.00040952764536885306,4.886117437870574,3.4022493129536846
6.6789321450450215e-9,0.5350092786561966,0.005050656321318016,0.5357709239917119,0.07691744856272682,0.02675791433711469,6.277784207801491e-6,0.19195160829823338,0.00040951828307039307,4.886112249786844,3.4017859516513123
6.754447707474088e-9,0.5350007268942829,0.005050778998669176,0.5357684066927609,0.0769214573996589,0.026756211613130493,6.277920744113122e-6,0.19194750315168607,0.00040952740646773195,4.886107020705877,3.402237490076238
6.830817089053454e-9,0.5349921072355743,0.005050659442993728,0.5357658694857321,0.07691755057246741,0.026754495062809913,6.277787684173424e-6,0.1919433653692794,0.0004095185152353689,4.886101750303638,3.4017974417989794
6.908049943516994e-9,0.5349834191375192,0.005050775964409485,0.5357633122129812,0.07692135825030348,0.02675276457027962,6.277917365118312e-6,0.1919391946894388,0.0004095271808007802,4.886096438253542,3.40222632225375
6.986156033748765e-9,0.5349746620531672,0.00505066239222607,0.5357607347156104,0.07691764694743447,0.026751020018635586,6.277790968423078e-6,0.19193499084845483,0.0004095187345767065,4.886091084226419,3.40180829724612
7.065145233017267e-9,0.5349658354311321,0.005050773097263033,0.5357581368334606,0.0769212645608338,0.026749261289932984,6.277914172269882e-6,0.19193075358046466,0.000409526967562503,4.886085687890502,3.4022157694574386
7.145027526223424e-9,0.534956938715555,0.005050665179515932,0.5357555184051006,0.07691773803065742,0.026747488265176027,6.277794072241198e-6,0.19192648261743459,0.0004095189418734103,4.886080248911388,3.401818556685786
7.225813011162693e-9,0.5349479713460663,0.005050770387051582,0.5357528792678165,0.07692117600033976,0.02674570082430766,6.277911154263608e-6,0.19192217768914085,0.0004095267659969226,4.886074766952041,3.4022057943573474
7.307511899801656e-9,0.5349389327577494,0.005050667814667577,0.535750219257601,0.07691782414236864,0.02674389884619913,6.2777970065753605e-6,0.19191783852315153,0.0004095191378523654,4.886069241672761,3.4018282560972186
7.390134519568803e-9,0.5349298223811001,0.005050767824331812,0.5357475382091452,0.07692109225890263,0.026742082208639467,6.2779083005760465e-6,0.19191346484480745,0.00040952657540090857,4.886063672731152,3.402196362123838
7.47369131466005e-9,0.5349206396419905,0.005050670306800689,0.5357448359558259,0.07691790558115906,0.02674025078832483,6.277799781595545e-6,0.19190905637720335,0.00040951932319887126,4.886058059782118,3.4018374292366445
7.558192847358882e-9,0.5349113839616293,0.005050765400248335,0.535742112329696,0.07692101304891698,0.026738404460847777,6.2779056013397084e-6,0.19190461284116886,0.00040952639511720334,4.8860524024778265,3.402187440251759
7.643649799371652e-9,0.5349020547565219,0.005050672664475806,0.535739367161474,0.07691798262623864,0.02673654310068633,6.277802406827704e-6,0.19190013395524902,0.0004095194985413649,4.886046700467709,3.401846107413002
7.730072973177779e-9,0.534892651438432,0.005050763106579258,0.5357366002805328,0.07692093809996141,0.026734666581193032,6.277903047383661e-6,0.1918956194356849,0.0004095262245309578,4.886040953398414,3.402178998346399
7.817473293395185e-9,0.5348831734143414,0.005050674895671374,0.5357338115148901,0.07691805553810026,0.026732774774583766,6.277804891146396e-6,0.19189106899639405,0.00040951966447774,4.886035160913795,3.4018543200823714
7.905861808161413e-9,0.5348736200864095,0.00505076093560878,0.5357310006911956,0.07692086715998894,0.026730867551926576,6.277900630082204e-6,0.19188648234895034,0.0004095260630705728,4.886029322654896,3.402171008027362
7.995249690530139e-9,0.5348639908519327,0.005050677007825818,0.5357281676347222,0.07691812456072551,0.02672894478313021,6.277807242859405e-6,0.1918818592025643,0.00040951982156094287,4.886023438259913,3.4018620946511877
8.08564823988344e-9,0.534854285103304,0.005050758880105916,0.5357253121693528,0.07692079999378128,0.02672700633693273,6.2778983414291275e-6,0.19187719926406285,0.00040952591019801596,4.886017507364191,3.4021634427576566
8.177068883360316e-9,0.5348445022279709,0.005050679007928134,0.5357224341175719,0.07691818992156448,0.026725052080889766,6.277809469733545e-6,0.19187250223786861,0.0004095199703094932,4.886011529600182,3.4018694567633285
8.269523177301045e-9,0.5348346416083948,0.005050756933325112,0.535719533300451,0.07692073638087438,0.026723081881362857,6.277896173896796e-6,0.19186776782597958,0.0004095257654129745,4.886005504597443,3.4021562777175793
8.363022808708079e-9,0.5348247026220078,0.005050680902479616,0.5357166095376403,0.07691825183373456,0.02672109560350755,6.277811579067429e-6,0.19186299572794846,0.00040952011120831146,4.885999431982588,3.4018764304533966
8.457579596723245e-9,0.5348146846411707,0.005050755088979441,0.5357136626473559,0.07692067611479445,0.026719093111261336,6.277894120455201e-6,0.19185818564086152,0.000409525628244867,4.885993311379293,3.402149489702502
8.553205494121977e-9,0.5348045870331303,0.0050506826976104225,0.5357106924463677,0.07691831049698922,0.026717074267331584,6.2778135776407125e-6,0.19185333725931727,0.00040952024471298986,4.8859871424082435,3.401883038203777
8.649912588824143e-9,0.5347944091599762,0.005050753341142061,0.5357076987499894,0.07692061900234705,0.02671503893318314,6.277892174514546e-6,0.19184845027540567,0.00040952549825457225,4.885980924687133,3.402143056893557
8.747713105421983e-9,0.5347841503785968,0.0050506843990390645,0.5357046813720656,0.07691836609844946,0.02671298696902602,6.277815471829993e-6,0.19184352437868582,0.0004095203712475998,4.885974657830629,3.4018893010861957
8.846619406725576e-9,0.534773810040636,0.005050751684292697,0.5357016401249607,0.07692056486316805,0.026710918233802786,6.27789032990245e-6,0.19183855925616494,0.00040952537503116643,4.885968341450357,3.402136958975169
8.946643995325476e-9,0.5347633874924477,0.005050686012112618,0.5356985748195461,0.07691841881259369,0.02670883258517586,6.2778172676007195e-6,0.19183355459227586,0.00040952049121065784,4.885961975154864,3.4018952387610106
9.047799515173224e-9,0.5347528820750523,0.0050507501132087875,0.53569548526519,0.0769205135272142,0.026706729879514654,6.277888580845264e-6,0.1918285100688551,0.0004095252581875585,4.8859555585496075,3.4021311768459745
9.150098753179502e-9,0.5347422931240906,0.005050687541855237,0.5356923712697429,0.07691846880443441,0.026704609971882672,6.277818970561658e-6,0.1918234253651206,0.00040952060497754925,4.885949091236916,3.401900869761883
9.253554640830717e-9,0.5347316199697781,0.005050748623057292,0.5356892326395274,0.07692046483576226,0.026702472716024227,6.277886921926382e-6,0.19181830015764878,0.00040952514736207815,4.88594257281598,3.402125692579856
9.358180255823539e-9,0.5347208619368601,0.005050688992970072,0.5356860691793252,0.0769185162268232,0.026700317964351298,6.277820585948099e-6,0.19181313412035225,0.0004095207128944446,4.885936002882823,3.4019062114208403
9.463988823717943e-9,0.5347100183445636,0.005050747209275041,0.5356828806923646,0.07692041863992977,0.02669814556793009,6.2778853480515405e-6,0.19180792692445628,0.0004095250422162256,4.885929381030262,3.4021204894080213
9.570993719609223e-9,0.5346990885065511,0.005050690369895651,0.5356796669803084,0.07691856122506355,0.026695955376467316,6.27782211869032e-6,0.19180267823847605,0.0004095208152958437,4.885922706847904,3.4019112799711566
9.679208469818623e-9,0.5346880717308743,0.0050507458675724,0.535676427843241,0.07692037479992415,0.026693747238296657,6.277883854461048e-6,0.19179738772819274,0.00040952494243174303,4.885915979922108,3.402115551570717
9.788646753603078e-9,0.5346769673199249,0.005050691676755453,0.5356731630796556,0.07691860393382877,0.026691521000364756,6.277823573406176e-6,0.19179205505663038,0.00040952091248576454,4.885909199835953,3.401916090698847
9.899322404884578e-9,0.5346657745703868,0.005050744593933153,0.5356698724864423,0.07692033318402179,0.026689276508217178,6.277882436690234e-6,0.19178667988403153,0.00040952484770956046,4.88590236616924,3.402110864302434
1.0011249413998769e-8,0.5346544927731879,0.005050692917447876,0.5356665558588738,0.07691864448072147,0.02668701360598429,6.277824954413358e-6,0.19178126186783337,0.00040952100475366327,4.885895478498418,3.4019206579136942
1.012444192946352e-8,0.5346431212134506,0.0050507433845930335,0.5356632129905936,0.07692029366942506,0.026684732136366792,6.277881090510178e-6,0.19177580066264338,0.00040952475776926176,4.885888536396616,3.402106413698326
1.0238914259767263e-8,0.5346316591704426,0.005050694095639076,0.5356598436736024,0.07691868298511352,0.026682431940621313,6.2778262658083466e-6,0.19177029592021466,0.00040952109237221083,4.885881539433563,3.4019249950583985
1.0354680875177923e-8,0.5346201059175267,0.005050742236004898,0.5356564476982454,0.07692025614000116,0.02668011285854563,6.277879811999612e-6,0.19176474728942117,0.00040952467234591964,4.8858744871756,3.402102186736419
1.0471756409571983e-8,0.5346084607221102,0.005050695214745305,0.5356530248531972,0.07691871955938316,0.02667777472846384,6.277827511405474e-6,0.19175915441623279,0.0004095211755967872,4.885867379185633,3.4019291148340636
1.0590155662284213e-8,0.5345967228455943,0.005050741144832135,0.5356495749254516,0.07692022048706464,0.026675417387211388,6.277878597420029e-6,0.19175351694368992,0.0004095245911935737,4.885860215023099,3.4020981711182112
1.070989359997865e-8,0.5345848915433226,0.005050696278006737,0.5356460977003047,0.0769187543090241,0.02667304067011983,6.2778286948229225e-6,0.19174783451187813,0.0004095212546697154,4.885852994243975,3.401933029063745
1.0830985358540363e-8,0.5345729660645294,0.005050740107953126,0.5356425929613435,0.07692018660845072,0.026670644411001514,6.277877443302141e-6,0.19174210675790193,0.00040952451407889374,4.885845716400704,3.4020943553737686
1.0953446244988837e-8,0.5345609456522867,0.005050697288462144,0.535639060490431,0.07691878733282496,0.026668228442133967,6.277829819412531e-6,0.19173633331585946,0.00040952132981345474,4.885838381042201,3.401936748953813
1.1077291739412753e-8,0.5345488295434528,0.005050739122409985,0.5356355000676929,0.07692015440775604,0.026665792594244286,6.277876346375072e-6,0.19173051381681572,0.0004095244407818353,4.885830987713801,3.402090728625249
1.120253749692703e-8,0.5345366169686171,0.005050698248955963,0.5356319114715035,0.07691881872465206,0.02666333669649323,6.2778308883683785e-6,0.19172464788877622,0.0004095214012419643,4.8858235359572575,3.401940284999879
1.1329199349651651e-8,0.5345243071520475,0.005050738185438291,0.535628294478471,0.07692012379452605,0.026660860576459045,6.277875303524018e-6,0.1917187351566603,0.00040952437109860327,4.885816025310686,3.402087280711206
1.1457293308712858e-8,0.534511899311636,0.005050699162187798,0.5356246488634246,0.07691884857196994,0.026658364060121398,6.277831904680969e-6,0.19171277524227404,0.00040952146915503105,4.885808455308559,3.4019436471022377
1.1586835566267327e-8,0.5344993926588438,0.005050737294438007,0.5356209743993987,0.07692009468354065,0.0266558469718448,6.277874311866325e-6,0.19170676776428278,0.0004095243048327284,4.885800825481659,3.4020840020053136
1.171784249754888e-8,0.5344867863986458,0.005050700030676214,0.5356172708576195,0.07691887695756038,0.026653309134361976,6.277832871179018e-6,0.191700712338184,0.0004095215337401316,4.885793135357056,3.40194684455034
1.185033066293833e-8,0.5344740797294749,0.0050507364469484575,0.5356135380074896,0.07692006699459186,0.026650750368757272,6.277873368647524e-6,0.19169460857627935,0.00040952424180278497,4.885785384458084,3.402080883482999
1.1984316810057089e-8,0.534461271843165,0.00505070085679672,0.5356097756165742,0.07691890395922184,0.026648170494449352,6.277833790490304e-6,0.19168845608764618,0.0004095215951746753,4.885777572304304,3.4019498861476243
1.2119817875884054e-8,0.5344483619248958,0.005050735640656304,0.5356059834505854,0.0769200406522299,0.026645569329174258,6.2778724713015575e-6,0.19168225447810994,0.00040952418183646286,4.885769698411475,3.402077916660061
1.225685098889667e-8,0.5344353491531332,0.005050701642804119,0.5356021612733679,0.07691892965030797,0.02664294668896787,6.277834665142112e-6,0.19167600335021487,0.0004095216536260258,4.885761762291527,3.401952780119837
1.2395433471235928e-8,0.5344222326995729,0.005050734873387229,0.5355983088468839,0.07692001558521014,0.02664030238814839,6.277871617403395e-6,0.19166970230319547,0.0004095241247737349,4.885753763452529,3.4020750934751525
1.2535582840896302e-8,0.5344090117290814,0.005050702390816662,0.5355944259311973,0.07691895409969353,0.02663763623929857,6.277835497477351e-6,0.19166335093294734,0.00040952170925088685,4.885745701398653,3.4019555342647467
1.2677316813940038e-8,0.5343956853996369,0.005050734143085536,0.5355905122844592,0.07691999172638027,0.026634948053247648,6.277870804666135e-6,0.19165694883199755,0.00040952407045860377,4.885737575630158,3.4020724064053973
1.2820653306736476e-8,0.5343822528622691,0.005050703102823501,0.5355865676628916,0.07691897737280157,0.026632237639053292,6.277836289704967e-6,0.1916504955894749,0.00040952176219714935,4.885729385643337,3.4019581559139875
1.2965610438227108e-8,0.5343687132610004,0.0050507334478131286,0.5355825918207726,0.07691996901255647,0.026629504803983083,6.277870030937463e-6,0.19164399079108002,0.00040952401874907177,4.885721130930513,3.4020698483171024
1.311220653221577e-8,0.5343550657327841,0.0050507037806953575,0.5355785845104205,0.07691899953074509,0.02662674935349593,6.277837043936221e-6,0.191637434019055,0.0004095218126054191,4.885712810979975,3.40196065198698
1.3260460119685028e-8,0.5343413094074433,0.005050732785744555,0.535574545482178,0.07691994738418602,0.026623971091223327,6.277869294185796e-6,0.19163082485215285,0.0004095239695095531,4.885704425275977,3.4020674125003376
1.3410389941138465e-8,0.5343274434076088,0.005050704426208345,0.5355704744843955,0.07691902063163925,0.026621169818950238,6.277837762136244e-6,0.19162416286560616,0.0004095218606060479,4.885695973298686,3.4019630289950595
1.3562014948969919e-8,0.5343134668486572,0.0050507321551556865,0.5355663712634161,0.0769199267849034,0.02661834533659589,6.277868592467871e-6,0.1916174476310964,0.0004095239226098269,4.8856874545241595,3.4020650926166534
1.371535430985907e-8,0.534299378838647,0.005050705041027992,0.5355622355635592,0.07691904073020774,0.026615497442194307,6.277838446154961e-6,0.19161067871672216,0.00040952190632587387,4.885678868424304,3.4019652931102327
1.3870427407194144e-8,0.534285178478256,0.005050731554426999,0.5355580671271029,0.07691990716160012,0.026612625931874634,6.2778679240025205e-6,0.1916038556869673,0.0004095238779309943,4.885670214466856,3.402062882674729
1.4027253843522426e-8,0.534270864860716,0.005050705626746143,0.5355538656942693,0.0769190598777641,0.026609730599841154,6.277839097762377e-6,0.19159697810266882,0.00040952194987899814,4.885661492115335,3.401967450148666
1.4185853443028028e-8,0.5342564370717481,0.005050730982042869,0.5355496310032067,0.07691988846430793,0.02660681123835326,6.277867287071942e-6,0.1915900455209842,0.0004095238353597153,4.8856527008290085,3.40206077703821
1.4346246254037693e-8,0.5342418941894975,0.0050507061848377175,0.535545362789973,0.07691907812314877,0.02660386763770497,6.277839718625678e-6,0.1915830574953591,0.00040952199137859693,4.885643840062886,3.4019695055564503
1.450845255155537e-8,0.5342272352844675,0.005050730436511841,0.5355410607885192,0.07691987064565853,0.02660089958620445,6.277866680050606e-6,0.19157601357549356,0.0004095237947859472,4.885634909267639,3.4020587703850507
1.467249283982495e-8,0.534212459419452,0.0050507067167221064,0.5355367247306722,0.07691909551221883,0.026597906870153044,6.277840310307976e-6,0.19156891330730932,0.0004095220309282225,4.885625907889619,3.401971464552785
1.483838785492227e-8,0.5341975656494687,0.0050507299164984885,0.5355323543461167,0.07691985366069447,0.026594889273824363,6.277866101420864e-6,0.1915617562329154,0.0004095237561089502,4.885616835370764,3.402056857662141
1.5006158567376112e-8,0.5341825530216908,0.005050707223717481,0.5355279493623797,0.07691911208855182,0.026591846579442843,6.277840874268144e-6,0.19155454189057425,0.000409522068626675,4.88560769114863,3.401973332005099
1.51758261848194e-8,0.5341674205753784,0.005050729420696527,0.5355235095048112,0.07691983746737341,0.0265887785671622,6.277865549742255e-6,0.1915472698146674,0.00040952371923332,4.885598474656297,3.402055034128883
1.5347412154669835e-8,0.5341521673418089,0.005050707707087253,0.5355190344965678,0.07691912789326531,0.026585685015043724,6.277841411923233e-6,0.1915399395356605,0.0004095221045684148,4.88558918532237,3.4019751125606055
1.5520938166840868e-8,0.5341367923442073,0.005050728947874358,0.5355145240585942,0.0769198220256988,0.02658256569903414,6.277865023664768e-6,0.1915325505800683,0.0004095236840667682,4.885579822570932,3.4020532952898535
1.569642615648384e-8,0.5341212945976747,0.0050507081680159546,0.5355099779096053,0.07691914296478161,0.02657942039294339,6.27784192459417e-6,0.1915251024704191,0.0004095221388401537,4.885570385821508,3.4019768105657193
1.587389830676052e-8,0.5341056731091183,0.005050728496900277,0.5355053957660693,0.07691980729828543,0.026576248868421967,6.277864521876462e-6,0.19151759472521884,0.00040952365052392055,4.885560874489027,3.4020516368793356
1.6053377051647387e-8,0.5340899268771779,0.005050708607622993,0.5355007773421874,0.07691915734021983,0.02657305089493823,6.277842413541648e-6,0.1915100268589151,0.0004095221715263168,4.885551287983783,3.4019784301802605
1.6234885078771214e-8,0.534074054892154,0.005050728066669249,0.5354961223498771,0.07691979324896096,0.026569826239755286,6.2778640431874016e-6,0.1915023983818603,0.00040952361852283914,4.885541625711414,3.4020500548896417
1.6418445332277342e-8,0.5340580561359335,0.005050709026972393,0.5354914304987534,0.07691917105401809,0.026566574667907666,6.277842879905417e-6,0.19149470880027522,0.0004095222027059012,4.885531887072849,3.4019799752958146
1.660408101572983e-8,0.5340419295819165,0.0050507276561486385,0.5354867014961092,0.07691977984422063,0.02656329594217766,6.2778635864251685e-6,0.19148695761621087,0.00040952358798812094,4.885522071464267,3.40204854552326
1.6791815595044407e-8,0.5340256741949411,0.005050709427062177,0.5354819350468977,0.07691918413910115,0.02655998982307162,6.277843324845279e-6,0.19147914432751184,0.00040952223245278917,4.8855121782770885,3.4019814496024683
1.698167280145512e-8,0.5340092889312059,0.005050727264358707,0.5354771308537123,0.07691976705201412,0.02655665606879566,6.277863150521051e-6,0.1914712684277775,0.0004095235588459783,4.885502206897897,3.402047105175881
1.717367663451398e-8,0.5339927727381972,0.005050709808846444,0.5354722886167683,0.07691919662641805,0.026553294435231356,6.2778437494086515e-6,0.19146332940632363,0.000409522260837609,4.885492156708425,3.401982856615787
1.736785136512453e-8,0.5339761245546089,0.005050726890373552,0.5354674080338834,0.07691975484222219,0.026549904675910972,6.277862734413482e-6,0.1914553267481441,0.0004095235310280241,4.885482027085526,3.402045730447999
1.756422153861025e-8,0.5339593433102654,0.005050710173224312,0.5354624888004571,0.07691920854549385,0.026546486541992622,6.277844154584078e-6,0.19144725993387135,0.0004095222879285958,4.885471817401104,3.401984199627946
1.776281197781705e-8,0.5339424279260433,0.005050726533314171,0.535457530609453,0.07691974318614271,0.026543039782234885,6.27786233715479e-6,0.19143912843973634,0.00040952350446886925,4.885461527022099,3.4020444181045884
1.7963647786251214e-8,0.5339253773137919,0.0050507105210448825,0.5354525331513776,0.07691921992398319,0.026539564142971366,6.2778445413263245e-6,0.19143093173752948,0.0004095223137869818,4.885451155310435,3.401985481800839
1.816675435125245e-8,0.5339081903762527,0.00505072619236361,0.5354474961142605,0.07691973205668294,0.026536059368084855,6.277861957806387e-6,0.19142266929455926,0.00040952347910630694,4.8854407016229935,3.402043165116629
1.8372157347203425e-8,0.5338908660069789,0.00505071085311886,0.5354424191836347,0.07691923078842534,0.026532525198981173,6.277844910535284e-6,0.19141434057361215,0.00040952233847436204,4.88543016531156,3.401986706079433
1.8579882738775056e-8,0.5338734030902528,0.005050725866718072,0.5354373020425159,0.07691972142830568,0.026528961374562857,6.277861595500313e-6,0.19140594503291092,0.00040952345488248467,4.88541954572279,3.4020419685759054
1.8789956784208448e-8,0.5338558005010041,0.0050507111702029935,0.5354321443713821,0.0769192411637024,0.02652536763120228,6.2778452630552975e-6,0.19139748212607324,0.0004095223620463896,4.885408842198164,3.401987875291819
1.9002406038634557e-8,0.5338380571047261,0.0050507255556419325,0.5354269458481531,0.07691971127647296,0.026521743702714873,6.277861249397593e-6,0.19138895130206923,0.00040952343174175727,4.885398054073951,3.4020408257534784
1.9217257357430786e-8,0.5338201717573914,0.005050711473020611,0.5354217061481695,0.07691925107333113,0.026518089320331603,6.277845599693631e-6,0.19138035200517933,0.00040952238455744004,4.885387180681174,3.401988992088704
1.943453789961553e-8,0.5338021433053666,0.005050725258425637,0.5354164249441716,0.07691970157824359,0.026514404212671462,6.27786091871479e-6,0.19137168367495136,0.00040952340963106877,4.885376221345543,3.4020397340431536
1.9654275131281716e-8,0.5337839705853274,0.005050711762264115,0.5354111019062784,0.07691926054000252,0.02651068810571351,6.277845921212033e-6,0.1913629457461566,0.0004095224060584284,4.885365175387443,3.4019900590195067
1.9876496829068465e-8,0.5337656524241706,0.005050724974403883,0.5354057367019659,0.076919692311752,0.02650694072276861,6.27786060271093e-6,0.1913541376487465,0.0004095233885016235,4.8853540421218735,3.402038690995753
2.010123108367243e-8,0.5337471876389275,0.005050712038575631,0.5354003289960466,0.07691926958479406,0.02650316178445088,6.2778462283404325e-6,0.19134525880780837,0.0004095224265972946,4.88534282085842,3.401991078458309
2.0328506303398435e-8,0.5337285750366745,0.005050724702941691,0.5353948784506466,0.07691968345641217,0.02649935100864881,6.277860300675351e-6,0.19133630864352008,0.00040952336830523035,4.885331510901184,3.4020376942765997
2.0558351217750926e-8,0.5337098134144445,0.0050507123025690815,0.5353893847251829,0.07691927822790877,0.02649550811049604,6.277846521752578e-6,0.19132728657110562,0.00040952244621974876,4.885320111548773,3.401992052683338
2.0790794881065425e-8,0.5336909015591367,0.0050507244434321455,0.5353838474763444,0.07691967499236259,0.02649163280234178,6.277860011933306e-6,0.1913181920007888,0.00040952334899772754,4.885308622094233,3.40203674168685
2.102586667618103e-8,0.5336718382474246,0.005050712554834251,0.5353782663580664,0.0769192864883319,0.026487724793721024,6.277846802102345e-6,0.19130902433774752,0.00040952246496930747,4.885297041825018,3.40199298384252
2.126359631815506e-8,0.5336526222456645,0.005050724195308943,0.5353726410215095,0.07691966690112631,0.026483783791324295,6.277859735855795e-6,0.1912997829820668,0.0004095233305366421,4.885285370022929,3.4020358311011365
2.150401385801903e-8,0.5336332523098027,0.005050712795920047,0.5353669711150373,0.07691929438424111,0.026479809498967055,6.277847070008788e-6,0.19129046732869198,0.0004095224828871688,4.885273605964097,3.40199387397911
2.1747149686577495e-8,0.5336137271852818,0.005050723958024527,0.535361256284193,0.07691965916490004,0.02647580161755892,6.277859471828771e-6,0.1912810767673811,0.00040952331288083557,4.885261748918909,3.40203496055015
2.1993034538249387e-8,0.5335940456069443,0.005050713026355601,0.5353554961716754,0.07691930193295159,0.026471759845072343,6.277847326051039e-6,0.1912716106826565,0.00040952250001294896,4.885249798151976,3.401994725040306
2.224169949495357e-8,0.5335742062989389,0.005050723731068115,0.5353496904173178,0.0769196517669622,0.026467683876511095,6.277859219287984e-6,0.19126206845375665,0.00040952329599307734,4.885237752922087,3.402034128137164
2.2493175990037643e-8,0.5335542079746226,0.005050713246637086,0.5353438386580633,0.07691930915056729,0.026463573403878296,6.277847570789187e-6,0.19125244945458678,0.0004095225163824093,4.885225612482165,3.4019955388619425
2.2747495812251112e-8,0.5335340493364623,0.0050507235139478045,0.5353379405279404,0.07691964469142987,0.026459428116144143,6.277858977683103e-6,0.1912427530536694,0.00040952327983620273,4.88521337607921,3.402033332070444
2.3004691109764264e-8,0.5335137290759382,0.005050713457237879,0.5353319956580405,0.07691931605288957,0.02645524769921332,6.277847804748807e-6,0.191232978614094,0.0004095225320315991,4.885201042954271,3.401996317186328
2.3264794394231703e-8,0.5334932458734416,0.005050723306200873,0.5353260036764934,0.07691963792310388,0.026451031835891807,6.277858746503764e-6,0.19122312549346676,0.00040952326437578674,4.885188612342365,3.4020325706529486
2.352783854490187e-8,0.5334725983981758,0.0050507136586041505,0.535319964208443,0.07691932265432334,0.026446780205853778,6.277848028420412e-6,0.19121319304385895,0.0004095225469941037,4.88517608347247,3.4019970616787565
2.3793856812773725e-8,0.5334517853080543,0.005050723107391338,0.5353138768760223,0.07691963144758877,0.026442492485607646,6.277858525252039e-6,0.1912031806117557,0.00040952324957931475,4.885163455567452,3.402031842258614
2.4062882824799663e-8,0.5334308052495967,0.005050713851166724,0.5353077412983298,0.07691932896896263,0.026438168348462035,6.2778482422875115e-6,0.1911930875380031,0.0004095225613007534,4.88515072784402,3.40199777390166
2.4334950588136377e-8,0.5334096568578267,0.0050507229170948425,0.5353015570914034,0.07691962525134939,0.026433807464491296,6.2778583134660286e-6,0.19118291315775598,0.000409523235415509,4.885137899512679,3.402031145361605
2.4610094494443317e-8,0.5333883387561656,0.005050714035326893,0.5352953238681966,0.07691933501010186,0.026429409500500597,6.277848446796055e-6,0.1911726568004244,0.0004095225749822155,4.885124969777683,3.401998455371685
2.488834932423061e-8,0.5333668495563273,0.005050722734910491,0.5352890412385517,0.0769196193213268,0.02642497411999068,6.277858110694541e-6,0.1911623177896195,0.00040952322185436367,4.885111937836981,3.4020304784969495
2.5169750251255346e-8,0.5333451878582111,0.005050714211465969,0.5352827088091756,0.0769193407902575,0.026420500983122274,6.27784864237657e-6,0.19115189544309916,0.0004095225880667726,4.8850988028821725,3.401999107488725
2.5454332846967568e-8,0.5333233522497934,0.005050722560464984,0.5352763261836134,0.0769196136451959,0.026415989746679972,6.277857916522955e-6,0.19114138907271305,0.00040952320886815104,4.885085564098449,3.402029840278421
2.574213308500734e-8,0.533301341307019,0.005050714379955548,0.5352698929622223,0.07691934632145636,0.0264114400640359,6.277848829431208e-6,0.19113079798434687,0.00040952260058121573,4.885072220664551,3.4019997316154877
2.603318734575176e-8,0.5332791535936895,0.005050722393398863,0.5352634087421457,0.07691960821126113,0.0264068515851128,6.277857730545128e-6,0.19112012147786595,0.0004095231964300434,4.885058771752714,3.4020292293906507
2.6327532420913937e-8,0.5332567876613536,0.005050714541136104,0.5352568731172869,0.07691935161504433,0.02640222395634689,6.277849008345856e-6,0.1911093588470587,0.00040952261255207466,4.885045216528611,3.4020003290305967
2.6625205518193384e-8,0.5332342420491932,0.0050507222333632555,0.5352502856782819,0.07691960300839469,0.026397556820650172,6.277857552384134e-6,0.191098509379579,0.000409523184514095,4.885031554151307,3.402028644579628
2.6926244265979963e-8,0.5332115152839099,0.005050714695347089,0.5352436460124732,0.0769193566818901,0.02639284981737241,6.277849179489832e-6,0.19108757235688817,0.00040952262400319737,4.885017783773209,3.402000900965555
2.7230686718110142e-8,0.5331886058796103,0.005050722080035919,0.5352369537038817,0.07691959802595062,0.026388102582262717,6.277857381669091e-6,0.19107654705419636,0.00040952317309662386,4.8850039045400155,3.4020280846649653
2.753857135867703e-8,0.5331655123376899,0.005050714842886811,0.5352302083331809,0.07691936153223274,0.02638331474743065,6.277849343209262e-6,0.19106543274040308,0.00040952263495849995,4.884989915590632,3.4020014485688272
2.7849937106895675e-8,0.5331422331467154,0.0050507219331083425,0.5352234094776674,0.07691959325394687,0.026378485941306914,6.277857218057959e-6,0.1910542286780376,0.00040952316215384077,4.884975816057166,3.402027548492001
2.8164823322022492e-8,0.5331187667823069,0.0050507149840708756,0.5352165567112347,0.07691936617597692,0.026373615788603696,6.277849499828277e-6,0.19104293412319792,0.00040952264543937783,4.884961605064838,3.4020019729532165
2.8483269808330292e-8,0.533095111707017,0.005050721792283574,0.5352096496043444,0.07691958868267429,0.026368703910274488,6.277857061229504e-6,0.19103154832549007,0.00040952315166429236,4.884947281731941,3.4020270350015376
2.8805316820140512e-8,0.5330712663702109,0.005050715119165892,0.5352026877239977,0.07691937062220032,0.026363749923473553,6.277849649672978e-6,0.1910200705279658,0.0004095226554672726,4.88493284516978,3.402002475162335
2.913100506691124e-8,0.5330472292079438,0.005050721657284376,0.5351956706337074,0.07691958430312874,0.026358753441514907,6.277856910859099e-6,0.19100849996706012,0.00040952314160683695,4.8849182944826195,3.40202654316211
2.9460375718383506e-8,0.533022998642837,0.005050715248448231,0.535188597893469,0.07691937487989743,0.0263537140738309,6.2778497930340075e-6,0.19099683587252844,0.00040952266506174255,4.884903628767616,3.4020029561982827
2.9793470409785013e-8,0.532998573083954,0.005050721527835588,0.535181469059731,0.07691958010653846,0.02634863142593028,6.277856766653087e-6,0.19098507746738233,0.0004095231319619805,4.8848888471147935,3.402026072004882
3.013033124709383e-8,0.5329739509266732,0.005050715372169807,0.5351742836853663,0.07691937895748181,0.026343505099355995,6.277849930196132e-6,0.19097322396782482,0.0004095226742419228,4.88487394860694,3.4020034170179874
3.047100081236066e-8,0.5329491305525614,0.005050721403684146,0.5351670413196428,0.07691957608467823,0.02633833469164229,6.277856628321521e-6,0.19096127458318554,0.00040952312270979747,4.8848589323195934,3.402025620588396
3.0815522169091185e-8,0.5329241103292452,0.005050715490572787,0.5351597415081923,0.07691938286292524,0.026333119796271565,6.2778500614298375e-6,0.1909492285158544,0.0004095226830259145,4.884843797320955,3.40200385851448
3.116393886769033e-8,0.5328988886102798,0.005050721284593282,0.5351523837929821,0.07691957222957702,0.026327860002630682,6.277856495599136e-6,0.19093708496121517,0.000409523113832786,4.884828542671846,3.4020251880365904
3.151629495096711e-8,0.5328734637350186,0.005050715603894066,0.5351449677122839,0.0769193866038346,0.02632255489596682,6.277850186994113e-6,0.1909248431075777,0.0004095226914308976,4.884813167425642,3.402004281560045
3.1872634959701636e-8,0.5328478340284802,0.005050721170324943,0.5351374928006426,0.0769195685338283,0.026317204057342884,6.2778563682257535e-6,0.19091250213611022,0.0004095231053136111,4.884797670628215,3.4020247735059974
3.2233003938276136e-8,0.5328219978012141,0.005050715712349874,0.5351299585888465,0.07691939018749537,0.026311807063592457,6.277850307125651e-6,0.19090006122076988,0.00040952269947309083,4.884782051317875,3.40200468697053
3.259744744036846e-8,0.5327959533491645,0.005050721060652323,0.5351223646038955,0.07691956499029606,0.02630636348727426,6.277856245957336e-6,0.19088751952823377,0.00040952309713553547,4.884766308525312,3.4020243761953446
3.296601153471076e-8,0.5327696989535344,0.005050715816151581,0.5351147103689698,0.07691939362081938,0.026300872896626127,6.277850422069624e-6,0.190874876217828,0.00040952270716792394,4.884750441273527,3.4020050755266746
3.333874281091241e-8,0.5327432328806463,0.005050720955376949,0.5351069954033986,0.07691956159208772,0.026295334855518587,6.277856128547114e-6,0.19086213044145678,0.00040952308928312523,4.8847344485777855,3.402023995343545
3.371568838535006e-8,0.5327165533818022,0.0050507159154940555,0.5350992192226274,0.07691939691040861,0.026289748923407873,6.277850532026747e-6,0.19084928134353038,0.00040952271453008516,4.884718329445537,3.4020054479777286
3.409689590712321e-8,0.5326896586931429,0.0050507208542922575,0.5350913813381862,0.07691955833277717,0.026284114655288446,6.277856015780796e-6,0.19083632806089246,0.00040952308174117515,4.884702082876367,3.4020236302209876
3.4482413564077105e-8,0.5326625470355043,0.005050716010568184,0.5350834812576575,0.07691940006243989,0.026278431601645152,6.277850637223915e-6,0.1908232697227466,0.0004095227215738664,4.884685707861933,3.402005805026102
3.487229008889475e-8,0.5326352166142732,0.005050720757202501,0.5350755184846422,0.07691955520612945,0.02627269930840475,6.2778559074426974e-6,0.1908101054505819,0.0004095230744952059,4.884669203385887,3.4020232801340855
3.526657476525669e-8,0.5326076656192417,0.005050716101552782,0.5350674925187274,0.07691940308294531,0.02626691731688705,6.277850737850613e-6,0.19079683435809786,0.0004095227283123643,4.884652568423838,3.4020061473561634
3.566531743407115e-8,0.5325798922244593,0.005050720663930511,0.5350594028554536,0.07691955220631722,0.026261085163755457,6.277855803323818e-6,0.19078345555112836,0.0004095230675318823,4.884635801943266,3.4020229444219394
3.606856849977381e-8,0.5325518945880843,0.005050716188617957,0.5350512489862791,0.07691940597756686,0.02625520238096716,6.277850834100768e-6,0.19076996812756486,0.0004095227347582393,4.884618902903462,3.4020064756001336
3.647637893670008e-8,0.5325236708522322,0.0050507205742985365,0.535043030398548,0.07691954932760753,0.026249268495722674,6.277855703231313e-6,0.19075637117727895,0.00040952306083794917,4.884601870255463,3.402022622457062
3.68888002955284e-8,0.5324952191428244,0.005050716271927712,0.5350347465754545,0.07691940875168539,0.02624328303041494,6.2778509261509935e-6,0.19074266378204352,0.00040952274092330367,4.884584702942,3.4020067903822264
3.730588470979618e-8,0.5324665375694341,0.005050720488139185,0.5350263969960094,0.07691954656473882,0.026237245502577982,6.2778556069768125e-6,0.1907288450154539,0.00040952305440088,4.884567399897409,3.4020223136362806
3.772768490249079e-8,0.5324376242251303,0.005050716351637864,0.5350179811350043,0.07691941141055597,0.02623115542483491,6.277851014172084e-6,0.19071491394284693,0.0004095227468194113,4.884549960047577,3.4020070922799106
3.815425419271375e-8,0.5324084771863212,0.005050720405291715,0.5350094984629773,0.07691954391246068,0.026225012304845547,6.277855514377447e-6,0.19070086962122046,0.00040952304820860607,4.884532382309876,3.4020220173892346
3.8585646502420304e-8,0.532379094512595,0.005050716427892429,0.5350009484461764,0.07691941395898909,0.026218815645253475,6.2778510983294974e-6,0.19068671109915084,0.00040952275245707343,4.884514665593092,3.4020073818580987
3.902191636323648e-8,0.5323494742465592,0.005050720325602055,0.5349923305465245,0.07691954136604125,0.026212564943632555,6.277855425269234e-6,0.19067243741671047,0.00040952304224989815,4.88449680879735,3.4020217331726563
3.946311892335172e-8,0.5323196144136796,0.00505071650083277,0.5349836442215835,0.07691941640174056,0.02620625969243298,6.277851178777002e-6,0.19065804760538357,0.0004095227578468385,4.884478810814063,3.40200765964027
3.990930995449041e-8,0.5322895130221136,0.005050720248921694,0.5349748889245164,0.07691953892062743,0.026199899378926743,6.277855339481333e-6,0.1906435406879814,0.000409523036513563,4.884460670525835,3.4020214604551238
4.0360545858961345e-8,0.5322591680625471,0.0050507165705930565,0.5349660641040523,0.07691941874322678,0.026193483485152616,6.2778512556556115e-6,0.19062891567855703,0.00040952276299854987,4.884442386806423,3.402007926142548
4.081688367678822e-8,0.5322285775080259,0.005050720175118187,0.5349571692044479,0.0769195365718673,0.02618701148786063,6.2778552568610284e-6,0.19061417158231783,0.00040952303098928207,4.8844239585206415,3.4020211987557882
4.127838109291965e-8,0.5321977393137856,0.005050716637296106,0.5349482036654513,0.07691942098767549,0.026180482858455933,6.277851329112816e-6,0.19059930739553863,0.0004095227679213713,4.884405384524301,3.4020081818476475
4.174509644452055e-8,0.5321666514170815,0.005050720104051594,0.5349391669222626,0.07691953431553811,0.026173897062942205,6.277855177255549e-6,0.1905843221054726,0.000409523025666965,4.8843866636641335,3.4020209475880985
4.221708872834729e-8,0.532135311737015,0.005050716701061503,0.5349300584054972,0.07691942313915362,0.026167253561864525,6.277851399274749e-6,0.19056921469026195,0.00040952277262415384,4.884367794777729,3.402008427208897
4.269441760820485e-8,0.532103718174359,0.005050720035593042,0.5349208775411469,0.07691953214750061,0.026160551810251634,6.277855100520913e-6,0.190553984118847,0.00040952302053693285,4.8843487766934475,3.402020706504701
4.3177143422489095e-8,0.5320718686113806,0.005050716762008282,0.534911623750541,0.07691942520154715,0.026153791257557745,6.277851466267967e-6,0.19053862935087487,0.00040952277711522536,4.884329608230355,3.4020086626784183
4.3665327191813466e-8,0.5320397609116626,0.005050719969620533,0.5349022964503074,0.07691953006387299,0.026146971347603794,6.277855026516748e-6,0.19052314933660666,0.00040952301558986806,4.884310288198147,3.402020475072354
4.415903062672339e-8,0.5320073929199232,0.005050716820238733,0.5348928950523318,0.07691942717849193,0.026140091518518108,6.277851530212589e-6,0.1905075430168238,0.00040952278140261514,4.8842908153970805,3.4020088886686293
4.4658316135496595e-8,0.5319747624618326,0.005050719906017055,0.5348834189637206,0.07691952806091797,0.026133151202676543,6.277854955112606e-6,0.19049180932273332,0.0004095230108169715,4.884271188617883,3.4020202528758636
4.516324683203152e-8,0.5319418673438291,0.005050716875860501,0.5348738675867577,0.0769194290734841,0.02612614982664216,6.277851591219449e-6,0.19047594717587216,0.00040952278549390695,4.884251406641695,3.402009105586572
4.567388654382645e-8,0.5319087053529322,0.0050507198446670225,0.5348642403188657,0.07691952613516526,0.026119086811104194,6.277854886179317e-6,0.1904599554880101,0.00040952300620978926,4.884231468239974,3.4020200395277334
4.619029982004732e-8,0.5318752742565537,0.005050716928966721,0.5348545365525649,0.0769194308899273,0.02611196157081665,6.277851649398592e-6,0.190443833161052,0.00040952278939627404,4.884211372174433,3.402009313809957
4.671255193968681e-8,0.5318415718023073,0.005050719785461046,0.5348447556754305,0.07691952428307397,0.026104773514536227,6.277854819594281e-6,0.19042757908693844,0.00040952300175992875,4.884191117196962,3.4020198346478923
4.724070891981716e-8,0.531807595717816,0.005050716979649966,0.5348348970700536,0.07691943263092843,0.02609752204495977,6.277851704848074e-6,0.19041119214754604,0.00040952279311631535,4.884170702049537,3.402009513708034
4.777483752393458e-8,0.5317733437105165,0.005050719728298587,0.5348249601139962,0.07691952250154374,0.026090206558661087,6.277854755240505e-6,0.19039467121458575,0.0004095229974596318,4.884150125464153,3.4020196378761085
4.831500527039909e-8,0.5317388134674627,0.005050717028001056,0.5348149441797505,0.0769194342995646,0.026082826446027364,6.277851757663813e-6,0.19037801514950026,0.00040952279666055176,4.884129386162736,3.4020097056264187
4.8861280440968734e-8,0.5317040026551266,0.005050719673073085,0.5348048486346964,0.07691952078734512,0.02607538109119483,6.277854693002457e-6,0.190361222803361,0.0004095229933013934,4.884108482857071,3.402019448873689
4.941373208943196e-8,0.5316689089191962,0.005050717074102533,0.5347946728410564,0.07691943589868339,0.026067869871984065,6.277851807938393e-6,0.1903442930167628,0.0004095228000352788,4.884087414248718,3.402009889902746
4.997243005033612e-8,0.5316335298843732,0.0050507196196903975,0.5347844161558543,0.07691951913752401,0.0260602921598346,6.277854632770535e-6,0.19032722461971824,0.00040952298927759626,4.884066179028915,3.4020192673126117
5.053744494781461e-8,0.5315978631541654,0.005050717118028079,0.5347740779308694,0.07691943743109854,0.026052647319739098,6.277851855754366e-6,0.1903100164315503,0.00040952280324596936,4.884044775878533,3.402010066854601
5.1108848204515386e-8,0.5315619063106805,0.005050719568058028,0.5347636575125932,0.0769195175492499,0.026044934710176902,6.277854574440238e-6,0.190292667260784,0.0004095229853815865,4.884023203467948,3.4020190928719583
5.168671205062874e-8,0.5315256569144141,0.005050717159857415,0.5347531542421838,0.07691943889940252,0.026037153683047008,6.27785190119609e-6,0.19027517590503704,0.0004095228062978187,4.8840014604569895,3.4020102367824196
5.2271109533018104e-8,0.5314891125040385,0.005050719518083362,0.5347425674554217,0.07691951601974967,0.026029303583600654,6.277854517909444e-6,0.19025754115090865,0.00040952298160614126,4.883979545494842,3.4020189252627997
5.28621145244531e-8,0.5314522705961862,0.005050717199658564,0.5347318964826631,0.07691944030606436,0.02602138375037308,6.277851944336247e-6,0.19023976177386762,0.0004095228091963767,4.883957457219965,3.4020103999836278
5.345980173294875e-8,0.5314151286852336,0.005050719469684228,0.5347211406487947,0.07691951454642432,0.026013393515115075,6.277854463077673e-6,0.19022183653813893,0.00040952297794501674,4.883935194260004,3.4020187641886936
5.406424671120869e-8,0.5313776842430803,0.0050507172374976775,0.5347102992731864,0.07691944165353017,0.026005332202723677,6.277851985246691e-6,0.19020376419658894,0.00040952281194629427,4.883912755231705,3.4020105567314594
5.4675525866175055e-8,0.5313399347189283,0.00505071942277249,0.5346993716696457,0.07691951312674242,0.02599719913117253,6.277854409852978e-6,0.19018554349060968,0.0004095229743918109,4.8838901387408304,3.4020186093824747
5.529371646868811e-8,0.5313018775390549,0.005050717273437928,0.5346883571463689,0.07691944294402314,0.02598899361144159,6.27785202399745e-6,0.1901671731500014,0.0004095228145519656,4.883867343382064,3.4020107072930577
5.591889666325341e-8,0.5312635101065879,0.005050719377269606,0.5346772550058946,0.07691951175830049,0.025980714947446353,6.2778543581404e-6,0.19014865189285368,0.0004095229709402561,4.883844367738934,3.4020184605833785
5.655114547791929e-8,0.5312248298012751,0.0050507173075376695,0.5346660645450548,0.07691944417967693,0.0259723624359665,6.277852060649022e-6,0.19012997842542592,0.00040952281701780915,4.8838212103837115,3.4020108519192833
5.719054283426782e-8,0.5311858339792509,0.0050507193330948325,0.5346547850549265,0.07691951043871316,0.02596393536657408,6.277854307850039e-6,0.19011115144202573,0.0004095229675844402,4.8837978698773306,3.402018317533181
5.783716955751691e-8,0.5311465199728029,0.005050717339853141,0.5346434158207823,0.07691944536259208,0.02595543302156099,6.27785209526113e-6,0.1900921696248862,0.00040952281934757373,4.883774344769284,3.4020109908558234
5.8491107386737544e-8,0.5311068850901344,0.005050719290175518,0.534631956122042,0.07691950916585019,0.025946854675866174,6.2778542588972725e-6,0.19007303164404163,0.00040952296431860934,4.883750633597548,3.4020181799985423
5.915243898518555e-8,0.531066926615123,0.005050717370433999,0.5346204052322211,0.0769194464946994,0.02593819959700205,6.2778521278910585e-6,0.1900537361572024,0.000409522821545212,4.883726734888485,3.4020111243293365
5.98212479507522e-8,0.5310266418070791,0.005050719248435412,0.5346087624188813,0.07691950793752142,0.025929467044980628,6.277854211196144e-6,0.19003428180962736,0.0004095229611370503,4.883702647156734,3.4020180477521205
6.049761882653099e-8,0.5309860279005002,0.005050717399331781,0.5345970269435797,0.07691944757788857,0.025920656272238905,6.277852158587353e-6,0.1900146672339959,0.0004095228236142023,4.88367836890515,3.402011252568138
6.1181637111504e-8,0.5309450821048217,0.00505071920780531,0.5345851980618167,0.0769195067516859,0.02591176652356391,6.277854164667847e-6,0.18999489105027764,0.0004095229580344699,4.883653898624673,3.402017920570833
6.187338927135098e-8,0.5309038016041676,0.0050507174265895715,0.5345732750229848,0.07691944861389731,0.025902797036017153,6.2778521873983e-6,0.18997495186560134,0.0004095228255575081,4.883629234794267,3.4020113757810524
6.257296274937846e-8,0.5308621835570952,0.005050719168214056,0.534561257070316,0.07691950560638186,0.025893747038858595,6.277854119225311e-6,0.1899548482741216,0.0004095229550054335,4.88360437588079,3.4020177982454056
6.328044597757378e-8,0.5308202250963393,0.0050507174522512015,0.5345491434408292,0.0769194496044021,0.025884615753470112,6.2778522143700595e-6,0.18993457885688492,0.0004095228273781557,4.883579320338928,3.4020114941682196
6.39959283877827e-8,0.5307779233285524,0.005050719129596362,0.5345369333652764,0.0769195044996272,0.025875402393278433,6.277854074797089e-6,0.18991414218169314,0.0004095229520447082,4.883554066611077,3.402017680574881
6.471950042301576e-8,0.5307352753340423,0.005050717476355814,0.5345246260680897,0.07691945055100083,0.02586610616367767,6.277852239542081e-6,0.18989353680296628,0.0004095228290791808,4.883528613127252,3.402011607924398
6.54512535488803e-8,0.5306922781665069,0.005050719091884593,0.534512220767326,0.07691950342966958,0.025856726261951245,6.2778540313049e-6,0.1898727612616032,0.0004095229491472732,4.883502958304987,3.4020175673666135
6.619128026514182e-8,0.5306489288527656,0.005050717498940306,0.5344997166746133,0.07691945145520841,0.025847261877193477,6.277852262950254e-6,0.18985181408484111,0.0004095228306628571,4.883477100549237,3.4020117172336715
6.693967411741813e-8,0.5306052243924884,0.005050719055015503,0.5344871129950942,0.07691950239471207,0.025837712190230577,6.27785398867533e-6,0.18983069378611292,0.0004095229463083623,4.883451038252276,3.402017458435839
6.769652970900354e-8,0.5305611617579209,0.0050507175200373185,0.5344744089273714,0.07691945231847915,0.025828076373541235,6.27785228463127e-6,0.18980939886490325,0.0004095228321316264,4.883424769793585,3.4020118222761924
6.846194271282693e-8,0.5305167378936074,0.005050719018925233,0.5344616036634503,0.0769195013930892,0.02581835359117681,6.277853946833066e-6,0.18978792780660333,0.0004095229435227882,4.883398293539775,3.402017353608167
6.92360098835469e-8,0.5304719497161108,0.00505071753967686,0.5344486963886823,0.07691945314215498,0.02580854299868093,6.277852304613899e-6,0.1897662790823628,0.00040952283348749154,4.883371607844459,3.402011923218828
7.001882906978154e-8,0.5304267941137263,0.005050718983554568,0.5344356862817078,0.07691950042305429,0.025798643743008776,6.277853905706712e-6,0.18974445114894123,0.0004095229407859342,4.883344711048146,3.4020172527127603
7.081049922647773e-8,0.530381267946198,0.005050717557890725,0.5344225725143977,0.07691945392752712,0.02578865496244589,6.2778523229282525e-6,0.18972244244855757,0.00040952283473241915,4.883317601478173,3.4020120202225925
7.161112042741889e-8,0.5303353680444265,0.005050718948842321,0.5344093542517957,0.07691949948311258,0.02577857578652661,6.277853865226966e-6,0.1897002514087371,0.0004095229380931175,4.883290277448541,3.4020171555863072
7.242079387787671e-8,0.5302890912101756,0.005050717574700849,0.5343960306520578,0.07691945467579532,0.02576840533595198,6.277852339596868e-6,0.18967787644215744,0.0004095228358680304,4.883262737259866,3.402012113441688
7.323962192740352e-8,0.5302424342157768,0.005050718914727226,0.534382600866395,0.07691949857172592,0.025758142722507385,6.277853825324295e-6,0.18965531594649288,0.000409522935439819,4.883234979199233,3.402017062077025
7.406770808276944e-8,0.5301953938038271,0.005050717590132288,0.5343690640390104,0.07691945538816107,0.025747787048979752,6.277852354641341e-6,0.1896325683042559,0.000409522836895792,4.883207001540097,3.4020122030266062
7.490515702104797e-8,0.530147966686888,0.005050718881153767,0.5343554193070408,0.07691949768734371,0.025737337409074343,6.27785378592785e-6,0.18960963188263813,0.000409522932821244,4.8831788025421865,3.4020169720337714
7.57520746028471e-8,0.5301001495471761,0.0050507176042036365,0.5343416658004939,0.07691945606567212,0.025726792887331235,6.277852368081708e-6,0.1895865050333486,0.00040952283781694625,4.883150380451378,3.4020122891179176
7.660856788569149e-8,0.530051939036255,0.005050718848065746,0.5343278026421872,0.0769194968285767,0.025716152559041406,6.2778537469709625e-6,0.18956318609245024,0.00040952293023308604,4.883121733499581,3.402016885313121
7.747474513755431e-8,0.5300033317747196,0.005050717616934569,0.534313828947685,0.07691945670937676,0.02570541549016254,6.277852379932283e-6,0.18953967338019506,0.0004095228386326676,4.883092859904649,3.4020123718493953
7.835071585054493e-8,0.5299543243518794,0.005050718815403386,0.5342997438252358,0.07691949599401078,0.02569458073723439,6.2778537083882145e-6,0.18951596520085662,0.0004095229276707818,4.883063757870247,3.402016801779483
7.923659075474879e-8,0.5299049133254374,0.00505071762834002,0.5342855463757086,0.07691945732024137,0.02568364734729398,6.277852390205522e-6,0.18949205984256123,0.0004095228393438727,4.883034425585739,3.4020124513516654
8.013248183222378e-8,0.5298550952211658,0.0050507187831141265,0.5342712356925277,0.07691949518229145,0.02567261435779036,6.277853670110864e-6,0.1894679555771168,0.00040952292513003714,4.883004861226077,3.40201672130081
8.103850233115739e-8,0.5298048665325765,0.005050717638433315,0.5342568108616094,0.07691945789915942,0.025661480796499218,6.277852398911586e-6,0.18944365065983973,0.00040952283995112813,4.882975062951695,3.402012527747902
8.195476678018141e-8,0.5297542237205906,0.005050718751140157,0.5342422709612952,0.07691949439211067,0.025650245681437134,6.277853632071885e-6,0.18941914332938042,0.00040952292260633335,4.882945028908367,3.402016643750603
8.288139100284848e-8,0.5297031632132005,0.005050717647223741,0.5342276150622861,0.07691945844695262,0.025638908020775578,6.277852406056945e-6,0.18939443180754537,0.00040952284045497157,4.882914757227115,3.4020126011588605
8.381849213227482e-8,0.5296516814051326,0.005050718719428035,0.534212842227576,0.07691949362218486,0.025627466812754796,6.277853594207236e-6,0.18936951429911902,0.00040952292009527514,4.882884246024076,3.402016569008571
8.476618862594573e-8,0.5295997746575019,0.005050717654720195,0.5341979515123845,0.07691945896447205,0.025615921045597255,6.2778524116455915e-6,0.18934438899168207,0.00040952284085572527,4.882853493400392,3.4020126716941848
8.572460028069023e-8,0.5295474392974653,0.005050718687922293,0.5341829419640876,0.07691949287126341,0.025604269697421186,6.27785355644852e-6,0.18931905405542843,0.0004095229175925514,4.882822497442071,3.402016496957157
8.66938482478231e-8,0.5294946716178702,0.00505071766092894,0.5341678126221505,0.07691945945242751,0.02559251173615369,6.277852415679416e-6,0.18929350764297984,0.00040952284115357344,4.882791256219885,3.4020127394632182
8.767405504846134e-8,0.5294414678768995,0.005050718656567965,0.534152562518058,0.07691949213813858,0.0255806461194438,6.277853518732044e-6,0.18926774788919845,0.000409522915093801,4.8827597677892465,3.402016427486825
8.866534458901097e-8,0.5293878242977111,0.005050717665853007,0.5341371906752429,0.07691945991150359,0.025568671794575493,6.277852418154978e-6,0.1892417729109972,0.0004095228413482729,4.882728030190069,3.402012804569929
8.966784217682874e-8,0.5293337370680758,0.005050718625311122,0.534121696109018,0.07691949142160885,0.025556587698380324,6.2778534809895355e-6,0.18921558080714782,0.0004095229125946078,4.882696041446653,3.4020163604901557
9.068167453606414e-8,0.5292792023400086,0.005050717669493807,0.534106077826502,0.07691946034234491,0.025544392757150338,6.277852419068155e-6,0.18918916965808674,0.00040952284143969944,4.8826637995675615,3.4020128671122554
9.170696982367696e-8,0.5292242162293976,0.00505071859409871,0.5340903348265493,0.07691949072051485,0.02553208588655052,6.2778534431542645e-6,0.18916253752571927,0.0004095229100904773,4.882631302545487,3.4020162958610403
9.274385764563821e-8,0.5291687748156275,0.005050717671847666,0.5340744660996766,0.07691946074554167,0.025519665991531534,6.277852418411047e-6,0.18913568245322043,0.0004095228414272795,4.882598548357136,3.402012927186046
9.379246907331195e-8,0.5291128741411993,0.005050718562874562,0.5340584706279886,0.0769194900337383,0.025507131966242224,6.277853405159928e-6,0.18910860246483452,0.0004095229075772042,4.882565534963079,3.4020162335033155
9.485293666002589e-8,0.5290565102113465,0.005050717672914869,0.5340423473851058,0.07691946112162246,0.025494482693942208,6.277852416172147e-6,0.1890812955656717,0.0004095228413103914,4.882532260307644,3.4020129848797995
9.592539445782622e-8,0.5289996789936449,0.005050718531583323,0.5340260953360872,0.0769194893601355,0.025481717046914456,6.277853366939557e-6,0.1890537597415026,0.00040952290505018904,4.882498722318766,3.402016173321508
9.700997803442193e-8,0.5289423764176198,0.005050717672686331,0.5340097134373568,0.07691946147108833,0.025468833886378068,6.277852412339005e-6,0.1890259929585505,0.0004095228410883027,4.882464918907876,3.4020130402811875
9.810682449032366e-8,0.5288845983743483,0.005050718500172139,0.5339932006366259,0.07691948869865173,0.025455832062400853,6.277853328424058e-6,0.18899799316328106,0.0004095229025049355,4.882430847969736,3.4020161152219677
9.92160724761735e-8,0.528826340716056,0.005050717671154057,0.5339765558728161,0.07691946179437938,0.025442710413812346,6.2778524068943245e-6,0.18896975828218932,0.0004095228407597656,4.882396507382341,3.402013093471018
1.0033786221027042e-7,0.5287675992557112,0.005050718468584428,0.5339597780759819,0.07691948804814513,0.025429467768116724,6.2778532895443135e-6,0.18894128622158496,0.0004095228999368411,4.88236189500676,3.4020160591177087
1.0147233549629715e-7,0.5287083697666122,0.005050717668308827,0.533942866167232,0.07691946209187456,0.02541610294140603,6.277852399818621e-6,0.18891257486737453,0.0004095228403237062,4.882327008687009,3.402013144529639
1.0261963574124405e-7,0.5286486479819716,0.005050718436763393,0.5339258190586494,0.07691948740763015,0.025402614738273578,6.27785325023003e-6,0.18888362208484105,0.0004095228973413222,4.882291846249907,3.402016004925473
1.0377990797353761e-7,0.5285884295944947,0.005050717664133591,0.5339086356532121,0.07691946236394316,0.025389001951727507,6.277852391089028e-6,0.18885442571842193,0.00040952283977856255,4.882256405504945,3.402013193532276
1.0495329886137178e-7,0.5285277102559545,0.005050718404652554,0.533891314844711,0.0769194867760023,0.02537526336310481,6.2778532104112844e-6,0.18882498359148323,0.0004095228947137592,4.8822206842441345,3.402015952560597
1.0613995673125034e-7,0.5284664855767593,0.005050717658615822,0.5338738555176689,0.07691946261090586,0.02536139774198542,6.2778523806800795e-6,0.18879529350609203,0.00040952283912272904,4.882184680241879,3.402013240549384
1.0734003158673545e-7,0.5284047511255197,0.00505071837219458,0.5338562565472577,0.07691948615224213,0.02534740384610682,6.277853170015079e-6,0.18876535324278623,0.00040952289204929945,4.8821483912548285,3.4020159019458482
1.0855367512740829e-7,0.5283425024286049,0.005050717651735477,0.5338385167992157,0.07691946283298515,0.02533328042127899,6.277852368562257e-6,0.18873516056034106,0.0004095228383542735,4.882111815021735,3.402013285648695
1.0978104076804744e-7,0.5282797349697004,0.005050718339331206,0.5338206351297615,0.0769194855353201,0.025319026201299777,6.277853128965467e-6,0.1887047131955337,0.00040952288934316015,4.882074949263292,3.4020158530041154
1.1102228365802017e-7,0.5282164441893544,0.005050717643472923,0.5338026103855117,0.07691946303042793,0.02530463990787061,6.277852354701877e-6,0.18867400886290467,0.0004095228374712111,4.88203779168203,3.402013328897704
1.1227756070089556e-7,0.5281526254845239,0.005050718306000927,0.5337844414033924,0.07691948492420765,0.02529012025051292,6.277853087189839e-6,0.18864304525451683,0.0004095228865902946,4.8820003399621195,3.4020158056641536
1.1354703057427676e-7,0.5280882742081132,0.005050717633803679,0.5337661270105544,0.07691946320342107,0.025275465926484945,6.277852339066798e-6,0.18861182003971125,0.0004095228364711745,4.881962591769255,3.4020133703570905
1.1483085374986174e-7,0.5280233856685075,0.005050718272146253,0.5337476660242844,0.07691948431792243,0.025260675620699138,6.277853044610278e-6,0.18858033086486067,0.00040952288378570044,4.881924544750506,3.402015759852395
1.1612919251372597e-7,0.5279579551291016,0.00505071762270101,0.5337290572519165,0.07691946335207281,0.02524574800564027,6.277852321614909e-6,0.18854857535311978,0.00040952283535168295,4.88188619653414,3.4020134100865373
1.1744221098683846e-7,0.5278919778078235,0.005050718237702861,0.533710299490745,0.07691948371540618,0.02523068174128413,6.277853001147923e-6,0.18851655110417306,0.0004095228809241446,4.881847544729498,3.40201571550232
1.1877007514580642e-7,0.5278254488766511,0.005050717610136699,0.5336913915279307,0.07691946347647617,0.025215475475016944,6.2778523023043945e-6,0.1884842556939795,0.00040952283410999077,4.881808586926832,3.4020134481421818
1.2011295284385781e-7,0.5277583634611249,0.00505071820260889,0.5336723321404125,0.07691948311569259,0.025200127841555654,6.277852956722059e-6,0.18845168667451415,0.00040952287800040854,4.881769320697141,3.4020156725468937
1.2147101383205794e-7,0.5276907166398562,0.00505071759607866,0.5336531200948144,0.07691946357667671,0.02518463746286882,6.27785228108973e-6,0.18841884157350758,0.00040952283274307204,4.881729743592037,3.4020134845780046
1.2284442978076798e-7,0.5276225034440257,0.005050718166799503,0.5336337541473525,0.0769194825177454,0.025169002948098717,6.2778529112493636e-6,0.18838571789418115,0.00040952287500896275,4.881689853143557,3.4020156309234717
1.2423337430134624e-7,0.527553718856881,0.005050717580492384,0.533614233043741,0.07691946365267137,0.02515322289348385,6.2778522579214105e-6,0.18835231311498044,0.0004095228312477478,4.881649646864039,3.402013519444938
1.2563802296809262e-7,0.5274843578132248,0.005050718130207354,0.533594555519098,0.07691948192057967,0.025137295882282973,6.277852864645995e-6,0.18831862468930505,0.00040952287194424153,4.881609122245938,3.4020155905693237
1.270585533404444e-7,0.5274144151989008,0.005050717563340478,0.5335747202978489,0.07691946370442242,0.025121220484699742,6.277852232745309e-6,0.18828465004523515,0.00040952282962055964,4.881568276761665,3.4020135527920146
1.2849514498541971e-7,0.5273438858502701,0.005050718092765151,0.5335547260936303,0.07691948132314197,0.025104995257808595,6.277852816822246e-6,0.18825038658525584,0.0004095228688004402,4.881527107863447,3.4020155514235886
1.2994797950031703e-7,0.5272727645536845,0.005050717544581826,0.5335345716091922,0.07691946373184953,0.025088618745481836,6.277852205504147e-6,0.18821583168597703,0.00040952282785771755,4.88148561298314,3.4020135846632087
1.3141724053567117e-7,0.5272010460449525,0.005050718054403003,0.5335142555362985,0.07691948072445406,0.025072089478317707,6.277852767687915e-6,0.1881809826978516,0.0004095228655716807,4.881443789532064,3.4020155134303263
1.329031138184668e-7,0.5271287250087994,0.005050717524172957,0.5334937765556289,0.07691946373480901,0.025055405973569967,6.277852176137028e-6,0.18814583694488932,0.0004095228259552667,4.881401634900857,3.4020136151043823
1.3440578717561763e-7,0.5270557960783214,0.005050718015047761,0.5334731333366761,0.0769194801234551,0.025038566735078524,6.277852717151679e-6,0.18811039172436797,0.0004095228622518505,4.88135914645929,3.40201547653207
1.359254505577078e-7,0.5269822538344346,0.0050507175020689105,0.5334523245376466,0.07691946371313838,0.025021570253201703,6.277852144577257e-6,0.18807464430654125,0.00040952282390898314,4.8813163215561,3.402013644155465
1.3746229606300385e-7,0.5269080928053154,0.005050717974626123,0.5334313488053551,0.0769194795191127,0.025004415004749724,6.2778526651152585e-6,0.18803859193434333,0.0004095228588345839,4.881273157518824,3.402015440674235
1.390165179617383e-7,0.526833307465837,0.005050717478216728,0.5334102047751234,0.07691946366662497,0.024987099452919888,6.277852110757176e-6,0.18800223182309,0.00040952282171428727,4.8812296516536176,3.4020136718562943
1.4058831272066535e-7,0.5267578922369984,0.005050717933062052,0.5333888910706734,0.07691947891040352,0.024969622047233134,6.277852611479814e-6,0.18796556116017663,0.0004095228553134117,4.8811858012451035,3.402015405804408
1.4217787902789796e-7,0.5266818414853467,0.005050717452564779,0.5333674063040228,0.07691946359497785,0.024951981223472502,6.277852074600256e-6,0.18792857710477273,0.00040952281936629026,4.881141603556158,3.4020136982438385
1.437854178180216e-7,0.5266051495223937,0.005050717890275641,0.533345749075377,0.07691947829623001,0.02493417540362304,6.277852556143163e-6,0.187891276787513,0.00040952285168154294,4.881097055827778,3.402015371869987
1.4541113229749622e-7,0.5265278106040263,0.005050717425055918,0.5333239179730214,0.07691946349791227,0.024916202995813666,6.277852036029024e-6,0.18785365731018494,0.00040952281686003247,4.8810521552788755,3.402013723352139
1.4705522797034135e-7,0.5264498189299078,0.005050717846186254,0.5333019115732126,0.07691947767553392,0.024898062394260897,6.277852498998571e-6,0.1878157157454132,0.00040952284793200125,4.881006899106089,3.4020153388219545
1.4871791266411438e-7,0.5263711686428767,0.00505071739562889,0.5332797284400674,0.07691946337505651,0.02487975197921443,6.2778519949597855e-6,0.18777744913634017,0.00040952281418996404,4.880961284483648,3.4020137472128984
1.503993965561825e-7,0.5262918538283343,0.005050717800708776,0.5332573671254519,0.07691947704722031,0.02486127011690477,6.277852439935492e-6,0.1877388544963032,0.0004095228440576845,4.880915308563133,3.4020153066099015
1.520998922002891e-7,0.5262118685136289,0.005050717364219973,0.5332348261688683,0.07691946322602047,0.02484261515949309,6.2778519513043215e-6,0.1876999288085081,0.00040952281135033804,4.8808689684733375,3.402013769859419
1.538196145534243e-7,0.5261312066674309,0.005050717753756133,0.533212104097342,0.07691947641016489,0.024823785445023012,6.277852378840908e-6,0.18766066902569922,0.0004095228400509895,4.88082226132005,3.4020152751869452
1.5555878100299566e-7,0.5260498621991024,0.0050507173307602566,0.5331891994253062,0.07691946305032218,0.024804779297374832,6.27785190496907e-6,0.18762107206982562,0.00040952280833505715,4.880775184185892,3.4020137913182844
1.573176113943085e-7,0.525967828958059,0.005050717705238863,0.5331661106544856,0.07691947576320597,0.02478559502622218,6.277852315593875e-6,0.18758113483170405,0.00040952283590408944,4.880727734130113,3.4020152445060594
1.5909632805835695e-7,0.5258851007331247,0.005050717295178404,0.5331428362737801,0.07691946284749057,0.024766230926990793,6.2778518558555075e-6,0.18754085417067778,0.0004095228051377238,4.8806799081884,3.4020138116173295
1.6089515583992673e-7,0.5258016712518794,0.005050717655061561,0.5331193747591445,0.0769194751052127,0.024746685280820205,6.27785225007376e-6,0.18750022691427162,0.00040952283160908113,4.8806317033727,3.4020152145218927
1.6271432212601938e-7,0.5257175341799999,0.005050717257398097,0.5330957245734705,0.07691946261696081,0.024726956354527718,6.277851803858811e-6,0.18745924985784376,0.00040952280175149934,4.880583116671006,3.4020138307806764
1.6455405687459418e-7,0.5256326831205929,0.005050717603128183,0.5330718841664659,0.0769194744349893,0.024707042400575273,6.277852182151649e-6,0.1874179197642334,0.0004095228271575703,4.8805341450471795,3.402015185188398
1.6641459264363755e-7,0.5255471116135202,0.005050717217338454,0.5330478519745299,0.07691946235812058,0.02468694165703911,6.277851748869555e-6,0.18737623336340442,0.00040952279816929975,4.880484785440745,3.4020138488323632
1.6829616462056109e-7,0.5254608131347185,0.005050717549337146,0.5330236264206328,0.07691947375130723,0.0246666523475822,6.27785211169409e-6,0.18733418735208546,0.0004095228225407198,4.88043503476669,3.4020151564639707
1.7019901065192932e-7,0.5253737810955085,0.005050717174913714,0.532999205914189,0.07691946207032566,0.024646172681429847,6.2778516907722174e-6,0.18729177839340613,0.00040952279438348277,4.8803848899152715,3.4020138657932026
1.7212337127352786e-7,0.5252860088418999,0.005050717493584762,0.5329745888509322,0.07691947305291773,0.024625500853348303,6.27785203856472e-6,0.18724900311652898,0.00040952281774968166,4.880334347751809,3.4020151283039195
1.7406948974076676e-7,0.5251974896538852,0.005050717130034414,0.532949773612787,0.07691946175283967,0.024604635043626515,6.27785162944401e-6,0.18720585811627807,0.00040952279038607744,4.880283405116478,3.4020138816820036
1.7603761205943244e-7,0.52510821674473,0.005050717435761224,0.5329247585677411,0.07691947233855007,0.024583573418061323,6.277851962619918e-6,0.18716233995276269,0.00040952281277493373,4.880232058824115,3.402015100666135
1.7802798701678286e-7,0.5250181832602504,0.005050717082606058,0.532899542069715,0.07691946140492156,0.02456231412794595,6.277851564758076e-6,0.18711844515099801,0.00040952278616884313,4.880180305663996,3.4020138965184663
1.80040866212997e-7,0.5249273822780876,0.0050507173757545695,0.5328741224584301,0.076919471606877,0.024540855310062115,6.27785188370874e-6,0.18707417020052103,0.00040952280760676364,4.880128142399642,3.402015073509122
1.820765040929805e-7,0.5248358068069703,0.0050507170325292,0.5328484980592767,0.07691946102572066,0.02451919508667568,6.277851496576705e-6,0.18702951155500264,0.00040952278172282195,4.880075565768596,3.402013910316445
1.841351579785272e-7,0.5247434497859723,0.005050717313446078,0.532822667183179,0.07691947085654136,0.024497331565536084,6.277851801676653e-6,0.18698446563185578,0.0004095228022349899,4.880022572482219,3.4020150467919343
1.862170881008495e-7,0.5246503040837603,0.0050507169796970425,0.5327966281264604,0.07691946061434951,0.024475262839879677,6.277851424760121e-6,0.18693902881183883,0.000409522777038812,4.879969159225476,3.4020139230909576
1.8832255763347137e-7,0.5245563624978337,0.00505071724871376,0.5327703791707058,0.07691947008614239,0.024452986988436988,6.2778517163622745e-6,0.18689319743865565,0.0004095227966489327,4.879915322656712,3.4020150204734905
1.9045183272549673e-7,0.5244616177537565,0.005050716924001265,0.5327439185826236,0.07691946016987178,0.024430502075444036,6.277851349159185e-6,0.1868469678185509,0.00040952277210702594,4.879861059407432,3.4020139348555385
1.926051825352541e-7,0.5243660625043812,0.005050717181429909,0.532717244613905,0.07691946929423393,0.02440780615065805,6.277851627595405e-6,0.18680033621990097,0.00040952279083766196,4.879806366082106,3.4020149945130593
1.9478287926431778e-7,0.5242696893290636,0.005050716865325139,0.5326903555010841,0.07691945969126164,0.024384897249377275,6.277851269615614e-6,0.1867532988728012,0.0004095227669173141,4.879751239257913,3.402013945620641
1.9698519819191952e-7,0.5241724907328693,0.005050717111462124,0.5326632494653933,0.07691946847933319,0.02436177339246543,6.277851535201843e-6,0.18670585196864836,0.00040952278478963985,4.879695675484534,3.4020149688716135
1.9921241770974357e-7,0.524074459145772,0.005050716803546084,0.5326359247126202,0.07691945917745754,0.024338432586380715,6.277851185966213e-6,0.18665799165971897,0.00040952276145884514,4.879639671283939,3.4020139553950046
2.014648193571186e-7,0.5239755869218444,0.005050717038672184,0.5326083794329612,0.07691946763989617,0.024314872823209564,6.277851438997267e-6,0.18660971405874313,0.00040952277849284555,4.879583223150128,3.402014943509054
2.0374268785660808e-7,0.5238758663384365,0.005050716738536802,0.532580611800874,0.07691945862730926,0.02429109208070517,6.277851098036771e-6,0.18656101523847426,0.0004095227557203872,4.879526327548943,3.4020139641874496
2.060463111499988e-7,0.5237752895953507,0.005050716962915882,0.5325526199749285,0.07691946677432505,0.02426708832233106,6.277851338790894e-6,0.18651189123125395,0.0004095227719348292,4.879468980917788,3.4020149183853765
2.0837598043470212e-7,0.5236738488140027,0.005050716670162109,0.5325244020976567,0.07691945803958455,0.024242859497309907,6.277851005647019e-6,0.18646233802857293,0.00040952274969010687,4.879411179665441,3.402013972003741
2.1073199020056102e-7,0.5235715360365781,0.005050716884043304,0.5324959562953996,0.07691946588098472,0.0242184035406774,6.277851234384571e-6,0.18641235158062724,0.0004095227651024885,4.879352920171787,3.4020148934631225
2.1311463826707872e-7,0.5234683432251772,0.005050716598279737,0.532467280678154,0.07691945741300292,0.024193718373341718,6.27785090860684e-6,0.18636192779586971,0.00040952274335548,4.879294198787599,3.4020139788478194
2.1552422582106338e-7,0.5233642622609511,0.005050716801897777,0.532438373339417,0.07691946495816826,0.02416880190214844,6.27785112556923e-6,0.18631106254055754,0.0004095227579823661,4.8792350118342895,3.4020148687010265
2.179610574547013e-7,0.52325928494323,0.005050716522742419,0.5324092323560289,0.0769194567462105,0.02414365201995117,6.277850806715698e-6,0.18625975163829464,0.0004095227367035731,4.879175355603672,3.4020139847229167
2.2042544120406151e-7,0.523153402988642,0.005050716716316229,0.5323798557880138,0.07691946400408786,0.024118266605688117,6.2778510121283215e-6,0.18620799086956982,0.000409522750560144,4.879115226357716,3.4020148440619513
2.229176885880313e-7,0.5230466080302206,0.005050716443394277,0.5323502416784199,0.07691945603774213,0.024092643524464472,6.2778506997639115e-6,0.18615577597129043,0.00040952272972067673,4.879054620328304,3.4020139896294386
2.2543811464769777e-7,0.5229388916165064,0.005050716627128568,0.5323203880531565,0.0769194630169137,0.024066780627641213,6.277850893835192e-6,0.18610310263631094,0.00040952274282107126,4.878993533716982,3.4020148195037603
2.279870379861692e-7,0.5228302452106373,0.005050716360071552,0.5322902929208309,0.07691945528608324,0.024040675752929883,6.277850587533239e-6,0.1860499665129575,0.0004095227223924445,4.878931962694711,3.4020139935680853
2.3056478080885013e-7,0.5227206601894283,0.005050716534156574,0.5322599542725814,0.07691946199474532,0.02401432672449415,6.277850770454512e-6,0.18599636320454713,0.0004095227347496914,4.878869903401606,3.4020147949897543
2.331716689641722e-7,0.5226101278424453,0.0050507162726032015,0.5322293700819108,0.07691945448963088,0.023987731353057727,6.27785046979385e-6,0.18594228826890294,0.00040952271470386624,4.878807351946701,3.4020139965362914
2.3580803198478125e-7,0.5224986393710656,0.0050507164372158965,0.5321985383045172,0.07691946093560272,0.023960887436019297,6.2778506417390876e-6,0.18588773721786397,0.00040952272632988757,4.878744304407669,3.402014770478831
2.384742031291963e-7,0.5223861858875308,0.00505071618080991,0.5321674568781218,0.07691945364667734,0.023933792757574204,6.27785034630317e-6,0.18583270551679093,0.000409522706639191,4.87868075683059,3.4020139985305056
2.411705194239333e-7,0.5222727584139907,0.005050716336111712,0.5321361237222968,0.07691945983742345,0.023906445088843275,6.277850507431732e-6,0.18577718858406653,0.0004095227175447715,4.87861670522966,3.4020147459312673
2.4389732170610946e-7,0.5221583478815346,0.005050716084502876,0.5321045367382902,0.07691945275543986,0.023878842188009102,6.277850216809192e-6,0.18572118179059172,0.00040952269818187543,4.878552145586949,3.402013999544216
2.4665495466652925e-7,0.5220429451292159,0.005050716230643278,0.5320726938088489,0.07691945869807389,0.023850981800459515,6.277850367262648e-6,0.18566468045927662,0.0004095227083768794,4.878487073852132,3.4020147213069327
2.4944376689325283e-7,0.5219265409030653,0.00505071598348493,0.5320405927980403,0.07691945181401912,0.023822861658938838,6.2778500810471596e-6,0.18560767986452678,0.000409522689314716,4.8784214859422175,3.4020139995715595
2.522641109156647e-7,0.5218091258550943,0.0050507161205989495,0.5320082315510717,0.07691945751532309,0.023794479483706835,6.277850220952322e-6,0.1855501752317251,0.00040952269880773157,4.878355377741278,3.4020146965653546
2.5511634324903223e-7,0.5216906905422883,0.0050507158775497125,0.531975607894107,0.0769194508204513,0.02376583298270576,6.2778499387403415e-6,0.18549216173670768,0.00040952268001950094,4.8782887451001855,3.402013998602866
2.5800082443957604e-7,0.5215712254255912,0.005050716005758505,0.5319427196340835,0.07691945628687438,0.02373691985173534,6.2778500682075775e-6,0.1854336345052367,0.000409522688818208,4.878221583836315,3.4020146716641335
2.609179191100429e-7,0.5214507208688772,0.0050507157664800755,0.5319095645585238,0.07691944977263818,0.023707737774636268,6.27784978959747e-6,0.18537458861246628,0.0004095226702772843,4.878153889733296,3.4020139966282343
2.638679960057985e-7,0.5213291671379156,0.005050715885892358,0.5318761404353486,0.0769194550102952,0.023678284423482118,6.277849908720337e-6,0.18531501908240552,0.00040952267838825,4.878085658540713,3.4020146465628454
2.668514280414414e-7,0.5212065543993231,0.005050715650049294,0.5318424450126847,0.0769194486683855,0.023648557458779883,6.277849633314912e-6,0.18525492088737514,0.0004095226600681942,4.878016885973824,3.4020139936342475
2.6986859234793895e-7,0.5210828727195065,0.005050715760760264,0.5318084760186734,0.07691945368309387,0.02361855452967951,6.2778497421715975e-6,0.18519428894745976,0.00040952266749694113,4.8779475677132975,3.402014621218575
2.729198703203043e-7,0.5209581120635954,0.005050715528019244,0.5317742311612749,0.0769194475053917,0.023588273274192342,6.277849469573488e-6,0.18513311812995592,0.0004095226493714131,4.877877699404889,3.4020139896071466
2.7600564766580393e-7,0.5208322622943647,0.005050715630111286,0.5317397081280716,0.07691945230264917,0.023557711319418913,6.277849568226652e-6,0.1850714032488138,0.0004095226561224291,4.877807276659194,3.402014595587778
2.791263144527161e-7,0.5207053131711454,0.005050715400141775,0.5317049045860693,0.07691944628122746,0.023526866281786123,6.277849298040165e-6,0.18500913906407532,0.00040952263816515635,4.87773629505131,3.4020139845310005
2.822822651596402e-7,0.5205772543487269,0.005050715493682943,0.5316698181814948,0.07691945086624155,0.023495735767294013,6.277849386536753e-6,0.18494632028130678,0.0004095226442418277,4.87766475012059,3.402014569626457
2.854738987253586e-7,0.5204480753762466,0.0050507152661552505,0.531634446539594,0.07691944499335192,0.023464317371772337,6.277849118365043e-6,0.18488294155102647,0.00040952262642656904,4.877592637370301,3.4020139783877346
2.8870161859927e-7,0.5203177656960705,0.005050715351201493,0.5315987872644243,0.07691944937102886,0.023432608681147195,6.277849196735464e-6,0.1848189974681276,0.0004095226318312322,4.877519952267359,3.4020145432898925
2.9196583279238525e-7,0.5201863146426637,0.005050715125787206,0.5315628379386486,0.07691944363909385,0.02340060727171782,6.277848930183071e-6,0.18475448257129637,0.0004095226141317788,4.877446690242004,3.402013971157533
2.952669539289048e-7,0.5200537114414483,0.00505071520238095,0.5315265961233225,0.07691944781405485,0.02336831071044374,6.277848998441382e-6,0.18468939134242474,0.00040952261886576484,4.8773728466875,3.4020145165321205
2.986053992983797e-7,0.5199199452076517,0.005050714978751358,0.5314900593576843,0.07691944221565059,0.023335716555242535,6.277848733110842e-6,0.1846237182060189,0.000409522601255776,4.877298416959843,3.4020139628181862
3.019815909084565e-7,0.5197850049451449,0.005050715046921811,0.5314532251589381,0.07691944619223233,0.023302822355298403,6.277848791256135e-6,0.18455745752860223,0.00040952260531929393,4.8772233963774285,3.4020144893064677
3.053959555382272e-7,0.5196488795452684,0.0050507148247484505,0.5314160910220374,0.07691944072007562,0.02326962565138165,6.277848526748115e-6,0.18449060361811365,0.0004095225877723559,4.877147780220749,3.402013953346373
3.0884892479217314e-7,0.5195115577856494,0.005050714884511822,0.5313786544194646,0.07691944450234875,0.023236123976179385,6.277848574762186e-6,0.18442315072330123,0.0004095225911645856,4.87707156373208,3.4020144615641437
3.123409351547279e-7,0.5193730283290061,0.005050714663465258,0.5313409128010101,0.076919439149293,0.023202314854637605,6.277848310674929e-6,0.18435509303311073,0.0004095225736541082,4.87699474211515,3.4020139427159735
3.158724280454488e-7,0.5192332797219426,0.005050714714823961,0.5313028635935463,0.07691944274103799,0.023168195804314867,6.2778483485236916e-6,0.1842864246760691,0.00040952257637312116,4.876917310534842,3.4020144332562055
3.194438498748177e-7,0.5190923003937322,0.005050714494573288,0.531264504200801,0.07691943750004406,0.023133764335747674,6.277848084452473e-6,0.18421713971966383,0.00040952255887229,4.876839264116838,3.4020139308980464
3.2305565210067255e-7,0.5189500786550909,0.005050714537516762,0.5312258320031279,0.07691944090478997,0.023099017952827837,6.277848112084563e-6,0.18414723216971657,0.00040952256091508126,4.876760597947319,3.4020144043316085
3.2670829128527184e-7,0.5188066026969377,0.005050714317729696,0.5311868443572743,0.07691943576896268,0.023063954153192155,6.277847847621096e-6,0.1840766959697527,0.0004095225433969571,4.87668130707262,3.402013917863548
3.304022291530123e-7,0.5186618605891474,0.005050714352233738,0.5311475385961459,0.07691943898995603,0.023028570428624256,6.277847864969331e-6,0.18400552500036574,0.00040952254475936403,4.876601386498901,3.4020143747383775
3.341379326487907e-7,0.5185158402792888,0.005050714132574974,0.5311079120285706,0.07691943395247729,0.02299286426546917,6.277847599699902e-6,0.1839337130785769,0.00040952252719667114,4.876520831191813,3.4020139035790677
3.379158739970314e-7,0.5183685295913549,0.005050714158601362,0.5310679619390569,0.07691943699271654,0.022956833145060692,6.277847606679276e-6,0.18386125395719063,0.00040952252787344266,4.876439636076152,3.4020143444228803
3.417365307613812e-7,0.518219916224481,0.00505071393873271,0.5310276855875524,0.07691943204686753,0.0229204745441615,6.2778473401856015e-6,0.18378814132414428,0.00040952251023849105,4.87635779603553,3.4020138880098285
3.456003859050735e-7,0.5180699877516514,0.005050713956229403,0.5309870802091976,0.07691943490907645,0.022883785935416786,6.277847336694165e-6,0.18371436880185463,0.00040952251022321036,4.876275305912013,3.402014313329529
3.4950792785198344e-7,0.517918731618395,0.005050713735809402,0.5309461430140784,0.0769194300482201,0.02284676478782099,6.277847068551429e-6,0.18363992994655792,0.0004095224924879946,4.876192160505786,3.402013871118327
3.534596505483647e-7,0.5177661351414726,0.005050713744710792,0.5309048711869747,0.0769194327348743,0.022809408567198243,6.277847054469002e-6,0.18356481824764734,0.0004095224917730975,4.876108354574799,3.402014281401245
3.574560535252902e-7,0.5176121855075493,0.005050713523392614,0.5308632618871075,0.07691942795244094,0.02277171473669646,6.277846784245889e-6,0.18348902712700427,0.0004095224739092091,4.876023882834417,3.402013852865094
3.6149764196179905e-7,0.5174568697718587,0.005050713523618472,0.5308213122478807,0.07691943046577246,0.022733680757295566,6.27784675943501e-6,0.1834125499383262,0.00040952247248591823,4.875938739957035,3.4020142485791793
3.6558492674875097e-7,0.5173001748568559,0.005050713301051702,0.5307790193766234,0.07691942575524727,0.022695304088329767,6.27784648669287e-6,0.1833353799664494,0.00040952245446438025,4.875852920571767,3.4020138332072403
3.697184245534123e-7,0.5171420875508578,0.0050507132925067515,0.5307363803543265,0.07691942809721423,0.022656582188024105,6.277846450997228e-6,0.18325751042666763,0.0004095224523227803,4.875766419264041,3.4020142148019303
3.73898657884762e-7,0.5169825945066754,0.005050713068335362,0.530693392235378,0.07691942345214062,0.022617512514045746,6.2778461752882256e-6,0.1831789344640468,0.00040952243411413136,4.875679230575235,3.40201381210078
3.781261551595461e-7,0.5168216822402331,0.00505071305090968,0.5306500520472948,0.07691942562446827,0.0225780925240698,6.277846128532707e-6,0.18309964515273416,0.000409522431242968,4.875591349002334,3.402014180006898
3.824014507690699e-7,0.5166593371291769,0.005050712824771073,0.5306063567904503,0.07691942103842278,0.022538319676360184,6.27784584940127e-6,0.18301963549526507,0.0004095224128171605,4.875502768997531,3.4020137894961415
3.8672508514675125e-7,0.5164955454114746,0.005050712798339987,0.530562303437802,0.07691942304257017,0.02249819143036551,6.2778457913909515e-6,0.18293889842186375,0.00040952240920394287,4.875413484967863,3.4020141441286773
3.9109760483643793e-7,0.5163302931840023,0.005050712569864778,0.5305178889346124,0.07691941850915801,0.02245770524733032,6.277845508370313e-6,0.18285742678974143,0.0004095223905302607,4.875323491274816,3.402013765343301
3.955195625614906e-7,0.5161635664011208,0.005050712534288095,0.5304731101981693,0.07691942034633682,0.022416858590921677,6.277845438891439e-6,0.18277521338238956,0.00040952238616124176,4.8752327822339625,3.402014107099623
3.999915172946575e-7,0.5159953508732437,0.005050712303100047,0.5304279641175024,0.07691941585919941,0.022375648927871448,6.2778451515045795e-6,0.18269225090886965,0.00040952236720827984,4.875141352114543,3.402013739589211
4.0451403432872796e-7,0.5158256322653911,0.005050712258221276,0.5303824475530953,0.07691941753036739,0.02233407372863442,6.27784507032283e-6,0.18260853200309868,0.0004095223620683631,4.875049195139116,3.402014068849394
4.0908768534799267e-7,0.5156543960957369,0.0050507120239355295,0.5303365573365971,0.07691941308312865,0.0222921304680623,6.277844778080443e-6,0.18252404922313148,0.0004095223428039509,4.874956305483131,3.402013712176065
4.1371304850051135e-7,0.5154816277341415,0.005050711969582197,0.5302902902705271,0.07691941458900012,0.022249816626093925,6.277844684940659e-6,0.18243879505043883,0.0004095223368766279,4.874862677274541,3.4020140293057746
4.1839070847119067e-7,0.5153073124006781,0.005050711731805491,0.5302436431279799,0.07691941017530338,0.022207129688461755,6.277844387341539e-6,0.18235276188918198,0.00040952231726779927,4.874768304593404,3.4020136830439967
4.2312125655569887e-7,0.5151314351641451,0.005050711667788272,0.5301966126523242,0.07691941151633,0.022164067147414698,6.2778442819671815e-6,0.18226594206548438,0.0004095223105352005,4.874673181471473,3.402013988392911
4.279052907352057e-7,0.5149539809405718,0.005050711426117641,0.5301491955569,0.07691940712979094,0.022120626502457705,6.277843978496056e-6,0.1821783278266991,0.0004095222905480851,4.874577301891787,3.4020136521301754
4.3274341575197435e-7,0.5147749344917113,0.005050711352230273,0.5301013885247114,0.07691940830617525,0.02207680526110799,6.277843860587678e-6,0.18208991134067365,0.0004095222829908532,4.874480659788268,3.402013946032748
4.376362431858083e-7,0.5145942804235232,0.005050711106252415,0.5300531882081165,0.07691940394039865,0.022032600939668173,6.277843550715402e-6,0.18200068469501116,0.00040952226259067484,4.874383249045291,3.4020136193671955
4.4258439153135454e-7,0.5144120031846503,0.005050711022270754,0.5300045912285138,0.07691940495209088,0.02198801106401647,6.277843419952043e-6,0.18191063989632897,0.00040952225418798316,4.8742850634972745,3.4020139021436386
4.475884862762932e-7,0.5142280870648799,0.005050710771561982,0.529955594176024,0.07691940060064308,0.02194303317041384,6.277843103133258e-6,0.181819768869514,0.0004095222333389257,4.874186096928253,3.402013584685105
4.52649159980398e-7,0.5140425161935998,0.005050710677243786,0.52990619360917,0.0769194014473113,0.021897664806328772,6.277842959169685e-6,0.18172806345697531,0.0004095222240684052,4.874086343071443,3.4020138566408864
4.5776705235550307e-7,0.5138552745382423,0.005050710421367841,0.5298563860545519,0.07691939710371845,0.02185190353127899,6.277842634842567e-6,0.18163551541789413,0.00040952220273357786,4.8739857956088235,3.4020135480089735
4.6294281034636296e-7,0.5136663459027206,0.005050710316451973,0.5298061680065188,0.07691939778478958,0.021805746917691018,6.277842477309193e-6,0.18154211642747162,0.0004095221925712534,4.8738844481706876,3.4020138094361583
4.681770882124339e-7,0.5134757139258542,0.0050507100549604545,0.5297555359268364,0.07691939344252496,0.021759192551777197,6.2778421448953145e-6,0.18144785807617336,0.00040952217071264985,4.873782294335223,3.4020135092612622
4.7347054761058025e-7,0.5132833620797861,0.005050709939167125,0.5297044862443518,0.07691939395715983,0.021712238034430262,6.277841973398301e-6,0.1813527318689727,0.0004095221596329187,4.873679327628034,3.402013760438531
4.78823857678708e-7,0.5130892736683909,0.005050709671597999,0.529653015354654,0.07691938960962338,0.02166488098213593,6.277841632299188e-6,0.1812567292245914,0.0004095221372112773,4.8735755415217366,3.402013468359554
4.842376951203558e-7,0.5128934318256742,0.0050507095446266585,0.5296011196197297,0.07691938995670411,0.021617119027903104,6.277841446417434e-6,0.18115984147473854,0.00040952212518683193,4.873470929435468,3.402013709552295
4.897127442902299e-7,0.5126958195141632,0.005050709270503719,0.5295487953676168,0.07691938559722494,0.02156894982221215,6.2778410960162845e-6,0.1810620598633476,0.00040952210216164915,4.873365484734462,3.402013425217644
4.952496972807157e-7,0.5124964195232888,0.0050507091320338435,0.5294960388920523,0.07691938577536248,0.021520371033981068,6.277840895302645e-6,0.18096337554581204,0.0004095220891633888,4.873259200729562,3.402013656678205
5.008492540093658e-7,0.5122952144677593,0.005050708850865457,0.5294428464521184,0.07691938139718209,0.02147138035154962,6.277840534960023e-6,0.18086377958821973,0.00040952206549276643,4.873152070676781,3.4020133797439387
5.0651212230737e-7,0.5120921867859269,0.005050708700554755,0.5293892142718816,0.07691938140471084,0.021421975483681698,6.277840318939907e-6,0.1807632629665858,0.0004095220514897885,4.873044087776817,3.4020136017125076
5.122390180090375e-7,0.5118873187381449,0.005050708411833007,0.5293351385400301,0.07691937700096496,0.021372154160585553,6.2778399479951346e-6,0.18066181656608443,0.00040952202713038914,4.872935245174583,3.4020133318436954
5.180306650422791e-7,0.5116805924051194,0.005050708249317535,0.5292806154095068,0.07691937683593474,0.02132191413495232,6.2778397161642845e-6,0.18055943118028053,0.0004095220120898867,4.872825535958737,3.402013544548273
5.238877955201196e-7,0.5114719896862505,0.005050707952517858,0.5292256409971365,0.0769193723996526,0.02127125318301256,6.277839333933275e-6,0.18045609751036024,0.00040952198699684757,4.872714953161189,3.4020132814164032
5.298111498332462e-7,0.5112614922979702,0.005050707777410334,0.529170211383251,0.0769193720598322,0.021220169105610837,6.277839085757516e-6,0.18035180616436106,0.00040952197088408324,4.872603489756631,3.402013485072422
5.358014767435937e-7,0.5110490817720701,0.005050707471989629,0.5291143226113081,0.07691936758391023,0.021168659729298593,6.277838691530646e-6,0.18024654765640225,0.00040952194501088604,4.872491138662019,3.4020132283568345
5.418595334790018e-7,0.5108347394540237,0.005050707283879515,0.5290579706875074,0.0769193670667603,0.021116722907444863,6.277838426445263e-6,0.18014031240591485,0.00040952192778904745,4.872377892736124,3.402013423168325
5.479860858289274e-7,0.5106184465013034,0.0050507069692755525,0.5290011515804021,0.0769193625439642,0.021064356521365166,6.277838019487534e-6,0.18003309073687265,0.00040952190108752435,4.87226374477898,3.402013172554266
5.541819082412544e-7,0.5104001838816892,0.005050706767727502,0.5289438612205039,0.0769193618466479,0.021011558481468205,6.277837736894783e-6,0.17992487287702286,0.00040952188271771596,4.872148687531417,3.402013358713402
5.604477839201841e-7,0.5101799323715742,0.005050706443357873,0.5288860954998876,0.0769193572695951,0.020958326728420674,6.277837316443265e-6,0.17981564895711868,0.00040952185513784057,4.872032713674532,3.402013113893129
5.66784504925241e-7,0.509957672554262,0.005050706227911012,0.5288278502717867,0.07691935638896644,0.020904659234329645,6.277837015712268e-6,0.17970540901015222,0.0004095218355789376,4.871915815829188,3.4020132915808534
5.731928722713999e-7,0.5097333848182616,0.0050507058931720085,0.5287691213501875,0.0769193517501073,0.020850554003942815,6.277836580974618e-6,0.17959414297058895,0.00040952180706883563,4.871797986555489,3.402013052251359
5.796736960303326e-7,0.5095070493555747,0.005050705663338931,0.5287099045094172,0.07691935068269899,0.020796009075866366,6.277836261439961e-6,0.17948184067360407,0.00040952178627743155,4.871679218352257,3.402013221637411
5.86227795432817e-7,0.5092786461599812,0.00505070531760425,0.5286501954837284,0.0769193459743077,0.020741022523800126,6.2778358115933295e-6,0.17936849185432094,0.0004095217567831821,4.87155950365651,3.402012987501555
5.928559989722872e-7,0.5090481550253187,0.005050705072870011,0.5285899899668773,0.07691934471632915,0.0206855924577903,6.2778354725524275e-6,0.17925408614705107,0.0004095217347135268,4.871438834842921,3.4020131487446057
5.995591445095648e-7,0.5088155555437598,0.0050507047154894945,0.528529283611698,0.07691933993049128,0.02062971702549917,6.27783500674204e-6,0.1791386130845375,0.00040952170417915085,4.871317204223278,3.4020129195097577
6.063380793787754e-7,0.5085808271040838,0.005050704455310554,0.5284680720296726,0.07691933847781186,0.02057339441349186,6.277834647455142e-6,0.17902206209720098,0.00040952168078296666,4.871194604045957,3.4020130727578555
6.13193660494451e-7,0.5083439488899484,0.00505070408560891,0.5284063507904951,0.07691933360640554,0.02051662284853994,6.277834164791877e-6,0.1789044225123887,0.00040952164915025,4.871071026495354,3.402012848136141
6.201267544598595e-7,0.5081048998781569,0.00505070380941228,0.5283441154216316,0.07691933195455251,0.02045940059894153,6.277833784479729e-6,0.17878568355362756,0.0004095216243767255,4.870946463691341,3.402012993526083
6.271382376765437e-7,0.5078636588369234,0.005050703426687791,0.5282813614078735,0.07691932698923304,0.020401725975857793,6.277833284038906e-6,0.1786658343398808,0.0004095215915851083,4.8708209076887234,3.402012773233121
6.342289964551087e-7,0.5076202043241375,0.005050703133868938,0.5282180841908888,0.07691932513337943,0.020343597334665543,6.277832881881412e-6,0.17854486388480914,0.0004095215653807637,4.870694350476639,3.4020129108916697
6.413999271272627e-7,0.5073745146856264,0.00505070273739245,0.5281542791687648,0.07691932006556733,0.020285013076325634,6.2778323627006976e-6,0.17842276109603628,0.0004095215313672518,4.870566783978026,3.40201269464713
6.486519361591126e-7,0.5071265680534177,0.005050702427314987,0.5280899416955489,0.07691931800051488,0.020225971648766976,6.277831937835009e-6,0.17829951477442016,0.00040952150367575837,4.870438200049028,3.402012824689685
6.559859402657579e-7,0.5068763423440009,0.0050507020163278755,0.528025067080781,0.07691931282138001,0.02016647154828569,6.277831398912823e-6,0.17817511361332902,0.00040952146837479016,4.870308590478415,3.4020126122161645
6.634028665271645e-7,0.5066238152565901,0.005050701688321697,0.5279596505890229,0.07691931054155382,0.0201065113209592,6.277830950431404e-6,0.17804954619792376,0.00040952143913695313,4.870177946987016,3.402012734748761
6.709036525053572e-7,0.5063689642713861,0.005050701262034824,0.5278936874393819,0.07691930524199862,0.020046089564075022,6.277830390724953e-6,0.17792280100444624,0.0004095214024802658,4.870046261227103,3.4020125257716938
6.784892463629401e-7,0.5061117666478426,0.00505070091539507,0.5278271728050282,0.07691930274142464,0.0199852049275734,6.277829917674581e-6,0.17779486639951475,0.0004095213716338701,4.869913524781817,3.402012640888764
6.861606069829432e-7,0.5058521994229308,0.005050700472987101,0.527760101812707,0.07691929731206865,0.019923856115504086,6.277829336097127e-6,0.1776657306394263,0.0004095213335503455,4.869779729164549,3.4020124351359455
6.939187040900439e-7,0.5055902394094097,0.00505070010697194,0.5276924695422465,0.07691929458437353,0.019862041887496282,6.27782883747559e-6,0.17753538186946677,0.00040952130102998684,4.869644865818348,3.4020125429223773
7.017645183731377e-7,0.505325863194098,0.005050699647587561,0.5276242710260581,0.07691928901552866,0.019799761060241644,6.2778282328952005e-6,0.1774038081232292,0.00040952126144554,4.869508926115292,3.4020123401239517
7.096990416093163e-7,0.505059047136149,0.00505069926141781,0.5275555012486326,0.0769192860539207,0.019737012508989595,6.2778277076503435e-6,0.17727099732194027,0.00040952122718253633,4.8693719013558745,3.4020124406535612
7.177232767892269e-7,0.5047897673653327,0.005050698784166226,0.5274861551460297,0.076919280335576,0.01967379516905478,6.277827078886776e-6,0.17713693727379673,0.0004095211860199416,4.8692337827683945,3.402012240540284
7.258382382438632e-7,0.5045179997803199,0.005050698377022783,0.527416227605363,0.07691927713282602,0.01961010803733597,6.277826525913773e-6,0.17700161567331044,0.00040952114994216164,4.869094561508305,3.4020123338778805
7.340449517727889e-7,0.504243720046973,0.005050697880975886,0.5273457134642774,0.07691927125463159,0.019545950173845784,6.277825871737007e-6,0.17686502010066427,0.0004095211071209534,4.8689542286575875,3.4020121361824285
7.423444547737985e-7,0.503966903596645,0.005050697451998513,0.5272746075104218,0.07691926780306568,0.019481320703250992,6.277825289876261e-6,0.17672713802107848,0.0004095210691526935,4.868812775224096,3.4020122223811007
7.507377963740632e-7,0.5036875256244832,0.005050696936189003,0.5272029044809157,0.07691926175431525,0.01941621881642244,6.277824609003507e-6,0.17658795678418815,0.00040952102458892116,4.868670192140923,3.4020120268368266
7.592260375627408e-7,0.5034055610877415,0.005050696484474349,0.5271305990618098,0.07691925804578387,0.019350643771994306,6.277823997038169e-6,0.1764474636234328,0.00040952098465072453,4.868526470265744,3.402012105940075
7.678102513250977e-7,0.5031209847041033,0.00505069594789388,0.5270576858875399,0.07691925181538357,0.019284594897931818,6.277823288131183e-6,0.17630564565545792,0.0004095209382568638,4.868381600380141,3.4020119122801193
7.764915227781461e-7,0.5028337709500101,0.005050695472493575,0.5269841595403753,0.07691924784125861,0.019218071593106865,6.277822644784828e-6,0.17616248987952998,0.0004095208962653761,4.868235573188954,3.402011984321049
7.852709493078045e-7,0.5025438940590048,0.0050506949140907125,0.526910014549861,0.07691924141772086,0.019151073328880937,6.277821906447704e-6,0.1760179831769646,0.00040952084795010246,4.868088379319587,3.402011792278754
7.941496407076249e-7,0.5022513280200814,0.005050694414009854,0.5268352453922523,0.07691923716886898,0.019083599650694394,6.27782123038146e-6,0.1758721123105695,0.00040952080381789064,4.867940009321343,3.4020118572798563
8.031287193190731e-7,0.5019560465760521,0.005050693832687964,0.5267598464899462,0.07691923054027124,0.019015650179661628,6.277820461157465e-6,0.17572486392410155,0.00040952075348592586,4.8677904536647265,3.4020116665880167
8.122093201734043e-7,0.5016580232219218,0.00505069330688244,0.5266838122109027,0.07691922600704161,0.018947224614171133,6.27781975096744e-6,0.17557622454174032,0.0004095207071212997,4.867639702740758,3.4020117245613166
8.21392591135146e-7,0.5013572312032789,0.00505069270149766,0.5266071368680608,0.07691921916102154,0.018878322731489705,6.277818949336415e-6,0.17542618056757697,0.00040952065467320564,4.867487746860265,3.4020115349520372
8.306796930471869e-7,0.501053643514703,0.005050692148872346,0.5265298147187504,0.07691921433320985,0.018808944389370218,6.27781820355086e-6,0.17527471828512084,0.0004095206059800558,4.867334576253184,3.4020115858990994
8.400717998775298e-7,0.5007472328981833,0.005050691518231064,0.5264518399640942,0.0769192072569321,0.01873908952766167,6.2778173679259555e-6,0.17512182385682293,0.00040952055131203023,4.8671801810678375,3.4020113971026453
8.495700988676781e-7,0.5004379718415579,0.005050690937637529,0.5263732067484038,0.07691920212378119,0.018668758169921036,6.277816585002047e-6,0.1749674833236183,0.00040952050018958216,4.8670245513702115,3.402011441013914
8.591757906827263e-7,0.5001258325769686,0.005050690280494062,0.5262939091585711,0.07691919480391124,0.018597950425025746,6.277815713726496e-6,0.17481168260448768,0.0004095204431932983,4.866867677143247,3.4020112527591273
8.688900895631229e-7,0.4998107870793343,0.005050689670728398,0.5262139412234502,0.07691918935406925,0.01852666648878602,6.277814892047448e-6,0.17465440749603814,0.00040952038953592145,4.866709548286082,3.402011289614978
8.78714223478165e-7,0.49949280706484606,0.0050506889857826085,0.5261332969132338,0.0769191817767525,0.01845490664555604,6.27781398339148e-6,0.1744956436721056,0.0004095203300982465,4.866550154613313,3.402011101627878
8.886494342812295e-7,0.4991718639894799,0.005050688345582738,0.5260519701388228,0.07691917599825977,0.018382671269842835,6.277813121263127e-6,0.1743353766833777,0.00040952027379528307,4.866389485854257,3.402011131397366
8.986969778667419e-7,0.49884792904753505,0.005050687631477246,0.5259699547511877,0.07691916814909072,0.01830996082791219,6.277812173420302e-6,0.17417359195704002,0.0004095202117980895,4.866227531652191,3.4020109434020185
9.088581243289452e-7,0.4985209731701919,0.005050686959520304,0.5258872445407246,0.07691916202934972,0.018236775879390113,6.2778112690674005e-6,0.1740102747964443,0.0004095201527335863,4.8660642815635775,3.4020109660425906
9.191341581224396e-7,0.498190967024097,0.0050506862148381884,0.5258038332366018,0.07691915389334561,0.01816311707885918,6.277810280151207e-6,0.17384541038080178,0.0004095200880534924,4.865899725057305,3.4020107777594135
9.295263782245523e-7,0.4978578810099719,0.005050685509737875,0.5257197145061028,0.07691914741909366,0.01808898517744834,6.277809331714344e-6,0.17367898376490065,0.00040952002610594837,4.865733851513915,3.402010793217917
9.400360982995448e-7,0.4975216852612483,0.005050684732999027,0.5256348819539568,0.0769191389806641,0.018014381024415174,6.277808299753874e-6,0.1735109798788497,0.00040951995861409816,4.865566650224784,3.4020106043633738
9.506646468646594e-7,0.49718234964273444,0.00505068399330313,0.5255493291216669,0.07691913213795362,0.017939305568719588,6.27780730528522e-6,0.1733413835278484,0.0004095198936562853,4.8653981103913715,3.4020106125750593
9.614133674580683e-7,0.49683984374930534,0.005050683182962236,0.5254630494868274,0.07691912338087155,0.017863759860587414,6.2778062282220704e-6,0.17317017939198456,0.0004095198232180673,4.865228221124392,3.4020104228621864
9.722836188086967e-7,0.49649413690462874,0.00505068240714908,0.5253760364624361,0.07691911615503255,0.01778774505306309,6.277805185681655e-6,0.1729973520260613,0.0004095197551166816,4.865056971443001,3.402010423750045
9.832767750079821e-7,0.49614519815992086,0.005050681561591949,0.5252882833961966,0.07691910706239805,0.017711262403549883,6.277804061365074e-6,0.1728228858594527,0.00040951968159148313,4.864884350274001,3.4020102328867723
9.943942256835764e-7,0.49579299629273416,0.00505068074806752,0.5251997835698146,0.07691909943801213,0.017634313275336412,6.2778029686162385e-6,0.17264676519599023,0.0004095196102069423,4.864710346450994,3.4020102263625525
1.0056373761749947e-6,0.49543749980578267,0.005050679865607966,0.5251105301982859,0.07691908999221996,0.017556899139108545,6.277801794799289e-6,0.1724689742138815,0.0004095195334478243,4.864534948713561,3.402010034051961
1.0170076477112759e-6,0.49507867692580226,0.005050679012702949,0.5250205164291771,0.07691908195308389,0.01747902157444472,6.27780064960499e-6,0.17228949696566065,0.0004095194586339707,4.8643581457064045,3.4020100200144596
1.0285064775906237e-6,0.4947164956024481,0.005050678091579405,0.5249297353418977,0.0769190721357967,0.01740068227129386,6.277799423939287e-6,0.17210831737817348,0.0004095193784874099,4.864179925978518,3.4020098259536797
1.0401353193621075e-6,0.4943509235072324,0.005050677197545267,0.5248381799469646,0.07691906366489523,0.017321883031434386,6.277798223957301e-6,0.17192541925259633,0.00040951930009117577,4.864000277982318,3.4020098042894675
1.051895643009392e-6,0.4939819280325018,0.005050676235917105,0.5247458431852585,0.07691905345699669,0.017242625769912725,6.277796943989096e-6,0.1717407862644919,0.0004095192163967505,4.863819190072771,3.4020096081699354
1.0637889351365579e-6,0.49360947629045954,0.005050675298923262,0.5246527179272723,0.07691904453646395,0.017162912516460127,6.277795686766844e-6,0.1715544019639015,0.0004095191342578981,4.863636650506527,3.4020095787529314
1.07581669915603e-6,0.4932335351122283,0.005050674294867376,0.5245587969723519,0.07691903391802588,0.017082745416886307,6.277794349931995e-6,0.17136624977547565,0.0004095190468479475,4.86345264744103,3.4020093802588747
1.0879804554786066e-6,0.4928540710469627,0.00505067331299657,0.5244640730479277,0.0769190245291075,0.017002126734448345,6.2777930329018025e-6,0.17117631299864436,0.0004095189607987126,4.863267168933628,3.4020093429496367
1.1002817417056668e-6,0.4924710503610054,0.005050672264503434,0.5243685388087383,0.0769190134793473,0.016921058851193445,6.277791636519968e-6,0.17098457480782744,0.0004095188694980168,4.863080202940671,3.402009141758453
1.1127221128235247e-6,0.4920844390370955,0.005050671235748521,0.5242721868360463,0.07691900360236308,0.01683954426927403,6.27779025699437e-6,0.17079101825268744,0.0004095187793627694,4.862891737316594,3.4020090964038454
1.1253031413999968e-6,0.49169420277362663,0.0050506701407178715,0.5241750096368445,0.07691899209960912,0.016757585612233686,6.277788798264331e-6,0.1705956262584251,0.0004095186839881834,4.862701759813007,3.4020088921847136
1.1380264177831944e-6,0.49130030698395705,0.005050669062977519,0.524076999643055,0.0769189817139139,0.016675185626262152,6.277787353429803e-6,0.17039838162611884,0.00040951858958307994,4.862510258077762,3.4020088386179927
1.1508935503025434e-6,0.49090271679577663,0.005050667919214434,0.5239781492107191,0.07691896973555244,0.016592347181418388,6.27778582942341e-6,0.17019926703311125,0.00040951848994318465,4.862317219654009,3.402008631031672
1.1639061654721065e-6,0.4905013970505283,0.005050666790288795,0.5238784506191776,0.07691895881949058,0.016509073272819325,6.277784316335075e-6,0.16999826503344093,0.00040951839107578703,4.862122631979258,3.4020085690718447
1.1770659081961744e-6,0.4900963123028896,0.005050665595499232,0.5237778960702443,0.0769189463419299,0.016425367021793456,6.277782723991546e-6,0.16979535805832385,0.0004095182869704784,4.861926482384412,3.4020083577702076
1.190374441977201e-6,0.4896874268203131,0.005050664413085512,0.5236764776873692,0.07691893487279335,0.01634123167699727,6.277781139567218e-6,0.16959052841668373,0.000409518183439376,4.861728758092813,3.4020082872210957
1.2038334491260907e-6,0.4892747045826312,0.0050506631648714675,0.5235741875147927,0.07691892187141139,0.016256670615492675,6.2777794756867316e-6,0.169383758295734,0.00040951807465947505,4.861529446219257,3.402008071846088
1.2174446309748423e-6,0.48885810928172435,0.0050506619265593055,0.5234710175166927,0.07691890982539322,0.016171687343784637,6.277777816700434e-6,0.1691750297616117,0.00040951796625385804,4.8613285337690035,3.402007992496672
1.2312097080916287e-6,0.48843760432125594,0.005050660622414333,0.5233669595763206,0.07691889627448642,0.016086285498816195,6.277776077938005e-6,0.16896432476006612,0.0004095178525806935,4.861126007636795,3.4020077726803195
1.2451304204982737e-6,0.48801315281647634,0.0050506593256808546,0.5232620054951295,0.07691888362663173,0.016000468848920334,6.277774341013934e-6,0.16875162511720207,0.00040951773907994213,4.860921854605838,3.402007684303717
1.2592085278902224e-6,0.48758471759409844,0.005050657962984608,0.5231561469918921,0.07691886949937032,0.015914241294726225,6.277772523872286e-6,0.1685369125402805,0.0004095176202849006,4.860716061346792,3.4020074596665366
1.2734458098589679e-6,0.4871522611922455,0.005050656605189332,0.5230493757018115,0.07691885622352373,0.015827606870018638,6.277770705477211e-6,0.1683201686185777,0.00040951750145812397,4.860508614416739,3.402007362019415
1.2878440661170108e-6,0.4867157458604749,0.005050655181202573,0.5229416831756198,0.07691884149189353,0.015740569742548578,6.277768806300098e-6,0.168101374824304,0.00040951737730218567,4.860299500258167,3.402007132170578
1.3024051167253672e-6,0.4862751335598802,0.005050653759582076,0.5228330608786705,0.07691882756064683,0.015653134214793748,6.277766902736729e-6,0.16788051251358443,0.00040951725290776567,4.860088705197887,3.4020070249930496
1.3171308023236223e-6,0.4858303859632717,0.005050652271441097,0.5227235001900181,0.0769188121953938,0.015565304724666858,6.277764917701349e-6,0.16765756292750264,0.0004095171231410325,4.859876215446012,3.402006789528802
1.3320229843626212e-6,0.4853814644554422,0.005050650783103238,0.522612992401492,0.07691879758002959,0.015477085846170205,6.2777629251007964e-6,0.16743250719320887,0.00040951699292612344,4.859662017094865,3.402006672543882
1.347083545339757e-6,0.4849283301335156,0.00505064922781404,0.522501528716757,0.0769187815506011,0.015388482289995214,6.277760850209929e-6,0.16720532632509522,0.0004095168572873115,4.859446096117916,3.4020064310474907
1.3623143890369404e-6,0.4844709438073839,0.00505064766973237,0.5223891002503676,0.07691876622103587,0.015299498904064473,6.277758764523596e-6,0.1669760012260385,0.0004095167209873357,4.859228438368679,3.4020063039596695
1.3777174407612604e-6,0.48400926600023336,0.005050646044164739,0.52227569802681,0.07691874949552227,0.015210140674015419,6.277756595598169e-6,0.16674451268871268,0.0004095165792032524,4.859009029579621,3.402006056000568
1.393294647588344e-6,0.48354325694916517,0.005050644413172204,0.5221613129795364,0.07691873342024119,0.015120412723623643,6.27775441258991e-6,0.16651084139697372,0.00040951643654135283,4.85878785536105,3.402005918495852
1.4090479786085006e-6,0.48307287660590803,0.005050642714053059,0.5220459359499876,0.07691871596530588,0.015030320315163902,6.2777521452596594e-6,0.16627496792731636,0.00040951628832633423,4.858564901199982,3.4020056636281546
1.4249794251756165e-6,0.48259808463763254,0.005050641006835508,0.5219295576866078,0.07691869911130517,0.014939868849707976,6.2777498604967205e-6,0.1660368727504069,0.00040951613901282866,4.858340152459026,3.402005515373604
1.441091001158885e-6,0.4821188404278631,0.005050639230742707,0.5218121688438468,0.0769186808921206,0.014849063867356904,6.277747490192113e-6,0.16579653623269233,0.00040951598406816365,4.858113594375216,3.4020052531361213
1.4573847431973833e-6,0.4816351030774939,0.005050637443832366,0.5216937599811559,0.07691866322483368,0.014757911047406494,6.277745099036717e-6,0.16555393863808837,0.00040951582779994654,4.85788521205887,3.4020050937782274
1.4738627109575051e-6,0.4811468314059113,0.00505063558718773,0.5215743215619698,0.07691864420501487,0.014666416208444435,6.277742620979272e-6,0.16530906012974741,0.00040951566581329084,4.857654990492411,3.4020048236930096
1.4905269873933385e-6,0.4806539839522256,0.005050633716955939,0.5214538439526815,0.07691862568824455,0.014574585308377415,6.277740118578829e-6,0.16506188077190942,0.0004095155022732124,4.8574229145291925,3.402004652857736
1.5073796790099489e-6,0.48015651897661266,0.005050631776017683,0.5213323174216047,0.07691860582977075,0.014482424444386707,6.2777375277716685e-6,0.16481238053183644,0.0004095153329179416,4.857188968892308,3.4020043744295303
1.5244229161296808e-6,0.4796543944617727,0.005050629818667918,0.5212097321379283,0.07691858642561625,0.01438993985281066,6.277734909049162e-6,0.1645605392818337,0.0004095151617741991,4.856953138173372,3.4020041917210033
1.5416588531614285e-6,0.4791475681145044,0.005050627789523404,0.521086078170659,0.07691856568875713,0.014297137908952807,6.2777322002668645e-6,0.16430633680135837,0.00040951498470873825,4.8567154068313165,3.402003904436073
1.5590896688729797e-6,0.47863599736740164,0.005050625741083189,0.5209613454875536,0.07691854535753487,0.014204025126813962,6.277729459910267e-6,0.1640497527792185,0.00040951480561416575,4.856475759191157,3.4020037094359608
1.5767175666664399e-6,0.47811963938067176,0.005050623619641005,0.5208355239540418,0.07691852370077049,0.014110608158746768,6.2777266276884245e-6,0.16379076681586344,0.0004095146204813384,4.856234179442747,3.402003412761261
1.5945447748567403e-6,0.47759845104408344,0.005050621475954036,0.5207086033321385,0.076918502400939,0.01401689379503184,6.277723760140305e-6,0.16352935842576946,0.0004095144330727194,4.85599065163952,3.4020032050279547
1.6125735469533381e-6,0.4770723889790413,0.005050619257935735,0.5205805732793444,0.07691847978087406,0.013922888963373417,6.277720798764307e-6,0.16326550703991957,0.00040951423949898687,4.855745159697238,3.4020028984095867
1.6308061619450594e-6,0.4765414095407962,0.005050617014653393,0.5204514233475377,0.07691845746893987,0.013828600728313956,6.27771779821023e-6,0.16299919200838275,0.00040951404339631403,4.855497687392693,3.40200267747717
1.6492449245881915e-6,0.47600546882079026,0.005050614695584713,0.5203211429818545,0.07691843384021992,0.013734036290565852,6.277714701703963e-6,0.1627303926029927,0.00040951384099104565,4.855248218362417,3.40200236034
1.667892165697832e-6,0.4754645226491418,0.005050612348157508,0.5201897215195587,0.07691841047065989,0.013639202986259327,6.277711562061101e-6,0.16245908802012826,0.00040951363579676503,4.854996736101381,3.402002125717165
1.6867502424425023e-6,0.4749185265972739,0.0050506099233594845,0.5200571481889006,0.0769183857858773,0.013544108286105434,6.2777083241744915e-6,0.16218525738359907,0.00040951342415142516,4.854743223961666,3.402001797463487
1.7058215386421395e-6,0.47436743598068737,0.005050607467027451,0.5199234121079663,0.07691836131103724,0.013448759794472723,6.2777050390790724e-6,0.16190887974763668,0.0004095132094496162,4.854487665151134,3.4020015486326507
1.7251084650694075e-6,0.47381120586188574,0.005050604931606823,0.5197885022835155,0.07691833552063516,0.013353165248376953,6.277701653275838e-6,0.16162993409999446,0.00040951298813696836,4.854230042732082,3.4020012086406166
1.74461345975445e-6,0.473249791053451,0.005050602361390144,0.5196524076098074,0.07691830989064077,0.013257332516382423,6.277698216070173e-6,0.1613483993651581,0.0004095127634925067,4.853970339619876,3.4020009450568622
1.764338988293086e-6,0.47268314612127665,0.00505059971022974,0.5195151168674191,0.07691828294281727,0.013161269597414284,6.277694675514353e-6,0.16106425440766864,0.00040951253206573246,4.853708538581564,3.4020005926798618
1.7842875441584616e-6,0.47211122538796113,0.005050597020918698,0.5193766187220491,0.07691825610546474,0.013064984619480902,6.277691079233689e-6,0.1607774780355608,0.00040951229702341005,4.853444622234516,3.402000313769536
1.8044616490162702e-6,0.4715339829363637,0.005050594248666713,0.5192369017233138,0.07691822794606386,0.01296848583830534,6.277687376776068e-6,0.16048804900391803,0.00040951205501520393,4.853178573044987,3.4019999483344576
1.8248638530434875e-6,0.47095137261332903,0.005050591434810903,0.5190959543035297,0.07691819984672242,0.012871781635865423,6.277683614134049e-6,0.16019594601854692,0.00040951180909880715,4.852910373326722,3.4019996534942236
1.8454967352507593e-6,0.4703633480335794,0.005050588535870361,0.5189537647764879,0.07691817041912584,0.012774880518841403,6.277679742297553e-6,0.15990114773977346,0.0004095115560204447,4.852640005239508,3.401999274300596
1.8663629038083905e-6,0.46976986258378456,0.005050585591767943,0.518810321336215,0.07691814100061993,0.012677791116971118,6.277675805671913e-6,0.15960363278636253,0.0004095112987317947,4.852367450787724,3.401998962896071
1.8874649963760473e-6,0.4691708694268075,0.005050582560285348,0.518665612055725,0.07691811024563688,0.012580522181311596,6.277671756636577e-6,0.1593033797395637,0.00040951103407212933,4.852092691818892,3.401998569214212
1.90880568043619e-6,0.4685663215061325,0.005050579479971167,0.5185196248857594,0.076918079448134,0.012483082582406867,6.277667638053339e-6,0.1590003671472848,0.00040951076489006527,4.851815710022191,3.4019982405786418
1.9303876536312426e-6,0.46795617155047764,0.005050576309824562,0.5183723476535165,0.07691804730387633,0.012385481308361986,6.277663403640305e-6,0.1586945735283965,0.00040951048811450994,4.851536486926953,3.4019978316483703
1.9522136441046243e-6,0.4673403720785977,0.005050573087058604,0.5182237680613702,0.07691801506476514,0.012287727462822227,6.277659094758013e-6,0.1583859773771687,0.0004095102064938448,4.851255003901173,3.40199748508133
1.974286410845585e-6,0.4667188754042796,0.00505056977184537,0.5180738736855759,0.07691798146652555,0.012189830262858012,6.277654666413367e-6,0.1580745571678429,0.0004095099170432825,4.850971242149967,3.401997060110584
1.9966087440379763e-6,0.46609163364153433,0.005050566400099493,0.5179226519749697,0.0769179477202888,0.012091799036754983,6.2776501585059115e-6,0.15776029135934072,0.0004095096224136924,4.850685182714042,3.4019966948765186
2.019183465412965e-6,0.4654585987099883,0.0050505629331232494,0.517770090249651,0.07691791260041,0.011993643221709363,6.2776455272829915e-6,0.15744315840011233,0.0004095093197033506,4.850396806468132,3.4019962530398566
2.0420134286056973e-6,0.46481972234048186,0.005050559405568447,0.51761617569966,0.07691787727849045,0.011895372361428775,6.27764081122207e-6,0.15712313673312658,0.0004095090114682189,4.850106094119429,3.401995868366347
2.0651015195160523e-6,0.4641749560808733,0.00505055577982563,0.5174608953836387,0.07691784056622764,0.011796996103638449,6.277635967763774e-6,0.15680020480100437,0.0004095086948864871,4.849813026205991,3.401995408802955
2.088450656673419e-6,0.46352425130205693,0.005050552089317999,0.5173042362274857,0.07691780359689133,0.011698524197493402,6.277631034000421e-6,0.1564743410512991,0.0004095083724217048,4.849517583095143,3.40199500387945
2.1120637916056325e-6,0.46286755920419625,0.005050548297483699,0.5171461850229974,0.07691776521827094,0.011599966490896655,6.27762596851992e-6,0.15614552394192505,0.00040950804132889907,4.849219744981839,3.401994525691596
2.1359439092120857e-6,0.4622048308231775,0.005050544436549986,0.516986728426499,0.07691772652646008,0.011501332927724026,6.2776208070652245e-6,0.1558137319467357,0.00040950770398159777,4.84891949188704,3.401994099667662
2.1600940281410155e-6,0.4615360170372875,0.005050540470963043,0.5168258529574645,0.0769176864041278,0.011402633544956384,6.277615509326483e-6,0.15547894356125594,0.00040950735770866557,4.848616803656047,3.4019936019191195
2.1845172011711206e-6,0.4608610685741191,0.005050536431785782,0.5166635449971272,0.07691764591131098,0.011303878469719423,6.277610109731281e-6,0.15514113730856866,0.00040950700479589755,4.84831165995683,3.401993153902277
2.2092165155974274e-6,0.4601799360177083,0.005050532284433364,0.5164997907870765,0.076917603964379,0.011205077916232311,6.277604569028232e-6,0.15480029174535825,0.00040950664264306487,4.848004040278337,3.4019926356163848
2.2341950936215642e-6,0.4594925698159085,0.0050505280588346545,0.5163345764278477,0.07691756158838782,0.011106242182665836,6.277598920362041e-6,0.15445638546811427,0.0004095062734504235,4.847693923928771,3.4019921646709084
2.2594560927464458e-6,0.4587989202880026,0.0050505237213361665,0.516167887877498,0.07691751773226885,0.01100738164791084,6.2775931254969985e-6,0.15410939711949553,0.00040950589468578504,4.847381290033901,3.4019916248283604
2.2850027061753773e-6,0.4580989376325613,0.0050505193007614494,0.5159997109501734,0.07691747338713707,0.01090850676825861,6.277587216325918e-6,0.15375930539485877,0.0004095055084659566,4.847066117535268,3.401991129972841
2.3108381632157393e-6,0.4573925719355478,0.005050514764351431,0.5158300313146653,0.07691742753337498,0.010809628073993742,6.277581155586853e-6,0.1534060890489524,0.00040950511232398974,4.846748385188454,3.4019905675099724
2.3369657296871626e-6,0.4566797731786743,0.005050510139851972,0.5156588344929549,0.07691738112915851,0.010710756165901312,6.277574973950393e-6,0.1530497269027781,0.00040950470829524525,4.846428071561296,3.40199004771562
2.3633887083343906e-6,0.4559604912480154,0.00505050539536243,0.5154861058587494,0.07691733318525104,0.010611901711689504,6.2775686350873635e-6,0.15269019785062243,0.000409504293975275,4.846105155032072,3.40198946152206
2.3901104392447447e-6,0.4552346759428803,0.005050500557577456,0.5153118306360054,0.07691728462785166,0.010513075442329392,6.277562168474306e-6,0.15232748086726003,0.00040950387131987934,4.845779613787698,3.401988915710544
2.4171343002703513e-6,0.45450227698494927,0.0050504955954194615,0.5151359938974452,0.07691723449705885,0.01041428814831339,6.27755553867463e-6,0.15196155501533096,0.00040950343798444556,4.845451425821874,3.4019883046270394
2.4444637074551436e-6,0.4537632440276771,0.005050490534556906,0.5149585805630591,0.07691718368802944,0.010315550675834109,6.277548773997674e-6,0.1515923994528929,0.00040950299584702156,4.845120568933242,3.4019877316682163
2.4721021154666497e-6,0.45301752666596956,0.005050485344701027,0.5147795753986005,0.07691713126918152,0.010216873922885845,6.277541839860095e-6,0.15121999344115203,0.0004095025426201906,4.844787020723494,3.4019870944844137
2.500053018032725e-6,0.45226507444613334,0.005050480050518041,0.5145989630140695,0.07691707810552943,0.01011826883529001,6.277534763429416e-6,0.15084431635237253,0.0004095020801059776,4.844450758595492,3.4019864931939616
2.5283199483831583e-6,0.4515058368761078,0.00505047462247421,0.5144167278621872,0.07691702329282393,0.010019746402647417,6.277527510936931e-6,0.15046534767796763,0.00040950160607157806,4.844111759751333,3.4019858286459304
2.5569064796963165e-6,0.4507397634359774,0.005050469084256312,0.5142328542368605,0.07691696766679972,0.009921317654218845,6.2775201084325375e-6,0.1500830670367738,0.0004095011222446173,4.843770001190422,3.4019851977830733
2.5858162255508346e-6,0.4499668035887726,0.005050463407052463,0.5140473262716361,0.07691691034958571,0.00982299365473677,6.277512522924172e-6,0.14969745418350874,0.000409500626444387,4.843425459707512,3.4019845045507036
2.6150528403823754e-6,0.4491869067915619,0.005050457613591813,0.513860127938146,0.07691685214846851,0.009724785500150424,6.277504779366855e-6,0.1493084890174172,0.0004095001203256412,4.843078111890732,3.401983842815652
2.644620019945615e-6,0.4484000225068367,0.005050451675751957,0.5136712430445426,0.07691679221102157,0.009626704313306743,6.2774968455079825e-6,0.14891615159110258,0.0004094996017572824,4.842727934119578,3.40198311952024
2.6745215017813836e-6,0.44760610021419567,0.0050504456153247414,0.5134806552339264,0.07691673131688803,0.009528761239569888,6.277488745229058e-6,0.1485204221195499,0.00040949907232265087,4.842374902562905,3.401982425551191
2.7047610656891397e-6,0.4468050894223311,0.005050439404845544,0.5132883479827616,0.07691666863818027,0.009430967442382067,6.277480446980399e-6,0.14812128098933797,0.00040949852993781336,4.842018993176868,3.4019816707523205
2.7353425342047798e-6,0.44599693968131887,0.005050433065188333,0.5130943045992854,0.07691660492766741,0.009333334098768437,6.277471973590126e-6,0.14771870876804427,0.00040949797611605597,4.841660181702881,3.4019809431233563
2.7662697730838076e-6,0.4451816005952196,0.00505042656951493,0.5128985082219081,0.07691653938111934,0.00923587239478922,6.277463294175265e-6,0.14731268621384352,0.0004094974088182114,4.841298443665526,3.4019801553162905
2.7975466917900356e-6,0.44435902183499,0.00505041993779984,0.512700941817602,0.0769164727251752,0.009138593520941828,6.277454430529566e-6,0.14690319428529977,0.00040949682948879294,4.840933754370432,3.4019793925339803
2.8291772439897356e-6,0.4435291531517116,0.0050504131438005185,0.5125015881802861,0.07691640417840256,0.009041508667516438,6.277445352401223e-6,0.14649021415135516,0.00040949623613102806,4.840566088902165,3.401978570146425
2.8611654280514557e-6,0.44269194439013637,0.005050406206609216,0.5123004299291979,0.07691633444202303,0.00894462901990793,6.277436080567124e-6,0.1460737272015148,0.00040949563012184626,4.840195422122072,3.4019777706468686
2.893515287551411e-6,0.4418473455025575,0.00505039910054875,0.5120974495072618,0.07691626275656885,0.008847965753887842,6.277426585371439e-6,0.1456537150562289,0.00040949500950453015,4.839821728666103,3.4019769120361087
2.9262309117846435e-6,0.4409953065630025,0.005050391843845404,0.5118926291794458,0.07691618979852699,0.008751530030839573,6.277416886590732e-6,0.14523015957747407,0.00040949437558954963,4.83944498294262,3.4019760741817375
2.959316436281956e-6,0.4401357777817561,0.005050384411357448,0.5116859510311126,0.07691611482957933,0.008655332992960308,6.277406955130519e-6,0.14480304287953238,0.0004094937264579227,4.839065159130171,3.4019751776309866
2.9927760433326442e-6,0.4392687095202148,0.005050376820460223,0.5114773969663625,0.07691603850213985,0.008559385758433576,6.2773968097819274e-6,0.14437234733997156,0.0004094930633546918,4.838682231175259,3.401974299707398
3.026613962513213e-6,0.438394052306074,0.005050369046518223,0.5112669487063706,0.07691596009824314,0.00846369941657561,6.277386421977452e-6,0.14393805561082332,0.0004094923843963279,4.83829617279006,3.401973363422689
3.060834471221997e-6,0.43751175684885363,0.0050503611060697725,0.5110545877877143,0.07691588024685922,0.008368285022959795,6.277375809536941e-6,0.14350015062996427,0.00040949169076338177,4.837906957450146,3.4019724436349184
3.0954418952198716e-6,0.4366217740557626,0.005050352974956569,0.510840295560697,0.07691579824960651,0.008273153594522598,6.277364944385779e-6,0.14305861563269553,0.000409490980605533,4.837514558392163,3.4019714657411413
3.1304406091770845e-6,0.43572405504790446,0.0050503446688929515,0.5106240531876638,0.0769157147126131,0.008178316104655114,6.277353843385008e-6,0.14261343416352373,0.0004094902550397038,4.837118948611489,3.401970502210264
3.1658350372262118e-6,0.4348185511768282,0.005050336164168893,0.510405841641312,0.0769156289563241,0.00808378347828419,6.277342478919231e-6,0.14216459008814314,0.0004094895122465223,4.8367201008598855,3.4019694807476837
3.2016296535214507e-6,0.43390521404142557,0.005050327475686941,0.5101856417029951,0.07691554156460803,0.007989566586946936,6.277330866902157e-6,0.14171206760561716,0.0004094887532800763,4.836317987643086,3.401968471506827
3.2378289828041507e-6,0.4329839955051761,0.005050318580157007,0.5099634339610212,0.07691545187599706,0.007895676243862962,6.2773189801441945e-6,0.14125585126076062,0.0004094879763497229,4.835912581218404,3.4019674044269785
3.274437600974794e-6,0.4320548477137447,0.005050309491680533,0.509739198808948,0.07691536045265407,0.007802123199008309,6.2773068336218456e-6,0.14079592595672152,0.00040948718244741014,4.8355038535922805,3.401966347417382
3.311460135671449e-6,0.43111772311292784,0.005050300187359212,0.5095129164438705,0.07691526665047875,0.007708918134195182,6.277294400537944e-6,0.1403322769677607,0.0004094863698090135,4.835091776517824,3.40196523257899
3.3489012668547007e-6,0.4301725744669582,0.0050502906805034485,0.5092845668647051,0.07691517101045729,0.007616071658161992,6.277281694940789e-6,0.1398648899522314,0.00040948553936495793,4.834676321492318,3.401964125645746
3.386765727399282e-6,0.42921935487716073,0.005050280948578667,0.5090541298704718,0.07691507290515325,0.007523594301677491,6.277268690392468e-6,0.1393937509657533,0.00040948468937544025,4.834257459754698,3.4019629608104687
3.4250583036923026e-6,0.4282580178009682,0.005050271004113101,0.508821585058569,0.07691497285488068,0.007431496512663795,6.2772554000207676e-6,0.13891884647458466,0.0004094838207098995,4.833835162283028,3.4019618016982944
3.4637838362383394e-6,0.42728851707129195,0.005050260824908036,0.5085869118230469,0.07691487024817587,0.007339788651342108,6.277241797713999e-6,0.1384401633691873,0.0004094829316506543,4.833409399791902,3.401960584526156
3.5029472202712713e-6,0.4263108069162537,0.005050250422717475,0.5083500893528791,0.07691476558516518,0.007248480985405895,6.2772278956859585e-6,0.13795768897798508,0.000409482023006623,4.832980142729863,3.4019593708747213
3.5425534063730976e-6,0.4253248419792749,0.0050502397756508706,0.5081110966302282,0.07691465826968273,0.007157583685225531,6.2772136681180694e-6,0.1374714110813132,0.000409481093080053,4.83254736127678,3.4019580989192915
3.582607401099752e-6,0.42433057733952595,0.005050228894694867,0.5078699124287142,0.07691454878212582,0.0070671068190888585,6.277199126315443e-6,0.13698131792555632,0.0004094801426197089,4.8321110253411845,3.4019568282584802
3.6231142676139298e-6,0.4233279685327362,0.005050217758239517,0.5076265153116759,0.07691443654096336,0.006977060348482169,6.277184244719577e-6,0.13648739823747408,0.00040947916994558216,4.831671104557601,3.401955498962095
3.6640791263251633e-6,0.42231697157236325,0.005050206376509819,0.5073808836304357,0.07691432200729899,0.00688745412341558,6.277169033730893e-6,0.13598964123871007,0.00040947817574657827,4.831227568283825,3.4019541687069577
3.705507155537044e-6,0.4212975429711232,0.005050194728148941,0.5071329955225603,0.07691420461358943,0.006798297877797628,6.277153468017877e-6,0.13548803666048373,0.000409477158358236,4.830780385598202,3.4019527793955464
3.7474035921018187e-6,0.42026963976287807,0.005050182822625053,0.5068828289101238,0.07691408480205945,0.0067096012248629424,6.277137557079011e-6,0.1349825747584601,0.0004094761184098136,4.830329525296844,3.401951386841029
3.7897737320823944e-6,0.41923321952488396,0.005050170638806872,0.5066303614979691,0.07691396201851515,0.006621373652657457,6.27712127577651e-6,0.13447324632779561,0.0004094750542501969,4.8298749558908485,3.401949934718725
3.832622931421756e-6,0.418188240400397,0.005050158185409523,0.5063755707719717,0.07691383668669244,0.00653362451958569,6.277104632708485e-6,0.13396004271835657,0.0004094739664491242,4.829416645603468,3.4019484770342374
3.875956606620061e-6,0.4171346611216334,0.005050145441499654,0.5061184339973035,0.0769137082651235,0.006446363050023761,6.277087602897544e-6,0.1334429558501059,0.0004094728533666184,4.828954562367247,3.401946959177642
3.91978023541928e-6,0.4160724410330878,0.005050132415042097,0.5058589282166994,0.07691357715942512,0.006359598330002967,6.2770701940415195e-6,0.13292197822865495,0.0004094717155129348,4.828488673821159,3.401945433401349
3.964099357495648e-6,0.4150015401152021,0.005050119085273883,0.5055970302487266,0.07691344284023817,0.006273339302967555,6.27705238128995e-6,0.13239710296097637,0.0004094705512570224,4.828018947307673,3.4019438467536953
4.008919575159952e-6,0.4139219190083867,0.005050105459411118,0.5053327166860565,0.0769133056954105,0.006187594765611017,6.277034171439367e-6,0.13186832377127194,0.00040946936104960686,4.8275453498698155,3.4019422497863734
4.054246554065659e-6,0.41283353903739134,0.005050091516833429,0.5050659638937397,0.07691316520708612,0.006102373363795047,6.277015539732275e-6,0.13133563501699425,0.0004094681432663236,4.827067848248188,3.401940591151389
4.100086023925157e-6,0.411736362236019,0.005050077264008871,0.5047967480074871,0.07691302174566964,0.0060176835885547755,6.276996492061513e-6,0.13079903170501164,0.00040946689829823645,4.826586408877971,3.401938919750384
4.146443779233993e-6,0.410630351372187,0.005050062680431776,0.504525044931955,0.07691287480421086,0.005933533772194603,6.276977003728561e-6,0.13025850950791837,0.00040946562452541275,4.826100997885879,3.4019371857858207
4.1933256800033645e-6,0.40951546997332466,0.005050047771821687,0.5042508303390365,0.07691272473597964,0.005849932084478095,6.276957079718766e-6,0.12971406478047676,0.0004094643222790387,4.825611581087088,3.401935436558234
4.240737652500896e-6,0.40839168235210727,0.00505003251775948,0.5039740796661573,0.07691257104434068,0.005766886528915834,6.276936695358034e-6,0.12916569457619123,0.0004094629899413331,4.8251181239821355,3.4019336237690676
4.288685689999721e-6,0.4072589536325241,0.005050016923214641,0.5036947681145818,0.07691241406571496,0.00568440493915501,6.276915854719176e-6,0.12861339666400523,0.00040946162778329406,4.824620591753782,3.401931793165069
4.33717585353614e-6,0.40611724977627184,0.00505000096782631,0.5034128706477251,0.07691225331320156,0.005602494975473915,6.276894533117647e-6,0.12805716954511473,0.00040946023418699233,4.824118949263853,3.4019298978965344
4.386214272675723e-6,0.4049665376094716,0.005049984655811217,0.5031283619894735,0.07691208910663422,0.005521164121385274,6.276872733707289e-6,0.12749701246989306,0.0004094588093628292,4.823613161050019,3.4019279822020008
4.435807146288205e-6,0.40380678484970384,0.005049967966838156,0.5028412166225161,0.07691192096827319,0.0054404196803512815,6.27685043175764e-6,0.12693292545491644,0.0004094573516903963,4.823103191322587,3.4019260006321144
4.485960743331018e-6,0.4026379601333549,0.005049950904367304,0.5025514087866846,0.07691174920160994,0.005360268772614031,6.276827629495645e-6,0.12636490930008723,0.0004094558613190127,4.822589003961204,3.4019239959613237
4.536681403641766e-6,0.40146003304327105,0.005049933448068123,0.5022589124773056,0.07691157333749475,0.005280718332144064,6.276804302109152e-6,0.12579296560584255,0.00040945433662341373,4.822070562511577,3.4019219240932714
4.587975538739652e-6,0.40027297413670976,0.00504991560063937,0.5019637014435643,0.07691139366330156,0.005201775103710244,6.276780450888928e-6,0.12521709679044302,0.0004094527776912514,4.821547830182125,3.401919826380848
4.6398496326358995e-6,0.39907675497358747,0.005049897341721917,0.5016657491868813,0.07691120971790597,0.005123445640073852,6.2767560509044815e-6,0.124637306107332,0.00040945118289000026,4.821020769840613,3.4019176600348873
4.692310242653445e-6,0.3978713481450107,0.0050498786732468375,0.5013650289593027,0.07691102177276678,0.005045736299309409,6.276731102499673e-6,0.12405359766255558,0.0004094495522449553,4.820489344010743,3.4019154650276464
4.745364000255786e-6,0.3966567273020872,0.005049859574796688,0.5010615137619051,0.07691082937422597,0.004968653242255163,6.276705580588556e-6,0.1234659764322355,0.0004094478841138847,4.819953514868713,3.4019131998325904
4.799017611885277e-6,0.3954328671850067,0.00504984004752771,0.5007551763432169,0.0769106327780098,0.004892202430095384,6.276679484555773e-6,0.12287444828008409,0.0004094461784589495,4.819413244239736,3.4019109030809394
4.853277859810903e-6,0.3941997436523833,0.005049820070933901,0.500445989197654,0.07691043153736918,0.004816389622076886,6.276652789122124e-6,0.12227901997495083,0.0004094444336257123,4.818868493594539,3.4019085344654365
4.9081516029855595e-6,0.39295733371085223,0.005049799645388126,0.500133924563977,0.07691022589246146,0.004741220373362148,6.2766254926991434e-6,0.12167969920839185,0.00040944264951231225,4.8183192240457995,3.401906131314357
4.963645777913151e-6,0.39170561554490807,0.005049778750265051,0.49981895442376184,0.07691001540289212,0.00466670003302061,6.276597569775742e-6,0.12107649461224879,0.0004094408244495709,4.8177653963445595,3.401903654497574
5.01976739952536e-6,0.3904445685469788,0.0050497573851444695,0.4995010504998954,0.07690980029339112,0.0045928337421604825,6.276569017774966e-6,0.12046941577622838,0.00040943895827061106,4.817206970876613,3.4019011400771944
5.076523562068422e-6,0.38917417334772225,0.005049735529250449,0.499180184255088,0.07690958012936733,0.0045196264322023925,6.276539810914359e-6,0.1198584732654689,0.0004094370492889147,4.816643907658847,3.401898550059214
5.133921439999922e-6,0.38789441184653367,0.005049713181358654,0.4988563268904101,0.07690935512024626,0.004447082823296556,6.2765099456114645e-6,0.11924367863808208,0.0004094350972714976,4.816076166335518,3.401895919274966
5.191968288895649e-6,0.3866052672422577,0.0050496903205106145,0.49852944934385074,0.07690912483668706,0.004375207422884962,6.276479395772043e-6,0.11862504446265924,0.0004094331005118425,4.81550370617455,3.4018932108267
5.250671446366829e-6,0.3853067240640865,0.005049666944665577,0.49819952228890085,0.07690888947291215,0.004304004524409449,6.276448156789476e-6,0.11800258433572586,0.00040943105870965235,4.814926486063728,3.4018904583490377
5.310038332987589e-6,0.383998768202637,0.005049643032649928,0.497866516133162,0.07690864860428254,0.004233478206167133,6.276416202216383e-6,0.11737631289913464,0.0004094289701356918,4.814344464506913,3.4018876260015776
5.370076453233056e-6,0.38268138694119097,0.005049618581592837,0.4975304010169815,0.07690840240989749,0.004163632330313599,6.2763835264015355e-6,0.11674624585737962,0.0004094268344210341,4.813757599620172,3.40188474625513
5.43079339642792e-6,0.3813545689870866,0.005049593570072209,0.49719114681211596,0.07690815046926779,0.004094470542014984,6.276350102501998e-6,0.1161123999948211,0.00040942464981093545,4.813165849127883,3.401881784288865
5.492196837705816e-6,0.38001830450324736,0.005049567994372137,0.4968487231204235,0.07690789294643041,0.004025996268749143,6.276315923799829e-6,0.11547479319280293,0.00040942241586641286,4.8125691703588185,3.401878771441205
5.554294538979552e-6,0.37867258513983054,0.00504954183278783,0.49650309927258657,0.07690762942449447,0.003958212719756337,6.276280963012941e-6,0.11483344444664921,0.0004094201308043439,4.811967520242163,3.4018756738741005
5.617094349922221e-6,0.37731740406598796,0.005049515080741894,0.4961542443268679,0.07690736005247291,0.0038911228856397893,6.276245212332666e-6,0.11418837388252555,0.00040941779411413505,4.811360855303505,3.401872521823939
5.680604208959534e-6,0.375952756001714,0.005049487716211939,0.49580212706789767,0.07690708441651871,0.0038247295381157657,6.276208643993023e-6,0.11353960277414672,0.0004094154039813545,4.810749131660782,3.4018692823995273
5.744832144273238e-6,0.3745786372497721,0.0050494597337411165,0.4954467160054977,0.07690680265063926,0.0037590352299133583,6.2761712490687904e-6,0.11288715355931658,0.0004094129598221178,4.81013230502019,3.4018659847643873
5.809786274815981e-6,0.37319504572768,0.005049431110953549,0.49508797937354,0.07690651434347552,0.0036940422948233366,6.276132999264084e-6,0.11223104985628177,0.0004094104597876598,4.809510330672036,3.4018625969391683
5.875474811337641e-6,0.37180198099973527,0.005049401841493557,0.4947258851288436,0.07690621961402427,0.003629752847895658,6.276093884509257e-6,0.1115713164798835,0.0004094079032190038,4.808883163486583,3.401859147042506
5.941906057423161e-6,0.37039944430906907,0.0050493719025948595,0.49436040095011236,0.07690591805285317,0.003566168785785003,6.276053875931121e-6,0.11090797945748869,0.00040940528822993883,4.808250757909812,3.401855603972648
6.009088410542282e-6,0.36898743860970046,0.005049341286982045,0.49399149423691,0.07690560976392567,0.003503291787243279,6.276012962285837e-6,0.11024106604468319,0.00040940261408445945,4.807613067959163,3.4018519948302544
6.077030363110975e-6,0.3675659685985838,0.005049309971460473,0.4936191321086815,0.07690529433916872,0.0034411233137582524,6.2759711140740245e-6,0.10957060474070837,0.00040939987885569976,4.806970047219237,3.401848289357801
6.145740503564984e-6,0.3661350407476192,0.005049277947812539,0.49324328140381507,0.07690497186746671,0.003379664610336922,6.275928318845791e-6,0.10889662530362226,0.0004093970817285615,4.806321648837448,3.4018445136637756
6.215227517445518e-6,0.36469466333561223,0.005049245192376204,0.49286390867875274,0.07690464194153547,0.003318916706432326,6.275884546425169e-6,0.1082191587651656,0.00040939422073221716,4.8056678255196195,3.4018406383023194
6.2855001884970885e-6,0.3632448464801628,0.005049211695967401,0.4924809802071464,0.07690430463510928,0.003258880417012347,6.275839783122214e-6,0.10753823744531477,0.00040939129497025915,4.805008529525565,3.401836688414234
6.356567399777948e-6,0.36178560216945654,0.0050491774344165056,0.49209446197906376,0.07690395954111683,0.0031995563437685385,6.27579399803229e-6,0.10685389496649883,0.000409388302424488,4.804343712664595,3.4018326353335695
6.428438134782889e-6,0.3603169442939443,0.005049142397547184,0.4917043197002453,0.07690360671805087,0.0031409448764634722,6.275747176189173e-6,0.10616616626746367,0.000409385242114832,4.803673326291005,3.401828503257113
6.5011214785789204e-6,0.35883888867788066,0.005049106560640716,0.49131051879141385,0.07690324575846773,0.0030830461944141886,6.275699285905795e-6,0.1054750876167589,0.0004093821119721901,4.8029973212994985,3.401824264267568
6.574626618953624e-6,0.35735145311070476,0.00504906991250084,0.4909130243876393,0.07690287670550369,0.0030258602681099843,6.275650310901152e-6,0.10478069662582992,0.00040937891093032033,4.802315648120576,3.4018199416402766
6.648962847576599e-6,0.3558546573782359,0.005049032427816993,0.4905118013377588,0.07690249915075094,0.002969386860961902,6.275600218650188e-6,0.10408303226169081,0.00040937563686557803,4.8016282567158735,3.4018155081761603
6.724139561174041e-6,0.35434852329366,0.005048994094343456,0.49010681420385616,0.07690211312185025,0.0029136255311815935,6.27554899151607e-6,0.10338213485915734,0.00040937228862288527,4.800935096573456,3.4018109862505734
6.8001662627164894e-6,0.3528330747282876,0.00504895488613361,0.48969802726080225,0.076901718208827,0.00285857563378704,6.275496596078259e-6,0.1026780461326192,0.000409368864020282,4.800236116703075,3.401806349352845
6.877052562620173e-6,0.3513083376420512,0.0050489147898609915,0.48928540449585656,0.07690131442366478,0.002804236322732182,6.2754430133007816e-6,0.10197080918732593,0.00040936536181103146,4.799531265631352,3.401801618978839
6.954808179961769e-6,0.3497743401137223,0.0050488737788972,0.48886890960833446,0.07690090135421035,0.0027506065531578507,6.275388208808025e-6,0.10126046853016737,0.0004093617797509514,4.79882049139695,3.4017967692770106
7.033442943707007e-6,0.34823111237081933,0.005048831838801736,0.48844850600934037,0.07690047899660275,0.002697685083760788,6.275332162118921e-6,0.10054707007992272,0.0004093581164986556,4.798103741545672,3.4017918208832914
7.112966793953174e-6,0.3466786868191794,0.0050487889422170746,0.48802415682156974,0.07690004693588726,0.0026454704792777716,6.275274837841003e-6,0.099830661176956,0.00040935436974369536,4.797380963125528,3.401786748576558
7.19338978318554e-6,0.3451170980721708,0.005048745073553379,0.4875958248791832,0.07689960515214585,0.0025939611130816396,6.275216213999481e-6,0.09911129059233531,0.0004093505380468662,4.796652102681737,3.401781572151304
7.274722077548173e-6,0.3435463829795119,0.005048700204675101,0.4871634727277514,0.07689915322698566,0.002543155169885761,6.275156254121178e-6,0.09838900853634967,0.0004093466190272589,4.795917106251694,3.401776266988687
7.35697395812894e-6,0.3419665806556775,0.005048654318805548,0.4867270626242784,0.07689869112419546,0.002493050648553695,6.275094934686106e-6,0.09766386666640209,0.00040934261114450245,4.795175919359892,3.401770852059354
7.440155822259162e-6,0.3403777325078555,0.005048607386980538,0.48628655653729974,0.07689821842129603,0.002443645365010328,6.275032218074003e-6,0.09693591809425284,0.00040933851194288807,4.794428487012779,3.4017653033190607
7.524278184827963e-6,0.33877988226342937,0.00504855939119686,0.4858419161470634,0.07689773506551631,0.0023949369552509724,6.2749680791654586e-6,0.09620521739258851,0.00040933431977732985,4.793674753693583,3.401759638931222
7.6093516796113444e-6,0.3371730759969589,0.005048510301609087,0.4853931028457909,0.0768972406296288,0.002346922878444755,6.2749024791241785e-6,0.0954718206008946,0.0004093300321128094,4.792914663357071,3.401753835398961
7.695387060616497e-6,0.335557362156623,0.005048460098945665,0.48494007773802517,0.07689673504401129,0.002299600420128331,6.274835391174123e-6,0.09473578523060293,0.0004093256471957993,4.792148159424274,3.4017479100941417
7.7823952034411e-6,0.3339327915901035,0.005048408752425417,0.48448280164106455,0.07689621787600863,0.002252966695486315,6.274766775191447e-6,0.09399717026949395,0.0004093211624072825,4.791375184777149,3.401741840040477
7.870387106648132e-6,0.3322994175698706,0.005048356241464184,0.48402123508548733,0.0768956890388284,0.0022070186527142774,6.274696602683123e-6,0.09325603618532469,0.00040931657588135574,4.790595681753199,3.4017356418330724
7.959373893156217e-6,0.33065729581784303,0.005048302534288497,0.483555338315769,0.0768951480936927,0.0021617530764604185,6.274624832163406e-6,0.09251244492866009,0.00040931188491013766,4.789809592140041,3.401729292989777
8.049366811645566e-6,0.32900648452939507,0.005048247608954853,0.4830850712909937,0.07689459493629035,0.002117166591341934,6.274551433358708e-6,0.09176645993488289,0.00040930708751119927,4.789016857169919,3.4017228093427705
8.140377237980012e-6,0.3273470443966705,0.005048191432638835,0.48261039368566455,0.0768940291210074,0.0020732556655318397,6.274476363344213e-6,0.09101814612535512,0.000409302180882742,4.788217417514163,3.4017161688780297
8.232416676644902e-6,0.3256790386311816,0.0050481339819883125,0.48213126489061386,0.07689345052563593,0.002030016614412288,6.274399589998738e-6,0.09026756990770916,0.0004092971629214413,4.787411213277618,3.4017093866777257
8.32549676220148e-6,0.3240025329856503,0.005048075223066958,0.4816476440140161,0.07689285869699408,0.0019874456042900538,6.2743210688781555e-6,0.08951479917524097,0.0004092920307263275,4.786598183992976,3.401702441170266
8.419629260757488e-6,0.3223175957750706,0.005048015131062077,0.4811594898825079,0.07689225349456852,0.0019455386561701633,6.274240765943185e-6,0.08875990330538304,0.0004092867820685792,4.785778268615122,3.4016953466998228
8.514826071454544e-6,0.32062429789694946,0.005047953670862129,0.48066676104241624,0.07689163445685719,0.0019042916495833225,6.274158635146941e-6,0.08800295315723165,0.00040928141394259293,4.784951405515349,3.4016880821118023
8.611099227972343e-6,0.31892271285069906,0.005047890816139156,0.4801694157610979,0.07689100142460038,0.0018637003264629442,6.274074640457866e-6,0.0872440210681031,0.0004092759239892145,4.784117532475593,3.401680661023494
8.708460900049709e-6,0.31721291675614716,0.00504782653054052,0.47966741202839464,0.07689035392720166,0.0018237602950676563,6.2739887341394525e-6,0.08648318084909806,0.00040927030909251806,4.7832765866825735,3.4016730626721348
8.806923395023066e-6,0.31549498837112927,0.005047760786165501,0.47916070755820483,0.07688969178618367,0.001784467033944845,6.273900878089984e-6,0.08572050777964603,0.0004092645667579309,4.782428504721876,3.40166529995843
8.906499159382101e-6,0.3137690091081336,0.005047693545351866,0.4786492597901764,0.07688901452105655,0.0017458158959312174,6.2738110227928605e-6,0.08495607860101029,0.0004092586937532915,4.781573222572022,3.4016573524864473
9.00720078034313e-6,0.31203506304996254,0.00504762477856558,0.47813302589152296,0.07688832193361926,0.0017078021121860083,6.273719127994415e-6,0.08418997150872798,0.00040925268744326315,4.780710675598438,3.401649232449646
9.109040987440288e-6,0.3102932369643763,0.005047554446763614,0.4776119627589664,0.07688761353266714,0.0016704207962526764,6.27362514230379e-6,0.08342226614396267,0.0004092465444732867,4.779840798547398,3.4016409197942683
9.212032654134538e-6,0.30854362031769167,0.005047482518714933,0.47708602702081043,0.07688688909973394,0.0016336669481449631,6.27352902322927e-6,0.08265304358374898,0.00040924026206164805,4.778963525539901,3.401632426014908
9.316188799441105e-6,0.30678630528729317,0.005047408953921573,0.4765551750391458,0.07688614813205236,0.0015975354584530442,6.273430717407791e-6,0.08188238633010493,0.0004092338367249793,4.778078790065507,3.4016237313753974
9.421522589575089e-6,0.3050213867730322,0.005047333719388617,0.4760193629121918,0.07688539039031365,0.0015620211124657839,6.2733301800193195e-6,0.08111037829799309,0.0004092272655292894,4.777186524976108,3.4016148466790503
9.52804733961582e-6,0.3032489624074757,0.005047256773086039,0.4754785464767792,0.0768846153593122,0.0015271185943049042,6.273227355626487e-6,0.08033710480210815,0.00040922054485572517,4.776286662479633,3.401605752482844
9.635776515190058e-6,0.3014691325649709,0.005047178080184694,0.4749326813109722,0.07688382277828279,0.0014928224910670833,6.273122196986088e-6,0.07956265254247159,0.0004092136716118294,4.775379134133725,3.4015964589055288
9.74472373417404e-6,0.2996820003694999,0.005047097597042155,0.47438172273684137,0.07688301211867617,0.0014591272969700498,6.273014646480074e-6,0.07878710958881473,0.0004092066420363022,4.774463870839344,3.401586946772802
9.854902768415029e-6,0.2978876717012817,0.005047015286921294,0.4738256258233807,0.07688218309761775,0.0014260274174986045,6.272904654342659e-6,0.07801056536372983,0.0004091994528717283,4.773540802834313,3.401577225524638
9.966327545472071e-6,0.29608625520209864,0.005046931104483583,0.4732643453895824,0.07688133517227935,0.0013935171735468843,6.272792160664267e-6,0.07723311062457364,0.00040919210020710846,4.772609859686825,3.401567276231226
1.0079012150376611e-5,0.29427786227930874,0.005046845011006458,0.4726978360076643,0.07688046803698392,0.0013615908055529108,6.27267711305221e-6,0.0764548374441043,0.0004091845806132565,4.771670970288878,3.4015571076586184
1.019297082741301e-5,0.29246260710851435,0.0050467569593680844,0.47212605200645985,0.07687958113365563,0.001330242477621768,6.272559449189784e-6,0.07567583918983659,0.0004091768900219174,4.770724062849656,3.401546701097218
1.0308217981919021e-5,0.29064060663485913,0.005046666908779142,0.47154894747496956,0.07687867413308117,0.001299466281633776,6.272439113948012e-6,0.07489621050210049,0.0004091690248249882,4.769769064888861,3.4015360646432007
1.0424768182106888e-5,0.28881198057291574,0.005046574810243702,0.47096647626608035,0.07687774646093377,0.0012692562413339913,6.272316042482645e-6,0.0741160472707882,0.0004091609807890791,4.768805903229988,3.4015251797828485
1.0542636160904737e-5,0.28697685140514134,0.005046480620820407,0.47037859200045484,0.07687679776368674,0.0012396063163996537,6.272190176813721e-6,0.07333544661077708,0.00040915275411968014,4.767834503993545,3.401514053945563
1.0661836817819108e-5,0.2851353443788641,0.005046384289544556,0.4697852480705958,0.07687582744972393,0.001210510406482045,6.272061449443825e-6,0.07255450683601578,0.00040914434041005275,4.766854792590197,3.4015026687892562
1.078238522081823e-5,0.2832875875017792,0.005046285771233276,0.4691863976450873,0.0768748351403818,0.00118196235521958,6.271929799421787e-6,0.07177332743226389,0.00040913573567142664,4.765866693713888,3.4014910310786703
1.0904296608236803e-5,0.2814337115359181,0.005046185012854469,0.4685819936730177,0.07687382022567867,0.0011539559542187653,6.271795156466115e-6,0.07099200902847448,0.00040912693531515096,4.764870131334867,3.4014791226189653
1.1027586390702313e-5,0.2795738499900679,0.005046081966889957,0.46797198888858865,0.076872782300946,0.001126484946999983,6.271657456528414e-6,0.07021065336681066,0.0004091179351499651,4.763865028692707,3.4014669495115184
1.1152270153082926e-5,0.27770813911061454,0.005045976578137319,0.4673563358159113,0.07687172073671851,0.0010995430329050731,6.27151662640646e-6,0.06942936327129157,0.00040910873039637233,4.762851308289206,3.4014544936841804
1.1278363656457696e-5,0.2758367178707779,0.005045868796644809,0.466734986773998,0.07687063510140585,0.001073123870963693,6.2713725988227355e-6,0.06864824261505845,0.0004090993166520015,4.761828891881289,3.4014417605752922
1.1405882840108774e-5,0.2739597279582215,0.005045758564932399,0.46610789388194834,0.07686952474489998,0.0010472210837157618,6.27122529751175e-6,0.06786739628626096,0.00040908968893718927,4.760797700473809,3.4014287322107926
1.1534843823536322e-5,0.27207731376100486,0.005045645830511784,0.46547500906433636,0.07686838920772233,0.0010218282609871512,6.271074651828665e-6,0.06708693015255678,0.00040907984262942784,4.759757654312322,3.401415413365388
1.1665262908496207e-5,0.2701896223518576,0.005045530533513411,0.464836284056802,0.07686722781791776,0.0009969389636160688,6.270920582296054e-6,0.06630695102422585,0.00040906977253916374,4.758708672875795,3.4014017861382153
1.179715658106055e-5,0.268296803470757,0.005045412618804496,0.46419167041185133,0.07686604008709957,0.0009725467271276485,6.2707630147569544e-6,0.06552756661590028,0.00040905947381429447,4.757650674869236,3.401387854638764
1.1930541513701858e-5,0.2663990095057778,0.005045292024009281,0.4635411195048682,0.07686482532021635,0.0009486450653542908,6.270601866366923e-6,0.06474888550690906,0.0004090489410452366,4.756583578216308,3.401373601014336
1.206543456740043e-5,0.2644963954722048,0.005045168691237437,0.46288458254034215,0.07686358299889924,0.0009252274739995602,6.2704370593053105e-6,0.06397101710024489,0.000409038169140387,4.755507300051857,3.4013590287066706
1.220185279377578e-5,0.26258911898988185,0.005045042555485278,0.4622220105583162,0.07686231240370178,0.0009022874341433998,6.2702685071988e-6,0.06319407158015637,0.00040902715245955254,4.754421756714384,3.401344119885927
1.2339813437242177e-5,0.26067734025877837,0.0050449135559865405,0.4615533544410584,0.07686101298514313,0.0008798184156866417,6.27009612840437e-6,0.06241815986837348,0.0004090158856612632,4.753326863738472,3.4013288773225328
1.2479333937188328e-5,0.25876122203276525,0.005044781624982552,0.46087856491996193,0.07685968399802964,0.0008578138807329175,6.269919832850969e-6,0.061643393578976996,0.00040900436286367013,4.752222535847162,3.4013132831838417
1.2620431930182045e-5,0.2568409295915732,0.0050446466987071805,0.4601975925826762,0.07685832486058135,0.0008362672869060535,6.269739534907088e-6,0.06086988497192051,0.00040899257846458656,4.751108686944239,3.4012973395645227
1.2763125252199472e-5,0.25491663071092957,0.005044508706514289,0.45951038788047427,0.07685693480045325,0.0008151720906013579,6.269555140627657e-6,0.060097746905221024,0.000408980526328984,4.749985230106504,3.401281028603168
1.2907431940879887e-5,0.25298849563085235,0.005044367581508051,0.4588169011358595,0.0768555132023153,0.0007945217501691042,6.26936656021892e-6,0.05932709278583066,0.0004089682005826012,4.74885207757596,3.4012643517130385
1.3053370237805653e-5,0.251056697022099,0.00504422325001656,0.45811708255041694,0.07685405926521026,0.0007743097290288332,6.269173695677801e-6,0.05855803651920934,0.0004089555948252016,4.7477091407519625,3.4012472909776528
1.3200958590808165e-5,0.24912140995075233,0.005044075641878526,0.45741088221291226,0.07685257233894574,0.0007545294987130249,6.26897645286645e-6,0.057790692457615284,0.0004089427028985714,4.746556330183289,3.4012298471223272
1.3350215656299907e-5,0.24718281184093957,0.005043924680251912,0.45669825010764065,0.07685105159243091,0.0007351745418389484,6.268774729531717e-6,0.05702517534713596,0.0004089295181247082,4.745393555560184,3.4012120021486685
1.350116030163258e-5,0.24524108243567996,0.005043770291567786,0.45597913612303503,0.07684949633923162,0.0007162383550075571,6.268568427001398e-6,0.056261600273483967,0.00040891603404900905,4.744220725706317,3.4011937560863945
1.3653811607482324e-5,0.24329640375584982,0.005043612395663439,0.4552534900605294,0.07684790571654103,0.000697714451628358,6.26835743857192e-6,0.055500082606581326,0.0004089022437026096,4.743037748570709,3.4011750908279335
1.3808188870261472e-5,0.24134896005726988,0.0050434509154134825,0.4545212616436906,0.07684627900023457,0.0006795963646694144,6.26814166083758e-6,0.054740737943962746,0.00040888814032150706,4.7418445312195985,3.4011560056986627
1.3964311604557878e-5,0.23939893778590676,0.00504328576717739,0.45378240052761415,0.07684461529414273,0.000661877649331619,6.267920982435227e-6,0.053983682053026276,0.00040887371663230105,4.740640979828246,3.4011364824541523
1.4122199545601784e-5,0.23744652553119225,0.005043116870117687,0.45303685630859225,0.07684291383492915,0.000644551885646562,6.2676952950174875e-6,0.05322903081216425,0.0004088589655479845,4.73942699967268,3.4011165197054614
1.4281872651760351e-5,0.23549191397746538,0.005042944136951936,0.45228457853405907,0.07684117369134569,0.0006276126809974472,6.267464482343232e-6,0.05247690015081084,0.0004088438794763432,4.738202495121409,3.4010960990429764
1.4443351107060767e-5,0.23353529585353416,0.005042767482967781,0.45152551671281277,0.07683939405925,0.0006110536725624968,6.2672284309056696e-6,0.051727405988440764,0.00040882845099313826,4.736967369627063,3.4010752183525015
1.4606655323741504e-5,0.23157686588037185,0.005042586817069649,0.4507596203255222,0.07683757397052714,0.0005948685296805391,6.2669870193577485e-6,0.05098066417256139,0.00040881267217244,4.735721525717984,3.4010538590302515
1.477180594483266e-5,0.2296168207169493,0.005042402050500037,0.44998683883551993,0.07683571257855645,0.0005790509561384514,6.266740128805611e-6,0.05023679041573791,0.0004087965352379,4.734464864989774,3.4010320182245937
1.4938823846765503e-5,0.22765535890421626,0.005042213088171475,0.44920712169988625,0.07683380887649408,0.0005635946923802807,6.266487632558319e-6,0.0494959002316964,0.0004087800319143178,4.733197288096764,3.4010096771080023
1.5107730142011248e-5,0.22569268080724494,0.005042019837103179,0.4484204183808272,0.07683186197348633,0.0005484935176379986,6.266229406096842e-6,0.04875810887055259,0.00040876315405767724,4.731918694743471,3.4009868320779644
1.5278546181750043e-5,0.22372898855554627,0.0050418221980292974,0.44762667835735054,0.0768298708220206,0.0005337412519838274,6.2659653171380216e-6,0.04802353125321223,0.00040874589302727167,4.730628983675973,3.400963464052948
1.5451293558569748e-5,0.22176448598158127,0.005041620073559516,0.4468258511372446,0.07682783448517155,0.0005193317583043124,6.2656952352887575e-6,0.04729228190499798,0.00040872824029515066,4.729328052673234,3.400939568664931
1.562599410919562e-5,0.21979937855747753,0.005041413360054827,0.4460178862693601,0.07682575187273492,0.0005052589441962552,6.2654190224143735e-6,0.04656447488855224,0.0004087101868381529,4.728015798538394,3.400915126547302
1.580266991725048e-5,0.21783387332998103,0.0050412019555206725,0.4452027333562035,0.0768236219997872,0.0004915167637848499,6.265136541987533e-6,0.04584022373607532,0.0004086917237273926,4.726692117090006,3.4008901325505807
1.5981343316046332e-5,0.21586817885365864,0.005040985751741689,0.4443803420668403,0.07682144373132566,0.0004780992194643194,6.264847649751437e-6,0.04511964138095457,0.0004086728415395634,4.725356903153198,3.4008645669912663
1.6162036891407594e-5,0.21390250512237755,0.00504076464191545,0.4435506621501147,0.07681921603240877,0.00046500036356152125,6.264552202772524e-6,0.04440284008884519,0.0004086535309270698,4.724010050550837,3.400838423921171
1.6344773484525918e-5,0.21193706349909483,0.005040538513038071,0.44271364344818914,0.07681693772103737,0.00045221429992304136,6.26425005038937e-6,0.04368993138826676,0.00040863378204799325,4.722651452094586,3.4008116833071274
1.6529576194847742e-5,0.20997206664397583,0.00504030725328648,0.4418692359104039,0.07681460771013879,0.00043973518542632817,6.263941042978037e-6,0.0429810260007771,0.0004086135851174573,4.721280999575956,3.4007843383836267
1.6716468382994062e-5,0.2080077284408838,0.005040070744646782,0.4410173896074636,0.07681222476842614,0.000427557231415576,6.263625023177525e-6,0.04227623377079361,0.0004085929298556542,4.719898583757302,3.4007563687342413
1.690547367371348e-5,0.20604426392226707,0.0050398288700528905,0.4401580547459517,0.07680978775448115,0.00041567470506304266,6.263301834376594e-6,0.04157566359512824,0.00040857180602102075,4.7185040943627525,3.400727766756153
1.709661595886869e-5,0.2040818891924808,0.005039581506249738,0.4392911816831747,0.07680729538534067,0.0004040819306566144,6.26297131220686e-6,0.04087942335230781,0.00040855020287573833,4.71709742006912,3.4006985116149773
1.728991940045636e-5,0.20212082134958942,0.0050393285306957495,0.4384167209423431,0.07680474646292257,0.0003927732908144901,6.262633292759439e-6,0.040187619831753583,0.00040852810970127694,4.7156784484967575,3.4006685948491118
1.74854084336617e-5,0.20016127840567324,0.005039069814653443,0.43753462322808606,0.076802139650096,0.0003817432276278545,6.262287604337342e-6,0.03950035866289215,0.0004085055152808091,4.714247066200369,3.400637995170605
1.7683107769947026e-5,0.19820347920570355,0.005038805229862858,0.4366448394423084,0.07679947368968881,0.00037098624373257206,6.261934075409857e-6,0.038817744244277086,0.0004084824083976513,4.712803158659767,3.4006067032360745
1.7883042400175606e-5,0.1962476433450132,0.0050385346418523064,0.4357473207003872,0.07679674718780478,0.0003604969033108756,6.261572526616095e-6,0.03813987967279705,0.00040845877733405124,4.711346610270616,3.4005746972672184
1.808523759777081e-5,0.19429399108541628,0.005038257916389657,0.43484201834771297,0.07679395882564219,0.0003502698330241466,6.261202778464868e-6,0.037466866673050866,0.0004084346103530391,4.709877304335113,3.4005419670143895
1.8289718921910658e-5,0.19234274327003142,0.005037974913006168,0.4339288839765792,0.07679110714982997,0.00034029972287792556,6.260824643581428e-6,0.03679880552697246,0.0004084098952130639,4.7083951230526235,3.400508490170969
1.8496512220758962e-5,0.19039412123684793,0.005037685491232459,0.4330078694434172,0.07678819077727968,0.00033058132702027846,6.260437934160433e-6,0.03613579500378516,0.0004083846196337539,4.706899947510306,3.400474255554905
1.8705643634732525e-5,0.18844834673110153,0.005037389504328437,0.4320789268863849,0.07678520819231917,0.0003211094644747763,6.2600424544480705e-6,0.03547793229037309,0.0004083587708258878,4.705391657673666,3.4004392402921058
1.891713959980573e-5,0.1865056418165033,0.005037086805310531,0.43114200874330505,0.07678215794479448,0.0003118790198092845,6.259638007955462e-6,0.034825312922151526,0.0004083323359415532,4.703870132377095,3.400403432240369
1.9131026850852075e-5,0.1845662287853897,0.005036777240881045,0.4301970677699588,0.07677903845378388,0.00030288494374189145,6.2592243901686086e-6,0.03417803071452568,0.000408305301618945,4.702335249314369,3.40036680791757
1.934733242502376e-5,0.18263033006784501,0.005036460657253,0.4292440570587346,0.07677584819916125,0.0002941222536852484,6.258801395529401e-6,0.03353617769502286,0.00040827765441740305,4.700786885029102,3.400329354191863
1.9566083665169528e-5,0.18069816813986164,0.00503613689427238,0.42828293005763207,0.07677258553167994,0.0002855860342306856,6.258368810365982e-6,0.03289984403618701,0.00040824938037654625,4.699224914905188,3.400291046931252
1.9787308223290788e-5,0.17876996543060414,0.005035805791046712,0.4273136405896268,0.07676924885820144,0.0002772714375734813,6.25792641964824e-6,0.03226911798932587,0.00040822046543664256,4.697649213157179,3.4002518719829573
2.0011034064037336e-5,0.17684594422883468,0.005035467180253989,0.4263361428723897,0.0767658364579472,0.0002691736838806475,6.257474000131582e-6,0.031644085819197317,0.00040819089501161696,4.696059652820672,3.400211804521756
2.0237289468242087e-5,0.17492632658857654,0.005035120893580832,0.4253503915383684,0.07676234666158693,0.00026128806160268306,6.257011326893419e-6,0.031024831739727938,0.0004081606543951859,4.694456105742623,3.400170829340805
2.0466103036496094e-5,0.17301133423407702,0.005034766756212044,0.4243563416552282,0.07675877767346462,0.0002536099277306994,6.256538166683568e-6,0.030411437850851843,0.0004081297283472886,4.6928384425716745,3.4001289208768077
2.0697503692764037e-5,0.17110118846414266,0.005034404592084012,0.4233539487466508,0.07675512774473518,0.00024613470800037183,6.256054284248068e-6,0.02980398407655998,0.0004080981014864037,4.691206532748419,3.4000860628338
2.0931520688040193e-5,0.16919611005592308,0.005034034218549031,0.4223431688134961,0.07675139500137458,0.00023885789704420693,6.255559435879552e-6,0.029202548104252428,0.00040806575788896886,4.689560244495667,3.4000422288639074
2.1168183604046298e-5,0.16729631916820872,0.0050336554514495155,0.4213239583553213,0.07674757761154967,0.00023177505849354693,6.255053375534641e-6,0.02860720532548022,0.00040803268146828893,4.687899444808678,3.3999974015450265
2.140752235697067e-5,0.16540203524432748,0.005033268099951251,0.420296274392261,0.07674367361922693,0.00022488182503184784,6.254535848577714e-6,0.028018028778169474,0.0004079988555865083,4.686223999445355,3.3999515536964977
2.1649567201249976e-5,0.163513476914709,0.005032871971443885,0.41926007448726543,0.07673968110595618,0.0002181738984006766,6.254006597698001e-6,0.027435089090414633,0.00040796426342052137,4.684533772916458,3.3999046667310036
2.189434873339377e-5,0.16163086189919754,0.005032466866537443,0.4182153167686957,0.07673559802989612,0.00021164704935993842,6.253465356840308e-6,0.02685845442592984,0.0004079288875860653,4.6828286284757485,3.3998567125850876
2.214189789585187e-5,0.15975440690919618,0.005032052583794312,0.4171619599532775,0.07673142238218576,0.0002052971176038301,6.252911856927668e-6,0.026288190431246826,0.0004078927104910226,4.681108428110157,3.39980767146498
2.2392245980926063e-5,0.15788432754971476,0.005031628914883635,0.4160999633694073,0.07672715203121513,0.0001991200116339948,6.25234581997299e-6,0.025724360184743226,0.00040785571397123873,4.679373032529913,3.3997575143725847
2.2645424634725407e-5,0.15602083822141244,0.005031195649149774,0.41502928698081476,0.0767227848737494,0.00019311170859139077,6.251766964612747e-6,0.025167024147589024,0.00040781787963157503,4.677622301158669,3.3997062202641755
2.2901465861166866e-5,0.1541641520227074,0.0050307525689193226,0.4139498914105729,0.07671831868427785,0.0001872682540483344,6.2511750003936665e-6,0.024616240116691956,0.00040777918849306365,4.6758560921236105,3.3996537591531824
2.3160402026020613e-5,0.15231448065204753,0.005030299453910897,0.4128617379654611,0.07671375126105202,0.00018158576176222313,6.250569633122901e-6,0.024072063179726145,0.0004077396213220706,4.67407426224555,3.3996001087001595
2.3422265861001447e-5,0.15047203431041659,0.005029836076689726,0.41176478866067023,0.07670908028035063,0.0001760604133923888,6.249950559323959e-6,0.02353454567232186,0.00040769915828840704,4.672276667029026,3.3995452378741353
2.3687090467906484e-5,0.14863702160416523,0.005029362206923335,0.4106590062448535,0.07670430343758813,0.0001706884581815495,6.2493174714085655e-6,0.023003737137495237,0.0004076577792829456,4.670463160652382,3.3994891229917323
2.395490932279921e-5,0.14680964944825453,0.005028877606978848,0.409544354225517,0.07669941830633732,0.00016546621260331962,6.248670052296282e-6,0.022479684287394185,0.0004076154635863188,4.668633595957848,3.3994317319195124
2.4225756280241475e-5,0.14499012296999034,0.005028382036029113,0.40842079689474475,0.07669442247466078,0.0001603900599771934,6.248007980413135e-6,0.021962430967431952,0.00040757219017532794,4.666787824441615,3.3993730395794755
2.44996655775727e-5,0.14317864541334327,0.005027875245787816,0.40728829935525723,0.07668931340873715,0.0001554564500524512,6.24733092446941e-6,0.02145201812288103,0.00040752793740186265,4.664925696243916,3.399313012675311
2.4776671839237903e-5,0.14137541804393358,0.005027356984470526,0.4061468275467976,0.07668408858456376,0.00015066189856237188,6.246638548290044e-6,0.02094848376799346,0.00040748268328843215,4.663047060139099,3.399251624681149
2.5056810081164626e-5,0.13958064005476975,0.005026826992662847,0.4049963482728397,0.07667874535603558,0.00014600298675015037,6.245930505745151e-6,0.02045186295771289,0.00040743640521694963,4.661151763525713,3.399188841075006
2.5340115715188958e-5,0.13779450847283042,0.0050262850071406935,0.40383682922761505,0.07667328108216323,0.00014147636086789942,6.245206445417045e-6,0.019962187762040836,0.00040738908021370175,4.6592396524165975,3.399124633827136
2.5626624553532238e-5,0.13601721806656902,0.005025730756866941,0.40266823902345167,0.07666769299946094,0.00013707873165006782,6.2444660056783585e-6,0.019479487243113477,0.00040734068464766307,4.657310571428973,3.3990589671246494
2.591637281332771e-5,0.13424896125443478,0.00502516396667495,0.40149054721841926,0.07666197834481546,0.00013280687376262648,6.24370881920013e-6,0.019003787435045813,0.00040729119450519906,4.65536436377455,3.39899181137509
2.6209397121198806e-5,0.13248992801448917,0.005024584353389411,0.40030372434427497,0.07665613423204526,0.00012865762522931812,6.24293450817268e-6,0.01853511132659238,0.00040724058509758503,4.653400871249658,3.3989231294067714
2.65057345178892e-5,0.13074030579520624,0.005023991629376956,0.39910774193470083,0.07665015777055242,0.00012462788683625668,6.242142688659059e-6,0.018073478846672285,0.0004071888313257287,4.651419934225363,3.3988528900028
2.6805422462944742e-5,0.12900027942754302,0.005023385498786968,0.3979025725538305,0.07664404594591775,0.00012071462151615545,6.241332965953855e-6,0.01761890685280243,0.00040713590739657746,4.649421391637643,3.398781054562028
2.710849883944905e-5,0.1272700310383577,0.005022765660973167,0.39668818982505055,0.07663779573446572,0.00011691485371339887,6.24050493878635e-6,0.017171409122475657,0.00040708178707814826,4.647405080977549,3.398707590178356
2.7415001958811884e-5,0.12554973996526697,0.00502213180685009,0.3954645684600765,0.07663140398776229,0.00011322566873119438,6.239658194812394e-6,0.016730996347520906,0.00040702644342449873,4.645370838281398,3.398632456747662
2.7724970565612235e-5,0.12383958267301604,0.0050214836221894425,0.39423168428828803,0.07662486754321919,0.00010964421206197884,6.238792314671532e-6,0.01629767613147321,0.00040696984902134533,4.64331849812101,3.398555619606688
2.8038443842496042e-5,0.12213973267144766,0.005020820784088148,0.3929895142863178,0.07661818311236578,0.00010616768870224339,6.237906867607237e-6,0.015871452989979752,0.0004069119757192925,4.641247893593947,3.398477037071796
2.8355461415128926e-5,0.12045036043514876,0.005020142964143034,0.3917380366078864,0.07661134738761441,0.00010279336245292296,6.237001415382042e-6,0.015452328354263262,0.000406852794870303,4.639158856313803,3.3983966726513417
2.8676063357205564e-5,0.11877163332485063,0.005019449825026577,0.3904772306138676,0.07660435693418235,9.951855520644205e-5,6.2360755080217e-6,0.01504030057765689,0.00040679227706889165,4.637051216400519,3.3983144830024994
2.9000290195514964e-5,0.11710371551066308,0.005018741023543306,0.38920707690258066,0.07659720829313463,9.634064622151399e-5,6.235128687592099e-6,0.014635364945223375,0.00040673039237969894,4.63492480247073,3.3982304297305523
2.9328182915063783e-5,0.11544676789721318,0.005018016207309436,0.38792755734029266,0.07658989787683702,9.325707138673285e-5,6.234160484063051e-6,0.014237513686461914,0.00040666711008636617,4.632779441628166,3.398144467750545
2.965978296425683e-5,0.11380094805076783,0.005017275017694299,0.3866386550919249,0.07658242206838851,9.026532247399678e-5,6.233170418950689e-6,0.013846735991105696,0.0004066023989104543,4.630614959454084,3.3980565566864303
2.999513226013665e-5,0.11216641012840578,0.005016517086600224,0.3853403546519468,0.07657477712048945,8.736294638274619e-5,6.232158001296684e-6,0.013463018028003489,0.0004065362267677261,4.628431179997742,3.3979666496247174
3.0334273193682335e-5,0.11054330480931239,0.005015742039292109,0.3840326418754476,0.07656695925137305,8.454754437599251e-5,6.23112273117966e-6,0.013086342967076118,0.0004064685609786428,4.626227925766943,3.3978747041260964
3.067724863516774e-5,0.10893177922826573,0.005014949491273973,0.3827155040093741,0.07655896454697536,8.181677130907925e-5,6.230064095805787e-6,0.012716691004333114,0.00040639936803178435,4.624005017718603,3.397780671358518
3.102410193958109e-5,0.10733197691137454,0.005014139051009842,0.3813889297239171,0.07655078905347287,7.916833485207653e-5,6.228981572892685e-6,0.012354039389927407,0.0004063286137861571,4.621762275249391,3.3976845067336092
3.1374876952105004e-5,0.10574403771413782,0.005013310316893363,0.38005290914403683,0.07654242868264323,7.659999470670271e-5,6.227874626867328e-6,0.011998362459223628,0.0004062562632414812,4.619499516186422,3.3975861594070205
3.1729618013659095e-5,0.10416809776188135,0.005012462879863068,0.37870743388111106,0.07653387930111258,7.410956181861849e-5,6.22674271212591e-6,0.011649631666847205,0.0004061822807325365,4.617216556778017,3.397485582551473
3.208836996650517e-5,0.10260428939263183,0.005011596320461572,0.377352497064689,0.07652513663879984,7.169489758591973e-5,6.225585269335016e-6,0.011307815623677896,0.0004061066297060568,4.614913211684504,3.397382723212646
3.24511781599153e-5,0.10105274110248617,0.0050107102113481706,0.3759880933743408,0.0765161963749734,6.935391306463198e-5,6.224401728570799e-6,0.010972880136745966,0.0004060292729073299,4.612589293969131,3.397277532230335
3.28180884559048e-5,0.09951357749352414,0.005009804114444313,0.37461421907158027,0.07650705404967607,6.708456817196278e-5,6.223191505719663e-6,0.01064478825198199,0.00040595017216345176,4.610244615089008,3.3971699544385077
3.318914723502917e-5,0.09798691922432133,0.005008877583346267,0.3732308720318497,0.07649770514668636,6.4884870888066e-5,6.221954005499763e-6,0.010323500299768973,0.0004058692885623816,4.607878984886134,3.397059938245638
3.356440140224716e-5,0.09647288296310404,0.005007930160553727,0.3718380517765449,0.07648814500782476,6.275287645701758e-5,6.220688617957667e-6,0.010008973943237085,0.0004057865822423225,4.60549221157852,3.3969474261679737
3.394389839285014e-5,0.09497158134359282,0.005006961379785137,0.3704357595050663,0.07647836891291132,6.068668658769393e-5,6.2193947213750585e-6,0.009701164229238224,0.0004057020125634203,4.603084101751374,3.396832364079758
3.4327686178457884e-5,0.0934831229235799,0.005005970763286393,0.36902399812687736,0.0764683719968569,5.8684448655211353e-5,6.218071678857881e-6,0.009400023641932246,0.00040561553790304113,4.600654460348381,3.3967146920690428
3.471581327308308e-5,0.0920076121462714,0.005004957824051447,0.3676027722935479,0.07645814932670728,5.6744354903549966e-5,6.216718841131253e-6,0.009105502158910168,0.0004055271158203134,4.598203090663059,3.3965943533682363
3.510832873926345e-5,0.09054514930443851,0.005003922063207966,0.3661720884307689,0.07644769582142387,5.4864641649973885e-5,6.215335543217466e-6,0.008817547309777343,0.0004054367028570627,4.595729794330225,3.396471285522063
3.55052821942641e-5,0.0890958305074018,0.0050028629721458155,0.3647319547703131,0.07643700632610213,5.3043588491815426e-5,6.213921107122012e-6,0.00853610423711193,0.0004053442546953878,4.593234371317541,3.396345429008592
3.590672381634917e-5,0.08765974765088513,0.005001780029976706,0.3632823813819251,0.07642607553434964,5.127951751618446e-5,6.21247483859709e-6,0.008261115759712322,0.0004052497259640325,4.590716619917174,3.39621671870925
3.631270435112499e-5,0.08623698838975855,0.005000672705572997,0.3618233802051168,0.0764148980597637,4.957079251312006e-5,6.2109960297214885e-6,0.007992522438040061,0.0004051530703891766,4.58817633673754,3.3960850922301615
3.67232751179549e-5,0.08482763611369593,0.004999540455098417,0.3603549650808484,0.07640346836081664,4.791581819268853e-5,6.209483955746241e-6,0.007730262641762283,0.0004050542406060254,4.585613316695174,3.395950481664446
3.7138488016446037e-5,0.08343176992576772,0.004998382723959589,0.35887715178307317,0.07639178080967508,4.631303940650658e-5,6.2079378775710895e-6,0.007474272619293414,0.0004049531883029924,4.583027353006696,3.3958128216233647
3.7558395533010365e-5,0.08204946462397926,0.004997198944405059,0.35738995805011975,0.07637982961950608,4.4760940374134056e-5,6.206357038669125e-6,0.0072244865692305486,0.00040484986403830156,4.580418237180905,3.3956720412814816
3.7983050747498996e-5,0.08068079068577302,0.004995988537391765,0.355893403615895,0.07636760891071578,4.3258043914772783e-5,6.204740667462339e-6,0.006980836713575639,0.00040474421737772315,4.5777857590109745,3.395528072126741
3.8412507339912076e-5,0.07932581425549896,0.004994750910249734,0.3543875102408766,0.07635511264059455,4.1802910684669755e-5,6.203087974322264e-6,0.006743253372631728,0.0004046361967159941,4.5751297065667895,3.3953808402794476
3.884681959718461e-5,0.07798459713485938,0.004993485458465644,0.3528723017428742,0.07634233466704932,4.039413842060946e-5,6.201398153846978e-6,0.006511665041458777,0.00040452574940826513,4.572449866187394,3.3952302739700637
3.9286042420048326e-5,0.07665719677633301,0.004992191563410592,0.3513478040275377,0.07632926868050677,3.903036118985809e-5,6.1996703819348314e-6,0.006285998467771704,0.00040441282159614386,4.569746022473568,3.395076296123164
3.973023132997214e-5,0.07534366627957048,0.00499086859404291,0.34981404511857833,0.07631590826521456,3.771024864689149e-5,6.197903817965377e-6,0.006066178731158976,0.0004042973583330177,4.567017958280552,3.3949188315716397
4.017944247618001e-5,0.0740440543907634,0.004989515904696448,0.34827105518768725,0.0763022468333222,3.643250529723243e-5,6.196097601943191e-6,0.0058521293234998824,0.00040417930341452355,4.564265454710895,3.3947577998969516
4.063373264274894e-5,0.07275840550497226,0.004988132836704761,0.3467188665841162,0.07628827768382339,3.519586976868717e-5,6.1942508565851725e-6,0.0056437722304544455,0.00040405859949790683,4.561488291107463,3.3945931223881356
4.109315925578715e-5,0.07148675967140317,0.004986718716247347,0.3451575138638973,0.07627399393873713,3.399911409026126e-5,6.192362684531584e-6,0.005441028013899052,0.00040393518793672853,4.558686245046558,3.3944247151299702
4.1557780390692696e-5,0.07022915260162096,0.00498527285589729,0.343587033818676,0.07625938859976086,3.284104297901409e-5,6.190432170342054e-6,0.005243815895179594,0.0004038090088944129,4.555859092331228,3.394252495714891
4.202765477949534e-5,0.06898561568067312,0.004983794552523124,0.3420074655041254,0.07624445448647821,3.1720493135084445e-5,6.188458377771165e-6,0.0050520538390510066,0.00040368000118302016,4.553006606984702,3.39407637657104
4.2502841818280097e-5,0.06775617598110989,0.0049822830887618075,0.3404188502679161,0.07622918429078866,3.063633254511608e-5,6.186440351675367e-6,0.004865658638173462,0.0004035481023711229,4.550128561243998,3.393896271434834
4.298340157469607e-5,0.06654085627986733,0.004980737730973958,0.3388212317772114,0.07621357051707045,2.9587459794276275e-5,6.184377115350516e-6,0.004684545998032097,0.00040341324862647735,4.547224725553676,3.393712088911106
4.346939479554893e-5,0.06533967507799182,0.0049791577306440415,0.3372146560456612,0.0761976055344515,2.8572803387061602e-5,6.182267672351849e-6,0.004508630622149307,0.0004032753748183699,4.544294868559776,3.393523738713917
4.396088291448009e-5,0.06415264662316723,0.004977542322386833,0.33559917145985985,0.07618128151885825,2.7591321077052346e-5,6.180111003891094e-6,0.004337826297456456,0.00040313441436402804,4.541338757103914,3.3933311254512053
4.445792805973265e-5,0.0629797809350136,0.004975890725276588,0.33397482880524254,0.07616459050318923,2.6641999205772195e-5,6.177906070571477e-6,0.004172045979693341,0.0004029902993255698,4.538356156217555,3.3931341546411145
4.496059306200437e-5,0.06182108383311855,0.004974202140902644,0.3323416812913886,0.07614752432118292,2.5723852050789866e-5,6.175651809842121e-6,0.004011201878704131,0.0004028429602600025,4.5353468291164525,3.3929327267138483
4.546894146239066e-5,0.06067655696775685,0.004972475754629443,0.3306997845766979,0.07613007465555552,2.4835921183181576e-5,6.17334713765023e-6,0.0038552055434984108,0.0004026923263109149,4.532310537195292,3.3927267428106505
4.598303752041614e-5,0.05954619785325828,0.004970710733699128,0.32904919679241423,0.0761122329836208,2.397727483446652e-5,6.170990945950315e-6,0.0037039679469487515,0.00040253832506190597,4.529247040022501,3.392516098995654
4.650294622215782e-5,0.058429999903972546,0.004968906228424305,0.32738997856595936,0.07609399062345232,2.314700727310458e-5,6.168582104275813e-6,0.0035573995699959855,0.0004023808826231658,4.52615609533525,3.392300691844458
4.702873328846014e-5,0.05732795247278225,0.004967061370335604,0.3257221930435473,0.07607533868119065,2.2344238190638503e-5,6.166119457300842e-6,0.0034154104852362824,0.0004022199234881824,4.523037459034656,3.392080412859009
4.756046518324207e-5,0.05624004089211342,0.0049651752733089315,0.32404590591205085,0.07605626809528739,2.1568112097548414e-5,6.1636018263333145e-6,0.003277910439766067,0.0004020553706153473,4.519890885181174,3.391855153852467
4.8098209121899335e-5,0.05516624651738304,0.004963247031756191,0.32236118542007847,0.07603676958543941,2.0817797728871083e-5,6.161028006927218e-6,0.0031448089371622872,0.00040188714528781116,4.516716125990193,3.3916248015604236
4.864203307980051e-5,0.05410654677283114,0.004961275721688676,0.3206681023982415,0.0760168336949686,2.0092487459629878e-5,6.158396770299158e-6,0.0030160153184796965,0.00040171516719023954,4.51351293182783,3.3913892428284624
4.919200580087981e-5,0.05306091519967286,0.004959260398949256,0.31896673027856703,0.0759964507413249,1.939139673010498e-5,6.155706860989317e-6,0.002891438842148211,0.00040153935427169495,4.510281051206954,3.391148359413281
4.974819680632727e-5,0.05202932150650865,0.004957200100213527,0.3172571451130301,0.07597561085665447,1.8713763480964687e-5,6.152956998203347e-6,0.002770988762657637,0.00040135962281766886,4.507020230783379,3.3909020329791155
5.031067640337615e-5,0.051011731621929714,0.004955093841261813,0.31553942559117315,0.07595430393981464,1.805884759827052e-5,6.150145873520201e-6,0.0026545744079203284,0.000401175887315875,4.503730215352321,3.39065014008253
5.087951569419107e-5,0.05000810774924757,0.004952940617919821,0.31381365305677195,0.07593251969518339,1.7425930368353057e-5,6.1472721521614735e-6,0.002542105255205484,0.00040098806052369176,4.500410747845046,3.390392556983733
5.145478658485521e-5,0.04901840842328305,0.004950739404368792,0.3120799115235261,0.07591024758612952,1.6814313942553024e-5,6.144334470744297e-6,0.0024334910055436873,0.0004007960533367499,4.497061569325739,3.390129154808887
5.2036561794460576e-5,0.048042588569138976,0.004948489154027405,0.3103382876897285,0.07588747687211528,1.6223320811806984e-5,6.141331438480226e-6,0.0023286416565034603,0.0004005997748519213,4.493682418988607,3.3898598041822514
5.262491486429966e-5,0.04708059956288852,0.004946188797898557,0.3085888709518896,0.07586419656356767,1.565229329105311e-5,6.138261634971588e-6,0.0022274675732469654,0.00040039913223859736,4.4902730341552175,3.389584370560006
5.321992016716198e-5,0.046132389294100705,0.004943837245394251,0.3068317534172806,0.0758403954573244,1.5100593013421328e-5,6.135123611342012e-6,0.0021298795577757144,0.00040019403079736204,4.486833150272053,3.389302718688952
5.382165291673566e-5,0.04519790223012885,0.004941433382717569,0.30506702991535817,0.07581606209285387,1.4567600434165498e-5,6.131915888074732e-6,0.002035788916282461,0.00039998437383385936,4.483362500908315,3.3890147081060724
5.443018917711444e-5,0.044277079482086285,0.004938976073632271,0.3032947980080449,0.07579118478609297,1.405271434428947e-5,6.128636956076897e-6,0.0019451075245303844,0.00039977006271329325,4.479860817753956,3.3887201974292678
5.504560587241361e-5,0.04336985887242589,0.00493646415787873,0.30151515799882544,0.07576575158696727,1.3555351393808538e-5,6.125285274558557e-6,0.0018577478911852366,0.000399550996736802,4.476327830617956,3.388419040017141
5.5667980796493054e-5,0.04247617500405019,0.0049338964518899145,0.2997282129406321,0.07573975031166656,1.3074945624585442e-5,6.121859272032826e-6,0.001773623219032207,0.0003993270731919179,4.4727632674268545,3.3881110880970344
5.629739262279182e-5,0.04159595933086451,0.00493127174724016,0.2979340686424792,0.07571316850141796,1.2610948012670049e-5,6.1183573442344596e-6,0.0016926474640136828,0.000399098187231379,4.4691668542235075,3.3877961885796544
5.693392091427249e-5,0.04072914022969741,0.0049285888113092405,0.29613283367482346,0.07568599345324524,1.2162826020070027e-5,6.114777855058036e-6,0.0016147353920303914,0.00039886423191968893,4.465538315166125,3.387474187029538
5.757764613347882e-5,0.03987564307350184,0.00492584638576304,0.29432461937361065,0.07565821217994993,1.1730063155870553e-5,6.1111191345152205e-6,0.0015398026334532669,0.00039862509811430824,4.461877372527511,3.3871449236293447
5.822864965270725e-5,0.039035390305755466,0.004923043187167407,0.292509539842979,0.07562981143939863,1.1312158546618987e-5,6.107379479613116e-6,0.001467765735299372,0.00039838067450845527,4.458183746694627,3.3868082369976498
5.8887013764292285e-5,0.03820830151597836,0.004920177905499851,0.2906877119565923,0.07560077769566886,1.0908626515885292e-5,6.103557152349478e-6,0.0013985422110309247,0.0003981308475146276,4.45445715616835,3.3864639602978617
5.955282169100982e-5,0.037394293516279986,0.004917249204715082,0.28885925535756385,0.07557109714690922,1.0518996172902245e-5,6.099650380533658e-6,0.0013320505879416572,0.0003978755013038019,4.45069731756351,3.3861119249082123
6.02261575965964e-5,0.036593280418856504,0.004914255721286877,0.2870242924569495,0.07554075568760767,1.0142811010189668e-5,6.095657355819013e-6,0.0012682104521012333,0.00039761451769123934,4.446903945609214,3.3857519566703007
6.090710659638864e-5,0.035805173714349596,0.0049111960647272995,0.2851829484307737,0.07550973893506924,9.77962851005892e-6,6.091576234469026e-6,0.00120694249083334,0.00039734777617225124,4.443076753149391,3.38538387941602
6.159575476808273e-5,0.0350298823509854,0.004908068816158027,0.28333535121556164,0.07547803219276561,9.429019759893265e-6,6.087405135426411e-6,0.0011481685327093146,0.00039707515381025494,4.439215451143622,3.3850075113509086
6.229218916261474e-5,0.03426731281440909,0.004904872528785256,0.2814816315023505,0.07544562047547487,9.090569076095816e-6,6.083142141026998e-6,0.0010918115850446705,0.0003967965252692759,4.435319748668242,3.3846226684425353
6.299649781516532e-5,0.03351736920812983,0.004901605726500104,0.2796219227291484,0.07541248847367497,8.76387363659312e-6,6.078785295105399e-6,0.0010377958688912105,0.00039651176270424666,4.43138935291769,3.3842291609340895
6.370876975628749e-5,0.03277995333449508,0.00489826690431115,0.2777563610718184,0.07537862057738724,8.44854312178113e-6,6.0743326036592765e-6,0.0009860468515233973,0.00039622073579041435,4.42742396920614,3.383826796598539
6.442909502316105e-5,0.03205496477610908,0.004894854526973712,0.27588508543335705,0.07534400084158001,8.144199363797044e-6,6.069782032991702e-6,0.000936491276422643,0.00039592331161589136,4.423423300969397,3.383415377378025
6.515756467097446e-5,0.031342300977614354,0.0048913670293821016,0.27400823743154284,0.07530861300875652,7.850476003998256e-6,6.065131510328554e-6,0.0008890571907687304,0.00039561935470814946,4.419387049767046,3.3829947025079745
6.589427078443413e-5,0.03064185732775535,0.004887802815227694,0.27212596138493533,0.07527244047533661,7.567018158529316e-6,6.060378921997913e-6,0.0008436739704528454,0.0003953087269288451,4.415314915284914,3.3825645652780043
6.663930648940566e-5,0.029953527241641395,0.004884160257353229,0.2702384042971909,0.0752354663130321,7.293482091853512e-6,6.055522114003672e-6,0.0008002723426314547,0.0003949912874975992,4.411206595337738,3.3821247560301013
6.739276596468478e-5,0.029277202243132107,0.004880437696439683,0.2683457158396846,0.07519767323617438,7.0295348981272595e-6,6.050558890242419e-6,0.0007587844058456278,0.00039466689288912923,4.407061785872154,3.3816750590367706
6.81547444539033e-5,0.028612772047263355,0.004876633441325031,0.26644804833240493,0.07515904362192045,6.774854190291435e-6,6.045487013036555e-6,0.0007191436477346944,0.00039433539685452916,4.4028801809699365,3.381215255377311
6.892533827756793e-5,0.027960124642639417,0.004872745767720217,0.2645455567231124,0.07511955947849769,6.52912779675525e-6,6.04030420138946e-6,0.000681284960378165,0.0003939966503207604,4.3986614728514875,3.3807451199290948
6.970464484523618e-5,0.027319146373712543,0.004868772918494959,0.26263839856473203,0.07507920246428372,6.2920534655453845e-6,6.035008131481624e-6,0.0006451446533038545,0.00039365050140966157,4.3944053518796276,3.380264424125819
7.049276266783038e-5,0.026689722022875825,0.004864713102423262,0.26072673399096863,0.07503795385694134,6.063338575793534e-6,6.029596434965149e-6,0.0006106604642045882,0.00039329679533986743,4.390111506563624,3.379772933057925
7.12897913700892e-5,0.026071734892297152,0.004860564494439003,0.25881072569012786,0.07499579457141566,5.842699856435456e-6,6.024066699426634e-6,0.0005777715674098885,0.0003929353744437919,4.385779623563493,3.3792704081165668
7.20958317031622e-5,0.025465066885419364,0.004856325234411787,0.2568905388771211,0.07495270512993689,5.629863111992339e-6,6.018416466722547e-6,0.0005464185801625628,0.00039256607807207713,4.381409387694563,3.378756604199396
7.291098555734464e-5,0.02486959858805968,0.0048519934273751255,0.2549663412636504,0.07490866567897622,5.424562955307866e-6,6.012643233412693e-6,0.000516543566754059,0.0003921887426087993,4.377000481932304,3.378231272243766
7.373535597495777e-5,0.024285209349036607,0.004847567142333722,0.2530383030265511,0.0748636559600976,5.226542547111673e-6,6.006744449138395e-6,0.000488090040575425,0.0003918032013785752,4.372552587417397,3.3776941565342558
7.456904716337451e-5,0.023711777360259,0.00484304441246725,0.25110659677428515,0.07481765532591536,5.035553342281886e-6,6.000717517030727e-6,0.0004610029641440422,0.00039140928466026254,4.368065383461075,3.377144997128558
7.54121645081913e-5,0.02314917973621247,0.004838423233970407,0.2491713975115785,0.07477064271177736,4.8513548426789945e-6,5.9945597921337355e-6,0.00043522874716910785,0.00039100681959687404,4.3635385475507045,3.3765835272631657
7.626481458655079e-5,0.022597292592777925,0.004833701566235634,0.24723288260218731,0.07472259665077041,4.673714356423136e-6,5.988268581792054e-6,0.00041071524272133085,0.00039059563020807137,4.358971755355626,3.376009475675367
7.712710518061312e-5,0.022055991125323374,0.004828877330727444,0.2452912317297929,0.07467349524621872,4.502406763488646e-6,5.981841144121719e-6,0.0003874117415748882,0.00039017553730305294,4.354364680733219,3.3754225641035758
7.79991452911809e-5,0.02152514968600771,0.004823948411147739,0.2433466268570178,0.07462331618578448,4.337214287489049e-6,5.9752746883822065e-6,0.0003652689647915869,0.0003897463584921729,4.349716995735217,3.374822509508762
7.88810451514783e-5,0.02100464186023957,0.004818912652346206,0.24139925218255823,0.07457203671476854,4.17792627352682e-6,5.96856637349775e-6,0.00034423905461916903,0.000389307908102994,4.345028370614271,3.374209021666009
7.977291624108441e-5,0.020494340542237553,0.00481376786047212,0.2394492940964374,0.07451963364935493,4.024338971983786e-6,5.961713308419216e-6,0.0003242755637773243,0.00038885999719138337,4.340298473830704,3.3735818052886213
8.067487130002636e-5,0.01999411800963579,0.004808511801923105,0.23749694113337175,0.07446608335070572,3.876255328127271e-6,5.954712550699503e-6,0.0003053334432061969,0.00038840243346096687,4.3355269720595295,3.372940557707661
8.158702434302947e-5,0.01950384599708737,0.0048031422034874325,0.23554238392426177,0.07441136173739701,3.7334847774099945e-6,5.9475611068508825e-6,0.00028736902835350167,0.00038793502127406905,4.3307135301976585,3.3722849709017653
8.250949067393084e-5,0.019023395768813504,0.004797656751333832,0.23358581514580187,0.07435544426030483,3.5958430463408922e-6,5.940255930978606e-6,0.00027034002407700725,0.0003874575615748372,4.325857811371335,3.3716147292615912
8.344238690025366e-5,0.018552638190054926,0.004792053091148718,0.23162742946822534,0.07429830591428294,3.4631519588070447e-6,5.932793925139874e-6,0.0002542054882400032,0.00038696985190043076,4.320959476943757,3.3709295115282907
8.438583094794791e-5,0.01809144379737891,0.004786328827170051,0.22966742350118424,0.07423992121383895,3.335239247726261e-6,5.925171938040264e-6,0.00023892581407756103,0.00038647168630811764,4.31601818652291,3.3702289886398695
8.533994207629754e-5,0.017639682867801165,0.004780481522324262,0.227705995737778,0.07418026420410638,3.211938371912471e-6,5.917386765400963e-6,0.00022446271141169383,0.00038596285538714436,4.311033597969576,3.369512825581198
8.630484089299486e-5,0.01719722548668282,0.004774508697307604,0.2257433464967453,0.07411930843731455,3.0930883380369636e-6,5.909435148723199e-6,0.0002107791867934415,0.0003854431461901464,4.306005367405533,3.368780679309365
8.728064936938757e-5,0.01676394161436415,0.004768407830727975,0.2237796778628262,0.07405702698311085,2.978533527569421e-6,5.901313775671049e-6,0.00019783952264954333,0.00038491234224617476,4.3009331492219145,3.3680322005180816
8.826749085589593e-5,0.016339701151501358,0.004762176358237565,0.2218151936253203,0.07399339240583025,2.868123528585024e-6,5.893019278909505e-6,0.00018560925551100931,0.00038437022349679126,4.2958165960877235,3.367267031639156
8.926549009760563e-5,0.01592437400307198,0.0047558116726852465,0.21985009921485021,0.07392837677422755,2.761712972324451e-6,5.884548236510793e-6,0.00017405515340007774,0.0003838165663107701,4.290655358958523,3.366484808524103
9.02747732500373e-5,0.01551783014101906,0.004749311123304744,0.21788460163835616,0.07386195163955643,2.6591613743957255e-6,5.8758971708723826e-6,0.00016314519245125056,0.00038325114342528915,4.285449087085227,3.3656851585189385
9.129546789509227e-5,0.015119939665506607,0.004742672015883699,0.21591890941234607,0.0737940880447737,2.5603329805082707e-6,5.867062549155309e-6,0.00015284853284101114,0.0003826737239628633,4.280197428023064,3.3648677020657063
9.232770305718156e-5,0.014730572864758212,0.00473589161201223,0.2139532324944175,0.07372475650344493,2.4650966166307307e-6,5.85804078228928e-6,0.00014313549409953455,0.00038208407337810127,4.274900027640605,3.3640320508480213
9.337160921953426e-5,0.014349600273457472,0.0047289671292750825,0.21198778221309086,0.07365392700848378,2.373325543466393e-6,5.848828225451983e-6,0.00013397752987638875,0.0003814819534774552,4.269556530128942,3.3631778093150246
9.44273183406924e-5,0.013976892729686767,0.00472189574056607,0.2100227711959715,0.07358156901190675,2.284897315140989e-6,5.839421177169245e-6,0.00012534720223055478,0.00038086712237206643,4.264166578010924,3.362304572895222
9.549496387119194e-5,0.013612321430385894,0.004714674574310223,0.20805841329627864,0.07350765143317478,2.1996936419997513e-6,5.829815879845046e-6,0.00011721815551347836,0.0003802393345009647,4.258729812150482,3.3614119294453686
9.657468077043106e-5,0.013255757985313742,0.004707300713850103,0.20609492351777578,0.07343214263982425,2.117600257412232e-6,5.820008518965365e-6,0.00010956508991198576,0.0003795983405905692,4.253245871762016,3.3604994575301714
9.766660552373139e-5,0.012907074469496958,0.004699771197705562,0.20413251793813153,0.07335501045548357,2.038506788484667e-6,5.809995223689513e-6,0.00010236373471592156,0.0003789438876820321,4.247714394419815,3.359566727798632
9.877087615958975e-5,0.01256614347415408,0.0046920830190383695,0.2021714136307598,0.07327622214141151,1.9623066305821293e-6,5.799772066167014e-6,9.559082137335275e-5,0.0003782757190980058,4.242135016067521,3.35861330132723
9.988763226712658e-5,0.012232838156083139,0.004684233125957846,0.20021182858516712,0.07319574440426689,1.8888968255635158e-6,5.789335062201697e-6,8.922405639395027e-5,0.000377593574474879,4.236507371027595,3.3576387309261824
0.00010101701501373186,0.011907032285504722,0.004676218421070893,0.1982539816258606,0.07311354337859081,1.8181779436348645e-6,5.778680170691815e-6,8.32420941589419e-5,0.0003768971897374774,4.230831092010783,3.3566425595438263
0.00010215916716290839,0.011588600292354078,0.004668035761842257,0.19629809232985684,0.07302958463441175,1.7500539687279635e-6,5.767803294379124e-6,7.762450969370539e-5,0.00037618629713699213,4.225105810125562,3.3556243215052053
0.00010331423309231999,0.011277417311016402,0.004659681960237906,0.19434438094283518,0.07294383316071675,1.6844321873126516e-6,5.756700279423477e-6,7.235177145662002e-5,0.0003754606252343523,4.219331154887522,3.35458354097553
0.00010448235881204038,0.010973359223504101,0.004651153783149246,0.19239306829399322,0.07285625337297744,1.6212230805536018e-6,5.745366916249907e-6,6.740521419541398e-5,0.0003747198989446919,4.213506754228712,3.353519733133361
0.00010566369198301166,0.01067630270107362,0.004642447952138427,0.19044437570964542,0.07276680909766188,1.5603402197232535e-6,5.7337989392698695e-6,6.276701191967513e-5,0.0003739638395301939,4.207632234506895,3.3524324026911443
0.00010685838193570862,0.010386125244283919,0.004633561143936582,0.18849852492562819,0.07267546357977353,1.501700164785175e-6,5.721992027840268e-6,5.842015103572664e-5,0.00037319216465200855,4.2017072205146775,3.3513210450052484
0.00010806657968901591,0.010102705221498753,0.004624489990300398,0.1865557379985594,0.0725821794684625,1.4452223660630745e-6,5.7099418061445635e-6,5.434840368746359e-5,0.0003724045883734313,4.195731335488537,3.350185144651664
0.00010928843796931858,0.009825921905837025,0.004615231078595121,0.18461623721601236,0.07248691882467478,1.3908290689128714e-6,5.697643844278599e-6,5.053630134420891e-5,0.0003716008212202443,4.189704201117678,3.3490241764750803
0.0001105241112298068,0.009555655510578336,0.004605780951772483,0.18268024500566737,0.07238964310792866,1.3384452213168646e-6,5.685093658305739e-6,4.6969108674076286e-5,0.00037078057019515766,4.18362543755273,3.3478376042179354
0.00011177375567000147,0.009291787223029924,0.004596136109050049,0.18074798384349416,0.07229031318417964,1.2879983843204362e-6,5.672286711485511e-6,4.363279773873663e-5,0.000369943538847619,4.177494663414227,3.346624881510753
0.00011303752925549786,0.009034199236866033,0.0045862930060212815,0.17881967616103803,0.07218888931383437,1.2394186452339117e-6,5.659218414517873e-6,4.0514022542971035e-5,0.0003690894273005072,4.17131149580086,3.345385450552755
0.00011431559173793436,0.0087827747829491,0.004576248055443636,0.1768955442518685,0.07208533115994384,1.192638533523328e-6,5.645884126931719e-6,3.760009396982928e-5,0.0003682179323305255,4.165075550297487,3.344118743045679
0.00011560810467518698,0.008537398158645765,0.004565997627492373,0.1749758101772578,0.0719795977775347,1.1475929393159096e-6,5.632279157534465e-6,3.487895512973693e-5,0.00036732874740820666,4.158786440982849,3.3428241789242423
0.00011691523145179034,0.008297954755651557,0.00455553805067054,0.1730606956711643,0.07187164762225051,1.1042190344475838e-6,5.618398765978482e-6,3.233915714942972e-5,0.00036642156279006983,4.152443780436977,3.3415011672356285
0.00011823713729959236,0.00806433108633835,0.004544865612219103,0.17115042204458136,0.07176143854109097,1.062456195981295e-6,5.604238163433413e-6,2.9969835424165865e-5,0.00036549606557307923,4.146047179748237,3.340149104918263
0.00011957398931863961,0.007836414808642077,0.0045339765591626904,0.16924521008933485,0.0716489277816262,1.0222459321268532e-6,5.5897925143495205e-6,2.7760686354322977e-5,0.00036455193979980543,4.139596248520034,3.338767377629058
0.0001209259564983007,0.007614094749507036,0.004522867098889491,0.1673452799813936,0.07153407198424405,9.835318104942606e-7,5.575056937371305e-6,2.5701944585157115e-5,0.00036358886652855234,4.133090594877077,3.3373553585691043
0.0001222932097386287,0.007397260926906011,0.004511533400347476,0.16545085118377242,0.07141682719207079,9.462593886142741e-7,5.560026507317851e-6,2.3784360766271662e-5,0.00036260652395283567,4.12652982547121,3.3359124092607093
0.00012367592187196273,0.0071858045704561255,0.004499971594808364,0.1635621423491075,0.07129714884483507,9.103761466614926e-7,5.544696256357358e-6,2.199917984516187e-5,0.00036160458748846474,4.119913545486777,3.334437878418703
0.00012507426768477726,0.0069796181406502926,0.004488177777229969,0.1616793712219726,0.07117499178963839,8.758314223165921e-7,5.52906117622577e-6,2.033811990708706e-5,0.00036058272990872783,4.113241358645449,3.3329311026793995
0.00012648842393977485,0.006778595346727051,0.0044761480072193225,0.15980275454102735,0.0710503102765522,8.425763477061471e-7,5.513116219682825e-6,1.8793351571504644e-5,0.00035954062144977764,4.106512867210527,3.331391405516201
0.00012791856939823205,0.006582631163200319,0.004463878310577661,0.15793250794106675,0.07092305797039078,8.105637883596497e-7,5.4968563029912995e-6,1.735747795333442e-5,0.00035847792996298504,4.099727671990631,3.329818097922627
0.00012936488484259498,0.0063916218450734445,0.004451364680478693,0.15606884585506184,0.07079318794816836,7.797482841250785e-7,5.4802763076763384e-6,1.6023515195464316e-5,0.0003573943210400515,4.092885372342768,3.3282104773710497
0.00013082755309933234,0.006205464941760994,0.004438603079213576,0.15421198141626902,0.07066065271203556,7.500859919855861e-7,5.463371083288643e-6,1.4784873577109763e-5,0.00035628945818405784,4.085985566174743,3.3265678284519042
0.00013230675906204686,0.006024059309743617,0.0044255894396011556,0.15236212636049193,0.07052540418873325,7.215346307214498e-7,5.44613544948982e-6,1.3635339200947735e-5,0.0003551630029557916,4.079027849946809,3.324889421874488
0.0001338026897148459,0.005847305123981747,0.004412319666951096,0.15051949092858366,0.07038739374386298,6.94053427362799e-7,5.428564199123858e-6,1.2569056260330932e-5,0.00035401461516508206,4.072011818672617,3.3231745150644527
0.00013531553415597954,0.005675103888113621,0.004398789640723821,0.14868428376926687,0.07024657218348596,6.676030653798885e-7,5.4106521006522925e-6,1.1580509886356975e-5,0.0003528439530399019,4.064937065919308,3.3214223512057695
0.0001368454836217427,0.00550735844346537,0.004384995216730674,0.1468567118423656,0.07010288976990588,6.421456345592585e-7,5.392393901559091e-6,1.0664509573141817e-5,0.00035165067343963095,4.0578031838067945,3.31963215979857
0.00013839273151064965,0.0053439729768994465,0.004370932229062112,0.14503698032252704,0.06995629622557228,6.176445825152089e-7,5.373784331160388e-6,9.816173178288938e-6,0.0003504344320485517,4.050609763006104,3.3178031557414784
0.00013995747340788192,0.005184853027529645,0.0043565964925444825,0.14322529250352287,0.06980674075056337,5.940646677874992e-7,5.354818104368695e-6,9.030911494294818e-6,0.0003491948836127362,4.043356392736791,3.315934539851865
0.00014153990711001022,0.00502990549233072,0.004341983804955764,0.14142184970321853,0.06965417202896335,5.713719144774152e-7,5.3354899249027206e-6,8.304413385459009e-6,0.0003479316821596081,4.036042660763345,3.3140254979878745
0.00014314023264999968,0.004879038630670516,0.00432708994975931,0.13962685116928972,0.06949853824824422,5.49533568375509e-7,5.31579448943762e-6,7.632631483781286e-6,0.000346644481260198,4.028668153390529,3.3120752015332395
0.00014475865232249375,0.004732162067793957,0.004311910698626945,0.13784049398578202,0.06933978710829483,5.285180545357285e-7,5.2957264912409085e-6,7.011768436337638e-6,0.00034533293427647493,4.021232455457616,3.3100828065583325
0.00014639537070938694,0.00458918679728707,0.004296441814470667,0.13606297298059128,0.06917786584291107,5.082949362516771e-7,5.275280624736107e-6,6.4382636957078815e-6,0.00034399669465075907,4.013735150331446,3.3080474542717533
0.00014805059470568617,0.00445002518255043,0.00428067905429349,0.13429448063395502,0.06901272123166445,4.888348753920503e-7,5.254451589591205e-6,5.908780844202592e-6,0.0003426354161825552,4.006175819898257,3.3059682702198527
0.0001497245335456626,0.004314590957311265,0.004264618172540509,0.13253520698804214,0.0688442996237187,4.701095940534329e-7,5.233234095723313e-6,5.420195441886989e-6,0.00034124875334692856,3.9985540445542265,3.3038443647072815
0.00015141739882930234,0.004182799225203009,0.004248254924298389,0.13078533955772037,0.06867254695273727,4.52091837489714e-7,5.211622867866561e-6,4.969583387726338e-6,0.0003398363616026003,3.9908694031946603,3.301674832034646
0.00015312940454905263,0.004054566458442114,0.004231585068987475,0.1290450632425931,0.06849740876325168,4.3475533827860665e-7,5.189612651045384e-6,4.5542097825870435e-6,0.0003383978977410933,3.9831214732017544,3.299458750890149
0.0001548607671168743,0.003929810495630721,0.0042146043739310895,0.12731456024038149,0.0683188302288167,4.180747816866953e-7,5.167198215648728e-6,4.17151828230106e-6,0.0003369330202278487,3.975309830430876,3.297195183625121
0.00015661170539159612,0.0038084505387150245,0.004197308618410563,0.12559400996174383,0.06813675618116455,4.0202577219568364e-7,5.144374363399476e-6,3.819120928555344e-6,0.000335441389583941,3.967434049195306,3.2948831766189914
0.00015838244070658143,0.00369040714912774,0.0041796935976256226,0.12388358894660575,0.06795113113182562,3.865848011533752e-7,5.121135932961556e-6,3.4947884449800853e-6,0.00033392266876195733,3.9594937022493237,3.2925217595925296
0.00016017319689770715,0.0035756022431439735,0.0041617551271340945,0.12218347078208627,0.06776189930430913,3.717292155140616e-7,5.097477806432469e-6,3.196440985494033e-6,0.00033237652356204474,3.9514883607696176,3.2901099459483603
0.00016198420033165664,0.0034639590864791983,0.004143489047224554,0.12049382602210122,0.06756900465941469,3.5743718763397707e-7,5.073394915509261e-6,2.922139321706633e-6,0.00033080262304425177,3.9434175943349206,3.2876467321218836
0.00016381567993453664,0.0033554022881574857,0.004124891227762296,0.11881482210871573,0.06737239093068853,3.436876860883575e-7,5.048882248530343e-6,2.670076455976996e-6,0.00032920063998062213,3.935280970903775,3.2851310978996415
0.00016566786722081356,0.003249857793678697,0.004105957572994846,0.11714662329533145,0.06717200165365583,3.3046044747774934e-7,5.023934857225079e-6,2.4385696465879773e-6,0.00032757025130561836,3.9270780567903825,3.282562005807901
0.00016754099632257952,0.003147252877512103,0.004086684026825302,0.11548939057177526,0.06696778020480731,3.1773594919198945e-7,4.998547864329873e-6,2.2260528313997338e-6,0.00032591113860589463,3.9188084166384294,3.2799384014112416
0.00016943530401914957,0.0030475161349441914,0.00406706657807064,0.11384328159136775,0.06675966983498761,3.0549538310128255e-7,4.972716470944574e-6,2.0310694363052855e-6,0.00032422298861032434,3.9104716133928012,3.2772592127389037
0.0001713510297669906,0.002950577473307979,0.004047101266182546,0.1122084506000441,0.06654761371216987,2.9372063014467907e-7,4.94643596474589e-6,1.8522655548131739e-6,0.0003225054937189587,3.9020672082691323,3.2745233505659477
0.00017328841572999309,0.002856368102620234,0.004026784186977505,0.11058504836759141,0.06633155495924023,2.8239423578705427e-7,4.919701727971896e-6,1.6883834851256602e-6,0.0003207583525340518,3.893594760721037,3.27172970787764
0.00017524770681008034,0.002764820525653401,0.004006111498823883,0.10897322212107788,0.06611143670081843,2.714993863166384e-7,4.892509246253352e-6,1.5382556111669046e-6,0.0003189812704295509,3.885053828405,3.268877160135509
0.00017722915067816718,0.002675868527467689,0.003985079428861364,0.10737311548053297,0.06588720210568012,2.6101988595586815e-7,4.864854117244875e-6,1.4007986141335206e-6,0.0003171739601243371,3.8764439671427584,3.265964564780146
0.00017923299780546863,0.0025894471644287795,0.003963684279671309,0.10578486839694383,0.06565879443788045,2.509401347592016e-7,4.836732060091654e-6,1.2750080012943306e-6,0.00031533614229338936,3.867764730881138,3.262990761484475
0.00018125950149515936,0.002505492752736152,0.003941922436001124,0.10420861709263214,0.06542615710405418,2.4124510727231014e-7,4.808138924722493e-6,1.1599529389489753e-6,0.0003134675461842362,3.8590156716491917,3.259954571695442
0.0001833089179143958,0.0024239428564858346,0.003919790371932882,0.1026444940040633,0.06518923370909753,2.319203319277779e-7,4.7790707019657065e-6,1.0547713766646636e-6,0.00031156791027069677,3.8501963395125607,3.2568547988769123
0.00018538150612669544,0.002344736275291582,0.0038972846581256273,0.10109262772715118,0.06494796810858017,2.22951871153261e-7,4.749523533514903e-6,9.586654501462858e-7,0.00030963698291325563,3.8413062825249358,3.2536902280906794
0.00018747752812468702,0.002267813031487073,0.003874401969494461,0.0995531429651043,0.06470230446923377,2.14326302168699e-7,4.719493722703261e-6,8.70897150350346e-7,0.00030767452305598266,3.8323450466765094,3.2504596262314296
0.0001895972488632264,0.0021931143569317185,0.0038511390929808318,0.09802616047887104,0.06445218732670294,2.060306984499633e-7,4.68897774514794e-6,7.907842467299488e-7,0.0003056803009312155,3.8233121758392925,3.2471617416476204
0.00019174093629289017,0.0021205826794413398,0.003827492935750887,0.0965117970402259,0.06419756165107868,1.9805261183692226e-7,4.657972260186375e-6,7.176964527894071e-7,0.00030365409879989734,3.8142072117091854,3.243795304370936
0.00019390886139384779,0.0020501616088646657,0.0038034605335000573,0.0950101653875431,0.06393837291020221,1.9038005526465815e-7,4.6264741221991176e-6,6.510518224343096e-7,0.00030159571170055633,3.805029693744667,3.240359025777579
0.00019610129821011338,0.001981795922825698,0.00377903905917542,0.0935213741843027,0.06367456714046738,1.8300148609716958e-7,4.59448039270529e-6,5.903133659214474e-7,0.0002995049482328709,3.7957791591019747,3.236851598814625
0.00019831852388419002,0.0019154315521508673,0.00375422583181653,0.09204552798036134,0.06340609101587641,1.7590579004353362e-7,4.561988352356697e-6,5.349858745413352e-7,0.0002973816313504801,3.7864551425666337,3.233271697702398
0.00020056081869210027,0.0018510155659995824,0.0037290183258016363,0.09058272717603025,0.06313289192431376,1.690822656371487e-7,4.5289955136818e-6,4.846129435032556e-7,0.00029522559918707976,3.7770571764812146,3.229617978160016
0.00020282846607881677,0.0017884961567152054,0.0037034141802215264,0.08913306798898689,0.06285491804253195,1.6252060925923492e-7,4.495499633735808e-6,4.387741828348889e-7,0.00029303670589206403,3.767584790669143,3.225889077149535
0.00020512175269409293,0.0017278226244129664,0.0036774112086437514,0.08769664242405245,0.06257211841807421,1.5621090068839053e-7,4.461498727473688e-6,3.9708260645598826e-7,0.00029081482249787544,3.758037512354438,3.2220836131029236
0.00020744096842869537,0.0016689453613202246,0.003651007409010164,0.08627353824586223,0.06228444305034072,1.501435891585602e-7,4.42699108103148e-6,3.5918218993517193e-7,0.0002885598377968593,3.748414866077223,3.218200185708653
0.0002097864064510516,0.0016118158358829592,0.0036242009739068377,0.08486383895444648,0.06199184297830779,1.4430947990829872e-7,4.391975265698901e-6,3.2474558778955607e-7,0.0002862716592479395,3.738716373604812,3.2142373761423135
0.0002121583632443063,0.0015563865766518913,0.0035969903009688492,0.08346762376374728,0.06169427036778883,1.3869972120480075e-7,4.3564501517962455e-6,2.934720015379856e-7,0.00028395021389235423,3.7289415538382698,3.210193746896203
0.00021455713864380034,0.0015026111559596313,0.0035693740036360994,0.08208496758308163,0.06139167860506073,1.333057918266331e-7,4.320414923205739e-6,2.6508519006728975e-7,0.0002815954492969835,3.7190899227141903,3.2060678420157536
0.00021698303587497388,0.0014504441733993719,0.0035413509220408403,0.08071594100156515,0.06108402239039261,1.28119488989652e-7,4.283869091796265e-6,2.393316142177061e-7,0.0002792073345058405,3.7091609931015945,3.201858186972573
0.00021943636159169362,0.001399841239114062,0.003512920134221037,0.07936061027550786,0.060771257837643686,1.2313291670107732e-7,4.24681251245972e-6,2.1597870783617822e-7,0.00027678586101653166,3.699154274693703,3.1975632889086754
0.0002219174259150198,0.0013507589569031083,0.0034840809674571652,0.07801903731878089,0.060453342574085335,1.1833847452714199e-7,4.209245398022353e-6,1.9481326788402592e-7,0.0002743310437634973,3.6890692738944115,3.193181636553435
0.00022442654247240484,0.0013031549071523493,0.003454833009904974,0.07669127969616417,0.06013023584597945,1.1372884676024955e-7,4.1711683347179135e-6,1.756399565180738e-7,0.00027184292212313876,3.67890549369928,3.188711700477342
0.0002269640284373417,0.0012569876295906507,0.0034251761223379087,0.07537739061966524,0.059801898624661565,1.0929699197197554e-7,4.132582297509328e-6,1.5827990839004416e-7,0.00026932156092381585,3.668662433570802,3.1841519330531898
0.00022953020456945445,0.0012122166058747277,0.0033951104501504094,0.07407741894781168,0.05946829371804633,1.0503613293873061e-7,4.09348866591466e-6,1.4256943672825357e-7,0.0002667670514741409,3.658339589307744,3.1795007687209162
0.00023212539525504638,0.0011688022420010948,0.0033646364354509377,0.0727914091879025,0.05912938588287229,1.0093974692728806e-7,4.053889239646229e-6,1.2835883207682164e-7,0.00026417951259365407,3.647936452908357,3.1747566239931153
0.00023474992854810608,0.001126705850541603,0.0033337548293749754,0.07151940150120945,0.05878514194200817,9.700155632782571e-8,4.013786254688022e-6,1.1551124787101e-7,0.00026155909165764574,3.6374525124271657,3.169917897732244
0.00023740413621177356,0.0010858896326960306,0.0033024667044611205,0.0702614317111142,0.05843553090268229,9.32155196225173e-8,3.973182399141278e-6,1.0390166732205202e-7,0.0002589059656412446,3.62688725182517,3.164982971200321
0.00024008835376028122,0.0010463166601516133,0.003270773467199888,0.06901753131415757,0.05808052407938177,8.957582267808925e-8,3.932080829433186e-6,9.341594637065948e-8,0.0002562203421729004,3.616240150813117,3.159950208349514
0.00024280292050136277,0.0010079508567358976,0.0032386768706115544,0.06778772749398489,0.057720095217800506,8.607687035116387e-8,3.890485186238325e-6,8.394992774525667e-8,0.0002535024605833322,3.6055106846876703,3.1548179559155174
0.0002455481795791456,0.0009707569798445829,0.0032061790269426204,0.06657204313815672,0.057354220623030146,8.27132783955425e-8,3.848399610678252e-6,7.540862142829187e-8,0.00025075259295847906,3.5946983241601105,3.149584543722194
0.0002483244780175288,0.000934700601621167,0.0031732824203492176,0.0653704968577981,0.05698287928886122,7.947986566096212e-8,3.805828760167202e-6,6.770544709191819e-8,0.00024797104518338144,3.583802535177344,3.144248284817749
0.0002511321667640465,0.0008997480898593937,0.0031399899196376284,0.06418310301005621,0.056606053030858985,7.637164657320226e-8,3.7627778244405522e-6,6.076153431261386e-8,0.0002451581579839885,3.5728227787349045,3.138807475793632
0.00025397160073423436,0.0008658665885924679,0.00310630479094122,0.06300987172332664,0.05622372662054358,7.33838238857286e-8,3.7192525411510787e-6,5.450507661289218e-8,0.00024231430795460023,3.5617585106815985,3.1332603969622985
0.0002568431388564906,0.0008330239983253832,0.0030722307103848386,0.06185080892521502,0.05583588792282538,7.051178169342325e-8,3.6752592115414007e-6,4.887073560727433e-8,0.00023943990857642016,3.550609181515535,3.1276053126899703
0.000259747144117449,0.0008011889558570365,0.003037771776626294,0.06070591637318848,0.05544252803446761,6.775107869922686e-8,3.630804715593894e-6,4.379909174898864e-8,0.00023653541121566334,3.5393742361711245,3.1218404716142762
0.00026268398360786485,0.0007703308136279097,0.0030029325233070277,0.059575191687874236,0.05504364142522734,6.509744172484915e-8,3.585896527138492e-6,3.923613838370432e-8,0.0002336013061051909,3.528053113796742,3.1159641069899164
0.00026565402856901514,0.0007404196185159217,0.0029677179313112984,0.05845862838895964,0.05463922607986958,6.254675945699044e-8,3.5405427283352597e-6,3.513281601697768e-8,0.00023063812329880945,3.516645247522667,3.1099744369438547
0.00026865765443963025,0.0007114260899871111,0.00293213344084738,0.057356215933639175,0.054229283642220384,6.009507642079518e-8,3.4947520239847013e-6,3.144458389316498e-8,0.00022764643360073417,3.5051500642188884,3.103869664832325
0.0002716952409033492,0.0006833215974890968,0.0028961849632589886,0.05626793975756131,0.05381381955985379,5.773858717255364e-8,3.4485337550973756e-6,2.813102616557264e-8,0.00022462684945999273,3.4935669842424093,3.097647979530514
0.00027476717193671636,0.000656078136952029,0.0028598788925625045,0.05519378131821474,0.0533928432301124,5.5473630703915844e-8,3.4018979121493006e-6,2.515549011063784e-8,0.00022158002583085306,3.48189542117357,3.0913075557986134
0.00027787383585772086,0.0006296683062339814,0.002823222116626205,0.0541337181406979,0.05296636814643094,5.329668505015802e-8,3.3548551474684417e-6,2.2484754003305235e-8,0.00021850666098963446,3.4701347815409957,3.0848465546021484
0.0002810156253748798,0.0006040652793134874,0.002786222027969859,0.0530877238658136,0.052534412045216194,5.120436209528686e-8,3.307416787153364e-6,2.008872242663666e-8,0.00021540749730763553,3.458284464534653,3.0782631234839317
0.00028419293763688367,0.0005792427789895923,0.0027488865341083095,0.052055768300420975,0.05209699705260488,4.919340256700798e-8,3.2595948419825073e-6,1.7940146936309284e-8,0.0002122833219710845,3.446343861706544,3.071555396910413
0.0002874061742827957,0.0005551750477977916,0.002711224067400665,0.05103781746998529,0.05165414983092057,4.726067121483109e-8,3.2114020176905507e-6,1.6014370140344455e-8,0.0002091349676465488,3.4343123566585385,3.0647214966453538
0.0002906557414928259,0.000531836816784642,0.002673243594335873,0.05003383367325357,0.05120590172448678,4.540315216480001e-8,3.162851724083409e-6,1.4289091386333763e-8,0.00020596331308325182,3.4221893247167445,3.0577595321166235
0.0002939420500396728,0.0005092032717021103,0.0026349546242001734,0.049043775538991086,0.0507522889041981,4.361794444457106e-8,3.113958083344723e-6,1.2744152372958667e-8,0.0002027692836494965,3.409974132591924,3.0506676007864124
0.00029726551534044947,0.00048725001607863755,0.0025963672170641263,0.048067598084704524,0.050293352510824944,4.190225767276562e-8,3.0647359370184275e-6,1.1361341119933621e-8,0.00019955385179519074,3.3976661380252837,3.04344378853184
0.0003006265575091977,0.000465953030491508,0.0025574919910193042,0.0471052527772804,0.04982913879604825,4.02534079067364e-8,3.015200851997871e-6,1.0124212840982023e-8,0.0001963180374365125,3.3852646894190475,3.03608617000535
0.00030402560140999004,0.0004452886271946807,0.002518340128609282,0.04615668759546554,0.04935969926150299,3.866881364309158e-8,2.9653691250194205e-6,9.017926368325411e-9,0.00019306290825527847,3.37276912545116,3.0285928090213425
0.0003074630767106408,0.00042523339903495646,0.002478923382370506,0.04522184709411032,0.048885090794435426,3.7145991965502146e-8,2.9152577859700957e-6,8.029094874718537e-9,0.0001897895799079849,3.3601787746733667,3.0209617588992286
0.0003109394179370155,0.0004057641612998805,0.0024392540794345827,0.04430067247010156,0.048405375800539586,3.568255483452324e-8,2.8648845995208723e-6,7.145649730597997e-9,0.00018649921613768066,3.3474929550920187,3.0131910628469667
0.0003144550645279605,0.00038685788475752094,0.0023993451250943648,0.04339310162990295,0.04792062233220487,3.427620551432718e-8,2.814268065376237e-6,6.356716419672015e-9,0.00018319302878269786,3.3347109737307377,3.0052787542779504
0.0003180104608908534,0.0003684916176362388,0.0023592100052923707,0.0424990692586244,0.04743090421300906,3.2924735131429646e-8,2.7634274166658734e-6,5.6525015165754125e-9,0.00017987227767603307,3.3218321261741908,2.9972228571810016
0.00032160605645777584,0.000350642393600051,0.0023188627879221426,0.04161850689054156,0.04693630115633503,3.1626019360662424e-8,2.712382616752332e-6,5.024189805291383e-9,0.00017653827042860478,3.3088556960920905,2.989021386400826
0.0003252423057423302,0.0003332871218269117,0.0022783181229085354,0.04075134298097977,0.046436898879200175,3.037801523380258e-8,2.6611543539957825e-6,4.463850687170194e-9,0.00017319236209088063,3.2957809547424906,2.9806723479826553
0.0003289196683970899,0.00031640245398160244,0.00223759124094719,0.03989750297948458,0.04593278920883906,2.917875806643682e-8,2.6097640347352866e-6,3.964353092825987e-9,0.00016983595468544668,3.282607160453462,2.9721737394044694
0.00033263860927170504,0.00029996462102165956,0.002196697950877529,0.039056909404192236,0.045424070183375055,2.8026358498786962e-8,2.5582337740444466e-6,3.5192881731927274e-9,0.00016647049660582186,3.2693335580820797,2.963523549883024
0.00033639959847166494,0.00028394923012263956,0.0021556546355607515,0.03822948191731811,0.04491084614379829,2.6918999646373566e-8,2.506586384508947e-6,3.1228991018368693e-9,0.0001630974818735918,3.255959378449681,2.954719760544488
0.00034020311141772,0.0002683310081450448,0.002114478246246638,0.037415137401680246,0.04439322781882663,2.5854934356542056e-8,2.4548453626025634e-6,2.7700173734776935e-9,0.00015971844925010575,3.242483837752268,2.9457603446770597
0.0003440496289059819,0.0002530834723239583,0.002073186295293777,0.03661379003817139,0.04387133239956163,2.4832482567008535e-8,2.4030348729001254e-6,2.456005032787458e-9,0.0001563349811945039,3.228906136944794,2.936643267825188
0.00034793963716869857,0.00023817850014351045,0.0020317968472377003,0.03582535138409761,0.04334528360574901,2.385002876272188e-8,2.351179729724776e-6,2.176702313157971e-9,0.0001529487026653947,3.21522546109813,2.927366487972346
0.00035187362793571915,0.00022358575678785173,0.001990328508067007,0.03504973045229812,0.0428152117402737,2.2906019527468995e-8,2.2993053764624844e-6,1.9283802074280314e-9,0.0001495612797578666,3.20144097872732,2.917927955542469
0.0003558520984966512,0.00020927191684674454,0.0019488004127141162,0.034286833790962576,0.04228125373392579,2.1998961186771464e-8,2.247437862164297e-6,1.7076975317784379e-9,0.00014617441817439051,3.1875518410896886,2.9083256134950095
0.00035987555176372423,0.00019519958109786992,0.0019072322106186317,0.03353656556406176,0.04174355317680703,2.1127417538748687e-8,2.195603815667369e-6,1.511662080305186e-9,0.00014278986152144906,3.1735571814512986,2.898557397215649
0.00036394449633536094,0.0001813257277950492,0.001865644049383976,0.03279882763230879,0.041202260338640426,2.029000766973663e-8,2.1438304168812623e-6,1.33759550136496e-9,0.0001394093894318761,3.159456114320133,2.888621234504315
0.00036805944656046846,0.00016759942825313173,0.0018240565563858665,0.032073519634567484,0.04065753217411601,1.9485403851565584e-8,2.092145365472561e-6,1.1831015578232578e-9,0.0001360348155051464,3.1452477346442844,2.878515045335846
0.0003722209226034564,0.00015395835076304328,0.0017824908183693587,0.03136053906962565,0.040109532315761365,1.8712329517511185e-8,2.04057684662335e-6,1.0460374619939128e-9,0.00013266798506723223,3.1309311169733327,2.868236741720341
0.0003764294505099907,0.00014032316707994125,0.0017409683588965495,0.03065978137825196,0.039558431050259114,1.7969557314036664e-8,1.9891534941027824e-6,9.244880024964717e-10,0.0001293107727429401,3.1165053145809627,2.857784227313182
0.00038068556227348837,0.00012658809805057757,0.001699511113700058,0.029971140025455624,0.03900440528093094,1.7255907225549028e-8,1.937904350359706e-6,8.167422046265501e-10,0.0001259650798442015,3.101969358546756,2.8471553971259858
0.00038498979590236845,0.00011260377553827755,0.0016581414038109663,0.02929450658286845,0.038447638472125074,1.6570244769488326e-8,1.886858823886025e-6,7.212722882753915e-10,0.00012263283156818217,3.087322256794957,2.8363481369643866
0.00038934269548805895,9.814315619371532e-5,0.001616881906537254,0.028629770811171996,0.037888320578464904,1.591147925916732e-8,1.8360466435946936e-6,6.367147080842203e-10,0.00011931597401077338,3.072562993087863,2.8253603229670206
0.00039374481127377544,8.282430327257818e-5,0.001575755624171249,0.02797682074249054,0.03732664795454045,1.5278562131868558e-8,1.785497810476878e-6,5.618530795020645e-10,0.00011601647099056832,3.05769052597133,2.814189820848845
0.00039819669972407655,6.589682685837492e-5,0.0015347858505256526,0.027335542762674928,0.03676282324824578,1.4670485339795907e-8,1.7352425463215992e-6,4.956028118538732e-10,0.00011273630069120876,3.042703787669732,2.8028344852451306
0.0004026989235952044,4.539267906094055e-5,0.0014939961351898446,0.02670582169340159,0.0361970552732211,1.4086279801564893e-8,1.685311239781625e-6,4.3699728552998226e-10,0.00010947745211872749,3.027601682927497,2.791292158737881
0.0004072520520062237,0.0,0.0014534102456322357,0.026087540874013156,0.03562955886385936,1.3525013911996142e-8,1.6357343896117617e-6,3.851754250850389e-10,0.00010624192138432267,3.0123830877941824,2.779560670981928
0.00041185666051096195,0.0,0.0014130521270568524,0.025480582243029154,0.03506055470824511,1.298579210806022e-8,1.5865425453866954e-6,3.3937053348304277e-10,0.00010303170781098017,2.9970468483498296,2.767637837492376
0.00041651333117076483,0.0,0.001372945860168836,0.024884826419255695,0.03449026916275693,1.2467753488895461e-8,1.5377662455706005e-6,2.9890026503814343e-10,9.984880987714809e-5,2.981591779367059,2.7555214585306995
0.0004212226526280732,0.0,0.0013331156167766672,0.024300152782426008,0.033918934043643253,1.1970070487899162e-8,1.4894359532727543e-6,2.631576258651985e-10,9.669522099791079e-5,2.966016662906217,2.7432093176322945
0.0004259852201808333,0.0,0.001293585613417233,0.02372643955330424,0.03334678639959003,1.149194759496134e-8,1.4415819896102348e-6,2.3160290095095622e-10,9.357292515982073e-5,2.950320246839506,2.730699180232072
0.0004308016358577456,0.0,0.0012543800629541604,0.02316356387318784,0.032774068260567446,1.1032620126981558e-8,1.3942344650422565e-6,2.0375641636187523e-10,9.048389241207808e-5,2.934501243299819,2.7179887919133594
0.00043567250849436875,0.0,0.0012155231243691556,0.022611401882744513,0.032201026367277376,1.0591353044875918e-8,1.3474232086481385e-6,1.791920536884327e-10,8.743007423330861e-5,2.918558327049618,2.7050758767551843
0.00044059845381007995,0.0,0.0011770388507219786,0.022069828800123203,0.03162791187650152,1.0167439815346755e-8,1.3011776957462187e-6,1.5753144165431852e-10,8.441339877903008e-5,2.9024901337649216,2.691958135287048
0.0004455800944859075,0.0,0.0011389511355342071,0.021538718998279,0.031054980046993013,9.760201315749142e-9,1.2555269738778525e-6,1.38438756952807e-10,8.143576603223669e-5,2.8862952582290013,2.6786332425441675
0.00045061806024324313,0.0,0.0011012836575996358,0.021017946081454884,0.030482489901257844,9.368984780449541e-9,1.2104995875879332e-6,1.2161607286895266e-10,7.849904286467781e-5,2.869972252430059,2.6650988457174356
0.0004557129879234431,0.0,0.0010640598245130698,0.020507382960765236,0.0299107038682077,8.993162787129712e-9,1.166123502078311e-6,1.0679920015741189e-10,7.56050580344509e-5,2.853519623556665,2.651352561908505
0.00046086552156833163,0.0,0.0010273027149488786,0.020006901928827283,0.029339887402110038,8.632132281545031e-9,1.1224260261997867e-6,9.375397002045088e-11,7.275559712997684e-5,2.836935831884256,2.6373919754708304
0.0004660763125016128,0.0,0.0009910350200180616,0.01951637473339033,0.028770308583171467,8.285313639301335e-9,1.0794337349099912e-6,8.227291391424512e-11,6.995239748908656e-5,2.8202192885454704,2.6232146354640897
0.000471346019411203,0.0,0.0009552789837641328,0.019035672649913467,0.028202237695291052,7.952149763265842e-9,1.0371723916956742e-6,7.217229934543591e-11,6.719714310568616e-5,2.803368353176515,2.608818052690937
0.0004766753084324949,0.0,0.0009200563431629623,0.018564666553045266,0.027635946786686804,7.632105215278058e-9,9.95666871134703e-7,6.328948484275752e-11,6.449145955564922e-5,2.786381331431128,2.5941996968602297
0.000482064853232563,0.0,0.0008853882677151541,0.018103226986961114,0.02707170920907,7.324665380876452e-9,9.549410821259838e-7,5.5480560935776327e-11,6.183690895659427e-5,2.769256472352969,2.5793569933353795
0.00048751533509531895,0.0,0.0008512952990307487,0.01765122423451641,0.02650979914144806,7.029335665801757e-9,9.15017892005857e-7,4.861824727722267e-11,5.92349849958085e-5,2.751991965596583,2.5642873200286322
0.0004930274430076344,0.0,0.0008177972905211565,0.01720852838517516,0.02595049109439006,6.74564072308434e-9,8.759190521037241e-7,4.259001903708194e-11,5.6687108042826884e-5,2.734585938486149,2.5489880038912403
0.0004986018737464332,0.0,0.0007849133476296983,0.016775009401677303,0.02539405940121792,6.473123709566154e-9,8.376651249919647e-7,3.729643840339538e-11,5.419462038310246e-5,2.7170364529003996,2.533456317577091
0.0005042393319667694,0.0,0.0007526617687386642,0.016350537185408853,0.024840777692133137,6.211345570749734e-9,8.002754140002306e-7,3.264966947192028e-11,5.17587815906517e-5,2.6993415019710243,2.5176894757228685
0.0005099405302909026,0.0,0.000721059987211301,0.015934981640442353,0.024290918358121444,5.959884352907264e-9,7.637678952767881e-7,2.8572157017919914e-11,4.9380764077704934e-5,2.68149900658076,2.5016846314392582
0.0005157061893983798,0.0,0.0006901245147247836,0.015528212736216709,0.02374475200082964,5.718334541421895e-9,7.281591529749406e-7,2.4995451639771105e-11,4.7061648840003734e-5,2.6635068116461884,2.4854388724512955
0.0005215370381171326,0.0,0.0006598708863735657,0.015130100568828379,0.02320254687562678,5.486306424370982e-9,6.934643178638128e-7,2.1859165565441295e-11,4.480242143664906e-5,2.6453626821688516,2.468949217499822
0.0005274338135156111,0.0,0.0006303136077108133,0.014740515420907315,0.022664568324226333,5.263425480396863e-9,6.596970099379373e-7,1.9110045037199087e-11,4.2603968223139486e-5,2.627064299036812,2.452212612439125
0.0005333972609959528,0.0,0.0006014661042206553,0.014359327820054446,0.02213107820443276,5.049331789946504e-9,6.26869285328438e-7,1.6701146653619357e-11,4.04670728765215e-5,2.608609254557154,2.435225926660825
0.000539428134388209,0.0,0.0005733406733925594,0.013986408595818511,0.021602334313560023,4.843679468993713e-9,5.949915880731794e-7,1.4591106366040465e-11,3.839241323039918e-5,2.5899950476980313,2.4179859492783096
0.0005455271960456351,0.0,0.0005459484398946775,0.013621628935193291,0.02107858981340674,4.646136124391386e-9,5.640727070372244e-7,1.274349101286825e-11,3.6380558457762924e-5,2.571219079016863,2.4004893857206344
0.0005516952169410569,0.0,0.0005192993140115242,0.013264860436617931,0.020560092653483738,4.456382330031199e-9,5.341197385086881e-7,1.1126223341995576e-11,3.443196661748974e-5,2.5522786452489847,2.382732854171774
0.0005579329767643306,0.0,0.0004934019538363031,0.012915975162464956,0.020047085000659,4.2741111230186015e-9,5.051380547334527e-7,9.71107243052413e-12,3.2546982600435096e-5,2.5331709335285315,2.364712882524028
0.000564241264020901,0.0,0.00046826373136641265,0.01257484569000367,0.019539802672029045,4.0990275191001435e-9,4.771312788650555e-7,8.473202272333721e-12,3.072583648798589e-5,2.513893015210514,2.3464259052854906
0.0005706208761314748,0.0,0.00044389070297410884,0.012241345160827742,0.01903847457940972,3.930848046607348e-9,4.50101266547931e-7,7.390772077268353e-12,2.896864235581234e-5,2.4944418392599066,2.3278682611315493
0.0005770726195328218,0.0,0.000420287584372066,0.011915347328738259,0.018543322182320902,3.769300298207971e-9,4.2404809454437586e-7,6.444582519409399e-12,2.7275397531571774e-5,2.474814225169987,2.30903619054682
0.0005835973097797159,0.0,0.000397457730514826,0.011596726606075589,0.018054558958021844,3.614122499781716e-9,3.9897005656041814e-7,5.617762793872849e-12,2.564598233495545e-5,2.455006855368289,2.2899258342700413
0.0005901957716480259,0.0,0.0003754031205145076,0.011285358108495451,0.01757238988547837,3.465063095761311e-9,3.748636665979312e-7,4.895493898883004e-12,2.4080160303586608e-5,2.4350162670639968,2.270533231997489
0.0005968688392389771,0.0,0.00035412434796771826,0.0109811176981858,0.017097010951906414,3.3218803503036545e-9,3.517236699079811e-7,4.264764058961763e-12,2.2577578927683242e-5,2.4148388434857004,2.250854322081346
0.0006036173560845866,0.0,0.0003336206167179619,0.010683882025524337,0.01662860867870986,3.184341963678661e-9,3.2954306177359007e-7,3.7141526517502526e-12,2.1137770890681193e-5,2.394470804452728,2.230884941690413
0.000610442175254294,0.0,0.0003138897423935718,0.010393528569176996,0.01616735967545984,3.0522247032844586e-9,3.083131141010089e-7,3.233639400512576e-12,1.9760155832219894e-5,2.3739081962169473,2.2106208281948843
0.0006173441594627956,0.0,0.0002949281596791406,0.010109935674640348,0.015713430218590688,2.925314048718654e-9,2.880234099343641e-7,2.8144359515331417e-12,1.8444042623435748e-5,2.3531468805047426,2.190057621256846
0.0006243241811791005,0.0,0.00027673093559154026,0.009832982591232078,0.015266975863369477,2.8034038503549453e-9,2.686618857636771e-7,2.4488372747128103e-12,1.7188632163583354e-5,2.3321825226806556,2.1691908664147754
0.0006313831227368145,0.0,0.0002592917886411413,0.009562549507536072,0.014828141085585549,2.6862960008930685e-9,2.5021488161670403e-7,2.1300906105944467e-12,1.5993020679940972e-5,2.3110105789449933,2.1480160196600955
0.0006385218764456791,0.0,0.00024260311406992444,0.009298517585309243,0.014397058961329262,2.573800119367939e-9,2.3266719868589653e-7,1.8522799413147407e-12,1.485620353200432e-5,2.2896262824670535,2.126528453821481
0.000645741344704364,0.0,0.00022665601496063307,0.009040768991859875,0.01397385088098763,2.4657332471208346e-9,2.1600216434951585e-7,1.6102241897627586e-12,1.3777079493467604e-5,2.2680246283436607,2.104723466272984
0.0006530424401145387,0.0,0.00021144033932114496,0.008789186930908046,0.01355862630554008,2.361919555250944e-9,2.002017042145529e-7,1.3993875533797283e-12,1.275445550465078e-5,2.246200357258839,2.0825962888092953
0.0006604260855962335,0.0,0.00019694472284535603,0.008543655671940336,0.013151482560874086,2.2621900630810715e-9,1.8524642090718288e-7,1.2158005591376486e-12,1.1787051860281995e-5,2.224147937704681,2.060142099222939
0.0006678932145045023,0.0,0.00018315663736222077,0.00830406057807269,0.012752504677822065,2.166382367184662e-9,1.711156791153673e-7,1.055990586602409e-12,1.0873507816986006e-5,2.201861546605297,2.0373560354535427
0.0006754447707474096,0.0,0.00017006244457843807,0.008070288132435939,0.012361765273147913,2.0743403805343447e-9,1.5778769648009162e-7,9.169207487048015e-13,1.0012387577056878e-5,2.1793350481647016,2.0142332118621793
0.0006830817089053467,0.0,0.00015764745503264873,0.007842225963100804,0.011979324478714814,1.9859140813439218e-9,1.4523963972369514e-7,7.959361467860384e-13,9.202186625008075e-6,2.156561970735367,1.9907687385254544
0.0006908049943516989,0.0,0.00014589599177195823,0.007619762866559314,0.011605229913497836,1.9009592711859726e-9,1.3344772549312138e-7,6.907166293341762e-13,8.441338365836532e-6,2.1335354814759837,1.966957743118246
0.0006986156033748767,0.0,0.0001347914585779588,0.007402788829781567,0.011239516705128186,1.819337341976541e-9,1.2238732520395493e-7,5.992352840978206e-13,7.728221034527608e-6,2.1102483585343483,1.942795396299923
0.0007065145233017282,0.0,0.0001243164121640458,0.007191195050867265,0.010882207555009389,1.7409150514260845e-9,1.1203307326172776e-7,5.197219823081562e-13,7.061164819229591e-6,2.0866929604531785,1.918276940184194
0.0007145027526223419,0.0,0.00011445263808830601,0.0069848739583129975,0.010533312853091205,1.665564306561859e-9,1.0235897786404177e-7,4.5063137277561885e-13,6.438459161993059e-6,2.0628611924520865,1.893397720820533
0.0007225813011162694,0.0,0.00010518122972516749,0.006783719228916555,0.010192830835679415,1.5931619549312847e-9,9.333853368246403e-8,3.906147937422709e-13,5.858360174559645e-6,2.038744469186517,1.86815322427071
0.0007307511899801663,0.0,9.648266996977721e-5,0.006587625804341299,0.00986074779173249,1.5235895830981505e-9,8.494483557194507e-8,3.3849563254076413e-13,5.319098129212516e-6,2.0143336735228794,1.8425391172110228
0.0007390134519568816,0.0,8.8336914954833e-5,0.006396489906363629,0.00953703831034755,1.4567333220432822e-9,7.715069255882264e-8,2.9324771820711863e-13,4.81888495917858e-6,1.9896191107960226,1.816551291635422
0.0007473691314660053,0.0,8.072347940067612e-5,0.006210209050827922,0.009221665574243879,1.3924836590784742e-9,6.99287412311504e-8,2.5397638099862007e-13,4.355921726809182e-6,1.964590457928674,1.790185914577916
0.000755819284735889,0.0,7.362152283438782e-5,0.006028682060333888,0.008914581691284902,1.330735255876343e-9,6.325155776875212e-8,2.1990185597661132e-13,3.928405993290212e-6,1.9392367066891851,1.763439482404679
0.0007643649799371667,0.0,6.700993626671755e-5,0.0058518090756816575,0.008615728068226086,1.27138677220858e-9,5.709176774830941e-8,1.9034474604943264e-13,3.534539048673591e-6,1.913546100240344,1.7363088805621332
0.0007730072973177774,0.0,6.086742854167353e-5,0.00567949156610122,0.008325035818111618,1.214340694970555e-9,5.142215298431321e-8,1.6471329368955376e-13,3.1725329376888873e-6,1.887506061983471,1.7087914482846152
0.0007817473293395186,0.0,5.5172611939927224e-5,0.005511632338292499,0.00804242620493916,1.1595031720493053e-9,4.621575459019758e-8,1.424922404360911e-13,2.8406172431685603e-6,1.8611031155224973,1.6808850490900653
0.0007905861808161421,0.0,4.990408625554357e-5,0.005348135544303621,0.007767811116471019,1.1067838505647987e-9,4.144597158172189e-8,1.2323307971211325e-13,2.537045566750571e-6,1.834322794354897,1.6525881464923324
0.0007995249690530133,0.0,4.5040520945680944e-5,0.005188906688274786,0.007501093568324988,1.0560957189777014e-9,3.708665429290556e-8,1.0654553181863935e-13,2.2601016741819153e-6,1.8071495396305566,1.6238998856685765
0.0008085648239883443,0.0,4.056073460420225e-5,0.00503385263207602,0.007242168229781049,1.0073549525098051e-9,3.3112192023908816e-8,9.209009056500569e-14,2.00810525147867e-6,1.7795665839935584,1.594820180400687
0.0008177068883360324,0.0,3.644377140386418e-5,0.004882881599866825,0.0069909219740601864,9.604807612620802e-10,2.949759431112517e-8,7.957150917015258e-14,1.779417247009533e-6,1.751555819119543,1.5653498059006634
0.0008269523177301062,0.0,3.266897381573066e-5,0.0047359031816067544,0.006747234443196181,9.153952403367854e-10,2.6218565368010026e-8,6.873310909909622e-14,1.5724447544563374e-6,1.7230976440619237,1.5354904966882243
0.0008363022808708072,0.0,2.921605132071857e-5,0.004592828335545457,0.006510978630011357,8.720232211689113e-10,2.325157123531626e-8,5.935180962985029e-14,1.3856454213517817e-6,1.6941707908961994,1.5052450499576024
0.0008457579596723247,0.0,2.6065144503699454e-5,0.004453569389721378,0.0062820214671473786,8.302921231418657e-10,2.0573899343434118e-8,5.1233788397751714e-14,1.2175313485074805e-6,1.6647521233667346,1.474617433404812
0.0008553205494121993,0.0,2.319688433747027e-5,0.004318040042498149,0.006060224425563957,7.90131804394079e-10,1.8163710194487536e-8,4.421069413094971e-14,1.0666724760374274e-6,1.6348164032457344,1.4436128977304918
0.0008649912588824137,0.0,2.059244614896091e-5,0.004186155362168041,0.005845444112444225,7.514744105047981e-10,1.600008103722203e-8,3.8136342445462696e-14,9.316994327249095e-7,1.6043360178440431,1.4122380925430895
0.0008747713105421986,0.0,1.823359818485455e-5,0.00405783178565151,0.005637532870975774,7.142542194620388e-10,1.4063041422150054e-8,3.288383406381215e-14,8.113058561711177e-7,1.5732806604778686,1.3805011856050333
0.0008846619406725584,0.0,1.6102744385659777e-5,0.003932987116322229,0.005436339372093652,6.78407480941169e-10,1.233360068605419e-8,2.8343042293534752e-14,7.042501722939806e-7,1.5416169535709752,1.348411983850814
0.0008946643995325494,0.0,1.418296140664365e-5,0.003811540520986734,0.005241709200863199,6.438722474259413e-10,1.079376743304595e-8,2.4418423171000298e-14,6.09356853353951e-7,1.50930800128522,1.3159820557991977
0.0009047799515173225,0.0,1.2458029619405698e-5,0.0036934125260476625,0.005053485427889081,6.105881940400022e-10,9.426561231862158e-9,2.1027107448356126e-14,5.255171545386465e-7,1.4763128548800073,1.283224853448642
0.0009150098753179513,0.0,1.0912458258027416e-5,0.003578525012879607,0.004871509168778463,5.784964230603378e-10,8.216016765001412e-9,1.809723867109023e-14,4.516893592813728e-7,1.4425858690542293,1.250155832918425
0.0009253554640830736,0.0,9.531504569001133e-6,0.003466801212446144,0.004695620122481041,5.475392478591364e-10,7.147180803434511e-9,1.5566526043721563e-14,3.8689854371830746e-7,1.4080759208164237,1.216792571553126
0.0009358180255823531,0.0,8.301187251145662e-6,0.0033581656991867152,0.004525657092004149,5.176599493261665e-10,6.206102388976128e-9,1.338098468472352e-14,3.3023590001318076e-7,1.3727254532145747,1.1831548803706233
0.0009463988823717944,0.0,7.2082941632626134e-6,0.003252544384201409,0.004361458478873171,4.888024954470698e-10,5.379816725653248e-9,1.1493839293285407e-14,2.808576375769251e-7,1.3364692934183484,1.1492649091895677
0.0009570993719609233,0.0,6.240384697362147e-6,0.0031498645077617047,0.004202862755397202,4.6091121132818936e-10,4.656323277743939e-9,9.86457024628019e-15,2.3798350942216605e-7,1.299233176478727,1.1151472429379308
0.0009679208469818618,0.0,5.38578689978893e-6,0.0030500546311745913,0.004049708906736792,4.339303820555057e-10,4.0245586691302255e-9,8.458083762620824e-15,2.0089498902879355e-7,1.260931879937533,1.080828986118517
0.000978864675360308,0.0,4.633589832412045e-6,0.00295304462802748,0.0039018368474522877,4.07803763539131e-10,3.474364959811047e-9,7.243990055740852e-15,1.6893314999319934e-7,1.2214668360966328,1.0463398335957648
0.0009899322404884588,0.0,3.973631340784504e-6,0.0028587656748404093,0.0037590878051983866,3.824739655887619e-10,2.9964539482149384e-9,6.195975377449786e-15,1.4149627757517358e-7,1.1807230312901436,1.0117121243844411
0.001001124941399879,0.0,3.396481793201417e-6,0.0027671502411521763,0.00362130467688114,3.578816546402729e-10,2.582368112520545e-9,5.2912555638012856e-15,1.1803726674013344e-7,1.1385649133789972,0.9769808763574537
0.0010124441929463513,0.0,2.8934240176961263e-6,0.0026781320790660603,0.0034883323506153907,3.339644969014881e-10,2.2244388525993943e-9,4.5101001408071645e-15,9.80608368200989e-8,1.0948308899367767,0.9421837983770609
0.0010238914259767264,0.0,2.4564300466280955e-6,0.002591646212280549,0.0033600179994175104,3.106557191835826e-10,1.915742642383836e-9,3.835417233332817e-15,8.11206170070866e-8,1.0493257744959597,0.9073612776686711
0.0010354680875177943,0.0,2.0781349291413897e-6,0.0025076289246298796,0.0032362113406102706,2.878820912015955e-10,1.6500557279794134e-9,3.252390414171612e-15,6.681613119634815e-8,1.0018101602986766,0.872556338946969
0.0010471756409571975,0.0,1.7518082394528418e-6,0.0024260177481586257,0.003116764867439033,2.6556100396906184e-10,1.421807940582953e-9,2.7481591464873517e-15,5.478973352458956e-8,0.9519850408049665,0.8378145732301032
0.0010590155662284215,0.0,1.471323547313197e-6,0.002346751450753855,0.003001534047448326,2.435960810700897e-10,1.2260361989486043e-9,2.311534407855588e-15,4.47235192274931e-8,0.8994687880244082,0.803184033105464
0.001070989359997866,0.0,1.2311264702897482e-6,0.0022697700233579735,0.002890377494598435,2.2187029664782733e-10,1.0583381987781133e-9,1.9327399613851596e-15,3.633625723110373e-8,0.8437612628342444,0.7687150927797136
0.0010830985358540382,0.0,1.0262015549455595e-6,0.002195014666784396,0.00278315711015065,2.0023461018770514e-10,9.148267765329892e-10,1.6031663934280201e-15,2.9380363425543237e-8,0.7841849974682746,0.7344602702412688
0.0010953446244988839,0.0,8.520385744738428e-7,0.0021224277781576794,0.002679738199675495,1.7848794705274267e-10,7.920853510338589e-10,1.3151163808886215e-15,2.363895461481738e-8,0.7197825214229938,0.7004740106018145
0.0011077291739412765,0.0,7.04598448981177e-7,0.002051952936998954,0.0025799895615820695,1.5633885962797383e-10,6.871248257792446e-10,1.0614965241199931e-15,1.8922995253882825e-8,0.6491217058754549,0.6668124288682373
0.0011202537496927054,0.0,5.802793246123586e-7,0.001983534890976557,0.0024837835547793087,1.333232282955155e-10,5.973422488446571e-10,8.353417367405287e-16,1.506856971010852e-8,0.569882464296068,0.6335330123176262
0.0011329199349651643,0.0,4.758829603632192e-7,0.001917119541341211,0.002390996141118872,1.0859527933862131e-10,5.20481501433984e-10,6.288051605977888e-16,1.193428482958059e-8,0.4778195512345389,0.6006942820274919
0.001145729330871286,0.0,3.885818937820954e-7,0.0018526539280638997,0.002301506910365834,8.022429342064058e-11,4.5459620289723317e-10,4.2995914167599844e-16,9.398828116949316e-9,0.3633166608254473,0.5683554152114042
0.0011586835566267338,0.0,3.1588746658810845e-7,0.0017900862146939082,0.002215199083482147,4.0614062076861036e-11,3.9801499372454144e-10,2.017956607360827e-16,7.3586791267132124e-9,0.18929318099404271,0.536575829566241
0.001171784249754887,0.0,2.556191089696788e-7,0.0017293656729533442,0.0021319595019896644,0.0,3.493092817513236e-10,0.0,5.725992377216484e-9,0.0,0.5054147330789771
0.0011850330662938333,0.0,2.058748914977219e-7,0.0016704426670835376,0.0020516785992267202,0.0,3.0726351401419585e-10,0.0,4.426642899816609e-9,0.0,0.47493064242512506
0.0011984316810057102,0.0,1.650036696105614e-7,0.0016132686379574856,0.0019742503611846155,0.0,2.708479705719519e-10,0.0,3.398446651872719e-9,0.0,0.4451808754106318
0.001211981787588408,0.0,1.3157875903058608e-7,0.0015577960869714207,0.0018995722726776842,0.0,2.391940602035903e-10,0.0,2.5895415252831727e-9,0.0,0.41622102263900856
0.0012256850988896662,0.0,1.0437339728837983e-7,0.0015039785597272615,0.0018275452563711095,0.0,2.1157204385038476e-10,0.0,1.9569363365283634e-9,0.0,0.38810440588298833
0.0012395433471235943,0.0,8.233786553390359e-8,0.0014517706295163269,0.0017580736002914012,0.0,1.8737110323303298e-10,0.0,1.4652094929054427e-9,0.0,0.3608815302999481
0.0012535582840896326,0.0,6.457846432719341e-8,0.0014011278806132569,0.001691064881122232,0.0,1.6608163075595248e-10,0.0,1.085361270420146e-9,0.0,0.3345995397749691
0.0012677316813940029,0.0,5.0338163403440634e-8,0.0013520068913873812,0.0016264298787361518,0.0,1.472796166363286e-10,0.0,7.937987718948547e-10,0.0,0.309301684123592
0.001282065330673648,0.0,3.897906880718312e-8,0.0013043652172371695,0.0015640824890070246,0.0,1.306129800632073e-10,0.0,5.714554308551773e-10,0.0,0.2850268087281324
0.0012965610438227123,0.0,2.996648535448344e-8,0.001258161373351316,0.0015039396301561342,0.0,1.1578969850768885e-10,0.0,4.03022830076689e-10,0.0,0.2618088762656242
0.0013112206532215794,0.0,2.2854680133251282e-8,0.0012133548172979514,0.0014459211494039692,0.0,1.0256757087706432e-10,0.0,2.7629586374261346e-10,0.0,0.23967653157485427
0.001326046011968503,0.0,1.72740958326874e-8,0.001169905931441105,0.0013899497249799248,0.0,9.074546347327196e-11,0.0,1.8160883974284765e-10,0.0,0.21865271929093422
0.001341038994113848,0.0,1.2920094609873146e-8,0.0011277760051808996,0.001335950769992975,0.0,8.015587792979724e-11,0.0,1.1136370804286079e-10,0.0,0.19875436469042454
0.0013562014948969943,0.0,9.542964450611737e-9,0.001086927217010898,0.0012838523330283686,0.0,7.065869755009799e-11,0.0,5.962869742319273e-11,0.0,0.17999212617086652
0.001371535430985906,0.0,6.9392553604321434e-9,0.00104732261638285,0.0012335850017235071,0.0,6.213596504543588e-11,0.0,2.1809412135111006e-11,0.0,0.16237022796385187
0.0013870427407194148,0.0,4.944171341094903e-9,0.0010089261053650273,0.0011850818040281127,0.0,5.448756386242786e-11,0.0,-5.628076232770489e-12,0.0,0.14588637903762103
0.001402725384352244,0.0,3.425081897272019e-9,0.0009717024200761714,0.001138278113183018,0.0,4.762767603346537e-11,0.0,-2.5378802577081886e-11,0.0,0.13053178370358517
0.0014185853443028017,0.0,2.2758817457683768e-9,0.0009356171118718873,0.0010931115510009134,0.0,4.14819088013427e-11,0.0,-3.948406536723836e-11,0.0,0.11629124624857164
0.0014346246254037696,0.0,1.4122663672551294e-9,0.0009006365282546464,0.0010495218953062314,0.0,3.598498531847143e-11,0.0,-4.9475370809788225e-11,0.0,0.10314337098502863
0.0014508452551555387,0.0,7.676611211195124e-10,0.0008667277934716188,0.001007450986043836,0.0,3.1078912750653594e-11,0.0,-5.649446698719491e-11,0.0,0.09106085555398626
0.0014672492839824978,0.0,2.8988054938643884e-10,0.0008338587887568113,0.000966842635788758,0.0,2.6711545079954862e-11,0.0,-6.138324129250384e-11,0.0,0.08001087413545155
0.0014838387854922259,0.0,-6.173138144973004e-11,0.0008019981321645401,0.0009276425391526588,0.0,2.2835473711651866e-11,0.0,-6.475926673123183e-11,0.0,0.06995554358410837
0.001500615856737613,0.0,-3.185916380984794e-10,0.0007711151579302805,0.0008897981867594524,0.0,1.9407182977001112e-11,0.0,-6.706949842996667e-11,0.0,0.060852464401733884
0.0015175826184819431,0.0,-5.048333983651931e-10,0.0007411798952818339,0.0008532587783463555,0.0,1.6386420759258136e-11,0.0,-6.863658575959562e-11,0.0,0.0526553250933555
0.001534741215466982,0.0,-6.388249837367728e-10,0.0007121630466080035,0.0008179751406855565,0.0,1.3735738029118503e-11,0.0,-6.96892586038972e-11,0.0,0.04531455778533423
0.001552093816684087,0.0,-7.344716061607557e-10,0.0006840359648731642,0.000783899645037739,0.0,1.1420161468381943e-11,0.0,-7.03901739399925e-11,0.0,0.038778030251304656
0.0015696426156483856,0.0,-8.021863216019666e-10,0.0006567706301431815,0.000750986129960174,0.0,9.406966373896067e-12,0.0,-7.085188725629067e-11,0.0,0.032991759596999445
0.0015873898306760553,0.0,-8.497351515299273e-10,0.0006303396250603734,0.0007191898244536814,0.0,7.665524884479784e-12,0.0,-7.115349729150367e-11,0.0,0.02790063104924512
0.0016053377051647392,0.0,-8.828318391513162e-10,0.000604716109071155,0.0006884672775276978,0.0,6.1672071273855314e-12,0.0,-7.134806760212532e-11,0.0,0.023449106407002103
0.0016234885078771234,0.0,-9.056746972709567e-10,0.0005798737911680771,0.0006587762895814687,0.0,4.8853185271800555e-12,0.0,-7.147275042230423e-11,0.0,0.019581905989892928
0.0016418445332277373,0.0,-9.212920226267238e-10,0.0005557869008559283,0.0006300758520841214,0.0,3.795058793527054e-12,0.0,-7.155135249304924e-11,0.0,0.01624465010614511
0.0016604081015729817,0.0,-9.318780492717705e-10,0.0005324301569867806,0.0006023260915151516,0.0,2.8734919040839143e-12,0.0,-7.160081863140569e-11,0.0,0.013384446390564101
0.0016791815595044411,0.0,-9.38979022064586e-10,0.0005097787340272268,0.0005754882245940129,0.0,2.099518577315435e-12,0.0,-7.163116293748547e-11,0.0,0.010950412489023365
0.001698167280145514,0.0,-9.437029215199025e-10,0.00048780822521790607,0.0005495245214484158,0.0,1.4538450024938577e-12,0.0,-7.16500036477649e-11,0.0,0.008894124712255381
0.001717367663451397,0.0,-9.468075216684838e-10,0.00046649460195372197,0.0005243982843847648,0.0,9.18943799682037e-13,0.0,-7.166113366158761e-11,0.0,0.007169987023295457
0.0017367851365124537,0.0,-9.488337303100908e-10,0.00044581416854386007,0.0005000738396323388,0.0,4.790041844864502e-13,0.0,-7.16680535838987e-11,0.0,0.005735516288754609
0.0017564221538610269,0.0,-9.501357324785789e-10,0.0004257435112910124,0.000476516550311188,0.0,1.1987060182162505e-13,0.0,-7.16718776419929e-11,0.0,0.004551543629327948
0.0017762811977817081,0.0,-9.509698594625308e-10,0.00040625944054166355,0.0004536928485586987,0.0,-1.7103099449311661e-13,0.0,-7.167436960094985e-11,0.0,0.003582333209731101
0.0017963647786251198,0.0,-9.514919527167269e-10,0.0003873389239789716,0.0004315702953474628,0.0,-4.0477765578244174e-13,0.0,-7.167554606888551e-11,0.0,0.0027956233953266114
0.001816675435125247,0.0,-9.5182133417154e-10,0.00036895900892155135,0.00041011766601024694,0.0,-5.910442226365759e-13,0.0,-7.167647093981656e-11,0.0,0.0021625961920199457
0.0018372157347203465,0.0,-9.520204702642313e-10,0.0003510967307044354,0.00038930506959170366,0.0,-7.382053986125651e-13,0.0,-7.167673501731076e-11,0.0,0.001657783754391922
0.0018579882738775045,0.0,-9.521455227887602e-10,0.0003337290032781056,0.0003691040991880752,0.0,-8.534439893653765e-13,0.0,-7.167713192678258e-11,0.0,0.0012589208979490781
0.0018789956784208452,0.0,-9.522169586399684e-10,0.0003168324868570509,0.00034948801978859466,0.0,-9.42861667693474e-13,0.0,-7.167709789881344e-11,0.0,0.0009467544734776657
0.0019002406038634576,0.0,-9.522631085172494e-10,0.0003003834256128118,0.0003304319884770251,0.0,-1.0115911669721003e-12,0.0,-7.167732519284208e-11,0.0,0.0007048196532377859
0.0019217257357430754,0.0,-9.522864494528648e-10,0.00028435744577928805,0.00031191331022273306,0.0,-1.063906220180883e-12,0.0,-7.167719935799582e-11,0.0,0.0005191941439898083
0.0019434537899615536,0.0,-9.52303599950668e-10,0.0002687293007123291,0.0002939117199689156,0.0,-1.1033286413009484e-12,0.0,-7.167737416570391e-11,0.0,0.0003782396700256603
0.001965427513128174,0.0,-9.523097361804223e-10,0.00025347254376434397,0.00027640968904446046,0.0,-1.132729257464135e-12,0.0,-7.167722214144273e-11,0.0,0.00027234026761395615
0.00198764968290685,0.0,-9.523167614520175e-10,0.00023855910121165443,0.0002593927406138384,0.0,-1.1544228509347693e-12,0.0,-7.167738070078748e-11,0.0,0.00019364466318159293
0.0020101231083672413,0.0,-9.523170727670362e-10,0.00022395870406053764,0.00024284976541550017,0.0,-1.1702544431523638e-12,0.0,-7.167722224081247e-11,0.0,0.00013581975874927627
0.0020328506303398434,0.0,-9.523207410476998e-10,0.00020963811611413616,0.00022677331544555481,0.0,-1.1816779087065078e-12,0.0,-7.167737514908996e-11,0.0,9.381973044998392e-5
0.0020558351217750963,0.0,-9.52319197020228e-10,0.00019556006030295542,0.00021115985977799008,0.0,-1.1898249130461414e-12,0.0,-7.167721587556237e-11,0.0,6.367490176526587e-5
0.002079079488106541,0.0,-9.523218030582553e-10,0.00018168168476521664,0.0001960099739077144,0.0,-1.1955658899700336e-12,0.0,-7.167736607054884e-11,0.0,4.2302117898059035e-5
0.002102586667618103,0.0,-9.523197112750046e-10,0.00016795230221691246,0.00018132844188070493,0.0,-1.199561602785073e-12,0.0,-7.167720750699857e-11,0.0,2.7338198401228397e-5
0.0021263596318155083,0.0,-9.523219886257538e-10,0.00015430993385137876,0.00016712424002897336,0.0,-1.2023075244371855e-12,0.0,-7.167735574713067e-11,0.0,1.6995927100002544e-5
0.0021504013858019075,0.0,-9.523197544261864e-10,0.00014067578678040565,0.00015341038204601758,0.0,-1.204169943795715e-12,0.0,-7.167719828735733e-11,0.0,9.942253800023687e-6
0.002174714968657748,0.0,-9.523219236058018e-10,0.00012694493434057147,0.00014020359872795481,0.0,-1.2054163009453822e-12,0.0,-7.167734476302226e-11,0.0,5.196683571971607e-6
0.002199303453824941,0.0,-9.523196648878107e-10,0.00011296945673129991,0.00012752384112819866,0.0,-1.2062388279807278e-12,0.0,-7.16771885001043e-11,0.0,2.048446859278285e-6
0.0022241699494953615,0.0,-9.523217878521364e-10,9.852500217466681e-5,0.00011539359452131922,0.0,-1.2067740369635847e-12,0.0,-7.167733324285456e-11,0.0,-1.0255767047245438e-8
0.0022493175990037626,0.0,-9.523195366907795e-10,8.323533998085248e-5,0.0001038370108305813,0.0,-1.2071171502539335e-12,0.0,-7.167717819375758e-11,0.0,-1.336687459354639e-6
0.002274749581225112,0.0,-9.523216296201534e-10,6.636505803019312e-5,9.287887028613069e-5,0.0,-1.2073338830739687e-12,0.0,-7.167732121124488e-11,0.0,-2.17844087087488e-6
0.002300469110976429,0.0,-9.523193940280605e-10,4.600624467400164e-5,8.254340647217841e-5,0.0,-1.207468607121922e-12,0.0,-7.167716737518826e-11,0.0,-2.704320623581058e-6
0.0023264794394231665,0.0,-9.523214607912931e-10,6.856210602590511e-6,7.285303359318725e-5,0.0,-1.2075510792159104e-12,0.0,-7.167730865311072e-11,0.0,-3.0276549554441117e-6
0.002352783854490187,0.0,-9.52319242594447e-10,0.0,6.382703724788147e-5,0.0,-1.2076006733730555e-12,0.0,-7.167715601764848e-11,0.0,-3.223188195130093e-6
0.002379385681277375,0.0,-9.52321283900291e-10,0.0,5.5480291214882e-5,0.0,-1.207630037950818e-12,0.0,-7.16772955456317e-11,0.0,-3.339472397652651e-6
0.002406288282479971,0.0,-9.523190832873809e-10,0.0,4.782207870396173e-5,0.0,-1.2076470578405753e-12,0.0,-7.167714410764562e-11,0.0,-3.407417078326394e-6
0.0024334950588136357,0.0,-9.523210992352302e-10,0.0,4.085508871028445e-5,0.0,-1.207656777843916e-12,0.0,-7.167728186972066e-11,0.0,-3.4464349401536304e-6
0.002461009449444332,0.0,-9.523189160707283e-10,0.0,3.4574662666230975e-5,0.0,-1.207662163459742e-12,0.0,-7.167713161261629e-11,0.0,-3.4684160581876874e-6
0.002488834932423066,0.0,-9.52320906541362e-10,0.0,2.896834628577498e-5,0.0,-1.2076651102858898e-12,0.0,-7.167726760013801e-11,0.0,-3.4805874203053023e-6
0.002516975025125533,0.0,-9.523187406950522e-10,0.0,2.401579333453505e-5,0.0,-1.2076666310375274e-12,0.0,-7.167711850959683e-11,0.0,-3.487179929503522e-6
0.002545433284696757,0.0,-9.523207055020687e-10,0.0,1.9689036596875772e-5,0.0,-1.2076674066380747e-12,0.0,-7.167725270846344e-11,0.0,-3.490698520385633e-6
0.002574213308500737,0.0,-9.523185567016168e-10,0.0,1.595312463449749e-5,0.0,-1.2076677371689332e-12,0.0,-7.167710477070545e-11,0.0,-3.4925210784930253e-6
0.002603318734575181,0.0,-9.523204957191888e-10,0.0,1.2767087251806911e-5,0.0,-1.2076678651264158e-12,0.0,-7.167723716553322e-11,0.0,-3.4934627183449865e-6
0.002632753242091392,0.0,-9.523183637771062e-10,0.0,1.0085176515463803e-5,0.0,-1.2076678565919398e-12,0.0,-7.167709036501678e-11,0.0,-3.4939218979566177e-6
0.0026625205518193413,0.0,-9.523202768288715e-10,0.0,7.85830062459257e-6,0.0,-1.2076678019016959e-12,0.0,-7.167722094431155e-11,0.0,-3.4941572378269995e-6
0.0026926244265980015,0.0,-9.523181614320245e-10,0.0,6.035562784614026e-6,0.0,-1.2076677036759942e-12,0.0,-7.167707526057987e-11,0.0,-3.494258602413654e-6
0.0027230686718110126,0.0,-9.523200483407066e-10,0.0,4.5658027195627795e-6,0.0,-1.2076675965581985e-12,0.0,-7.167720400860072e-11,0.0,-3.494316504207776e-6
0.0027538571358677036,0.0,-9.52317949238216e-10,0.0,3.399050441602921e-6,0.0,-1.207667475491443e-12,0.0,-7.167705942527903e-11,0.0,-3.494332047208384e-6
0.0027849937106895705,0.0,-9.52319809881544e-10,0.0,2.4878049324966644e-6,0.0,-1.2076673490180846e-12,0.0,-7.167718632970151e-11,0.0,-3.494349227708666e-6
0.0028164823322022444,0.0,-9.523177267957084e-10,0.0,1.7880778679381285e-6,0.0,-1.2076672216071415e-12,0.0,-7.167704282467736e-11,0.0,-3.4943460740518602e-6
0.0028483269808330302,0.0,-9.523195609499468e-10,0.0,1.2601574550952975e-6,0.0,-1.2076670830969331e-12,0.0,-7.16771678718726e-11,0.0,-3.494354707332422e-6
0.002880531682014054,0.0,-9.523174935640816e-10,0.0,8.69081522760379e-7,0.0,-1.2076669529292403e-12,0.0,-7.167702542681268e-11,0.0,-3.4943479024969945e-6
0.0029131005066911297,0.0,-9.523193011045124e-10,0.0,5.848249763222779e-7,0.0,-1.2076668036050234e-12,0.0,-7.167714860257337e-11,0.0,-3.4943548492612453e-6
0.0029460375718383482,0.0,-9.52317249088353e-10,0.0,3.8223613178007204e-7,0.0,-1.2076666713520242e-12,0.0,-7.167700718973231e-11,0.0,-3.4943474408367088e-6
0.0029793470409785017,0.0,-9.523190298235133e-10,0.0,2.4076340299005954e-7,0.0,-1.2076665110023074e-12,0.0,-7.16771284813864e-11,0.0,-3.4943540195814683e-6
0.003013033124709387,0.0,-9.523169928406736e-10,0.0,1.440310684518322e-7,0.0,-1.2076663767165342e-12,0.0,-7.167698808130897e-11,0.0,-3.4943465620904892e-6
0.003047100081236064,0.0,-9.523187466134346e-10,0.0,7.931673312266283e-8,0.0,-1.207666204962051e-12,0.0,-7.167710747287176e-11,0.0,-3.494352999807768e-6
0.0030815522169091157,0.0,-9.523167242691918e-10,0.0,3.698782189455381e-8,0.0,-1.2076660685316597e-12,0.0,-7.167696805622105e-11,0.0,-3.4943455824550186e-6
0.003116393886769036,0.0,-9.523184508792068e-10,0.0,9.93818955866739e-9,0.0,-1.2076658848651964e-12,0.0,-7.167708553448469e-11,0.0,-3.4943519135607175e-6
0.003151629495096709,0.0,-9.523164428193073e-10,0.0,-6.936495503591872e-9,0.0,-1.2076657461498125e-12,0.0,-7.167694707895635e-11,0.0,-3.494344548185625e-6
0.0031872634959701617,0.0,-9.523181421284615e-10,0.0,-1.7205644490191616e-8,0.0,-1.207665550092212e-12,0.0,-7.167706262348619e-11,0.0,-3.4943507766876176e-6
0.003223300393827617,0.0,-9.523161479395478e-10,0.0,-2.3296749658997055e-8,0.0,-1.2076654089201338e-12,0.0,-7.167692509550295e-11,0.0,-3.4943434634507972e-6
0.0032597447440368497,0.0,-9.523178196464006e-10,0.0,-2.6815601179622057e-8,0.0,-1.207665199956141e-12,0.0,-7.167703869230408e-11,0.0,-3.4943495891037903e-6
0.0032966011534710737,0.0,-9.52315838921788e-10,0.0,-2.8793659715107314e-8,0.0,-1.2076650561417678e-12,0.0,-7.167690206845546e-11,0.0,-3.494342326713806e-6
0.003333874281091244,0.0,-9.523174828641042e-10,0.0,-2.987494002418247e-8,0.0,-1.207664833726266e-12,0.0,-7.167701369659607e-11,0.0,-3.494348348851783e-6
0.0033715688385350094,0.0,-9.523155152061484e-10,0.0,-3.0449000017558004e-8,0.0,-1.2076646871008567e-12,0.0,-7.16768779398261e-11,0.0,-3.494341135728924e-6
0.003409689590712319,0.0,-9.523171311245275e-10,0.0,-3.074495734157677e-8,0.0,-1.2076644507426039e-12,0.0,-7.167698758650894e-11,0.0,-3.4943470534843665e-6
0.003448241356407708,0.0,-9.523151760231184e-10,0.0,-3.0892785039971986e-8,0.0,-1.2076643009972014e-12,0.0,-7.167685266755668e-11,0.0,-3.4943398880597095e-6
0.003487229008889478,0.0,-9.52316763751698e-10,0.0,-3.0964455722298824e-8,0.0,-1.207664050168733e-12,0.0,-7.167696031109389e-11,0.0,-3.4943457005093335e-6
0.0035266574765256795,0.0,-9.523148207313542e-10,0.0,-3.099795885392656e-8,0.0,-1.2076638970592065e-12,0.0,-7.167682619549745e-11,0.0,-3.494338580981848e-6
0.0035665317434071127,0.0,-9.52316379925531e-10,0.0,-3.101322783282391e-8,0.0,-1.2076636312466248e-12,0.0,-7.16769318164131e-11,0.0,-3.4943442872421663e-6
0.0036068568499773843,0.0,-9.523144485877318e-10,0.0,-3.101982570671721e-8,0.0,-1.2076634745239027e-12,0.0,-7.167679846867484e-11,0.0,-3.4943372118672547e-6
0.003647637893670012,0.0,-9.5231597904397e-10,0.0,-3.1022693867022254e-8,0.0,-1.2076631931226541e-12,0.0,-7.167690204856389e-11,0.0,-3.4943428109044446e-6
0.003688880029552837,0.0,-9.523140587798694e-10,0.0,-3.1023776464264153e-8,0.0,-1.2076630324752547e-12,0.0,-7.167676943070197e-11,0.0,-3.4943357778101017e-6
0.003730588470979616,0.0,-9.52315560221357e-10,0.0,-3.102427794787444e-8,0.0,-1.2076627349216339e-12,0.0,-7.167687094649279e-11,0.0,-3.4943412685990534e-6
0.0037727684902490828,0.0,-9.523136505397708e-10,0.0,-3.102438347032859e-8,0.0,-1.2076625700211569e-12,0.0,-7.167673902379624e-11,0.0,-3.4943342758513216e-6
0.0038154254192713714,0.0,-9.52315122674613e-10,0.0,-3.102449536662658e-8,0.0,-1.2076622557683596e-12,0.0,-7.167683845140418e-11,0.0,-3.4943396573162735e-6
0.003858564650242028,0.0,-9.523132230059986e-10,0.0,-3.1024452690237824e-8,0.0,-1.2076620862010038e-12,0.0,-7.167670718206475e-11,0.0,-3.4943327028536377e-6
0.0039021916363236524,0.0,-9.523146655049598e-10,0.0,-3.102450909155776e-8,0.0,-1.2076617546784258e-12,0.0,-7.16768045002926e-11,0.0,-3.494337973864313e-6
0.003946311892335176,0.0,-9.523127752752578e-10,0.0,-3.10244475380921e-8,0.0,-1.2076615800566989e-12,0.0,-7.167667384090062e-11,0.0,-3.4943310555889126e-6
0.0039909309954490385,0.0,-9.523141878530222e-10,0.0,-3.102449647647619e-8,0.0,-1.2076612305827658e-12,0.0,-7.167676902088866e-11,0.0,-3.4943362148714686e-6
0.004036054585896139,0.0,-9.523123064378802e-10,0.0,-3.1024433129945604e-8,0.0,-1.207661050526254e-12,0.0,-7.167663893034774e-11,0.0,-3.4943293306146715e-6
0.004081688367678827,0.0,-9.52313688705986e-10,0.0,-3.1024480425071965e-8,0.0,-1.2076606825024249e-12,0.0,-7.167673194388742e-11,0.0,-3.4943343769229135e-6
0.004127838109291963,0.0,-9.523118155339723e-10,0.0,-3.102441716429162e-8,0.0,-1.2076604964842512e-12,0.0,-7.167660237423773e-11,0.0,-3.4943275244002083e-6
0.004174509644452052,0.0,-9.523131671508228e-10,0.0,-3.1024463396200335e-8,0.0,-1.2076601092577781e-12,0.0,-7.167669319898287e-11,0.0,-3.4943324563227485e-6
0.0042217088728347335,0.0,-9.523113015009579e-10,0.0,-3.102440037626151e-8,0.0,-1.2076599168279462e-12,0.0,-7.167656410034496e-11,0.0,-3.4943256331473912e-6
0.0042694417608204974,0.0,-9.52312622055711e-10,0.0,-3.102444558200712e-8,0.0,-1.2076595097429731e-12,0.0,-7.167665270380254e-11,0.0,-3.4943304492794908e-6
0.004317714342248907,0.0,-9.523107633025236e-10,0.0,-3.102438279375399e-8,0.0,-1.207659310401437e-12,0.0,-7.16765240327603e-11,0.0,-3.4943236530407223e-6
0.004366532719181352,0.0,-9.523120524220529e-10,0.0,-3.1024426964725784e-8,0.0,-1.2076588827460002e-12,0.0,-7.167661038239486e-11,0.0,-3.494328351824295e-6
0.004415903062672344,0.0,-9.523101998357487e-10,0.0,-3.102436438533539e-8,0.0,-1.2076586759871017e-12,0.0,-7.16764820859382e-11,0.0,-3.4943215799520606e-6
0.004465831613549656,0.0,-9.523114570863618e-10,0.0,-3.1024407507675485e-8,0.0,-1.2076582270736593e-12,0.0,-7.167656615096553e-11,0.0,-3.494326159772775e-6
0.004516324683203149,0.0,-9.523096099492714e-10,0.0,-3.102434511374251e-8,0.0,-1.20765801233613e-12,0.0,-7.167643817762592e-11,0.0,-3.494319409665339e-6
0.00456738865438265,0.0,-9.52310834907715e-10,0.0,-3.10243871729879e-8,0.0,-1.2076575414396067e-12,0.0,-7.167651992259082e-11,0.0,-3.4943238687838785e-6
0.004619029982004729,0.0,-9.523089924772041e-10,0.0,-3.1024324938836745e-8,0.0,-1.2076573180598034e-12,0.0,-7.167639221399076e-11,0.0,-3.494317137569064e-6
0.004671255193968678,0.0,-9.523101846050975e-10,0.0,-3.102436591982806e-8,0.0,-1.207656824403619e-12,0.0,-7.167647160398109e-11,0.0,-3.4943214742699574e-6
0.004724070891981721,0.0,-9.52308346094385e-10,0.0,-3.102430381917804e-8,0.0,-1.207656591706112e-12,0.0,-7.167634410231402e-11,0.0,-3.4943147591884585e-6
0.004777483752393463,0.0,-9.523095048906241e-10,0.0,-3.102434370542736e-8,0.0,-1.2076560745011359e-12,0.0,-7.16764210951445e-11,0.0,-3.4943189714588014e-6
0.0048315005270399055,0.0,-9.523076694658938e-10,0.0,-3.1024281711152545e-8,0.0,-1.2076558318242848e-12,0.0,-7.167629374187405e-11,0.0,-3.49431226953038e-6
0.004886128044096879,0.0,-9.523087943942539e-10,0.0,-3.1024320485884684e-8,0.0,-1.2076552901734962e-12,0.0,-7.167636829615822e-11,0.0,-3.494316355398126e-6
0.004941373208943201,0.0,-9.523069612012008e-10,0.0,-3.102425856959447e-8,0.0,-1.207655036791989e-12,0.0,-7.1676241027047e-11,0.0,-3.4943096634785556e-6
0.004997243005033609,0.0,-9.523080517287506e-10,0.0,-3.102429621441928e-8,0.0,-1.2076544699024245e-12,0.0,-7.16763131026878e-11,0.0,-3.494313620829282e-6
0.005053744494781457,0.0,-9.523062198674273e-10,0.0,-3.102423434713726e-8,0.0,-1.2076542050292848e-12,0.0,-7.167618585364105e-11,0.0,-3.494306935752417e-6
0.005110884820451544,0.0,-9.523072753628357e-10,0.0,-3.102427084290534e-8,0.0,-1.2076536120019384e-12,0.0,-7.167625540210358e-11,0.0,-3.4943107622947095e-6
0.005168671205062888,0.0,-9.523054439093395e-10,0.0,-3.102420899415159e-8,0.0,-1.2076533348797833e-12,0.0,-7.167612810611791e-11,0.0,-3.4943040807266278e-6
0.0052271109533018065,0.0,-9.523064637703541e-10,0.0,-3.102424432042444e-8,0.0,-1.207652714767015e-12,0.0,-7.167619508121129e-11,0.0,-3.4943077740569433e-6
0.0052862114524453154,0.0,-9.523046317995114e-10,0.0,-3.1024182458890024e-8,0.0,-1.2076524245531635e-12,0.0,-7.167606766959278e-11,0.0,-3.49430109254348e-6
0.005345980173294881,0.0,-9.52305615331522e-10,0.0,-3.102421659427186e-8,0.0,-1.2076517764667995e-12,0.0,-7.167613202108236e-11,0.0,-3.4943046502221648e-6
0.005406424671120865,0.0,-9.523037818806309e-10,0.0,-3.102415468681867e-8,0.0,-1.2076514722704559e-12,0.0,-7.167600442026361e-11,0.0,-3.4942979651397654e-6
0.005467552586617502,0.0,-9.523047283693845e-10,0.0,-3.102418760931851e-8,0.0,-1.2076507951766263e-12,0.0,-7.167606609524745e-11,0.0,-3.4943013844199633e-6
0.005529371646868817,0.0,-9.52302892369364e-10,0.0,-3.102412562197153e-8,0.0,-1.2076504760876293e-12,0.0,-7.167593822923153e-11,0.0,-3.494294692099696e-6
0.005591889666325338,0.0,-9.52303801084329e-10,0.0,-3.102415730676739e-8,0.0,-1.2076497689227944e-12,0.0,-7.167599717269585e-11,0.0,-3.4942979702224133e-6
0.005655114547791925,0.0,-9.52301961479053e-10,0.0,-3.102409520407868e-8,0.0,-1.2076494339141503e-12,0.0,-7.167586896297226e-11,0.0,-3.4942912666793827e-6
0.005719054283426789,0.0,-9.523028316464917e-10,0.0,-3.1024125626404843e-8,0.0,-1.2076486956158675e-12,0.0,-7.167592511242111e-11,0.0,-3.4942944007154453e-6
0.005783716955751697,0.0,-9.523009873147833e-10,0.0,-3.102406337101294e-8,0.0,-1.2076483436868462e-12,0.0,-7.167579647719346e-11,0.0,-3.4942876819893377e-6
0.00584911073867375,0.0,-9.52301818077696e-10,0.0,-3.102409250445999e-8,0.0,-1.207647573114999e-12,0.0,-7.167584977122307e-11,0.0,-3.494290668774326e-6
0.005915243898518562,0.0,-9.522999678509082e-10,0.0,-3.102403005873786e-8,0.0,-1.207647203119945e-12,0.0,-7.167572062281232e-11,0.0,-3.494283930677748e-6
0.005982124795075226,0.0,-9.523007583613126e-10,0.0,-3.102405787451175e-8,0.0,-1.2076463990777731e-12,0.0,-7.167577099553216e-11,0.0,-3.4942867669099605e-6
0.006049761882653094,0.0,-9.52298901003996e-10,0.0,-3.102399519760844e-8,0.0,-1.2076460099202813e-12,0.0,-7.167564124454084e-11,0.0,-3.4942800050454085e-6
0.006118163711150395,0.0,-9.522996502971388e-10,0.0,-3.102402166666277e-8,0.0,-1.207645171158363e-12,0.0,-7.167568862735413e-11,0.0,-3.494282687303871e-6
0.006187338927135105,0.0,-9.522977846129226e-10,0.0,-3.1023958717374544e-8,0.0,-1.2076447615998855e-12,0.0,-7.167555818248522e-11,0.0,-3.4942758971646868e-6
0.006257296274937864,0.0,-9.522984917352378e-10,0.0,-3.102398380864891e-8,0.0,-1.2076438868812496e-12,0.0,-7.167560250135176e-11,0.0,-3.494278421709954e-6
0.006328044597757373,0.0,-9.522966164005723e-10,0.0,-3.1023920544439024e-8,0.0,-1.2076434557130694e-12,0.0,-7.167547126635824e-11,0.0,-3.4942715985843327e-6
0.006399592838778278,0.0,-9.522972803272585e-10,0.0,-3.102394422433377e-8,0.0,-1.2076425436738426e-12,0.0,-7.167551244614377e-11,0.0,-3.4942739616182574e-6
0.006471950042301583,0.0,-9.522953940085537e-10,0.0,-3.1023880600295236e-8,0.0,-1.207642089619872e-12,0.0,-7.167538032324228e-11,0.0,-3.4942671005898486e-6
0.006545125354888026,0.0,-9.522960136886313e-10,0.0,-3.102390283450293e-8,0.0,-1.2076411388698442e-12,0.0,-7.167541828316232e-11,0.0,-3.4942692980538166e-6
0.006619128026514178,0.0,-9.522941149635098e-10,0.0,-3.102383880340962e-8,0.0,-1.2076406605521426e-12,0.0,-7.1675285165563e-11,0.0,-3.494262394035085e-6
0.006693967411741819,0.0,-9.522946892328911e-10,0.0,-3.102385955610458e-8,0.0,-1.2076396696501192e-12,0.0,-7.167531982105315e-11,0.0,-3.4942644216325055e-6
0.006769652970900349,0.0,-9.522927766106173e-10,0.0,-3.1023795069499005e-8,0.0,-1.2076391655881762e-12,0.0,-7.167518559944842e-11,0.0,-3.494257469348048e-6
0.006846194271282687,0.0,-9.522933042886217e-10,0.0,-3.102381430118791e-8,0.0,-1.2076381329879665e-12,0.0,-7.167521685945126e-11,0.0,-3.4942593225733394e-6
0.006923600988354698,0.0,-9.522913762789081e-10,0.0,-3.102374930904762e-8,0.0,-1.2076376017454352e-12,0.0,-7.167508142177583e-11,0.0,-3.494252316488493e-6
0.007001882906978162,0.0,-9.52291856118208e-10,0.0,-3.102376698035219e-8,0.0,-1.207636525897457e-12,0.0,-7.167510919550348e-11,0.0,-3.4942539906230426e-6
0.007081049922647768,0.0,-9.5228991113878e-10,0.0,-3.102370142963904e-8,0.0,-1.2076359658325804e-12,0.0,-7.167497242483801e-11,0.0,-3.4942469250052527e-6
0.007161112042741897,0.0,-9.522903417941548e-10,0.0,-3.102371749710726e-8,0.0,-1.2076348450302467e-12,0.0,-7.167499660989647e-11,0.0,-3.494248415028487e-6
0.007242079387787678,0.0,-9.522883781268363e-10,0.0,-3.1023651333046034e-8,0.0,-1.2076342544876115e-12,0.0,-7.167485837967242e-11,0.0,-3.494241283889735e-6
0.007323962192740347,0.0,-9.52288758209464e-10,0.0,-3.102366575181751e-8,0.0,-1.2076330869714802e-12,0.0,-7.167487887106586e-11,0.0,-3.4942425845576834e-6
0.0074067708082769385,0.0,-9.522867741504704e-10,0.0,-3.10235989172426e-8,0.0,-1.2076324641837924e-12,0.0,-7.167473905573575e-11,0.0,-3.4942353817110954e-6
0.0074905157021048045,0.0,-9.522871021921065e-10,0.0,-3.102361164079756e-8,0.0,-1.2076312481575716e-12,0.0,-7.16747557484286e-11,0.0,-3.494236487490965e-6
0.007575207460284732,0.0,-9.522850959678892e-10,0.0,-3.1023544076582784e-8,0.0,-1.2076305913883621e-12,0.0,-7.167461421680002e-11,0.0,-3.494229206455279e-6
0.007660856788569144,0.0,-9.52285370442265e-10,0.0,-3.102355505507654e-8,0.0,-1.207629324972495e-12,0.0,-7.16746269952894e-11,0.0,-3.494230111529059e-6
0.00774747451375544,0.0,-9.522833401949705e-10,0.0,-3.102348669931022e-8,0.0,-1.2076286322924592e-12,0.0,-7.167448360502137e-11,0.0,-3.4942227456073863e-6
0.007835071585054502,0.0,-9.522835594799254e-10,0.0,-3.102349588058814e-8,0.0,-1.2076273135158911e-12,0.0,-7.167449234814014e-11,0.0,-3.4942234438502334e-6
0.007923659075474874,0.0,-9.522815032412454e-10,0.0,-3.10234266687408e-8,0.0,-1.2076265829803308e-12,0.0,-7.167434695607529e-11,0.0,-3.494215986012367e-6
0.008013248183222386,0.0,-9.522816656184517e-10,0.0,-3.102343399832231e-8,0.0,-1.2076252097867131e-12,0.0,-7.167435153666913e-11,0.0,-3.494216471025153e-6
0.008103850233115748,0.0,-9.522795813519247e-10,0.0,-3.102336386268469e-8,0.0,-1.2076244392786853e-12,0.0,-7.16742039901463e-11,0.0,-3.494208913976546e-6
0.008195476678018137,0.0,-9.522796850313897e-10,0.0,-3.102336928293875e-8,0.0,-1.2076230094235368e-12,0.0,-7.167420427527342e-11,0.0,-3.4942091789629426e-6
0.008288139100284843,0.0,-9.522775706368613e-10,0.0,-3.10232981540823e-8,0.0,-1.2076221967663389e-12,0.0,-7.167405441900658e-11,0.0,-3.494201515146928e-6
0.008381849213227491,0.0,-9.522776137624495e-10,0.0,-3.1023301604445635e-8,0.0,-1.2076207080304466e-12,0.0,-7.167405027147246e-11,0.0,-3.494201552973803e-6
0.008476618862594583,0.0,-9.522754670800628e-10,0.0,-3.102322940968245e-8,0.0,-1.2076198509609978e-12,0.0,-7.167389794333966e-11,0.0,-3.4941937744792114e-6
0.008572460028069016,0.0,-9.522754476885231e-10,0.0,-3.1023230827175696e-8,0.0,-1.2076183009810726e-12,0.0,-7.16738892158165e-11,0.0,-3.4941935777045898e-6
0.00866938482478232,0.0,-9.52273266350897e-10,0.0,-3.102315748971659e-8,0.0,-1.2076173970666588e-12,0.0,-7.167373424106112e-11,0.0,-3.4941856762972273e-6
0.008767405504846145,0.0,-9.522731823156739e-10,0.0,-3.1023156807499136e-8,0.0,-1.207615783303617e-12,0.0,-7.167372077678028e-11,0.0,-3.4941852370611503e-6
0.00886653445890109,0.0,-9.52270963948174e-10,0.0,-3.1023082248135614e-8,0.0,-1.2076148300252471e-12,0.0,-7.167356297590921e-11,0.0,-3.494177204185242e-6
0.008966784217682867,0.0,-9.522708131431148e-10,0.0,-3.10230793961944e-8,0.0,-1.2076131499111511e-12,0.0,-7.167354461708603e-11,0.0,-3.4941765142025388e-6
0.009068167453606423,0.0,-9.522685552705891e-10,0.0,-3.102300353251831e-8,0.0,-1.2076121447270081e-12,0.0,-7.16733838092199e-11,0.0,-3.4941683409400235e-6
0.009170696982367723,0.0,-9.522683353993671e-10,0.0,-3.102299843765572e-8,0.0,-1.2076103955465183e-12,0.0,-7.16733603859784e-11,0.0,-3.494167391529297e-6
0.009274385764563815,0.0,-9.52266035405498e-10,0.0,-3.102292118309412e-8,0.0,-1.2076093356923577e-12,0.0,-7.167319637265981e-11,0.0,-3.4941590686117485e-6
0.009379246907331204,0.0,-9.52265744066253e-10,0.0,-3.1022913768112864e-8,0.0,-1.2076075146670067e-12,0.0,-7.167316770589679e-11,0.0,-3.494157850621929e-6
0.0094852936660026,0.0,-9.522633992819107e-10,0.0,-3.102283503294318e-8,0.0,-1.2076063973631692e-12,0.0,-7.16730002861338e-11,0.0,-3.4941493683783485e-6
0.009592539445782616,0.0,-9.522630339609364e-10,0.0,-3.102282521734006e-8,0.0,-1.2076045015761767e-12,0.0,-7.167296619362989e-11,0.0,-3.4941478722332955e-6
0.009700997803442203,0.0,-9.522606415377473e-10,0.0,-3.102274490745281e-8,0.0,-1.2076033238322816e-12,0.0,-7.167279515867824e-11,0.0,-3.494139220627577e-6
0.009810682449032377,0.0,-9.522601995609874e-10,0.0,-3.102273260599908e-8,0.0,-1.207601350058705e-12,0.0,-7.167275543889497e-11,0.0,-3.4941374362213877e-6
0.009921607247617344,0.0,-9.522577564774176e-10,0.0,-3.1022650622876014e-8,0.0,-1.2076001086113677e-12,0.0,-7.16725805597299e-11,0.0,-3.4941286048001214e-6
0.010033786221027035,0.0,-9.522572350511915e-10,0.0,-3.102263574705921e-8,0.0,-1.2075980535769565e-12,0.0,-7.167253500731708e-11,0.0,-3.494126521505709e-6
0.010147233549629727,0.0,-9.522547383631222e-10,0.0,-3.1022551989362936e-8,0.0,-1.2075967452844899e-12,0.0,-7.167235606416726e-11,0.0,-3.4941174993844668e-6
0.010261963574124417,0.0,-9.522541346911192e-10,0.0,-3.1022534446114594e-8,0.0,-1.207594605793646e-12,0.0,-7.167230447450866e-11,0.0,-3.494115106034308e-6
0.010377990797353753,0.0,-9.522515811652955e-10,0.0,-3.102244880695121e-8,0.0,-1.2075932272594363e-12,0.0,-7.167212122557008e-11,0.0,-3.4941058818493434e-6
0.010495329886137189,0.0,-9.52250892078666e-10,0.0,-3.1022428498256605e-8,0.0,-1.207590999593672e-12,0.0,-7.16720633620588e-11,0.0,-3.494103166680237e-6
0.010613995673125045,0.0,-9.522482782876593e-10,0.0,-3.10223408651838e-8,0.0,-1.207589547096026e-12,0.0,-7.167187554918842e-11,0.0,-3.4940937287348314e-6
0.010734003158673537,0.0,-9.522475006003395e-10,0.0,-3.102231768874255e-8,0.0,-1.2075872275937786e-12,0.0,-7.167181117895178e-11,0.0,-3.494090679355074e-6
0.010855367512740823,0.0,-9.522448231585418e-10,0.0,-3.102222794660237e-8,0.0,-1.207585697534034e-12,0.0,-7.167161855009929e-11,0.0,-3.494081015457673e-6
0.010978104076804756,0.0,-9.522439535395117e-10,0.0,-3.102220179521129e-8,0.0,-1.2075832823602473e-12,0.0,-7.167154742897255e-11,0.0,-3.4940776188732656e-6
0.011102228365802049,0.0,-9.522412087611928e-10,0.0,-3.102210982196167e-8,0.0,-1.2075816707397437e-12,0.0,-7.16713497055055e-11,0.0,-3.494067716320185e-6
0.011227756070089549,0.0,-9.522402436438045e-10,0.0,-3.102208058315888e-8,0.0,-1.2075791557661774e-12,0.0,-7.167127156941428e-11,0.0,-3.4940639587540042e-6
0.011354703057427688,0.0,-9.522374277683612e-10,0.0,-3.102198625199991e-8,0.0,-1.2075774585664041e-12,0.0,-7.167106846853731e-11,0.0,-3.4940538043883844e-6
0.011483085374986166,0.0,-9.522363634698338e-10,0.0,-3.1021953808358746e-8,0.0,-1.2075748396339037e-12,0.0,-7.167098304955317e-11,0.0,-3.4940496713227655e-6
0.011612919251372611,0.0,-9.522334725674399e-10,0.0,-3.1021856986497926e-8,0.0,-1.2075730525712875e-12,0.0,-7.167077427312422e-11,0.0,-3.4940392515236304e-6
0.011744221098683859,0.0,-9.52232305164282e-10,0.0,-3.1021821214296196e-8,0.0,-1.2075703251593773e-12,0.0,-7.167068128399227e-11,0.0,-3.494034727685895e-6
0.011877007514580656,0.0,-9.522293350756235e-10,0.0,-3.1021721762745955e-8,0.0,-1.2075684436552496e-12,0.0,-7.167046651875629e-11,0.0,-3.4940240283783567e-6
0.012011295284385794,0.0,-9.522280604331215e-10,0.0,-3.102168253262645e-8,0.0,-1.2075656030412652e-12,0.0,-7.167036565651206e-11,0.0,-3.4940190976023997e-6
0.012147101383205785,0.0,-9.52225006880666e-10,0.0,-3.102158030677416e-8,0.0,-1.2075636224282438e-12,0.0,-7.167014457871139e-11,0.0,-3.4940081041670045e-6
0.012284442978076812,0.0,-9.522236208246923e-10,0.0,-3.102153748451012e-8,0.0,-1.2075606639329296e-12,0.0,-7.167003553959617e-11,0.0,-3.4940027494252534e-6
0.012423337430134613,0.0,-9.522204794222318e-10,0.0,-3.102143233372012e-8,0.0,-1.2075585794949428e-12,0.0,-7.166980781837031e-11,0.0,-3.4939914467088882e-6
0.012563802296809274,0.0,-9.522189774134263e-10,0.0,-3.102138577751632e-8,0.0,-1.2075554980124877e-12,0.0,-7.166969027232132e-11,0.0,-3.4939856501201293e-6
0.012705855334044452,0.0,-9.522157433991555e-10,0.0,-3.10212775427274e-8,0.0,-1.2075533044238398e-12,0.0,-7.166945554262614e-11,0.0,-3.4939740223208962e-6
0.012849514498541962,0.0,-9.522141206332648e-10,0.0,-3.1021227103204486e-8,0.0,-1.2075500944568015e-12,0.0,-7.166932913738957e-11,0.0,-3.493967765120224e-6
0.012994797950031717,0.0,-9.522107891421074e-10,0.0,-3.1021115619879176e-8,0.0,-1.2075477863854181e-12,0.0,-7.166908703175684e-11,0.0,-3.4939557956588266e-6
0.013141724053567108,0.0,-9.52209040796065e-10,0.0,-3.10210611421679e-8,0.0,-1.20754444254391e-12,0.0,-7.166895141715798e-11,0.0,-3.493949058413537e-6
0.013290311381846694,0.0,-9.522056067995611e-10,0.0,-3.102094623909719e-8,0.0,-1.2075420145163122e-12,0.0,-7.166870155520504e-11,0.0,-3.4939367296728595e-6
0.013440578717561779,0.0,-9.522037276560786e-10,0.0,-3.102088755856411e-8,0.0,-1.2075385309395212e-12,0.0,-7.166855635013064e-11,0.0,-3.4939294924062382e-6
0.013592545055770773,0.0,-9.522001856936732e-10,0.0,-3.1020769056566554e-8,0.0,-1.207535976960901e-12,0.0,-7.166829831921813e-11,0.0,-3.4939167853930465e-6
0.013746229606300401,0.0,-9.521981703972003e-10,0.0,-3.102070600075987e-8,0.0,-1.2075323475454996e-12,0.0,-7.1668143129217e-11,0.0,-3.4939090279802805e-6
0.013901651796173822,0.0,-9.52194514932629e-10,0.0,-3.1020583715396675e-8,0.0,-1.2075296615777587e-12,0.0,-7.166787651731357e-11,0.0,-3.493895921857045e-6
0.01405883127206655,0.0,-9.52192357984301e-10,0.0,-3.102051610184425e-8,0.0,-1.2075258799660108e-12,0.0,-7.166771093269668e-11,0.0,-3.4938876245871058e-6
0.01421778790278981,0.0,-9.521885829898252e-10,0.0,-3.102038984156523e-8,0.0,-1.2075230555311086e-12,0.0,-7.166743529354594e-11,0.0,-3.493874095923118e-6
0.014378541781802178,0.0,-9.521862786253552e-10,0.0,-3.102031747542178e-8,0.0,-1.2075191150429137e-12,0.0,-7.16672588777207e-11,0.0,-3.4938652402171935e-6
0.014541113229749639,0.0,-9.521823777080093e-10,0.0,-3.1020187043720214e-8,0.0,-1.2075161454050576e-12,0.0,-7.166697375019154e-11,0.0,-3.493851261989579e-6
0.014705522797034123,0.0,-9.521799200928603e-10,0.0,-3.1020109717913555e-8,0.0,-1.2075120390241283e-12,0.0,-7.166678604781591e-11,0.0,-3.493841831342185e-6
0.014871791266411452,0.0,-9.52175886444311e-10,0.0,-3.1019974914359024e-8,0.0,-1.2075089172382333e-12,0.0,-7.166649095467327e-11,0.0,-3.4938273717569097e-6
0.01503993965561824,0.0,-9.52173269800977e-10,0.0,-3.101989240801369e-8,0.0,-1.2075046378649772e-12,0.0,-7.16662915002653e-11,0.0,-3.4938173530420603e-6
0.015209989220028926,0.0,-9.521690960319318e-10,0.0,-3.1019753028808325e-8,0.0,-1.2075013566669946e-12,0.0,-7.166598594221792e-11,0.0,-3.493802374066779e-6
0.015381961455342446,0.0,-9.521663143910125e-10,0.0,-3.101966510142104e-8,0.0,-1.207496896554255e-12,0.0,-7.16657742296658e-11,0.0,-3.4937917591218344e-6
0.015555878100299554,0.0,-9.521619922898884e-10,0.0,-3.1019520940301765e-8,0.0,-1.2074934480507284e-12,0.0,-7.166545766759309e-11,0.0,-3.493776214626203e-6
0.015731761139430867,0.0,-9.521590399860366e-10,0.0,-3.101942733371958e-8,0.0,-1.207488799252512e-12,0.0,-7.166523317976894e-11,0.0,-3.4937650020489697e-6
0.015909632805835686,0.0,-9.52154560829347e-10,0.0,-3.101927818679743e-8,0.0,-1.207485175561113e-12,0.0,-7.166490508067539e-11,0.0,-3.4937488357830395e-6
0.01608951558399269,0.0,-9.52151432374888e-10,0.0,-3.101917861963868e-8,0.0,-1.2074803297402548e-12,0.0,-7.166466727508973e-11,0.0,-3.4937370330157824e-6
0.016271432212601956,0.0,-9.521467861711547e-10,0.0,-3.101902428293113e-8,0.0,-1.2074765223236131e-12,0.0,-7.166432705548296e-11,0.0,-3.4937201762688915e-6
0.016455405687459408,0.0,-9.521434763139661e-10,0.0,-3.1018918447236634e-8,0.0,-1.2074714707567098e-12,0.0,-7.166407535677527e-11,0.0,-3.493707801940183e-6
0.016641459264363775,0.0,-9.521386521222545e-10,0.0,-3.1018758722400477e-8,0.0,-1.207467470883236e-12,0.0,-7.16637224211682e-11,0.0,-3.4936901710750705e-6
0.016829616462056097,0.0,-9.521351562807269e-10,0.0,-3.101864628336289e-8,0.0,-1.2074622045631647e-12,0.0,-7.166345623894802e-11,0.0,-3.4936772574243958e-6
0.01701990106519295,0.0,-9.521301418706964e-10,0.0,-3.101848097829255e-8,0.0,-1.2074580030405134e-12,0.0,-7.16630899637234e-11,0.0,-3.4936587512735706e-6
0.017212337127352803,0.0,-9.521264560003694e-10,0.0,-3.101836156815618e-8,0.0,-1.2074525124719238e-12,0.0,-7.166280867098794e-11,0.0,-3.4936453465628325e-6
0.017406948974076693,0.0,-9.521212376018942e-10,0.0,-3.101819049831731e-8,0.0,-1.2074480995718765e-12,0.0,-7.166242839426719e-11,0.0,-3.493625843823074e-6
0.017603761205943265,0.0,-9.521173584481457e-10,0.0,-3.1018063714625105e-8,0.0,-1.2074423748080231e-12,0.0,-7.166213133716751e-11,0.0,-3.4936120148699325e-6
0.017802798701678273,0.0,-9.521119206435759e-10,0.0,-3.1017886706071514e-8,0.0,-1.2074377403139671e-12,0.0,-7.166173637282815e-11,0.0,-3.4935913716481513e-6
0.01800408662129972,0.0,-9.521078458317724e-10,0.0,-3.101775210962678e-8,0.0,-1.2074317709909884e-12,0.0,-7.166142286698892e-11,0.0,-3.4935772059221505e-6
0.018207650409298035,0.0,-9.521021715186815e-10,0.0,-3.10175689998335e-8,0.0,-1.207426904521093e-12,0.0,-7.16610125096641e-11,0.0,-3.493555253600711e-6
0.018413515797852734,0.0,-9.520978998054835e-10,0.0,-3.1017426112009965e-8,0.0,-1.2074206799213362e-12,0.0,-7.166068184580723e-11,0.0,-3.4935408611965366e-6
0.01862170881008496,0.0,-9.5209196972536e-10,0.0,-3.101723674912002e-8,0.0,-1.207415570113033e-12,0.0,-7.166025533648597e-11,0.0,-3.493517404555011e-6
0.018832255763347114,0.0,-9.52087500781625e-10,0.0,-3.101708504771471e-8,0.0,-1.2074090786984656e-12,0.0,-7.165990674847898e-11,0.0,-3.4935029195653303e-6
0.019045183272549688,0.0,-9.52081293800903e-10,0.0,-3.101688929337261e-8,0.0,-1.2074037141013332e-12,0.0,-7.165946331252828e-11,0.0,-3.4934777354380676e-6
0.01926051825352539,0.0,-9.520766288209595e-10,0.0,-3.101672821752387e-8,0.0,-1.2073969444037073e-12,0.0,-7.165909603444584e-11,0.0,-3.4934633168534065e-6
0.01947828792643179,0.0,-9.520701214502469e-10,0.0,-3.101652594373772e-8,0.0,-1.2073913126608377e-12,0.0,-7.165863484908047e-11,0.0,-3.4934361535247666e-6
0.019698519819191965,0.0,-9.520652626090356e-10,0.0,-3.1016354887572e-8,0.0,-1.207384252250901e-12,0.0,-7.165824805397934e-11,0.0,-3.4934219854304447e-6
0.019921241770974332,0.0,-9.520584291543596e-10,0.0,-3.1016145975464736e-8,0.0,-1.2073783405120656e-12,0.0,-7.165776825839328e-11,0.0,-3.493392562606967e-6
0.020146481935711873,0.0,-9.52053379940563e-10,0.0,-3.1015964291654864e-8,0.0,-1.2073709766222632e-12,0.0,-7.165736109158148e-11,0.0,-3.493378853584527e-6
0.020374268785660784,0.0,-9.520461925839441e-10,0.0,-3.101574863129534e-8,0.0,-1.2073647715111313e-12,0.0,-7.165686179696822e-11,0.0,-3.493346863121452e-6
0.020604631114999893,0.0,-9.520409575905144e-10,0.0,-3.1015555631874824e-8,0.0,-1.207357090720311e-12,0.0,-7.165643335653095e-11,0.0,-3.493333844896475e-6
0.02083759804347023,0.0,-9.520333862763597e-10,0.0,-3.101533311613392e-8,0.0,-1.2073505782399112e-12,0.0,-7.165591362963197e-11,0.0,-3.493298952514627e-6
0.021073199020056117,0.0,-9.520279711333323e-10,0.0,-3.1015128073787645e-8,0.0,-1.2073425665372937e-12,0.0,-7.165546297347154e-11,0.0,-3.493286877833507e-6
0.02131146382670789,0.0,-9.520199836409063e-10,0.0,-3.1014898595850876e-8,0.0,-1.2073357318442155e-12,0.0,-7.165492183420729e-11,0.0,-3.4932487253751715e-6
0.021552422582106313,0.0,-9.52014394947915e-10,0.0,-3.1014680748353424e-8,0.0,-1.207327374726175e-12,0.0,-7.165444798608834e-11,0.0,-3.4932378650032093e-6
0.021796105745470144,0.0,-9.520059570520678e-10,0.0,-3.1014444196027086e-8,0.0,-1.207320202337726e-12,0.0,-7.165388440757868e-11,0.0,-3.4931960736395526e-6
0.022042544120406165,0.0,-9.520002020374278e-10,0.0,-3.101421274870486e-8,0.0,-1.2073114846605782e-12,0.0,-7.165338633944717e-11,0.0,-3.4931867126851352e-6
0.022291768858803143,0.0,-9.51991277800884e-10,0.0,-3.101396900004646e-8,0.0,-1.2073039583322971e-12,0.0,-7.16527992548368e-11,0.0,-3.4931408867456075e-6
0.02254381146476979,0.0,-9.519853640411772e-10,0.0,-3.101372312898553e-8,0.0,-1.2072948641122737e-12,0.0,-7.165227588776898e-11,0.0,-3.493133320311435e-6
0.02279870379861689,0.0,-9.519759158085957e-10,0.0,-3.1013472043845886e-8,0.0,-1.2072869667992978e-12,0.0,-7.165166417116326e-11,0.0,-3.493083051680663e-6
0.023056478080885026,0.0,-9.519698511460744e-10,0.0,-3.101321090250701e-8,0.0,-1.2072774796742087e-12,0.0,-7.165111438974183e-11,0.0,-3.4930775800022205e-6
0.02331716689641719,0.0,-9.519598401469559e-10,0.0,-3.10129523202156e-8,0.0,-1.2072691936750013e-12,0.0,-7.165047688041073e-11,0.0,-3.4930224530140737e-6
0.02358080319847814,0.0,-9.519536319992691e-10,0.0,-3.101267504122111e-8,0.0,-1.2072592961455254e-12,0.0,-7.164989949500874e-11,0.0,-3.4930193760789124e-6
0.023847420312919643,0.0,-9.519430182721462e-10,0.0,-3.1012408768660586e-8,0.0,-1.2072506028436315e-12,0.0,-7.164923496795245e-11,0.0,-3.4929589727518215e-6
0.024117051942393303,0.0,-9.519366735625325e-10,0.0,-3.101211447053025e-8,0.0,-1.2072402768505407e-12,0.0,-7.164862874815317e-11,0.0,-3.4929585847968005e-6
0.024389732170610967,0.0,-9.519254164446777e-10,0.0,-3.101184027944403e-8,0.0,-1.2072311565531938e-12,0.0,-7.164793592292094e-11,0.0,-3.4928924902540465e-6
0.024665495466652892,0.0,-9.519189413225408e-10,0.0,-3.101152807175621e-8,0.0,-1.2072203832861962e-12,0.0,-7.164729958794599e-11,0.0,-3.492895074067231e-6
0.0249443766893253,0.0,-9.519069996558206e-10,0.0,-3.101124568942947e-8,0.0,-1.2072108155357705e-12,0.0,-7.164657711980022e-11,0.0,-3.492822881932428e-6
0.025226411091566488,0.0,-9.519003987864205e-10,0.0,-3.101091467499206e-8,0.0,-1.2071995754309887e-12,0.0,-7.164590932482407e-11,0.0,-3.4928287031947226e-6
0.02551163432490324,0.0,-9.51887731301057e-10,0.0,-3.1010623779162726e-8,0.0,-1.2071895388245342e-12,0.0,-7.164515581209079e-11,0.0,-3.4927500209414735e-6
0.025800082443957623,0.0,-9.518810076462704e-10,0.0,-3.101027305907314e-8,0.0,-1.2071778111908357e-12,0.0,-7.164445514810123e-11,0.0,-3.4927593227318766e-6
0.026091791911004265,0.0,-9.518675733794853e-10,0.0,-3.1009973271940456e-8,0.0,-1.2071672832695126e-12,0.0,-7.164366913299676e-11,0.0,-3.492673776726289e-6
0.026386799600579873,0.0,-9.518607277716273e-10,0.0,-3.1009601948479046e-8,0.0,-1.2071550464404044e-12,0.0,-7.164293411815573e-11,0.0,-3.492686774396908e-6
0.026685142804144153,0.0,-9.518464861799489e-10,0.0,-3.100929283111354e-8,0.0,-1.2071440038433135e-12,0.0,-7.164211407104599e-11,0.0,-3.492594014552823e-6
0.026986859234793912,0.0,-9.518395170970502e-10,0.0,-3.100890001157046e-8,0.0,-1.2071312353085728e-12,0.0,-7.164134316459512e-11,0.0,-3.49261089102989e-6
0.027291987032030444,0.0,-9.51824428302501e-10,0.0,-3.100858105635479e-8,0.0,-1.2071196534428406e-12,0.0,-7.164048748372943e-11,0.0,-3.4925105949505723e-6
0.027600564766580363,0.0,-9.518173313388355e-10,0.0,-3.10081658527357e-8,0.0,-1.2071063296611684e-12,0.0,-7.163967906913738e-11,0.0,-3.492531496508956e-6
0.027912631445271625,0.0,-9.518013565219223e-10,0.0,-3.100783648334534e-8,0.0,-1.2070941830512719e-12,0.0,-7.163878608329883e-11,0.0,-3.492423373048269e-6
0.02822822651596399,0.0,-9.517941244077132e-10,0.0,-3.1007398018051287e-8,0.0,-1.2070802794371296e-12,0.0,-7.163793848124278e-11,0.0,-3.4924484058239813e-6
0.02854738987253588,0.0,-9.517772257097583e-10,0.0,-3.1007057580823326e-8,0.0,-1.2070675409751524e-12,0.0,-7.163700643163945e-11,0.0,-3.4923321979795748e-6
0.02887016185992702,0.0,-9.51769847731724e-10,0.0,-3.10065949820472e-8,0.0,-1.2070530316662297e-12,0.0,-7.163611787617347e-11,0.0,-3.4923614250082484e-6
0.02919658327923849,0.0,-9.517519887361101e-10,0.0,-3.1006242746461494e-8,0.0,-1.2070396734299798e-12,0.0,-7.163514493047e-11,0.0,-3.4922369121323356e-6
0.029526695392890497,0.0,-9.517444506046347e-10,0.0,-3.100575515023976e-8,0.0,-1.2070245314209788e-12,0.0,-7.16342135687633e-11,0.0,-3.4922703512322722e-6
0.02986053992983793,0.0,-9.517255963790492e-10,0.0,-3.100539030639478e-8,0.0,-1.2070105241838664e-12,0.0,-7.163319782128334e-11,0.0,-3.4921373504877035e-6
0.030198159090845667,0.0,-9.517178799843902e-10,0.0,-3.100487685432297e-8,0.0,-1.206994721090425e-12,0.0,-7.16322217207523e-11,0.0,-3.4921749727287025e-6
0.030539595553822737,0.0,-9.516979969859713e-10,0.0,-3.1004498509606657e-8,0.0,-1.2069800343139267e-12,0.0,-7.163116117294935e-11,0.0,-3.4920333397743606e-6
0.030884892479217333,0.0,-9.516900804286363e-10,0.0,-3.10039583477727e-8,0.0,-1.2069635405240267e-12,0.0,-7.1630138306038e-11,0.0,-3.492075068786721e-6
0.031234093515472808,0.0,-9.516691365795455e-10,0.0,-3.1003565526632704e-8,0.0,-1.2069481423131664e-12,0.0,-7.162903086326823e-11,0.0,-3.491924697864845e-6
0.03158724280454485,0.0,-9.51660994036644e-10,0.0,-3.1002997803272306e-8,0.0,-1.2069309267729131e-12,0.0,-7.162795912095936e-11,0.0,-3.491970409747571e-6
0.03194438498748179,0.0,-9.516389586654334e-10,0.0,-3.100258944557662e-8,0.0,-1.2069147835616139e-12,0.0,-7.162680258905265e-11,0.0,-3.491811232957019e-6
0.03230556521006728,0.0,-9.516305602286966e-10,0.0,-3.100199330593102e-8,0.0,-1.2068968138294463e-12,0.0,-7.16256797588986e-11,0.0,-3.4918607568349787e-6
0.03267082912852721,0.0,-9.516074040891527e-10,0.0,-3.100156826952104e-8,0.0,-1.2068798907612423e-12,0.0,-7.162447184946608e-11,0.0,-3.491692742834416e-6
0.03304022291530125,0.0,-9.5159871576102e-10,0.0,-3.100094285256765e-8,0.0,-1.2068611327741261e-12,0.0,-7.162329561469972e-11,0.0,-3.4917458619665427e-6
0.03341379326487903,0.0,-9.515744108187476e-10,0.0,-3.1000499910639156e-8,0.0,-1.206843393433945e-12,0.0,-7.162203393693554e-11,0.0,-3.4915690141710356e-6
0.03379158739970316,0.0,-9.515653945474988e-10,0.0,-3.0999844344414683e-8,0.0,-1.2068238115363183e-12,0.0,-7.162080187713188e-11,0.0,-3.4916254676692754e-6
0.03417365307613808,0.0,-9.51539913986107e-10,0.0,-3.099938218938036e-8,0.0,-1.2068052179860832e-12,0.0,-7.161948393312009e-11,0.0,-3.491439821855676e-6
0.034560038590507366,0.0,-9.515305276188767e-10,0.0,-3.0998695584717726e-8,0.0,-1.2067847747436556e-12,0.0,-7.161819350771982e-11,0.0,-3.4914993067423157e-6
0.034950792785198366,0.0,-9.515038455250632e-10,0.0,-3.0998212827222136e-8,0.0,-1.2067652873109697e-12,0.0,-7.161681668301181e-11,0.0,-3.4913049282289518e-6
0.03534596505483643,0.0,-9.51494043045488e-10,0.0,-3.099749427367309e-8,0.0,-1.20674394352477e-12,0.0,-7.161546523744415e-11,0.0,-3.491367101955846e-6
0.03574560535252904,0.0,-9.514661340970472e-10,0.0,-3.0996989442904465e-8,0.0,-1.2067235207151032e-12,0.0,-7.161402679686917e-11,0.0,-3.49116408247207e-6
0.036149764196179865,0.0,-9.514558656475768e-10,0.0,-3.099623800380109e-8,0.0,-1.2067012354502412e-12,0.0,-7.161261156226091e-11,0.0,-3.4912285656621675e-6
0.036558492674875126,0.0,-9.5142670497818e-10,0.0,-3.099570954968599e-8,0.0,-1.2066798338828349e-12,0.0,-7.161110864148688e-11,0.0,-3.4910170199233507e-6
0.036971842455341256,0.0,-9.514159169531675e-10,0.0,-3.099492425378757e-8,0.0,-1.2066565642601366e-12,0.0,-7.16096267184706e-11,0.0,-3.4910833993086295e-6
0.037389865788476216,0.0,-9.513854799111406e-10,0.0,-3.0994370548594174e-8,0.0,-1.206634138662022e-12,0.0,-7.160805632537471e-11,0.0,-3.4908634614182892e-6
0.037812615515954634,0.0,-9.513741149800373e-10,0.0,-3.099355038440474e-8,0.0,-1.2066098395713456e-12,0.0,-7.160650467716484e-11,0.0,-3.4909312930589914e-6
0.03824014507690695,0.0,-9.513423769330705e-10,0.0,-3.099296972438699e-8,0.0,-1.2065863429076598e-12,0.0,-7.160486369151074e-11,0.0,-3.4907031127203974e-6
0.03867250851467515,0.0,-9.513303742265083e-10,0.0,-3.099211363379862e-8,0.0,-1.2065609672648247e-12,0.0,-7.160323913437457e-11,0.0,-3.490771925103846e-6
0.03910976048364382,0.0,-9.512973100403865e-10,0.0,-3.099150423773985e-8,0.0,-1.206536350011566e-12,0.0,-7.160152428786077e-11,0.0,-3.490535663758449e-6
0.03955195625614909,0.0,-9.512846053593022e-10,0.0,-3.09906111105631e-8,0.0,-1.206509848434657e-12,0.0,-7.159982350496031e-11,0.0,-3.4906049610317707e-6
0.039999151729465776,0.0,-9.512501892749313e-10,0.0,-3.098997112284256e-8,0.0,-1.2064840592410116e-12,0.0,-7.15980313773312e-11,0.0,-3.4903607881452375e-6
0.04045140343287275,0.0,-9.512367150942027e-10,0.0,-3.0989039789438885e-8,0.0,-1.2064563799969628e-12,0.0,-7.159625088532222e-11,0.0,-3.490430053318221e-6
0.04090876853479929,0.0,-9.51200920301625e-10,0.0,-3.098836727844372e-8,0.0,-1.2064293650208662e-12,0.0,-7.159437790484138e-11,0.0,-3.49017814248527e-6
0.04137130485005109,0.0,-9.511866060237572e-10,0.0,-3.0987396504578836e-8,0.0,-1.2064004539771927e-12,0.0,-7.159251407302814e-11,0.0,-3.4902468403762293e-6
0.04183907084711909,0.0,-9.51149404396748e-10,0.0,-3.098668946373877e-8,0.0,-1.2063721568681294e-12,0.0,-7.159055649946975e-11,0.0,-3.4899873657081e-6
0.04231212565556991,0.0,-9.511341763878237e-10,0.0,-3.098567794272355e-8,0.0,-1.2063419574951064e-12,0.0,-7.15886055265276e-11,0.0,-3.490054945916903e-6
0.042790529073520524,0.0,-9.510955382235005e-10,0.0,-3.098493429019341e-8,0.0,-1.2063123195398184e-12,0.0,-7.158655944893119e-11,0.0,-3.4897880784061987e-6
0.04327434157519747,0.0,-9.510793198352069e-10,0.0,-3.0983880637002574e-8,0.0,-1.2062807723938274e-12,0.0,-7.158451735356678e-11,0.0,-3.489853978025214e-6
0.043763624318580774,0.0,-9.510392135650666e-10,0.0,-3.0983098216579785e-8,0.0,-1.206249732349672e-12,0.0,-7.1582378692293e-11,0.0,-3.4895798822205632e-6
0.04425843915313549,0.0,-9.510219252957248e-10,0.0,-3.09820009616955e-8,0.0,-1.2062167753584835e-12,0.0,-7.158024130591507e-11,0.0,-3.4896435283871427e-6
0.044758848627629355,0.0,-9.509803170772284e-10,0.0,-3.0981177538761564e-8,0.0,-1.2061842690037817e-12,0.0,-7.157800579163804e-11,0.0,-3.4893623591459954e-6
0.045264915998039834,0.0,-9.509618767152502e-10,0.0,-3.098003512256425e-8,0.0,-1.20614983698841e-12,0.0,-7.157576876447695e-11,0.0,-3.489423171253168e-6
0.04577670523555034,0.0,-9.509187301878984e-10,0.0,-3.0979168384665954e-8,0.0,-1.2061157973990391e-12,0.0,-7.157343192427131e-11,0.0,-3.4891350707539984e-6
0.04629428103463624,0.0,-9.50899052804753e-10,0.0,-3.097797915162061e-8,0.0,-1.2060798224495099e-12,0.0,-7.157109070225613e-11,0.0,-3.489192462504655e-6
0.04681770882124341,0.0,-9.50854328783201e-10,0.0,-3.097706670523839e-8,0.0,-1.2060441795872458e-12,0.0,-7.156864786515822e-11,0.0,-3.4888975574548445e-6
0.04734705476105806,0.0,-9.508333267909791e-10,0.0,-3.097582889801143e-8,0.0,-1.2060065904555532e-12,0.0,-7.156619768579824e-11,0.0,-3.4889509386830318e-6
0.04788238576787083,0.0,-9.507869830174386e-10,0.0,-3.097486826725767e-8,0.0,-1.2059692710593897e-12,0.0,-7.156364396404924e-11,0.0,-3.488649337755993e-6
0.0484237695120356,0.0,-9.507645661453396e-10,0.0,-3.0973580019628654e-8,0.0,-1.2059299931879882e-12,0.0,-7.156107984501293e-11,0.0,-3.488698115861345e-6
0.04897127442902293,0.0,-9.50716557014188e-10,0.0,-3.0972568643427174e-8,0.0,-1.2058909208635801e-12,0.0,-7.155841013383831e-11,0.0,-3.488389907366862e-6
0.049524969728071605,0.0,-9.506926323063025e-10,0.0,-3.097122797553255e-8,0.0,-1.2058498763415156e-12,0.0,-7.155572686604148e-11,0.0,-3.488433488626892e-6
0.05008492540093652,0.0,-9.506429086387455e-10,0.0,-3.097016320431986e-8,0.0,-1.2058089711297713e-12,0.0,-7.155293582418058e-11,0.0,-3.4881187383463633e-6
0.050651212230737035,0.0,-9.506173804791174e-10,0.0,-3.0968768016943646e-8,0.0,-1.2057660781982017e-12,0.0,-7.155012795172603e-11,0.0,-3.488156528853221e-6
0.05122390180090378,0.0,-9.505658892097121e-10,0.0,-3.0967647108512034e-8,0.0,-1.2057232565486422e-12,0.0,-7.154720999450595e-11,0.0,-3.4878352781743475e-6
0.05180306650422785,0.0,-9.505386592292818e-10,0.0,-3.0966195177219555e-8,0.0,-1.2056784299127247e-12,0.0,-7.154427181949822e-11,0.0,-3.4878666845687622e-6
0.05238877955201199,0.0,-9.504853431439994e-10,0.0,-3.096501529275269e-8,0.0,-1.205633604485146e-12,0.0,-7.154122110727949e-11,0.0,-3.4875389488225756e-6
0.052981114983324556,0.0,-9.504563102657148e-10,0.0,-3.096350426279391e-8,0.0,-1.205586754791789e-12,0.0,-7.153814666642014e-11,0.0,-3.4875633787858617e-6
0.05358014767435941,0.0,-9.504011077958004e-10,0.0,-3.096226246201796e-8,0.0,-1.2055398342347954e-12,0.0,-7.153495709083764e-11,0.0,-3.4872291456610563e-6
0.05418595334790022,0.0,-9.503701680288743e-10,0.0,-3.096068984255738e-8,0.0,-1.2054908680609029e-12,0.0,-7.153174015224766e-11,0.0,-3.48724600811749e-6
0.054798608582892774,0.0,-9.503130130168151e-10,0.0,-3.095938307919034e-8,0.0,-1.2054417569329222e-12,0.0,-7.152840532520978e-11,0.0,-3.48690523635776e-6
0.05541819082412548,0.0,-9.502800593759609e-10,0.0,-3.095774623638921e-8,0.0,-1.2053905765400733e-12,0.0,-7.152503936630663e-11,0.0,-3.486913941506738e-6
0.05604477839201834,0.0,-9.502208809041676e-10,0.0,-3.0956371353438287e-8,0.0,-1.205339174981145e-12,0.0,-7.152155261266111e-11,0.0,-3.486566559785288e-6
0.056678450492524145,0.0,-9.501858032967832e-10,0.0,-3.095466750547662e-8,0.0,-1.2052856781606653e-12,0.0,-7.151803081366198e-11,0.0,-3.486566518918131e-6
0.05731928722714002,0.0,-9.501245253838062e-10,0.0,-3.095322122884147e-8,0.0,-1.2052318819886155e-12,0.0,-7.151438515201172e-11,0.0,-3.4862124248116464e-6
0.057967369603033295,0.0,-9.50087210495409e-10,0.0,-3.0951447439859184e-8,0.0,-1.2051759615811526e-12,0.0,-7.151070037862095e-11,0.0,-3.486203049895093e-6
0.05862277954328174,0.0,-9.50023751887627e-10,0.0,-3.094992637120889e-8,0.0,-1.2051196616952934e-12,0.0,-7.150688850844919e-11,0.0,-3.4858421089529345e-6
0.059285599897228654,0.0,-9.499840829971312e-10,0.0,-3.0948079546121636e-8,0.0,-1.2050612060607093e-12,0.0,-7.150303330282079e-11,0.0,-3.4858228120489355e-6
0.05995591445095653,0.0,-9.499183569642408e-10,0.0,-3.094648015736365e-8,0.0,-1.2050022882176831e-12,0.0,-7.149904758628426e-11,0.0,-3.485454857072401e-6
0.060633807937877586,0.0,-9.498762137818711e-10,0.0,-3.094455703460784e-8,0.0,-1.204941180393092e-12,0.0,-7.149501415105824e-11,0.0,-3.485425049615393e-6
0.061319366049445136,0.0,-9.49808127901023e-10,0.0,-3.094287566048649e-8,0.0,-1.2048795254108712e-12,0.0,-7.149084660789449e-11,0.0,-3.4850498799673018e-6
0.06201267544598599,0.0,-9.497633863131388e-10,0.0,-3.0940872805479355e-8,0.0,-1.2048156429845744e-12,0.0,-7.148662678422437e-11,0.0,-3.485008971824002e-6
0.0627138237676543,0.0,-9.496928422848777e-10,0.0,-3.093910563698151e-8,0.0,-1.2047511262464103e-12,0.0,-7.148226906611202e-11,0.0,-3.4846263528489036e-6
0.06342289964551091,0.0,-9.496453741847712e-10,0.0,-3.0937019436133007e-8,0.0,-1.2046843413452696e-12,0.0,-7.147785432669939e-11,0.0,-3.4845737513173267e-6
0.0641399927127262,0.0,-9.495722675670336e-10,0.0,-3.0935162511736514e-8,0.0,-1.2046168324256835e-12,0.0,-7.147329770852014e-11,0.0,-3.4841834138027665e-6
0.06486519361591128,0.0,-9.495219406021767e-10,0.0,-3.093298916505527e-8,0.0,-1.2045470111890846e-12,0.0,-7.146867913083173e-11,0.0,-3.4841185223978847e-6
0.06559859402657583,0.0,-9.494461606062617e-10,0.0,-3.0931038363200885e-8,0.0,-1.2044763737999078e-12,0.0,-7.14639144858534e-11,0.0,-3.483720162089935e-6
0.06634028665271638,0.0,-9.49392837937748e-10,0.0,-3.0928773877347365e-8,0.0,-1.2044033763492232e-12,0.0,-7.145908274335394e-11,0.0,-3.4836423793027627e-6
0.06709036525053577,0.0,-9.49314267191894e-10,0.0,-3.092672490737876e-8,0.0,-1.2043294679330278e-12,0.0,-7.145410052878187e-11,0.0,-3.483235656473849e-6
0.06784892463629393,0.0,-9.492578072533725e-10,0.0,-3.092436508877182e-8,0.0,-1.204253148078519e-12,0.0,-7.144904587166332e-11,0.0,-3.4831443743485362e-6
0.06861606069829437,0.0,-9.491763215739965e-10,0.0,-3.0922213482115036e-8,0.0,-1.2041758195657086e-12,0.0,-7.144383610947731e-11,0.0,-3.482728913373736e-6
0.06939187040900444,0.0,-9.491165777331233e-10,0.0,-3.091975392836374e-8,0.0,-1.204096024336404e-12,0.0,-7.143854834073249e-11,0.0,-3.4826235160408385e-6
0.07017645183731383,0.0,-9.490320458825183e-10,0.0,-3.091749502970701e-8,0.0,-1.2040151199529453e-12,0.0,-7.143310059994818e-11,0.0,-3.482198904947437e-6
0.07096990416093168,0.0,-9.48968866199708e-10,0.0,-3.091493112129962e-8,0.0,-1.2039316894714594e-12,0.0,-7.142756905684887e-11,0.0,-3.482078767025612e-6
0.07177232767892261,0.0,-9.488811496684421e-10,0.0,-3.0912560078674126e-8,0.0,-1.2038470461571003e-12,0.0,-7.142187243086825e-11,0.0,-3.4816445571566795e-6
0.07258382382438637,0.0,-9.48814376521621e-10,0.0,-3.0909886971162866e-8,0.0,-1.203759813161458e-12,0.0,-7.141608596316826e-11,0.0,-3.4815090421167826e-6
0.07340449517727894,0.0,-9.48723329260971e-10,0.0,-3.09073987255419e-8,0.0,-1.203671260683316e-12,0.0,-7.141012904917058e-11,0.0,-3.4810647475954546e-6
0.0742344454773799,0.0,-9.486527990568262e-10,0.0,-3.090461134016227e-8,0.0,-1.2035800503575026e-12,0.0,-7.14040760028915e-11,0.0,-3.4809132060602493e-6
0.07507377963740636,0.0,-9.485582671769091e-10,0.0,-3.0902000615134174e-8,0.0,-1.2034874105637803e-12,0.0,-7.139784687777712e-11,0.0,-3.4804583033628346e-6
0.07592260375627399,0.0,-9.484838100240557e-10,0.0,-3.089909362961742e-8,0.0,-1.2033920402012954e-12,0.0,-7.139151506232268e-11,0.0,-3.480290071319668e-6
0.07678102513250983,0.0,-9.48385631533714e-10,0.0,-3.089635492015589e-8,0.0,-1.203295126795777e-12,0.0,-7.138500126164436e-11,0.0,-3.4798239987743683e-6
0.07764915227781453,0.0,-9.483070708595294e-10,0.0,-3.089332275918282e-8,0.0,-1.2031954053287877e-12,0.0,-7.137837793865475e-11,0.0,-3.479638395709903e-6
0.07852709493078049,0.0,-9.482050753911976e-10,0.0,-3.0890450320463387e-8,0.0,-1.203094023620057e-12,0.0,-7.137156642864247e-11,0.0,-3.4791605529428774e-6
0.07941496407076254,0.0,-9.481222275731177e-10,0.0,-3.088728714483328e-8,0.0,-1.2029897512964168e-12,0.0,-7.13646382726604e-11,0.0,-3.478956879990981e-6
0.08031287193190721,0.0,-9.48016236074473e-10,0.0,-3.0884274980345526e-8,0.0,-1.202883697635993e-12,0.0,-7.135751543149535e-11,0.0,-3.4784666273224993e-6
0.08122093201734049,0.0,-9.47928910039589e-10,0.0,-3.0880974676511744e-8,0.0,-1.2027746656796651e-12,0.0,-7.135026851754936e-11,0.0,-3.4782441652735904e-6
0.08213925911351451,0.0,-9.478187344515732e-10,0.0,-3.0877816525810685e-8,0.0,-1.2026637273054675e-12,0.0,-7.134282010134103e-11,0.0,-3.4777408230789525e-6
0.08306796930471874,0.0,-9.477267312793656e-10,0.0,-3.087437269453304e-8,0.0,-1.2025497173430948e-12,0.0,-7.133523986710993e-11,0.0,-3.4774988304076574e-6
0.08400717998775303,0.0,-9.476121741876047e-10,0.0,-3.0871062019959364e-8,0.0,-1.2024336716216927e-12,0.0,-7.132745098580428e-11,0.0,-3.476981678324701e-6
0.08495700988676787,0.0,-9.475152867133215e-10,0.0,-3.086746796480944e-8,0.0,-1.2023144555501548e-12,0.0,-7.131952221239954e-11,0.0,-3.4767193891689446e-6
0.08591757906827269,0.0,-9.47396141012273e-10,0.0,-3.0863997938414746e-8,0.0,-1.2021930699051096e-12,0.0,-7.131137729955786e-11,0.0,-3.4761876653584596e-6
0.08688900895631219,0.0,-9.472941533604055e-10,0.0,-3.086024665294668e-8,0.0,-1.2020684091996883e-12,0.0,-7.130308407191958e-11,0.0,-3.4759042874002498e-6
0.08787142234781654,0.0,-9.47170201887392e-10,0.0,-3.085661014256352e-8,0.0,-1.2019414403129945e-12,0.0,-7.129456685644403e-11,0.0,-3.475357187604393e-6
0.088864943428123,0.0,-9.470628890205026e-10,0.0,-3.085269429744334e-8,0.0,-1.2018110856284373e-12,0.0,-7.128589254006169e-11,0.0,-3.4750518999607184e-6
0.08986969778667424,0.0,-9.469339041728435e-10,0.0,-3.084888385255363e-8,0.0,-1.201678279348632e-12,0.0,-7.127698601234445e-11,0.0,-3.4744885765975542e-6
0.09088581243289459,0.0,-9.468210314225681e-10,0.0,-3.084479578194611e-8,0.0,-1.2015419700343014e-12,0.0,-7.126791322155188e-11,0.0,-3.4741605276496203e-6
0.09191341581224387,0.0,-9.466867747320344e-10,0.0,-3.084080361808335e-8,0.0,-1.2014030605349168e-12,0.0,-7.125859960244609e-11,0.0,-3.4735800886853956e-6
0.09295263782245528,0.0,-9.465680973317006e-10,0.0,-3.0836535305496674e-8,0.0,-1.2012605242191158e-12,0.0,-7.124911015911815e-11,0.0,-3.473228393813685e-6
0.09400360982995437,0.0,-9.464283190532473e-10,0.0,-3.0832353289184186e-8,0.0,-1.2011152336437776e-12,0.0,-7.123937086333313e-11,0.0,-3.4726299016530048e-6
0.095066464686466,0.0,-9.463035815978896e-10,0.0,-3.082789635253701e-8,0.0,-1.2009661856060804e-12,0.0,-7.122944576930743e-11,0.0,-3.4722536410418037e-6
0.0961413367458069,0.0,-9.46158020272347e-10,0.0,-3.082351598481646e-8,0.0,-1.200814223583997e-12,0.0,-7.121926137297797e-11,0.0,-3.471636111263891e-6
0.09722836188086957,0.0,-9.460269562245855e-10,0.0,-3.081886166068406e-8,0.0,-1.200658366223638e-12,0.0,-7.12088807704632e-11,0.0,-3.4712343275000662e-6
0.09832767750079827,0.0,-9.458753381750983e-10,0.0,-3.081427406031392e-8,0.0,-1.2004994291570615e-12,0.0,-7.119823096791285e-11,0.0,-3.470596727515731e-6
0.09943942256835754,0.0,-9.457376692969395e-10,0.0,-3.0809413187897065e-8,0.0,-1.200336451493233e-12,0.0,-7.118737410366076e-11,0.0,-3.4701684232809004e-6
0.10056373761749954,0.0,-9.455797081746563e-10,0.0,-3.080460907356609e-8,0.0,-1.2001702221175006e-12,0.0,-7.117623767678212e-11,0.0,-3.469509670871456e-6
0.10170076477112766,0.0,-9.454351439663503e-10,0.0,-3.079953207740365e-8,0.0,-1.1999997991087343e-12,0.0,-7.11648828575318e-11,0.0,-3.4690538064779984e-6
0.10285064775906243,0.0,-9.45270540223281e-10,0.0,-3.0794501750067536e-8,0.0,-1.1998259457461611e-12,0.0,-7.115323762746006e-11,0.0,-3.4683727682305814e-6
0.10401353193621084,0.0,-9.451187773441717e-10,0.0,-3.0789198622275834e-8,0.0,-1.1996477377331134e-12,0.0,-7.114136218231734e-11,0.0,-3.467888259140005e-6
0.10518956430093908,0.0,-9.44947217698448e-10,0.0,-3.078393194562019e-8,0.0,-1.1994659138680382e-12,0.0,-7.11291849726219e-11,0.0,-3.4671837487788277e-6
0.10637889351365587,0.0,-9.447879393360187e-10,0.0,-3.077839222737441e-8,0.0,-1.1992795658436172e-12,0.0,-7.111676520992091e-11,0.0,-3.466669463069043e-6
0.10758166991560307,0.0,-9.44609096186972e-10,0.0,-3.0772878608337773e-8,0.0,-1.1990894092250705e-12,0.0,-7.110403179805748e-11,0.0,-3.465940239673049e-6
0.10879804554786073,0.0,-9.444419714589933e-10,0.0,-3.076709137022024e-8,0.0,-1.1988945503113391e-12,0.0,-7.109104295873255e-11,0.0,-3.4653949954290036e-6
0.11002817417056676,0.0,-9.442555023236207e-10,0.0,-3.076131973858345e-8,0.0,-1.198695682410729e-12,0.0,-7.1077728035305e-11,0.0,-3.4646397615213466e-6
0.11127221128235233,0.0,-9.440801855904752e-10,0.0,-3.0755273560505985e-8,0.0,-1.1984919249277093e-12,0.0,-7.106414424601305e-11,0.0,-3.46406232413078e-6
0.11253031413999975,0.0,-9.43885732458373e-10,0.0,-3.0749232347370866e-8,0.0,-1.1982839501996113e-12,0.0,-7.105022136084958e-11,0.0,-3.4632797236599773e-6
0.1138026417783193,0.0,-9.43701862657082e-10,0.0,-3.074291529716818e-8,0.0,-1.198070889173656e-12,0.0,-7.103601558593162e-11,0.0,-3.4626688030944005e-6
0.11508935503025441,0.0,-9.434990513627555e-10,0.0,-3.073659241288484e-8,0.0,-1.1978533942651176e-12,0.0,-7.102145710300826e-11,0.0,-3.4618574192621428e-6
0.11639061654721074,0.0,-9.433062512936368e-10,0.0,-3.0729992024515154e-8,0.0,-1.1976306065887662e-12,0.0,-7.100660109572726e-11,0.0,-3.46121166723457e-6
0.11770659081961733,0.0,-9.43094690837704e-10,0.0,-3.0723374835506295e-8,0.0,-1.1974031595981397e-12,0.0,-7.099137813885046e-11,0.0,-3.4603700202884033e-6
0.11903744419772017,0.0,-9.428925664353395e-10,0.0,-3.07164780857491e-8,0.0,-1.1971702030882531e-12,0.0,-7.097584238225327e-11,0.0,-3.4596880273271525e-6
0.12038334491260894,0.0,-9.426718482695086e-10,0.0,-3.070955339077834e-8,0.0,-1.1969323527806268e-12,0.0,-7.09599247827899e-11,0.0,-3.4588145720985317e-6
0.12174446309748432,0.0,-9.42459987836898e-10,0.0,-3.0702346675264284e-8,0.0,-1.1966887655565296e-12,0.0,-7.094367844204632e-11,0.0,-3.4580948645765567e-6
0.12312097080916294,0.0,-9.422296851356664e-10,0.0,-3.0695100680258794e-8,0.0,-1.1964400404934082e-12,0.0,-7.09270346790247e-11,0.0,-3.457187987976043e-6
0.12451304204982745,0.0,-9.420076585668348e-10,0.0,-3.0687569788569835e-8,0.0,-1.1961853400429466e-12,0.0,-7.091004553886182e-11,0.0,-3.4564290250177396e-6
0.12592085278902232,0.0,-9.41767325453772e-10,0.0,-3.0679988080756846e-8,0.0,-1.1959252476156184e-12,0.0,-7.089264268467042e-11,0.0,-3.455487043398612e-6
0.12734458098589665,0.0,-9.415346833850651e-10,0.0,-3.0672118170331016e-8,0.0,-1.1956589298423536e-12,0.0,-7.087487709043792e-11,0.0,-3.4546872136576138e-6
0.12878440661170118,0.0,-9.412838541326252e-10,0.0,-3.0664185691445196e-8,0.0,-1.1953869556450061e-12,0.0,-7.085668074991494e-11,0.0,-3.453708369986131e-6
0.1302405116725368,0.0,-9.410401271177138e-10,0.0,-3.065596126033452e-8,0.0,-1.1951084939926253e-12,0.0,-7.083810354720158e-11,0.0,-3.4528659884411143e-6
0.1317130802323623,0.0,-9.407783153138703e-10,0.0,-3.064766227844037e-8,0.0,-1.1948241004698492e-12,0.0,-7.081907778906028e-11,0.0,-3.4518484493607077e-6
0.1332022984362622,0.0,-9.405230129321e-10,0.0,-3.063906713716511e-8,0.0,-1.194532945001941e-12,0.0,-7.079965225896778e-11,0.0,-3.450961753866123e-6
0.13470835453397556,0.0,-9.402497106008178e-10,0.0,-3.063038521773571e-8,0.0,-1.194235570796735e-12,0.0,-7.077975955663599e-11,0.0,-3.4499036066342514e-6
0.13623143890369413,0.0,-9.39982320531247e-10,0.0,-3.062140245998275e-8,0.0,-1.1939311470782385e-12,0.0,-7.075944734565398e-11,0.0,-3.4489707544352207e-6
0.1377717440761259,0.0,-9.39696997242424e-10,0.0,-3.0612320435526844e-8,0.0,-1.1936202058731005e-12,0.0,-7.073864850287176e-11,0.0,-3.4478700036985394e-6
0.13932946475883448,0.0,-9.394169843256343e-10,0.0,-3.0602932407385966e-8,0.0,-1.1933019140239798e-12,0.0,-7.071740955597833e-11,0.0,-3.446889067832635e-6
0.14090479786085014,0.0,-9.391190862248116e-10,0.0,-3.0593432346223156e-8,0.0,-1.1929767934516988e-12,0.0,-7.06956636406804e-11,0.0,-3.445743632244533e-6
0.1424979425175615,0.0,-9.388258914685912e-10,0.0,-3.058362061461924e-8,0.0,-1.1926440070148785e-12,0.0,-7.06734561294821e-11,0.0,-3.444712597808061e-6
0.1441091001158886,0.0,-9.385148403161008e-10,0.0,-3.057368378833194e-8,0.0,-1.1923040676286795e-12,0.0,-7.065072039766118e-11,0.0,-3.4435203065226366e-6
0.14573847431973816,0.0,-9.382078798776049e-10,0.0,-3.056342910784582e-8,0.0,-1.1919561324445557e-12,0.0,-7.06275006411215e-11,0.0,-3.442437066789714e-6
0.1473862710957506,0.0,-9.37883072010631e-10,0.0,-3.055303595733466e-8,0.0,-1.191600706527051e-12,0.0,-7.060373045782673e-11,0.0,-3.441195655752554e-6
0.14905269873933394,0.0,-9.375617361295017e-10,0.0,-3.0542318236192575e-8,0.0,-1.191236939522971e-12,0.0,-7.057945284949713e-11,0.0,-3.4400580082339374e-6
0.150737967900995,0.0,-9.372225414250295e-10,0.0,-3.0531448336543456e-8,0.0,-1.1908653299112022e-12,0.0,-7.055460161251733e-11,0.0,-3.438765116397014e-6
0.15244229161296818,0.0,-9.368861933099924e-10,0.0,-3.052024660081675e-8,0.0,-1.1904850179915015e-12,0.0,-7.052921853426731e-11,0.0,-3.437570758682315e-6
0.15416588531614267,0.0,-9.365319540618595e-10,0.0,-3.0508878625230984e-8,0.0,-1.1900964967837327e-12,0.0,-7.050323759202286e-11,0.0,-3.4362239239878753e-6
0.15590896688729808,0.0,-9.361799287827544e-10,0.0,-3.049717098193738e-8,0.0,-1.1896988955061093e-12,0.0,-7.047669933147432e-11,0.0,-3.4349704494931138e-6
0.1576717566666441,0.0,-9.35809958555042e-10,0.0,-3.0485282663742775e-8,0.0,-1.1892927029127328e-12,0.0,-7.044953789374374e-11,0.0,-3.4335671047005777e-6
0.15945447748567415,0.0,-9.35441561842708e-10,0.0,-3.047304626259239e-8,0.0,-1.1888770350793559e-12,0.0,-7.042179256043849e-11,0.0,-3.4322519982875654e-6
0.1612573546953339,0.0,-9.350551442901352e-10,0.0,-3.046061435620238e-8,0.0,-1.1884523779768799e-12,0.0,-7.03933976121764e-11,0.0,-3.4307894666702025e-6
0.16308061619450573,0.0,-9.346696513095625e-10,0.0,-3.044782534996411e-8,0.0,-1.1880178324925818e-12,0.0,-7.036439104157769e-11,0.0,-3.4294101000775234e-6
0.16492449245881924,0.0,-9.342660389525388e-10,0.0,-3.043482559046681e-8,0.0,-1.1875738830285344e-12,0.0,-7.033470725005788e-11,0.0,-3.4278855909466206e-6
0.166789216569783,0.0,-9.338626930425207e-10,0.0,-3.042145909366088e-8,0.0,-1.1871196133433313e-12,0.0,-7.030438291437191e-11,0.0,-3.4264392180958063e-6
0.16867502424425035,0.0,-9.334411059807112e-10,0.0,-3.040786615481415e-8,0.0,-1.186655507638089e-12,0.0,-7.02733525337594e-11,0.0,-3.424849822117616e-6
0.17058215386421408,0.0,-9.330191173421938e-10,0.0,-3.039389620119275e-8,0.0,-1.186180630286328e-12,0.0,-7.024165144114615e-11,0.0,-3.4233335742562753e-6
0.17251084650694057,0.0,-9.32578741922406e-10,0.0,-3.03796836520512e-8,0.0,-1.185695466892871e-12,0.0,-7.02092142147708e-11,0.0,-3.4216762586194486e-6
0.1744613459754451,0.0,-9.321372862724278e-10,0.0,-3.036508315056722e-8,0.0,-1.1851990600765402e-12,0.0,-7.017607481203401e-11,0.0,-3.4200871393097355e-6
0.1764338988293084,0.0,-9.316772737444926e-10,0.0,-3.03502234106074e-8,0.0,-1.1846918983986635e-12,0.0,-7.01421678681367e-11,0.0,-3.418358742729912e-6
0.1784287544158463,0.0,-9.312154909040799e-10,0.0,-3.033496409975791e-8,0.0,-1.1841730003687989e-12,0.0,-7.010752593522917e-11,0.0,-3.41669362265512e-6
0.18044616490162715,0.0,-9.307349559918519e-10,0.0,-3.031942839243566e-8,0.0,-1.1836428591645984e-12,0.0,-7.00720836857632e-11,0.0,-3.414890850171727e-6
0.18248638530434885,0.0,-9.302519484361392e-10,0.0,-3.0303480793114844e-8,0.0,-1.183100466618581e-12,0.0,-7.003587222822759e-11,0.0,-3.4131464618118377e-6
0.18454967352507604,0.0,-9.297499678792077e-10,0.0,-3.028723909802042e-8,0.0,-1.1825463223784521e-12,0.0,-6.999882625355598e-11,0.0,-3.4112658794263768e-6
0.18663629038083884,0.0,-9.292447992585795e-10,0.0,-3.027057246487899e-8,0.0,-1.1819793888077645e-12,0.0,-6.996097539283744e-11,0.0,-3.409438811536602e-6
0.18874649963760481,0.0,-9.287204102945159e-10,0.0,-3.025359346817679e-8,0.0,-1.1814001739592352e-12,0.0,-6.992225433459016e-11,0.0,-3.4074768406700084e-6
0.19088056804361914,0.0,-9.281921038808133e-10,0.0,-3.023617573928826e-8,0.0,-1.1808076079283989e-12,0.0,-6.988269119385142e-11,0.0,-3.4055635325892075e-6
0.19303876536312436,0.0,-9.276443026924407e-10,0.0,-3.0218426782796116e-8,0.0,-1.1802022093005993e-12,0.0,-6.984222063581402e-11,0.0,-3.40351644435311e-6
0.19522136441046253,0.0,-9.270918398040321e-10,0.0,-3.020022452794377e-8,0.0,-1.17958287264831e-12,0.0,-6.980086922003874e-11,0.0,-3.4015131801629187e-6
0.1974286410845583,0.0,-9.26519579910578e-10,0.0,-3.018167155630896e-8,0.0,-1.1789501294503016e-12,0.0,-6.975857157019568e-11,0.0,-3.399377089432499e-6
0.1996608744037978,0.0,-9.25941898264114e-10,0.0,-3.0162649923522114e-8,0.0,-1.1783028355454416e-12,0.0,-6.971535264566922e-11,0.0,-3.397279991927474e-6
0.20191834654129664,0.0,-9.253440888577893e-10,0.0,-3.014325743025376e-8,0.0,-1.1776415377672657e-12,0.0,-6.967114701113393e-11,0.0,-3.3950508512671436e-6
0.20420134286056985,0.0,-9.247400808822149e-10,0.0,-3.012338009081334e-8,0.0,-1.1769650494903497e-12,0.0,-6.962597798146717e-11,0.0,-3.392855875740821e-6
0.20651015195160535,0.0,-9.241155851428885e-10,0.0,-3.010311106240857e-8,0.0,-1.176273935836773e-12,0.0,-6.957978004447747e-11,0.0,-3.3905294691261525e-6
0.20884506566734165,0.0,-9.234840962545501e-10,0.0,-3.0082340154270045e-8,0.0,-1.1755669638005374e-12,0.0,-6.953257481835786e-11,0.0,-3.3882323970144653e-6
0.21120637916056342,0.0,-9.228317295709135e-10,0.0,-3.006115601298738e-8,0.0,-1.1748447198141161e-12,0.0,-6.94842967026859e-11,0.0,-3.3858043333583587e-6
0.21359439092120833,0.0,-9.221715563984149e-10,0.0,-3.0039452082762365e-8,0.0,-1.174105920216233e-12,0.0,-6.943496556670754e-11,0.0,-3.383400765682971e-6
0.21600940281410172,0.0,-9.214900845943777e-10,0.0,-3.001731262767339e-8,0.0,-1.173351176309444e-12,0.0,-6.93845157050733e-11,0.0,-3.380866472239351e-6
0.2184517201171122,0.0,-9.207999731357866e-10,0.0,-2.999463457093333e-8,0.0,-1.172579149003513e-12,0.0,-6.93329651832605e-11,0.0,-3.3783518228943737e-6
0.2209216515597425,0.0,-9.200881106026913e-10,0.0,-2.9971497917602935e-8,0.0,-1.1717904784048376e-12,0.0,-6.928024818142398e-11,0.0,-3.3757065384263197e-6
0.22341950936215657,0.0,-9.193667543714818e-10,0.0,-2.9947802917750174e-8,0.0,-1.1709837647444826e-12,0.0,-6.922638089849872e-11,0.0,-3.373076027300704e-6
0.2259456092746443,0.0,-9.18623162187416e-10,0.0,-2.992362543641092e-8,0.0,-1.1701596813814942e-12,0.0,-6.917129739205672e-11,0.0,-3.370314795124133e-6
0.2285002706175379,0.0,-9.178692002907761e-10,0.0,-2.989886890208821e-8,0.0,-1.1693167620567367e-12,0.0,-6.911501193037518e-11,0.0,-3.3675634410552397e-6
0.23108381632157407,0.0,-9.170924842822884e-10,0.0,-2.9873605154391974e-8,0.0,-1.1684557184773147e-12,0.0,-6.905745844329927e-11,0.0,-3.364681101897854e-6
0.23369657296871638,0.0,-9.163044994557779e-10,0.0,-2.984774065546867e-8,0.0,-1.167575011368473e-12,0.0,-6.899864919581868e-11,0.0,-3.3618037154836403e-6
0.2363388708334392,0.0,-9.154932082197588e-10,0.0,-2.98213433298471e-8,0.0,-1.1666753965257235e-12,0.0,-6.893851799243258e-11,0.0,-3.3587949001890574e-6
0.23901104392447417,0.0,-9.146697248415364e-10,0.0,-2.979432253217952e-8,0.0,-1.1657552543753336e-12,0.0,-6.887707501592158e-11,0.0,-3.3557860764266166e-6
0.24171343002703524,0.0,-9.138223477287893e-10,0.0,-2.9766742377854534e-8,0.0,-1.1648153914405417e-12,0.0,-6.881425395118253e-11,0.0,-3.352645198528921e-6
0.24444637074551454,0.0,-9.129618297724055e-10,0.0,-2.9738514976646074e-8,0.0,-1.1638540995727744e-12,0.0,-6.875006281302678e-11,0.0,-3.3494993093455075e-6
0.24721021154666514,0.0,-9.120767948317662e-10,0.0,-2.970970073663728e-8,0.0,-1.1628722437348964e-12,0.0,-6.868443518039927e-11,0.0,-3.346220557486058e-6
0.25000530180327263,0.0,-9.111776437915699e-10,0.0,-2.9680214388726363e-8,0.0,-1.1618680176846797e-12,0.0,-6.861737680491609e-11,0.0,-3.3429317441223054e-6
0.2528319948383156,0.0,-9.102533156915537e-10,0.0,-2.9650112731576636e-8,0.0,-1.160842353799296e-12,0.0,-6.8548821180606e-11,0.0,-3.3395090743474365e-6
0.25569064796963176,0.0,-9.093138684865009e-10,0.0,-2.9619312986749337e-8,0.0,-1.1597933369292993e-12,0.0,-6.847877169128538e-11,0.0,-3.3360712396271446e-6
0.25858162255508316,0.0,-9.083485463911069e-10,0.0,-2.958786843738698e-8,0.0,-1.1587219773157158e-12,0.0,-6.840716177906664e-11,0.0,-3.332498367587997e-6
0.26150528403823775,0.0,-9.07367073232224e-10,0.0,-2.9555698668682917e-8,0.0,-1.1576262383248536e-12,0.0,-6.833399233996988e-11,0.0,-3.3289051680996743e-6
0.26446200199456166,0.0,-9.063589886594059e-10,0.0,-2.9522853538394002e-8,0.0,-1.156507220473092e-12,0.0,-6.825919681075778e-11,0.0,-3.325175561149075e-6
0.26745215017813806,0.0,-9.053336908847864e-10,0.0,-2.9489254871748795e-8,0.0,-1.155362750908325e-12,0.0,-6.818277346651584e-11,0.0,-3.3214203993313924e-6
0.27047610656891413,0.0,-9.042810055540122e-10,0.0,-2.945494918769156e-8,0.0,-1.1541940351714915e-12,0.0,-6.810465580014672e-11,0.0,-3.31752726854677e-6
0.2735342534204777,0.0,-9.032100134721496e-10,0.0,-2.94198604309804e-8,0.0,-1.1529987468329328e-12,0.0,-6.802483931191092e-11,0.0,-3.3136032847239675e-6
0.27662697730838093,0.0,-9.021108171230579e-10,0.0,-2.9384031864930327e-8,0.0,-1.1517782142117593e-12,0.0,-6.794325763468997e-11,0.0,-3.3095395768798045e-6
0.27975466917900377,0.0,-9.009921878206904e-10,0.0,-2.9347389436824595e-8,0.0,-1.1505299365831692e-12,0.0,-6.785990331793703e-11,0.0,-3.305439641260595e-6
0.2829177243989737,0.0,-8.998444960415197e-10,0.0,-2.9309973234014395e-8,0.0,-1.1492553865032165e-12,0.0,-6.777471024402465e-11,0.0,-3.3011980307837656e-6
0.28611654280514576,0.0,-8.986762111967833e-10,0.0,-2.927171109249336e-8,0.0,-1.1479518639871238e-12,0.0,-6.768766780279385e-11,0.0,-3.2969147354351716e-6
0.2893515287551408,0.0,-8.974779632420712e-10,0.0,-2.9232640000341783e-8,0.0,-1.1466210122095342e-12,0.0,-6.759871027277294e-11,0.0,-3.292487616352181e-6
0.2926230911784645,0.0,-8.962579269463267e-10,0.0,-2.919268957157996e-8,0.0,-1.1452599014057586e-12,0.0,-6.750782363754956e-11,0.0,-3.2880132672050816e-6
0.2959316436281958,0.0,-8.950069835755617e-10,0.0,-2.915189376868878e-8,0.0,-1.1438703779748427e-12,0.0,-6.741494276063658e-11,0.0,-3.283392745128937e-6
0.2992776043332646,0.0,-8.937330201522176e-10,0.0,-2.9110183876331274e-8,0.0,-1.1424492447741334e-12,0.0,-6.732004992181496e-11,0.0,-3.278719354045457e-6
0.30266139625132155,0.0,-8.924271614931133e-10,0.0,-2.906759090232715e-8,0.0,-1.1409985922573583e-12,0.0,-6.72230808194602e-11,0.0,-3.273897238245931e-6
0.30608344712219937,0.0,-8.910970133538044e-10,0.0,-2.9024047697609206e-8,0.0,-1.1395149086906829e-12,0.0,-6.712401366385254e-11,0.0,-3.269016515164052e-6
0.30954418952198737,0.0,-8.897339367928346e-10,0.0,-2.8979582383826642e-8,0.0,-1.1380005807109694e-12,0.0,-6.702278531939283e-11,0.0,-3.2639843107335776e-6
0.3130440609177081,0.0,-8.883452623163942e-10,0.0,-2.893412927688803e-8,0.0,-1.1364517216310526e-12,0.0,-6.691936946664425e-11,0.0,-3.2588876559552474e-6
0.3165835037226214,0.0,-8.869225804513128e-10,0.0,-2.8887713678584324e-8,0.0,-1.1348710817334342e-12,0.0,-6.68137045785961e-11,0.0,-3.25363655615441e-6
0.3201629653521453,0.0,-8.8547295190319e-10,0.0,-2.884027127149364e-8,0.0,-1.1332543210276868e-12,0.0,-6.670575921922721e-11,0.0,-3.2483150528250248e-6
0.3237828982804147,0.0,-8.839881905527139e-10,0.0,-2.8791824601924466e-8,0.0,-1.1316046423283183e-12,0.0,-6.659547406400149e-11,0.0,-3.2428359316258545e-6
0.3274437600974796,0.0,-8.824750920625726e-10,0.0,-2.8742310623729555e-8,0.0,-1.1299171483146515e-12,0.0,-6.648281179356149e-11,0.0,-3.2372803384534777e-6
0.33114601356714457,0.0,-8.809256883833913e-10,0.0,-2.8691749190726395e-8,0.0,-1.1281956143285222e-12,0.0,-6.636771610422936e-11,0.0,-3.2315637433651296e-6
0.3348901266854703,0.0,-8.793465139617517e-10,0.0,-2.8640078435252915e-8,0.0,-1.1264344439982285e-12,0.0,-6.6250142755718e-11,0.0,-3.225764487637017e-6
0.3386765727399284,0.0,-8.777298146938304e-10,0.0,-2.8587315580680265e-8,0.0,-1.1246381512102128e-12,0.0,-6.613003961531449e-11,0.0,-3.219800632866322e-6
0.3425058303692305,0.0,-8.760818663116595e-10,0.0,-2.8533399847538503e-8,0.0,-1.1228002420815779e-12,0.0,-6.60073540831145e-11,0.0,-3.21374780383287e-6
0.34637838362383416,0.0,-8.743951261804647e-10,0.0,-2.8478345890543666e-8,0.0,-1.1209262060774603e-12,0.0,-6.5882039852901e-11,0.0,-3.207526563844081e-6
0.35029472202712675,0.0,-8.72675611890217e-10,0.0,-2.8422093929946595e-8,0.0,-1.1190083637467857e-12,0.0,-6.575403388985094e-11,0.0,-3.2012099065610264e-6
0.35425534063731,0.0,-8.709159922811669e-10,0.0,-2.8364656114604566e-8,0.0,-1.1170535315859625e-12,0.0,-6.562329819181998e-11,0.0,-3.1947208101250974e-6
0.35826074010997544,0.0,-8.691220242839179e-10,0.0,-2.830597357677667e-8,0.0,-1.1150524086707472e-12,0.0,-6.548975615879945e-11,0.0,-3.188129719800871e-6
0.36231142676139316,0.0,-8.67286592324537e-10,0.0,-2.8246056025044304e-8,0.0,-1.1130136841701471e-12,0.0,-6.535338195824758e-11,0.0,-3.1813619446293584e-6
0.3664079126325166,0.0,-8.6541518484632e-10,0.0,-2.8184845414732677e-8,0.0,-1.1109257405401686e-12,0.0,-6.521408044863963e-11,0.0,-3.1744854616137177e-6
0.370550715553704,0.0,-8.635009132310722e-10,0.0,-2.8122349085928992e-8,0.0,-1.1088000384386766e-12,0.0,-6.50718443559804e-11,0.0,-3.1674278296516855e-6
0.3747403592101822,0.0,-8.61548979709697e-10,0.0,-2.8058509722347926e-8,0.0,-1.106621457201259e-12,0.0,-6.492655151794385e-11,0.0,-3.160254635105775e-6
0.378977373208239,0.0,-8.595527481601034e-10,0.0,-2.7993332380964206e-8,0.0,-1.1044058289395676e-12,0.0,-6.477822461650888e-11,0.0,-3.1528956086263526e-6
0.38326229314217597,0.0,-8.575170962763074e-10,0.0,-2.7926760362849177e-8,0.0,-1.1021323132220273e-12,0.0,-6.462669864055817e-11,0.0,-3.1454140210304186e-6
0.38759566066200646,0.0,-8.554356973909265e-10,0.0,-2.7858796558343048e-8,0.0,-1.099824281938858e-12,0.0,-6.447204882163179e-11,0.0,-3.1377416996459467e-6
0.3919780235419276,0.0,-8.533130167055624e-10,0.0,-2.7789384729757e-8,0.0,-1.0974504664706249e-12,0.0,-6.431403369588906e-11,0.0,-3.129939672175243e-6
0.3964099357495651,0.0,-8.511431772103331e-10,0.0,-2.7718525800536204e-8,0.0,-1.0950491226763232e-12,0.0,-6.415283344152036e-11,0.0,-3.121941791009762e-6
0.4008919575159948,0.0,-8.489299945968992e-10,0.0,-2.7646163693840514e-8,0.0,-1.0925663512792273e-12,0.0,-6.398804306391513e-11,0.0,-3.1138069096932746e-6
0.4054246554065662,0.0,-8.46668475277761e-10,0.0,-2.7572297859895992e-8,0.0,-1.090077391992389e-12,0.0,-6.382010539462721e-11,0.0,-3.105470839431736e-6
0.410008602392516,0.0,-8.443608873592752e-10,0.0,-2.7496871426238976e-8,0.0,-1.0874602592367978e-12,0.0,-6.364812752554403e-11,0.0,-3.0969903205262143e-6
0.4146443779233989,0.0,-8.420054196464944e-10,0.0,-2.7419884729675857e-8,0.0,-1.0849431007834325e-12,0.0,-6.347364222032784e-11,0.0,-3.088303076382876e-6
0.4193325680003367,0.0,-8.395931460076672e-10,0.0,-2.734127040231334e-8,0.0,-1.0818502585638451e-12,0.0,-6.329180334981605e-11,0.0,-3.079463713340551e-6
