3.234190707781858e-14,0.5360891926541586,-149.68238794123042,0.536089337341824,-4888.733479462102,0.026970767369472643,-0.16646090093149202,0.19246971175202834,-11.128667928695851,4.8867738967132786,-552557.407742358
3.3829600955336723e-14,0.5360891860886623,-147.71194782833868,0.5360893354036438,-4825.960977475202,0.026970766085397817,-0.16428897466980302,0.19246970860344492,-10.983586757935893,4.886773892684885,-543928.2333502659
3.538572719424529e-14,0.5360891793131922,-145.61259084554035,0.5360893334034774,-4755.8856464991295,0.026970764760256474,-0.1619322948581228,0.19246970535416552,-10.826125538114251,4.886773888527652,-537474.5223573106
3.701343361154902e-14,0.5360891723210329,-143.302978489185,0.5360893313393433,-4681.854772318407,0.026970763392735207,-0.15938050596482578,0.19246970200096947,-10.655663605780191,4.886773884237478,-527748.3019627336
3.871601282054042e-14,0.5360891651052544,-140.8360173632734,0.5360893292091949,-4599.940425922096,0.026970761981478665,-0.15661692508399988,0.19246969854053342,-10.471019159404555,4.886773879810092,-519794.9445984501
4.049690889127768e-14,0.5360891576587052,-138.13757611534328,0.5360893270109217,-4513.04945927663,0.026970760525088157,-0.15363027825030154,0.1924696949694277,-10.271502017242637,4.886773875241112,-508771.2452984949
4.235972431743675e-14,0.5360891499740049,-135.2522878505574,0.5360893247423446,-4417.620097234691,0.026970759022120202,-0.1504031036504779,0.1924696912841131,-10.055885853243868,4.886773870526008,-499147.58235280577
4.430822730363288e-14,0.5360891420435369,-132.1127231339162,0.5360893224012149,-4316.178818661668,0.0269707574710852,-0.1469236431880046,0.1924696874809369,-9.823440926142357,4.88677386566011,-486618.2339726705
4.6346359387949744e-14,0.5360891338594412,-128.7566080302453,0.5360893199852129,-4205.502590894368,0.026970755870445888,-0.14317423782372318,0.1924696835561297,-9.572934363095621,4.886773860638587,-475145.18617814
4.847824341509781e-14,0.536089125413607,-125.12307668538541,0.5360893174919437,-4087.800798527361,0.02697075421861587,-0.1391433773688374,0.19246967950580168,-9.303646538986976,4.8867738554564735,-460901.75264135783
5.070819187632954e-14,0.5360891166976627,-121.24453000769473,0.5360893149189361,-3960.1770198606846,0.026970752513957974,-0.13481413303226708,0.19246967532593842,-9.014399166650954,4.88677385010863,-447401.886674974
5.304071563298115e-14,0.5360891077029704,-117.0669793618521,0.53608931226364,-3824.593839201101,0.026970750754782682,-0.13017637802660906,0.19246967101239718,-8.704559304646988,4.886773844589754,-431247.7722567989
5.5480533041289945e-14,0.5360890984206148,-112.61941396998921,0.5360893095234239,-3678.4874288497604,0.026970748939346458,-0.12521530320199645,0.19246966656090286,-8.373095357984008,4.886773838894387,-415560.69036842743
5.803257949694184e-14,0.5360890888413965,-107.85559022950143,0.5360893066955719,-3523.655119940373,0.026970747065850013,-0.11992383053134686,0.19246966196704338,-8.019572897568922,4.886773833016865,-397329.4236224518
6.070201741865912e-14,0.5360890789558215,-102.8034572024033,0.536089303777281,-3357.893067260818,0.026970745132436483,-0.11429125263445343,0.19246965722626577,-7.6432388049463915,4.886773826951362,-379334.1280543112
6.349424669102243e-14,0.5360890687540915,-97.4260470915603,0.5360893007656591,-3182.9304907660667,0.02697074313718963,-0.10831586565003423,0.19246965233387145,-7.2440129901401376,4.886773820691892,-358915.53160531976
6.6414915587652e-14,0.5360890582260959,-91.75321936672015,0.5360892976577214,-2996.9755288400493,0.026970741078131952,-0.10199376435259774,0.19246964728501142,-6.8216006325240635,4.886773814232229,-338561.48042841826
6.946993219684257e-14,0.5360890473614002,-85.75956675120656,0.5360892944503873,-2801.8057019148055,0.02697073895322267,-0.0953317139030361,0.19246964207468162,-6.376483195352164,4.886773807565969,-315937.352308858
7.266547637276797e-14,0.5360890361492359,-79.48047077332862,0.5360892911404783,-2596.119768396963,0.02697073676035577,-0.08833611275194568,0.19246963669771824,-5.909057539809339,4.886773800686527,-293285.62912323995
7.600801223642606e-14,0.536089024578491,-72.90515157599043,0.5360892877247136,-2381.8807669234675,0.02697073449735784,-0.08102609959338616,0.1924696311487919,-5.420627900161083,4.886773793587055,-268575.97794548713
7.950430125161552e-14,0.5360890126376971,-66.07876878681205,0.536089284199708,-2158.3822239567403,0.02697073216198602,-0.07342265286361237,0.19246962542240306,-4.912568042493826,4.886773786260547,-243851.0260883164
8.316141590239338e-14,0.5360890003150197,-59.00890691426382,0.5360892805619679,-1927.927603118772,0.026970729751925663,-0.06556187990527476,0.1924696195128762,-4.387312304630878,4.8867737786997205,-217370.4258731687
8.698675399968177e-14,0.5360889875982461,-51.75519178294029,0.5360892768078873,-1690.527412226269,0.026970727264788122,-0.057484147428592175,0.19246961341435426,-3.8475322014383218,4.886773770897089,-191020.67853477917
9.0988053645962e-14,0.5360889744747716,-44.34760771256005,0.5360892729337462,-1448.9864801586914,0.026970724698108385,-0.0492474093855136,0.19246960712079308,-3.297118418434041,4.886773762844914,-163341.39339861067
9.517340888833197e-14,0.5360889609315899,-36.86481680471208,0.5360892689357045,-1204.1541497301587,0.026970722049342564,-0.040916142082117565,0.19246960062595475,-2.7403553562092826,4.8867737545352234,-136103.2507328439
9.955128609158477e-14,0.5360889469552782,-29.36274099045883,0.5360892648097998,-959.4780116029109,0.026970719315865414,-0.03257442580858092,0.19246959392340235,-2.1828763743556325,4.886773745959777,-108116.76662588237
1.0413054106443334e-13,0.5360889325319843,-21.94245882861642,0.5360892605519428,-716.7323292566414,0.026970716494967756,-0.024314281514244574,0.1924695870064929,-1.6308081524873832,4.886773737110068,-81070.07264251813
1.0892043697352365e-13,0.536088917647413,-14.687455483113744,0.5360892561579137,-480.0834739775926,0.026970713583853743,-0.01624802608213806,0.19246957986837082,-1.091668255887556,4.886773727977345,-54030.98302628563
1.1393066308147155e-13,0.5360889022868118,-7.72163349485383,0.536089251623357,-252.22235988569804,0.026970710579638145,-0.008495384339720235,0.19246957250196145,-0.5734364101138139,4.886773718552533,-28625.04945752062
1.19171354346834e-13,0.5360888864349572,-1.1535601824340604,0.5360892469437792,-37.97343296900476,0.026970707479343412,-0.001194410844749193,0.19246956489996392,-0.0853482245421259,4.886773708826314,-4150.843723338992
1.246531119256542e-13,0.5360888700761378,4.875193352510555,0.5360892421145416,159.24329178968372,0.02697070427989681,0.005513471508813923,0.19246955705484375,0.3631642738751925,4.886773698789032,17831.279310788246
1.303870246160589e-13,0.53608885319414,10.240520604196783,0.5360892371308581,334.23896342697026,0.026970700978127298,0.01147486506045649,0.19246954895882556,0.7618407778490157,4.886773688430734,37842.608987261
1.3638469128928225e-13,0.5360888357722322,14.79709529910446,0.5360892319877896,483.3359365893113,0.026970697570762463,0.016542380395811532,0.1924695406038852,1.1008470558131636,4.8867736777411785,54424.73259811478
1.4265824435249737e-13,0.536088817793147,18.425119006141422,0.5360892266802384,601.613239273091,0.02697069405442519,0.02056917395427387,0.19246953198174196,1.370359514839721,4.886773666709743,68005.67283208319
1.4922037429090955e-13,0.5360887992390652,21.00113114212122,0.536089221202944,685.9875776342916,0.02697069042563039,0.023430632558703354,0.1924695230838504,1.5620606884550483,4.886773655325519,77310.49788699378
1.56084355338762e-13,0.5360887800915977,22.441978511410397,0.5360892155504782,732.8479223452249,0.02697068668078151,0.025022294133752895,0.1924695139013916,1.6689554807771096,4.886773643577196,82805.3444358029
1.6326407233118075e-13,0.5360887603317668,22.684145200734648,0.5360892097172386,740.96256253256,0.02697068281616694,0.025284911109304545,0.1924695044252649,1.687087026421701,4.886773631453157,83527.67693048003
1.707740487911768e-13,0.5360887399399886,21.724425720053024,0.5360892036974437,709.4322520297236,0.026970678827956437,0.024204454411639577,0.1924694946460781,1.6154973030788113,4.886773618941377,80152.18939408443
1.786294763086179e-13,0.5360887188960525,19.604956905040265,0.5360891974851273,640.3818004517478,0.026970674712197187,0.021838095509314266,0.19246948455413906,1.4579997736734567,4.886773606029445,72187.06938425821
1.8684624527060847e-13,0.5360886971791016,16.44750101761407,0.5360891910741321,537.0831127154463,0.02697067046481001,0.018312205246332737,0.19246947413944554,1.2230109634613306,4.886773592704574,60691.13762886642
1.9544097700542877e-13,0.5360886747676118,12.438426077574656,0.5360891844581042,406.2882479523078,0.02697066608158523,0.013843448816251375,0.19246946339167526,0.9249928964317019,4.886773578953546,45776.49059283884
2.0443105740506465e-13,0.5360886516393706,7.8501312828908345,0.5360891776304867,256.2688083671891,0.02697066155817857,0.008727004747555374,0.19246945230017604,0.583636121758869,4.886773564762756,28989.23852537178
2.138346720943376e-13,0.5360886277714555,3.0171160610141796,0.5360891705845121,98.54091161522209,0.026970656890106786,0.003343442132629213,0.19246944085395498,0.22434946491569444,4.886773550118119,11051.744078745705
2.236708432177792e-13,0.5360886031402108,-1.6643153540336468,0.5360891633131971,-54.506130887012155,0.026970652072743306,-0.0018732173463195502,0.1924694290416675,-0.12389885954974329,4.886773535005123,-6093.557720300645
2.339594679186592e-13,0.5360885777212239,-5.778159446016869,0.5360891558093355,-188.76012570148194,0.026970647101313507,-0.006452675976323039,0.19246941685160626,-0.4297006941397839,4.886773519408783,-21366.785570220436
2.447213585880164e-13,0.5360885514893016,-8.916919888859862,0.5360891480654896,-291.4035837557325,0.02697064197089015,-0.00994779352665978,0.1924694042716896,-0.6631994906283495,4.886773503313666,-32837.96375503313
2.559782849650947e-13,0.5360885244184453,-10.743674648138654,0.5360891400739848,-350.96626028560433,0.026970636676388358,-0.011977372493629663,0.1924693912894493,-0.7989230469696561,4.8867734867037935,-39668.03131146598
2.6775301817436017e-13,0.5360884964818246,-11.040981333847267,0.5360891318269001,-360.78305427797727,0.026970631212560676,-0.012305440410048732,0.19246937789201857,-0.8210984178128842,4.886773469562725,-40675.3986078805
2.800693767881732e-13,0.5360884676517511,-9.774496348796959,0.5360891233160621,-319.3195243425765,0.026970625573991765,-0.010888743632414708,0.1924693640661188,-0.7268032805684126,4.886773451873455,-36091.40179805295
2.9295227500829233e-13,0.5360884378996509,-7.129446657879457,0.5360891145330353,-233.01416953808112,0.026970619755093145,-0.007939312255541309,0.19246934979804717,-0.5301643711181435,4.886773433618457,-26261.36890176061
3.064277730636854e-13,0.5360884071960362,-3.5289118262590837,0.5360891054691153,-115.32051052636022,0.02697061375009762,-0.00392408417300694,0.1924693350736623,-0.26231781407330623,4.886773414779636,-13062.923672502411
3.20523129926578e-13,0.5360883755104763,0.3992788800419632,0.536089096115318,12.909352014233683,0.02697060755305349,0.00045258350511908886,0.19246931987837063,0.029736734269493484,4.886773395338325,1489.1365568599924
3.352668584533896e-13,0.5360883428115674,3.9055554966635007,0.5360890864623731,127.51584069220496,0.02697060115781877,0.004359773738354934,0.19246930419711195,0.29054786075392736,4.886773375275254,14349.075068717559
3.506887830620943e-13,0.5360883090669005,6.258793219048194,0.5360890765007132,204.31149410172327,0.02697059455805498,0.006979015075942527,0.19246928801434426,0.46547254366781954,4.886773354570538,23087.627798350582
3.6682010006268085e-13,0.5360882742430313,6.925279285402793,0.5360890662204655,226.1506569989277,0.02697058774722098,0.007719887664339158,0.19246927131402858,0.5150810313851637,4.886773333203653,25486.339372591236
3.8369344076274483e-13,0.5360882383054454,5.743966962372668,0.536089055611441,187.50147112473383,0.02697058071856641,0.006399991393205467,0.19246925407961302,0.42715854083585414,4.886773311153428,21187.634861982944
4.013429374758838e-13,0.5360882012185242,3.0481574749627303,0.5360890446631248,99.50599325405953,0.026970573465125023,0.0033947409608817807,0.19246923629401627,0.22672292968074384,4.886773288397994,11197.413472409766
4.1980429256639794e-13,0.5360881629455105,-0.34723624961519106,0.5360890333646662,-11.457870798408448,0.026970565979707765,-0.0003904694127540285,0.19246921793961078,-0.025835047733129283,4.886773264914829,-1270.4523810357853
4.3911485066997995e-13,0.5360881234484712,-3.3224940103027416,0.5360890217048665,-108.58905887354658,0.026970558254895693,-0.0037047632863249696,0.1924691989982051,-0.24704378897424872,4.886773240680631,-12285.752667798335
4.593136742364808e-13,0.5360880826882606,-4.814726661701653,0.5360890096721701,-157.38217424981616,0.026970550283032576,-0.005366767124467692,0.19246917945102632,-0.3580508782489048,4.886773215671379,-17743.7618837412
4.804416225475647e-13,0.5360880406244801,-4.2462373057416505,0.5360889972546511,-138.76638526734146,0.026970542056217288,-0.004730708639323553,0.1924691592787009,-0.3157209823756674,4.886773189862304,-15689.978226584419
5.025414343690854e-13,0.53608799721544,-1.877334504613566,0.5360889844400023,-61.43311011632498,0.026970533566296095,-0.002089909510132308,0.1924691384612355,-0.1395840843281461,4.886773163227826,-6918.460998494238
5.256578144054014e-13,0.536087952418117,1.1742648384340404,0.5360889712155229,38.28631706437045,0.026970524804854394,0.0013117875492896442,0.1924691169779979,0.08739248917875088,4.886773135741534,4294.799362723028
5.498375237304839e-13,0.5360879061881116,3.3442325999650344,0.5360889575681058,109.12711894088615,0.026970515763208528,0.003728795400720477,0.1924690948076955,0.2487267136638236,4.88677310737618,12329.514201714215
5.751294743787681e-13,0.5360878584796046,3.4381586449597865,0.5360889434842252,112.23235385748289,0.026970506432397102,0.003832557866653746,0.1924690719283552,0.2557356498131852,4.886773078103673,12644.017655592921
6.01584828287085e-13,0.5360878092453116,1.4164456374722574,0.5360889289499221,46.16025902239977,0.02697049680317212,0.0015778445738061165,0.19246904831730072,0.10534948595640563,4.886773047894991,5222.009898787584
6.292571007878093e-13,0.5360877584364354,-1.359613925671205,0.5360889139507911,-44.48429247629245,0.026970486865989796,-0.001515767016648957,0.19246902395113097,-0.10107027229753304,4.8867730167201975,-5040.965855848144
6.582022688626038e-13,0.5360877060026186,-2.8920733229952624,0.536088898471967,-94.57143327636851,0.026970476611001167,-0.0032232792338780184,0.19246899880569612,-0.21505674827845103,4.886772984548383,-10663.94906467365
6.884788843757014e-13,0.5360876518918934,-1.9961580208874061,0.536088882498108,-65.27808391101689,0.026970466028042196,-0.0022233454664245815,0.1924689728560741,-0.14839811860256316,4.88677295134767,-7387.429176024652
7.201481925158119e-13,0.5360875960506298,0.526585918466641,0.5360888660133828,17.097664063739916,0.026970455106623853,0.000588360968876264,0.19246894607654597,0.0391903920844377,4.886772917085147,1936.668127998283
7.532742556862275e-13,0.5360875384234824,2.3297482431830456,0.5360888490014524,76.02173251482238,0.026970443835921634,0.0025978422189727917,0.19246891844056993,0.1733056093732582,4.886772881726864,8562.02849725248
7.879240830937494e-13,0.5360874789533366,1.616743902476013,0.5360888314454564,52.707654867343734,0.026970432204764805,0.001802021972265961,0.19246888992075561,0.12025501647807418,4.886772845237772,5955.663441884328
8.241677662985536e-13,0.53608741758125,-0.783143421856236,0.5360888133279947,-25.659692640743636,0.02697042020162538,-0.0008727182868374449,0.19246886048883655,-0.058200497284520696,4.886772807581707,-2911.5887130272786
8.620786209992363e-13,0.5360873542463961,-2.021832373445033,0.5360887946311111,-66.14124420198394,0.026970407814606714,-0.0022530217487524676,0.19246883011564228,-0.1503332916306803,4.88677276872135,-7459.917612465489
9.017333353397968e-13,0.5360872888860025,-0.5464209153620433,0.5360887753362744,-17.927838423299505,0.026970395031431643,-0.0006077581198102302,0.19246879877106945,-0.04058952143776624,4.886772728618181,-2039.2751445867277
9.432121250385988e-13,0.5360872214352894,1.5379235940490685,0.5360887554243619,50.13613739483033,0.026970381839430388,0.0017149859926694243,0.19246876642405186,0.11440087214942289,4.886772687232457,5661.881060942679
9.865988956531027e-13,0.5360871518274059,1.1349936964588485,0.5360887348756381,36.99191504612979,0.026970368225527876,0.0012655482069182389,0.1924687330425299,0.0844470227063143,4.886772644523159,4161.6564698324855
1.0319814123085887e-12,0.5360870799933617,-1.0403297193830359,0.5360887136697368,-34.0796195255157,0.02697035417623098,-0.001159283917415088,0.19246869859341856,-0.077341131537089,4.886772600447958,-3842.9211348019053
1.0794514772342581e-12,0.5360870058619616,-1.1802899927389352,0.5360886917856407,-38.63476609599746,0.026970339677614953,-0.001314617467869763,0.19246866304257468,-0.08773292397257583,4.886772554963169,-4373.926709493013
1.1291051154657743e-12,0.5360869293597321,0.8804300891430088,0.5360886692016603,28.66202514191402,0.02697032471530971,0.000982145699555952,0.19246862635476322,0.06550637324082276,4.8867725080237125,3236.021111775835
1.181042769089945e-12,0.5360868504108508,0.9849485003811461,0.5360886458954123,32.08889913222928,0.026970309274485564,0.0010984190071081598,0.1924685884936223,0.07328762248321913,4.886772459583065,3610.1076977029893
1.2353695004244502e-12,0.5360867689370704,-1.002268787389814,0.5360886218437974,-32.83464186354776,0.02697029333983856,-0.001116698782073116,0.19246854942162703,-0.07450818710819679,4.886772409593217,-3704.2299624076413
1.2921952045436338e-12,0.5360866848576404,-0.4739495506468345,0.5360885970229776,-15.564202656993366,0.026970276895575275,-0.0005273599455565629,0.1924685091000524,-0.03520527566952865,4.886772358004617,-1768.7833989773226
1.3516348315802326e-12,0.5360865980892288,1.130558131471271,0.5360885714083528,36.83338198970366,0.026970259925397155,0.0012607585274664504,0.19246846748893495,0.0841077079524627,4.886772304766155,4157.257472915734
1.4138086192527994e-12,0.5360865085458373,-0.3248478262268161,0.5360885449745362,-10.696170170301777,0.02697024241248439,-0.00036149655778582745,0.19246842454703328,-0.024120575054161104,4.886772249825039,-1216.9011684129994
1.4788423360890994e-12,0.5360864161387182,-0.7055338717624298,0.5360885176953282,-23.139618350522518,0.026970224339479196,-0.0007857049576017369,0.19246838023178678,-0.05243722076484642,4.88677219312684,-2612.649862893269
1.5468675358375484e-12,0.5360863207762853,0.9862367595007381,0.5360884895436927,32.12963389852638,0.026970205688468668,0.0011000201697356467,0.19246833449927367,0.07338329731732093,4.886772134615347,3615.883423493775
1.6180218235813096e-12,0.5360862223640228,-0.4975974492563821,0.5360884604917279,-16.34865073708387,0.026970186440966968,-0.0005541037889066609,0.1924682873041677,-0.03697516873859868,4.8867720742325655,-1844.9744837551275
1.6924491340933651e-12,0.5360861208043928,-0.16824980761493777,0.5360884305106399,-5.580217303185996,0.02697016657789703,-0.0001867433709126785,0.1924682385996929,-0.012472965771347445,4.886772011918667,-640.5338271519562
1.7703000229955976e-12,0.5360860159967378,0.6319424388778982,0.5360883995707142,20.5475600459862,0.026970146079571617,0.0007049565149721085,0.19246818833757726,0.04702735353889622,4.886771947611886,2318.300646951557
1.851731971310948e-12,0.5360859078371806,-0.7577518753439598,0.5360883676412856,-24.83749330381781,0.026970124925673918,-0.0008438993419737988,0.192468136468005,-0.056314816136609484,4.886771881248476,-2812.1187636569057
1.9369097040245906e-12,0.5360857962185225,0.6876165021313329,0.5360883346907085,22.368121174331822,0.02697010309523718,0.0007670808799716632,0.19246808293956713,0.05116960297035138,4.88677181276267,2521.6799726645363
2.0260055232986228e-12,0.5360856810301361,-0.5126620704074392,0.5360883006863252,-16.833683120635587,0.026970080566624175,-0.0005707568746093278,0.19246802769921048,-0.03808954451982731,4.8867717420865935,-1906.927799755567
2.1191996570142786e-12,0.5360855621578561,0.35992216630306323,0.5360882655944333,11.66569892857801,0.026970057317505618,0.00040184291446084084,0.19246797069218524,0.026800763082363177,4.886771669150196,1312.3527051779427
2.2166806233466866e-12,0.5360854394838653,-0.22301462456553886,0.5360882293802529,-7.3736046273083184,0.02697003332483801,-0.00024791436842589544,0.19246791186199053,-0.016549793313573237,4.886771593881187,-838.2494936211783
2.318645612109755e-12,0.5360853128865799,0.14658971999502776,0.5360881920078915,4.698039547080469,0.02697000856484088,0.00016405774303097933,0.1924678511503184,0.01093612776625877,4.8867715162049725,525.3192105689587
2.4253008836424516e-12,0.5360851822405263,-0.08124890947537189,0.5360881534403084,-2.743367237039325,0.02696998301297313,-8.989777762053193e-5,0.19246778849699628,-0.006007250574980865,4.886771436044562,-315.2631049380376
2.5368621860434717e-12,0.5360850474162183,0.057893874342498895,0.5360881136392796,1.8011249872305866,0.026969956643908742,6.519413949936983e-5,0.19246772383992697,0.004340172530978035,4.886771353320497,198.1148401122124
2.653555191598255e-12,0.5360849082800294,-0.027520181561944128,0.5360880725653567,-0.9885248391920503,0.026969929431511715,-3.0009748841375468e-5,0.19246765711502745,-0.002011662303541991,4.886771267950811,-117.05158575122344
2.775615953281199e-12,0.5360847646940582,0.025739976029115368,0.5360880301778316,0.7509459650655299,0.026969901348810058,2.935427916755402e-5,0.19246758825616506,0.0019490208117558434,4.8867711798508795,79.4913615255806
2.9032913822564482e-12,0.536084616515994,-0.00822663342821883,0.5360879864346927,-0.35838195121647154,0.02696987236796911,-8.5045688368298e-6,0.19246751719509222,-0.0005768848188879284,4.886771088933396,-45.86942698840414
3.0368397473433173e-12,0.5360844635989738,0.014009645899441111,0.5360879412925859,0.36782709109416356,0.026969842460263932,1.627936856971226e-5,0.19246744386137862,0.0010766898441225447,4.886770995108235,36.21027648038776
3.1765311974565027e-12,0.5360843057914386,-0.0009500955438652716,0.5360878947067704,-0.12072874675077883,0.02696981159605084,-3.940228153571244e-7,0.19246736818234134,-3.576414239115017e-5,4.886770898282403,-19.019201799407018
3.3226483080780504e-12,0.5360841429369819,0.009386338656717631,0.5360878466310736,0.21683074303240402,0.02696977974473799,1.1126201726428171e-5,0.1924672900829729,0.0007328786085642331,4.886770798359956,19.14878216807192
3.475486652866441e-12,0.5360839748741945,0.002063496630777477,0.5360877970178476,-0.022306728733481662,0.026969746874755098,2.9649110495850354e-6,0.19246720948586715,0.00018833979483606872,4.886770695241845,-7.896879839726883
3.635355401559123e-12,0.5360838014365057,0.007371233059618537,0.5360877458179195,0.15101966279847034,0.02696971295352202,8.880202179685706e-6,0.19246712631114224,0.0005830274040894744,4.886770588825871,11.710707113817092
3.8025779453778595e-12,0.536083622452017,0.00344425831469949,0.5360876929805447,0.022786646464199093,0.026969677947416604,4.503862160081245e-6,0.1924670404763613,0.00029101801414350726,4.886770479006573,-2.7996055457006146
3.9774925512022025e-12,0.5360834377433331,0.006403343202712421,0.5360876384533549,0.11941056108320533,0.026969641821741257,7.801440294690642e-6,0.19246695189645127,0.000511052271324426,4.886770365675088,8.1371044516992
4.160453045834131e-12,0.536083247127384,0.004137037105905247,0.5360875821823076,0.04541080246566101,0.026969604540688554,5.275986112850959e-6,0.192466860483618,0.0003425346834749799,4.886770248719104,-0.24137155857847467
4.351829531738209e-12,0.536083050415246,0.005897999222151644,0.5360875241116316,0.10290782565344918,0.026969566067305762,7.238228698027567e-6,0.1924667661472598,0.0004734740078550925,4.886770128022707,6.27071451829366
4.5520091357050496e-12,0.5360828474119521,0.004512014353017312,0.5360874641837722,0.05765595605776766,0.026969526363458122,5.693894081317252e-6,0.19246666879387697,0.00037041840609503717,4.886770003466256,1.1437696170579112
4.7613967919524326e-12,0.5360826379163007,0.0056154372243699254,0.5360874023393336,0.09368077491412347,0.026969485389791138,6.923323551352236e-6,0.1924665683269797,0.00045246258133012623,4.886769874926321,5.2267616825605066
4.980416061248408e-12,0.5360824217206549,0.0047279142506156235,0.5360873385170214,0.0647059844731899,0.026969443105691524,5.934500828016931e-6,0.1924664646469922,0.00038647265174665237,4.886769742275503,1.9415839611989985
5.209509987713057e-12,0.5360821986107372,0.005448392398438645,0.5360872726535798,0.08822620956779856,0.02696939946924685,6.737167629586393e-6,0.192466357651154,0.00044004131397879393,4.886769605382316,4.6093583141751955
5.449141995032307e-12,0.5360819683654174,0.0048586324667872225,0.5360872046837305,0.06897424827896524,0.026969354437204093,6.080169874905668e-6,0.19246624723341785,0.00039619260430274306,4.886769464111095,2.4248240979116424
5.699796823896634e-12,0.5360817307564923,0.005345043932707121,0.5360871345401077,0.08485173157498177,0.026969307964926637,6.622002350563625e-6,0.19246613328434525,0.00043235661270621867,4.886769318321815,4.227214914395195
5.96198151256098e-12,0.5360814855484608,0.0049411096595380856,0.5360870621531912,0.07166716744775974,0.0269692600063501,6.172074376222822e-6,0.1924660156909973,0.00040232530176197314,4.88676916786999,2.7298637255655547
6.236226422509301e-12,0.5360812324982898,0.0052786588248083365,0.5360869874512364,0.08268429581255735,0.026969210513936588,6.54803201291944e-6,0.19246589433682312,0.0004274205273321552,4.8867690126065035,3.981632320237646
6.5230863112988196e-12,0.5360809713551734,0.004994961525551838,0.5360869103602055,0.07342534076141634,0.02696915943862759,6.232077050174524e-6,0.19246576910154428,0.00040632942002569373,4.88676885237747,2.929131422050148
6.823141454753774e-12,0.5360807018602844,0.005234659466198969,0.5360868308036918,0.08124784034713808,0.02696910672979526,6.499009216811258e-6,0.19246563986103535,0.00042414903153952833,4.886768687024085,3.818778961994164
7.136998820779021e-12,0.5360804237465177,0.005031149232399454,0.536086748702846,0.07460672440493618,0.02696905233519225,6.2723945233942125e-6,0.19246550648720118,0.00040902005258203027,4.886768516382462,3.0631085008653667
7.465293297167832e-12,0.536080136738225,0.005204714409037173,0.5360866639762966,0.08027029198218862,0.02696899620089993,6.4656483735400365e-6,0.1924653688478496,0.0004219225871538885,4.886768340283482,3.707882299399263
7.808688975887434e-12,0.5360798405509428,0.005056068903695158,0.5360865765400692,0.07542018838954917,0.026968938271274782,6.300155369982743e-6,0.19246522680656084,0.0004108728252417809,4.886768158552606,3.155421923338349
8.16788049644061e-12,0.5360795348911094,0.005183867721427659,0.5360864863075043,0.07958981298623626,0.026968878488893316,6.4424261291805e-6,0.19246508022255177,0.00042037266672998667,4.886767971009717,3.6306331851873592
8.543594451020252e-12,0.5360792194557739,0.005073593601465441,0.536086393189171,0.0759922057343766,0.02696881679449507,6.319675969822805e-6,0.19246492895053663,0.0004121757371617564,4.886767777468942,3.220381940165234
8.9365908542997e-12,0.5360788939322969,0.005169068449732184,0.5360862970927782,0.07910677715101533,0.026968753126923803,6.425942317271682e-6,0.19246477284058314,0.0004192724031351677,4.8867675777384605,3.5757574557364404
9.347664680831855e-12,0.5360785579980392,0.005086144574427334,0.5360861979230828,0.07640183967509859,0.02696868742306686,6.3336547045766025e-6,0.19246461173796353,0.00041310883174379014,4.886767371620311,3.2669369828205532
9.777647473167094e-12,0.5360782113200434,0.005158381740355126,0.5360860955817957,0.07875800508847669,0.026968619617792497,6.4140406854179625e-6,0.19246444548300126,0.0004184779211905538,4.886767158910214,3.5361033451179678
1.0227409023942738e-11,0.5360778535547022,0.005095277990572241,0.5360859899674852,0.07669990364561328,0.026968549643885415,6.3438258006148355e-6,0.192464273910913,0.00041378782331835424,4.8867669393973445,3.300840011346632
1.0697859135347228e-11,0.5360774843474195,0.005150548343033903,0.5360858809754745,0.07850238044605522,0.026968477431979797,6.405317935732157e-6,0.1924640968516451,0.0004178955882292888,4.886766712864142,3.5070149167961686
1.1189949459517471e-11,0.536077103332258,0.005102018674644687,0.5360857684977397,0.07691985797668421,0.02696840291049075,6.351331215340939e-6,0.1924639141297048,0.0004142889135710398,4.886766479086081,3.3258805760134544
1.17046754235927e-11,0.5360767101315765,0.005144729833828982,0.5360856524228019,0.07831252765519346,0.026968326005543136,6.398839782957699e-6,0.19246372556398658,0.0004174630600302339,4.88676623783148,3.485391274279981
1.2243078243318765e-11,0.5360763043556555,0.005107056022531064,0.5360855326356171,0.07708421254953346,0.02696824664089831,6.356939199726623e-6,0.19246353096759242,0.00041466336387739974,4.886765988861199,3.344608948680211
1.2806247029276173e-11,0.5360758856023109,0.005140356599063776,0.536085409017462,0.07816984954028663,0.02696816473787839,6.393971528425212e-6,0.1924633301476467,0.0004171379837536799,4.8867657319285005,3.4691249971057894
1.3395320989992164e-11,0.536075453456496,0.005110862746125815,0.5360852814458159,0.07720840054863577,0.026968080215288293,6.3611764721769185e-6,0.19246312290510476,0.00041494632325455834,4.886765466778739,3.358774372981012
1.4011491736394102e-11,0.5360750074898888,0.005137034670985913,0.53608514979424,0.07806148424385528,0.026967992989335016,6.390274218917315e-6,0.19246290903455573,0.00041689106680626496,4.8867651931491025,3.4567579792209346
1.4656005692264868e-11,0.5360745472604684,0.00511376853117742,0.5360850139322519,0.07730318462967756,0.026967902973544546,6.364410330997519e-6,0.19246268832401892,0.00041516230300042885,4.886764910768402,3.3695971947397827
1.533016661557688e-11,0.5360740723120762,0.005134487133667459,0.536084873725196,0.07797839121378902,0.02696781007867601,6.3874393097700565e-6,0.1924624605547334,0.00041670171930597585,4.886764619356758,3.4472649232240666
1.6035338235804875e-11,0.536073582173964,0.005116006815274832,0.5360847290341098,0.07737618551884862,0.026967714212633078,6.3669008677107266e-6,0.19246222550094141,0.00041532866024886027,4.886764318625365,3.377941933347542
1.677294701255202e-11,0.5360730763603276,0.005132516512536892,0.5360845797155872,0.07791412468277352,0.026967615280372493,6.3852468149800434e-6,0.1924619829296645,0.00041655525981814783,4.886764008276158,3.4399143860104497
1.7544485021070496e-11,0.5360725543698248,0.005117745191256349,0.5360844256216353,0.07743287392627181,0.026967513183809806,6.3688347783185755e-6,0.1924617326004724,0.00041545785521907805,4.886763688001528,3.3844295182620416
1.8351512970512492e-11,0.5360720156850776,0.005130980135234563,0.5360842665995278,0.07786402700196585,0.026967407821721863,6.3835378046582355e-6,0.1924614742652447,0.0004164410807352458,4.886763357484074,3.4341776353854447
1.9195663361017776e-11,0.5360714597721609,0.005119105478473536,0.5360841024916547,0.07747722633902965,0.026967299089646367,6.370347760559072e-6,0.19246120766792485,0.00041555894514320996,4.886763016396193,3.3895114729114817
2.0078643786024046e-11,0.5360708860800725,0.00512977368570421,0.5360839331353648,0.0778246935447275,0.026967186879778123,6.38219606493723e-6,0.19246093254426636,0.0004163514259892544,4.886762664399837,3.4296679337928757
2.1002240386480078e-11,0.5360702940401859,0.0051201772502438925,0.5360837583628052,0.07751216612392561,0.026967071080861927,6.371539585055045e-6,0.19246064862157064,0.0004156385888998223,4.886762301146137,3.3935199911360874
2.196832146394875e-11,0.5360696830656878,0.00512882005842281,0.5360835780007545,0.07779360781487399,0.02696695157808212,6.381135734158447e-6,0.1924603556184166,0.0004162805637984018,4.886761926275057,3.4260992531291032
2.2978841259909756e-11,0.536069052550996,0.005121027042131887,0.5360833918704513,0.07753986477614333,0.026966828252948494,6.372484353681616e-6,0.192460053244382,0.0004157017334549137,4.886761539415079,3.396701944295553
2.4035843908905517e-11,0.5360684018711582,0.0051280616975589634,0.5360831997874177,0.07776889134500993,0.026966700983178566,6.380292710836757e-6,0.19245974119975498,0.0004162242150080472,4.886761140182756,3.4232579715973612
2.514146757352809e-11,0.5360677303812339,0.005121704756851236,0.536083001561275,0.07756195096608091,0.026966569642576082,6.373237643075813e-6,0.19245941917523698,0.0004157520882459433,4.886760728182424,3.3992425982823633
2.6297948769611023e-11,0.5360670374156528,0.00512745524097166,0.5360827969955559,0.07774912914094466,0.026966434100905632,6.3796187087428585e-6,0.19245908685163637,0.0004161791562076373,4.886760303005726,3.4209830618211896
2.7507626890375638e-11,0.536066322287557,0.005122248149048709,0.5360825858875106,0.07757965654747723,0.02696629422376323,6.3738414821340686e-6,0.19245874389955145,0.0004157924601227193,4.886759864231271,3.401282217523574
2.8772948938682795e-11,0.5360655842881187,0.005126967750151693,0.5360823680279037,0.0777332463579902,0.026966149872442686,6.379077053702822e-6,0.19245838997904416,0.00041614293880780953,4.886759411424174,3.4191521080578138
3.0096474476964314e-11,0.536064822685838,0.005122686016732804,0.5360821432008084,0.07759392119651569,0.026966000903797718,6.374327940550984e-6,0.1924580247393027,0.00041582498949613837,4.886758944135674,3.402927843432495
3.1480880804844986e-11,0.5360640367258166,0.0051265740008573785,0.5360819111833924,0.07772042015516707,0.02696584717009973,6.378639664467055e-6,0.19245764781829397,0.00041611368791387107,4.886758461902603,3.417671333674531
3.2928968374930394e-11,0.5360632256290105,0.005123040488909947,0.5360816717456967,0.07760546688769576,0.02696568851889077,6.374721648556583e-6,0.1924572588424041,0.00041585132185264774,4.886757964247039,3.404261789574438
3.444366645771521e-11,0.5360623885914568,0.005126254545293672,0.536081424650407,0.07771001603718064,0.026965524792832037,6.3782848956059525e-6,0.19245685742606822,0.00041608995787601605,4.886757450675732,3.4164683570198084
3.6028039067070825e-11,0.5360615247834762,0.005123328687065041,0.53608116965262,0.07761485213821975,0.026965355829547344,6.375041662784032e-6,0.19245644317138816,0.0004158727292430557,4.886756920679679,3.4053477936767536
3.768529115830034e-11,0.536060633348851,0.005125994283090947,0.5360809064995993,0.07770154140618458,0.026965181461461558,6.377995939902866e-6,0.19245601566773723,0.0004160706263235978,4.8867563737335935,3.4154869564383223
3.941877511129652e-11,0.5360597134039755,0.005123563947973945,0.5360806349305254,0.0776225119280356,0.02696500151563394,6.375302826295753e-6,0.19245557449135364,0.00041589020321830013,4.886755809295384,3.4062355311168604
4.1231997511918667e-11,0.5360587640369792,0.00512578142023992,0.5360803546762374,0.07769461155390896,0.02696481581358598,6.3777596731432425e-6,0.19245511920491962,0.0004160548166233771,4.886755226805632,3.4146831737610106
4.312862624530571e-11,0.5360577843068238,0.0051237567206753295,0.5360800654589656,0.07762878710824242,0.026964624171123774,6.375516765769957e-6,0.19245464935712822,0.0004159045201045145,4.886754625687015,3.406963966688782
4.511249791547447e-11,0.536056773242369,0.0051256066881143255,0.536079766992057,0.07768892423124169,0.026964426398154724,6.3775657822994375e-6,0.19245416448223485,0.00041604183998766896,4.886754005343764,3.4140224395954375
4.718762560621076e-11,0.536055729841409,0.005123915235709476,0.5360794589796902,0.07763394607583989,0.02696422229849816,6.375692635616441e-6,0.1924536640995961,0.000415916291929268,4.88675336516104,3.4075638092852936
4.935820699895507e-11,0.5360546530696794,0.005125462764186121,0.536079141116583,0.07768424069678037,0.02696401166969007,6.377406124756876e-6,0.1924531477131922,0.0004160311522525865,4.8867527045043495,3.413477420443491
5.1628632864100784e-11,0.5360535418598305,0.005124046016834803,0.536078813087689,0.07763820144324596,0.02696379430278138,6.375837693932111e-6,0.19245261481113538,0.00041592600326989185,4.886752022718902,3.4080594203436068
5.4003495942884177e-11,0.5360523951103694,0.005125343835421977,0.536078474567886,0.07768037131597662,0.026963569982129728,6.3772742309072865e-6,0.19245206486516195,0.00041602232123801703,4.886751319128976,3.4130263905557228
5.6487600237831966e-11,0.5360512116845665,0.005124154249537691,0.5360781252216539,0.07764172246886354,0.026963338485184667,6.375957708885717e-6,0.192451497330108,0.00041593403973827633,4.886750593037223,3.408470189567108
5.908597073055874e-11,0.5360499904093288,0.005125245262563533,0.5360777647027408,0.07767716492221699,0.02696309958226578,6.377164942435046e-6,0.19245091164336853,0.00041601500246455666,4.8867498437240044,3.412652005508031
6.180386354657499e-11,0.5360487300740358,0.00512424408901324,0.5360773926538214,0.07764464443069889,0.026962853036333657,6.3760572974600145e-6,0.1924503072243394,0.00041594070981457236,4.886749070446664,3.4088116602387823
6.464677658766361e-11,0.5360474294293377,0.005125163326807276,0.5360770087061415,0.07767450029077584,0.026962598602753535,6.377074128252149e-6,0.19244968347384092,0.0004160089193403616,4.8867482724387905,3.412340341871761
6.76204606533355e-11,0.5360460871859174,0.005124318866630735,0.5360766124791532,0.07764707601121537,0.026962336029051282,6.376140166437496e-6,0.19244903977352337,0.00041594626120326636,4.886747448909466,3.4090963095422446
7.073093107386053e-11,0.5360447020132103,0.0051250950362508926,0.5360762035801373,0.07767227990058069,0.026962065054661383,6.376998459450438e-6,0.19244837548525326,0.0004160038497549385,4.886746599042477,3.4120801888205734
7.398447987840574e-11,0.5360432725380844,0.00512438127174961,0.5360757816038147,0.07764910483582298,0.026961785410666943,6.376209302583868e-6,0.1924476899504802,0.0004159508936715368,4.886745721995502,3.4093342262052575
7.7387688522894e-11,0.5360417973434779,0.0051250379726123785,0.5360753461319434,0.07767042498267222,0.026961496819531142,6.376935250885729e-6,0.19244698248958292,0.0004159996140019598,4.886744816899287,3.4118624760877587
8.094744120333352e-11,0.5360402749669929,0.005124433480739397,0.5360748967329048,0.07765080179271693,0.02696119899482004,6.37626712538315e-6,0.1924462524011949,0.00041595476903159324,4.886743882856769,3.409533575805867
8.46709387815438e-11,0.5360387038994444,0.00512499017528717,0.536074432961276,0.07766887159467216,0.02696089164091641,6.376882321613841e-6,0.19244549896150817,0.0004159960663236896,4.8867429189422085,3.4116798353868765
8.856571335145184e-11,0.5360370825833627,0.00512447726401428,0.536073954357387,0.07765222455677583,0.026960574452724293,6.376315602358654e-6,0.19244472142355448,0.000415958018527618,4.886741924200235,3.4097010045211893
9.263964347542239e-11,0.5360354094114469,0.005124950047486647,0.5360734604468664,0.07766756774831159,0.02696024711536393,6.376837899635134e-6,0.192443919016464,0.0004159930881426291,4.886740897644964,3.411526264198878
9.690097012144393e-11,0.5360336827249713,0.005124514062397736,0.5360729507401706,0.07765342009507531,0.02695990930385678,6.3763563327348824e-6,0.19244309094469966,0.0004159607495118093,4.886739838258944,3.4098419416285526
1.0135831333340655e-10,0.5360319008121365,0.005124916284311441,0.5360724247320983,0.07766647095956523,0.02695956068280046,6.376800534993234e-6,0.19244223638726746,0.00041599058257678383,4.8867387449922015,3.4113968543656403
1.0602068966819892e-10,0.536030061906373,0.005124545056295321,0.5360718819012895,0.07765442681936177,0.026959200906032838,6.376390627775086e-6,0.19244135449690083,0.0004159630495353598,4.886737616761172,3.40996083034849
1.1089753043488969e-10,0.5360281641845854,0.00512488781748043,0.5360713217097094,0.07766554642185955,0.02695882961628554,6.376769041063315e-6,0.19244044439921962,0.0004159884702082179,4.886736452447646,3.411287577471204
1.1599870077289421e-10,0.5360262057653435,0.0051245712150820594,0.5360707436021142,0.07765527629145548,0.026958446444825854,6.376419562846217e-6,0.1924395051918611,0.00041596499051478034,4.886735250897649,3.410061320911576
1.2133451960771687e-10,0.5360241847070135,0.0051248637688598945,0.5360701470055009,0.0776647655313506,0.026958051011087208,6.376742442917959e-6,0.1924385359435841,0.000415986685843647,4.886734010920296,3.4111951201074864
1.2691578052463435e-10,0.536022099005832,0.005124593334294128,0.5360695313285394,0.07765599444671363,0.026957642922287466,6.3764440226424265e-6,0.19243753569334332,0.00041596663161378355,4.886732731286623,3.4101464259885446
1.327537736025512e-10,0.536019946593913,0.005124843413760827,0.5360688959609856,0.07766410475016987,0.026957221773034824,6.37671993827997e-6,0.19243650344933513,0.0004159851757033749,4.886731410728354,3.4111167471726613
1.3886030825218526e-10,0.5360177253371977,0.005124612073394832,0.5360682402730774,0.07765660271247957,0.026956787144920873,6.3764647382761154e-6,0.19243543818801134,0.0004159680218608023,4.886730047936656,3.410218631823376
1.4524773710478811e-10,0.5360154330333327,0.0051248261549338365,0.536067563614909,0.07766354458185803,0.02695633860610025,6.376700861931567e-6,0.19243433885306313,0.00041598389535560967,4.886728641560839,3.411050193815195
1.519289809997209e-10,0.5360130674094833,0.005124627976535809,0.536066865315788,0.07765711881776813,0.026955875710856645,6.376482313071238e-6,0.19243320435436984,0.00041596920153831563,4.886727190207007,3.4102799999474938
1.589175551214334e-10,0.5360106261200757,0.005124811495297158,0.5360661446835687,0.07766306889230157,0.026955397999154584,6.376684664414886e-6,0.19243203356691624,0.000415982807933834,4.8867256924366895,3.4109935827662206
1.6622759633871385e-10,0.5360081067444669,0.005124641495029755,0.536065401003967,0.07765755744386403,0.026954904996176386,6.376497248076067e-6,0.19243082532967382,0.00041597020432309077,4.886724146765404,3.410332243537246
1.7387389180152123e-10,0.5360055067845391,0.005124799023770084,0.5360646335398527,0.07766266426451546,0.026954396211844516,6.3766708878404975e-6,0.19242957844444658,0.00041598188289398476,4.886722551661219,3.4109453495163367
1.8187190885323624e-10,0.5360028236622171,0.005124653005604253,0.5360638415305163,0.07765793083910152,0.02695387114032682,6.376509960283199e-6,0.19242829167467942,0.0004159710580527293,4.8867209055431715,3.4103767903852624
1.9023782631884747e-10,0.536000054716908,0.005124788396539935,0.536063024190917,0.07766231955409442,0.026953329259527405,6.3766591528438535e-6,0.1924269637442283,0.0004159810946744068,4.886719206779758,3.410904191660004
1.9898856723236065e-10,0.5359971972028539,0.005124662821298961,0.5360621807109031,0.07765824919228786,0.026952770030559393,6.3765207975887275e-6,0.19242559333609086,0.0004159717859866909,4.886717453687285,3.4104148311924076
2.081418330696355e-10,0.5359942482864054,0.005124779327200594,0.536061310254409,0.07766202543652495,0.026952192897200758,6.376649141202719e-6,0.19242417909109613,0.0004159804221140621,4.886715644528223,3.410869019157008
2.1771613955589316e-10,0.5359912050432021,0.005124671203837539,0.5360604119586254,0.07765852101600307,0.026951597285332172,6.3765300500803294e-6,0.19242271960655222,0.0004159724076255394,4.886713777509456,3.4104473625724934
2.277308541203391e-10,0.5359880644552661,0.005124771576491332,0.5360594849331447,0.07766177412845346,0.026950982602356288,6.376640587877932e-6,0.19242121343485005,0.0004159798473604421,4.886711850780544,3.4108389202291294
2.3820623507365234e-10,0.5359848234080009,0.005124678373158147,0.5360585282590775,0.07765875344294354,0.02695034823659784,6.376537959693152e-6,0.19241965908202288,0.0004159729392460547,4.886709862431844,3.410475220857755
2.491634725876011e-10,0.5359814786870927,0.005124764943432412,0.5360575409881408,0.07766155909186366,0.026949693556683797,6.376633270442725e-6,0.19241805500625828,0.00041597935554606836,4.886707810492647,3.41081312736853
2.6062473155967924e-10,0.535978026975313,0.005124684512435956,0.5360565221417185,0.07765895245061182,0.02694901791090297,6.376544732155029e-6,0.19241639961636348,0.00041597339442033915,4.886705692929211,3.4104991082262033
2.726131964494651e-10,0.53597446484922,0.005124759259303829,0.5360554707098895,0.07766137485176786,0.026948320626544495,6.376627001249779e-6,0.19241469127018013,0.0004159789341025281,4.886703507642767,3.4107909971725436
2.8515311817741643e-10,0.5359707887757487,0.005124689776991269,0.5360543856504274,0.0776591230781567,0.026947601009214013,6.3765505374516444e-6,0.1924129282729483,0.00041597378472788704,4.8867012524673985,3.410519616792785
2.982698631809508e-10,0.5359669951086973,0.005124754382042961,0.536053265887766,0.07766121679240859,0.02694685834212741,6.376621623984037e-6,0.19241110887561821,0.0004159785725199907,4.8866989251679405,3.4107719857260714
3.1198996472705927e-10,0.5359630800850967,0.005124694296649478,0.5360521103119323,0.07765926954378116,0.026946091885380684,6.376555519795652e-6,0.1924092312731066,0.00041597411981389296,4.8866965234377195,3.4105372452818137
3.2634117658524547e-10,0.5359590398214639,0.005124750191915216,0.5360509177774458,0.07766108102981843,0.02694530087519557,6.376617005812246e-6,0.19240729360249703,0.00041597826191906283,4.886694044896302,3.410755634978992
3.4135252916936536e-10,0.5359548703099333,0.005124698182129382,0.5360496871021825,0.07765939542460587,0.026944484523139918,6.376559801652469e-6,0.19240529394118297,0.0004159744078052363,4.886691487087128,3.410552415468655
3.5705438826192607e-10,0.5359505674142675,0.005124746588202258,0.536048417066201,0.07766096427065747,0.02694364201532177,6.376613034691203e-6,0.19240323030494932,0.0004159779947760955,4.886688847475059,3.4107415562486074
3.7347851643965387e-10,0.5359461268657341,0.00512470152580173,0.5360471064105338,0.07765950374522541,0.0269427725115565,6.376563485154386e-6,0.1924011006459931,0.00041597465565619025,4.886686123443875,3.410565484503283
3.906581373245614e-10,0.5359415442588518,0.005124743484921152,0.5360457538359369,0.07766086374755657,0.02694187514450572,6.376609616541329e-6,0.1923989028508796,0.0004159777647718836,4.886683312293695,3.4107294214452644
4.086280027905033e-10,0.5359368150470015,0.005124704406599734,0.5360443580016023,0.07765959705892941,0.026940949018787467,6.376566657881641e-6,0.19239663473843271,0.0004159748691645538,4.886680411238273,3.410576754958266
4.2742446326116083e-10,0.5359319345378907,0.005124740810099617,0.5360429175238257,0.07766077710730296,0.026939993210055795,6.3766066708880115e-6,0.1923942940575563,0.00041597756651556584,4.886677417402265,3.4107189513819267
4.4708554124166344e-10,0.5359268978888759,0.0051247068912421805,0.536041430974635,0.07765967753191932,0.026939006764049724,6.376569393653613e-6,0.19239187848498585,0.00041597505330705475,4.886674327818351,3.410586484347608
4.676510082325782e-10,0.5359217001021307,0.005124738501633645,0.5360398968803729,0.07766070234601431,0.02693798869560938,6.376604129585688e-6,0.19238938562296654,0.0004159773954419689,4.88667113942432,3.4107099087818917
4.891624651818794e-10,0.5359163360196604,0.005124709036438592,0.5360383137202348,0.07765974700199363,0.026936937987659035,6.376571754626067e-6,0.19238681299685634,0.0004159752122671937,4.886667849060017,3.410594890807408
5.116634266376084e-10,0.5359108003181516,0.005124736507693746,0.5360366799247586,0.07766063777312217,0.026935853590155236,6.376601935131284e-6,0.19238415805265127,0.00041597724769366033,4.886664453464213,3.410702091690483
5.351994087714752e-10,0.5359050875036603,0.005124710890308741,0.5360349938742678,0.07765980703605045,0.026934734418999004,6.376573794718362e-6,0.19238141815443027,0.0004159753496459636,4.886660949271374,3.41060216126585
5.598180214514533e-10,0.5358991919061215,0.005124734783580738,0.5360332538972644,0.0776605819438393,0.026933579354910774,6.376600038311368e-6,0.19237859058171702,0.0004159771199257585,4.886657333008332,3.4106953284423493
5.855690645496171e-10,0.5358931076736879,0.0051247124940014205,0.536031458268769,0.07765985896678934,0.026932387242266532,6.376575558986938e-6,0.19237567252675597,0.00041597546847671506,4.886653601090833,3.410608454515648
6.125046286800317e-10,0.5358868287668785,0.005124733291564848,0.5360296052086082,0.07766053362789793,0.026931156887893992,6.376598396999444e-6,0.19237266109169962,0.0004159770093676545,4.8866497498199815,3.410689471375894
6.406792005704988e-10,0.5358803489525429,0.005124713882588033,0.5360276928796486,0.07765990393007385,0.026929887059827046,6.37657708620564e-6,0.1923695532857048,0.0004159755713698568,4.88664577537858,3.410613906215772
6.701497732812729e-10,0.5358736617976247,0.005124731998858219,0.5360257193859718,0.07766049177513977,0.026928576486017087,6.376596975669969e-6,0.19236634602193314,0.0004159769136006075,4.886641673827347,3.410684395726666
7.009759614937327e-10,0.5358667606627273,0.005124715086072508,0.5360236827709923,0.077659942896074,0.026927223852999494,6.37657840938907e-6,0.19236303611445515,0.00041597566052876955,4.886637441101007,3.4106186330156985
7.332201221022122e-10,0.5358596386954666,0.005124730878281841,0.5360215810155153,0.07766045548638152,0.026925827804513646,6.376595743734423e-6,0.19235962027505193,0.00041597683057154836,4.886633073004254,3.410679993296854
7.669474803529163e-10,0.535852288823609,0.005124716129908136,0.5360194120357308,0.07765997669839574,0.026924386940074655,6.376579556743097e-6,0.19235609510991356,0.0004159757378729296,4.886628565207615,3.4106227339720028
8.022262617851199e-10,0.5358447037479873,0.00512472990573463,0.5360171736811441,0.07766042399837073,0.026922899813494976,6.376594674929094e-6,0.19235245711622795,0.0004159767585260227,4.886623913243121,3.410676172404382
8.391278302414993e-10,0.5358368759351834,0.005124717036082334,0.5360148637324407,0.07766000604037916,0.026921364931353976,6.376580552568799e-6,0.19234870267866022,0.00041597580499998753,4.886619112499924,3.4106262947859767
8.777268322268074e-10,0.5358287976099742,0.005124729061175017,0.5360124798992811,0.07766039664860869,0.026919780751413463,6.376593746907579e-6,0.1923448280657151,0.00041597669595824674,4.886614158219678,3.4106728535767092
9.181013479068916e-10,0.5358204607475304,0.005124717823416689,0.5360100198180261,0.0776600315368203,0.026918145680977033,6.376581417531942e-6,0.19234082942598,0.0004159758633283227,4.886609045491858,3.4106293883806633
9.603330490535166e-10,0.5358118570653618,0.005124728327046827,0.536007481049388,0.07766037287667392,0.026916458075191017,6.376592940485962e-6,0.19233670278424597,0.0004159766415710908,4.886603769248879,3.4106699691863516
1.0045073642544621e-9,0.5358029780149972,0.005124718508000232,0.5360048610760075,0.07766005370764681,0.026914716235284904,6.3765821694477425e-6,0.19233244403750013,0.0004159759140369398,4.886598324261057,3.4106320779776054
1.0507136517231493e-9,0.5357938147733937,0.005124727688491316,0.5360021572999514,0.07766035219684686,0.026912918406748535,6.37659223925557e-6,0.1923280489507863,0.00041597659427268513,4.886592705131453,3.410667460791205
1.0990453800572934e-9,0.535784358234065,0.00512471910369854,0.5359993670401316,0.0776600730007199,0.026911062777443942,6.376582823562722e-6,0.19232351315293023,0.000415975958161963,4.886586906290497,3.4106344177551255
1.1496003173122834e-9,0.5357745989979178,0.0051247271326338995,0.5359964875296396,0.07766033419209835,0.026909147475648855,6.3765916289412745e-6,0.19231883213212253,0.0004159765530964337,4.886580921990479,3.4106652779880324
1.202480728771735e-9,0.5357645273637889,0.005124719622413505,0.535993515912996,0.07766008980369697,0.02690717056802936,6.376583393010879e-6,0.19231400123135653,0.0004159759965847775,4.886574746299842,3.410636454308817
1.2577935838152871e-9,0.5357541333186702,0.0051247266484376495,0.5359904492433116,0.0776603185052156,0.026905130057538692,6.376591097411426e-6,0.19230901564371564,0.00041597651722942143,4.886568373097315,3.4106633774559922
1.3156507723020774e-9,0.5357434065276141,0.005124720074424699,0.5359872844793574,0.07766010444954174,0.02690302388123937,6.37658388916588e-6,0.19230387040750355,0.0004159760300661697,4.886561796065827,3.4106382278499905
1.3761693309076768e-9,0.5357323363233049,0.005124726226317384,0.5359840184825398,0.07766030482897876,0.02690084990804527,6.376590634150252e-6,0.19229856040121393,0.0004159764859653788,4.886555008686244,3.4106617220110356
1.4394716798722416e-9,0.5357209116952872,0.005124720468626283,0.5359806480137789,0.0776601172224665,0.02689860593638048,6.376584321687718e-6,0.19229308033833295,0.00041597605926075074,4.886548004230916,3.410639773345448
1.5056858706388527e-9,0.5357091212788412,0.005124725858081296,0.5359771697302864,0.07766029289565855,0.02689628969175155,6.376590230147513e-6,0.19228742476196847,0.0004159764586895832,4.886540775757007,3.4106602791511444
1.5749458448829645e-9,0.5356969533434855,0.005124720812576977,0.5359735801822392,0.07766012837151515,0.026893898824229417,6.376584699045582e-6,0.192281588039301,0.0004159760847394087,4.886533316099595,3.4106411204596303
1.6473917054569065e-9,0.5356843957811057,0.005124725536691853,0.535969875809347,0.07766028247718441,0.026891430905837174,6.37658987757308e-6,0.1922755643558491,0.00041597643488436764,4.886525617864574,3.410659021109104
1.7231699997976037e-9,0.5356714360936848,0.005124721112900199,0.5359660529373079,0.0776601381091543,0.026888883427839818,6.376585028471553e-6,0.19226934770954346,0.0004159761069835637,4.8865176734213245,3.410642295545965
1.8024340163707027e-9,0.5356580613806297,0.005124725255970335,0.5359621077741517,0.07766027337361343,0.02688625379793194,6.376589569659373e-6,0.19226293190460236,0.0004159764140895759,4.886509474895147,3.410657923560369
1.885344094750842e-9,0.5356442583256761,0.005124721375342313,0.5359580364064629,0.07766014661975405,0.026883539337318574,6.376585316233814e-6,0.19225631054520187,0.00041597612642070716,4.886501014159451,3.4106433206736857
1.9720679499652886e-9,0.535630013183357,0.005124725010590725,0.5359538347954844,0.07766026541555726,0.026880737277685095,6.376589300622678e-6,0.19224947702893344,0.00041597639591538666,4.886492282827689,3.4106569659558397
2.0627810117570436e-9,0.5356153117650214,0.005124721604750861,0.5359494987730938,0.07766015406292812,0.026877844758051044,6.3765855677796726e-6,0.19224242454004123,0.0004159761434146509,4.886483272245037,3.4106442154507013
2.1576667794536656e-9,0.535600139424386,0.005124724796016387,0.535945024037651,0.07766025845268681,0.026874858821503027,6.376589065352526e-6,0.1922351460424313,0.00041597638002215966,4.886473973479841,3.4106561299848646
2.2569171931597586e-9,0.5355844810426039,0.005124721805414247,0.5359404061497112,0.07766016057629559,0.026871776411801183,6.376585787759312e-6,0.19222763427244474,0.0004159761582773662,4.8864643773147085,3.4106449966818424
2.3607330220238514e-9,0.535568321012834,0.005124724608238532,0.5359356405275992,0.07766025235846934,0.026868594369854025,6.376588859517643e-6,0.1922198817313855,0.0004159763661125451,4.886454474237401,3.410655399874692
2.469324270365187e-9,0.5355516432242915,0.005124721981042992,0.5359307224428416,0.07766016627945435,0.026865309430055336,6.3765859802621334e-6,0.19221188067779524,0.0004159761712877706,4.886444254431399,3.410645679070267
2.5829106024819086e-9,0.5355344310457639,0.005124724443853793,0.5359256470154519,0.07766024701940334,0.026861918216477456,6.3765886793260825e-6,0.19220362311946512,0.00041597635393468194,4.886433707766135,3.41065476207036
2.70172178699999e-9,0.5355166673085713,0.0051247221348353095,0.5359204092090598,0.07766017127667459,0.02685841723891419,6.37658614879493e-6,0.19219510080517468,0.00041597618267910343,4.886422823786978,3.410646275147443
2.8259981616617017e-9,0.5354983342889512,0.005124724299811429,0.5359150038258883,0.07766024234017968,0.026854802888766738,6.376588521475826e-6,0.19218630521614938,0.00041597634326473335,4.88641159170485,3.4106542047880795
2.9559911194939593e-9,0.5354794136898489,0.005124722269590524,0.5359094255015636,0.07766017565704582,0.02685107143476557,6.376586296420329e-6,0.19217722755722422,0.0004159761926583835,4.886400000385498,3.410646796089593
3.091963617339803e-9,0.5354598866220907,0.005124724173568122,0.535903668699759,0.07766023823693345,0.026847219018520604,6.3765883831346985e-6,0.19216785874770448,0.0004159763339109202,4.886388038338502,3.4106537177388425
3.2341907077818528e-9,0.5354397335849165,0.005124722387695544,0.5358977277066669,0.07766017949960105,0.02684324164989206,6.376586425784486e-6,0.1921581894119114,0.00041597620140709156,4.886375693705815,3.410647251421766
3.382960095533679e-9,0.535418934445852,0.005124724062812559,0.5358915966252866,0.07766023463622504,0.026839135202173556,6.376588261772582e-6,0.19214820986940173,0.00041597632570503063,4.886362954250036,3.41065329196547
3.5385727194245365e-9,0.535397468419893,0.0051247224912516695,0.5358852693695337,0.07766018287214008,0.026834895407078823,6.376586539240556e-6,0.1921379101248468,0.00041597620907902376,4.886349807342258,3.4106476495045595
3.7013433611549088e-9,0.5353753140479783,0.005124723965656129,0.5358787396581528,0.07766023147418898,0.026830517849523106,6.376588155300778e-6,0.19212727985756248,0.00041597631850455566,4.8863362399495225,3.4106529197084687
3.87160128205405e-9,0.5353524491747245,0.00512472258210658,0.5358720010084344,0.07766018583342886,0.026825997962189367,6.37658663871958e-6,0.1921163084106723,0.0004159762158085633,4.886322238621908,3.41064799754398
4.049690889127761e-9,0.5353288509253948,0.0051247238803074635,0.5358650467297297,0.07766022869681546,0.026821331019869388,6.376588061801765e-6,0.19210498477989207,0.0004159763121794632,4.886307789479162,3.4106525942185795
4.235972431743669e-9,0.5353044956820768,0.005124722661833329,0.5358578699167509,0.07766018843462318,0.026816512133569132,6.376586726021035e-6,0.1920932976019222,0.00041597622171587784,4.886292878196947,3.4106483019413787
4.430822730363296e-9,0.5352793590590337,0.0051247238053370794,0.5358504634426571,0.07766022625540059,0.0268115362443674,6.376587979645185e-6,0.19208123514243045,0.00041597630662213055,4.886277489992592,3.410652309546459
4.634635938794984e-9,0.5352534158772032,0.005124722731855586,0.5358428199519121,0.07766019072110705,0.026806398117015618,6.376586802654569e-6,0.19206878528361096,0.0004159762269000249,4.886261609610452,3.41064856814306
4.847824341509791e-9,0.5352266401378112,0.005124723739427917,0.5358349318529118,0.07766022410837212,0.026801092333266968,6.376587907434694e-6,0.1920559355113028,0.0004159763017346492,4.886245221306745,3.410652060628572
5.0708191876329466e-9,0.5351990049950628,0.005124722793291802,0.5358267913103704,0.07766019273219021,0.026795613284921638,6.3765868699392365e-6,0.19204267290165025,0.00041597623145396887,4.886228308833921,3.41064880095911
5.3040715632981074e-9,0.5351704827278816,0.005124723681455134,0.535818390237458,0.07766022221903462,0.026789955166574432,6.376587843884921e-6,0.1920289841072872,0.0004159762974360814,4.8862108554245385,3.4106518428514194
5.548053304129005e-9,0.5351410447106553,0.005124722847287537,0.535809720287681,0.07766019450080976,0.026784111968050854,6.376586928994904e-6,0.1920148553430269,0.0004159762354546739,4.8861928437746265,3.4106490045535436
5.803257949694196e-9,0.5351106613829535,0.00512472363039891,0.5358007728464996,0.07766022055521572,0.02677807746651625,6.37658778795379e-6,0.1920002723710373,0.0004159762936486061,4.886174256026469,3.4106516524394106
6.070201741865924e-9,0.5350793022181758,0.005124722894701156,0.5357915390226665,0.07766019605780274,0.026771845218242298,6.376586980874454e-6,0.1919852204854816,0.0004159762389660408,4.886155073750905,3.410649182639887
6.349424669102256e-9,0.5350469356910884,0.005124723585446421,0.5357820096392868,0.07766021908915044,0.026765408550014257,6.376587738616109e-6,0.19196968449660154,0.00041597629031133614,4.8861352779290135,3.4106514859034216
6.641491558765189e-9,0.5350135292442088,0.005124722936384198,0.5357721752245825,0.077660197428227,0.026758760550161687,6.376587026414342e-6,0.19195364871422255,0.000415976242050163,4.886114848933215,3.4106493383721754
6.946993219684246e-9,0.5349790492529876,0.00512472354578153,0.5357620260023535,0.07766021779674416,0.02675189405919386,6.376587695134495e-6,0.19193709693065544,0.0004159762873680424,4.886093766507786,3.4106513402272034
7.266547637276811e-9,0.5349434609897473,0.005124722972929416,0.5357515518821263,0.07766019863507279,0.02674480166002112,6.376587066392081e-6,0.19192001240297193,0.0004159762447571903,4.88607200974873,3.4106494744957008
7.600801223642621e-9,0.5349067285863222,0.005124723510763361,0.5357407424489791,0.07766021665648039,0.02673747566774156,6.376587656690614e-6,0.19190237783462533,0.000415976284765221,4.886049557083017,3.4106512128513438
7.950430125161567e-9,0.5348688149953492,0.005124723005040959,0.5357295869530309,0.07766019969790701,0.026729908118972103,6.3765871014390966e-6,0.1918841753563924,0.0004159762471332775,4.886026386247137,3.4106495935108296
8.316141590239355e-9,0.5348296819501607,0.005124723479810756,0.5357180742985846,0.0776602156497976,0.02672209076070146,6.376587622673656e-6,0.19186538650660587,0.0004159762824633278,4.88600247426498,3.4106511014924155
8.698675399968163e-9,0.5347892899232134,0.005124723033188227,0.535706193032913,0.07766020063466574,0.026714015038641896,6.376587132146233e-6,0.19184599221064874,0.00041597624921455045,4.885977797425006,3.4106496975157863
9.098805364596185e-9,0.5347475980830011,0.00512472345239332,0.5356939313346718,0.07766021476004,0.02670567208505491,6.3765875925248995e-6,0.19182597275967886,0.0004159762804220458,4.885952331256668,3.4106510041214047
9.517340888833215e-9,0.5347045642493864,0.005124723057837814,0.5356812770019312,0.07766020145935015,0.0266970527060257,6.376587159002439e-6,0.191805307788551,0.000415976251034869,4.885926050506087,3.4106497883769427
9.955128609158496e-9,0.5346601448472881,0.005124723428062135,0.5356682174398114,0.07766021397314547,0.026688147368158922,6.376587565719061e-6,0.19178397625290278,0.0004159762786083459,4.885898929110946,3.410650919033262
1.0413054106443356e-8,0.534614294858652,0.005124723079379516,0.5356547396477058,0.07766020218586626,0.026678946184668192,6.376587182436586e-6,0.1917619564053674,0.00041597625262461174,4.885870940174569,3.410649867735545
1.0892043697352347e-8,0.5345669677726393,0.0051247234064078695,0.5356408302060824,0.07766021327605269,0.02666943890082943,6.376587541809945e-6,0.19173922577087602,0.00041597627699089943,4.8858420559391895,3.410650844689831
1.1393066308147138e-8,0.5345181155339543,0.005124723098155767,0.5356264752628427,0.07766020282542392,0.026659614878767328,6.3765872027938994e-6,0.1917157611210104,0.00041597625400676514,4.8858122477583095,3.4106499370017325
1.1917135434683424e-8,0.534467688489232,0.005124723387062826,0.5356116605192294,0.07766021265795485,0.026649463081543073,6.376587520394639e-6,0.1916915384473632,0.0004159762755426257,4.885781486068223,3.4106507797553216
1.2465311192565444e-8,0.5344156353314078,0.00512472311445243,0.5355963712152615,0.07766020338782285,0.026638972056509117,6.376587220401427e-6,0.19166653293386277,0.0004159762552038672,4.885749740358592,3.410649997441091
1.3038702461605872e-8,0.534361903041979,0.005124723369709194,0.5355805921146829,0.07766021210858481,0.026628129917896613,6.376587501106271e-6,0.1916407189280171,0.0004159762742392119,4.885716979142097,3.410650723066524
1.3638469128928205e-8,0.5343064368310683,0.005124723128520135,0.5355643074894071,0.07766020388194639,0.026616924328598073,6.376587235524967e-6,0.19161406991102706,0.00041597625623264743,4.885683169923066,3.410650050143341
1.4265824435249713e-8,0.5342491800751967,0.005124723354051503,0.5355475011034397,0.07766021161945967,0.02660534248110811,6.3765874836263255e-6,0.19158655846671976,0.00041597627305853024,4.885648279165156,3.410650673551519
1.492203742909093e-8,0.5341900742526641,0.005124723140561763,0.5355301561962603,0.0776602043152184,0.026593371077581824,6.376587248372175e-6,0.19155815624924796,0.00041597625710757343,4.885612272257935,3.4106500960520933
1.560843553387623e-8,0.5341290588764327,0.005124723339809285,0.5355122554656446,0.07766021118259318,0.026580996308969877,6.376587467631631e-6,0.1915288339494995,0.0004159762719797003,4.885575113482428,3.4106506303612174
1.632640723311811e-8,0.534066071424406,0.005124723150737029,0.5354937810499063,0.07766020469395135,0.026568203833187597,6.376587259102266e-6,0.19149856126015768,0.00041597625784076277,4.885536765975532,3.4106501359961245
1.707740487911765e-8,0.5340010472669855,0.005124723326738821,0.5354747145095401,0.07766021079116356,0.026554978752273424,6.376587452847125e-6,0.19146730683935156,0.0004159762709832099,4.885497191693276,3.4106505926753674
1.786294763086176e-8,0.5339339195917854,0.005124723159183903,0.535455036808239,0.07766020502388848,0.026541305588490927,6.376587267859043e-6,0.19143503827282957,0.00041597625844159877,4.885456351372927,3.4106501707149124
1.8684624527060816e-8,0.5338646193253784,0.005124723314602194,0.5354347282932705,0.0776602104386067,0.026527168259326637,6.3765874389871394e-6,0.1914017220345891,0.00041597627005106764,4.8854142044938165,3.4106505598009584
1.9544097700542848e-8,0.5337930750519376,0.005124723165999508,0.5354137686751823,0.07766020530968505,0.026512550051334915,6.376587274739712e-6,0.1913673234458894,0.00041597625891592855,4.885370709236987,3.4106502008468933
2.0443105740506504e-8,0.5337192129286369,0.005124723303169834,0.5353921370068152,0.07766021011948762,0.02649743359277884,6.376587425795679e-6,0.19133180663257196,0.00041597626916531274,4.8853258224434315,3.4106505311263806
2.1383467209433797e-8,0.5336429565976589,0.005124723171242863,0.5353698116616,0.07766020555512718,0.02648180082501541,6.376587279779193e-6,0.19129513448060914,0.00041597625926762975,4.885279499571074,3.41065022693961
2.2367084321777882e-8,0.5335642270946591,0.00512472329222124,0.5353467703111073,0.07766020982819374,0.026465632972571537,6.376587412997513e-6,0.1912572685897961,0.0004159762683079146,4.885231694650304,3.410650506114187
2.3395946791865882e-8,0.5334829427535195,0.0051247231749579295,0.5353229899018269,0.07766020576347238,0.02644891051185599,6.376587282998783e-6,0.1912181692254986,0.00041597625949750056,4.885182360238093,3.4106502494857263
2.4472135858801596e-8,0.5333990191072249,0.00512472328152515,0.5352984466311467,0.0776602095599313,0.02643161313845178,6.376587400324295e-6,0.19117779526836357,0.00041597626746131647,4.885131447370617,3.4106504842826038
2.5597828496509435e-8,0.5333123687846772,0.00512472317713169,0.5352731159224993,0.07766020593715259,0.026413719732931714,6.376587284364228e-6,0.19113610416189414,0.00041597625960392595,4.885078905514357,3.410650268907795
2.6775301817436067e-8,0.5332229014032636,0.005124723270858396,0.5352469723996486,0.07766020931006955,0.02639520832513975,6.37658738749396e-6,0.19109305185778713,0.00041597626660640414,4.885024682515594,3.4106504652148972
2.8006937678817277e-8,0.5331305234569732,0.005124723177730603,0.5352199898600815,0.07766020607809686,0.026376056056879576,6.3765872838022814e-6,0.19104859275892377,0.0004159762595823377,4.884968724548302,3.4106502855656307
2.929522750082919e-8,0.5330351381998596,0.005124723259977614,0.5351921412474702,0.07766020907406078,0.026356239142951817,6.3765873742040615e-6,0.19100267965990056,0.00041597626572362873,4.884910976060302,3.4106504485295748
3.064277730636849e-8,0.5329366455246254,0.005124723176672977,0.5351633986231741,0.07766020618743007,0.02633573283048087,6.376587281178993e-6,0.19095526368497995,0.0004159762594249812,4.884851379717711,3.4106502997783377
3.205231299265775e-8,0.5328349418360977,0.005124723248615646,0.5351337331367374,0.07766020884736584,0.02631451135647283,6.376587360124774e-6,0.1909062942233354,0.0004159762647902248,4.884789876347559,3.4106504338974823
3.352668584533902e-8,0.5327299199193529,0.005124723173847036,0.5351031149953502,0.07766020626562525,0.02629254790354635,6.37658727632676e-6,0.19085571886145702,0.0004159762591194305,4.884726404878565,3.4106503118130105
3.506887830620949e-8,0.5326214688022336,0.005124723236483585,0.5350715134322308,0.07766020862550746,0.02626981455377938,6.376587344880769e-6,0.19080348331257999,0.0004159762637828502,4.884660902279958,3.410650421019321
3.668201000626803e-8,0.5325094736119895,0.005124723169070853,0.5350388966738848,0.07766020631267179,0.026246282240616356,6.376587268991694e-6,0.19074953134298764,0.000415976258651099,4.884593303498327,3.4106503219031734
3.8369344076274425e-8,0.5323938154257598,0.00512472322327089,0.5350052319062016,0.07766020840397574,0.026221920698782025,6.376587328071669e-6,0.19069380469503625,0.00041597626267381253,4.88452354139241,3.410650409619675
4.013429374758832e-8,0.5322743711145996,0.005124723162132716,0.5349704852393374,0.0776602063275846,0.02619669841215167,6.376587258873428e-6,0.19063624300673823,0.0004159762579988954,4.884451546665765,3.41065033023916
4.1980429256639724e-8,0.5321510131807388,0.005124723208603827,0.5349346216713435,0.07766020817778209,0.026170582559529587,6.37658730921248e-6,0.19057678372773487,0.000415976261432188,4.884377247797219,3.4106503994582633
4.3911485066998084e-8,0.5320236095877426,0.005124723152742916,0.5348976050504808,0.0776602063087244,0.026143538958293397,6.376587245564114e-6,0.19051536203147856,0.00041597625713751357,4.884300570969078,3.4106503369829912
4.5931367423648165e-8,0.531892023583236,0.005124723192066254,0.5348593980361765,0.07766020794157447,0.026115532005865534,6.376587287753453e-6,0.19045191072343703,0.00041597626002179856,4.884221439992958,3.410650390301074
4.80441622547564e-8,0.5317561135138197,0.00512472314054124,0.5348199620585653,0.07766020625350607,0.02608652461898034,6.3765872285782236e-6,0.19038636014512236,0.00041597625603484527,4.884139776233222,3.410650342258193
5.025414343690845e-8,0.5316157326318065,0.005124723173171532,0.5347792572765547,0.07766020768954793,0.026056478170721716,6.376587263059283e-6,0.1903186380737375,0.00041597625840071795,4.884055498527902,3.4106503819370397
5.256578144054006e-8,0.5314707288933742,0.005124723125086962,0.5347372425343576,0.07766020615848514,0.02602535242531527,6.376587207313705e-6,0.1902486696172233,0.00041597625465153345,4.8839685231070105,3.410650346162537
5.49837523730485e-8,0.531320944747716,0.0051247231513509035,0.5346938753164324,0.07766020741510143,0.025993105470668403,6.376587234377659e-6,0.19017637710447768,0.0004159762565198305,4.8838787635082,3.410650374162835
5.7512947437876925e-8,0.5311662169167499,0.005124723105835574,0.5346491117007549,0.07766020601903212,0.025959693648663247,6.37658718103102e-6,0.1901016799705089,0.0004159762529395135,4.883786130489621,3.4106503487641957
6.015848282870841e-8,0.5310063761649265,0.005124723125936056,0.5346029063103643,0.07766020711082579,0.025925071483220437,6.376587200820288e-6,0.19002449463627116,0.00041597625432095885,4.883690531939959,3.4106503667743335
6.292571007878084e-8,0.5308412470586475,0.005124723082125291,0.5345552122631053,0.07766020582918909,0.025889191606166567,6.376587148836194e-6,0.18994473438292328,0.000415976250840374,4.883591872785469,3.4106503500939973
6.582022688626026e-8,0.530670647714793,0.005124723096139352,0.5345059811194892,0.07766020676812047,0.02585200468095493,6.376587161339196e-6,0.18986230922023228,0.00041597625173545315,4.88349005489398,3.410650359582853
6.884788843757003e-8,0.5304943895378227,0.005124723053151861,0.5344551628285993,0.07766020558162977,0.025813459324308362,6.376587109646199e-6,0.1897771257488391,0.00041597624828344597,4.883384976975717,3.4106503501632695
7.201481925158132e-8,0.5303122769448969,0.005124723061024348,0.5344027056719545,0.07766020637705136,0.025773502025874695,6.376587114686554e-6,0.18968908701608406,0.00041597624868187834,4.883276534480823,3.410650352381562
7.53274255686229e-8,0.5301241070784338,0.005124723017947601,0.5343485562052442,0.07766020526722128,0.025732077066009044,6.376587062158129e-6,0.18959809236507974,0.00041597624518361763,4.883164619493573,3.4106503489449045
7.879240830937482e-8,0.5299296695054956,0.005124723019480316,0.5342926591978426,0.07766020592596903,0.025689126431824444,6.376587059380839e-6,0.18950403727670612,0.00041597624506311566,4.883049120622981,3.4106503449652235
8.241677662985523e-8,0.5297287459033669,0.0051247229753422436,0.5342349575700089,0.07766020487476707,0.025644589731682495,6.376587004801249e-6,0.18940681320418473,0.00041597624143827625,4.88292992288987,3.4106503463811833
8.62078620999235e-8,0.5295211097306595,0.0051247229701832965,0.5341753923276683,0.07766020540114461,0.025598404108328886,6.376586993655726e-6,0.18930630739988116,0.00041597624076384585,4.882806907610134,3.4106503371055603
9.017333353397955e-8,0.5293065258832522,0.005124722923930436,0.5341139024946734,0.07766020439064919,0.02555050415091553,6.376586935687395e-6,0.18920240273396297,0.00041597623692419964,4.882679952274151,3.410650342371238
9.432121250386007e-8,0.5290847503343404,0.005124722911555697,0.534050425042429,0.07766020478637921,0.025500821806192564,6.3765869154015785e-6,0.1890949775045338,0.00041597623564607224,4.8825489304221525,3.410650328558247
9.865988956531011e-8,0.5288555297578443,0.0051247228620239105,0.5339848948167687,0.07766020379840409,0.02544928628919754,6.376586852553435e-6,0.18898390523884298,0.0004159762314932069,4.882413711515482,3.4106503367820458
1.0319814123085871e-7,0.5286186011343876,0.005124722841713586,0.5339172444619595,0.07766020406249287,0.02539582399381913,6.376586822105262e-6,0.18886905448516034,0.0004159762295452706,4.882274160803498,3.4106503190508217
1.0794514772342564e-7,0.5283736913390356,0.005124722787594827,0.5338474043417029,0.0776602030780404,0.025340358403666673,6.376586752677233e-6,0.18875028859488907,0.00041597622496768806,4.882130139186068,3.4106503294268657
1.1291051154657748e-7,0.5281205167099432,0.005124722758411437,0.5337753024570006,0.07766020320664868,0.02528281000373537,6.376586710753091e-6,0.18862746549447676,0.00041597622226481195,4.881981503071427,3.4106503082775492
1.1810427690899451e-7,0.5278587825970334,0.0051247226982116005,0.5337008643607439,0.07766020220562045,0.025223096193421734,6.376586632802673e-6,0.18850043744666847,0.00041597621713470554,4.881828104229277,3.4106503200704417
1.2353695004244504e-7,0.527588182889801,0.005124722658959579,0.5336240130688711,0.0776602021916808,0.0251611312015131,6.37658657775405e-6,0.18836905080063737,0.00041597621356969115,4.8816697896389325,3.4106502958815774
1.2921952045436318e-7,0.5273083995232928,0.005124722590959973,0.5335446689679448,0.07766020115223421,0.025096826003850325,6.376586489022232e-6,0.18823314573050914,0.00041597620773900127,4.881506401332363,3.4106503084121265
1.3516348315802306e-7,0.5270191019613004,0.005124722540144888,0.5334627497189769,0.07766020098519101,0.025030088244444353,6.376586418806122e-6,0.18809255596179064,0.00041597620317871835,4.881337776231928,3.4106502814586723
1.4138086192527998e-7,0.5267199466557578,0.005124722462346465,0.5333781701573321,0.0776601998831893,0.024960822160913908,6.376586316656254e-6,0.18794710848519888,0.00041597619647466713,4.881163745982609,3.410650294081995
1.4788423360890996e-7,0.5264105764813154,0.005124722398123688,0.5332908421885271,0.0776601995485181,0.024888928515205792,6.376586228765824e-6,0.18779662325737842,0.00041597619075571177,4.88098413677857,3.410650264530063
1.5468675358375485e-7,0.526090620144032,0.005124722308186565,0.5332006746797308,0.07766019835687472,0.024814304530658117,6.3765861100999675e-6,0.18764091288798584,0.00041597618297537105,4.88079876918383,3.4106502766256286
1.6180218235813128e-7,0.5257596915631003,0.00512472222830054,0.5331075733467703,0.0776601978354743,0.02473684383657351,6.376586001479272e-6,0.1874797823126166,0.0004159761758984495,4.880607457946791,3.4106502445367366
1.6924491340933625e-7,0.5254173892245,0.0051247221234680925,0.5330114406364238,0.07766019652334062,0.02465643642158094,6.376585862638632e-6,0.18731302845104275,0.00041597616680230496,4.8804100118084826,3.4106502554864346
1.7703000229955947e-7,0.5250632955054467,0.005124722025172364,0.5329121756037837,0.07766019579086722,0.024572968597183376,6.376585729582191e-6,0.1871404398502294,0.0004159761581255028,4.8802062333041984,3.410650220816805
1.8517319713109483e-7,0.5246969759684974,0.005124721902187943,0.5328096737844513,0.07766019432272374,0.024486322973011957,6.376585566232481e-6,0.18696179631160134,0.00041597614742995125,4.879995918558373,3.410650229992138
1.9369097040245908e-7,0.5243179786241482,0.005124721782158236,0.5327038270613199,0.07766019334869574,0.024396378445437537,6.376585404261557e-6,0.1867768685020331,0.00041597613686090247,4.879778857072364,3.4106501925873074
2.026005523298623e-7,0.5239258331607607,0.005124721637158585,0.5325945235256866,0.0776601916832999,0.024303010201323187,6.376585211254596e-6,0.1865854175480467,0.00041597612422910994,4.879554831504952,3.410650199330534
2.1191996570142752e-7,0.5235200501406454,0.005124721491380087,0.5324816473324181,0.07766019043004546,0.024206089738840825,6.376585014971164e-6,0.1863871946127146,0.0004159761114152603,4.8793236174452295,3.4106501589187594
2.216680623346683e-7,0.5231001201611356,0.005124721319773075,0.5323650785488914,0.07766018851911423,0.024105484907415254,6.3765847861787635e-6,0.18618194045478298,0.00041597609644644467,4.8790849831776315,3.4106501625191505
2.3186456121097512e-7,0.5226655129794945,0.005124721143409638,0.5322446929973983,0.0776601869404734,0.024001059969002685,6.3765845490861185e-6,0.18596938496955578,0.00041597608096338273,4.878838689438784,3.410650118702391
2.4253008836424523e-7,0.5222156766005176,0.005124720939726694,0.532120362090709,0.0776601847272347,0.023892675683054223,6.376584277205331e-6,0.18574924671111026,0.00041597606317999057,4.878584489165909,3.410650118381556
2.5368621860434724e-7,0.5217500363257238,0.005124720726961814,0.5319919526604524,0.07766018276701814,0.02378018941765747,6.376583991497159e-6,0.18552123239545332,0.00041597604451770634,4.878322127236377,3.4106500706180403
2.6535551915982605e-7,0.5212679937630617,0.005124720484682207,0.5318593267779732,0.0776601801843963,0.023663455289488967,6.3765836678126004e-6,0.18528503638427546,0.0004159760233498766,4.878051340198201,3.4106500654993326
2.7756159532811946e-7,0.5207689257961162,0.005124720228529392,0.5317223415672918,0.07766017777449134,0.02354232433534351,6.3765833241178826e-6,0.18504034014901277,0.00041597600089602737,4.877771855990976,3.4106500130895703
2.9032913822564437e-7,0.520252183511863,0.005124719939870092,0.5315808490097874,0.0776601747429569,0.023416644718132595,6.376582938221982e-6,0.18478681171499725,0.0004159759756633634,4.877483393657033,3.4106500021740507
3.0368397473433177e-7,0.519717091086097,0.0051247196319437315,0.5314346957401975,0.07766017180109754,0.023286261970358154,6.376582525298622e-6,0.18452410508555073,0.0004159759486833289,4.877185663042329,3.4106499442338674
3.176531197456504e-7,0.5191629446257678,0.005124719287607391,0.5312837228335112,0.07766016822617555,0.023151019278167363,6.376582064754692e-6,0.18425185964597043,0.00041597591857274403,4.876878364486735,3.41064992636591
3.322648308078051e-7,0.5185890109675657,0.005124718917852304,0.5311277655823097,0.07766016465320495,0.02301075780917439,6.3765815691244965e-6,0.18396969954745857,0.00041597588618575034,4.876561188503266,3.410649861801555
3.475486652866448e-7,0.5179945264322454,0.005124718506726288,0.5309666532640887,0.07766016042242488,0.02286531708729269,6.376581019064332e-6,0.1836772330711706,0.00041597585022531253,4.876233815445873,3.410649835631755
3.635355401559117e-7,0.5173786955343417,0.005124718063087481,0.5308002088980734,0.07766015609904897,0.022714535417849617,6.3765804245746485e-6,0.18337405197269388,0.0004159758113756859,4.875895915165271,3.4106497631010826
3.802577945377854e-7,0.5167406896471184,0.005124717571885432,0.5306282489910121,0.07766015107832468,0.022558250366251014,6.376579767216732e-6,0.18305973080742718,0.00041597576840305116,4.875547146652418,3.410649727043603
3.977492551202203e-7,0.5160796456228184,0.00512471703991781,0.5304505832714113,0.07766014586120884,0.022396299293418406,6.376579054514723e-6,0.18273382623751125,0.00041597572182599976,4.875187157669063,3.4106496449142116
4.1604530458341314e-7,0.5153946643685304,0.005124716452748716,0.5302670144116524,0.07766013989054278,0.02222851995113158,6.376578268589002e-6,0.18239587632116058,0.00041597567045080275,4.874815584364918,3.410649597092671
4.3518295317382093e-7,0.5146848093782878,0.005124715815146632,0.5300773377373981,0.0776601336076367,0.022054751140265758,6.376577414493667e-6,0.18204539978547662,0.00041597561463125525,4.874432050880885,3.410649503391363
4.552009135705043e-7,0.5139491052223352,0.005124715113000203,0.5298813409236749,0.07766012649594323,0.02187483343471054,6.376576474551543e-6,0.18168189528407533,0.00041597555319005557,4.874036168937749,3.410649441578639
4.761396791952425e-7,0.5131865359948788,0.00512471434903633,0.5296788036769888,0.07766011894085556,0.021688609973486747,6.3765754512996574e-6,0.18130484064114955,0.00041597548631348293,4.873627537409817,3.410649333924838
4.9804160612484e-7,0.5123960437220563,0.005124713509166178,0.5294694974028025,0.07766011045977936,0.021495927323233206,6.376574326889587e-6,0.18091369208390198,0.0004159754128158101,4.873205741882812,3.4106492554702292
5.209509987713059e-7,0.5115765267323304,0.005124712594017488,0.5292531848576721,0.07766010138507509,0.02129663641280758,6.376573101234832e-6,0.18050788346564037,0.0004159753327092635,4.872770354195409,3.4106491310008846
5.449141995032309e-7,0.5107268379920458,0.00512471158920397,0.5290296197853145,0.0776600912616138,0.021090593541228143,6.376571755914232e-6,0.1800868254822146,0.00041597524477311434,4.872320931963761,3.4106490327428785
5.699796823896645e-7,0.5098457834094722,0.005124710493146199,0.5287985465358445,0.07766008037075106,0.020877661459568257,6.376570288048423e-6,0.17964990488491067,0.000415975148834724,4.8718570180882645,3.4106488880211394
5.96198151256097e-7,0.5089321201113154,0.005124709290814217,0.5285596996673867,0.07766006827842693,0.020657710526696557,6.37656867820215e-6,0.17919648369339145,0.00041597504360926747,4.871378140241839,3.4106487661840195
6.236226422509292e-7,0.5079845546964025,0.005124707978256572,0.528312803529244,0.07766005521612278,0.02043061993792655,6.376566920461794e-6,0.17872589841279696,0.00041597492872375296,4.870883810338993,3.410648597087501
6.523086311298821e-7,0.5070017414720466,0.005124706539418611,0.5280575718257642,0.07766004076438214,0.020196279024695233,6.376564993887672e-6,0.17823745925969198,0.0004159748027969194,4.870373523984771,3.4106484471581893
6.823141454753775e-7,0.505982280679485,0.005124704967748988,0.5277937071600188,0.0776600251050602,0.01995458862232784,6.376562889208119e-6,0.17773044940217492,0.00041597466523448593,4.869846759902835,3.4106482487462677
7.136998820779022e-7,0.504924716715746,0.00512470324574017,0.5275209005563803,0.07766000782664938,0.019705462501762618,6.376560583423362e-6,0.17720412422014625,0.0004159745145222396,4.869302979341712,3.4106480653268947
7.46529329716782e-7,0.5038275363603696,0.005124701363941894,0.5272388309610436,0.07765998906061868,0.019448828859807827,6.376558063485794e-6,0.176657710592476,0.00041597434981753095,4.86874162545834,3.4106478316818065
7.808688975887421e-7,0.5026891670165585,0.00512469930290699,0.5269471647195152,0.07765996839641733,0.019184631861083892,6.376555303700204e-6,0.17609040621861752,0.00041597416943141795,4.868162122677875,3.4106476083135076
8.167880496440596e-7,0.5015079749776016,0.005124697049903351,0.5266455550300629,0.07765994591332212,0.018912833223274986,6.3765522867155175e-6,0.17550137898308277,0.00041597397223861084,4.867563876028803,3.410647332348902
8.543594451020253e-7,0.50028226373078,0.005124694582984279,0.5263336413720843,0.07765992119421695,0.01863341383568595,6.376548983405056e-6,0.17488976637213288,0.000415973756327162,4.866946270452231,3.4106470613012183
8.936590854299702e-7,0.49901027231244754,0.00512469188565623,0.5260110489083312,0.07765989426321919,0.018346375399384926,6.376545371459291e-6,0.17425467495304456,0.0004159735202464827,4.866308670084276,3.4106467345337252
9.347664680831858e-7,0.49769017372957297,0.005124688932823297,0.5256773878599018,0.07765986468841521,0.018051742075429703,6.376541417461705e-6,0.17359517992738888,0.00041597326180537136,4.865650417510357,3.4106464065527162
9.777647473167078e-7,0.4963200734647539,0.005124685703637137,0.5253322528528855,0.07765983243446431,0.01774956212584905,6.376537093339082e-6,0.17291032477090973,0.000415972979175445,4.864970832990161,3.4106460188270176
1.0227409023942721e-6,0.4948980080835463,0.0051246821690924885,0.5249752222355283,0.077659797045508,0.017439909530206972,6.376532360377682e-6,0.17219912097380696,0.0004159726698202648,4.864269213652001,3.4106456228344935
1.0697859135347232e-6,0.49342194396492656,0.005124678303259489,0.5246058573647698,0.07765975842094765,0.017122885558753326,6.376527183756906e-6,0.171460547896521,0.0004159723314695092,4.863544832655242,3.4106451619951947
1.1189949459517474e-6,0.49188977617778284,0.005124674072329435,0.524223701860995,0.07765971607063714,0.016798620281396143,6.376521518278388e-6,0.17069355275747433,0.0004159719611637529,4.862796938319306,3.4106446847276093
1.1704675423592701e-6,0.49029932752855526,0.005124669444405609,0.5238282808298229,0.07765966982119858,0.01646727399006579,6.376515321180231e-6,0.16989705077064585,0.000415971556112803,4.862024753217856,3.410644136225529
1.224307824331879e-6,0.4886483478074706,0.005124664379820087,0.5234191000497724,0.0776596191363744,0.01612903851052744,6.376508539373317e-6,0.1690699254523402,0.0004159711128422545,4.861227473236569,3.41064356180344
1.2806247029276153e-6,0.4869345132632726,0.005124658839636229,0.522995645124633,0.07765956376047774,0.015784138378390284,6.376501120710189e-6,0.16821102911804556,0.00041597062794773314,4.860404266592871,3.4106429082246783
1.339532098999214e-6,0.48515542633889663,0.005124652777075582,0.5225573805993913,0.0776595030974789,0.015432831853019663,6.376493002542113e-6,0.1673191835918512,0.00041597009733067937,4.8595542728159495,3.4106422176361644
1.4011491736394105e-6,0.48330861570320277,0.005124646144865167,0.5221037490385774,0.07765943679749993,0.015075411742341359,6.3764841215940125e-6,0.16639318115250634,0.0004159695168587726,4.858676601685237,3.4106414381378602
1.4656005692264871e-6,0.4813915366166061,0.005124638887628942,0.5216341700659388,0.0776593641888434,0.014712206011197868,6.376474403672549e-6,0.16543178574182402,0.0004159688816794639,4.85777033212553,3.410640608620488
1.5330166615576884e-6,0.479401571671249,0.0051246309481956,0.5211480393643724,0.07765928481279026,0.014343578146038974,6.37646377227705e-6,0.16443373446275647,0.00041596818679544826,4.856834511056768,3.4106396782558535
1.6035338235804852e-6,0.47733603194920465,0.005124622260821527,0.5206447276351217,0.07765919790334523,0.013969927249361374,6.37645213930517e-6,0.16339773939606916,0.00041596742644556543,4.8558681521964395,3.4106386825576513
1.6772947012551991e-6,0.47519215864505193,0.005124612756557861,0.520123579515299,0.07765910287503468,0.013591687838511453,6.376439412509541e-6,0.1623224897660874,0.00041596659460280404,4.854870234812469,3.4106375714668613
1.7544485021070472e-6,0.47296712520200745,0.005124602357183221,0.5195839124528857,0.07765899884562272,0.013209329325279335,6.376425487057602e-6,0.1612066544874596,0.00041596568441292777,4.853839702424371,3.410636376961254
1.8351512970512494e-6,0.47065804001358047,0.005124590979713515,0.5190250155384679,0.07765888508109614,0.012823355155182039,6.376410251927784e-6,0.1600488851262353,0.0004159646886214144,4.852775461450299,3.4106350494040005
1.919566336101778e-6,0.46826194974539187,0.005124578530931548,0.5184461482930836,0.07765876055703265,0.012434301588482766,6.376393582189609e-6,0.15884781930975134,0.0004159635990607823,4.85167637979759,3.4106336170301472
2.0078643786024048e-6,0.46577584333432626,0.005124564911108233,0.517846539411708,0.07765862436450231,0.012042736108835873,6.376375344415134e-6,0.15760208462081282,0.0004159624070116297,4.8505412853941925,3.4106320302264006
2.1002240386480043e-6,0.463196656724491,0.00512455000902335,0.5172253854620719,0.07765847530613301,0.01164925544997546,6.3763553895527766e-6,0.15631030301239485,0.00041596110273020884,4.84936896465839,3.4106303132212616
2.1968321463948717e-6,0.4605212784014745,0.005124533704952638,0.51658184953871,0.07765831226621556,0.011254483236051655,6.3763335574128234e-6,0.15497109577950502,0.0004159596757476248,4.848158160903972,3.410628415964479
2.297884125990976e-6,0.4577465557880503,0.0051245158660793875,0.5159150598723605,0.0776581338378687,0.010859067237014523,6.376309670013825e-6,0.15358308912488602,0.0004159581144295178,4.846907572677973,3.4106263583448113
2.4035843908905523e-6,0.45486930256568636,0.005124496348787994,0.5152241083951058,0.07765793866022647,0.0104636762467765,6.376283535184684e-6,0.1521449203548138,0.0004159564062163652,4.84561585202796,3.410624089341172
2.51414675735281e-6,0.4518863069868614,0.0051244749943693615,0.5145080492619376,0.07765772507336331,0.010068996598651557,6.376254940264285e-6,0.15065524474028072,0.0004159545372073451,4.844281602695698,3.410621624086616
2.629794876961108e-6,0.44879434124320355,0.005124451630648131,0.5137658973297778,0.07765749142509461,0.009675728339651482,6.376223654846416e-6,0.14911274307726397,0.00041595249234359713,4.842903378233937,3.4106189099672304
2.750762689037559e-6,0.4455901719536918,0.005124426067885555,0.5129966265953617,0.07765723575055554,0.009284581092468224,6.376189424713992e-6,0.14751612997745975,0.00041595025500834793,4.841479680042867,3.410615956845045
2.8772948938682752e-6,0.4422705718354925,0.005124398099753918,0.5121991685938353,0.07765695605078747,0.008896269641219581,6.376151973735387e-6,0.14586416291771515,0.00041594780715385174,4.840008955322689,3.4106127097864265
3.0096474476964316e-6,0.4388323326173199,0.005124367499340305,0.5113724107603896,0.07765664999406044,0.008511509284099536,6.3761109979117215e-6,0.14415565207231276,0.0004159451289097075,4.83848959493865,3.410609172748204
3.1480880804845e-6,0.4352722792513354,0.005124334019467027,0.5105151947578135,0.07765631516808319,0.008131011002752443,6.376066166416062e-6,0.14238947094712556,0.0004159421986530286,4.836919931194651,3.4106052876240445
3.2928968374930406e-6,0.4315872854744252,0.005124297388696474,0.5096263147734377,0.07765594880031042,0.00775547650428029,6.376017115627326e-6,0.14056456782836488,0.0004159389926165718,4.835298235511489,3.410601051689115
3.4443666457715158e-6,0.4277742907630543,0.005124257310981002,0.5087045157896227,0.07765554798528755,0.007385593197085623,6.375963449283385e-6,0.13867997805106533,0.0004159354849003618,4.833622716005595,3.4105964026604205
3.6028039067070765e-6,0.42383031871761734,0.005124213461564081,0.5077484918326884,0.07765510942130038,0.007022029166051458,6.3759047323672566e-6,0.13673483708347328,0.00041593164707073594,4.831891514964012,3.4105913301854103
3.768529115830028e-6,0.4197524969021791,0.005124165485926754,0.5067568842059914,0.07765462961403878,0.006665428215678565,6.375840490324476e-6,0.13472839441302184,0.0004159274481102894,4.830102706211194,3.410585766619513
3.941877511129653e-6,0.4155380781535387,0.005124112995471501,0.5057282797137775,0.07765410462700492,0.006316405051581038,6.375770202654949e-6,0.1326600282074848,0.0004159228539981674,4.828254292363102,3.4105796928330805
4.123199751191868e-6,0.4111844633595472,0.005124055565714309,0.5046612088834124,0.07765353026237251,0.005975540671050924,6.375693301121721e-6,0.13052926071111318,0.0004159178275936265,4.826344201963873,3.4105730344179914
4.3128626245305795e-6,0.4066892256904242,0.0051239927316271494,0.5035541441946872,0.07765290182258655,0.0056433780321529506,6.3756091628863e-6,0.12833577432000753,0.0004159123281869145,4.824370286500275,3.4105657620759273
4.51124979154744e-6,0.4020501362483686,0.005123923985003812,0.5024054983260765,0.07765221426895569,0.0053204180679546735,6.375517107608797e-6,0.1260794282636214,0.00041590631130997786,4.822330317288949,3.41055779297303
4.718762560621069e-6,0.3972651910799485,0.005123848769322317,0.5012136224291107,0.07765146199185914,0.005007116108037693,6.3754163899451575e-6,0.12376027580011491,0.00041589972824599016,4.820221982231404,3.410549085960696
4.935820699895508e-6,0.39233263947256986,0.005123766476189585,0.49997680444342557,0.07765063894726301,0.004703878763430438,6.3753061954079305e-6,0.12137858181231753,0.0004158925257587388,4.8180428824315245,3.4105395478052807
5.162863286410079e-6,0.3872510134307504,0.0051236764395668245,0.49869326746655684,0.07764973843286804,0.004411061323659101,6.375185632018278e-6,0.1189348406683887,0.00041588464554718487,4.815790528670298,3.410529123480042
5.400349594288419e-6,0.38201915820002413,0.005123577931171251,0.49736116819417736,0.07764875320237118,0.004128965705893331,6.375053724762062e-6,0.11642979418702726,0.00041587602388279025,4.813462337732353,3.410517707003891
5.648760023783187e-6,0.37663626367620284,0.005123470153884409,0.495978595448221,0.07764767524475591,0.003857838986375472,6.374909406157859e-6,0.11386444952148118,0.00041586659099345424,4.811055628578816,3.41050522702984
5.908597073055864e-6,0.3711018965055907,0.00512335223595856,0.4945435688122057,0.07764649587572174,0.0035978725337158833,6.374751509102524e-6,0.11124009674993006,0.00041585627059535633,4.808567618360928,3.410491562034029
6.18038635465749e-6,0.36541603264786593,0.005123223223399609,0.49305403739506776,0.07764520551711748,0.0033492017524960347,6.374578756078196e-6,0.10855832593242806,0.00041584497918814204,4.805995418268793,3.4104766214123305
6.464677658766362e-6,0.3595790901380669,0.005123082072789447,0.49150787874693747,0.0776437937645098,0.0031119064342517333,6.374389750133242e-6,0.10582104336697934,0.0004158326254647061,4.8033360292096505,3.410460264766465
6.762046065333552e-6,0.35359196174788526,0.0051229276424010015,0.4899028979525243,0.07764224916350308,0.002886011701627331,6.3741829624055896e-6,0.10303048675003795,0.00041581910949649623,4.8005863373099675,3.41044237870646
7.0730931073860545e-6,0.3474560472098348,0.005122758683405748,0.4882368269301536,0.07764055925191658,0.0026714895206153056,6.373956720928852e-6,0.1001892389204728,0.0004158043220009959,4.797743109235789,3.410422799985967
7.3984479878405615e-6,0.3411732846315018,0.005122573829436416,0.4865073239669576,0.07763871032937915,0.002468260745627534,6.373709196092828e-6,0.09730023984162249,0.0004157881433923332,4.794802987325724,3.410401388192898
7.738768852289388e-6,0.33474618069173007,0.005122371585899684,0.48471197352331985,0.07763668747202193,0.002276197652961956,6.37343838689914e-6,0.09436679645438995,0.00041577044288195045,4.791762484531084,3.4103779524904008
8.09474412033334e-6,0.3281778391771554,0.005122150317651886,0.48284828634233423,0.07763447429129507,0.0020951269102741678,6.373142103912688e-6,0.09139259001644263,0.00041575107736530845,4.788617979157852,3.4103523203622084
8.467093878154381e-6,0.32147198738694294,0.0051219082360783215,0.48091369990280336,0.07763205291842866,0.0019248329231350916,6.37281795251337e-6,0.08838168052961053,0.000415729890326135,4.78536570940522,3.4103242677182717
8.856571335145184e-6,0.3146329999069659,0.005121643384487661,0.47890557925710664,0.07762940374787336,0.0017650614947975875,6.372463312811891e-6,0.08533850785074372,0.00041570671052479537,4.7820017676958155,3.410293583844826
9.263964347542258e-6,0.3076659192331494,0.005121353622550682,0.4768212182981219,0.07762650538802955,0.0016155237319968722,6.372075319352978e-6,0.08226788908188737,0.0004156813506705332,4.778522094792805,3.4102600046347584
9.690097012144376e-6,0.30057647270851046,0.0051210366089471035,0.4746578415022391,0.07762333438403954,0.001475900128002061,6.371650837373129e-6,0.07917501184498545,0.0004156536058708036,4.774922473699612,3.4102232738743394
1.013583133334064e-5,0.29337108523075756,0.005120689782675915,0.4724126061983322,0.07761986513041377,0.001345844754192223,6.371186438303184e-6,0.07606542306574021,0.0004156232520289163,4.771198523338207,3.4101830793581285
1.0602068966819893e-5,0.2860568871884673,0.00512031034240326,0.4700826054153208,0.07761606956708349,0.0012249894930703692,6.370678371631896e-6,0.07294501292201573,0.00041559004400619124,4.7673456920024835,3.4101391106247414
1.108975304348897e-5,0.2786417170949884,0.00511989522406156,0.46766487136359536,0.07761191704854063,0.0011129482487228896,6.370122535429554e-6,0.0698199936554075,0.00041555371369414614,4.7633592505837745,3.410090997713202
1.1599870077289424e-5,0.27113411841147184,0.005119441076246077,0.4651563796080551,0.07760737400607122,0.0010093210751110217,6.3695144429468035e-6,0.06669687300129297,0.00041551396783256236,4.759234285566149,3.4100383654394264
1.2133451960771668e-5,0.26354333008481223,0.005118944233408208,0.4625540539927568,0.07760240376683936,0.0009136981680432884,6.36884918723236e-6,0.063582422063533,0.0004154704856956471,4.754965691789904,3.4099807745454283
1.2691578052463414e-5,0.2558792703735544,0.005118400686529873,0.45985477237910594,0.07759696617404635,0.0008256636729991987,6.368121401438651e-6,0.060483637545372636,0.0004154229164987799,4.75054816498244,3.409917772585012
1.3275377360255098e-5,0.24815251359559298,0.005117806051085451,0.4570553732610762,0.07759101734800435,0.0007447992679194224,6.36732521643316e-6,0.05740769834794569,0.0004153708766267291,4.745976194056657,3.409848837209388
1.3886030825218531e-5,0.24037425950602428,0.00511715553208316,0.45415266332202586,0.07758450925455916,0.0006706874874077877,6.366454213596779e-6,0.05436191666153882,0.00041531394654971827,4.741244053178027,3.4097734237046575
1.4524773710478815e-5,0.23255629510169562,0.005116443885817984,0.4511434259981868,0.07757738939858999,0.0006029147622743618,6.365501374126414e-6,0.0513536838012474,0.00041525166750858107,4.736345793602681,3.4096909101459505
1.5192898099972091e-5,0.22471094875038786,0.00511566537820614,0.4480244311137215,0.07756960032937346,0.0005410741557705508,6.36445902289594e-6,0.04839041117602,0.0004151835378466721,4.731275235290045,3.409600641600725
1.5891755512143312e-5,0.21685103665622538,0.005114813739173822,0.44479244565127185,0.07756107925506182,0.0004847677850320641,6.363318767913126e-6,0.04547946692578089,0.0004151090090515184,4.72602595829513,3.4095018768680765
1.662275963387136e-5,0.20898980179742754,0.005113882113021938,0.44144424572002366,0.07755175747171791,0.0004336089229858588,6.36207143356353e-6,0.042628108912009494,0.0004150274813927767,4.720591293946934,3.40939382932962
1.7387389180152126e-5,0.20114084560600895,0.005112863004091137,0.4379766297803354,0.07754155988514497,0.00038722378215558744,6.360706988415235e-6,0.039843414898772814,0.0004149382992023229,4.714964315821279,3.409275614970705
1.8187190885323628e-5,0.19331805279915046,0.005111748217676053,0.43438643317982173,0.077530404348039,0.00034525298731146495,6.3592144658790435e-6,0.037132210908954404,0.0004148407456897177,4.709137830518117,3.409146289824189
1.902378263188475e-5,0.18553550991578763,0.005110528795373249,0.4306705440502511,0.07751820107302572,0.0003073527486816539,6.357581878247474e-6,0.03450099887885004,0.0004147340373225968,4.703104368255458,3.4090047989451344
1.9898856723236107e-5,0.17780741825629462,0.005109194944816049,0.4268259206075932,0.07750485185973693,0.0002731957514320315,6.355796122479257e-6,0.03195588485748733,0.0004146173176698432,4.696856173294079,3.408850010351202
2.081418330696352e-5,0.17014800206426522,0.005107735962847354,0.42284960988886633,0.07749024938001964,0.0002424717803165791,6.3538428780130815e-6,0.02950250909869276,0.0004144896507215384,4.6903851942096395,3.4086806645913152
2.177161395558928e-5,0.1625714129234444,0.005106140152067023,0.41873876794894327,0.07747427627371335,0.0002148881008149829,6.351706495020624e-6,0.027145979467752337,0.0004143500135862619,4.683683074031089,3.4084954050391936
2.277308541203392e-5,0.1550916314657514,0.005104394729676205,0.4144906815280384,0.07745680428370712,0.00019016961974252725,6.3493698731520534e-6,0.024890809624368567,0.000414197288564806,4.676741140267081,3.408292727658203
2.3820623507365237e-5,0.1477223675939382,0.005102485728520734,0.4101027911860623,0.0774376931957587,0.00016805884929286253,6.346814329203032e-6,0.022740863443922947,0.00041403025450196775,4.669550394844677,3.408071007450547
2.4916347258760118e-5,0.1404769605107799,0.005100397889131144,0.4055727158833127,0.07741678979738702,0.0001483156988233694,6.344019453534244e-6,0.020699307095160654,0.00041384757740111933,4.662101503987583,3.407828447974822
2.6062473155967883e-5,0.13336827991208472,0.0050981145426122615,0.40089827896794644,0.07739392663322783,0.00013071711849144685,6.340962953671603e-6,0.018768570100945133,0.0004136478002030157,4.654384788064201,3.407563103691471
2.7261319644946466e-5,0.12640862973995182,0.005095617483060772,0.3960775355092924,0.07736892075767664,0.00011505661817917962,6.337620484707895e-6,0.016950316567963874,0.00041342933169994533,4.646390211438804,3.407272828734953
2.8515311817741597e-5,0.11960965590295096,0.005092886829304114,0.39110880089228967,0.07734157227307037,0.00010114368408660311,6.333965464919486e-6,0.015245427581476158,0.0004131904344855902,4.638107372362418,3.4069552948257464
2.9826986318095084e-5,0.11298225934932392,0.005089900874528986,0.3859906805621988,0.07731166284159596,8.880311401188912e-5,6.329968876025539e-6,0.013653995524893683,0.0004129292118992237,4.629525492943218,3.4066079387346466
3.119899647270593e-5,0.1065365158268592,0.00508663592353056,0.3807221007802784,0.07727895396911667,7.787429074810346e-5,6.325599046486964e-6,0.012175330806100632,0.0004126435938633865,4.620633409239496,3.406227975351683
3.263411765852456e-5,0.10028160357870843,0.005083066116055538,0.3753023402204985,0.07724318523727972,6.821041128307438e-5,6.320821417105335e-6,0.010807981160351131,0.00041233132156290645,4.61141956152158,3.405812343205314
3.413525291693648e-5,0.09422574010907919,0.005079163235915912,0.3697310622047936,0.07720407229124196,5.967768765637929e-5,6.315598287316253e-6,0.009549763363076186,0.0004119899308640716,4.601871984752238,3.405357712188254
3.5705438826192545e-5,0.0883761290084547,0.005074896504278341,0.36400834734008586,0.07716130474838681,5.215453346252404e-5,6.30988854131384e-6,0.008397806836826813,0.0004116167344139157,4.591978299338236,3.40486042640864
3.734785164396539e-5,0.08273891765784121,0.005070232356775105,0.35813472628476,0.07711454384387374,4.5530748140607475e-5,6.303647352434222e-6,0.007348608288379427,0.000411208802320458,4.5817257022085895,3.4043165059719644
3.9065813732456146e-5,0.07731916643956258,0.005065134202817921,0.352111212335885,0.07706341996830053,3.9706709398078355e-5,6.2968258648808865e-6,0.006398096179295361,0.00041076294135051214,4.571100958277839,3.403721586344335
4.0862800279050333e-5,0.07212082987313992,0.005059562166777189,0.3459393334918422,0.07700752992140768,3.4592582411217544e-5,6.289370851323972e-6,0.005541703530843338,0.00041027567255257525,4.5600903923548675,3.4030709134786656
4.274244632611617e-5,0.06714674987441725,0.00505347280945534,0.33962116360883093,0.0769464340280398,3.0107552851609715e-5,6.281224345510689e-6,0.004774447306557082,0.0004097432072451386,4.548679881559938,3.4023592787629626
4.470855412416628e-5,0.06239866111030154,0.005046818829615576,0.3331593522347492,0.07687965294826185,2.6179089322777888e-5,6.272323248643834e-6,0.00409101241579523,0.0004091614212924926,4.536854848313936,3.401581006658934
4.676510082325774e-5,0.05787720819660685,0.005039548744152837,0.32655715267111624,0.07680666432004749,2.2742239464785264e-5,6.262598908885121e-6,0.003485838250234805,0.0004085258276229073,4.5246002539646515,3.4007298841930202
4.891624651818794e-5,0.053581974268819284,0.005031606546898005,0.3198184477840016,0.07672689907468996,1.973896280191191e-5,6.251976673156009e-6,0.0029532056099354173,0.0004078315469383008,4.51190059311515,3.399799140149363
5.1166342663760835e-5,0.04951152025120596,0.005022931344969289,0.3129477730594465,0.07663973755721686,1.7117502369874106e-5,6.2403754110603116e-6,0.002487321900436342,0.0004070732766010396,4.498739888718399,3.3987813679421124
5.351994087714754e-5,0.045663433964190696,0.005013456973091392,0.30595033637876806,0.07654450530104981,1.4831796261169162e-5,6.227707010805812e-6,0.002082402587148294,0.0004062452576929177,4.48510168800057,3.397668495278194
5.598180214514543e-5,0.04203438804823954,0.005003111585373399,0.2988320339756721,0.07644046858529586,1.284092946378983e-5,6.213875847779782e-6,0.0017327470736458377,0.00040534124028646415,4.470969059272642,3.3964516991328333
5.855690645496161e-5,0.0386202055486721,0.0049918172256927995,0.2915994620314588,0.07632682963463377,1.1108625731390384e-5,6.198778226786181e-6,0.0014328074177739675,0.00040435444699743207,4.456324589685535,3.3951213646794947
6.125046286800317e-5,0.035415931902894965,0.004979489377114784,0.2842599233680855,0.07620272158936015,9.60277870216229e-6,6.182301799949977e-6,0.0011772486014702372,0.00040327753494712236,4.441150383978354,3.3936669909884793
6.40679200570499e-5,0.03241591200145786,0.004966036492649736,0.2768214287125897,0.07606720311898771,8.295021068421026e-6,6.1643249630374605e-6,0.0009609994116015127,0.0004021025563171432,4.425428064261996,3.3920771379255275
6.701497732812729e-5,0.02961387095781802,0.004951359509229487,0.26929269203149986,0.07591925281040378,7.1603302780056495e-6,6.144716234280263e-6,0.0007792933526299097,0.0004008209177616226,4.409138770870968,3.3903393211226964
7.00975961493734e-5,0.027002997218411477,0.004935351348963713,0.2616831194713083,0.0757577632215689,6.176669010816965e-6,6.123333621045935e-6,0.0006276993793670601,0.00039942333902900787,4.3922631643051036,3.388439945494728
7.33220122102211e-5,0.024576026673081276,0.004917896411721061,0.2540027914916114,0.07558153474109792,5.324658508184705e-6,6.100023981532199e-6,0.0005021425915543193,0.00039789981126070635,4.374781428269168,3.386364188017664
7.66947480352915e-5,0.022325326483680824,0.004898870065683869,0.24626243784162125,0.07538926916838744,4.5872827287988005e-6,6.074622390584598e-6,0.00039891535509284143,0.00039623955556430983,4.356673273802361,3.3840959165335542
8.0222626178512e-5,0.020242977432475093,0.004878138143049969,0.23847340510863918,0.07517956317201024,3.9496212528821694e-6,6.046951521254817e-6,0.0003146795935214813,0.0003944309826192412,4.337917944470921,3.3816175589515973
8.391278302414996e-5,0.01832085369786162,0.004855556451228122,0.2306476166585439,0.07495090157334124,3.3986088471238493e-6,6.016821056498505e-6,0.0002464612172154319,0.00039246165425906287,4.318494222575339,3.3789100061501496
8.777268322268074e-5,0.016550699088531837,0.004830970311099673,0.2227975248928232,0.07470165064131677,2.922819628505177e-6,5.9840271488276465e-6,0.0001916378200458773,0.0003903182481938386,4.298380436298861,3.3759524664381435
9.181013479068936e-5,0.014924198903819975,0.004804214137829146,0.21493605586313605,0.07443005138934324,2.5122738182870723e-6,5.9483519495886936e-6,0.000147920871290366,0.00038798652729238163,4.27755446769572,3.3727223516768268
9.60333049053515e-5,0.013433046732891016,0.004775111081809939,0.20707654641128528,0.07413421310264226,2.1582651517132852e-6,5.9095632340797485e-6,0.0001133336657973984,0.0003854513151372853,4.255993761385532,3.3691951162734264
0.00010045073642544622,0.012069005653980308,0.004743472752150862,0.19923267413782528,0.07381210714654937,1.8532070989068746e-6,5.8674141538590065e-6,8.618627275281972e-5,0.00038269647990574315,4.233675333784577,3.365344126211116
0.00010507136517231494,0.01082396344276424,0.0047090990482558295,0.19141838064383132,0.07346156134452207,1.5904961532798815e-6,5.821643153459907e-6,6.504865076099318e-5,0.0003797049290089267,4.210575782664565,3.3611404825791364
0.00010990453800572935,0.009689981542165785,0.004671778130917883,0.18364778863461614,0.07308025505536651,1.3643905515684427e-6,5.7719740952910944e-6,4.872298432562678e-5,0.0003764586173557143,4.186671296784918,3.3565528741154904
0.00011496003173122856,0.008659337681079007,0.004631286568637497,0.1759351136180813,0.0726657153209242,1.1699029010613585e-6,5.718116643758896e-6,3.6216155357502525e-5,0.0003729385725779485,4.161937665295285,3.351547386415374
0.00012024807287717373,0.00772456215379424,0.004587389701826525,0.16829457107016246,0.07221531431592824,1.0027053020269222e-6,5.65976696759473e-6,2.6713104478394723e-5,0.000369124941077655,4.136350286550206,3.34608733997226
0.00012577935838152852,0.006878467883135776,0.004539842272924184,0.16074028007153168,0.0717262685788641,8.590456646237816e-7,5.596608827829645e-6,1.9551671499977116e-5,0.0003649970593068423,4.1098841759175935,3.3401330878713864
0.00013156507723020776,0.006114174486932632,0.004488389378280203,0.15328616453927157,0.07119564038305017,7.356740280388169e-7,5.528315127761373e-6,1.4199342160580585e-5,0.00036053355527632304,4.082513972096011,3.3336418432859145
0.00013761693309076773,0.005425126648491961,0.004432767803704119,0.14594585328050252,0.07062034185995734,6.297777939672362e-7,5.454550010202201e-6,1.0232176900127323e-5,0.00035571248587210687,4.054213941382194,3.326567470776367
0.00014394716798722418,0.004805107156877693,0.0043727078136304096,0.13873258017803394,0.0699971423849545,5.389248859231443e-7,5.37497159603992e-6,7.31606303649602e-6,0.00035051151613323063,4.024957979249058,3.3188603098710714
0.00015056858706388558,0.004248245032156846,0.004307935469582019,0.13165908587738995,0.06932267999111308,4.6101393961736644e-7,5.2892354659520035e-6,5.190317984770431e-6,0.0003449081471530943,3.9947196085043815,3.31046696814553
0.00015749458448829622,0.003749019184932581,0.004238175560469197,0.12473752237688547,0.06859347748608702,3.942307173780466e-7,5.1969989934364935e-6,3.653579965264942e-6,0.0003388799996832648,3.963471973200368,3.301330150944351
0.0001647391705456904,0.003302258079338682,0.004163155230728053,0.11797936192530484,0.06780596419614886,3.370100211288011e-7,5.097926640953249e-6,2.5518540716798465e-6,0.00033240516075395027,3.931187827352656,3.2913884682050543
0.0001723169999797604,0.0029031358753511217,0.00408260839535686,0.11139531160346963,0.06695650416784067,2.880024537451382e-7,4.991696330884122e-6,1.7685343114679842e-6,0.0003254626006229082,3.897839517402059,3.2805762844784154
0.00018024340163707027,0.002547165521012791,0.003996281028728666,0.10499523490571495,0.06604143188163344,2.460454477701937e-7,4.878006997388336e-6,1.2161939613672118e-6,0.00031803266699405764,3.8633989572107814,3.2688235557924905
0.00018853440947508426,0.002230189249183512,0.0039039374090357065,0.09878808154524743,0.06505709640917122,2.10138043667408e-7,4.75658741240525e-6,8.299243410333681e-7,0.00031009766261094464,3.8278375942238,3.2560557185499848
0.00019720679499652926,0.0019483669077487698,0.0038053673871232263,0.09278182658474338,0.06399991511130593,1.7941895727023364e-7,4.627206356495195e-6,5.62002650777645e-7,0.00030164251085205453,3.791126365241345,3.2421935770469923
0.00020627810117570405,0.0016981625174736197,0.00370039472904609,0.0869834198426446,0.06286643777908814,1.5314752815545646e-7,4.4896841706141755e-6,3.776796087699815e-7,0.00029265551169372934,3.7532356400346254,3.227153253756041
0.00021576667794536661,0.0014763294077667294,0.003588886550300198,0.08139874634973274,0.06165342217490679,1.3068718764685148e-7,4.343905675147177e-6,2.518942551996607e-7,0.00028312918714722807,3.7141351507873925,3.2108461512793083
0.00022569171931597593,0.0012798942261154913,0.0034707638175881573,0.07603259843396917,0.06035792160002192,1.1149112739699182e-7,4.189834374935036e-6,1.6674384620526348e-7,0.000273061210854629,3.6737939050518444,3.19317898841973
0.0002360733022023852,0.0011061400481247182,0.0033460128354477407,0.07088865979929229,0.05897738498572798,9.508988735118199e-8,4.027527780475432e-6,1.0955908525515304e-7,0.00026245541072914973,3.632180079557846,3.1740538603329496
0.0002469324270365192,0.0009525887238344833,0.003214697561402355,0.06596950174180147,0.0575097694551884,8.108061572158014e-8,3.857153563942282e-6,7.145737004156017e-8,0.0002513228262243941,3.589260891795111,3.153368382056552
0.0002582910602481914,0.0008169824656161054,0.0030769724995369178,0.06127659142060283,0.05595366490120096,6.911778373607232e-8,3.6790061324777122e-6,4.6268073168402625e-8,0.0002396827928961378,3.545002445780569,3.1310158642044685
0.00027017217869999854,0.0006972644788896531,0.0029330958112050603,0.05681031187688873,0.05430842926551403,5.890516470724312e-8,3.4935230410459597e-6,2.9743345691946172e-8,0.0002275640164304255,3.4993695478039712,3.1068855743584955
0.00028259981616617026,0.0005915580849953241,0.0027834421505410546,0.05256999327984321,0.052574332449067354,5.018891070745633e-8,3.3013004855768824e-6,1.8985101638348414e-8,0.00021500558641358793,3.4523254871831206,3.0808630282227436
0.00029559911194939595,0.0004981431172523042,0.0026285145878949165,0.04855395467767615,0.050752705551280995,4.2751581133587505e-8,3.103106921031322e-6,1.2033548004480988e-8,0.00020205786726828917,3.403831776115374,3.05283035424555
0.00030919636173398036,0.000415426973481448,0.002468954829243495,0.04475955535196659,0.048846091001455864,3.640699597664403e-8,2.8998936493559238e-6,7.57490527710276e-9,0.0001887831906852749,3.3538478415315027,3.0226666660058483
0.0003234190707781859,0.00034190446517131116,0.002305550787325147,0.041183254718266754,0.04685838757650491,3.0995802934072556e-8,2.6928010366312393e-6,4.735987160629875e-9,0.00017525626169916865,3.3023306603709495,2.9902484707403754
0.00033829600955336735,0.00027609209537636373,0.0021392404225654255,0.03782067958937654,0.04479498290552092,2.638166185218481e-8,2.4831588708074345e-6,2.941321487941668e-9,0.0001615641808381371,3.2492343278098077,2.9554500323216684
0.0003538572719424531,0.00021639620049301918,0.001971110672182293,0.034666697522640524,0.04266286439014182,2.2447962578928032e-8,2.2724792929648553e-6,1.8147787039607794e-9,0.00014780597960455257,3.1945095455572403,2.9181436956016835
0.00037013433611549063,0.00016077271062380795,0.0018023902469650056,0.031715494910676975,0.04047069819880132,1.909500333972855e-8,2.062440763749269e-6,1.1125155281926029e-9,0.00013409156838529245,3.1381030142193826,2.878200068547879
0.000387160128205405,0.00010545181905291238,0.001634435130506047,0.02896065844660307,0.03822886477196123,1.623756639940357e-8,1.8548617055365174e-6,6.777087412734742e-10,0.00012054000757549363,3.079956709673,2.835488043321622
0.0004049690889127766,3.165854631932842e-5,0.0014687057951782156,0.026395258599435163,0.03594943886887803,1.3802836201694243e-8,1.651662832803402e-6,4.1028840484967224e-10,0.00010727703703863224,3.0200070180619507,2.789874529051465
0.00042359724317436736,0.0,0.0013067354874850387,0.02401193377119786,0.03364610233856205,1.1728612529038855e-8,1.4548177853366163e-6,2.468880814750154e-10,9.443183847524543e-5,2.9581836969589386,2.741223854778136
0.0004430822730363289,0.0,0.0011500894543048936,0.02180297387171237,0.03133397932105933,9.961777627830489e-9,1.266292531979518e-6,1.476835659926551e-10,8.213306120037225e-5,2.894408620753118,2.689396701900054
0.0004634635938794981,0.0,0.0010003156933886608,0.01976040213660382,0.029029386232500787,8.456981813719495e-9,1.0879751099453246e-6,8.782992733780484e-11,7.050421382376643e-5,2.8285942554604846,2.634248523480369
0.00048478243415097874,0.0,0.0008588886985107662,0.017876054124697283,0.026749493377492838,7.175516909863621e-9,9.215985575740112e-7,5.193843596104055e-11,5.965860920759485e-5,2.760641790480302,2.5756273337865685
0.0005070819187632948,0.0,0.0007271486853410548,0.016141652958180066,0.02451190091852142,6.0843510690830786e-9,7.686612849441618e-7,3.0544234851953043e-11,4.9694141185274594e-5,2.6904388302006574,2.513370884822008
0.0005304071563298113,0.0,0.0006062398339480756,0.014548880007985108,0.022334139577559663,5.155302168704364e-9,6.303504434412259e-7,1.786577611739739e-11,4.068825813785997e-5,2.617856513534453,2.4473032291564087
0.0005548053304128996,0.0,0.0004970520335061765,0.013089440373063966,0.020233114907846243,4.364330114821456e-9,5.074748810979107e-7,1.0395010188356715e-11,3.2693566122674476e-5,2.5427458793843,2.3772308800006776
0.0005803257949694187,0.0,0.0004001712851962947,0.011755122650998137,0.01822452298675062,3.6909311122189525e-9,4.0041474374662796e-7,6.017222690604975e-12,2.5734525626983404e-5,2.46493322265441,2.3029388742463612
0.000607020174186592,0.0,0.00031584411614672843,0.01053785264447527,0.01632227332430663,3.1176193003543646e-9,3.09094440619741e-7,3.4657100695911668e-12,1.980568389876129e-5,2.3842140756682597,2.2241874043846552
0.0006349424669102256,0.0,0.00024396089406945905,0.009429740789718888,0.014537960774616516,2.6294831695316865e-9,2.329843321520873e-7,1.9864082126982636e-12,1.4871795626776671e-5,2.3003452818406114,2.1407099737959694
0.000664149155876519,0.0,0.00018406168815892802,0.00842312322572289,0.012880430294757914,2.2138058910889534e-9,1.711340447687522e-7,1.133122799507302e-12,1.0870023608203152e-5,2.213034364495143,2.052214622507306
0.0006946993219684255,0.0,0.00013536628529406178,0.007510596544437096,0.011355475713609207,1.859740147291292e-9,1.222369039639057e-7,6.433749411724447e-13,7.714186473452013e-6,2.1219249665930686,1.9583903141213632
0.0007266547637276799,0.0,9.682729721058111e-5,0.006685046369837696,0.009965704972850237,1.558029242628541e-9,8.472098825895085e-8,3.636354634259779e-13,5.300757780000439e-6,2.0265764222156117,1.8589213913296083
0.0007600801223642615,0.0,6.720231860303078e-5,0.005939670006697435,0.008710590196663922,1.3007672063985226e-9,5.6858374490294545e-8,2.045975252196229e-13,3.5160613928480276e-6,1.9264342762987774,1.7535136436015046
0.0007950430125161561,0.0,4.513831844380675e-5,0.005267993477057756,0.007586702198219899,1.0811911979809905e-9,3.688106379459702e-8,1.1459018267927878e-13,2.243904440923091e-6,1.8207863018564825,1.6419361263337249
0.0008316141590239356,0.0,2.9259441929973328e-5,0.004663883323664199,0.006588108599876579,8.934996382352791e-10,2.309063319991057e-8,6.387307452997372e-14,1.372793248828489e-6,1.7086942019037068,1.5240826973899
0.0008698675399968173,0.0,1.8248692124474163e-5,0.004121553605217137,0.005706895490227935,7.326886933019296e-10,1.3949398183050587e-8,3.5414606734939645e-14,8.019259639385293e-7,1.5888822199189796,1.4000560697195794
0.0009098805364596196,0.0,1.091484991930524e-5,0.0036355685388698997,0.004933758597397102,5.943969043484036e-10,8.143882758875327e-9,1.9508593945731432e-14,4.4535415095466534e-7,1.4595438984544262,1.2702739121743405
0.00095173408888332,0.0,6.238431596143704e-6,0.0032008412619438033,0.0042586038102455,4.747395582019193e-10,4.6161723697818954e-9,1.0649281806164518e-14,2.3402146792604847e-7,1.31797877413898,1.1355907429286416
0.0009955128609158489,0.0,3.394020594102949e-6,0.0028126291884865017,0.0036711004875726984,3.7008943516408997e-10,2.5642300565964696e-9,5.7270031992094915e-15,1.1575197962917493e-7,1.1598301741577013,0.9974202853167415
0.001041305410644335,0.0,1.7501725412406224e-6,0.0024665264283210936,0.003161143155432848,2.7667061580364793e-10,1.4171730249588502e-9,2.9911606953505514e-15,5.3586576102546155e-8,0.9772078637078419,0.8578315582289915
0.0010892043697352351,0.0,8.513902152949477e-7,0.002158453717804637,0.0027191956031190215,1.8939059972461722e-10,7.946556659710295e-10,1.4544041272031376e-15,2.307490741920453e-8,0.752662143008916,0.7195803922544911
0.001139306630814715,0.0,3.8867423893361895e-7,0.001884646283590554,0.0023365113013233095,9.507793260556329e-11,4.6025240849585154e-10,5.295506101596315e-16,9.179726673792328e-9,0.4244258423440977,0.5860317129764417
0.0011917135434683405,0.0,1.6554393567783708e-7,0.0016416400237560672,0.002005241622041344,0.0,2.772111421559192e-10,0.0,3.3488794635194237e-9,0.0,0.46093379145167074
0.0012465311192565425,0.0,6.535206368476076e-8,0.0014262563443531925,0.0017184547716592826,0.0,1.719692717624401e-10,0.0,1.1112776338516374e-9,0.0,0.3480314142221983
0.0013038702461605862,0.0,2.3736035665669766e-8,0.0012355859319154768,0.0014700929731380034,0.0,1.0752174978984163e-10,0.0,3.3246162995463993e-10,0.0,0.2505526437071386
0.0013638469128928207,0.0,7.865527816879579e-9,0.0010669716691416398,0.0012548935506402302,0.0,6.608915494556382e-11,0.0,8.880258911859457e-11,0.0,0.1706651232086325
0.0014265824435249718,0.0,2.355652570353664e-9,0.0009179908021997145,0.001068293967142973,0.0,3.905519573729327e-11,0.0,2.0949066369575273e-11,0.0,0.10904869785329742
0.0014922037429090946,0.0,6.308211304623018e-10,0.0007864363239623587,0.0009063335702250886,0.0,2.1783613752318582e-11,0.0,4.308245689630788e-12,0.0,0.06473843604470811
0.0015608435533876206,0.0,1.4917833303277415e-10,0.0006702973065449108,0.0007655585706923513,0.0,1.1288122018403827e-11,0.0,7.554586429876542e-13,0.0,0.03533014978364399
0.0016326407233118096,0.0,3.065967872368276e-11,0.0005677375087223865,0.0006429327130736686,0.0,5.355192192520933e-12,0.0,1.0338702216958185e-13,0.0,0.01751658008914592
0.001707740487911764,0.0,5.293990297561099e-12,0.00047707079110997973,0.0005357566582744033,0.0,2.2918808616604975e-12,0.0,1.8320544857073205e-15,0.0,0.007787805708000526
0.0017862947630861762,0.0,6.508992751344578e-13,0.0003967301733985932,0.00044160641427037553,0.0,8.712324657374645e-13,0.0,-1.1371425085346841e-14,0.0,0.0030605571656925064
0.0018684624527060835,0.0,-7.258624703048666e-14,0.00032522331653551305,0.00035831805785064083,0.0,2.8925426229157143e-13,0.0,-1.2816636230591894e-14,0.0,0.0010464681244406985
0.0019544097700542867,0.0,-1.5881602356258913e-13,0.0002610562093515318,0.00028406626890616944,0.0,8.228948433707077e-14,0.0,-1.2921104088224363e-14,0.0,0.0003059273524443211
0.002044310574050647,0.0,-1.7405932057471214e-13,0.00020257129718793314,0.00021758158928454545,0.0,1.9567426992934408e-14,0.0,-1.2951239932485598e-14,0.0,7.50126556900524e-5
0.0021383467209433785,0.0,-1.689711030949368e-13,0.00014749763086945085,0.00015847359307798886,0.0,3.6892465757359074e-15,0.0,-1.2931714467268866e-14,0.0,1.5104947047156977e-5
0.002236708432177789,0.0,-1.7507577816924258e-13,9.101916370128056e-5,0.00010744860025621796,0.0,4.0248412392744063e-16,0.0,-1.2951404586917523e-14,0.0,2.439344031524104e-6
0.002339594679186589,0.0,-1.6881749778873173e-13,0.0,6.604730307889969e-5,0.0,-1.4026978946359867e-16,0.0,-1.293233247573546e-14,0.0,3.0831116049391773e-7
0.0024472135858801623,0.0,-1.7531409706196506e-13,0.0,3.567963629920714e-5,0.0,-2.1058414796461706e-16,0.0,-1.2950872035121413e-14,0.0,2.8432678282233076e-8
0.0025597828496509486,0.0,-1.6854765793871167e-13,0.0,1.6359575682060047e-5,0.0,-2.1695893471291594e-16,0.0,-1.2932849910012927e-14,0.0,2.071942960716994e-9
0.0026775301817436024,0.0,-1.7562492282763908e-13,0.0,6.130259003381302e-6,0.0,-2.1788691173310834e-16,0.0,-1.2950358367239499e-14,0.0,-1.168296285715346e-9
0.002800693767881726,0.0,-1.6818141466390658e-13,0.0,1.802902493339077e-6,0.0,-2.1745913334661957e-16,0.0,-1.2933351890341696e-14,0.0,6.145051982373143e-11
0.0029295227500829193,0.0,-1.7607468059473594e-13,0.0,3.986213269950302e-7,0.0,-2.1792939434909963e-16,0.0,-1.2949872944433581e-14,0.0,-1.3855917304826336e-9
0.0030642777306368503,0.0,-1.6760065490489576e-13,0.0,6.328123092868474e-8,0.0,-2.1743512020594834e-16,0.0,-1.2933813321999451e-14,0.0,2.0868425525850904e-10
0.0032052312992657812,0.0,-1.7685050793207015e-13,0.0,6.865610777430508e-9,0.0,-2.1796524061740784e-16,0.0,-1.2949402038173e-14,0.0,-1.5914439428874476e-9
0.003352668584533897,0.0,-1.6656347380469848e-13,0.0,4.754229067600422e-10,0.0,-2.1738670325087104e-16,0.0,-1.2934273177542658e-14,0.0,4.783860195571859e-10
0.0035068878306209438,0.0,-1.7818360472917406e-13,0.0,1.7777141279214095e-11,0.0,-2.1802513406316107e-16,0.0,-1.2948974299906193e-14,0.0,-1.916638333065724e-9
0.0036682010006268036,0.0,-1.6498257581902964e-13,0.0,-7.619204053282845e-12,0.0,-2.1732346427062132e-16,0.0,-1.293469527968602e-14,0.0,8.197636462634551e-10
0.003836934407627443,0.0,-1.7982392821810826e-13,0.0,-3.485468317739536e-12,0.0,-2.1807481994516098e-16,0.0,-1.2948552610245023e-14,0.0,-2.1920941497353155e-9
0.004013429374758833,0.0,-1.6366468412379537e-13,0.0,-6.681527568600067e-12,0.0,-2.1731256868027247e-16,0.0,-1.2935090921415497e-14,0.0,8.978261822344818e-10
0.004198042925663981,0.0,-1.80212262987695e-13,0.0,-6.364081375370095e-12,0.0,-2.1801065057626775e-16,0.0,-1.2948152019421166e-14,0.0,-1.8939313623881694e-9
0.004391148506699801,0.0,-1.6503285771783332e-13,0.0,-2.0000938162578092e-12,0.0,-2.1749449655597465e-16,0.0,-1.2935473441953594e-14,0.0,9.209481262488342e-12
0.0045931367423648105,0.0,-1.7608639265794234e-13,0.0,-1.3172827209024025e-11,0.0,-2.1766647051722004e-16,0.0,-1.2947785910813818e-14,0.0,-1.861873442785415e-10
0.004804416225475641,0.0,-1.7300603138008495e-13,0.0,7.130871243514773e-12,0.0,-2.1804512681790077e-16,0.0,-1.2935853399966076e-14,0.0,-2.7339748801062266e-9
0.005025414343690846,0.0,-1.6320239579166724e-13,0.0,-2.4663929955473998e-11,0.0,-2.168753022125157e-16,0.0,-1.2947423546948528e-14,0.0,3.768222753000268e-9
0.005256578144054016,0.0,-1.9171523814470057e-13,0.0,2.0847964259859156e-11,0.0,-2.1909818171938423e-16,0.0,-1.2936177032377176e-14,0.0,-8.010085886081986e-9
0.005498375237304842,0.0,-1.3801700230893812e-13,0.0,-4.030664738476936e-11,0.0,-2.1555433808507107e-16,0.0,-1.294711419348728e-14,0.0,1.0393746857177972e-8
0.005751294743787683,0.0,-2.2367528669351934e-13,0.0,3.797429410864086e-11,0.0,-2.206745486205721e-16,0.0,-1.2936494416347537e-14,0.0,-1.5922254163409322e-8
0.006015848282870842,0.0,-9.938596099375132e-14,0.0,-5.837133654147825e-11,0.0,-2.1375264470938555e-16,0.0,-1.2946794093402541e-14,0.0,1.9441908683924392e-8
0.006292571007878085,0.0,-2.6846448835094667e-13,0.0,5.6374852771390865e-11,0.0,-2.226565491416277e-16,0.0,-1.2936823833937327e-14,0.0,-2.5879699455569627e-8
0.0065820226886260285,0.0,-4.9326779849820064e-14,0.0,-7.649529160506276e-11,0.0,-2.116473218511755e-16,0.0,-1.2946481972968733e-14,0.0,3.002459473910289e-8
0.006884788843757018,0.0,-3.225979775345406e-13,0.0,7.364280606039072e-11,0.0,-2.2482164834095035e-16,0.0,-1.2937093474617073e-14,0.0,-3.6768934329978085e-8
0.007201481925158122,0.0,7.468626121179694e-15,0.0,-9.239588858495503e-11,0.0,-2.0948782177613492e-16,0.0,-1.2946227272466025e-14,0.0,4.089067545438756e-8
0.007532742556862277,0.0,-3.805260159303798e-13,0.0,8.77574844831485e-11,0.0,-2.269127852317547e-16,0.0,-1.293736019171525e-14,0.0,-4.729314156122275e-8
0.007879240830937483,0.0,6.498257296020058e-14,0.0,-1.0441287017726559e-10,0.0,-2.0752246259736182e-16,0.0,-1.2945954041009998e-14,0.0,5.0783706980728474e-8
0.008241677662985525,0.0,-4.361513465094973e-13,0.0,9.747577522145851e-11,0.0,-2.287031739817084e-16,0.0,-1.2937621560191223e-14,0.0,-5.630885044100304e-8
0.008620786209992352,0.0,1.173904510483963e-13,0.0,-1.1173791153681659e-10,0.0,-2.0594531819908237e-16,0.0,-1.2945706778957848e-14,0.0,5.872775513234737e-8
0.009017333353397971,0.0,-4.842120583546431e-13,0.0,1.0240885457183446e-10,0.0,-2.3003943294003923e-16,0.0,-1.2937858297882133e-14,0.0,-6.304249628403524e-8
0.009432121250385991,0.0,1.6020594444100107e-13,0.0,-1.1436150643484542e-10,0.0,-2.0486650420802287e-16,0.0,-1.2945480605195554e-14,0.0,6.416742387990693e-8
0.009865988956531013,0.0,-5.211295888715808e-13,0.0,1.0286990019920281e-10,0.0,-2.3085491407019085e-16,0.0,-1.2938076132012926e-14,0.0,-6.71560273980204e-8
0.010319814123085873,0.0,1.9081535363585648e-13,0.0,-1.1285428519426619e-10,0.0,-2.0431180344973497e-16,0.0,-1.2945270339419939e-14,0.0,6.696797351867484e-8
0.010794514772342565,0.0,-5.452471497332662e-13,0.0,9.961982171882147e-11,0.0,-2.311589552109632e-16,0.0,-1.293828942164616e-14,0.0,-6.86945650238677e-8
0.011291051154657748,0.0,2.0845874444591596e-13,0.0,-1.0810340761554777e-10,0.0,-2.0424203130067647e-16,0.0,-1.2945063426002414e-14,0.0,6.732519370519935e-8
0.011810427690899454,0.0,-5.566049793841117e-13,0.0,9.361461787422107e-11,0.0,-2.310146349539954e-16,0.0,-1.2938494576537611e-14,0.0,-6.797286970558217e-8
0.012353695004244507,0.0,2.138572464429535e-13,0.0,-1.0108497172883182e-10,0.0,-2.0457723575135475e-16,0.0,-1.2944869904075926e-14,0.0,6.564122569528477e-8
0.012921952045436322,0.0,-5.564748007477674e-13,0.0,8.581127158178026e-11,0.0,-2.3051316970443033e-16,0.0,-1.2938680216863529e-14,0.0,-6.545091204233924e-8
0.013516348315802307,0.0,2.087022848697391e-13,0.0,-9.270708221898762e-11,0.0,-2.0521974696846622e-16,0.0,-1.2944695825726833e-14,0.0,6.240763642825016e-8
0.014138086192527976,0.0,-5.468438124277871e-13,0.0,7.704800519691619e-11,0.0,-2.2975429897633844e-16,0.0,-1.2938858342154248e-14,0.0,-6.162964857698129e-8
0.014788423360890998,0.0,1.9516436843013803e-13,0.0,-8.372476247139443e-11,0.0,-2.0607150376256785e-16,0.0,-1.2944523829425272e-14,0.0,5.81168396894163e-8
0.015468675358375487,0.0,-5.299684070657586e-13,0.0,6.798974521959906e-11,0.0,-2.2883127155574615e-16,0.0,-1.293902638749398e-14,0.0,-5.697919920460636e-8
0.0161802182358131,0.0,1.7550524628338144e-13,0.0,-7.471105621229702e-11,0.0,-2.0704569828167036e-16,0.0,-1.2944361106923471e-14,0.0,5.320676392047769e-8
0.01692449134093363,0.0,-5.08051523428075e-13,0.0,5.911974592340596e-11,0.0,-2.278234079307912e-16,0.0,-1.2939179977864652e-14,0.0,-5.189878761786567e-8
0.017703000229955954,0.0,1.518201254474522e-13,0.0,-6.606430540403319e-11,0.0,-2.0807161812438013e-16,0.0,-1.2944209809685168e-14,0.0,4.803426443917319e-8
0.01851731971310946,0.0,-4.830456626162355e-13,0.0,5.0758162077135283e-11,0.0,-2.2679282111682994e-16,0.0,-1.2939328138005522e-14,0.0,-4.6701542193405974e-8
0.019369097040245923,0.0,1.258959769360414e-13,0.0,-5.803427720365842e-11,0.0,-2.0909568354975818e-16,0.0,-1.2944065703032143e-14,0.0,4.286917190948634e-8
0.020260055232986244,0.0,-4.565596348843157e-13,0.0,4.3092640117467856e-11,0.0,-2.2578470566790273e-16,0.0,-1.293947044507508e-14,0.0,-4.1615746503347766e-8
0.021191996570142767,0.0,9.915903746532738e-14,0.0,-5.075478312398067e-11,0.0,-2.1008023293825437e-16,0.0,-1.2943927348126127e-14,0.0,3.7900892511321135e-8
0.022166806233466844,0.0,-4.298390119303777e-13,0.0,3.621113930821783e-11,0.0,-2.248294332022007e-16,0.0,-1.2939602279298247e-14,0.0,-3.679518345240754e-8
0.023186456121097525,0.0,7.268084556683082e-14,0.0,-4.427538800520025e-11,0.0,-2.110015870365883e-16,0.0,-1.2943799856969411e-14,0.0,3.3251155397644465e-8
0.024253008836424533,0.0,-4.0379139209241465e-13,0.0,3.0131630458182005e-11,0.0,-2.2394555131275584e-16,0.0,-1.2939726729587503e-14,0.0,-3.233320512774338e-8
0.025368621860434742,0.0,4.721736828129525e-14,0.0,-3.858854760629269e-11,0.0,-2.1184582942474233e-16,0.0,-1.2943680234172266e-14,0.0,2.8988563977581032e-8
0.026535551915982575,0.0,-3.790346851146382e-13,0.0,2.4826394559582123e-11,0.0,-2.231422443536793e-16,0.0,-1.2939845903576202e-14,0.0,-2.8277135942467758e-8
0.027756159532811964,0.0,2.32626410067077e-14,0.0,-3.365098526623998e-11,0.0,-2.1260733719029427e-16,0.0,-1.2943563554487978e-14,0.0,2.5142401259837087e-8
0.029032913822564455,0.0,-3.5595307046370413e-13,0.0,2.0240532067904917e-11,0.0,-2.2242245567371643e-16,0.0,-1.2939956830514354e-14,0.0,-2.4641178644672726e-8
0.030368397473433142,0.0,1.1045240312962224e-15,0.0,-2.9399485601323014e-11,0.0,-2.132858194431355e-16,0.0,-1.2943455626007637e-14,0.0,2.1714452616565775e-8
0.03176531197456506,0.0,-3.347510566008104e-13,0.0,1.630525420592788e-11,0.0,-2.2178439222582227e-16,0.0,-1.2940060391596331e-14,0.0,-2.141706123925622e-8
0.03322648308078053,0.0,-1.9123807377279677e-14,0.0,-2.5761930566657183e-11,0.0,-2.1388456406007482e-16,0.0,-1.2943353937606322e-14,0.0,1.8688453265588336e-8
0.03475486652866444,0.0,-3.155013849044687e-13,0.0,1.2946920608763705e-11,0.0,-2.2122358363451978e-16,0.0,-1.294015609509469e-14,0.0,-1.8582310346544998e-8
0.0363535540155912,0.0,-3.740016082400967e-14,0.0,-2.266458866675909e-11,0.0,-2.1440894414766506e-16,0.0,-1.2943256047930608e-14,0.0,1.6037245705474388e-8
0.03802577945377856,0.0,-2.981845244648623e-13,0.0,1.0092823467942863e-11,0.0,-2.2073397475392984e-16,0.0,-1.2940250308143932e-14,0.0,-1.610637283477951e-8
0.03977492551202206,0.0,-5.3778042602444053e-14,0.0,-2.0036622691323197e-11,0.0,-2.1486556917783338e-16,0.0,-1.2943167363308141e-14,0.0,1.3727958189554557e-8
0.041604530458341345,0.0,-2.8271981083287753e-13,0.0,7.674619466169325e-12,0.0,-2.2030864913153472e-16,0.0,-1.2940336720605877e-14,0.0,-1.3954948388138205e-8
0.04351829531738212,0.0,-6.835935769596136e-14,0.0,-1.7812624710325758e-11,0.0,-2.1526129010479422e-16,0.0,-1.2943081142325269e-14,0.0,1.1725588430016e-8
0.04552009135705046,0.0,-2.689891154932482e-13,0.0,5.630129912034501e-12,0.0,-2.1994072811822738e-16,0.0,-1.2940419304327001e-14,0.0,-1.209291811413959e-8
0.047613967919524276,0.0,-8.127419158610177e-14,0.0,-1.593381900995661e-11,0.0,-2.156031356697226e-16,0.0,-1.2942999617885103e-14,0.0,9.99536533754031e-9
0.049804160612484036,0.0,-2.568540501397335e-13,0.0,3.904061450456411e-12,0.0,-2.1962333818892468e-16,0.0,-1.2940493241726418e-14,0.0,-1.048622033143265e-8
0.05209509987713062,0.0,-9.266617480999211e-14,0.0,-1.4348401510295659e-11,0.0,-2.1589758843686608e-16,0.0,-1.2942925052808263e-14,0.0,8.504211915780427e-9
0.05449141995032312,0.0,-2.461682211103236e-13,0.0,2.448049758944968e-12,0.0,-2.1935025972022452e-16,0.0,-1.2940565431417763e-14,0.0,-9.102965905624315e-9
0.05699796823896639,0.0,-1.0268242105880618e-13,0.0,-1.3011355276040228e-11,0.0,-2.1615076756969328e-16,0.0,-1.2942852176725937e-14,0.0,7.2215704343757416e-9
0.05961981512560975,0.0,-2.367854853890965e-13,0.0,1.22030252303337e-12,0.0,-2.1911563730766432e-16,0.0,-1.2940634014547852e-14,0.0,-7.914023315738403e-9
0.06236226422509295,0.0,-1.1146677938841307e-13,0.0,-1.188396872512967e-11,0.0,-2.1636810178825944e-16,0.0,-1.2942784447315603e-14,0.0,6.119790875495728e-9
0.06523086311298813,0.0,-2.285652946885864e-13,0.0,1.8503180595474888e-13,0.0,-2.1891426284506683e-16,0.0,-1.2940696436657816e-14,0.0,-6.893247639727769e-9
0.0682314145475378,0.0,-1.1915568727071951e-13,0.0,-1.0933212456502676e-11,0.0,-2.1655452501997809e-16,0.0,-1.2942720633606485e-14,0.0,5.174231965968921e-9
0.07136998820779027,0.0,-2.213759457273324e-13,0.0,-6.882019276845187e-13,0.0,-2.187416438294599e-16,0.0,-1.2940755331745192e-14,0.0,-6.017480284402792e-9
0.07465293297167824,0.0,-1.2587570528271765e-13,0.0,-1.0131068568162501e-11,0.0,-2.1671434130290277e-16,0.0,-1.2942660580496063e-14,0.0,4.3631819099964835e-9
0.07808688975887426,0.0,-2.1509627546526613e-13,0.0,-1.425159993976517e-12,0.0,-2.1859363562476367e-16,0.0,-1.294081084675714e-14,0.0,-5.2664092964014e-9
0.08167880496440602,0.0,-1.3174241610696363e-13,0.0,-9.453872216649523e-12,0.0,-2.1685128384539836e-16,0.0,-1.2942603926133227e-14,0.0,3.6676737470680666e-9
0.08543594451020259,0.0,-2.096163622020311e-13,0.0,-2.047564307072801e-12,0.0,-2.1846682015522937e-16,0.0,-1.2940862929300928e-14,0.0,-4.622352396678508e-9
0.08936590854299707,0.0,-1.3686009424082816e-13,0.0,-8.881697534965275e-12,0.0,-2.1696862951470443e-16,0.0,-1.2942549252755193e-14,0.0,3.0712462339469974e-9
0.09347664680831864,0.0,-2.048375082308418e-13,0.0,-2.573683276236472e-12,0.0,-2.183581339102844e-16,0.0,-1.2940909854493743e-14,0.0,-4.070003993332672e-9
0.09777647473167085,0.0,-1.4132196413005219e-13,0.0,-8.397803205526101e-12,0.0,-2.1706922882610837e-16,0.0,-1.2942498653049843e-14,0.0,2.559683604106403e-9
0.10227409023942728,0.0,-2.0067180831363685e-13,0.0,-3.01885330646416e-12,0.0,-2.1826494321260213e-16,0.0,-1.2940954033421681e-14,0.0,-3.596172886071689e-9
0.10697859135347218,0.0,-1.4521078171174426e-13,0.0,-7.988143611701314e-12,0.0,-2.1715542924918255e-16,0.0,-1.2942449874155574e-14,0.0,2.120755309468194e-9
0.1118994945951748,0.0,-1.9704145743839439e-13,0.0,-3.3959348361164387e-12,0.0,-2.1818502857177506e-16,0.0,-1.2940995207679717e-14,0.0,-3.189527083083215e-9
0.11704675423592709,0.0,-1.4859960987547355e-13,0.0,-7.640945058914553e-12,0.0,-2.1722937558865942e-16,0.0,-1.2942403051169124e-14,0.0,1.743968224180729e-9
0.12243078243318775,0.0,-1.938779137820958e-13,0.0,-3.715705637094588e-12,0.0,-2.1811641403324476e-16,0.0,-1.2941032732681824e-14,0.0,-2.8403552087176218e-9
0.1280624702927616,0.0,-1.5155267753623827e-13,0.0,-7.346341703013956e-12,0.0,-2.1729278841678766e-16,0.0,-1.2942358481998872e-14,0.0,1.4203383594856488e-9
0.13395320989992152,0.0,-1.9112102940939264e-13,0.0,-3.987196526984631e-12,0.0,-2.1805754012255337e-16,0.0,-1.2941067375709797e-14,0.0,-2.5403491432693736e-9
0.14011491736394086,0.0,-1.541262593351463e-13,0.0,-7.096066555344646e-12,0.0,-2.1734723229150885e-16,0.0,-1.2942314967868836e-14,0.0,1.1421849514248155e-9
0.14656005692264878,0.0,-1.8871818104467444e-13,0.0,-4.2179756536781956e-12,0.0,-2.1800691394372317e-16,0.0,-1.2941098154959243e-14,0.0,-2.282409802802363e-9
0.1533016661557689,0.0,-1.563695351904934e-13,0.0,-6.883190190669511e-12,0.0,-2.1739398067270537e-16,0.0,-1.2942273209010128e-14,0.0,9.029478127152982e-10
0.16035338235804858,0.0,-1.866234210369485e-13,0.0,-4.414388177181527e-12,0.0,-2.179633853209165e-16,0.0,-1.2941125709388714e-14,0.0,-2.060475830947529e-9
0.16772947012552,0.0,-1.5832540557489952e-13,0.0,-6.7019012788459745e-12,0.0,-2.174341480975539e-16,0.0,-1.2942231678549968e-14,0.0,6.970270979789149e-10
0.1754448502107048,0.0,-1.8479670390232387e-13,0.0,-4.5817572139352945e-12,0.0,-2.179259135242474e-16,0.0,-1.2941149989236363e-14,0.0,-1.869374060757282e-9
0.183515129705125,0.0,-1.6003122826195254e-13,0.0,-6.547322446421928e-12,0.0,-2.17468661709276e-16,0.0,-1.2942191358275244e-14,0.0,5.196440182375861e-10
0.1919566336101779,0.0,-1.83203173351536e-13,0.0,-4.724552237033847e-12,0.0,-2.1789362029318485e-16,0.0,-1.2941170727038238e-14,0.0,-1.7046899769003677e-9
0.20078643786024059,0.0,-1.615195056622904e-13,0.0,-6.415356716738382e-12,0.0,-2.1749833688266397e-16,0.0,-1.2942151142049915e-14,0.0,3.6672051001686823e-10
0.2100224038648005,0.0,-1.8181251402528825e-13,0.0,-4.846529315419694e-12,0.0,-2.178657520422867e-16,0.0,-1.2941187416812576e-14,0.0,-1.5626561039954483e-9
0.21968321463948728,0.0,-1.6281849037255158e-13,0.0,-6.302559050233981e-12,0.0,-2.1752384808035866e-16,0.0,-1.2942110717583537e-14,0.0,2.347758533472477e-10
0.22978841259909727,0.0,-1.8059837733117927e-13,0.0,-4.9508484916072744e-12,0.0,-2.178416761618279e-16,0.0,-1.294120030700089e-14,0.0,-1.4400562961487955e-9
0.24035843908905533,0.0,-1.63952733150317e-13,0.0,-6.206029459583528e-12,0.0,-2.175457914602023e-16,0.0,-1.2942069297984046e-14,0.0,1.2083811920334307e-10
0.2514146757352811,0.0,-1.7953787479849597e-13,0.0,-5.040171167014538e-12,0.0,-2.1782083688233493e-16,0.0,-1.2941208943054972e-14,0.0,-1.3341438878117097e-9
0.2629794876961104,0.0,-1.6494355327868602e-13,0.0,-6.123323959251308e-12,0.0,-2.175646341720763e-16,0.0,-1.2942026300986427e-14,0.0,2.236857351038887e-11
0.2750762689037561,0.0,-1.7861111856121713e-13,0.0,-5.116741537748143e-12,0.0,-2.1780276514488972e-16,0.0,-1.2941212367580662e-14,0.0,-1.2425719018863392e-9
0.28772948938682763,0.0,-1.6580946859110905e-13,0.0,-6.052380338342465e-12,0.0,-2.1758082363609613e-16,0.0,-1.2941981111570885e-14,0.0,-6.280272997899411e-11
0.3009647447696433,0.0,-1.7780083725634261e-13,0.0,-5.1824542298617355e-12,0.0,-2.1778706210142938e-16,0.0,-1.2941210755035777e-14,0.0,-1.1633336170425693e-9
0.3148088080484501,0.0,-1.6656655633954606e-13,0.0,-5.99145630239697e-12,0.0,-2.1759470093108093e-16,0.0,-1.2941933220410085e-14,0.0,-1.365317662077009e-10
0.3292896837493042,0.0,-1.7709202621287971e-13,0.0,-5.238910782877162e-12,0.0,-2.177733566030167e-16,0.0,-1.2941202970701066e-14,0.0,-1.0947120356206197e-9
0.3444366645771517,0.0,-1.6722878520515106e-13,0.0,-5.9390780062131275e-12,0.0,-2.1760656485731774e-16,0.0,-1.2941881287931369e-14,0.0,-2.0040712574911156e-10
0.3602803906707078,0.0,-1.7647164439543127e-13,0.0,-5.287466577693913e-12,0.0,-2.177613618290032e-16,0.0,-1.2941187928812886e-14,0.0,-1.0352369284027506e-9
0.37685291158300305,0.0,-1.6780827991346383e-13,0.0,-5.893997012178024e-12,0.0,-2.176166715319668e-16,0.0,-1.2941824218095957e-14,0.0,-2.557895947716103e-10
0.3941877511129655,0.0,-1.759283582848234e-13,0.0,-5.329270202002471e-12,0.0,-2.1775081378037081e-16,0.0,-1.2941165246815717e-14,0.0,-9.836483570626479e-10
0.41231997511918694,0.0,-1.6831558151608855e-13,0.0,-5.855154461221355e-12,0.0,-2.1762523774781877e-16,0.0,-1.2941761129782747e-14,0.0,-3.038457649898917e-10
0.43128626245305746,0.0,-1.754523097988331e-13,0.0,-5.365296140651627e-12,0.0,-2.1774146952854272e-16,0.0,-1.2941132958193506e-14,0.0,-9.388656980685066e-10
0.45112497915474425,0.0,-1.6875984267408654e-13,0.0,-5.821651067003042e-12,0.0,-2.1763243448779876e-16,0.0,-1.2941690114649537e-14,0.0,-3.455765978148645e-10
0.47187625606210715,0.0,-1.7503491834692244e-13,0.0,-5.396372129368717e-12,0.0,-2.1773313244729533e-16,0.0,-1.2941090038116106e-14,0.0,-8.999613198870094e-10
0.4935820699895502,0.0,-1.6914902199405954e-13,0.0,-5.7927220577037685e-12,0.0,-2.176384015120737e-16,0.0,-1.294160924852887e-14,0.0,-3.818416539509559e-10
0.5162863286410082,0.0,-1.7466871671442763e-13,0.0,-5.423202118668391e-12,0.0,-2.1772560318148275e-16,0.0,-1.2941034516404537e-14,0.0,-8.661382274633694e-10
0.5400349594288422,0.0,-1.6949003438392954e-13,0.0,-5.767716137100663e-12,0.0,-2.1764325518980065e-16,0.0,-1.2941516610049698e-14,0.0,-4.1337971879197925e-10
0.564876002378319,0.0,-1.7434719466825626e-13,0.0,-5.446385409617822e-12,0.0,-2.1771872785692613e-16,0.0,-1.2940963906402922e-14,0.0,-8.367110614178609e-10
0.5908597073055868,0.0,-1.6978889135317414e-13,0.0,-5.74607791119439e-12,0.0,-2.1764708294896402e-16,0.0,-1.2941409455402615e-14,0.0,-4.4082630531980317e-10
0.6180386354657493,0.0,-1.7406467184873897e-13,0.0,-5.4664327469740454e-12,0.0,-2.1771233626577691e-16,0.0,-1.2940875748333525e-14,0.0,-8.110899302795192e-10
0.6464677658766366,0.0,-1.7005081765657922e-13,0.0,-5.727333052612443e-12,0.0,-2.1764994741312068e-16,0.0,-1.2941284878276519e-14,0.0,-4.647285650826476e-10
0.6762046065333556,0.0,-1.7381619099327307e-13,0.0,-5.4837798123251456e-12,0.0,-2.1770629087483207e-16,0.0,-1.2940766719378395e-14,0.0,-7.887666580109998e-10
0.7073093107386059,0.0,-1.702803527586875e-13,0.0,-5.711075878729819e-12,0.0,-2.1765188899489366e-16,0.0,-1.2941139088558276e-14,0.0,-4.855579647770174e-10
0.7398447987840566,0.0,-1.7359741396036802e-13,0.0,-5.498798530728838e-12,0.0,-2.1770043419315071e-16,0.0,-1.2940632937463387e-14,0.0,-7.693030719621874e-10
0.7738768852289394,0.0,-1.7048143925602747e-13,0.0,-5.696958851182095e-12,0.0,-2.1765291713363516e-16,0.0,-1.2940967746418695e-14,0.0,-5.037210898609211e-10
0.8094744120333344,0.0,-1.7340454149688855e-13,0.0,-5.511806625486003e-12,0.0,-2.176946333136161e-16,0.0,-1.2940469561457437e-14,0.0,-7.52321010827072e-10
0.8467093878154386,0.0,-1.7065749663620758e-13,0.0,-5.684683719842023e-12,0.0,-2.176530305556713e-16,0.0,-1.2940765666876664e-14,0.0,-5.195688540610775e-10
0.885657133514519,0.0,-1.7323423678289245e-13,0.0,-5.523075599955613e-12,0.0,-2.1768872770538768e-16,0.0,-1.294027103408497e-14,0.0,-7.374938154216717e-10
0.9263964347542246,0.0,-1.7081148701062382e-13,0.0,-5.673994042310264e-12,0.0,-2.17652191825283e-16,0.0,-1.2940526589137065e-14,0.0,-5.334043522093589e-10
0.9690097012144381,0.0,-1.730835641749203e-13,0.0,-5.5328374934101524e-12,0.0,-2.1768257438365338e-16,0.0,-1.2940030783820127e-14,0.0,-7.245390499293903e-10
1.0135831333340644,0.0,-1.709459705400699e-13,0.0,-5.6646688168308055e-12,0.0,-2.1765033933181799e-16,0.0,-1.294024298903956e-14,0.0,-5.454895658056926e-10
1.0602068966819878,0.0,-1.7294992732748191e-13,0.0,-5.541290524609267e-12,0.0,-2.1767599021566676e-16,0.0,-1.2939740498747152e-14,0.0,-7.132122812666812e-10
1.1089753043488977,0.0,-1.71063150641134e-13,0.0,-5.65651707583205e-12,0.0,-2.1764738574867488e-16,0.0,-1.2939905940971317e-14,0.0,-5.560510885368698e-10
1.1599870077289431,0.0,-1.728310244860344e-13,0.0,-5.548603873597487e-12,0.0,-2.176687972177842e-16,0.0,-1.2939390693514513e-14,0.0,-7.033017619742199e-10
1.2133451960771673,0.0,-1.71164916476836e-13,0.0,-5.6493732810436744e-12,0.0,-2.176432119091818e-16,0.0,-1.293950486839336e-14,0.0,-5.652850237905725e-10
1.2691578052463421,0.0,-1.7272479886356174e-13,0.0,-5.5549216685753606e-12,0.0,-2.1766078281514027e-16,0.0,-1.2938969656636197e-14,0.0,-6.946238693130393e-10
1.3275377360255105,0.0,-1.712528721009041e-13,0.0,-5.643093355711247e-12,0.0,-2.176376614506008e-16,0.0,-1.293902698619054e-14,0.0,-5.73361172781914e-10
1.3886030825218538,0.0,-1.7262940133422895e-13,0.0,-5.560366328944572e-12,0.0,-2.176517077988505e-16,0.0,-1.2938463532978073e-14,0.0,-6.870191946253937e-10
1.4524773710478822,0.0,-1.713283681144408e-13,0.0,-5.637551274524908e-12,0.0,-2.176305307128834e-16,0.0,-1.2938456961116762e-14,0.0,-5.804266171843408e-10
1.5192898099972099,0.0,-1.7254315377909917e-13,0.0,-5.5650413395185144e-12,0.0,-2.1764129331982358e-16,0.0,-1.2937855717949221e-14,0.0,-6.803491845368043e-10
1.5891755512143324,0.0,-1.713925195076478e-13,0.0,-5.6326361028464205e-12,0.0,-2.1762157620598613e-16,0.0,-1.2937776564697335e-14,0.0,-5.866087857276334e-10
1.662275963387137,0.0,-1.7246451415742583e-13,0.0,-5.569033556245269e-12,0.0,-2.1762922107165575e-16,0.0,-1.2937126139788083e-14,0.0,-6.744932471901522e-10
1.7387389180152106,0.0,-1.7144622537228134e-13,0.0,-5.628249395689482e-12,0.0,-2.1761048968888005e-16,0.0,-1.2936963971166308e-14,0.0,-5.920180805001695e-10
1.8187190885323636,0.0,-1.7239204524757158e-13,0.0,-5.572415075712476e-12,0.0,-2.1761511296935813e-16,0.0,-1.2936251026900328e-14,0.0,-6.693462624312593e-10
1.9023782631884758,0.0,-1.7149017872561243e-13,0.0,-5.624302897125271e-12,0.0,-2.1759690061402726e-16,0.0,-1.2935992986154537e-14,0.0,-5.967501227313667e-10
1.989885672323608,0.0,-1.723243845404041e-13,0.0,-5.575244732829186e-12,0.0,-2.1759852186082927e-16,0.0,-1.293520182147567e-14,0.0,-6.648164264851033e-10
2.0814183306963527,0.0,-1.7152487462679818e-13,0.0,-5.6207164642160786e-12,0.0,-2.1758035593971158e-16,0.0,-1.2934832320744954e-14,0.0,-6.008876733302562e-10
2.177161395558929,0.0,-1.7226021432814967e-13,0.0,-5.577569271629523e-12,0.0,-2.175789214257208e-16,0.0,-1.2933944375163222e-14,0.0,-6.60823384313646e-10
2.277308541203393,0.0,-1.715506136151115e-13,0.0,-5.617416182836216e-12,0.0,-2.1756031057678965e-16,0.0,-1.2933444516485467e-14,0.0,-6.045022728588847e-10
2.382062350736525,0.0,-1.7219823129936396e-13,0.0,-5.5794241969703376e-12,0.0,-2.1755568619343963e-16,0.0,-1.2932437742443392e-14,0.0,-6.572966098904283e-10
2.4916347258760134,0.0,-1.7156749810954443e-13,0.0,-5.614332578536484e-12,0.0,-2.1753610597679542e-16,0.0,-1.293178479302061e-14,0.0,-6.076556359703369e-10
2.6062473155967893,0.0,-1.7213711546480968e-13,0.0,-5.580834344342193e-12,0.0,-2.1752806853507446e-16,0.0,-1.2930632868984442e-14,0.0,-6.541739851527299e-10
2.726131964494648,0.0,-1.715754265292658e-13,0.0,-5.611398937221511e-12,0.0,-2.1750695014051537e-16,0.0,-1.292979953325718e-14,0.0,-6.1040083637122e-10
2.851531181774161,0.0,-1.720754988229083e-13,0.0,-5.581814162591941e-12,0.0,-2.1749518456779003e-16,0.0,-1.2928471231332623e-14,0.0,-6.51400558268594e-10
2.9826986318095097,0.0,-1.7157407983651032e-13,0.0,-5.608549620878356e-12,0.0,-2.174718933258458e-16,0.0,-1.2927424500618926e-14,0.0,-6.127833045160328e-10
3.119899647270594,0.0,-1.720119273783077e-13,0.0,-5.582367734439428e-12,0.0,-2.1745597165977145e-16,0.0,-1.2925882628609711e-14,0.0,-6.489274413753913e-10
3.2634117658524566,0.0,-1.7156290359970682e-13,0.0,-5.605718387774257e-12,0.0,-2.1742979342857737e-16,0.0,-1.2924582997621294e-14,0.0,-6.148416605214697e-10
3.4135252916936496,0.0,-1.7194482463929127e-13,0.0,-5.582488500217615e-12,0.0,-2.1740916849832723e-16,0.0,-1.292278315585124e-14,0.0,-6.467108282993237e-10
3.570543882619256,0.0,-1.7154108334739903e-13,0.0,-5.602836633603785e-12,0.0,-2.1737928424997548e-16,0.0,-1.2921183174651682e-14,0.0,-6.166084016593054e-10
3.734785164396534,0.0,-1.7187244578477386e-13,0.0,-5.582158697486829e-12,0.0,-2.17353262185017e-16,0.0,-1.2919072360269061e-14,0.0,-6.447111090793026e-10
3.9065813732456163,0.0,-1.715075108917465e-13,0.0,-5.599831521683777e-12,0.0,-2.1731872779281122e-16,0.0,-1.2917115140754746e-14,0.0,-6.181104560929368e-10
4.086280027905035,0.0,-1.7179282871393458e-13,0.0,-5.581348478617454e-12,0.0,-2.1728645152787583e-16,0.0,-1.2914630147814634e-14,0.0,-6.428920578123902e-10
4.2742446326116195,0.0,-1.714607445357313e-13,0.0,-5.596623940046225e-12,0.0,-2.1724616131595215e-16,0.0,-1.2912247532845224e-14,0.0,-6.193696142301693e-10
4.470855412416629,0.0,-1.7170373592568602e-13,0.0,-5.580014680789958e-12,0.0,-2.1720657830442975e-16,0.0,-1.2909312833872202e-14,0.0,-6.412200784950209e-10
4.676510082325776,0.0,-1.7139895685095516e-13,0.0,-5.593126227507422e-12,0.0,-2.171592379764002e-16,0.0,-1.2906423150621289e-14,0.0,-6.204028465132255e-10
4.8916246518187965,0.0,-1.716025882503008e-13,0.0,-5.5780992049756366e-12,0.0,-2.171110666532894e-16,0.0,-1.2902948563800495e-14,0.0,-6.396634872184613e-10
5.116634266376086,0.0,-1.713198729763387e-13,0.0,-5.5892396090114905e-12,0.0,-2.170551490514841e-16,0.0,-1.2899454087705296e-14,0.0,-6.212225093958187e-10
5.351994087714756,0.0,-1.7148638599430684e-13,0.0,-5.575526957574193e-12,0.0,-2.169968377356598e-16,0.0,-1.2895331932080853e-14,0.0,-6.381918181486158e-10
5.598180214514546,0.0,-1.7122069383254605e-13,0.0,-5.584851251618823e-12,0.0,-2.1693053556917185e-16,0.0,-1.2891115727257467e-14,0.0,-6.218364457109529e-10
5.855690645496164,0.0,-1.7135161839133688e-13,0.0,-5.572203280611806e-12,0.0,-2.1686021170781375e-16,0.0,-1.2886217346691033e-14,0.0,-6.367751309729725e-10
6.12504628680031,0.0,-1.710980047167737e-13,0.0,-5.579830871522356e-12,0.0,-2.1678138257292708e-16,0.0,-1.28811395808733e-14,0.0,-6.222479748675629e-10
6.406792005704992,0.0,-1.711941553860906e-13,0.0,-5.568010802229914e-12,0.0,-2.1669679251632172e-16,0.0,-1.28753113852934e-14,0.0,-6.353833073729824e-10
6.701497732812732,0.0,-1.7094766440421784e-13,0.0,-5.57402678439584e-12,0.0,-2.1660289106132425e-16,0.0,-1.2869204892848055e-14,0.0,-6.224557727507453e-10
7.00975961493733,0.0,-1.710091209089412e-13,0.0,-5.562805610284519e-12,0.0,-2.1650133112065563e-16,0.0,-1.286226349342689e-14,0.0,-6.33985316006157e-10
7.332201221022113,0.0,-1.707646732947902e-13,0.0,-5.567261291474747e-12,0.0,-2.1638932985314324e-16,0.0,-1.2854928581435677e-14,0.0,-6.22453633084009e-10
7.669474803529155,0.0,-1.7079074321974363e-13,0.0,-5.556412644852022e-12,0.0,-2.1626755961939577e-16,0.0,-1.2846655124351456e-14,0.0,-6.3254842862379e-10
8.02226261785119,0.0,-1.7054301587141164e-13,0.0,-5.55932527826525e-12,0.0,-2.161338554820188e-16,0.0,-1.2837853373406477e-14,0.0,-6.222301035735435e-10
8.391278302415001,0.0,-1.7053217885444e-13,0.0,-5.548620171625699e-12,0.0,-2.1598799931464359e-16,0.0,-1.2827986776937052e-14,0.0,-6.310373679189515e-10
8.77726832226808,0.0,-1.7027547333488757e-13,0.0,-5.549971877793897e-12,0.0,-2.1582830347454169e-16,0.0,-1.2817433654546023e-14,0.0,-6.217679846603215e-10
9.181013479068925,0.0,-1.7022530431965887e-13,0.0,-5.539173210838546e-12,0.0,-2.156537294673945e-16,0.0,-1.2805662668735063e-14,0.0,-6.294133657020588e-10
9.60333049053514,0.0,-1.6995340230984112e-13,0.0,-5.53890903907341e-12,0.0,-2.1546293825570877e-16,0.0,-1.2793018961297592e-14,0.0,-6.210436771658595e-10
10.04507364254463,0.0,-1.6986047253554448e-13,0.0,-5.5277657381492285e-12,0.0,-2.1525412060800968e-16,0.0,-1.2778972757862918e-14,0.0,-6.27633109383338e-10
10.5071365172315,0.0,-1.695664735476888e-13,0.0,-5.525790826758069e-12,0.0,-2.1502616161899441e-16,0.0,-1.2763834354810289e-14,0.0,-6.200263622985468e-10
10.990453800572942,0.0,-1.694262259588493e-13,0.0,-5.5140314928398605e-12,0.0,-2.1477651452289083e-16,0.0,-1.2747071529467118e-14,0.0,-6.256475523769558e-10
11.496003173122842,0.0,-1.6910236525500837e-13,0.0,-5.510207254302982e-12,0.0,-2.1450416960040638e-16,0.0,-1.2728957532716893e-14,0.0,-6.18676995922442e-10
12.02480728771736,0.0,-1.6890896263761277e-13,0.0,-5.497533188487659e-12,0.0,-2.1420585603893431e-16,0.0,-1.2708953250709532e-14,0.0,-6.234005648892141e-10
12.577935838152882,0.0,-1.6854640475646656e-13,0.0,-5.491672449061008e-12,0.0,-2.1388055101298604e-16,0.0,-1.2687292099813877e-14,0.0,-6.169470963591554e-10
13.156507723020786,0.0,-1.682925468181801e-13,0.0,-5.477749930798236e-12,0.0,-2.135242588402038e-16,0.0,-1.2663423130845353e-14,0.0,-6.208273980428082e-10
13.761693309076783,0.0,-1.6788115228295126e-13,0.0,-5.469610946535017e-12,0.0,-2.1313582495189678e-16,0.0,-1.2637536514057767e-14,0.0,-6.147773051024244e-10
14.394716798722428,0.0,-1.6755785989577696e-13,0.0,-5.4540626409213985e-12,0.0,-2.1271050891413074e-16,0.0,-1.2609063971563564e-14,0.0,-6.178529382011135e-10
15.056858706388539,0.0,-1.6708592118629908e-13,0.0,-5.443341919225104e-12,0.0,-2.122469041610631e-16,0.0,-1.2578148352068725e-14,0.0,-6.120957012686527e-10
15.749458448829605,0.0,-1.6668228493268837e-13,0.0,-5.425737317235832e-12,0.0,-2.11739490558227e-16,0.0,-1.254419794913758e-14,0.0,-6.143897298877722e-10
16.47391705456908,0.0,-1.6613622993616785e-13,0.0,-5.412061192672182e-12,0.0,-2.1118648519798173e-16,0.0,-1.2507303502769454e-14,0.0,-6.088158539616531e-10
17.23169999797605,0.0,-1.6563912200223222e-13,0.0,-5.3919060144599284e-12,0.0,-2.1058153706774286e-16,0.0,-1.2466843166579998e-14,0.0,-6.103357518741217e-10
18.02434016370704,0.0,-1.6500318381927965e-13,0.0,-5.37482096955931e-12,0.0,-2.0992235868352083e-16,0.0,-1.2422850114971291e-14,0.0,-6.048346059635756e-10
18.85344094750844,0.0,-1.6439693350115364e-13,0.0,-5.3515455267237596e-12,0.0,-2.0920170256134002e-16,0.0,-1.2374665046002398e-14,0.0,-6.055719442120451e-10
19.720679499652903,0.0,-1.6365278790261417e-13,0.0,-5.330507322867579e-12,0.0,-2.0841664422398498e-16,0.0,-1.2322257472615732e-14,0.0,-6.000295965413204e-10
20.627810117570377,0.0,-1.629188240736738e-13,0.0,-5.303453931624567e-12,0.0,-2.07558961600599e-16,0.0,-1.226492282265381e-14,0.0,-5.999595020266471e-10
21.576667794536675,0.0,-1.620451997670304e-13,0.0,-5.277815733555616e-12,0.0,-2.0662495872074037e-16,0.0,-1.2202560372289674e-14,0.0,-5.942565555168898e-10
22.56917193159761,0.0,-1.6116166873208778e-13,0.0,-5.2462254246885044e-12,0.0,-2.0560535105359296e-16,0.0,-1.213441219148283e-14,0.0,-5.933369835272133e-10
23.607330220238538,0.0,-1.6013394130210723e-13,0.0,-5.215225286978126e-12,0.0,-2.044955376804e-16,0.0,-1.2060300505571036e-14,0.0,-5.873464394885236e-10
24.69324270365189,0.0,-1.590753143480436e-13,0.0,-5.1782242885977395e-12,0.0,-2.0328508193167275e-16,0.0,-1.1979405975337617e-14,0.0,-5.855173271011558e-10
25.829106024819104,0.0,-1.5786510332678866e-13,0.0,-5.140972654464394e-12,0.0,-2.0196835101130342e-16,0.0,-1.1891467252637329e-14,0.0,-5.791025373988248e-10
27.017217869999918,0.0,-1.5660180006828384e-13,0.0,-5.09755946427947e-12,0.0,-2.005336719466329e-16,0.0,-1.1795596181978885e-14,0.0,-5.762849416534426e-10
28.259981616617047,0.0,-1.5517660109463648e-13,0.0,-5.053027728286784e-12,0.0,-1.9897427291009294e-16,0.0,-1.1691442308867743e-14,0.0,-5.692977579093806e-10
29.559911194939612,0.0,-1.5367466820348641e-13,0.0,-5.002062080460323e-12,0.0,-1.972771808159761e-16,0.0,-1.1578042814186961e-14,0.0,-5.653931357888359e-10
30.91963617339805,0.0,-1.519975698689053e-13,0.0,-4.949073850844826e-12,0.0,-1.9543441044115286e-16,0.0,-1.1454954713754825e-14,0.0,-5.576724303267328e-10
