5.686994555810523e-13,0.5360878705479013,-149.11940118777272,0.5360889470468696,-4873.257666937177,0.026970508792710002,-0.165863279399204,0.19246907771589045,-11.088870474510976,4.886773085508426,-549138.9518233918
5.816321943920965e-13,0.5360878463159537,-148.19361949207084,0.5360889398934312,-4843.069248739075,0.026970504053434805,-0.16483415722951653,0.1924690660950913,-11.020174749312798,4.886773070640429,-545774.4859985552
5.948590353541353e-13,0.5360878216995696,-147.23385262235652,0.5360889326265048,-4811.641701303508,0.026970499238971407,-0.1637637188827425,0.19246905428992975,-10.948646494706251,4.886773055536548,-542196.8229074479
6.083866666154765e-13,0.5360877966926496,-146.22983373002583,0.5360889252442896,-4778.892060584003,0.026970494348126983,-0.16264823614354618,0.19246904229748074,-10.874127857457543,4.886773040193062,-538541.4127573518
6.222219284189554e-13,0.5360877712889984,-145.18869901328233,0.5360889177449564,-4744.809380231143,0.026970489379689693,-0.16148718903211134,0.19246903011477318,-10.796556745218858,4.8867730246061445,-534666.8024675087
6.363718165607087e-13,0.5360877454823214,-144.10065461693992,0.5360889101266476,-4709.310116148181,0.026970484332428567,-0.16027810748231938,0.1924690177387885,-10.715780669779207,4.886773008771942,-530699.3670507903
6.50843485927581e-13,0.536087719266225,-142.97227339422898,0.5360889023874752,-4672.379865273047,0.026970479205093018,-0.15902004687160667,0.1924690051664604,-10.631729798410586,4.8867729926865255,-526505.9812609863
6.656442541150101e-13,0.5360876926342136,-141.79418625487546,0.5360888945255217,-4633.93459359247,0.026970473996412718,-0.1577106294506538,0.192468992394674,-10.54424907448565,4.886772976345933,-522204.52882016485
6.807816051271496e-13,0.5360876655796889,-140.5724455020914,0.5360888865388397,-4593.95677108998,0.026970468705097114,-0.15634876466936656,0.19246897942026478,-10.453263422225794,4.886772959746081,-517669.6964588529
6.962631931611618e-13,0.5360876380959476,-139.2980843553168,0.53608887842545,-4552.362074899318,0.026970463329835194,-0.15493207380219112,0.1924689662400183,-10.35861510927732,4.88677294288289,-513011.43370283174
7.120968464775663e-13,0.5360876101761807,-137.97667392854908,0.5360888701833425,-4509.130260725637,0.026970457869295146,-0.15345938048278554,0.1924689528506689,-10.260224942732103,4.886772925752162,-508111.76905823924
7.282905713585814e-13,0.53608758181347,-136.59963371545732,0.536088861810475,-4464.177025914282,0.02697045232212401,-0.1519282919024953,0.19246893924889916,-10.157933185410023,4.8867729083496565,-503073.2523165919
7.448525561565179e-13,0.5360875530007888,-135.1720939883901,0.5360888533047734,-4417.4799298466505,0.02697044668694743,-0.15033757647674392,0.19246892543133903,-10.051657666800965,4.886772890671061,-497784.82895687275
7.617911754341997e-13,0.536087523730998,-133.68585019918697,0.5360888446641298,-4368.955124984772,0.02697044096236916,-0.1486848348259731,0.19246891139456515,-9.94123770954205,4.8867728727119975,-492342.16532019863
7.791149941995664e-13,0.5360874939968459,-132.14563433403785,0.5360888358864038,-4318.578619138851,0.026970435146970857,-0.14696880625337116,0.19246889713509963,-9.826589540008506,4.886772854468009,-486640.74459110614
7.968327722365751e-13,0.5360874637909653,-130.5436135403164,0.5360888269694201,-4266.267602038097,0.026970429239311637,-0.14518710246069352,0.19246888264940942,-9.707552967849859,4.886772835934598,-480769.85234388965
8.14953468534564e-13,0.5360874331058723,-128.88416721310017,0.5360888179109699,-4211.997324993922,0.026970423237927792,-0.1433384617106003,0.19246886793390566,-9.584044318535119,4.886772817107148,-474631.17631917534
8.334862458183847e-13,0.5360874019339643,-127.15983656903877,0.5360888087088086,-4155.686768412008,0.026970417141332373,-0.14142053224579104,0.19246885298494232,-9.455905712220426,4.886772797981005,-468308.11511682457
8.524404751815085e-13,0.536087370267518,-125.37469815819709,0.5360887993606561,-4097.311398386898,0.02697041094801486,-0.13943208415634611,0.19246883779881546,-9.323055675799916,4.886772778551425,-461708.2749707674
8.718257408245409e-13,0.5360873380986877,-123.52167697425314,0.5360887898641966,-4036.792936987497,0.026970404656440728,-0.1373708352085971,0.19246882237176266,-9.185340911159367,4.886772758813601,-454909.65725538187
8.916518449014486e-13,0.5360873054195032,-121.60460147883141,0.5360887802170772,-3974.108240597573,0.026970398265051116,-0.1352356265475958,0.1924688066999616,-9.042684716650621,4.88677273876264,-447825.54907480633
9.119288124760247e-13,0.5360872722218671,-119.61679826365462,0.5360887704169075,-3909.182949975373,0.0269703917722625,-0.13302428658474375,0.1924687907795293,-8.89494115750033,4.88677271839357,-440529.0452159836
9.326668965910693e-13,0.5360872384975552,-117.56190845622173,0.5360887604612595,-3841.996721225116,0.026970385176466154,-0.1307357744674108,0.19246877460652145,-8.742041410548381,4.88677269770135,-432938.92615315825
9.538765834528151e-13,0.5360872042382113,-115.43368702492629,0.5360887503476665,-3772.480546705719,0.026970378476027814,-0.12836807920642157,0.19246875817693077,-8.583850263159025,4.886772676680841,-425123.876598921
9.755685977333004e-13,0.5360871694353473,-113.23565552871126,0.5360887400736228,-3700.6185563617955,0.026970371669287386,-0.1259203338685342,0.1924687414866867,-8.42031048611385,4.886772655326853,-417008.03490987624
9.977539079932735e-13,0.5360871340803403,-110.96203389821363,0.5360887296365828,-3626.3488133375745,0.026970364754558343,-0.12339074782156335,0.19246872453165398,-8.251301593524524,4.886772633634095,-408656.1830506627
1.0204437322284516e-12,0.5360870981644306,-108.61629991160315,0.5360887190339604,-3549.6618908315086,0.02697035773012744,-0.12077869395601028,0.19246870730763177,-8.076782342187753,4.88677261159717,-399997.7357814814
1.043649543541909e-12,0.5360870616787192,-106.19318569829909,0.5360887082631292,-3470.5049577939503,0.02697035059425425,-0.11808267254442374,0.19246868981035245,-7.8966516911144025,4.886772589210646,-391094.09519718186
1.0673830759454216e-12,0.536087024614167,-103.69621001007022,0.5360886973214201,-3388.87732428657,0.026970343345170754,-0.11530237330884398,0.19246867203548101,-7.710889519426769,4.886772566468948,-381879.92688097706
1.0916563302927979e-12,0.5360869869615904,-101.12067581672217,0.536088686206122,-3304.7376427161776,0.02697033598108082,-0.11243666957468997,0.19246865397861337,-7.519419722899776,4.8867725433664715,-372413.7958228622
1.1164815803480791e-12,0.5360869487116603,-98.47023738713665,0.5360886749144815,-3218.0966026134356,0.026970328500159884,-0.10948565681813806,0.19246863563527578,-7.322249238369312,4.886772519897463,-362635.6502826216
1.141871378991777e-12,0.5360869098548999,-95.74083917327579,0.5360886634437007,-3128.9270815021023,0.026970320900554404,-0.1064486759582117,0.19246861700092327,-7.119333213889435,4.886772496056129,-352601.7844246746
1.1678385645682457e-12,0.5360868703816818,-92.93637589178701,0.5360886517909377,-3037.2541576966655,0.02697031318038143,-0.10332632967309131,0.19246859807093908,-6.910712418980877,4.886772471836562,-342257.519284028
1.1943962673773585e-12,0.5360868302822259,-90.05351644695715,0.536088639953305,-2943.0680518753093,0.02697030533772815,-0.100118533767461,0.19246857884063295,-6.696380421045273,4.886772447232744,-331657.4705290505
1.2215579163138738e-12,0.5360867895465973,-87.0965115685423,0.5360886279278699,-2846.4116137056585,0.0269702973706514,-0.09682651236907205,0.19246855930524032,-6.476419451326419,4.886772422238593,-320752.4799476651
1.2493372456577176e-12,0.5360867481647029,-84.06284981917031,0.536088615711653,-2747.295900082623,0.02697028927717717,-0.09345087616584934,0.19246853945992104,-6.250869512822292,4.886772396847924,-309596.1040129645
1.2777483020187526e-12,0.5360867061262898,-80.95726388978397,0.5360886033016274,-2645.7852779155705,0.026970281055300173,-0.08999359739606246,0.19246851929975803,-6.019862758420219,4.886772371054425,-298144.90897063166
1.3068054514394122e-12,0.5360866634209427,-77.7781687624861,0.5360885906947186,-2541.915487648048,0.026970272702983248,-0.08645611366400384,0.19246849881975656,-5.7834944446361325,4.8867723448517175,-286452.0370171626
1.3365233866588979e-12,0.5360866200380806,-74.53091445215125,0.5360885778878028,-2435.7764896208373,0.026970264218156965,-0.08284128326441377,0.19246847801484213,-5.541955862513918,4.886772318233307,-274480.0336120232
1.3669171345425742e-12,0.5360865759669542,-71.21495916591978,0.5360885648777073,-2327.432861625491,0.026970255598719066,-0.07915151311640482,0.19246845687986017,-5.295407032847563,4.886772291192599,-262282.29276063456
1.3980020636802644e-12,0.5360865311966451,-67.83641310753194,0.5360885516612081,-2217.004499801782,0.02697024684253386,-0.0753906946537287,0.19246843540957434,-5.044108210256955,4.886772263722895,-249827.63681359295
1.4297938921574127e-12,0.5360864857160604,-64.39590196317789,0.5360885382350311,-2104.5891960712092,0.02697023794743187,-0.07156235404210246,0.1924684135986648,-4.788294195411368,4.886772235817387,-237170.39028950094
1.4623086955028956e-12,0.5360864395139318,-60.90044331241386,0.5360885245958495,-1990.341285881869,0.026970228911209135,-0.067671568450832,0.19246839144172778,-4.528304401876761,4.886772207469162,-224285.98036831027
1.4955629148176215e-12,0.536086392578812,-57.3519580149781,0.5360885107402844,-1874.396245249965,0.026970219731626742,-0.06372313632841839,0.19246836893327343,-4.264458633351159,4.88677217867119,-211230.33958759208
1.529573365087987e-12,0.5360863448990721,-53.75851776838449,0.5360884966649024,-1756.9473565497995,0.02697021040641029,-0.05972347336306458,0.19246834606772503,-3.9971856712905742,4.886772149416356,-197985.83966576617
1.5643572436883307e-12,0.536086296462899,-50.12346395246257,0.5360884823662165,-1638.172155064897,0.026970200933249252,-0.055678800023943084,0.1924683228394173,-3.726900326536207,4.886772119697384,-184610.67704438724
1.5999321390768246e-12,0.5360862472582916,-46.45606193280583,0.536088467840684,-1518.3071601718627,0.026970191309796446,-0.05159701589235571,0.19246829924259512,-3.454130464561055,4.886772089506938,-171094.4937618376
1.6363160396890347e-12,0.5360861972730591,-42.76118864472393,0.536088453084706,-1397.57598779873,0.02697018153366746,-0.04748590109330439,0.19246827527141205,-3.179395099115002,4.886772058837519,-157498.35593977626
1.6735273430337845e-12,0.5360861464948167,-39.049426351914335,0.5360884380946261,-1276.262167483687,0.026970171602440064,-0.04335496688409415,0.1924682509199288,-2.9033297226863675,4.886772027681535,-143819.4533720772
1.7115848649958665e-12,0.5360860949109835,-35.32728173513908,0.5360884228667309,-1154.6387199893295,0.026970161513653595,-0.03921366682184401,0.19246822618211196,-2.626565157904621,4.886771996031265,-130122.23949414665
1.7505078493502504e-12,0.5360860425087787,-31.606748962309226,0.536088407397247,-1033.0390512885278,0.026970151264808298,-0.03507322074792453,0.19246820105183246,-2.3498510057250743,4.886771963878866,-116411.63636267884
1.7903159774927373e-12,0.5360859892752192,-27.89602431044398,0.5360883916823419,-911.7877742400012,0.026970140853364848,-0.03094483062689191,0.19246817552286383,-2.073934913438179,4.886771931216375,-102755.86527799907
1.8310293783918046e-12,0.5360859351971154,-24.20856562717288,0.5360883757181222,-791.269639128929,0.02697013027674356,-0.026841474120964173,0.19246814958888084,-1.799683891847566,4.886771898035699,-89167.61616118668
1.8726686387668634e-12,0.5360858802610688,-20.554267589366567,0.5360883595006323,-671.861356017021,0.02697011953232384,-0.022776119184201325,0.19246812324345808,-1.5279635975225458,4.886771864328614,-75719.06078089598
1.915254813497881e-12,0.5360858244534681,-16.94804194801595,0.5360883430258537,-553.9984896035351,0.026970108617443513,-0.018763482468020745,0.19246809648006802,-1.2597572082447726,4.886771830086773,-62430.47551793765
1.9588094362717954e-12,0.5360857677604862,-13.401419510156876,0.5360883262897055,-438.10801647869425,0.026970097529398194,-0.014818235822407905,0.1924680692920796,-0.9960442562369902,4.88677179530169,-49377.8941475324
2.0033545304710377e-12,0.5360857101680767,-9.930673035526327,0.5360883092880404,-324.6730823448208,0.02697008626544056,-0.010956723921203431,0.1924680416727567,-0.7379166923669376,4.886771759964739,-36588.70105499204
2.0489126203096015e-12,0.53608565166197,-6.548812995777502,0.5360882920166462,-214.166009180668,0.026970074822779688,-0.007195155028152534,0.1924680136152561,-0.48645675525953824,4.886771724067178,-24142.347952083328
2.0955067422224613e-12,0.5360855922276707,-3.2732727553056202,0.5360882744712436,-107.11078898399337,0.026970063198580436,-0.003551271555101915,0.1924679851126262,-0.24284980905847522,4.886771687600116,-12072.461336567696
2.143160456513888e-12,0.5360855318504527,-0.1182662812025437,0.5360882566474856,-4.016244573940486,0.0269700513899626,-4.2516919541729074e-5,0.19246795615780501,-0.008260697865145899,4.8867716505544925,-461.0177873461205
2.1918978592707333e-12,0.5360854705153572,2.897946557955436,0.5360882385409561,94.56387833566143,0.02697003939400032,0.003312347517167598,0.19246792674361868,0.21605707675937716,4.886771612921163,10653.464389591401
2.2417435945466302e-12,0.5360854082071868,5.760370692109073,0.536088220147169,188.09788985073226,0.02697002720772133,0.00649510770385585,0.1924678968627792,0.4288870671185727,4.886771574690776,21187.92294749735
2.292722866823199e-12,0.5360853449105044,8.450413720238448,0.5360882014615669,276.0185969803229,0.026970014828106185,0.009486539808417606,0.19246786650788325,0.6289447743162865,4.886771535853872,31100.879371307805
2.3448614537547483e-12,0.5360852806096269,10.952893287958702,0.5360881824795205,357.7906888018503,0.0269700022520875,0.0122683149639144,0.19246783567140985,0.8150059234719789,4.886771496400823,40310.26341193938
2.3981857192026835e-12,0.5360852152886232,13.249561582664859,0.536088163196326,432.85580672080397,0.026969989476549307,0.014821506942894518,0.19246780434571892,0.9858057550102041,4.886771456321852,48774.23543451844
2.4527226265664082e-12,0.5360851489313085,15.325834606793633,0.5360881436072066,500.70054294845164,0.02696997649832612,0.017128541862082555,0.19246777252304909,1.1401702326191412,4.886771415607048,56414.507967822145
2.5084997524173856e-12,0.5360850815212425,17.164685600255762,0.5360881237073084,560.8041600608294,0.02696996331420227,0.01917177281886778,0.19246774019551557,1.276919875508345,4.886771374246302,63192.2069127993
2.565545300443164e-12,0.5360850130417227,18.753117038350652,0.5360881034917008,612.7073032435461,0.026969949920911028,0.02093547648077983,0.19246770735510896,1.3950040316383232,4.886771332229365,69036.3702798416
2.6238881157086338e-12,0.5360849434757825,20.07640242809305,0.5360880829553756,655.9622599867689,0.026969936315133912,0.022404492420737058,0.1924676739936924,1.4934090953972032,4.88677128954585,73915.15668171241
2.6835576992414627e-12,0.5360848728061861,21.124315714638882,0.5360880620932442,690.202320693455,0.0269699224934997,0.023566262926379353,0.19246764010300008,1.5712956076558369,4.886771246185159,77769.20324984689
2.7445842229493094e-12,0.5360848010154241,21.88569595549026,0.5360880409001381,715.0942739292509,0.026969908452583746,0.024409528000949525,0.19246760567463522,1.6279102515266068,4.886771202136557,80578.44796475819
2.8069985448762676e-12,0.5360847280857087,22.354440564087547,0.5360880193708059,730.408112992421,0.026969894188907013,0.02492639676618774,0.19246757070006748,1.662725007999286,4.886771157389131,82300.02124989378
2.8708322248061617e-12,0.5360846539989711,22.524360035763724,0.5360879974999139,735.9711909056463,0.02696987969893531,0.025111079751809363,0.19246753517063142,1.6753517000752287,4.886771111931793,82930.89952937131
2.9361175402208184e-12,0.5360845787368549,22.394930880236785,0.536087975282043,731.7376556288131,0.02696986497907837,0.024961969618505726,0.19246749907752414,1.6656817198065184,4.886771065753282,82449.98751559328
3.0028875026210895e-12,0.5360845022807126,21.966397789342704,0.5360879527116886,717.7433394605447,0.026969850025688916,0.024480380341671954,0.1924674624118028,1.6338010915808625,4.886771018842154,80876.76356927221
3.071175874219185e-12,0.5360844246116016,21.245269313430015,0.5360879297832587,694.17391627618,0.026969834835061837,0.023672601794450816,0.1924674251643831,1.580128405858542,4.886770971186788,78217.18269658105
3.141017185010456e-12,0.5360843457102775,20.239612967033693,0.5360879064910721,661.3191832927221,0.026969819403433237,0.022548601199499828,0.19246738732603633,1.5053274179596132,4.886770922775368,74518.4110038523
3.212446750233509e-12,0.5360842655571917,18.964262316190798,0.536087882829358,619.6384907843064,0.026969803726979484,0.021124001035819035,0.19246734888738737,1.4104398206858957,4.886770873595925,69818.14530971306
3.285500688227376e-12,0.536084184132485,17.436237526261735,0.5360878587922542,569.7126231442999,0.0269697878018163,0.019418682681343117,0.19246730983891253,1.296791364790159,4.886770823636239,64195.46785922974
3.3602159386946674e-12,0.5360841014159832,15.679617990296185,0.5360878343738049,512.3046020508865,0.02696977162399775,0.01745862191311045,0.19246727017093682,1.1661150837703433,4.886770772883958,57723.142626085886
3.4366302813802115e-12,0.5360840173871918,13.72100867866988,0.5360878095679601,448.3069522524647,0.02696975518951531,0.015274320208106519,0.192467229873632,1.0204459581097485,4.886770721326508,50514.55960657075
3.51478235517429e-12,0.5360839320252918,11.594020293415543,0.536087784368574,378.79560607367176,0.026969738494296836,0.012902419443492883,0.19246718893701364,0.862229360918473,4.886770668951097,42678.53973255952
3.594711677650417e-12,0.5360838453091329,9.334693674155622,0.5360877587694025,304.97005128763175,0.026969721534205574,0.010383876482839194,0.19246714735093914,0.694198629318335,4.8867706157447595,34362.29215795402
3.6764586650474266e-12,0.5360837572172301,6.985523563800021,0.5360877327641039,228.19789459818483,0.026969704305039192,0.007765272945717195,0.19246710510510465,0.5194631156166986,4.886770561694301,25708.253538225617
3.760064652705845e-12,0.5360836677277575,4.590753833362041,0.5360877063462347,149.94538378899477,0.026969686802528564,0.005096648475290977,0.19246706218904336,0.34136301298782584,4.886770506786355,16892.96853328561
3.845571915969193e-12,0.5360835768185421,2.1998865463295187,0.5360876795092495,71.81039194493273,0.026969669022336957,0.0024324285075126217,0.19246701859212195,0.16353186585795176,4.886770451007295,8085.524415109953
3.933023691560415e-12,0.5360834844670603,-0.137224259715615,0.5360876522464988,-4.558725138877923,0.026969650960058714,-0.0001711524432741338,0.1924669743035385,-0.01027593857951909,4.886770394343301,-517.6939775031813
4.0224641994445484e-12,0.5360833906504304,-2.3674131393932987,0.5360876245512285,-77.4431781125883,0.026969632611218337,-0.0026555553123232293,0.19246692931231996,-0.1761515600637576,4.886770336780355,-8733.313539475283
4.1139386651885835e-12,0.5360832953454074,-4.439347233315841,0.536087596416576,-145.1474355738265,0.026969613971269308,-0.004962952453252561,0.1924668836073188,-0.33023351101686393,4.886770278304174,-16360.273203563895
4.207493342829657e-12,0.5360831985283786,-6.301103891246697,0.5360875678355711,-205.9921897472948,0.026969595035592958,-0.007036161123698005,0.192466837177211,-0.4687027267011524,4.886770218900268,-23219.028626680436
4.30317553826351e-12,0.5360831001753553,-7.905526200167589,0.5360875388011324,-258.4194544075593,0.026969575799497332,-0.008822058960646466,0.19246679001049266,-0.5880110218143462,4.886770158553936,-29124.619476575408
4.401033633164578e-12,0.5360830002619698,-9.20824906718396,0.5360875093060659,-300.99582833580484,0.026969556258216062,-0.010271857701072144,0.19246674209547743,-0.6848989238134989,4.886770097250233,-33924.62898735014
4.501117109450297e-12,0.5360828987634663,-10.173148475814378,0.536087479343064,-332.5248818731692,0.026969536406907097,-0.01134477698773204,0.19246669342029352,-0.7566413660101944,4.88677003497394,-37475.40442182242
4.603476574301509e-12,0.5360827956546971,-10.770623528115996,0.5360874489047032,-352.05468755353957,0.026969516240651574,-0.012008453257209775,0.1924666439728808,-0.8010745989327465,4.88676997170964,-39678.23707166721
4.708163785752016e-12,0.5360826909101154,-10.982905758719282,0.5360874179834415,-358.98960727869616,0.026969495754452608,-0.012242602208380584,0.19246659374098785,-0.8168411268192742,4.886769907441663,-40457.70637199905
4.815231678860064e-12,0.536082584503769,-10.802282779791012,0.5360873865716183,-353.09206182703224,0.026969474943233995,-0.01203922146871486,0.19246654271216895,-0.8034029114011602,4.886769842154076,-39795.08658353929
4.924734392474826e-12,0.5360824764092937,-10.235910140033477,0.5360873546614502,-334.581798573929,0.02696945380183899,-0.011405834667288296,0.19246649087378065,-0.7612583849670612,4.886769775830717,-37707.33924830036
5.036727296611827e-12,0.5360823665999077,-9.303546211194575,0.5360873222450315,-304.11806620244937,0.026969432325029033,-0.010365016752316674,0.1924664382129792,-0.6919104984799069,4.886769708455148,-34276.3156698491
5.1512670204506585e-12,0.5360822550484037,-8.041409432589946,0.5360872893143307,-262.8712007033378,0.02696941050748246,-0.008956702210048247,0.19246638471671687,-0.5980212678077095,4.886769640010681,-29626.565090196127
5.268411480969558e-12,0.5360821417271431,-6.498924948285652,0.5360872558611885,-212.46909862759506,0.026969388343793123,-0.007236484477114239,0.19246633037173905,-0.483298043393535,4.8867695704803396,-23948.63816009962
5.388219912231167e-12,0.5360820266080483,-4.74114426793079,0.5360872218773165,-155.0251289030746,0.026969365828469104,-0.005276442666412095,0.19246627516458079,-0.35254916047522,4.886769499846922,-17473.792207909002
5.510752895334086e-12,0.5360819096625968,-2.844039030871088,0.5360871873542945,-93.03392453098111,0.026969342955931366,-0.0031617050737577698,0.19246621908156347,-0.2114543698883201,4.88676942809291,-10489.820530825698
5.6360723890458495e-12,0.5360817908618135,-0.8951104118823603,0.5360871522835692,-29.343244423448944,0.02696931972051232,-0.0009893722818288709,0.1924661621087917,-0.06649339762832931,4.886769355200527,-3311.1507566110727
5.764241761132211e-12,0.5360816701762634,1.0130322351501477,0.5360871166564514,33.0092953854993,0.026969296116454437,0.0011369400518030795,0.19246610423214924,0.07541850047133208,4.886769281151717,3713.6382041340107
5.8953258203991036e-12,0.5360815475760449,2.7839394777587754,0.5360870804641139,90.88279327896319,0.026969272137908874,0.0031101629284651304,0.19246604543729615,0.20713451947396688,4.886769205928136,10236.696051705769
6.02939084946325e-12,0.536081423030781,4.325303768534287,0.5360870436975896,141.2501626298352,0.026969247778933926,0.00482707266205473,0.19246598570966497,0.32176369458653,4.886769129511133,15911.007678821348
6.16650463826781e-12,0.536081296509614,5.551646652718614,0.5360870063477688,181.3283315892712,0.026969223033493632,0.006192832454198584,0.19246592503445714,0.41297374990730634,4.886769051881802,20428.679511773804
6.306736518360504e-12,0.5360811679811956,6.393083649939321,0.536086968405398,208.82359294953193,0.026969197895456248,0.007129259172933767,0.19246586339663901,0.4755431765574729,4.8867689730208825,23525.69325677998
6.450157397950929e-12,0.5360810374136812,6.798279641826726,0.5360869298610763,222.06798586211858,0.026969172358592704,0.007579567786423727,0.19246580078093878,0.5056777452944957,4.886768892908849,25019.469668125028
6.596839797765444e-12,0.5360809047747203,6.742500329189465,0.5360868907052537,220.2438378173352,0.026969146416575152,0.0075159326799701925,0.19246573717184226,0.5015155945958687,4.886768811525846,24812.653466157088
6.746857887717098e-12,0.5360807700314487,6.2290043583271455,0.5360868509282289,203.4666338380083,0.02696912006297525,0.00694239956995696,0.19246567255358904,0.46332156791836077,4.886768728851705,22923.312950034095
6.900287524409695e-12,0.536080633150482,5.294323932164448,0.5360868105201465,172.92136737781928,0.026969093291262732,0.005899443308284532,0.1924656069101688,0.39379192805733587,4.88676864486596,19480.080311807164
7.0572062894947326e-12,0.536080494097905,4.00592014362579,0.5360867694709949,130.8210139487085,0.026969066094803613,0.004462630907626783,0.19246554022531692,0.2979652172191059,4.886768559547799,14737.079548001468
7.2176935289003716e-12,0.5360803528392653,2.462620400322071,0.5360867277706036,80.38682871134444,0.026969038466858716,0.0027418621253999234,0.1924654724825111,0.1831721298446295,4.886768472876063,9052.69740354532
7.381830392952888e-12,0.5360802093395632,0.7867856243855698,0.5360866854086407,25.62532901493139,0.026969010400581906,0.0008738380916216618,0.19246540366496676,0.058532977927336215,4.886768384829299,2882.8808690504197
7.549699877410124e-12,0.5360800635632441,-0.8812149455592004,0.5360866423746106,-28.88417618724821,0.026968981889018324,-0.0009852661095992481,0.19246533375563274,-0.06553084906690938,4.886768295385693,-3260.671432545544
7.721386865428354e-12,0.5360799154741895,-2.3965317435336884,0.5360865986578508,-78.40073395095342,0.02696895292510292,-0.0026737514529114608,0.19246526273718786,-0.1782278910932012,4.886768204523068,-8839.519642177322
7.8969781704835e-12,0.5360797650357074,-3.6203044787053593,0.5360865542475298,-118.39383801654148,0.02696892350165834,-0.004037158254183294,0.1924651905920358,-0.269248131121884,4.8867681122189195,-13347.203989759702
8.07656258026816e-12,0.5360796122105238,-4.436439991783694,0.5360865091326446,-145.06267769365107,0.026968893611393454,-0.0049459033709677615,0.1924651173023011,-0.32994029807744757,4.886768018450381,-16351.478492730299
8.260230901587295e-12,0.5360794569607734,-4.763024548068348,0.5360864633020174,-155.737196756117,0.02696886324690139,-0.005309022349982735,0.19246504284982474,-0.35422899938017127,4.886767923194214,-17555.28662482393
8.448076006274467e-12,0.5360792992479901,-4.566892646131185,0.5360864167442927,-149.32694168162683,0.026968832400657724,-0.005089404967267528,0.19246496721615966,-0.3396320283950107,4.886767826426818,-16832.041111751758
8.640192878152543e-12,0.5360791390330977,-3.8693571338548396,0.5360863694479352,-126.53470850432883,0.026968801065018658,-0.004311136984285076,0.192464890382566,-0.2877506540860968,4.8867677281242266,-14264.531229643397
8.836678661062323e-12,0.5360789762763999,-2.751394654992439,0.5360863214012268,-90.00043733001979,0.026968769232219053,-0.003064335565618111,0.1924648123300066,-0.20459308447478916,4.886767628262077,-10146.759015194628
9.037632707983085e-12,0.5360788109375706,-1.346826965621335,0.536086272592263,-44.1031586161508,0.02696873689437056,-0.001498443987989311,0.1924647330391423,-0.10012746797300949,4.886767526815629,-4975.560670688124
9.243156631270639e-12,0.5360786429756437,0.16728812611554414,0.5360862230089508,5.37699661392194,0.026968704043459666,0.0001893638331483582,0.1924646524903271,0.012491168730118133,4.886767423759754,600.9936821234922
9.45335435403733e-12,0.5360784723490033,1.592739415329106,0.5360861726390054,51.95718420947168,0.026968670671345642,0.0017779535583705992,0.19246457066360334,0.118506887579393,4.886767319068897,5849.198874834276
9.66833216270099e-12,0.5360782990153736,2.7333401880970714,0.5360861214699466,89.23176561606746,0.026968636769758594,0.0030488889876866933,0.1924644875386967,0.2033414652608891,4.886767212717149,10050.300774224708
9.888198760728408e-12,0.5360781229318075,3.4261991319120617,0.5360860694890969,111.87239578740208,0.026968602330297388,0.003820487239862686,0.19246440309501112,0.2548671888101787,4.886767104678138,12600.881899531412
1.011306532360129e-11,0.5360779440546769,3.567172541897844,0.5360860166835769,116.48087559784132,0.026968567344427555,0.0039769515092179285,0.1924643173116238,0.2653511971017743,4.886766994925104,13120.901147842771
1.0343045555032238e-11,0.5360777623396612,3.1353707380916744,0.5360859630403035,102.36954476082876,0.026968531803479183,0.00349492605974818,0.19246423016727998,0.2332283810409884,4.886766883430851,11530.064578900878
1.0578255744458732e-11,0.5360775777417371,2.201900692382468,0.5360859085459859,71.86678731713924,0.026968495698644762,0.0024539486315348345,0.19246414164038783,0.1637996993193327,4.886766770167759,8093.467097085053
1.081881482584515e-11,0.5360773902151665,0.9284496523469951,0.5360858531871222,30.25158287214852,0.026968459020977015,0.0010341536469735356,0.1924640517090127,0.06908008996301788,4.8867666551077615,3403.345543649812
1.1064844437821433e-11,0.5360771997134859,-0.456202801436813,0.5360857969499966,-14.99546244024661,0.026968421761386675,-0.0005092441411675207,0.192463960350872,-0.03390339606489605,4.886766538222347,-1694.781287963345
1.131646898518973e-11,0.5360770061894944,-1.6910574146271842,0.5360857398206751,-55.34967198635465,0.026968383910640197,-0.0018854870191340092,0.1924638675433297,-0.12574910888370183,4.8867664194825755,-6242.769901180595
1.1573815701829774e-11,0.5360768095952421,-2.5342260133866095,0.5360856817850036,-82.90229096810377,0.02696834545935748,-0.002824854431755378,0.19246377326339056,-0.1884562552650135,4.886766298859005,-9347.008328772963
1.1837014715034373e-11,0.5360766098820192,-2.8124792970757326,0.5360856228286027,-91.99649065599979,0.02696830639800962,-0.00313449969673993,0.19246367748769447,-0.20915107723408646,4.886766176321753,-10372.371717081494
1.2106199111308572e-11,0.5360764070003421,-2.4675608871553427,0.5360855629368654,-80.72452289269525,0.02696826671691641,-0.0027494596379691438,0.19246358019251078,-0.18349171634865094,4.886766051840478,-9101.626863533196
1.2381505003664502e-11,0.5360762008999426,-1.5774671752352287,0.5360855020949522,-51.63892997590051,0.026968226406244047,-0.0017569285287939648,0.1924634813537322,-0.11728926587298297,4.886765925384313,-5824.596075655618
1.2663071600447024e-11,0.5360759915297547,-0.35282282283508837,0.5360854402877885,-11.618817794503281,0.02696818545600263,-0.000391632604990056,0.1924633809468691,-0.026200801853908037,4.8867657969219485,-1314.3450977913365
1.295104127572451e-11,0.5360757788379026,0.9056586231911927,0.5360853775000614,29.505433769822794,0.02696814385604372,0.0010110663287546087,0.19246327894704313,0.06739862540379093,4.886765666421542,3319.319057675606
1.3245559641279946e-11,0.5360755627716868,1.8743633460849283,0.5360853137162136,61.16211609894792,0.026968101596057784,0.0020905992739878444,0.19246317532898136,0.13944823989835317,4.886765533850761,6887.094152405242
1.3546775620239845e-11,0.5360753432775724,2.2946516710182276,0.5360852489204421,74.89590246543237,0.0269680586655717,0.002558628813000009,0.1924630700670098,0.17070354044325495,4.886765399176765,8434.246850439265
1.3854841522376818e-11,0.5360751203011747,2.049315949879463,0.536085183096693,66.87981442890383,0.02696801505394607,0.0022847463693226053,0.19246296313504715,0.15245560139827505,4.886765262366177,7531.395842029254
1.4169913121125341e-11,0.5360748937872459,1.2123729168800657,0.5360851162286567,39.52936764587988,0.026967970750372643,0.0013514662145651622,0.1924628545065982,0.09020261410901485,4.886765123385116,4448.924735337331
1.4492149732348215e-11,0.5360746636796626,0.040922330413789065,0.5360850482997664,1.2491382177900405,0.02696792574387166,4.557507218725922e-5,0.19246274415474757,0.003074808005329885,4.8867649821991375,135.67399732473578
1.4821714294894717e-11,0.5360744299214096,-1.0887741470199914,0.5360849792931915,-35.668237499722636,0.026967880023289,-0.001213594773422088,0.19246263205215255,-0.08094964993138008,4.88676483877327,-4024.8409894768492
1.5158773452990753e-11,0.5360741924545681,-1.7997552598392568,0.5360849091918346,-58.90141397446812,0.026967833577293588,-0.002005793024628701,0.19246251817103693,-0.1338268591372938,4.8867646930719575,-6642.516803827659
1.5503497640502092e-11,0.5360739512203001,-1.8442337886847804,0.5360848379783271,-60.35580878682398,0.026967786394374433,-0.0020550246254844974,0.19246240248318341,-0.13713451555113002,4.886764545059119,-6806.798855773858
1.585606116711463e-11,0.5360737061588339,-1.2085326594009127,0.5360847656350245,-39.58171951122307,0.026967738462837842,-0.0013460805572355202,0.19246228495992734,-0.08984962723426086,4.886764394698078,-4465.4605182241685
1.6216642306473642e-11,0.5360734572094498,-0.1364443380465764,0.5360846921440028,-4.548386357762073,0.026967689770804548,-0.00015091955339318735,0.19246216557214907,-0.010111676629121208,4.886764241951586,-518.0309108805985
1.6585423386327977e-11,0.5360732043104642,0.9431112467135558,0.5360846174870537,30.730336193129215,0.026967640306206655,0.001052392935664247,0.19246204429026692,0.07018341147662355,4.886764086781787,3457.7695693597884
1.6962590880724192e-11,0.5360729473992153,1.5817448278047934,0.5360845416456795,51.59939229239525,0.02696759005678477,0.001763995877734782,0.19246192108423,0.11768015173046027,4.886763929150239,5809.0982654141
1.7348335504296705e-11,0.536072686412047,1.5029665458678978,0.5360844646010896,49.025821801792965,0.026967539010084862,0.0016758896156130255,0.19246179592351034,0.11182043513025222,4.886763769017886,5519.425588824632
1.7742852308703058e-11,0.536072421284293,0.7457848175410469,0.5360843863341949,24.2819986499304,0.02696748715345523,0.0008316135501184258,0.19246166877709603,0.05550087605198902,4.886763606345055,2730.8047404801605
1.814634078125132e-11,0.5360721519502611,-0.32920798344393815,0.5360843068256037,-10.846400838700498,0.026967434474043296,-0.00036670099810673287,0.19246153961348259,-0.024452828295073198,4.886763441091444,-1227.3913209274608
1.8559004945770946e-11,0.5360718783432169,-1.1884663931808543,0.5360842260556163,-38.92613358645163,0.026967380958792517,-0.0013243792371601419,0.19246140840066606,-0.0883622659427939,4.886763273216104,-4391.910456424278
1.8981053465777596e-11,0.536071600395367,-1.3899543898021869,0.5360841440042209,-45.51010053562985,0.026967326594439046,-0.0015486963096337063,0.19246127510613456,-0.10334562012510227,4.886763102677447,-5133.548336350239
1.9412699749983295e-11,0.5360713180378427,-0.827320488767832,0.5360840606510879,-27.124801329309047,0.026967271367508483,-0.0009213176085642944,0.1924611396968603,-0.06149843897172905,4.886762929433214,-3062.0536882246042
1.9854162060207042e-11,0.5360710312006822,0.17873191333074936,0.5360839759755653,5.7517136041090255,0.02696721526431253,0.00020021688151796932,0.1924610021392915,0.013330285440949979,4.886762753440487,642.9693482606881
2.0305663621738332e-11,0.5360707398128141,1.0361451947429532,0.5360838899566737,33.77016671859768,0.02696715827094559,0.0011558406554859277,0.19246086239934396,0.07710036270006725,4.886762574655658,3800.0158919695677
2.07674327362112e-11,0.5360704438020387,1.2197334732088443,0.5360838025731002,39.77010613734969,0.026967100373281292,0.0013602748579939596,0.1924607204423928,0.09075486244709077,4.886762393034433,4476.3911265968045
2.1239702897045054e-11,0.5360701430950113,0.6164605190846175,0.5360837138031941,20.055869367101547,0.026967041556969024,0.0006876007796026226,0.19246057623326362,0.045883098131602934,4.886762208531811,2254.610259701587
2.1722712907510085e-11,0.5360698376172236,-0.3677367907435456,0.5360836236249615,-12.105615656898307,0.026966981807430325,-0.0004095016779754711,0.19246042973622401,-0.02731777074362378,4.886762021102079,-1369.323018665586
2.2216707001478638e-11,0.5360695272929846,-1.0453380166284578,0.5360835320160594,-34.24896619097369,0.026966921109855328,-0.0011646996292668265,0.19246028091497452,-0.0777158959957149,4.886761830698799,-3864.8235653798542
2.2721934966921395e-11,0.5360692120454025,-0.9274299452666107,0.5360834389537901,-30.39568627004259,0.026966859449198955,-0.0010330505191594396,0.19246012973263973,-0.06894415530881505,4.886761637274799,-3430.3867902425013
2.323865227221323e-11,0.5360688917963655,-0.10756911471110987,0.5360833444150959,-3.6044570196010506,0.026966796810177385,-0.00011904934554717985,0.1924599761517591,-0.007965573066846268,4.886761440782151,-411.5904076941516
2.3767120195310132e-11,0.5360685664665228,0.7620757834239136,0.5360832483765534,24.81446406360757,0.026966733177264016,0.0008503018945720305,0.19245982013427784,0.05671657767776802,4.886761241172166,2791.0616881282813
2.4307605955864604e-11,0.5360682359752641,0.9668951268806538,0.5360831508143674,31.507389726549754,0.026966668534685805,0.00107842922993445,0.19245966164153724,0.07194861072102535,4.886761038395411,3545.063815449766
2.486038285034543e-11,0.5360679002407004,0.33549127411896684,0.5360830517043655,10.87459848809828,0.02696660286641926,0.0003744751358490662,0.1924595006342651,0.024986671528509558,4.886760832401622,1220.2231944122618
2.5425730390229362e-11,0.5360675591796427,-0.5608777812125654,0.5360829510219918,-18.41755910422676,0.026966536156186494,-0.000624708420315505,0.1924593370725661,-0.041683312034836245,4.886760623139768,-2080.810983617127
2.6003934443336723e-11,0.5360672127075832,-0.8867700474481569,0.5360828487422997,-29.06695885280966,0.026966468387451117,-0.0009878259238153997,0.1924591709159122,-0.06592063799898143,4.886760410558005,-3280.6742573555625
2.659528737837978e-11,0.5360668607386724,-0.3303134434389704,0.5360827448399487,-10.883281352804145,0.02696639954341418,-0.0003674207715107612,0.19245900212313177,-0.02453301163924775,4.886760194603657,-1231.7986065752318
2.7200088212799117e-11,0.5360665031856986,0.5378445433390551,0.5360826392891949,17.486951123053185,0.026966329607010016,0.0006003201100986674,0.1924588306524003,0.040038671080179104,4.886759975223216,1965.3291134649292
2.7818642763962066e-11,0.5360661399600671,0.8029481567198139,0.5360825320638866,26.14990271880222,0.026966258560901984,0.0008956901955053294,0.1924586564612294,0.05975486533056276,4.886759752362349,2941.36319641683
2.8451263803798438e-11,0.5360657709717764,0.1799184217046264,0.5360824231374562,5.790682433411367,0.02696618638747813,0.00020109851499143457,0.19245847950645653,0.013415791878222746,4.886759525965815,647.3157368546115
2.90982712169544e-11,0.5360653961293977,-0.6112864954858183,0.5360823124829166,-20.064841719512074,0.02696611306884682,-0.0006808370921708678,0.19245829974423445,-0.04543214078792345,4.886759295977531,-2266.422368883081
2.975999216254131e-11,0.5360650153400514,-0.6319058681884594,0.5360822000728503,-20.738485839357843,0.02696603858683235,-0.0007036852385922985,0.1924581171300199,-0.046964413651581646,4.886759062340514,-2342.18282664587
3.043676123956395e-11,0.5360646285093837,0.13559849727574733,0.5360820858794063,4.341978340489561,0.026965962922970366,0.00015190980054351883,0.1924579316185629,0.010120069854657385,4.886758824996867,483.9028881658248
3.1128920656110734e-11,0.5360642355415444,0.6962960831812333,0.5360819698742909,22.664914336992243,0.026965886058503263,0.0007768558784966423,0.1924577431638956,0.051823251015426064,4.886758583887801,2548.8047734536262
3.183682040239038e-11,0.5360638363391615,0.30617746158870873,0.5360818520287624,9.916345576090695,0.026965807974375595,0.0003418733143165796,0.1924575517193206,0.022806217774927515,4.88675833895358,1112.0726996606984
3.2560818427705215e-11,0.5360634308033191,-0.48235169406445655,0.536081732313622,-15.85124534022547,0.02696572865122925,-0.0005370900951529257,0.19245735723739946,-0.035841695244531,4.886758090133501,-1791.459651723638
3.330128082144726e-11,0.5360630188335308,-0.5268171950893341,0.5360816106992086,-17.304584044759117,0.026965648069398756,-0.0005865608569379487,0.1924571596699411,-0.03914883914535716,4.886757837365921,-1955.3685667175844
3.4058581998212145e-11,0.5360626003277162,0.22712012507102286,0.5360814871553903,7.332986717920961,0.02696556620890624,0.0002539088293800667,0.1924569589679897,0.016927547224861006,4.886757580588223,821.0869949206368
3.483310488712091e-11,0.5360621751821752,0.5967812306932285,0.5360813616515562,19.412747947325833,0.02696548304945659,0.0006658885927176535,0.19245675508181254,0.04442094549434275,4.886757319736778,2182.1974758033143
3.5625241125448354e-11,0.536061743291562,-0.00894061650512182,0.5360812341566111,-0.38098366338092204,0.026965398570432314,-9.375319686729528e-6,0.19245654796088776,-0.0006307951364954757,4.8867570547469565,-48.171987774346455
3.64353912566547e-11,0.5360613045488591,-0.5581296159888272,0.536081104638966,-18.3277701467758,0.026965312750888492,-0.0006215172447588336,0.192456337553892,-0.04147802952795338,4.886756785553106,-2070.6576815178896
3.726396493291939e-11,0.5360608588453514,-0.09973865891710892,0.5360809730665305,-3.3482071303259096,0.026965225569547502,-0.00011046360906740494,0.19245612380868704,-0.0073834002709035436,4.886756512088534,-382.55049127909143
3.811138112228261e-11,0.5360604060705981,0.5230892232839396,0.5360808394067054,17.004611985438856,0.026965137004793777,0.000583769526426073,0.19245590667230775,0.03894012418481417,4.886756234285479,1910.8379753822412
3.897806832049546e-11,0.5360599461124068,0.1437430102434047,0.5360807036263734,4.608433582157116,0.0269650470346684,0.00016084232724279185,0.19245568609094826,0.0107254536712278,4.886755952075113,514.0622667681158
3.98644647676891e-11,0.5360594788568039,-0.48173393954769456,0.5360805656918932,-15.83127239573818,0.026964955636863602,-0.0005363628063934227,0.19245546200994906,-0.035795939650337866,4.886755665387518,-1789.3277237134535
4.077101866997115e-11,0.536059004188008,-0.09773228074327013,0.5360804255690891,-3.282645143079909,0.026964862788717334,-0.00010824109401274833,0.19245523437378292,-0.007234279067901998,4.886755374151662,-375.1692785441348
4.169818842605999e-11,0.5360585219884001,0.4779500256513249,0.5360802832232424,15.52955706586728,0.0269647684672075,0.0005334436884272064,0.1924550031260419,0.03558277820561683,4.8867550782953835,1744.6256861180602
4.2646442859075124e-11,0.536058032138495,0.005755874235507748,0.5360801386190851,0.09923169455673718,0.026964672648946288,7.033894345201723e-6,0.1924547682094227,0.0004623909538931677,4.886754777745386,5.928636627692222
4.361626145359639e-11,0.5360575345169111,-0.43894228097389537,0.5360799917207887,-14.432917243238466,0.0269645753101743,-0.0004886427163273307,0.19245452956571257,-0.03261308723294749,4.886754472427199,-1631.7470781597278
4.460813459811566e-11,0.5360570290003412,0.15861212628900873,0.5360798424919558,5.094251042237167,0.02696447642675477,0.00017750107988040206,0.19245428713577514,0.011831804108249638,4.886754162265179,568.7905141855625
4.562256383300211e-11,0.5360565154635216,0.35742865923766326,0.5360796908956131,11.591153090546124,0.02696437597416737,0.00039907123866608963,0.19245404085953557,0.026618629633154155,4.886753847182476,1300.8281160631293
4.6660062104104836e-11,0.5360559937792003,-0.3162475166838778,0.5360795368941991,-10.423315445175387,0.02696427392750226,-0.00035189221175603726,0.19245379067596566,-0.023487224508764806,4.8867535271010265,-1179.8304894683845
4.7721154022125115e-11,0.5360554638181061,-0.13775965600338227,0.5360793804495575,-4.590790440630187,0.02696417026145377,-0.0001528843238930451,0.19245353652306868,-0.010211833982781013,4.886753201941526,-522.6672733016585
4.8806376127884274e-11,0.5360549254489169,0.39778400046973433,0.5360792215229259,12.909997726339276,0.026964064950314247,0.00044407953714182787,0.1924532783378641,0.02962053457230826,4.886752871623411,1449.5207019216275
4.991627716362677e-11,0.536054378538226,-0.1487094477113237,0.5360790600749273,-4.948564514714042,0.026963957967967363,-0.00016513971924206504,0.19245301605637194,-0.011026501678912282,4.886752536064841,-562.9729627770815
5.10514183504904e-11,0.5360538229505105,-0.23661957031062714,0.5360788960655598,-7.821249930714824,0.026963849287882043,-0.00026309175753420417,0.19245274961359676,-0.017564544199619864,4.886752195182676,-886.62317569008
5.2212373672288044e-11,0.5360532585480966,0.36419159854333477,0.5360787294541869,11.812147905435584,0.026963738883105513,0.0004066334699379699,0.19245247894351175,0.027121791679427163,4.886751848892458,1325.7351725780502
5.339973016574297e-11,0.5360526851911255,-0.11985484858270196,0.5360785601995275,-4.005548171072314,0.026963626726256653,-0.00013296656953627514,0.1924522039790423,-0.008880104646351118,4.886751497108388,-456.6379634493908
5.461408821732258e-11,0.5360521027375192,-0.19453009534033425,0.5360783882596454,-6.445931912843063,0.02696351278951928,-0.00021617988933040567,0.1924519246520493,-0.01443430246107606,4.886751139743307,-731.710300098989
5.5856061866825055e-11,0.5360515110429455,0.34205002040366933,0.5360782135919386,11.088694880571492,0.0269633970446351,0.0003819504662616915,0.19245164089331196,0.025475167365813935,4.886750776708675,1244.2771740537048
5.712627911786713e-11,0.5360509099607812,-0.21261645008613092,0.5360780361531305,-7.036932644495542,0.026963279462896794,-0.00023636697696581156,0.1924513526325115,-0.015779632383515305,4.886750407914542,-798.2979601991767
5.842538225543447e-11,0.536050299342076,-0.028568301001211993,0.5360778558992566,-1.0224996420063184,0.02696316001514068,-3.117508830372299e-5,0.19245105979821278,-0.002090328187615156,4.886750033269536,-120.50206258135147
5.975402817065352e-11,0.5360496790355174,0.24966681968424376,0.5360776727856554,8.069696953192372,0.026963038671739624,0.0002789574779501558,0.19245076231784689,0.018603726675158982,4.886749652680833,904.0208466993722
6.111288869294692e-11,0.5360490488873897,-0.3096980617401872,0.536077486766957,-10.209327419347524,0.02696291540259557,-0.00034457263587172547,0.19245046011769354,-0.023000040608910064,4.886749266054137,-1155.7317183223204
6.250265092974543e-11,0.5360484087415393,0.24955499617742294,0.5360772977970708,8.06602616286742,0.026962790177132007,0.0002788469402165953,0.19245015312286204,0.0185954742227247,4.8867488732936515,903.6006029171731
6.392401761392224e-11,0.5360477584393336,-0.09035680313823553,0.5360771058291763,-3.041618317908453,0.026962662964286434,-0.00010007454022251419,0.19244984125727346,-0.006686087737284672,4.886748474302073,-348.0207100906165
6.537770745913015e-11,0.536047097819623,-0.056482810118643145,0.5360769108157091,-1.9347687916274408,0.026962533732502514,-6.230135579195002e-5,0.19244952444364127,-0.004166753752928774,4.886748068980542,-223.3577391492589
6.686445552321971e-11,0.5360464267187008,0.18471359566449702,0.5360767127083506,5.947206011676282,0.02696240244972228,0.00020655813491640942,0.1924492026034522,0.013772885956416786,4.886747657228632,664.8975415557263
6.838501357991938e-11,0.5360457449702615,-0.23745106514374686,0.5360765114580153,-7.848490211346776,0.02696226908337808,-0.0002640371961069786,0.1924488756569471,-0.017626673894585238,4.886747238944326,-889.7491835106481
6.994015049897152e-11,0.5360450524053608,0.26141113802340477,0.5360763070148391,8.453536470924911,0.02696213360038449,0.00029205972808234046,0.1924485435231008,0.019477434685215584,4.88674681402399,947.3192850309312
7.15306526349093e-11,0.5360443488523732,-0.23175827699479415,0.5360760993281671,-7.662445808460768,0.026961995967130052,-0.00025769427943290215,0.19244820611960214,-0.017203251221828007,4.886746382362345,-868.7755544578566
7.315732422467858e-11,0.5360436341369494,0.2055916391570911,0.5360758883465401,6.629438639660955,0.026961856149468885,0.00022983747251636793,0.19244786336283354,0.015325720812397437,4.886745943852437,741.7593956766345
7.482098779429836e-11,0.5360429080819732,-0.15457356467846042,0.5360756740176827,-5.140171661908575,0.0269617141127121,-0.00017165439071029708,0.19244751516785022,-0.011462449516670433,4.886745498385624,-584.5416642014666
7.652248457477149e-11,0.5360421705075173,0.12678667026275847,0.5360754562884904,4.054219564806969,0.026961569821619236,0.00014199074087840102,0.19244716144835927,0.009464409068523437,4.886745045851531,451.56069937410786
7.826267492745381e-11,0.5360414212307993,-0.08485982723665951,0.5360752351050159,-2.862040437484749,0.02696142324038941,-9.394163374379193e-5,0.19244680211669796,-0.006277320209743592,4.886744586138038,-327.82213669881065
8.004243877909366e-11,0.5360406600661353,0.07020512254381191,0.5360750104124555,2.2052273790721983,0.026961274332652378,7.891679156947062e-5,0.19244643708381223,0.005256018212815839,4.886744119131243,243.200559407801
8.186267606676879e-11,0.5360398868248948,-0.04147186018541791,0.5360747821551369,-1.4441930505546745,0.026961123061459442,-4.5575056491367035e-5,0.1924460662592345,-0.003050233958462107,4.886743644715439,-168.04717518908302
8.372430719293735e-11,0.5360391013154534,0.038190843165438915,0.5360745502765041,1.1590534797424992,0.02696096938927423,4.322894287547309e-5,0.19244568955106126,0.002874877664737901,4.886743162773082,125.30893314152364
8.562827349083996e-11,0.5360383033431455,-0.01844861305210836,0.5360743147191034,-0.6918312911618234,0.026960813277963333,-1.9909918296247537e-5,0.19244530686593012,-0.0013378233644464061,4.886742673184768,-83.26476473392813
8.757553770048547e-11,0.536037492710216,0.021896716616903168,0.5360740754245702,0.626588279535455,0.026960654688786747,2.5065073668127325e-5,0.19244491810899678,0.0016629618616413261,4.886742175829181,65.30629526280373
8.956708445545807e-11,0.5360366692157709,-0.007014033533524709,0.5360738323336134,-0.31816805987807517,0.02696049358238816,-7.163222544489697e-6,0.19244452318391153,-0.0004873482723522293,4.886741670583115,-41.15724782824271
9.160392078079946e-11,0.536035832655728,0.01389207200529554,0.5360735853860015,0.3650096522262206,0.026960329918785195,1.614189612736789e-5,0.1924441219927952,0.0010675965934647058,4.8867411573213735,35.82939914689043
9.368707660220855e-11,0.5360349828227654,-0.0013976187060324356,0.536073334520547,-0.13463283585330002,0.026960163657359357,-9.023241270636405e-7,0.1924437144362149,-6.961346467393801e-5,4.886740635916795,-20.47492950399147
9.581760526682402e-11,0.5360341195062713,0.009927754450258262,0.536073079675092,0.23546223959757093,0.02695999475684588,1.172267349121403e-5,0.1924433004131594,0.0007727405889749908,4.886740106240187,21.230876838198498
9.799658407585006e-11,0.5360332424922909,0.0014250536959651977,0.5360728207864921,-0.042392504593107394,0.026959823175323378,2.2442493148229603e-6,0.1924428798210139,0.00014032986436883976,4.886739568160323,-10.080481484209226
1.0022511482929103e-10,0.5360323515634733,0.00789645994723804,0.5360725577906014,0.16908283563486837,0.02695964887020341,9.458288637690678e-6,0.1924424525555349,0.000621657948377429,4.886739021543878,13.75065622350178
1.0250432438307896e-10,0.5360314464990176,0.0029043085682961705,0.5360722906222555,0.005947150871591676,0.02695947179821976,3.893248066907568e-6,0.1924420185108239,0.0002503531888432854,4.886738466255425,-4.633133211917163
1.0483536521886532e-10,0.5360305270746187,0.006805619653744864,0.536072019215257,0.13343593227787381,0.026959291915417658,8.242274864359294e-6,0.19244157757930133,0.0005405239237766619,4.886737902157382,9.733636321472389
1.0721941602677575e-10,0.5360295930624107,0.0037190556809128814,0.5360717435023578,0.03257178010433004,0.026959109177142764,4.801487179520174e-6,0.19244112965167984,0.00031095209462838144,4.886737329109983,-1.6328215379132414
1.0965768230141186e-10,0.5360286442309111,0.006189341382627048,0.5360714634152426,0.11329694155137975,0.026958923538029922,7.555278677430039e-6,0.1924406746169371,0.0004946866349202751,4.886736746971248,7.464183414561203
1.1215139695141033e-10,0.5360276803449631,0.004190975215449221,0.5360711788845123,0.047993361637041224,0.026958734951991904,5.32755966776703e-6,0.1924402123622883,0.0003460523396772506,4.886736155596946,0.10503169761032002
1.1470182092286399e-10,0.5360267011656767,0.005823686044499594,0.5360708898396669,0.10134790207115472,0.026958543372207763,7.147664021890945e-6,0.1924397427731581,0.0004674900574227807,4.88673555484055,6.1176475519399265
1.1731024383691606e-10,0.5360257064503706,0.004477474435112829,0.5360705962090875,0.05735570673445239,0.02695834875111116,5.646935191563424e-6,0.19243926573315223,0.0003673614802234244,4.88673494455322,1.1600751658356843
1.1997798464186e-10,0.5360246959525111,0.0055968369523358005,0.5360702979200195,0.09393482740072596,0.02695815104037838,6.894783355958244e-6,0.19243878112402837,0.000450617547159301,4.8867343245837445,5.28226597024869
1.227063922800624e-10,0.5360236694216509,0.004658868065915736,0.5360699948985531,0.06328336958211284,0.0269579501909163,5.849144479083397e-6,0.19243828882566713,0.0003808531241028055,4.886733694778519,1.8280665441530188
1.2549684637005652e-10,0.5360226266033673,0.0054504532646750155,0.5360696870696063,0.08915123375020159,0.026957746152849967,6.731601327595686e-6,0.19243778871604203,0.00043972985800975144,4.886733054981496,4.743199258550811
1.2835075790414733e-10,0.5360215672391985,0.004778012772940689,0.5360693743569057,0.06717683645657295,0.02695753887551021,5.9819619069238175e-6,0.19243728067118915,0.0003897148433785037,4.88673240503416,2.2668251191646576
1.3126956996187636e-10,0.53602049106658,0.005352704952898259,0.5360690566829679,0.08595696733392634,0.02695732830742081,6.622635493447549e-6,0.19243676456517625,0.00043245955160960896,4.8867317447754735,4.383233495079238
1.3425475843971789e-10,0.5360193978187796,0.004858802181856338,0.5360687339690795,0.06981691259034892,0.026957114396285627,6.072022831451827e-6,0.19243624027007156,0.0003957237868918629,4.886731074041849,2.5643391578769323
1.3730783279736251e-10,0.5360182872248299,0.005285471366981186,0.5360684061352793,0.08375987429251464,0.02695689708897549,6.547685908142327e-6,0.1924357076559128,0.00042745885827746995,4.886730392667103,4.135639308551189
1.4043033682097633e-10,0.5360171590094627,0.004915113852967271,0.5360680731003359,0.07165709437558831,0.0269566763315148,6.134797216680611e-6,0.1924351665906734,0.0003999121335105102,4.886729700482414,2.771712886720524
1.4362384940381733e-10,0.5360160128930395,0.005238025182163851,0.5360677347817301,0.08220940288580003,0.026956452069068045,6.494794323560905e-6,0.19243461694023054,0.0004239299060980016,4.886728997316283,3.96091319911199
1.4688998534459913e-10,0.5360148485914819,0.004955313405902162,0.5360673910956332,0.07297075703510005,0.02695622424592591,6.179610612264334e-6,0.192434058568332,0.0004029020978609717,4.886728282994486,2.919752846093645
1.502303961640172e-10,0.5360136658162029,0.005203787907937063,0.5360670419568863,0.08109057837165151,0.026955992805491373,6.456627387685772e-6,0.1924334913365618,0.0004213834025177244,4.886727557340044,3.8348297245791736
1.5364677093983642e-10,0.5360124642740326,0.004984614892886864,0.5360666872789789,0.07392828752582603,0.026955757690265425,6.212275364779383e-6,0.1924329151043062,0.00040508148853345306,4.8867268201731635,3.027659921303514
1.5714083716097426e-10,0.5360112436671474,0.005178596093296093,0.5360663269740288,0.08026734579861437,0.02695551884183261,6.428543910558788e-6,0.19243232972871846,0.00041950968035028434,4.886726071311195,3.7420568523379294
1.607143616010067e-10,0.5360100036929948,0.005006366255795986,0.5360659609527585,0.0746390913127703,0.026955276200846326,6.23652358099836e-6,0.19243173506468358,0.00040669931745222765,4.886725310568606,3.107763028349121
1.6436915121153289e-10,0.5360087440442192,0.0051597396902661975,0.5360655891244741,0.07965114492183756,0.026955029707013786,6.407522871724732e-6,0.1924311309647822,0.0004181071722658907,4.886724537756895,3.6726147076159013
1.6810705403586422e-10,0.536007464408585,0.005022774946759128,0.5360652113970432,0.07517530456052283,0.026954779299081286,6.254816010909846e-6,0.19243051727925362,0.00040791976981753293,4.886723752684601,3.1681912181429213
1.7192996014348236e-10,0.5360061644688991,0.005145409986008101,0.5360648276768706,0.07918286990174751,0.026954524914818145,6.391548014004594e-6,0.19242989385595907,0.00041704135058021904,4.886722955157207,3.619842616790527
1.7583980258575695e-10,0.5360048439029321,0.00503533125150332,0.5360644378688769,0.07558562749271626,0.026954266491001178,6.268813948796044e-6,0.19242926054034357,0.00040885368964043366,4.886722144977109,3.2144325549240502
1.798385583733883e-10,0.5360035023833385,0.005134372563787647,0.5360640418764737,0.07882218182781454,0.026954003963399187,6.379243271267225e-6,0.19242861717539758,0.00041622040221204207,4.886721321943576,3.5791947567864857
1.8392824947608408e-10,0.5360021395775749,0.005045062771702358,0.5360636396015399,0.07590364058847991,0.026953737266756313,6.2796629140133934e-6,0.19242796360161796,0.00040957750762287554,4.886720485852687,3.2502712538254404
1.881109438449696e-10,0.5360007551478181,0.005125767926858909,0.5360632309443975,0.07854099367624473,0.026953466334775793,6.369650522374008e-6,0.19242729965696834,0.00041558039965357063,4.886719636497284,3.547505969177171
1.923887564582424e-10,0.5359993487508803,0.005052691635074341,0.5360628158037871,0.0761529418584662,0.026953191100103118,6.288167898328903e-6,0.19242662517683876,0.00041014493397520933,4.886718773666927,3.2783666059745866
1.967638503906153e-10,0.5359979200381244,0.005118986770463798,0.5360623940768422,0.07831939425072247,0.026952911494309128,6.362090541429548e-6,0.19242593999400476,0.0004150760241852968,4.886717897147839,3.5225324331136356
2.012384379070701e-10,0.535996468655377,0.0050587340392348095,0.5360619656590646,0.07635039989437294,0.026952627447872638,6.294904333260795e-6,0.1924252439385859,0.0004105943623779612,4.886717006722843,3.3006195607532334
2.0581478158149044e-10,0.5359949942428408,0.00511359008563346,0.5360615304442975,0.07814303742392827,0.02695233889016294,6.356073943296046e-6,0.1924245368380032,0.0004146746232409451,4.886716102171328,3.5026574563583828
2.1049519544073423e-10,0.535993496435005,0.005063564718712864,0.5360610883246997,0.07650826045587139,0.02695204574942191,6.300289956817012e-6,0.1924238185169366,0.0004109536648044901,4.886715183269169,3.3184101169132427
2.152820461347151e-10,0.5359919748605538,0.005109256881383818,0.536060639190719,0.07800143366661869,0.02695174795274594,6.351242900091419e-6,0.19242308879728107,0.0004143523221876647,4.886714249788692,3.4866989508427917
2.2017775413310455e-10,0.535990429142276,0.005067459549937545,0.5360601829310648,0.07663553877343124,0.02695144542606733,6.304632303382995e-6,0.19242234749810233,0.00041124336033992564,4.886713301498622,3.3327542206996896
2.251847949492362e-10,0.5359888588969685,0.005105749298140715,0.5360597194326805,0.07788681008747607,0.02695113809413576,6.347332257613339e-6,0.19242159443559198,0.0004140914295777892,4.886712338164002,3.473780973155985
2.303057003918509e-10,0.5359872637353427,0.005070624238793564,0.5360592485807159,0.07673895703170051,0.026950825880499064,6.308160686210859e-6,0.1924208294230215,0.00041147874897818227,4.886711359546145,3.3444094125818293
2.355430598453072e-10,0.5359856432619282,0.005102888917431089,0.5360587702584975,0.07779333621959982,0.02695050870748396,6.344143120448524e-6,0.19242005227069608,0.0004138786749417811,4.8867103654025845,3.4632464691591798
2.4089952157889743e-10,0.5359839970749735,0.0050732139692464834,0.5360582843475014,0.07682358641107008,0.026950186496176302,6.311048098099928e-6,0.19241926278590712,0.00041167137301319716,4.886709355487003,3.353947179889656
2.4637779408595077e-10,0.5359823247663451,0.005100540402553272,0.5360577907273222,0.07771658946168422,0.026949859166401125,6.341524620258215e-6,0.19241846077288458,0.000413703992228521,4.886708329549181,3.454597041362309
2.519806474533753e-10,0.5359806259214291,0.005075347071823278,0.5360572892756444,0.07689329377738575,0.026949526636702303,6.3134264508497346e-6,0.1924176460327477,0.00041183003363935104,4.886707287334918,3.36180329364391
2.5771091476235884e-10,0.5359789001190247,0.005098600038018772,0.5360567798682115,0.07765318051279733,0.026949188824321842,6.33936113793703e-6,0.19241681836345625,0.00041355966722631654,4.886706228585985,3.4474507388754634
2.6357149352090903e-10,0.5359771469312419,0.005077114668090647,0.536056262378795,0.07695105687582941,0.026948845645178868,6.3153973242848e-6,0.19241597755975948,0.0004119615083077571,4.886705153040077,3.368313326048261
2.695653471289805e-10,0.5359753659233936,0.0050969875843230065,0.5360557366791635,0.07760048727904106,0.026948497013848327,6.33756322541708e-6,0.19241512341314554,0.0004134397319025616,4.88670406043069,3.441512067676471
2.7569550637691955e-10,0.5359735566538876,0.005078587568556089,0.5360552026390509,0.07699918968644265,0.0269481428435392,6.317039655648356e-6,0.19241425571178916,0.00041207106377025537,4.886702950487121,3.3737380491616373
2.8196507097797643e-10,0.5359717186741174,0.005095640420526005,0.5360546601261239,0.07755646339573571,0.026947783046072486,6.336061072477512e-6,0.19241337424049926,0.00041333952864078125,4.8867018229343575,3.4365504113974525
2.8837721113568147e-10,0.535969851528351,0.005079821264397464,0.536054109005949,0.07703950558488816,0.026947417531858673,6.31841530629985e-6,0.19241247878066484,0.000412162827394645,4.886700677493033,3.3782818214034713
2.9493516914685135e-10,0.5359679547536152,0.005094509277281568,0.5360535491419598,0.07751949879469679,0.026947046209875074,6.33479975532394e-6,0.1924115691102012,0.00041325539281464297,4.88669951387934,3.4323843255679987
3.016422610410579e-10,0.5359660278795833,0.005080859583234595,0.5360529803954223,0.07707343679751792,0.026946668987642544,6.319573134714758e-6,0.1924106450034938,0.00041224005899447085,4.886698331804972,3.3821060484515337
3.0850187825738116e-10,0.5359640704284561,0.00509355509679722,0.5360524026254018,0.07748831712540934,0.026946285771201874,6.3337357323340635e-6,0.19240970623134288,0.0004131844193894056,4.886697130977054,3.4288699712645525
3.155174893592817e-10,0.535962081914843,0.005081737393162692,0.5360518156887261,0.07710212276367022,0.026945896465089943,6.320552012025104e-6,0.19240875256090553,0.0004123053520028152,4.886695911098055,3.385339138299589
3.2269264178848797e-10,0.5359600618456425,0.005092746698841038,0.5360512194399514,0.07746189945635408,0.026945500972315264,6.332834243664638e-6,0.1924077837556382,0.0004131242892241043,4.886694671865727,3.425892519286685
3.3003096365875084e-10,0.5359580097199181,0.005082482622508826,0.5360506137313265,0.07712647614675329,0.026945099194333275,6.321383072091094e-6,0.1924067995752376,0.00041236078367865703,4.886693412973027,3.388083945214317
3.375361655904019e-10,0.5359559250287748,0.005092059028498849,0.5360499984127541,0.07743942703000299,0.02694469103102108,6.332067358022953e-6,0.19240579977558053,0.0004130731387492641,4.886692134108048,3.4233596975059926
3.452120425866312e-10,0.5359538072552303,0.00508311778256945,0.5360493733317564,0.07714723261010203,0.02694427638065197,6.322091412129483e-6,0.19240478410866335,0.00041240802847392706,4.88669083495392,3.390423375331484
3.5306247595242096e-10,0.535951655874089,0.005091471828272692,0.536048738333435,0.07742023785793897,0.026943855139869317,6.331412491059482e-6,0.19240375232253995,0.00041302946124793837,4.886689515188763,3.4211969025287767
3.610914352571361e-10,0.5359494703518093,0.005083661128443208,0.5360480932604332,0.0771649886756194,0.026943427203660116,6.322697382601492e-6,0.1924027041612589,0.00041244844405793777,4.886688174485568,3.392424656602463
3.6930298034172743e-10,0.5359472501463706,0.0050909686264444965,0.5360474379528982,0.0774037936481566,0.026942992465328094,6.330851280219259e-6,0.19240163936479956,0.00041299203155398777,4.88668681251216,3.419343471227293
3.7770126337159234e-10,0.5359449947071395,0.0050841275439118955,0.5360467722484391,0.07718023073924635,0.02694255081646644,6.323217576673858e-6,0.1924005576690074,0.00041248313754338884,4.886685428931077,3.39414260367714
3.862905309361202e-10,0.5359427034747317,0.005090535955390498,0.5360460959820885,0.07738965432035057,0.02694210214692982,6.330368711517782e-6,0.19239945880552786,0.0004129598480203034,4.886684023399514,3.4177498068518273
3.9507512619596983e-10,0.5359403758808725,0.0050845292294976205,0.5360454089862613,0.0771933574921777,0.026941646344806305,6.323665595979653e-6,0.1923983425017394,0.0004125130163793222,4.886682595569231,3.395622147584587
4.040594910791984e-10,0.5359380113482564,0.005090162749433892,0.536044711090712,0.07737745824942621,0.026941183296388442,6.329952448059072e-6,0.19239720848068545,0.00041293208754432126,4.886681145086442,3.4163751545099093
4.13248168527311e-10,0.5359356092904015,0.005084876234101728,0.5360440021224937,0.07720469733580826,0.026940712886144167,6.324052644000018e-6,0.19239605646100544,0.0004125388279708689,4.886679671591768,3.396900299234362
4.226458047924022e-10,0.5359331691115043,0.0050898398719154275,0.5360432819059152,0.07736690685885783,0.026940234996687,6.32959230341652e-6,0.1923948861568643,0.0004129080705249554,4.88667817472012,3.4151858651462006
4.322571517865361e-10,0.5359306902062909,0.005085176874304455,0.536042550262496,0.07721452203623314,0.026939749508745815,6.32438799249881e-6,0.19239369727788114,0.00041256119093781394,4.886676654100624,3.398007686601865
4.4208706948453966e-10,0.5359281719598658,0.005089559744943738,0.5360418070109241,0.0773577525108978,0.026939256301134147,6.329279828762089e-6,0.1923924895290567,0.0004128872333581498,4.88667510935651,3.4141540298710957
4.521405283814588e-10,0.5359256137475595,0.005085438062642796,0.5360410519670092,0.07722305748407661,0.02693875525071897,6.3246793479101195e-6,0.1923912626106998,0.00041258061942327223,4.886673540105041,3.3989697679760127
4.624226120058759e-10,0.535923014934772,0.005089316056080426,0.5360402849436381,0.07734978893018339,0.0269382462323888,6.329007987238225e-6,0.19239001621835217,0.00041286910651576415,4.886671945957396,3.4132564023280216
4.729385194904075e-10,0.5359203748768138,0.005085665568530556,0.536039505750728,0.07723049222363776,0.026937729119021512,6.32493314340859e-6,0.19238875004271258,0.00041259754254241785,4.886670326518599,3.3998077916795957
4.836935682006319e-10,0.5359176929187461,0.005089103526755314,0.536038714195179,0.07734284361325275,0.026937203781451424,6.3287708932849305e-6,0.1923874637695595,0.00041285329740361267,4.886668681387395,3.4124735405701214
4.946931964238195e-10,0.5359149683952174,0.005085864226565169,0.5360379100808269,0.0772369842424334,0.02693667008843581,6.325154768838047e-6,0.19238615707967216,0.00041261231989464953,4.8866670101561756,3.400539563220254
5.059429661188056e-10,0.5359122006302967,0.005088917725327413,0.5360370932083934,0.07733677174046372,0.026936127906621022,6.328563605508934e-6,0.19238482964875145,0.00041283947633609505,4.8866653124108534,3.4117891228621757
5.174485657283817e-10,0.5359093889373051,0.005086038103104699,0.5360362633754381,0.07724266641417563,0.02693557710050791,6.325348757497487e-6,0.19238348114733794,0.0004126252539380641,4.88666358773078,3.401180058354524
5.292158130556686e-10,0.5359065326186443,0.005088754917680384,0.536035420376307,0.07733145127658325,0.02693501753241654,6.328381960936924e-6,0.1923821112407303,0.00041282736561001427,4.886661835688623,3.4111893964010664
5.412506582058746e-10,0.535903630965623,0.005086190629925996,0.5360345640020825,0.07724765090751555,0.02693444906245065,6.325518936360327e-6,0.19238071958890068,0.0004126365999403594,4.886660055850279,3.401741917420535
5.535591865949696e-10,0.5359006832582789,0.005088611946327736,0.5360336940405308,0.07732677905607162,0.026933871548461087,6.328222439011653e-6,0.19237930584641044,0.0004128167303842902,4.886658247774757,3.4106627331001502
5.661476220267804e-10,0.5358976887651994,0.005086324713864098,0.5360328102760493,0.07725203270491812,0.026933284846008994,6.325668546219913e-6,0.192377869662323,0.00041264657410573275,4.886656411014062,3.4022358461116666
5.790223298400404e-10,0.5358946467433392,0.00508848613333667,0.5360319124896137,0.07732266754969669,0.026932688808328067,6.328082053673815e-6,0.19237641068011638,0.00041280737144338344,4.886654545113102,3.410199269245254
5.921898201270387e-10,0.5358915564378337,0.005086442824623211,0.5360310004587231,0.07725589250563168,0.026932083286286365,6.325800341130559e-6,0.19237492853759364,0.00041265536013155457,4.886652649609553,3.402670940226039
6.05656751025431e-10,0.5358884170818116,0.005088375199360194,0.5360300739573448,0.0773190422830067,0.02693146812834736,6.327958263575899e-6,0.19237342286679227,0.0004127991192547988,4.886650724033768,3.4097906104224887
6.194299320849322e-10,0.5358852278962016,0.005086547067123449,0.5360291327558587,0.07725929909753713,0.026930843180530403,6.3259166676570946e-6,0.19237189329389207,0.0004126631145686291,4.886648767908631,3.4030549513420216
6.335163277105682e-10,0.5358819880895391,0.0050882771995692,0.5360281766209993,0.07731583968981892,0.026930208286370418,6.327848900097851e-6,0.19237033943912116,0.0004127918291590646,4.886646780749476,3.409429592806505
6.479230606842116e-10,0.5358786968577677,0.005086639239947851,0.5360272053157992,0.07726231126794429,0.026929563286876946,6.326019531776904e-6,0.19236876091666116,0.0004126699712237082,4.886644762063933,3.403394505741777
6.626574157662314e-10,0.5358753533840378,0.0050881904687292345,0.5360262185995291,0.07731300536365736,0.026928908020492488,6.327752106352605e-6,0.19236715733454998,0.00041278537730514626,4.886642711351829,3.409110084278593
6.777268433790117e-10,0.5358719568385029,0.005086720885340998,0.5360252162276385,0.07726497940441275,0.02692824232305015,6.326110652840395e-6,0.19236552829458406,0.0004126760447960375,4.886640628105053,3.403695282128457
6.931389633742741e-10,0.535868506378111,0.0050881135780441,0.5360241979516956,0.07731049260641851,0.026927566027730495,6.32766628892993e-6,0.1923638733922178,0.0004127796574205753,4.886638511807427,3.408826821503156
7.089015688860376e-10,0.5358650011463946,0.005086793328265036,0.5360231635193237,0.07726734681335777,0.02692687896501765,6.326191508568722e-6,0.19236219221646272,0.0004126814338440483,4.886636361934589,3.4039621614366564
7.250226302712211e-10,0.5358614402732557,0.005088045297916179,0.5360221126741413,0.07730826123494229,0.02692618096265478,6.327590076846138e-6,0.19236048434978353,0.00041277457801307206,4.886634177953852,3.4085752757993664
7.415102991398597e-10,0.5358578228747481,0.005086857710386105,0.5360210451556959,0.07726945080195967,0.026925471845598577,6.32626337221291e-6,0.1923587493679942,0.000412686223296796,4.886631959324088,3.404199348994313
7.583729124769465e-10,0.5358541480528564,0.005087984567582431,0.5360199606994015,0.0773062765813373,0.026924751435973133,6.327522286994886e-6,0.19235698684015035,0.0004127700602086013,4.886629705495571,3.408351540029698
7.75618996858047e-10,0.5358504148952702,0.005086915018010256,0.536018859036471,0.07727132359829386,0.02692401955302296,6.326327343682838e-6,0.1923551963284419,0.0004126904864952097,4.8866274159098575,3.404410476515726
7.932572727607416e-10,0.5358466224751559,0.005087930469517776,0.5360177398938507,0.07730450867509156,0.026923276013065114,6.327461896483956e-6,0.19235337738808247,0.00041276603576179496,4.88662508999965,3.408152235669632
8.112966589741398e-10,0.5358427698509255,0.005086966104808563,0.5360166029941521,0.07727299310019019,0.026922520629440568,6.326384374590901e-6,0.1923515295671979,0.0004126942869501768,4.886622727188642,3.404598688709956
8.297462771086724e-10,0.5358388560659978,0.005087882209108573,0.536015448055583,0.07730293153505492,0.026921753212464747,6.3274080188443485e-6,0.19234965240671226,0.00041276244555542464,4.886620326891383,3.4079744345519143
8.48615456208411e-10,0.5358348801485622,0.005087011711348757,0.5360142747918778,0.07727448351438355,0.026920973569377078,6.326435291279419e-6,0.19234774544023267,0.0004126976797488581,4.88661788851314,3.4047667137379514
8.679137374683199e-10,0.5358308411113316,0.005087839095603225,0.5360130829122258,0.07730152259247186,0.0269201815042898,6.327359883685068e-6,0.1923458081939318,0.0004127592382020262,4.886615411449734,3.4078155932771943
8.876508790587378e-10,0.5358267379512973,0.005087052481850925,0.5360118721211997,0.07727581588954288,0.026919376818135766,6.326480812207749e-6,0.19234384018642844,0.0004127007128080216,4.886612895087415,3.404916924052164
9.078368610596019e-10,0.5358225696494751,0.0050878005279588155,0.5360106421186821,0.07730026220853126,0.02691855930861539,6.327316820843568e-6,0.19234184092866669,0.00041275636900300596,4.886610338802674,3.407673497694325
9.284818905068837e-10,0.5358183351706515,0.005087088977535257,0.53600939259979,0.07727700856279883,0.026917728770142556,6.3265215630779676e-6,0.1923398099237924,0.0004127034278758543,4.886607741962135,3.405051386981902
9.495964065537495e-10,0.5358140334631224,0.005087765981864633,0.5360081232548004,0.07729913324445356,0.026916884993789733,6.327278245566052e-6,0.19233774666702785,0.0004127537989763879,4.886605103922348,3.4075462168856356
9.71191085749143e-10,0.5358096634584295,0.005087121688475122,0.5360068337690728,0.07727807755086184,0.026916027767231933,6.326558090505143e-6,0.19233565064554511,0.0004127058613902756,4.88660242402967,3.405171907147937
9.932768474363546e-10,0.5358052240710922,0.005087734999220642,0.5360055238229706,0.07729812073399062,0.02691515687468987,6.327243646623026e-6,0.19233352133833606,0.00041275149401631635,4.886599701620078,3.4074320630925627
1.0158648592743945e-9,0.5358007141983336,0.0050871510431095964,0.536004193091783,0.07727903685861702,0.02691427209687188,6.326590872691246e-6,0.19233135821608124,0.000412708045246787,4.886596936019019,3.4052800634953173
1.0389665428849277e-9,0.535796132719805,0.005087707178768762,0.5360028412456423,0.07729721156541054,0.02691337321091501,6.3272125767298324e-6,0.19232916074101644,0.0004127494242912976,4.886594126541233,3.407329558607489
1.0625935796275877e-9,0.535791478497303,0.005087177417179775,0.5360014679494443,0.07727989876246577,0.026912459990324922,6.326620328484492e-6,0.19232692836679643,0.00041271000737765214,4.886591272490586,3.4053772396983892
1.0867579165066824e-9,0.5357867503744833,0.005087682168781677,0.5360000728627624,0.07729639423537876,0.02691153220491483,6.327184643234104e-6,0.19232466053835764,0.0004127475636348803,4.886588373159905,3.407237407341119
1.111471772212163e-9,0.5357819471765701,0.005087201140490955,0.5359986556397662,0.07728067403818761,0.02691058962074319,6.326646825673135e-6,0.1923223566917772,0.00041271177231439854,4.886585427830792,3.40546465012627
1.136747643298032e-9,0.5357770677100607,0.005087659659903472,0.5359972159291322,0.07729565864677747,0.026909632000050393,6.327159501400737e-6,0.192320016254131,0.0004127458890362441,4.886582435773459,3.4071544706060575
1.1625983105011952e-9,0.5357721107624236,0.005087222502861884,0.5359957533739589,0.07728137216291874,0.026908659101194346,6.326670687956235e-6,0.19231763864334836,0.00041271336162328236,4.886579396246514,3.4055433633759233
1.189036845204048e-9,0.5357670751017952,0.005087639380107602,0.5359942676116772,0.07729499590172177,0.02690767067858473,6.327136847592973e-6,0.1923152232680652,0.0004127443802662223,4.886576308496832,3.407079745819445
1.2160766160440303e-9,0.5357619594766675,0.005087241759964027,0.5359927582739603,0.07728200148487356,0.026906666482616217,6.326692200179231e-6,0.19231276952747384,0.0004127147943134124,4.88657317175932,3.405614320233604
1.2437312956734438e-9,0.535756762615574,0.005087621089444913,0.5359912249866321,0.07729439816101795,0.026905646259600437,6.327116414109175e-6,0.19231027681117127,0.0004127430194627292,4.886569985256749,3.4070123492589937
1.2720148676730593e-9,0.5357514832267681,0.005087259137039311,0.5359896673695745,0.0772825693703709,0.026904609751696625,6.326711613920267e-6,0.1923077444990045,0.00041271608715597816,4.886566748199562,3.4056783512612987
1.3009416336228793e-9,0.5357461199978985,0.0050876045762238645,0.5359880850366325,0.0772938585049863,0.026903556696841177,6.327097964727165e-6,0.19230517196091315,0.00041274179088426064,4.886563459785668,3.4069515006307145
1.3305262203337416e-9,0.5357406715956767,0.005087274833274499,0.5359864775955188,0.07728308232737123,0.02690248682867577,6.326729151164398e-6,0.19230255855676973,0.0004127172549525895,4.886560119200251,3.4057361897218303
1.3607835872433753e-9,0.5357351366655413,0.005087589652920096,0.5359848446477153,0.07729337080999817,0.026901399876474195,6.327081290353682e-6,0.19229990363621755,0.0004127406805898658,4.886556725615564,3.4068965100690374
1.3917290339806038e-9,0.535729513831316,0.005087289024989378,0.5359831857883743,0.07728354611458155,0.026900295565067903,6.326745008739061e-6,0.19229720653850527,0.00041271831082113344,4.886553278190739,3.4057884849300106
1.4233782081016358e-9,0.5357238016948614,0.0050875761537749085,0.5359815006062193,0.07729292965703535,0.026899173614770153,6.327066206035586e-6,0.1922944665923192,0.00041273967624232285,4.886549776071545,3.4068467664983113
1.4557471130022138e-9,0.535717998835722,0.005087301868228822,0.5359797886834402,0.07728396583595674,0.026898033741298795,6.326759360843651e-6,0.19229168311561293,0.0004127192663794678,4.886546218390217,3.4058358122198857
1.4888521160097399e-9,0.5357121038107675,0.005087563931745938,0.5359780495955917,0.07729253023517707,0.026896875655697514,6.3270525475122625e-6,0.19228885541543364,0.00041273876689786927,4.8865426042651965,3.4068017278832787
1.5227099566594276e-9,0.5357061151538266,0.005087313501766163,0.5359762829114856,0.07728434602240764,0.026895699064255787,6.326772362156325e-6,0.19228598278774622,0.0004127201319365142,4.8865389328009705,3.405878682370053
1.5573377551586054e-9,0.5357000313753173,0.005087552856042362,0.5359744881930856,0.07729216827882017,0.02689450366842723,6.327040169074772e-6,0.19228306451725363,0.0004127379428393325,4.886535203087783,3.406760912847078
1.5927530210435871e-9,0.5356938509618685,0.005087324048648672,0.5359726649953965,0.07728469069757292,0.02689328916474649,6.326784150114421e-6,0.19228009987721514,0.00041272091665499794,4.88653141420146,3.4059175489246973
1.6289736620333206e-9,0.5356875723759386,0.005087542810572403,0.5359708128663552,0.07729183999041543,0.02689205524474453,6.327028941086006e-6,0.19227708812926114,0.00041273719542331684,4.886527565203167,3.4067238939255233
1.6660179930844657e-9,0.5356811940554235,0.005087333618474615,0.5359689313467165,0.07728500344425615,0.026890801594862453,6.3267948470206165e-6,0.19227402852320455,0.00041272162868577614,4.886523655139155,3.4059528157132584
1.703904745652306e-9,0.5356747144132622,0.005087533691888017,0.5359670199699401,0.07729154198825063,0.026889527896363574,6.327018748028819e-6,0.19227092029684997,0.00041273651695809474,4.886519683040562,3.4066902895472393
1.7426530771623214e-9,0.5356681318370344,0.0050873423089927115,0.5359650782620741,0.0772852874523448,0.026888233825243902,6.326804561779067e-6,0.19226776267579893,0.0004127222752957807,4.886515647923136,3.4059848423733468
1.782282580697153e-9,0.5356614446885505,0.005087525407771497,0.5359631057416362,0.07729127126173284,0.026886919052140947,6.3270094871799944e-6,0.19226455487325195,0.0004127359005809741,4.886511548787012,3.4066597603596542
1.822813294903798e-9,0.5356546513034356,0.0050873502072159545,0.5359611019194958,0.07728554556931587,0.026885583242240864,6.326813391633186e-6,0.1922612960898077,0.00041272286296136775,4.8865073846164595,3.4060139498381297
1.8642657141261927e-9,0.5356477499907079,0.0050875178760072855,0.53595906629875,0.07729102511997732,0.026884226055183723,6.3270010664830875e-6,0.19225798551325857,0.00041273534017608,4.886503154379641,3.4066320030993444
1.9066607987681303e-9,0.5356407390323477,0.005087357390875978,0.5359569983746018,0.07728578033632232,0.02688284714496706,6.3268214235446604e-6,0.19225462231838258,0.0004127233974726987,4.88649885702832,3.406040424610203
1.9500199858919006e-9,0.535633616682861,0.005087511022993462,0.535954897634232,0.07729080115949719,0.02688144615984755,6.326993404020986e-6,0.19225120566673265,0.00041273483026586577,4.886494491497654,3.4066067468840604
1.9943652000579545e-9,0.535626381168836,0.0050873639296153805,0.5359527635566751,0.07728599402508257,0.026880022742240946,6.326828734875941e-6,0.19224773470642095,0.0004127238839994342,4.88649005670589,3.4060645228716204
2.0397188644110043e-9,0.5356190306884909,0.005087504782971118,0.5359505956126855,0.07729059723397984,0.026878576528619892,6.326986426278101e-6,0.19224420857190147,0.00041273436596275825,4.886485551554109,3.4065837493397986
2.086103912018337e-9,0.5356115634112151,0.005087369885607104,0.535948393264609,0.07728618867092114,0.02687710714940999,6.326835395287788e-6,0.1922406263837471,0.00041272432717051925,4.886480974925959,3.4060864739959373
2.1335437974658623e-9,0.5356039774771032,0.005087499096992615,0.5359461559662463,0.07729041141270789,0.02687561422888369,6.326980067565308e-6,0.19223698724842403,0.00041273394287931936,4.886476325687364,3.4065627934321827
2.182062508717937e-9,0.5355962709964798,0.0050873753147014505,0.535943883162719,0.07728636609616976,0.026874097385052347,6.3268414669802894e-6,0.19223329025806254,0.0004127247311376359,4.886471602686265,3.4061064833853996
2.2316845792468992e-9,0.5355884420494184,0.005087493912277913,0.5359415742903301,0.07729024197390763,0.026872556229555977,6.326974268861666e-6,0.19222953449022318,0.00041273355709112056,4.886466804752308,3.4065436845465467
2.2824351004383544e-9,0.5355804886852507,0.005087380266821345,0.5359392287764233,0.07728652793483962,0.026870990367551053,6.326847005794506e-6,0.19222571900765945,0.0004127250996233909,4.886461930696581,3.4061247353624773
2.3343397342786913e-9,0.5355724089220685,0.005087489181417315,0.5359368460392416,0.07729008736735553,0.02686939939759608,6.326968977276058e-6,0.19222184285807645,0.0004127332050713203,4.886456979311296,3.4065262481164083
2.387424726330993e-9,0.5355642007462169,0.005087384786941867,0.535934425487781,0.07728667565639061,0.026867782911534834,6.326852061916319e-6,0.19221790507388548,0.00041272543596587697,4.8864519493695,3.4061413955084316
2.4417169190061657e-9,0.5355558621117792,0.005087484861844245,0.535931966521644,0.07728994620139391,0.02686614049437761,6.326964145257147e-6,0.19221390467195457,0.00041273288364701235,4.886446839624771,3.4065103272197534
2.4972437651357355e-9,0.5355473909400535,0.005087388915467329,0.5359294685308887,0.07728681057905082,0.026864471724179776,6.326856680407769e-6,0.19220984065335422,0.0004127257431710116,4.886441648810902,3.406156612430382
2.554033341853391e-9,0.5355387851190203,0.0050874809152479635,0.5359269308958784,0.07728981722480505,0.026862776171918273,6.326959730082426e-6,0.19220571200309985,0.00041273258997579924,4.886436375641609,3.4064957808570253
2.612114364792204e-9,0.535530042502801,0.005087392688633071,0.5359243529871258,0.07728693389016575,0.026861053401365548,6.326860901775849e-6,0.19220151768988905,0.00041272602393988326,4.886431018810173,3.4061705200096726
2.6715162026046184e-9,0.5355211609111074,0.00508747730720801,0.535921734165136,0.07728969931066487,0.02685930296896095,6.326955693223842e-6,0.19219725666583456,0.00041273232149178585,4.88642557698916,3.4064824819023203
2.732268891812775e-9,0.5355121381286825,0.005087396139226352,0.5359190737802483,0.07728704665839262,0.02685752442367978,6.3268647625840066e-6,0.19219292786619324,0.00041272628070624257,4.886420048830052,3.406183238734413
2.7944031519964037e-9,0.5355029719047317,0.005087474006601995,0.5359163711724716,0.0772895914468052,0.02685571730689953,6.326952000071498e-6,0.19218853020908944,0.0004127320758852744,4.886414432962938,3.406470316239639
2.8579504013261994e-9,0.5354936599523438,0.005087399296677336,0.5359136256713224,0.07728714984656469,0.02685388115226366,6.32686829576508e-6,0.19218406259523463,0.00041272651566137735,4.886408727996171,3.4061948772757638
2.9229427724504386e-9,0.5354841999479029,0.0050874709855667785,0.5359108365956556,0.07728949271562874,0.026852015485542512,6.326948619295785e-6,0.19217952390764168,0.00041273185107430354,4.8864029325160185,3.4064591804968303
2.989413128742776e-9,0.5354745895304902,0.005087402187554114,0.5359080032534953,0.07728724432371434,0.026850119824491557,6.3268715309993415e-6,0.19217491301133469,0.00041272673078503343,4.8863970450863015,3.406205533476064
3.0573950809196803e-9,0.5354648263012759,0.005087468218670056,0.5359051249418616,0.07728940229336344,0.026848193678706795,6.326945522715953e-6,0.19217022875305306,0.0004127316451787027,4.886391064248064,3.406448981672904
3.1269230040356123e-9,0.5354549078229012,0.005087404835931082,0.5359022009465955,0.07728733087580694,0.026846236549477147,6.3268744950678785e-6,0.19216546996095166,0.0004127269278643153,4.886384988519186,3.406215295865108
3.198032054864789e-9,0.5354448316188484,0.0050874656832367166,0.5358992305421797,0.07728931943433398,0.026844247929634104,6.326942684941394e-6,0.19216063544429476,0.00041273145650454337,4.886378816394033,3.4064396356855338
3.2707581896782333e-9,0.5354345951728021,0.00508740726348201,0.5358962129915588,0.07728741021045593,0.02684222730339808,6.326877212220187e-6,0.19215572399314562,0.00041272710851142006,4.886372546343068,3.40622424441849
3.3451381824249706e-9,0.5354241959279987,0.005087463358604674,0.5358931475459533,0.07728924346286864,0.02684017414622187,6.326940082758418e-6,0.19215073437804983,0.00041273128351014516,4.886366176812484,3.4064310665680004
3.4212096433268605e-9,0.535413631286565,0.005087409489754047,0.5358900334446743,0.07728748296863133,0.026838087924630848,6.3268797044621924e-6,0.19214566534971414,0.00041272727418450626,4.886359706223814,3.4062324513472335
3.499011037896098e-9,0.5354028986088454,0.005087461226069205,0.5358868699149318,0.07728917377071236,0.02683596809605991,6.3269376953953285e-6,0.19214051563867882,0.0004127311248121083,4.88635313297354,3.4064232055168016
3.5785817063853847e-9,0.535391995212718,0.005087411532604059,0.5358836561716425,0.07728754973113396,0.026833814108687088,6.3268819914148834e-6,0.19213528395498544,0.00041272742620802557,4.886346455432699,3.406239982085553
3.6599618836802344e-9,0.5353809183728993,0.005087459268725634,0.5358803914172331,0.07728910980463062,0.026831625401263902,6.326935503998522e-6,0.19212996898783785,0.0004127309791527931,4.886339671946462,3.4064159901985187
3.743192719643761e-9,0.5353696653202359,0.0050874134080758325,0.5358770748414412,0.07728761102387599,0.026829401402941995,6.326884091264977e-6,0.19212456940525785,0.00041272756577562247,4.88633278083375,3.4062468959453747
3.828316299924142e-9,0.535358233240986,0.005087457471345136,0.5358737056211121,0.07728905106482768,0.026827141533096427,6.3269334914281065e-6,0.19211908385373483,0.00041273084538873876,4.886325780386799,3.406409364373523
3.915375667235117e-9,0.5353466192760865,0.005087415130692467,0.535870282919993,0.0772876673229308,0.026824845201145246,6.326886020205108e-6,0.1921135109578693,0.00041272769397159346,4.886318668870734,3.4062532466586357
4.004414843120631e-9,0.5353348205204095,0.005087455819969138,0.5358668058885239,0.07728899709737863,0.026822511806365294,6.3269316421709725e-6,0.19210784932001027,0.0004127307224930072,4.886311444523159,3.4064032766994763
4.095478850214225e-9,0.5353228340220046,0.005087416713747129,0.535863273663625,0.07728771906009767,0.02682014073770426,6.326887793008747e-6,0.19210209751988597,0.00041272781178230977,4.8863041055536875,3.4062590828965282
4.18861373500475e-9,0.5353106567813292,0.005087454301995438,0.5358596853684803,0.07728894748981095,0.026817731373588848,6.326929942147122e-6,0.19209625411422873,0.0004127306095243033,4.886296650143532,3.406397680809032
4.283866591119814e-9,0.5352982857504648,0.005087418169217043,0.5358560401123184,0.07728776662751438,0.026815283081728883,6.326889423057481e-6,0.19209031763639275,0.0004127279201007356,4.886289076445032,3.406264448888964
4.3812855831385516e-9,0.535285717832321,0.005087452906004771,0.5358523369901891,0.0772889018701562,0.02681279521891737,6.326928378629231e-6,0.19208428659596563,0.00041273050563361575,4.886281382581198,3.4063925346087522
4.480919970946151e-9,0.535272949879824,0.005087419508029455,0.535848575082737,0.07728781038230077,0.026810267130826407,6.326890922624831e-6,0.19207815947837234,0.0004127280197363893,4.886273566645258,3.4062693848905736
4.582820134641997e-9,0.535259978695093,0.005087451621641398,0.53584475345597,0.07728885989633469,0.026807698151798755,6.32692693992968e-6,0.1920719347444736,0.0004127304100468624,4.886265626700156,3.4063877996656755
4.687037600014393e-9,0.5352468010286011,0.005087420740079613,0.5358408711610277,0.07728785064909731,0.026805087604634993,6.326892302730236e-6,0.19206561083015547,0.00041272811142771667,4.88625756077811,3.406273927385694
4.7936250645946194e-9,0.5352334135783224,0.005087450439401654,0.5358369272339404,0.07728882126087532,0.02680243480037641,6.32692561549462e-6,0.192059186145913,0.00041273032205881705,4.886249366880095,3.4063834412725797
4.9026364243033e-9,0.5352198129888636,0.005087421874368281,0.5358329206953897,0.07728788772049747,0.026799739038082967,6.3268935734748134e-6,0.19205265907642619,0.0004127281958439368,4.886241042975357,3.406278109575518
5.0141268007029994e-9,0.535205995850581,0.0050874493506941395,0.5358288505504619,0.0772887856828253,0.026796999604606835,6.326924395737154e-6,0.19204602798012801,0.0004127302410312963,4.886232587000908,3.4063794276393793
5.128152568870289e-9,0.5351919586986835,0.005087422919133048,0.5358247157883984,0.07728792186681699,0.02679421577436097,6.326894744028924e-6,0.19203929118876553,0.0004127282735981966,4.886223996861014,3.4062819618051505
5.244771385901921e-9,0.5351776980123163,0.005087448347671685,0.5358205153823418,0.07728875290460122,0.026791386809082857,6.326923271864499e-6,0.19203244700695218,0.0004127301663809961,4.886215270426669,3.4063757298841333
5.364042220069004e-9,0.535163210213633,0.0050874238818260625,0.5358162482890786,0.07728795333069233,0.02678851195759313,6.3268958227146136e-6,0.1920254937117134,0.00041272834524737654,4.886206405535082,3.406285511564598
5.486025380634346e-9,0.535148491666848,0.005087447423228497,0.5358119134487775,0.07728872269486065,0.026785590455549076,6.326922235928208e-6,0.1920184295520232,0.00041273009757597767,4.88619739998912,3.4063723218040427
5.610782548347869e-9,0.5351335386772751,0.00508742476927356,0.5358075097847227,0.07728798233590169,0.02678262152519281,6.326896817196565e-6,0.1920112527483323,0.00041272841129417093,4.8861882515567805,3.4062887839554445
5.738376806635331e-9,0.5351183474903467,0.005087446570819633,0.5358030362030423,0.07728869483977588,0.02677960437509408,6.326921280632507e-6,0.19200396149208904,0.00041273003413431326,4.886178957970627,3.4063691793278155
5.868872673496598e-9,0.5351029142906186,0.005087425587690937,0.5357984915924356,0.07728800908470336,0.026776538199887515,6.326897734393531e-6,0.19199655394525028,0.00041272847220501165,4.886169516927226,3.406291801830092
6.002336134129014e-9,0.5350872352007539,0.005087445784556106,0.5357938748238923,0.07728866914601853,0.026773422180004194,6.326920399336578e-6,0.19198902823978417,0.0004127299756116207,4.8861599260865844,3.4063662806763753
6.138834674292852e-9,0.5350713062804927,0.005087426342706751,0.5357891847504085,0.07728803376318792,0.02677025548139734,6.326898580655835e-6,0.19198138247716434,0.0004127285283979579,4.886150183071554,3.406294586190184
6.27843731443554e-9,0.5350551235256001,0.005087445058964604,0.535784420206699,0.07728864543620409,0.02676703725526217,6.326919586003071e-6,0.19197361472785407,0.00041272992160548217,4.8861402854672535,3.4063636057955837
6.4212146445916705e-9,0.5350386828667992,0.00508742703953936,0.5357795800089031,0.07728805653976233,0.026763766637749598,6.326899361743871e-6,0.19196572303078188,0.00041272858026173537,4.886130230820471,3.4062971560849
6.567238860077021e-9,0.5350219801686813,0.005087444389142545,0.5357746629542871,0.07728862354832708,0.026760442749673645,6.3269188350855785e-6,0.19195770539280718,0.00041272987174949103,4.886120016639031,3.4063611364760122
6.7165837979939244e-9,0.5350050112286003,0.005087427682913,0.5357696678209417,0.0772880775692327,0.026757064696212536,6.326900082966158e-6,0.1919495597881766,0.0004127286281448313,4.88610964039121,3.4062995288885975
6.869324974567052e-9,0.534987771775546,0.005087443770548393,0.5357645933674736,0.07728860333562153,0.026753631566603202,6.326918141543722e-6,0.19194128415796993,0.00041272982570589783,4.886099099505087,3.4063588561487186
7.025539623328238e-9,0.534970257468996,0.005087428277127087,0.5357594383326926,0.07728809699276454,0.026750142433829102,6.326900749178404e-6,0.19193287640953652,0.00041272867237060213,4.886088391367899,3.4063017205428854
7.185306734169435e-9,0.5349524638977499,0.00508744319907222,0.535754201435294,0.07728858466249414,0.02674659635430108,6.326917500725365e-6,0.19192433441592072,0.0004127297831670178,4.886077513325414,3.406356749475862
7.348707093284111e-9,0.5349343865787404,0.0050874288261625305,0.5357488813735362,0.07728811493931796,0.026742992367531436,6.32690136474247e-6,0.19191565601527755,0.00041272871323278176,4.886066462681252,3.406303745603618
7.515823324016604e-9,0.534916020955824,0.005087442670897509,0.535743476824911,0.07728856740532135,0.026739329495800466,6.326916908430857e-6,0.1919068390102771,0.00041272974385281357,4.886055236696224,3.4063548025670927
7.686739928640657e-9,0.5348973623985509,0.005087429333592778,0.5357379864458104,0.07728813152753003,0.02673560674381589,6.326901933727787e-6,0.19189788116749795,0.00041272875099939907,4.886043832587656,3.406305617439594
7.861543331088053e-9,0.5348784062009102,0.005087442182587835,0.5357324088711872,0.0772885514515607,0.02673182309836456,6.326916360765851e-6,0.19188878021680997,0.00041272970750356043,4.886032247528676,3.4063530026585203
8.040321920648663e-9,0.5348591475800554,0.00508742980274601,0.5357267427142113,0.0772881468652426,0.02672797752795654,6.326902459860247e-6,0.19187953385074502,0.0004127287859182126,4.886020478647547,3.406307348240862
8.223166096664687e-9,0.5348395816750054,0.005087441730956821,0.5357209865659173,0.07728853669683143,0.02672406898246117,6.326915854206411e-6,0.19187013972385633,0.000412729673885078,4.886008523026918,3.406351338107784
8.410168314240824e-9,0.5348197035453223,0.005087430236663256,0.5357151389948501,0.07728816105136824,0.026720096392735117,6.326902946478757e-6,0.19186059545206596,0.0004127288182122923,4.885996377703133,3.4063089491471197
8.6014231309944e-9,0.5347995081697644,0.00508744131312713,0.5357091985467024,0.07728852304694567,0.026716058670242016,6.326915385468888e-6,0.19185089861200041,0.0004127296427803938,4.885984039665458,3.406349798190348
8.797027254868207e-9,0.5347789904449175,0.0050874306381078205,0.5357031637439461,0.0772881741771676,0.026711954706663613,6.326903396748839e-6,0.19184104674031285,0.00041272884809051373,4.885971505855358,3.40631043043258
8.997079593030912e-9,0.5347581451837967,0.005087440926421707,0.5356970330854595,0.07728851041458147,0.02670778337350232,6.326914951613454e-6,0.19183103733299417,0.00041272961399228846,4.885958773165738,3.4063483730803057
9.201681301889553e-9,0.5347369671144279,0.005087431009629711,0.5356908050461461,0.07728818632520128,0.026703543521674616,6.326903813464264e-6,0.19182086784466956,0.00041272887574167423,4.885945838440154,3.406311801454206
9.41093583823902e-9,0.5347154508783992,0.0050874405683880505,0.535684478076549,0.07728849872022325,0.026699233981095544,6.326914549875351e-6,0.1918105356878832,0.0004127295873376581,4.885932698472042,3.4063470538125458
9.6249490115752e-9,0.5346935910293881,0.005087431353555696,0.5356780506024579,0.07728819757218285,0.026694853560253643,6.326904199269949e-6,0.19180003823236835,0.0004127289013379405,4.885919350003919,3.406313070888005
9.84382903759731e-9,0.534671382031661,0.00508744023679211,0.53567152102451,0.07728848789079287,0.026690401045776448,6.32691417777196e-6,0.19178937280430466,0.00041272956265161727,4.885905789726562,3.4063458321433577
1.0067686592927208e-8,0.5346488182585446,0.0050874316720380605,0.535664887717784,0.07728820798825004,0.026685875201986054,6.3269045565511766e-6,0.1917785366855606,0.0004127289250400473,4.885892014278201,3.4063142465589555
1.0296634871073119e-8,0.5346258939908699,0.005087439929587634,0.5356581490313881,0.0772884778586722,0.02668127477044477,6.326913832966407e-6,0.19176752711292205,0.00041272953977882523,4.885878020243686,3.406344700478729
1.0530789639665647e-8,0.534602603415388,0.005087431967036142,0.5356513032880407,0.0772882176374491,0.02667659846949029,6.326904887487579e-6,0.19175634127730584,0.00041272894699449677,4.885863804153607,3.406315335751401
1.077026929899593e-8,0.5345789406231541,0.0050874396448710975,0.5356443487836441,0.07728846856257636,0.026671844993760522,6.32691351338228e-6,0.19174497632295867,0.0004127295185805907,4.885849362483466,3.4063436518812478
1.1015194941884456e-8,0.5345548996078845,0.005087432240351646,0.5356372837868507,0.07728822657910783,0.02666701301370745,6.326905194144475e-6,0.1917334293466404,0.0004127289673348706,4.885834691652794,3.406316345150716
1.1265690414911726e-8,0.5345304742642806,0.005087439380925652,0.5356301065386239,0.07728845994568441,0.026662101175100136,6.326913217053846e-6,0.19172169739679168,0.0004127294989263216,4.885819788024237,3.406342679962172
1.1521882381041357e-8,0.5345056583863239,0.005087432493647952,0.53562281525179,0.07728823486717194,0.026657108098516215,6.326905478342198e-6,0.1917097774726858,0.00041272898618373717,4.8858046479026775,3.406317280862012
1.1783900383666898e-8,0.5344804456655371,0.0050874391361335845,0.5356154081105823,0.07728845195602133,0.026652032378821956,6.326912942198428e-6,0.19169766652356415,0.00041272948069853455,4.885789267534306,3.4063417788418775
1.2051876912115729e-8,0.5344548296892133,0.0050874327284535555,0.5356078832701797,0.07728824255189487,0.02664687258464041,6.3269057417872925e-6,0.19168536144775475,0.0004127290036563296,4.885773643105686,3.4063181485245297
1.232594746864193e-8,0.5344288039386128,0.005087438909038744,0.5356002388562358,0.07728844454578832,0.026641627257807454,6.326912687170936e-6,0.19167285909177365,0.000412729463787077,4.885757770742806,3.4063409431329363
1.2606250636943282e-8,0.5344023617871254,0.005087432946157453,0.5355924729644003,0.07728824967878452,0.026636294912815404,6.326905986070574e-6,0.19166015624940957,0.0004127290198553205,4.885741646510122,3.4063189533210156
1.289292815223578e-8,0.5343754964983964,0.0050874386982855966,0.5355845836598349,0.07728843767061282,0.02663087403624387,6.32691245046128e-6,0.1916472496607899,0.00041272944809097163,4.885725266409564,3.406340167839907
1.3186124972922132e-8,0.5343482012244206,0.005087433148058785,0.5355765689767169,0.07728825629018309,0.026625363086177748,6.326906212606627e-6,0.19163413601142865,0.00041272903487815687,4.885708626379552,3.4063196999915677
1.3485989353890071e-8,0.5343204690035966,0.00508743850263302,0.535568426917738,0.0772884312899064,0.02661976049161168,6.326912230659454e-6,0.19162081193125616,0.00041272943351809515,4.885691722293988,3.406339448415467
1.3792672921477073e-8,0.534292292758747,0.005087433335333031,0.5355601554535937,0.0772882624250046,0.026614064651841126,6.326906422735167e-6,0.1916072739936292,0.00041272904881079815,4.8856745499612115,3.4063203929309926
1.4106330750140547e-8,0.534263665295098,0.005087438320931159,0.5355517525224638,0.0772884253667476,0.02660827393583933,6.326912026502438e-6,0.19159351871432204,0.00041272941998328776,4.885657105122983,3.406338780655933
1.4427121440870856e-8,0.5342345792982239,0.005087433509072922,0.5355432160294844,0.077288268118756,0.026602386681620113,6.3269066176838174e-6,0.19157954255049733,0.000412729061735786,4.885639383453407,3.406321036180633
1.4755207201388006e-8,0.5342050273319483,0.00508743815212829,0.5355345438462117,0.07728841986635118,0.02659640119558607,6.326911836785671e-6,0.19156534189965663,0.00041272940740726306,4.885621380557842,3.4063381606721146
1.509075392816208e-8,0.5341750018362088,0.005087433670286339,0.5355257338100755,0.07728827340466053,0.026590315751861777,6.326906798559032e-6,0.19155091309857022,0.00041272907372722194,4.885603091971842,3.406321633467644
1.5433931290298386e-8,0.534144495124877,0.005087437995239593,0.535516783723825,0.0772884147571026,0.026584128591611855,6.3269116604317385e-6,0.19153625242218575,0.0004127293957180073,4.885584513160013,3.406337584880196
1.5784912815331013e-8,0.5341134993835399,0.005087433819891435,0.5355076913549649,0.0772882783127712,0.026577837922343316,6.32690696639834e-6,0.19152135608251433,0.0004127290848536342,4.885565639514895,3.406322188202765
1.6143875976966602e-8,0.5340820066672353,0.005087437849378993,0.5354984544351806,0.07728841000969204,0.026571441917191994,6.326911496422882e-6,0.19150622022749553,0.0004127293848482082,4.885546466355821,3.406337050015686
1.6511002284824025e-8,0.5340500088981457,0.005087433958738203,0.5354890706597567,0.07728828287117777,0.026564938714192677,6.326907122154843e-6,0.1914908409398386,0.0004127290951783584,4.885526988927735,3.4063227035602552
1.6886477376214868e-8,0.5340174978632451,0.005087437713710107,0.5354795376869822,0.07728840559737303,0.026558326415532515,6.326911343838997e-6,0.191475214235841,0.0004127293747355833,4.885507202400019,3.406336553033863
1.7270491110010448e-8,0.5339844652119028,0.005087434087616871,0.5354698531375491,0.0772882871056284,0.026551603086787362,6.3269072667052805e-6,0.19145933606418242,0.00041272910475988,4.885487101865296,3.4063231824358007
1.7663237662644393e-8,0.533950902453436,0.005087437587470227,0.5354600145939379,0.0772884014950577,0.02654476675614068,6.326911201798169e-6,0.19144320230469514,0.00041272936532367986,4.885466682338186,3.40633609112738
1.8064915626297415e-8,0.5339168009546199,0.005087434207247174,0.5354500195997945,0.07728829103974272,0.02653781541358475,6.326907400858522e-6,0.19142680876710919,0.00041272911365174966,4.885445938754082,3.4063236275338604
1.8475728109315864e-8,0.5338821519371442,0.00508743746994401,0.5354398656592974,0.07728839767982444,0.026530747010103464,6.326911069525622e-6,0.19141015118977134,0.00041272935655966734,4.885424865967877,3.4063356617169336
1.8895882838912983e-8,0.5338469464750213,0.00508743431828449,0.5354295502365101,0.07728829469563436,0.02652355945683661,6.3269075253523534e-6,0.19139322523833904,0.0004127291219027376,4.885403458752693,3.4063240413273728
1.9325592266206298e-8,0.533811175491945,0.005087437360476987,0.5354190707547283,0.07728839413065837,0.02651625062422524,6.326910946275265e-6,0.19137602650444696,0.00041272934839417644,4.885381711798564,3.4063352624113237
1.9765073673643657e-8,0.5337748297585919,0.005087434421348652,0.535408424595811,0.07728829809333929,0.0265088183411375,6.326907640874096e-6,0.19135855050434605,0.0004127291295587511,4.885359619711116,3.4063244261054697
2.0214549284871578e-8,0.5337378998898762,0.0050874372584666224,0.5353976090995043,0.07728839082756005,0.02650126039397463,6.326910831366307e-6,0.1913407926775148,0.0004127293407819142,4.885337177010234,3.4063348910310434
2.0674246377103107e-8,0.5337003763421425,0.005087434516998635,0.5353866215627497,0.07728830125152192,0.026493574525756854,6.326907748043802e-6,0.19132274838524257,0.00041272913666104785,4.885314378128675,3.4063247839863653
2.1144397396040013e-8,0.5336622494103087,0.005087437163345488,0.5353754592389842,0.07728838775268859,0.026485758435188453,6.326910724160028e-6,0.191304412909182,0.0004127293336811095,4.885291217410692,3.406334545517604
2.162524007340905e-8,0.5336235092249476,0.00508743460575473,0.535364119337426,0.07728830418751326,0.02647780977570185,6.326907847447354e-6,0.19128578144987263,0.0004127291432488798,4.885267689110625,3.406325116908347
2.2117017547171218e-8,0.5335841457493113,0.0050874370746013765,0.5353525990223496,0.0772883848890757,0.02646972615448015,6.326910624075781e-6,0.1912668491252338,0.0004127293270526179,4.885243787391455,3.4063342239997425
2.2619978484463836e-8,0.5335441487762966,0.005087434688088477,0.5353408954123479,0.07728830691702049,0.026461505131457626,6.3269079396211975e-6,0.19124761096902548,0.0004127291493568618,4.885219506323364,3.4063254266875163
2.3134377207339635e-8,0.5335035079253477,0.005087436991737481,0.535329005579581,0.07728838222152436,0.026453144218297954,6.326910530574549e-6,0.19122806192927702,0.0004127293208604648,4.8851948398822325,3.4063339247464706
2.3660473821364008e-8,0.5334622126392964,0.005087434764452211,0.535316926549014,0.07728830945480386,0.026444640877349546,6.32690802504931e-6,0.1912081968666836,0.0004127291550176075,4.885169781948161,3.4063257149994652
2.4198534347137955e-8,0.5334202521811389,0.0050874369143155745,0.5353046552976386,0.07728837973535149,0.026435992520577465,6.3269104431309795e-6,0.19118801055296797,0.0004127293150709131,4.885144326303923,3.4063336461331835
2.4748830854810736e-8,0.5333776156307467,0.005087434835234507,0.5352921887536858,0.07728831181428901,0.026427196508471792,6.326908104170614e-6,0.19116749766920843,0.0004127291602609124,4.885118466633421,3.4063259833618504
2.531164160165233e-8,0.5333342918815103,0.005087436841912192,0.5352795237958203,0.07728837741733857,0.026418250148931694,6.3269103612834e-6,0.19114665280413107,0.00041272930965294036,4.885092196520102,3.4063333866998473
2.588725117275438e-8,0.5332902696369133,0.005087434900815377,0.5352666572523245,0.07728831400809151,0.02640915069612481,6.326908177415426e-6,0.19112547045236591,0.00041272916511435695,4.885065509445368,3.406326233225439
2.6475950624929985e-8,0.5332455374070388,0.0050874367741304055,0.5352535859002664,0.07728837525515005,0.02639989534932157,6.326910284598045e-6,0.19110394501266578,0.00041272930457612693,4.885038398786927,3.4063331450440866
2.7078037633887172e-8,0.5332000835050006,0.005087434961534752,0.5352403064646545,0.07728831604772668,0.02639048125170394,6.3269082451553286e-6,0.19108207078608755,0.0004127291696035477,4.885010857817159,3.40632646589762
2.7693816644747918e-8,0.5331538960433034,0.005087436710623991,0.5352268156175772,0.07728837323737259,0.0263809054891481,6.326910212653265e-6,0.19105984197413434,0.00041272929981452095,4.88498287970142,3.406332919909299
2.832359902599098e-8,0.5331069629301262,0.005087435017699118,0.5352131099773276,0.07728831794375758,0.026371165088980675,6.326908307729181e-6,0.19103725267685748,0.0004127291737506498,4.88495445749634,3.4063266825946936
2.8967703226895635e-8,0.5330592718655297,0.005087436651039502,0.5351991861075128,0.07728837135335434,0.02636125701870797,6.326910145059793e-6,0.1910142968909186,0.00041272929534197096,4.884925584148085,3.4063327101173946
2.9626454938564697e-8,0.5330108103375842,0.005087435069594224,0.5351850405161486,0.07728831970603237,0.02635117818471779,6.326908365454495e-6,0.19099096850760916,0.00041272917757641855,4.884896252490587,3.406326884449974
3.0300187258610994e-8,0.5329615656184165,0.00508743659506141,0.5351706696547368,0.07728836959318423,0.02634092543095344,6.326910081466244e-6,0.19096726131082756,0.0004127292911348523,4.884866455243768,3.406332514571998
3.098924085958733e-8,0.5329115247601747,0.005087435117484129,0.5351560699173282,0.07728832134353847,0.026330495537559413,6.326908418628053e-6,0.19094316897501235,0.00041272918110054805,4.884836185011699,3.40632707251446
3.1693964161247784e-8,0.532860674590909,0.0050874365423922594,0.5351412376395684,0.07728836794769761,0.02631988521949811,6.326910021535595e-6,0.1909186850630306,0.0004127292871698602,4.884805434280758,3.406332332254539
3.2414713506726384e-8,0.5328090017103649,0.005087435161606299,0.5351261690977267,0.0772883228646972,0.026309091125137646,6.3269084674905225e-6,0.19089380302402031,0.0004127291843403294,4.884774195417753,3.4063272477498283
3.315185334272113e-8,0.5327564924856876,0.005087436492756565,0.5351108605077081,0.07728836640827759,0.02629810983480977,6.326909964929639e-6,0.1908685161911859,0.0004127292834265521,4.884742460668003,3.406332162236958
3.390575640377728e-8,0.5327031330470369,0.005087435202174528,0.5350953080240487,0.07728832427716664,0.026286937859337684,6.326908512302796e-6,0.1908428177795452,0.0004127291873107998,4.884710222153402,3.4063274110531134
3.467680390075953e-8,0.5326489092831085,0.005087436445881752,0.5350795077388919,0.07728836496708184,0.026275571638533557,6.3269099113604875e-6,0.19081670088362698,0.000412729279884738,4.884677471870446,3.4063320036505997
3.546538571361213e-8,0.5325938068365602,0.005087435239384168,0.5350634556809483,0.07728832558808943,0.026264007539664774,6.32690855325942e-6,0.19079015847511852,0.00041272919002728094,4.884644201688219,3.4063275632525545
3.627190058850071e-8,0.5325378110993414,0.005087436401523908,0.5350471478144359,0.07728836361660113,0.026252241855889105,6.326909860535299e-6,0.19076318340046064,0.00041272927652514146,4.884610403346372,3.4063318556848854
3.7096756339438534e-8,0.5324809072079217,0.005087435273412572,0.5350305800380021,0.07728832680389086,0.026240270804657958,6.32690859055918e-6,0.19073576837838996,0.00041272919250129135,4.884576068453031,3.406327705127234
3.7940370054497914e-8,0.5324230800384184,0.0050874363594398606,0.5350137481836271,0.07728836234991891,0.026228090526087596,6.326909812182124e-6,0.1907079059974268,0.00041272927332966844,4.884541188482711,3.4063317175873786
3.88031683067098e-8,0.5323643142016206,0.005087435304414433,0.5349966480155065,0.07728832793058464,0.026215697081297763,6.326908624364181e-6,0.190679588713307,0.00041272919474457834,4.884505754774173,3.406327837377114
3.968558736976133e-8,0.5323045940379031,0.005087436319412359,0.5349792752289156,0.07728836116038082,0.026203086450717464,6.326909766036841e-6,0.1906508088463573,0.0004127292702813468,4.884469758528247,3.4063315886695844
4.058807343859656e-8,0.5322439036120341,0.0050874353325326095,0.5349616254490522,0.07728832897364611,0.026190254532357606,6.326908654824835e-6,0.19062155857881172,0.0004127291967667386,4.884433190805627,3.406327960672387
4.151108285503521e-8,0.5321822267078701,0.005087436281215379,0.5349436942298594,0.07728836004199363,0.026177197140050023,6.326909721848606e-6,0.19059182995206803,0.0004127292673628592,4.884396042524631,3.406331468281268
4.245508233852225e-8,0.5321195468229333,0.005087435357887007,0.5349254770528273,0.0772883299381971,0.026163910001652756,6.3269086820707555e-6,0.19056161486388318,0.0004127291985766416,4.884358304458911,3.4063280756174934
4.3420549222123347e-8,0.5320558471628748,0.00508743624464899,0.5349069693257732,0.07728835898908658,0.026150388757221133,6.326909679374821e-6,0.19053090506550566,0.0004127292645586303,4.884319967235151,3.4063313558286734
4.440797169388948e-8,0.5319911106358164,0.005087435380583181,0.5348881663815995,0.07728833082865985,0.026136628957144675,6.3269087062114605e-6,0.19049969215874316,0.0004127292001815295,4.884281021330701,3.406328182783521
4.541784904370797e-8,0.5319253198465673,0.005087436209508813,0.5348690634770299,0.07728835799618271,0.026122626060249166,6.326909638379792e-6,0.19046796759296483,0.0004127292618530019,4.884241457071186,3.4063312507451715
4.64506919157687e-8,0.5318584570907168,0.005087435400715564,0.5348496557913226,0.07728833164925093,0.026108375431864235,6.326908727339281e-6,0.1904357226620353,0.00041272920158734813,4.884201264628083,3.406328282694003
4.7507022566771745e-8,0.5317905043485964,0.005087436175599756,0.5348299384249598,0.07728835705820877,0.02609387234185576,6.326909598627945e-6,0.19040294850117984,0.0004127292592307464,4.884160434016232,3.4063311525169655
4.8587375130005165e-8,0.53172144327911,0.005087435418360024,0.5348099063983143,0.07728833240385997,0.02607911196262339,6.326908745521515e-6,0.1903696360837784,0.0004127292027989915,4.884118955091346,3.406328375836198
4.969229588543065e-8,0.5316512552134277,0.005087436142733101,0.534789554650291,0.07728835617033028,0.026064089367062754,6.326909559901469e-6,0.19033577621808687,0.0004127292566768807,4.884076817547449,3.406331060662772
5.08223435359085e-8,0.5315799211485426,0.005087435433575848,0.5347688780369448,0.07728833309583483,0.026048799526492625,6.326908760813816e-6,0.1903013595438839,0.0004127292038204531,4.884034010914278,3.406328462661082
5.1978089489706926e-8,0.5315074217406816,0.005087436110726569,0.5347478713300718,0.07728835532791932,0.02603323730854673,6.326909521972629e-6,0.19026637652904152,0.00041272925417693,4.883990524554658,3.406330974734588
5.316011814943326e-8,0.5314337372985741,0.005087435446405737,0.5347265292157771,0.07728833372828729,0.026017397475030374,6.326908773257045e-6,0.19023081746601747,0.00041272920465389103,4.883946347661816,3.406328543591438
5.436902720753747e-8,0.5313588477765718,0.005087436079388206,0.5347048462930132,0.07728835452666169,0.026001274679742076,6.326909484618757e-6,0.19019467246826738,0.0004127292517160124,4.883901469256658,3.4063308943070805
5.560542794853578e-8,0.5312827327676106,0.005087435456887778,0.5346828170720951,0.07728833430392568,0.02598486346626019,6.326908782864165e-6,0.190157931466575,0.00041272920530062304,4.883855878185012,3.4063286190043303
5.6869945558105137e-8,0.5312053714960222,0.0050874360485426776,0.5346604359731856,0.07728835376240559,0.025968158265694645,6.326909447615192e-6,0.19012058420529837,0.00041272924927943463,4.883809563114806,3.4063308189939714
5.816321943920976e-8,0.531126742810181,0.005087435465033472,0.5346376973247531,0.07728833482512722,0.025951153394404347,6.326908789641318e-6,0.1900826202385298,0.0004127292057609159,4.88376251253321,3.406328689263349
5.9485903535413655e-8,0.5310468251749897,0.005087436018000245,0.5346145953620023,0.07728835303109696,0.02593384305168028,6.326909410741852e-6,0.1900440289261681,0.0004127292468525379,4.88371471474374,3.40633074842661
6.083866666154755e-8,0.5309655966641944,0.005087435470845151,0.5345911242252751,0.07728833529410291,0.025916221317394763,6.326908793568175e-6,0.19000479942989956,0.00041272920603371415,4.883666157863309,3.4063287547015912
6.222219284189566e-8,0.5308830349525296,0.005087435987580794,0.5345672779584201,0.077288352328821,0.025898282149617445,6.326909373766939e-6,0.18996492070908771,0.0004127292444202626,4.883616829819211,3.406330682268266
6.363718165607076e-8,0.5307991173076849,0.005087435474307327,0.5345430505071351,0.07728833571263342,0.025880019382198364,6.3269087946050186e-6,0.18992438151656685,0.0004127292061167238,4.883566718346088,3.406328815622733
6.508434859275823e-8,0.5307138205820934,0.00508743595709393,0.5345184357172768,0.07728835165187965,0.025861426722318902,6.326909336460959e-6,0.18988317039434005,0.00041272924196723376,4.883515810982818,3.4063306201977195
6.656442541150113e-8,0.5306271212045326,0.005087435475396529,0.5344934273331379,0.07728833608222703,0.025842497748011162,6.326908792701071e-6,0.18984127566917636,0.000412729206006355,4.883464095069391,3.406328872310034
6.807816051271487e-8,0.5305389951715384,0.005087435926350493,0.5344680189956945,0.07728835099656307,0.025823225905646594,6.32690929858138e-6,0.18979868544810724,0.00041272923947784367,4.883411557743667,3.406330561918217
6.962631931611633e-8,0.5304494180386229,0.0050874354740618145,0.5344422042408197,0.07728833640410018,0.025803604507394887,6.326908787778477e-6,0.1897553876138184,0.0004127292056976498,4.883358185938158,3.4063289250231947
7.120968464775651e-8,0.530358364911296,0.005087435895151723,0.5344159764974614,0.07728835035925724,0.025783626728654002,6.326909259881438e-6,0.18971136981993475,0.0004127292369357526,4.883303966376707,3.4063305071500265
7.282905713585828e-8,0.5302658104358818,0.005087435470246459,0.5343893290857894,0.07728833667925927,0.02576328560545238,6.326908779737037e-6,0.18966661948619654,0.0004127292051843348,4.883248885571134,3.406328974006254
7.448525561565193e-8,0.5301717287901277,0.0050874358632952785,0.5343622552153056,0.07728834973645274,0.025742574031824714,6.326909220103815e-6,0.18962112379352303,0.0004127292343240377,4.883192929817797,3.4063304556291683
7.617911754341986e-8,0.5300760936736001,0.005087435463868441,0.5343347479829169,0.07728833690835421,0.025721484757162558,6.326908768463568e-6,0.18957486967896225,0.0004127292044587821,4.883136085194155,3.406329019478426
7.791149941995679e-8,0.5299788782978615,0.005087435830565984,0.5343068003709758,0.07728834912458019,0.025700010383541094,6.326909178977687e-6,0.1895278438305229,0.0004127292316249487,4.883078337555208,3.406330407106001
7.968327722365738e-8,0.5298800553764259,0.005087435454833898,0.5342784052452783,0.07728833709179901,0.025678143363023865,6.32690875381154e-6,0.18948003268188682,0.00041272920351180796,4.883019672529934,3.4063290616426354
8.149534685345655e-8,0.529779597114483,0.005087435796748485,0.5342495553530281,0.07728834852010395,0.02565587599494708,6.326909136218724e-6,0.18943142240699812,0.00041272922881990635,4.8829600755176115,3.4063303613524383
8.334862458183833e-8,0.5296774751983898,0.005087435443026648,0.5342202433207595,0.07728833722968574,0.025633200423185388,6.32690873561837e-6,0.18938199891452698,0.0004127292023325887,4.882899531684144,3.406329100686639
8.524404751815101e-8,0.5295736607849232,0.005087435761605547,0.5341904616522213,0.07728834791943998,0.025610108633401223,6.3269090915280975e-6,0.18933174784220438,0.00041272922588930045,4.882838025958277,3.4063303181467175
8.718257408245426e-8,0.5294681244902844,0.0050874354283115064,0.5341602027262197,0.07728833732181545,0.02558659245027984,6.326908713691198e-6,0.18928065455102575,0.00041272920090855767,4.882775543027767,3.4063291367770265
8.916518449014472e-8,0.5293608363788561,0.005087435724891842,0.5341294587944188,0.07728834731902502,0.02556264353475246,6.326909044584187e-6,0.18922870411931922,0.00041272922281219423,4.882712067335487,3.4063302772795363
9.119288124760265e-8,0.5292517659516996,0.005087435410532423,0.5340982219791017,0.07728833736776154,0.0255382533812101,6.326908687809808e-6,0.18917588133667654,0.00041272919922553296,4.882647583075477,3.4063291700744505
9.326668965910678e-8,0.5291408821347905,0.0050874356863465815,0.5340664842708833,0.07728834671519573,0.025513413314710714,6.326908995052583e-6,0.18912217069774312,0.0004127292195663379,4.882582074188916,3.4063302385547467
9.538765834528172e-8,0.5290281532669849,0.005087435389510284,0.5340342375263838,0.07728833736670893,0.02548811448818277,6.3269086577252075e-6,0.18906755639586337,0.00041272919726722157,4.882515524360032,3.4063292007145547
9.755685977333022e-8,0.5289135470877104,0.0050874356456913185,0.534001473465852,0.07728834610409029,0.025462347879628294,6.326908942566547e-6,0.18901202231657896,0.00041272921612802506,4.882447917011939,3.4063302017797947
9.97753907993272e-8,0.5287970307243745,0.00508743536504154,0.533968183670747,0.0772883373176291,0.025436104289328677,6.326908623156326e-6,0.1889555520309763,0.0004127291950153268,4.882379235302422,3.406329228828531
1.0204437322284537e-7,0.5286785706794861,0.005087435602628579,0.5339343595812696,0.07728834548188213,0.025409374337056964,6.3269088867390225e-6,0.18889812878887963,0.00041272921247180135,4.882309462119627,3.4063301667799992
1.0436495435419073e-7,0.5285581328174824,0.005087435336898473,0.5338999924938437,0.0772883372190481,0.025382148459300445,6.326908583789787e-6,0.1888397355118865,0.0004127291924493044,4.882238580077706,3.406329254524769
1.0673830759454238e-7,0.5284356823512518,0.0050874355568413,0.5338650735585537,0.07728834484446656,0.025354416906497344,6.326908827152102e-6,0.18878035478624225,0.00041272920857034044,4.882166571512362,3.4063301333808442
1.0916563302928001e-7,0.5283111838283508,0.00508743530482338,0.5338295937765254,0.07728833706925732,0.025326169740292472,6.326908539274081e-6,0.18871996885554984,0.00041272918954618357,4.8820934184763445,3.406329277905481
1.1164815803480776e-7,0.5281846011169052,0.005087435507984837,0.5337935439972586,0.07728834418764334,0.025297396830815805,6.326908763353496e-6,0.18865855961331135,0.00041272920439411,4.882019102734866,3.406330101415208
1.1418713789917772e-7,0.5280558973911874,0.00508743526852886,0.5337569149159056,0.07728833686611568,0.02526808785398923,6.3269084892145705e-6,0.1885961085952973,0.00041272918628043544,4.881943605760909,3.40632929906076
1.1678385645682459e-7,0.5279250351168653,0.005087435455693152,0.5337196970704953,0.07728834350696488,0.025238232288866725,6.3269086948597875e-6,0.1885325969717406,0.00041272919991133464,4.881866908730511,3.406330070723085
1.1943962673773609e-7,0.5277919760359132,0.005087435227694726,0.5336818808391028,0.0772883366071773,0.025207819415012805,6.326908433181322e-6,0.18846800553935128,0.00041272918262371094,4.881788992517933,3.406329318066492
1.2215579163138742e-7,0.5276566811511789,0.0050874353995651956,0.5336434564369621,0.07728834279770817,0.025176838309925943,6.326908621141449e-6,0.1884023147131477,0.00041272919508750504,4.881709837690733,3.406330041147378
1.24933724565772e-7,0.527519110710598,0.005087435181966224,0.5336044139135201,0.07728833628951687,0.02514527784651209,6.326908370691017e-6,0.1883355045181004,0.00041272917854460886,4.881629424504813,3.4063293349848522
1.2777483020187528e-7,0.5273792241910485,0.005087435339172106,0.5335647431494327,0.07728834205493125,0.025113126690615356,6.326908541630291e-6,0.18826755458058628,0.00041272918988539595,4.881547732899333,3.4063300125373046
1.30680545143941e-7,0.527236980281838,0.005087435130951552,0.5335244338534987,0.07728833590982957,0.025080373298612506,6.326908301211811e-6,0.1881984441196464,0.0004127291740083947,4.881464742491545,3.4063293498704432
1.3365233866589005e-7,0.5270923368678143,0.005087435274045536,0.5334834755595342,0.07728834127331977,0.02504700591507805,6.326908455707329e-6,0.18812815193804583,0.0004127291842645288,4.881380432571576,3.4063299847418365
1.3669171345425745e-7,0.5269452510120936,0.0050874350742154606,0.5334418576231804,0.07728833546433375,0.025013012570527973,6.32690822415791e-6,0.18805665641313063,0.00041272916897671334,4.881294782097086,3.406329362763264
1.398002063680267e-7,0.5267956789383956,0.00508743520368083,0.533399569218649,0.07728834044724968,0.02497838107924948,6.326908362699698e-6,0.1879839354874776,0.00041272917818096567,4.881207769687834,3.4063299576126833
1.429793892157413e-7,0.5266435760129792,0.005087435011278209,0.5333565993354008,0.07728833494876208,0.024943099037225393,6.3269081388826355e-6,0.18790996665933335,0.00041272916340735365,4.881119373620197,3.406329373693514
1.462308695502893e-7,0.5264888967261695,0.005087435127527013,0.5333129367747556,0.07728833957067228,0.02490715382016163,6.326908261878174e-6,0.18783472697283837,0.00041272917158690254,4.881029571821548,3.406329931002968
1.495562914817622e-7,0.5263315946734674,0.005087434941611938,0.5332685701464335,0.07728833435831733,0.0248705325816271,6.326908044673158e-6,0.18775819300803184,0.00041272915725382614,4.880938341864561,3.4063293826809127
1.5295733650879875e-7,0.5261716225362338,0.0050874350449858245,0.5332234878650243,0.07728833863707969,0.024833222251315363,6.326908152446115e-6,0.18768034087063287,0.00041272916443028436,4.880845660961422,3.406329904764629
1.5643572436883337e-7,0.5260089320619408,0.005087434864633443,0.5331776781463857,0.0772883336876521,0.02479520953343806,6.326907940747126e-6,0.18760114618159524,0.00041272915046498934,4.880751505957923,3.406329389731396
1.599932139076825e-7,0.5258434740439774,0.005087434955406546,0.5331311290039651,0.07728833763949171,0.024756480905260753,6.326908033537199e-6,0.18752058406642927,0.00041272915665456055,4.880655853327486,3.4063298787492244
1.6363160396890324e-7,0.5256751983010058,0.005087434779704504,0.5330838282450463,0.07728833293075943,0.02471702261579172,6.326907826244873e-6,0.187438629144289,0.0004127291429846151,4.880558679165065,3.4063293948400286
1.6735273430337847e-7,0.5255040536558555,0.005087434858081462,0.5330357634669189,0.07728833657037056,0.02467682068463551,6.3269079042076995e-6,0.1873552555168188,0.0004127291481979902,4.880459959180945,3.4063298528076995
1.711584864995867e-7,0.5253299879139488,0.005087434686120619,0.5329869220529668,0.07728833208100706,0.02463586090102266,6.326907700221377e-6,0.18727043675675656,0.00041272913475087926,4.880359668694443,3.406329397988496
1.7505078493502538e-7,0.5251529478412474,0.005087434752236397,0.5329372911686754,0.07728833542154949,0.02459412882302847,6.326907763427628e-6,0.18718414589628793,0.00041272913899315555,4.880257782627495,3.406329826784951
1.7903159774927376e-7,0.5249728791417101,0.005087434583108809,0.5328868577575555,0.07728833113102924,0.024551609776993232,6.326907561638681e-6,0.18709635541514893,0.00041272912569612904,4.88015427549814,3.4063293991496755
1.8310293783918082e-7,0.5247897264342556,0.005087434637030268,0.532835608536982,0.0772883341842235,0.024508288857157685,6.326907610074263e-6,0.18700703722847162,0.0004127291289667538,4.880049121413894,3.4063298005243117
1.8726686387668636e-7,0.5246034332292185,0.005087434469821872,0.5327835299939431,0.07728833007267734,0.024464150925527322,6.326907409360014e-6,0.18691616267437,0.00041272911574596704,4.879942294064995,3.4063293982801888
1.915254813497878e-7,0.5244139419042896,0.005087434511542864,0.5327306083807036,0.07728833284880506,0.02441918061198043,6.326907442920525e-6,0.18682370250126104,0.00041272911803852527,4.879833766717559,3.40632977386325
1.9588094362717994e-7,0.5242211936799333,0.005087434345329294,0.5326768297103721,0.07728832889694955,0.024373362314634342,6.326907242136986e-6,0.18672962685491729,0.00041272910481889757,4.879723512206594,3.4063293953241875
2.0033545304710382e-7,0.5240251285942699,0.005087434374772434,0.5326221797523774,0.07728833140490605,0.024326680200485937,6.326907260627547e-6,0.18663390526524773,0.00041272910612098214,4.879611502928907,3.4063297466324833
2.0489126203096057e-7,0.5238256854774178,0.005087434208610848,0.5325666440278478,0.07728832759392411,0.024279118206342244,6.326907058603032e-6,0.1865365066328022,0.0004127290928254807,4.87949771083589,3.406329390212525
2.0955067422224618e-7,0.5236228019252815,0.005087434225622583,0.5325102078048917,0.0772883298412245,0.02423066004005793,6.3269070617349125e-6,0.18643739921499622,0.00041272909311855516,4.879382107426168,3.4063297186576587
2.1431604565138846e-7,0.5234164142727813,0.00508743405854816,0.5324528560937771,0.07728832615265435,0.024181289182096857,6.326906857257748e-6,0.18633655061205262,0.0004127290796677671,4.879264663738148,3.406329382859676
2.1918978592707339e-7,0.5232064575665102,0.0050874340628978875,0.5323945736420095,0.0772883281454852,0.024130988887435586,6.3269068446428855e-6,0.1862339277526563,0.00041272907892683645,4.879145350342411,3.4063296897517272
2.2417435945466308e-7,0.5229928655368167,0.005087433893914894,0.5323353449293016,0.07728832456113854,0.024079742187827075,6.326906636459271e-6,0.18612949687931854,0.00041272906523843133,4.879024137333978,3.406329373166992
2.2927228668232032e-7,0.5227755705692964,0.0050874338852915715,0.5322751541624373,0.07728832630430768,0.024027531894443656,6.326906607608102e-6,0.1860232235334485,0.00041272906343174247,4.8789009943244634,3.406329659721325
2.3448614537547485e-7,0.5225545036756896,0.005087433713368768,0.5322139852700235,0.07728832280612619,0.023974340600918586,6.326906394409659e-6,0.1859150725401276,0.00041272904941992076,4.878775890434076,3.4063293610172862
2.39818571920268e-7,0.5223295944641727,0.005087433691375784,0.5321518218971285,0.07728832430310269,0.02392015068680647,6.3269063487216264e-6,0.1858050079925851,0.00041272904650853495,4.87864879428347,3.4063296283601634
2.452722626566409e-7,0.5221007711090394,0.005087433515436908,0.5320886473998048,0.0772883208731285,0.023864944321482718,6.326906129135933e-6,0.18569299323637092,0.0004127290320833654,4.878519673985471,3.4063293462763955
2.508499752417386e-7,0.5218679603197567,0.005087433479590146,0.5320244448394922,0.0772883221259847,0.023808703468503677,6.326906065898704e-6,0.18557899085322524,0.0004127290280209166,4.878388497136666,3.40632959544923
2.565545300443169e-7,0.521631087309397,0.005087433298509525,0.5319591969773001,0.0772883187461588,0.02375140989044858,6.326905838482407e-6,0.18546296264463932,0.00041272901308782095,4.878255230808825,3.4063293287911964
2.6238881157086345e-7,0.5213900757624276,0.005087433248229684,0.531892886268164,0.07728831975562175,0.023693045154265707,6.326905756860021e-6,0.18534486961510932,0.0004127290078199646,4.878119841540188,3.4063295607550477
2.6835576992414583e-7,0.5211448478018608,0.005087433060820565,0.5318254948548747,0.07728831640773597,0.02363359063714533,6.32690552008562e-6,0.18522467195507827,0.00041272899227880563,4.877982295326585,3.4063293083882304
2.7445842229493097e-7,0.5208953239557496,0.005087432995428478,0.5317570045619764,0.07728831717309614,0.02357302753294241,6.3269054191126e-6,0.1851023290235669,0.0004127289857426663,4.877842557612426,3.4063295240261895
2.806998544876263e-7,0.5206414231230257,0.005087432800438569,0.5316873968895317,0.07728831383865749,0.02351133685917283,6.326905171358379e-6,0.18497779933049052,0.0004127289694873045,4.877700593281504,3.406329284872782
2.870832224806167e-7,0.5203830625386741,0.005087432719149105,0.5316166530067474,0.07728831435776337,0.023448499464606663,6.326905049931613e-6,0.18485104051866225,0.00041272896161095694,4.877556366647662,3.4063294849952688
2.936117540220819e-7,0.5201201577382343,0.005087432515246936,0.5315447537454631,0.07728831101788465,0.023384496037483153,6.326904789470078e-6,0.18472200934548202,0.0004127289445281947,4.8774098414452665,3.406329258026898
3.0028875026210954e-7,0.519852622521627,0.005087432417161585,0.5314716795934911,0.07728831128706992,0.023319307114371805,6.326904646336603e-6,0.1845906616643106,0.0004127289352299661,4.877260980819556,3.4063294433741858
3.0711758742191854e-7,0.5195803689162996,0.005087432202931078,0.5313974106878135,0.07728830792233717,0.02325291308970473,6.3269043713198754e-6,0.18445695240552998,0.00041272891719892896,4.877109747316772,3.40632922760572
3.141017185010451e-7,0.519303307139683,0.005087432087028823,0.5313219268076264,0.07728830793638201,0.023185294226005113,6.326904205068026e-6,0.1843208355572904,0.0004127289063866728,4.876956102874142,3.406329398850606
3.21244675023351e-7,0.5190213455609608,0.005087431860954786,0.5312452073672277,0.0772883045267403,0.023116430664837578,6.326903913515857e-6,0.18418226414594516,0.0004127288872777337,4.876800008809683,3.406329193338879
3.285500688227377e-7,0.5187343906621427,0.0050874317260842005,0.5311672314087507,0.07728830427879277,0.023046302438505636,6.326903722560803e-6,0.18404119021617577,0.00041272887484809887,4.87664142581183,3.4063293510887247
3.360215938694675e-7,0.5184423469984438,0.005087431486543834,0.5310879775947309,0.0772883008033876,0.02297488948252205,6.32690341234401e-6,0.1838975648108094,0.00041272885452189954,4.876480313928858,3.4063291549246846
3.4366302813802123e-7,0.5181451171579624,0.005087431331411941,0.5310074242005106,0.07728830028489563,0.022902171648877673,6.326903194915731e-6,0.1837513379503313,0.00041272884035933383,4.876316632558134,3.4063292997244337
3.514782355174284e-7,0.5178426017206608,0.0050874310766608815,0.5309255491064713,0.07728829672194933,0.022828128720134407,6.326902863741259e-6,0.18360245861209665,0.00041272881866580757,4.876150340435176,3.4063291120316506
3.5947116776504177e-7,0.5175346992166436,0.0050874308998230065,0.5308423297900918,0.07728829592254773,0.022752740424367666,6.326902617868591e-6,0.18345087470924548,0.0004127288026416352,4.875981395622512,3.4063292443634325
3.676458665047427e-7,0.5172213060837384,0.005087430627981997,0.5307577433178289,0.0772882922491978,0.0226759864509837,6.326902263259249e-6,0.18329653306932597,0.00041272877941879893,4.875809755498339,3.406329064290692
3.7600646527058524e-7,0.5169023166243765,0.00508743042782914,0.5306717663368155,0.07728829115660701,0.022597846467436674,6.326901986753026e-6,0.18313937941263186,0.0004127287613900624,4.875635376744981,3.4063291845772232
3.8455719159691934e-7,0.5165776229617783,0.005087430136869403,0.5305843750663705,0.07728828734875119,0.022518300136870055,6.326901606030925e-6,0.18297935833026072,0.00041272873646270496,4.875458215337143,3.406329011295648
3.9330236915604086e-7,0.5162471149954463,0.005087429911613762,0.5304955452893176,0.07728828594866544,0.022437327136706417,6.3269012964662645e-6,0.18281641326190004,0.000412728716271047,4.8752782265299475,3.406329119901443
4.022464199444549e-7,0.5159106803559697,0.0050874295993431325,0.5304052523431091,0.07728828198076858,0.022354907178209118,6.3269008867301e-6,0.18265048647335064,0.0004127286894494344,4.875095364846755,3.4063289525993774
4.113938665188577e-7,0.5155682043591494,0.005087429347003707,0.530313471110747,0.07728828025671897,0.02227102002703855,6.326900541425089e-6,0.18248151903379528,0.0004127286669196948,4.874909584066781,3.406329049829679
4.207493342829666e-7,0.5152195699594453,0.005087429011046079,0.5302201760114995,0.07728827610164891,0.02218564552482487,6.326900099529081e-6,0.1823094507928239,0.00041272863799804004,4.874720837212451,3.406328887710167
4.303175538263511e-7,0.5148646577027608,0.005087428729431877,0.530125340991407,0.07728827403483444,0.0220987636117781,6.326899715522871e-6,0.18213422035722682,0.0004127286129368016,4.874529076536566,3.406328973811756
4.401033633164587e-7,0.5145033456785694,0.005087428367211939,0.5300289395135719,0.07728826966364144,0.02201035435035542,6.326899238049318e-6,0.1819557650675678,0.00041272858169166105,4.874334253509225,3.4063288160855945
4.501117109450298e-7,0.5141355094714,0.00508742805390362,0.529930944548228,0.07728826723278572,0.02192039795000415,6.326898812078042e-6,0.18177402097455178,0.00041272855388568966,4.874136318804493,3.4063288912480543
4.6034765743015016e-7,0.5137610221116878,0.005087427662623809,0.5298313285625841,0.07728826261450669,0.021828874792997513,6.326898295312372e-6,0.18158892281520164,0.00041272852007416435,4.873935222286831,3.4063287371305684
4.7081637857520247e-7,0.5133797540260155,0.005087427314953815,0.5297300635104366,0.07728825979564552,0.02173576546137879,6.326897823781284e-6,0.18140040398886026,0.000412728489288615,4.873730912997308,3.4063288014847344
4.815231678860065e-7,0.5129915729867518,0.005087426891574318,0.5296271208215432,0.0772882548970351,0.021641050765027522,6.326897263681664e-6,0.1812083965330369,0.00041272845264643976,4.873523339139503,3.406328650191773
4.924734392474836e-7,0.512596344061113,0.005087426506604595,0.5295224713907569,0.07728825166331997,0.02154471177085975,6.326896742635979e-6,0.18101283109911534,0.00041272841862290046,4.873312448065207,3.4063287038094696
5.036727296611828e-7,0.5121939295596678,0.005087426047817177,0.5294160855669113,0.07728824644863673,0.021446729833171887,6.326896134802041e-6,0.18081363692794652,0.0004127283788623437,4.873098186259827,3.406328554552052
5.15126702045065e-7,0.5117841889843063,0.005087425622315384,0.52930793314145,0.07728824277009434,0.021347086625135875,6.326895559894238e-6,0.18061074182534703,0.0004127283413167742,4.872880499327531,3.406328597444446
5.268411480969559e-7,0.5113669789757027,0.005087425124518749,0.5291979833367983,0.07728823720080488,0.021245764171450413,6.326894899530397e-6,0.18040407213752785,0.0004127282981242972,4.872659331976116,3.406328449423592
5.388219912231167e-7,0.5109421532602971,0.005087424654930252,0.5290862047944684,0.07728823304408958,0.021142744882150538,6.326894265984515e-6,0.18019355272647994,0.0004127282567446388,4.872434628001599,3.4063284815408763
5.510752895334097e-7,0.510509562596828,0.005087424114201233,0.5289725655628918,0.07728822707856413,0.021038011587575105,6.326893547863067e-6,0.17997910694534427,0.00041272820977845503,4.872206330272528,3.406328333944607
5.63607238904585e-7,0.5100690547224505,0.005087423596621929,0.528857033084974,0.07728822240666568,0.02093154757448806,6.326892850436073e-6,0.17976065661379598,0.00041272816422206255,4.8719743807139775,3.4063283551720756
5.764241761132202e-7,0.5096204742984768,0.005087423008682406,0.5287395741853638,0.07728821599987293,0.020823336623346657,6.326892068854073e-6,0.17953812199347516,0.0004127281131093953,4.8717387202912965,3.4063282071676473
5.895325820399105e-7,0.5091636628557761,0.005087422438825403,0.5286201550574318,0.07728821077181103,0.020713363046705905,6.326891301792156e-6,0.17931142176349849,0.00041272806300027146,4.87149928899348,3.4063282173262452
6.029390849463252e-7,0.50869845873988,0.005087421799009513,0.5284987412499507,0.07728820387494793,0.02060161172874454,6.326890450527185e-6,0.17908047299608834,0.0004127280073343041,4.871256025816297,3.4063280680565113
6.166504638267821e-7,0.5082246970558372,0.005087421172170428,0.5283752976534691,0.0772881980454242,0.020488068165894352,6.326889607519601e-6,0.17884519113235717,0.00041272795226004067,4.871008868745066,3.406328066897583
6.306736518360505e-7,0.5077422096128699,0.005087420475387326,0.5282497884863772,0.07728819060553932,0.0203727185085497,6.326888679778117e-6,0.1786054899582903,0.0004127278915967067,4.87075775473712,3.406327915474845
6.450157397950941e-7,0.5072508248688817,0.0050874197864059795,0.5281221772806486,0.0772881841245644,0.02025554960383025,6.326887753905119e-6,0.17836128158097042,0.00041272783110507565,4.87050261970394,3.4063279026779982
6.596839797765445e-7,0.5067503678748787,0.0050874190270979525,0.5279924268672606,0.07728817608414676,0.020136549039364703,6.326886742269278e-6,0.17811247640508948,0.00041272776495944447,4.870243398492933,3.4063277481779815
6.746857887717088e-7,0.5062406602193614,0.005087418270315768,0.5278604993612788,0.07728816889662281,0.020015705188058643,6.326885725945646e-6,0.17785898310979992,0.00041272769855475337,4.8699800248689025,3.4063277233471854
6.900287524409709e-7,0.5057215199727546,0.0050874174424143485,0.5277263561466013,0.07728816019313083,0.019893007253804128,6.326884622312453e-6,0.17760070862595514,0.0004127276263971619,4.869712431495138,3.406327564802872
7.057206289494734e-7,0.5051927616319462,0.0050874166116290235,0.5275899578603552,0.07728815223839586,0.01976844531808365,6.326883507227044e-6,0.17733755811379695,0.000412727553536221,4.869440549914158,3.4063275274620146
7.217693528900386e-7,0.504654196065008,0.005087415708505422,0.527451264376936,0.07728814280377563,0.019642010387414824,6.326882302743618e-6,0.1770694349411479,0.0004127274747879687,4.869164310528075,3.40632736385665
7.38183039295289e-7,0.5041056304561791,0.00508741479692009,0.5273102347916853,0.07728813401509942,0.019513694441576922,6.326881079789856e-6,0.17679624066217037,0.0004127273948756384,4.868883642578609,3.40632731344457
7.549699877410113e-7,0.503546868251195,0.00508741381133257,0.5271668274041944,0.07728812377523461,0.019383490482553885,6.3268797647823715e-6,0.17651787499675897,0.00041272730890437966,4.868598474126693,3.406327143704561
7.721386865428356e-7,0.5029777091030547,0.005087412811500275,0.5270209997012305,0.0772881140792791,0.019251392584122118,6.326878423985715e-6,0.17623423581063477,0.0004127272212887401,4.868308732031711,3.406327079570256
7.896978170483501e-7,0.5023979488183181,0.005087411735535109,0.5268727083392745,0.07728810295339544,0.019117395942005427,6.326876987880764e-6,0.1759452190962145,0.0004127271274033315,4.868014341930311,3.406326902556904
8.076562580268175e-7,0.5018073793040357,0.005087410639298662,0.5267219091266616,0.07728809226960405,0.01898149692451196,6.326875518316771e-6,0.17565071895433143,0.00041272703137042546,4.867715228214846,3.4063268239526177
8.260230901587294e-7,0.50120578851542,0.005087409464307034,0.5265685570053197,0.07728808016963716,0.018843693123562166,6.3268739495562345e-6,0.1753506275768896,0.0004127269288153667,4.867411314011358,3.4063266384546984
8.448076006274454e-7,0.5005929604043643,0.005087408262732268,0.5264126060320944,0.07728806840957986,0.01870398340600912,6.3268723392625566e-6,0.17504483523053435,0.00041272682358334343,4.867102521157169,3.4063265445291884
8.640192878152545e-7,0.49996867486893876,0.005087406979259765,0.5262540093596524,0.0772880552394572,0.018562367965145925,6.326870625210763e-6,0.17473323024143106,0.0004127267115327171,4.866788770178039,3.406326349253623
8.836678661062324e-7,0.4993327077039789,0.005087405662563777,0.5260927192169549,0.0772880423061072,0.018418848372287605,6.326868861089454e-6,0.1744156989812434,0.0004127265962455337,4.8664699802648395,3.4063262390442133
9.037632707983103e-7,0.49868483055290636,0.005087404260274464,0.5259286868892938,0.07728802796097897,0.018273427628307862,6.326866987930301e-6,0.17409212585441072,0.00041272647379625763,4.866146069249832,3.4063260326059006
9.243156631270642e-7,0.4980248108609182,0.00508740281774537,0.52576186269788,0.07728801374791992,0.01812611021500353,6.326865055642227e-6,0.17376239328682672,0.00041272634751673585,4.86581695358244,3.4063259050303754
9.45335435403735e-7,0.497352411829694,0.005087401285338284,0.5255921959789742,0.07728799811332385,0.01797690214615275,6.326863008268274e-6,0.17342638171602787,0.0004127262136813352,4.86548254830456,3.406325685942516
9.668332162700993e-7,0.49666739237377205,0.005087399705248721,0.5254196350625557,0.07728798250387739,0.017825811018125443,6.326860892116343e-6,0.17308396958300332,0.00041272607538351375,4.865142767025398,3.4063255397896803
9.888198760728392e-7,0.49596950707876253,0.0050873980303666,0.5252441272505142,0.077287965454812,0.01767284605989754,6.32685865400623e-6,0.1727350333257452,0.000412725929082095,4.864797521895814,3.4063253064515724
1.011306532360131e-6,0.495258506161561,0.0050873962998786906,0.5250656187943599,0.07728794832109724,0.017518018182313314,6.3268563368080495e-6,0.17237944737466146,0.0004127257776429604,4.864446723582129,3.4063251403705954
1.034304555503224e-6,0.49453413543274666,0.005087394469007932,0.524884054872442,0.07728792972101473,0.01736134002643374,6.326853889893527e-6,0.1720170841499803,0.00041272561769452304,4.864090281239477,3.406324891055987
1.0578255744458753e-6,0.49379613626135094,0.00508739257406887,0.5246993795666647,0.07728791092289915,0.017202826010801437,6.3268513528422015e-6,0.1716478140612797,0.0004127254518848751,4.863728102484561,3.4063247035440885
1.0818814825845153e-6,0.49304424554219056,0.005087390572430559,0.5245115358386938,0.07728789062261217,0.017042492377447083,6.3268486773616394e-6,0.17127150550928227,0.0004127252769977456,4.863360093367915,3.406324436387849
1.1064844437821415e-6,0.49227819566597236,0.005087388497659199,0.5243204655056429,0.0772878700065722,0.016880357236455305,6.32684589987388e-6,0.17088802489005953,0.00041272509547225593,4.862986158345623,3.406324225779092
1.1316468985189732e-6,0.4914977144923839,0.005087386309089342,0.5241261092152325,0.07728784784304765,0.016716440608902927,6.326842974212248e-6,0.17049723660179833,0.00041272490423361545,4.86260620025043,3.4063239387621187
1.1573815701829775e-6,0.4907025253263918,0.0050873840376509365,0.5239284064204088,0.07728782524092721,0.016550764467976577,6.3268399337607195e-6,0.17009900305428524,0.00041272470551992064,4.862220120262317,3.4063237032121108
1.1837014715034399e-6,0.48989234689798367,0.005087381644470153,0.523727295353418,0.07728780103596779,0.01638335277807215,6.326836734275529e-6,0.16969318468127295,0.00041272449638443995,4.861827817878476,3.406323394145912
1.2106199111308575e-6,0.4890668933455942,0.005087379157940413,0.523522712999323,0.07728777626360793,0.016214231531673663,6.326833406207029e-6,0.16927963995589695,0.0004127242788712002,4.861429190882693,3.406323131616909
1.2381505003664483e-6,0.4882258742034718,0.005087376540810541,0.5233145950689558,0.07728774982241889,0.016043428783805862,6.3268299070365405e-6,0.1688582254093195,0.0004127240501484922,4.861024135314094,3.4063227981263484
1.2663071600447026e-6,0.4873689943932467,0.00508737381902601,0.523102875971296,0.07728772267816059,0.015870974683851194,6.326826264371969e-6,0.1684287956527811,0.00041272381207234626,4.860612545435288,3.406322506370028
1.2951041275724513e-6,0.48649595421997593,0.005087370956794263,0.5228874887852655,0.07728769378777821,0.01569690150451942,6.32682243722597e-6,0.1679912034032486,0.0004127235619133151,4.860194313699859,3.4063221458744937
1.3245559641279972e-6,0.4856064493729517,0.005087367977689148,0.5226683652309329,0.07728766405082894,0.015521243667756814,6.326818450441901e-6,0.16754529951285418,0.00041272330134460166,4.859769330719208,3.406321822413422
1.3546775620239846e-6,0.4847001709315634,0.005087364847216387,0.5224454356401165,0.07728763247839646,0.015344037767379916,6.326814264373378e-6,0.16709093300232555,0.0004127230277264856,4.859337485228703,3.406321432106912
1.3854841522376847e-6,0.4837768053765266,0.0050873615866441945,0.5222186289263796,0.07728759990704366,0.01516532258822007,6.326809901162884e-6,0.16662795109861528,0.0004127227425536166,4.8588986640531795,3.4063210742137593
1.4169913121125344e-6,0.4828360346067907,0.005087358162618065,0.5219878725544088,0.07728756539793052,0.01498513912156491,6.326805322317059e-6,0.16615619927694192,0.0004127224432636086,4.858452752071719,3.406320651041597
1.4492149732348192e-6,0.4818775359624579,0.005087354594155235,0.5217530925087657,0.07728752972756843,0.014803530576685217,6.326800547328247e-6,0.16567552130746419,0.0004127221311759535,4.857999632181696,3.406320255717369
1.4821714294894747e-6,0.48090098225404937,0.005087350848885357,0.5215142132620079,0.07728749200331965,0.014620542388238436,6.326795538669051e-6,0.16518575930681192,0.0004127218037933096,4.857539185262136,3.4063197963525234
1.5158773452990755e-6,0.479906041798474,0.0050873469436179975,0.5212711577421679,0.07728745294431509,0.014436222219344591,6.326790313218552e-6,0.1646867537947094,0.0004127214622625156,4.857071290136289,3.4063193603009427
1.5503497640502122e-6,0.47889237846205734,0.005087342846812028,0.5210238472995854,0.07728741170038966,0.014250619960134516,6.326784834228999e-6,0.164178343755925,0.0004127211041389729,4.856595823533454,3.406318861117843
1.5856061167114633e-6,0.4778596517110075,0.0050873385731014945,0.5207722016730829,0.077287368935733,0.014063787721578168,6.326779115988899e-6,0.16366036670779527,0.0004127207303984519,4.856112660050009,3.4063183807191435
1.6216642306473618e-6,0.4768075166696995,0.005087334091620003,0.5205161389554817,0.0772873238390507,0.013875779824407384,6.32677312234293e-6,0.16313265877357094,0.0004127203386367918,4.855621672109662,3.406317837763544
1.6585423386327981e-6,0.47573562418717613,0.005087329414846557,0.520255575558449,0.07728727702178281,0.013686652782956802,6.3267668649981455e-6,0.16259505476184039,0.00041271992965935696,4.855122729922874,3.4063173090440917
1.6962590880724196e-6,0.47464362091226975,0.005087324512434733,0.5199904261766725,0.07728722770802855,0.013496465283756913,6.326760308202241e-6,0.16204738825229145,0.00041271950108996697,4.854615701445431,3.4063167180027243
1.734833550429674e-6,0.4735311493777615,0.005087319394717711,0.5197206037513542,0.07728717645843211,0.013305278158725023,6.326753461075576e-6,0.1614894916880765,0.00041271905356331793,4.854100452336187,3.4063161366029417
1.774285230870306e-6,0.47239784809400676,0.0050873140317122595,0.5194460194330209,0.0772871225291104,0.013113154352812208,6.326746288076377e-6,0.16092119647505077,0.0004127185847185501,4.853576845913933,3.406315492767957
1.814634078125129e-6,0.47124335165246234,0.005087308431602921,0.5191665825436487,0.0772870664316327,0.012920158885979794,6.32673879571795e-6,0.16034233308815746,0.00041271809501843844,4.853044743113336,3.406314853906901
1.8559004945770948e-6,0.47006729083956433,0.005087302564610913,0.518882200538091,0.0772870074508409,0.012726358809393403,6.3267309484727926e-6,0.1597527311852386,0.00041271758210454214,4.852504002440021,3.406314152138328
1.89810534657776e-6,0.4688692927614092,0.0050872964367572465,0.518592778964816,0.07728694605072989,0.012531823155740423,6.326722750211629e-6,0.15915221972855062,0.0004127170462654596,4.851954479924676,3.4063134505742947
1.9412699749983334e-6,0.46764898097970997,0.005087290018305201,0.5182982214259442,0.07728688154163842,0.012336622883595029,6.326714165219088e-6,0.15854062711426997,0.000412716485131891,4.851396029076225,3.4063126852588024
1.9854162060207042e-6,0.4664059756594925,0.0050872833130846135,0.5179984295365853,0.07728681434125759,0.012140830815774025,6.326705194671827e-6,0.1579177813102731,0.00041271589881495657,4.850828500834017,3.406311915246867
2.03056636217383e-6,0.4651398937290199,0.005087276291234247,0.517693302883479,0.07728674378225045,0.011944521571648659,6.3266958024577685e-6,0.15728351000247837,0.0004127152849207915,4.850251743519018,3.406311080252483
2.07674327362112e-6,0.4638503490524289,0.005087268954352003,0.5173827389829323,0.0772866702370494,0.011747771493398684,6.326685986991241e-6,0.15663764075003747,0.00041271464337863396,4.849665602783998,3.406310235497656
2.1239702897045023e-6,0.46253695261557476,0.005087261272279993,0.5170666332380587,0.07728659305750438,0.011550658566218931,6.326675711546713e-6,0.15598000114966312,0.0004127139717558255,4.8490699215626565,3.406309324124801
2.172271290751013e-6,0.4611993127255814,0.00508725324432976,0.5167448788953201,0.07728651257161002,0.011353262332512735,6.326664971690337e-6,0.15531041900937992,0.00041271326979417104,4.848464540017694,3.406308397730559
2.2216707001478643e-6,0.4598370352246043,0.005087244839867983,0.5164173670003748,0.07728642814728262,0.011155663800131724,6.326653729856531e-6,0.1546287225319821,0.00041271253500735014,4.84784929548778,3.4063074026572915
2.272193496692144e-6,0.4584497237183086,0.00508723605585097,0.5160839863532344,0.07728634006867467,0.010957945344747795,6.326641978659016e-6,0.15393474050847922,0.00041271176694298006,4.84722402243345,3.406306387070265
2.323865227221323e-6,0.45703697981957503,0.005087226860983467,0.5157446234627363,0.07728624771664966,0.01076019060647023,6.326629679454407e-6,0.15322830252180702,0.00041271096304547377,4.8465885523818155,3.406305300293787
2.3767120195310093e-6,0.45559840340794183,0.005087217249782462,0.5153991625003376,0.07728615133188042,0.010562484380847852,6.326616821780146e-6,0.15250923916107412,0.0004127101226602226,4.845942713870124,3.406304187241688
2.4307605955864653e-6,0.4541335929052922,0.005087207190095123,0.5150474852532382,0.07728605030504505,0.010364912504424898,6.3266033656644355e-6,0.1517773822466095,0.00041270924314595317,4.845286332388164,3.406303000013507
2.486038285034543e-6,0.4526421455682938,0.0050871966738989475,0.5146894710768447,0.07728594483346601,0.010167561735046972,6.3265892974235675e-6,0.15103256506606738,0.0004127083236364006,4.844619230319418,3.406301780438456
2.5425730390229408e-6,0.45112365779809516,0.005087185667977457,0.5143249968465811,0.07728583431446688,0.009970519627142429,6.3265745754923204e-6,0.15027462262183455,0.00041270736138723254,4.843941226880981,3.4063004831939385
2.600393444333673e-6,0.4495777254677749,0.005087174161651286,0.5139539369090648,0.07728571890190819,0.009773874402233072,6.326559182798494e-6,0.1495033918899777,0.00041270635530965273,4.843252138062225,3.4062991471784962
2.6595287378379736e-6,0.4480039442680369,0.00508716212042249,0.5135761630326579,0.07728559799653846,0.009577714814956124,6.326543075901918e-6,0.14871871209095083,0.00041270530253781465,4.8425517765621615,3.406297729459761
2.7200088212799125e-6,0.44640191007162966,0.005087149530818975,0.5131915443574125,0.07728547170839842,0.009382130014907833,6.326526234151077e-6,0.1479204249722714,0.00041270420174794524,4.841839951725473,3.4062962661467595
2.781864276396207e-6,0.44477121931696356,0.005087136356830103,0.5127999473444264,0.07728533943836341,0.009187209404646299,6.326508611930288e-6,0.1471083751033547,0.00041270304993301594,4.841116469477202,3.4062947165177793
2.8451263803798494e-6,0.4431114694113779,0.00508712258203583,0.512401235724629,0.07728520125203972,0.008993042494218126,6.326490184792055e-6,0.14628241018267957,0.0004127018455201641,4.840381132256039,3.406293114022463
2.9098271216954404e-6,0.44142225915450023,0.005087108168666207,0.5119952704470248,0.07728505654704197,0.008799718752598785,6.3264709046244766e-6,0.14544238135743356,0.0004127005853401596,4.839633738946228,3.406291419976933
2.975999216254126e-6,0.43970318918211926,0.00508709309717703,0.5115819096264094,0.07728490534365974,0.008607327456461995,6.3264507429396845e-6,0.14458814355576752,0.00041269926755511883,4.838874084807994,3.4062896652902688
3.0436761239563956e-6,0.4379538624309698,0.0050870773277756015,0.5111610084905961,0.07728474703274137,0.008415957536715899,6.326429648785304e-6,0.14371955583175935,0.00041269788881107195,4.838101961406526,3.406287813150524
3.1128920656110693e-6,0.436173884624805,0.005087060837594658,0.5107324193271741,0.07728458158809738,0.008225697423266138,6.326407589359076e-6,0.14283648172316127,0.0004126964469872514,4.837317156539441,3.4062858920338597
3.1836820402390443e-6,0.43436286478210584,0.005087043584536353,0.5102959914298354,0.07728440839016608,0.008036634888485553,6.326384510498308e-6,0.14193878962197237,0.0004126949385207254,4.836519454162702,3.406283866840446
3.256081842770522e-6,0.432520415745743,0.005087025542187086,0.5098515710443039,0.0772842273648236,0.007848856889888518,6.326360374780198e-6,0.14102635315784667,0.0004126933609878677,4.835708634314987,3.406281763710104
3.3301280821447326e-6,0.430646154734876,0.005087006665840597,0.5093990013139048,0.07728403787829183,0.00766244941252338,6.3263351244331284e-6,0.1400990515943076,0.00041269171059070766,4.834884473040434,3.4062795491006086
3.4058581998212153e-6,0.42873970391933663,0.005086986925287271,0.5089381222248147,0.07728383980674274,0.007477497311610773,6.3263087170729135e-6,0.13915677023770398,0.0004126899845805072,4.834046742309752,3.4062772469018303
3.4833104887120855e-6,0.4268006910167009,0.005086966272885605,0.5084687705510411,0.07728363249818779,0.007294084155965707,6.326281090888709e-6,0.1381994008587973,0.0004126881788960989,4.833195209939675,3.406274824978603
3.5625241125448425e-6,0.4248287499122105,0.005086944674352055,0.5079907797991717,0.07728341577699659,0.0071122920727506676,6.326252198156459e-6,0.1372268421268258,0.00041268629043893207,4.832329639510686,3.4062723050472403
3.6435391256654713e-6,0.42282352130165896,0.00508692207875718,0.5075039801529528,0.07728318896875765,0.006932201594112081,6.326221972560869e-6,0.1362390000558426,0.00041268431485419927,4.83144979028301,3.4062696562328285
3.7263964932919463e-6,0.42078465335729665,0.005086898447434673,0.5070081984177477,0.07728295184359056,0.0067538915062554045,6.326190360618667e-6,0.13523578846307113,0.000412682248666161,4.830555417110833,3.406266898144179
3.8111381122282614e-6,0.4187118024167639,0.005086873725786044,0.5065032579649343,0.07728270370020078,0.006577438701514127,6.3261572910063035e-6,0.13421712943896832,0.00041268008719340567,4.829646270354701,3.4062640010229868
3.89780683204954e-6,0.4166046336949906,0.005086847870419772,0.5059889786763088,0.07728244425163462,0.006402918033964394,6.326122704017399e-6,0.13318295382862433,0.000412677826552724,4.828722095792051,3.4062609824264016
3.986446476768911e-6,0.4144628220189411,0.005086820822655601,0.5054651768885581,0.0772821727649755,0.00623040217913071,6.326086522773983e-6,0.13213320172406715,0.00041267546170036613,4.8277826345258825,3.406257813571311
4.077101866997116e-6,0.4122860525850091,0.005086792533998191,0.5049316653378787,0.07728188889297136,0.006059961498318546,6.326048680834536e-6,0.1310678229669738,0.00041267298831220925,4.826827622891468,3.4062545100093558
4.169818842606007e-6,0.41007402173880053,0.005086762941238138,0.5043882531048147,0.0772815918660346,0.005891663908097107,6.326009095173554e-6,0.129986777661219,0.00041267040094338013,4.825856792361128,3.4062510437924667
4.264644285907513e-6,0.4078264377769507,0.005086731990358152,0.5038347455593988,0.0772812812729579,0.005725574755439174,6.325967692049984e-6,0.12889003669462099,0.0004126676947919782,4.82486986944696,3.4062474285027853
4.3616261453596326e-6,0.40554302177055407,0.00508669961313392,0.5032709443066831,0.07728095630207811,0.005561756699006501,6.3259243816461024e-6,0.12777758226916736,0.0004126648639698448,4.82386657560157,3.4062436368880618
4.460813459811567e-6,0.40322350840968296,0.005086665749565101,0.5026966471327519,0.07728061647411374,0.005400269597046732,6.325879082299722e-6,0.12664940843892095,0.00041266190315669763,4.822846627116666,3.40623968058674
4.562256383300204e-6,0.40086764686838816,0.005086630325884837,0.5021116479513156,0.07728026092953479,0.005241170402342863,6.325831696700019e-6,0.12550552165472545,0.0004126588059752489,4.821809735019568,3.40623553290326
4.6660062104104935e-6,0.3984752016894698,0.005086593275601927,0.501515736750986,0.0772798891163655,0.005084513064628532,6.325782134579654e-6,0.12434594131474173,0.0004126555665421599,4.820755604967525,3.4062312035478732
4.772115402212512e-6,0.3960459536882119,0.005086554518833056,0.5009086995433474,0.07727950012097949,0.004930348440851801,6.325730290371641e-6,0.12317070031975556,0.00041265217794111454,4.81968393713982,3.40622666624169
4.880637612788436e-6,0.3935797008741577,0.005086513982037342,0.5002903183119357,0.07727909331354768,0.004778724213636819,6.325676064451902e-6,0.12197984563210341,0.00041264863367661535,4.818594426127654,3.4062219287719846
4.991627716362678e-6,0.39107625938990304,0.005086471578590386,0.4996603709622504,0.07727866771963834,0.00462968481825778,6.325619342165994e-6,0.12077343883696957,0.0004126449262389595,4.81748676082168,3.406216965134798
5.105141835049032e-6,0.3885354644657587,0.005086427227287443,0.4990186312729259,0.07727822262582386,0.004483271378401622,6.325560013707434e-6,0.11955155670470495,0.0004126410484665491,4.8163606242972685,3.40621178118894
5.221237367228814e-6,0.3859571713890191,0.005086380834082697,0.49836486884820147,0.07727775698962366,0.004339521650956761,6.325497954428603e-6,0.11831429175271864,0.00041263699219707095,4.815215693697337,3.4062063510613023
5.339973016574298e-6,0.38334125648645,0.005086332309432759,0.4976988490718316,0.07727727000763458,0.00419846998002427,6.325433043434212e-6,0.11706175280539052,0.00041263274954360277,4.814051640112784,3.406200678665437
5.461408821732269e-6,0.38068761811847784,0.0050862815511292,0.49702033306258503,0.0772767605614956,0.004060147260305093,6.3253651450957475e-6,0.11579406555034395,0.0004126283116266518,4.81286812846046,3.4061947381118
5.585606186682507e-6,0.3779961776834344,0.00508622846054909,0.4963290776314959,0.07727622775076276,0.003924580909974196,6.325294126434809e-6,0.11451137308931685,0.0004126236697689971,4.811664817358611,3.4061885313405034
5.712627911786703e-6,0.3752668806300778,0.005086172926513182,0.4956248352410288,0.07727567037271281,0.003791794853107666,6.325219839764653e-6,0.11321383648175465,0.00041261881430352317,4.810441358999778,3.406182032293923
5.842538225543448e-6,0.37249969747646705,0.005086114840506278,0.4949073539663347,0.07727508742205,0.0036618095116847074,6.3251421389332355e-6,0.11190163527914634,0.00041261373569146363,4.809197399021104,3.4061752408987283
5.975402817065354e-6,0.3696946248331381,0.005086054081496788,0.49417637745877824,0.07727447760249206,0.00353464180714138,6.3250608630201024e-6,0.11057496804801187,0.00041260842340122263,4.807932576371989,3.40616813077225
6.1112888692947035e-6,0.36685168642838056,0.005085990530185892,0.4934316449119322,0.0772738397952702,0.003410305171408602,6.324975851504267e-6,0.10923405287934447,0.0004126028669543836,4.806646523179062,3.4061606997750626
6.2502650929745446e-6,0.3639709341332699,0.005085924054727789,0.49267289103023304,0.07727317260055967,0.0032888095673224895,6.324886928948368e-6,0.10787912788220316,0.0004125970548709848,4.805338864608427,3.406152921036402
6.3924017613922134e-6,0.3610524489839773,0.005085854524062857,0.49189984600051356,0.07727247477661242,0.0031701615182523415,6.32479391915266e-6,0.10651045165904702,0.00041259097564736114,4.804009218725133,3.4061447902849187
6.537770745913016e-6,0.35809634219872266,0.005085781794481431,0.4911122354666272,0.07727174480921334,0.003054364146748763,6.3246966307621006e-6,0.10512830376030083,0.0004125846167636114,4.802657196349817,3.406136279991321
6.686445552321961e-6,0.3551027561866005,0.005085705722092262,0.4903097805073944,0.07727098132317146,0.0029414172219741617,6.3245948704633785e-6,0.1037329851155425,0.00041257796559705714,4.801282400912504,3.4061273836725534
6.838501357991951e-6,0.3520718655453664,0.005085626150175744,0.4894921976181066,0.07727018267808049,0.002831317215638351,6.3244884294538975e-6,0.10232481843860997,0.00041257100848785504,4.7998844283034705,3.406118072961879
6.994015049897153e-6,0.3490038780451262,0.005085542920836039,0.48865919869584146,0.07726934735379631,0.0027240573661250593,6.324377095735519e-6,0.10090414860383619,0.0004125637315916281,4.798462866721196,3.406108339069927
7.153065263490945e-6,0.3458990355947382,0.0050854558630922565,0.48781049102884133,0.07726847357088036,0.0026196277504599726,6.324260641387544e-6,0.09947134299053671,0.0004125561199993776,4.797017296517289,3.406098152603922
7.3157324224678605e-6,0.3427576151876024,0.005085364803759235,0.4869457772902273,0.07726755965158388,0.0025180153637386184,6.324138834006394e-6,0.09802679179280296,0.0004125481585325911,4.7955472900384075,3.4060875023579227
7.482098779429824e-6,0.3395799298233827,0.005085269556228215,0.486064755536328,0.07726660366345058,0.002419204205602214,6.3240114247284135e-6,0.09657090829158425,0.0004125398309138209,4.794052411465072,3.406076357713278
7.652248457477164e-6,0.33636632940208144,0.005085169930618078,0.4851671192099119,0.07726560375723442,0.0023231753733226673,6.323878158861382e-6,0.0951041290859854,0.0004125311205073488,4.792532216647391,3.406064704920425
7.826267492745382e-6,0.33311720158677494,0.005085065723199545,0.4842525571486257,0.07726455783222082,0.0022299071610337477,6.3237387646051006e-6,0.09362691428066247,0.00041252200953696146,4.7909862529376,3.4060525119225518
8.004243877909382e-6,0.329832972631199,0.005084956725855795,0.48332075359894744,0.07726346385242004,0.002139375164624278,6.3235929629177056e-6,0.09213974762616078,0.00041251247977503553,4.78941405901943,3.4060397622814964
8.18626760667688e-6,0.32651410816828685,0.005084842716106441,0.4823713882359814,0.07726231953224398,0.0020515523917915674,6.323440456884424e-6,0.09064313660902285,0.0004125025118042247,4.787815164734223,3.4060264222759034
8.372430719293721e-6,0.32316111395565655,0.005084723465913824,0.48140413618942585,0.07726112263223388,0.001966409376738548,6.323280940858553e-6,0.08913761248848318,0.00041249208565761076,4.7861890909037506,3.406012472614618
8.562827349084012e-6,0.31977453657397775,0.005084598732265095,0.48041866807605876,0.07725987066380947,0.0018839142989869116,6.323114090431211e-6,0.08762373027657862,0.00041248118012116725,4.784535349149781,3.4059978776696895
8.757553770048547e-6,0.31635496407407254,0.005084468265357886,0.47941465003910044,0.0772585611657048,0.001804033105770664,6.322939570883562e-6,0.08610206865852732,0.000412469773327437,4.782853441710226,3.4059826151118164
8.956708445545824e-6,0.31290302656855323,0.005084331799700758,0.4783917437948167,0.0772571914265814,0.0017267296374697508,6.322757027712714e-6,0.08457322985027527,0.00041245784209577015,4.781142861251972,3.405966647146921
9.160392078079947e-6,0.30941939676376456,0.005084189061709303,0.47734960668674514,0.07725575874326873,0.0016519657555423566,6.322566094428902e-6,0.08303783939017342,0.0004124453624817832,4.779403090680236,3.4059499482000004
9.36870766022084e-6,0.3059047904277703,0.00508403976128725,0.47628789174793185,0.0772542601600984,0.0015797014724161338,6.322366383594606e-6,0.08149654586183243,0.00041243230915251886,4.777633602944521,3.4059324780317235
9.581760526682404e-6,0.30235996679012106,0.00508388359886159,0.4752062477715793,0.0772526927099814,0.0015098950828037515,6.3221574939974966e-6,0.07995002054531188,0.00041241865589376623,4.775833860841082,3.4059142075896878
9.79965840758501e-6,0.2987857288691503,0.005083720257408073,0.47410431939051795,0.07725105316937413,0.001442503295916147,6.321939002161633e-6,0.07839895699392879,0.000412404375017387,4.774003316811876,3.4058950938886303
1.0022511482929122e-5,0.2951829237225822,0.005083549408951866,0.4729817471659227,0.07724933828315747,0.001377481368057783,6.321710468924649e-6,0.07684407053412852,0.0004123894378283929,4.772141412740005,3.40587510414082
1.0250432438307898e-5,0.29155244261728114,0.005083370707002663,0.4718381676857059,0.07724754453421072,0.001314783235101673,6.321471431381166e-6,0.07528609768603892,0.00041237381406181574,4.770247579741589,3.4058541922906156
1.0483536521886554e-5,0.2878952211140557,0.005083183792544916,0.4706732136730294,0.07724566835298707,0.0012543616443582556,6.321221408889859e-6,0.07372579550253856,0.00041235747231125464,4.768321237954079,3.405832321528606
1.0721941602677576e-5,0.28421223906351945,0.00508298828684923,0.46948651410538844,0.07724370590072467,0.0011961682853704359,6.3209598954111464e-6,0.07216394082490306,0.00041234037949274867,4.766361796320978,3.4058094423777825
1.0965768230141168e-5,0.2805045205091369,0.005082783796974221,0.46827769434472477,0.07724165326455712,0.0011401539191878399,6.320686364967158e-6,0.07060132945335493,0.0004123225012363611,4.764368652372945,3.405785513690145
1.1215139695141055e-5,0.27677313349372823,0.005082569908922043,0.467046376279042,0.07723950625343799,0.0010862685056956972,6.3204002643367504e-6,0.06903877523113484,0.0004123038013745896,4.762341192005285,3.4057604821873193
1.14701820922864e-5,0.2730191897658763,0.005082346192671573,0.46579217847599896,0.07723726057956552,0.001034461328598076,6.320101017989187e-6,0.06747710904103067,0.0004122842422983891,4.760278789251829,3.4057343020322874
1.1731024383691628e-5,0.26924384438287546,0.005082112195647111,0.4645147163489627,0.0772349116661448,0.0009846811176806233,6.3197880211005425e-6,0.06591717771364655,0.0004122637844677329,4.758180806055139,3.4057069157333397
1.1997798464186002e-5,0.26544829520709223,0.005081867447300656,0.4632136023360184,0.07723245481585082,0.0009368761680050278,6.319460643979388e-6,0.06435984284707498,0.0004122423867333074,4.756046592033114,3.4056782723777057
1.2270639228006222e-5,0.2616337822928481,0.0050816114528637,0.46188844609242563,0.07722988502959602,0.0008909944557150674,6.319118225369851e-6,0.06280597953803559,0.000412220005866912,4.753875484241931,3.405648309813151
1.2549684637005675e-5,0.25780158716122087,0.0050813436974944046,0.46053885469702976,0.07722719716270136,0.0008469837501627671,6.318760076385203e-6,0.06125647502497791,0.0004121965968499093,4.751666806935377,3.4056169716250375
1.2835075790414736e-5,0.25395303196046215,0.005081063640283077,0.45916443287312897,0.07722438575387726,0.0008047917220922795,6.318385474063448e-6,0.05971222724410488,0.0004121721124211934,4.749419871320531,3.4055841905147535
1.312695699618766e-5,0.25008947851005886,0.0050807707179781735,0.4577647832243051,0.07722144516972189,0.0007643660476484219,6.3179936648224125e-6,0.058174143299754566,0.000412146503333319,4.747133975309855,3.4055499040966954
1.342547584397179e-5,0.24621232722682942,0.005080464339216843,0.4563395064857317,0.07721836944315887,0.0007256545080063676,6.317583858234459e-6,0.05664313785109002,0.00041211971791581834,4.744808403269684,3.405514039397525
1.373078327973623e-5,0.24232301593182454,0.005080143887841569,0.45488820179146555,0.0772151524068355,0.0006886050844482004,6.3171552300144435e-6,0.05512013141757092,0.0004120917022997934,4.74244242576516,3.4054765275448906
1.4043033682097634e-5,0.2384230185372148,0.005079808717327811,0.45341046695823006,0.07721178754029263,0.0006531660487411157,6.316706915980586e-6,0.05360604860623285,0.00041206239999438694,4.740035299301591,3.405437289315858
1.4362384940381737e-5,0.23451384361277997,0.005079458153701269,0.45190589878619897,0.07720826809278922,0.0006192860487004755,6.3162380145843196e-6,0.05210181626436355,0.0004120317520804623,4.737586266062339,3.405396248784588
1.4688998534459943e-5,0.23059703283207364,0.005079091490134972,0.45037409337727785,0.07720458693850958,0.0005869141888487635,6.315747581024772e-6,0.05060836156174462,0.00041199969679806355,4.735094553643213,3.405353319852582
1.5023039616401722e-5,0.22667415929880813,0.005078707989475278,0.4488146464713796,0.07720073668929606,0.000556000106108349,6.315234629327196e-6,0.049126610007215674,0.00041196616970966515,4.732559374783457,3.4053084189183775
1.5364677093983617e-5,0.22274682575451515,0.005078306878981047,0.4472271538011818,0.07719670955722763,0.0005264940404920201,6.314698126578644e-6,0.04765748340491417,0.00041193110329646376,4.729979927093339,3.405261452325939
1.571408371609743e-5,0.218816662669038,0.005077887352464727,0.44561121146583765,0.07719249745769771,0.0004983469007800096,6.314136994559688e-6,0.04620189775614122,0.00041189442709152875,4.727355392778437,3.405212328115667
1.6071436160100643e-5,0.21488532621595693,0.005077448565146437,0.4439664163241106,0.07718809187872269,0.000471510325195865,6.3135501040687395e-6,0.04476076111339804,0.00041185606728277884,4.724684938360677,3.4051609443308104
1.643691512115332e-5,0.21095449613558112,0.005076989635414425,0.44229236640737285,0.07718348397476109,0.0004459367371158299,6.312936276109395e-6,0.04333497139372716,0.00041181594681621246,4.721967714396196,3.4051071999051286
1.6810705403586427e-5,0.20702587348870757,0.005076509639767107,0.4405886613529063,0.0771786644421322,0.000421579395867275,6.312294276270909e-6,0.041925414159067774,0.00041177398500341546,4.719202855190059,3.405050983770927
1.7192996014348273e-5,0.20310117830489696,0.005076007614195375,0.43885490285791257,0.0771736236039318,0.00039839244269111675,6.311622815471181e-6,0.040532960371890046,0.00041173009759490467,4.716389478508028,3.404992184935081
1.75839802585757e-5,0.19918214712959703,0.00507548254918539,0.43709069515462184,0.07716835129096065,0.00037633094196116334,6.31092054436065e-6,0.03915846413491193,0.0004116841963899907,4.713526685285345,3.4049306823353076
1.79838558373388e-5,0.19527053047500065,0.005074933390723537,0.4352956455068631,0.0771628369180526,0.0003553509177696017,6.310186053618676e-6,0.03780276042420129,0.0004116361892801248,4.7106135593327405,3.40486635415307
1.8392824947608444e-5,0.19136809018009704,0.005074359035332577,0.4334693647284282,0.07715706936992993,0.0003354093860027236,6.309417868347757e-6,0.03646666282543827,0.00041158597985892513,4.7076491670397,3.404799068367667
1.8811094384496966e-5,0.187476596685936,0.0050737583306979936,0.4316114677235334,0.07715103706922129,0.0003164643820442201,6.308614447918765e-6,0.035150961283539034,0.0004115334674352509,4.704632557075165,3.40472869135121
1.9238875645824277e-5,0.18359782623266513,0.005073130070710055,0.4297215740496411,0.07714472786667423,0.00029847498425503583,6.307774180321858e-6,0.033856419876217944,0.00041147854664116864,4.701562760085768,3.404655079073036
1.9676385039061533e-5,0.17973355798545193,0.005072472995708299,0.4277993085028721,0.07713812910110214,0.00028140133338898626,6.3068953815535765e-6,0.03258377462239394,0.0004114211074143315,4.698438788391727,3.4045780850189127
2.0123843790706977e-5,0.17588557109690417,0.005071785787501629,0.42584430172619053,0.07713122749339857,0.0002652046481119297,6.305976289890376e-6,0.03133373133660561,0.00041136103460162794,4.695259635680601,3.4044975520008314
2.058147815814905e-5,0.1720556417141101,0.00507106706922592,0.42385619084049975,0.0771240091986154,0.0002498472367995039,6.3050150648083746e-6,0.030106963540798868,0.0004112982079102825,4.692024276699003,3.4044133194398016
2.1049519544073427e-5,0.16824553993888552,0.00507031540031367,0.42183462009873757,0.07711645970323133,0.0002352925057941786,6.304009781144379e-6,0.028904110444974332,0.0004112325015048732,4.688731666942467,3.404325215738356
2.1528204613471553e-5,0.16445702675025717,0.0050695292759578335,0.4197792415630016,0.07710856386952795,0.00022150496430679693,6.3029584275368085e-6,0.027725775008228995,0.0004111637839264324,4.68538074234367,3.4042330649636825
2.2017775413310458e-5,0.16069185089861582,0.00506870712200197,0.4176897158046795,0.07710030583557331,0.0002084502261508549,6.301858900438324e-6,0.026572522091688994,0.00041109191768045516,4.6819704189591365,3.404136679742504
2.2518479494923588e-5,0.15695174578134757,0.00506784729400144,0.4155657126274966,0.07709166905202522,0.0001960950084996767,6.300709002064012e-6,0.025444876714709703,0.000411016759123118,4.678499592654718,3.4040358673785454
2.3030570039185093e-5,0.1532384263100732,0.005066948072004465,0.41340691181332184,0.07708263618429761,0.00018440712785734064,6.299506434218886e-6,0.024343322425503217,0.0004109381580378514,4.674967138789954,3.4039304232315932
2.3554305984530724e-5,0.14955358577991054,0.005066007659199785,0.41121300389050625,0.07707318914188586,0.00017335549343386108,6.298248795736939e-6,0.02326829979704643,0.00041085595748763536,4.67137191190165,3.4038201363009084
2.408995215788979e-5,0.14589889275141063,0.005065024176558282,0.4089836909244471,0.07706330898218533,0.00016291009811377852,6.296933576085743e-6,0.02222020505871971,0.0004107699933776407,4.6677127453867815,3.4037047830520994
2.463777940859508e-5,0.14227598795599486,0.005063995661054381,0.4067186873299908,0.07705297593239877,0.0001530420072050248,6.2955581522777795e-6,0.021199388873623062,0.0004106800942724007,4.663988451185126,3.4035841324958063
2.5198064745337586e-5,0.13868648123585733,0.00506292006013696,0.4044177207052056,0.07704216929447891,0.0001437233451518406,6.294119782213067e-6,0.0202061552709206,0.00041058608094196076,4.660197819461721,3.4034579404277774
2.577109147623589e-5,0.13513194852935942,0.005061795229509977,0.40208053268595967,0.07703086745964463,0.00013492728039163782,6.292615601042037e-6,0.019240760741865717,0.00041048776614258575,4.656339618289553,3.403325954029947
2.6357149352090864e-5,0.1316139289129607,0.0050606189274005915,0.3997068798206457,0.07701904781391862,0.000126628008531173,6.291042614206074e-6,0.018303413507369398,0.00041038495414377063,4.652412593332687,3.403187906490788
2.6956534712898102e-5,0.1281339217106789,0.005059388811882467,0.39729653446429714,0.07700668674524325,0.0001188007340122689,6.289397693228693e-6,0.017394272964090973,0.0004102774404709938,4.648415467530164,3.4030435211535983
2.7569550637691964e-5,0.12469338368196581,0.005058102434908333,0.39484928569123173,0.07699375954908588,0.00011142165043167793,6.287677568413032e-6,0.016513449315058982,0.0004101650114108848,4.644346940780969,3.4028925064858697
2.8196507097797695e-5,0.1212937262987041,0.00505675723915758,0.3923649402252517,0.07698024042811118,0.00010446791967358288,6.28587882403586e-6,0.015661003389775677,0.0004100474437143837,4.640205689630394,3.402734559797597
2.8837721113568156e-5,0.11793631312180522,0.005055350551799486,0.38984332338631733,0.07696610239732131,9.791765000680789e-5,6.283997890659824e-6,0.0148369466576301,0.00040992450407729004,4.635990366958134,3.4025693625295523
2.9493516914685084e-5,0.11462245728757922,0.005053879580845202,0.3872842800524891,0.07695131727621245,9.174987329203129e-5,6.282031039703154e-6,0.014041241437245479,0.0004097959488020673,4.631699601668469,3.4023965835626373
3.0164226104105793e-5,0.11135341911369077,0.005052341408607104,0.3846876756358171,0.07693585559291334,8.594452143733507e-5,6.279974375323436e-6,0.013273801303130318,0.00040966152325093343,4.627331998382883,3.402215874796311
3.0850187825738115e-5,0.1081304038340922,0.005050732987533491,0.38205339707072494,0.07691968656871814,8.048240223326288e-5,6.277823828333843e-6,0.012534491689696965,0.0004095209614644263,4.6228861371355165,3.4020268740679005
3.155174893592824e-5,0.10495455947184303,0.005049051133328941,0.3793813538133128,0.07690277802068561,7.53451746912996e-5,6.2755751476146734e-6,0.011823130691367693,0.00040937398558415524,4.618360573071803,3.4018292009936357
3.22692641788488e-5,0.10182697485818232,0.005047292520248652,0.3766714788498623,0.07688509633841063,7.051532400235913e-5,6.273223893345422e-6,0.011139490056118589,0.00040922030542613855,4.613753836150731,3.401622459515114
3.300309636587503e-5,0.09874867780563433,0.005045453673844062,0.3739237297127016,0.07686660638453803,6.597613622454561e-5,6.2707654278996695e-6,0.010483296368431705,0.0004090596178702964,4.60906443085112,3.401406233976291
3.37536165590402e-5,0.09572063344227705,0.005043530965692691,0.3711380895014413,0.07684727146360894,6.171167280214644e-5,6.26819490836127e-6,0.009854232416243459,0.0004088916063865107,4.604290835882336,3.401180091312687
3.452120425866312e-5,0.09274374271361263,0.005041520605732957,0.36831456790745515,0.07682705321993971,5.770674501060795e-5,6.265507276858065e-6,0.009251938735113659,0.0004087159403879287,4.59943150389986,3.400943577338571
3.5306247595242164e-5,0.08981884105774801,0.0050394186364044816,0.3654532022393421,0.07680591159834983,5.394688841513811e-5,6.262697252329729e-6,0.008676015321504109,0.0004085322747076391,4.594484861226238,3.4006962185926617
3.6109143525713615e-5,0.08694669725881268,0.005037220924536068,0.36255405844694905,0.0767838047388539,5.041833742361992e-5,6.259759320256132e-6,0.008126023505764766,0.0004083402489128889,4.589449307577733,3.4004375188107585
3.6930298034172686e-5,0.08412801248274364,0.005034923154870914,0.3596172321414103,0.07676068892905343,4.710800000774959e-5,6.25668772364424e-6,0.00760148797419644,0.0004081394867302611,4.584323215797279,3.400166960439953
3.777012633715924e-5,0.08136341949872322,0.005032520821472264,0.356642849608496,0.07673651849508864,4.400343265972147e-5,6.253476452108118e-6,0.007101898928400752,0.0004079295953179773,4.579104931594109,3.3998840012727283
3.862905309361196e-5,0.07865348208870332,0.0050300092206080225,0.35363106881243483,0.07671124574545535,4.109281564543177e-5,6.250119232042958e-6,0.006626714369060507,0.00040771016463750804,4.57379277329062,3.3995880756401697
3.9507512619597066e-5,0.07599869464657279,0.005027383441639465,0.35058208038722166,0.07668482085766355,3.836492860905081e-5,6.246609515015384e-6,0.0061753624903266675,0.0004074807666812467,4.568385031576886,3.3992785911840273
4.040594910791985e-5,0.07339948196764146,0.005024638359240571,0.347496108612296,0.07665719181322501,3.5809126577951797e-5,6.242940467094509e-6,0.005747244170135206,0.0004072409547886021,4.5628799692734,3.39895492973809
4.1324816852731045e-5,0.0708561992282207,0.005021768623736859,0.34437341236932556,0.07662830427946939,3.341531641138061e-5,6.239104956514013e-6,0.005341735541049093,0.00040699026282651335,4.557275821102454,3.3986164442152016
4.2264580479240224e-5,0.06836913215419882,0.005018768652636184,0.34121428607671234,0.07659810153543666,3.117393373093246e-5,6.235095542132937e-6,0.00495819062562985,0.0004067282044482548,4.551570793468757,3.3982624591843167
4.322571517865354e-5,0.06593849737662343,0.005015632620387453,0.3380190605983021,0.0765665243483132,2.9075920365849998e-5,6.230904460335375e-6,0.004595944019893545,0.0004064542722245497,4.545763064249713,3.3978922678502106
4.4208706948453974e-5,0.0635644429714411,0.005012354449202248,0.3347881041226628,0.07653351088995786,2.7112702341398467e-5,6.226523612597988e-6,0.004254313608109778,0.00040616793684360094,4.539850782595944,3.39750513233226
4.5214052838145884e-5,0.061247049179698,0.00500892779820669,0.33152182300917915,0.0764989966074365,2.5276168434094464e-5,6.2219445515988794e-6,0.003932603292060066,0.00040586864619093316,4.533832068742489,3.397100280714831
4.624226120058769e-5,0.05898632930368651,0.005005346053537141,0.328220662597114,0.07646291412991706,2.355864931337112e-5,6.2171584678751525e-6,0.0036301057178896807,0.0004055558244895757,4.527705013831277,3.3966769070326053
4.7293851949040756e-5,0.05678223077373357,0.0050016023168635805,0.32488510797367887,0.07642519313280433,2.19528972853463e-5,6.212156175120269e-6,0.0033461049838632187,0.00040522887132727025,4.52146767974527,3.396234168370013
4.836935682006311e-5,0.05463463637958039,0.004997689394747918,0.32151568469708386,0.07638576023475478,2.0452066650727716e-5,6.206928095923336e-6,0.003079879312670745,0.00040488716073628245,4.5151180989549005,3.3957711845565224
4.946931964238196e-5,0.05254336565959183,0.004993599786524006,0.31811295947045315,0.07634453885495247,1.904969468551676e-5,6.201464246244625e-6,0.0028307036724212185,0.0004045300401672903,4.508654274377153,3.3952870352938773
5.059429661188057e-5,0.05050817644037413,0.004989325672914389,0.3146775407624375,0.07630144910002203,1.7739683250074334e-5,6.195754220239428e-6,0.0025978523311011173,0.0004041568295090254,4.502074179247906,3.394780759563497
5.1744856572838265e-5,0.04852876651877235,0.004984858903260783,0.3112100793703061,0.07625640761403632,1.6516281029264454e-5,6.189787173914479e-6,0.002380601330059231,0.0004037668200090162,4.4953757570078805,3.3942513527605773
5.292158130556687e-5,0.04660477547765911,0.004980190983404556,0.30771126892126777,0.0762093274551521,1.5374066403790224e-5,6.183551809053643e-6,0.0021782308629941004,0.0004033592732342067,4.488556921202758,3.3936977658145877
5.412506582058737e-5,0.044735786626437735,0.004975313062272716,0.3041818463077613,0.07616011793800737,1.430793095047847e-5,6.177036356074683e-6,0.0019900275479586955,0.00040293341993981845,4.481615555397797,3.393118902309514
5.535591865949698e-5,0.04292132905674014,0.004970215919039797,0.30062259205245195,0.07610868449997077,1.331306356713313e-5,6.170228557092507e-6,0.0018152865810421245,0.0004024884589732977,4.474549513107453,3.3925136173173986
5.6614762202678045e-5,0.04116087980343193,0.004964889949088513,0.2970343305986969,0.07605492853567586,1.2384935215661571e-5,6.163115648016618e-6,0.0016533137616284146,0.00040202355609393175,4.4673566177403226,3.391880714484322
5.7902232984004155e-5,0.03945386610073,0.0049593251504861805,0.29341793052228476,0.07599874725286444,1.1519284275468607e-5,6.155684340810544e-6,0.0015034273804502456,0.0004015378428239769,4.460034662559844,3.3912189445758743
5.921898201270388e-5,0.037799667722992016,0.00495351110935698,0.2897743046603131,0.07594003349891995,1.0712102497596323e-5,6.147920804896407e-6,0.001364959963034476,0.0004010304152233662,4.452581410660989,3.390527002508806
6.0565675102543015e-5,0.03619761939956886,0.0049474369857253515,0.28610441015316046,0.07587867560640377,9.959621548760072e-6,6.13981064869756e-6,0.0012372598625596321,0.00040050033269372834,4.444994594963365,3.3898035256064243
6.194299320849323e-5,0.03464701329299466,0.004941091498358864,0.28240924839561354,0.0758145572115984,9.258300133271457e-6,6.131338900448847e-6,0.0011196926975937085,0.00039994661671463057,4.437271918220891,3.3890470905562653
6.335163277105673e-5,0.03314710152975075,0.004934462910055029,0.2786898648933427,0.07574755708998954,8.604811679844958e-6,6.122489989144469e-6,0.0010116426316369215,0.00039936824960848535,4.429411053048303,3.388256211372666
6.47923060684213e-5,0.03169709877285685,0.00492753901204052,0.27494734902108287,0.07567754896701248,7.99603257944136e-6,6.11324772489135e-6,0.000912513492839558,0.0003987641732473129,4.4214096419646705,3.387429336261186
6.626574157662316e-5,0.03029618482562869,0.004920307108807381,0.27118283367905344,0.07560440134393058,7.429030959597555e-6,6.103595279427067e-6,0.0008217297336825937,0.0003981332877893335,4.413265297454043,3.3865648452851445
6.77726843379013e-5,0.028943507256081524,0.004912754002187058,0.2673974948443633,0.07552797730120789,6.901055980119336e-6,6.093515166200927e-6,0.000738737231781128,0.0003974744503683216,4.404975602043269,3.385661047118048
6.931389633742742e-5,0.027638184031663956,0.0049048659758776135,0.26359255101439066,0.07544813431547906,6.409527634561429e-6,6.082989220678202e-6,0.0006630039342826706,0.00039678647381604385,4.396538108397011,3.3847161764104574
7.089015688860365e-5,0.02637930615425896,0.004896628779350727,0.25976926253937793,0.07536472405625583,5.952027041576102e-6,6.071998580390462e-6,0.000594020349568554,0.0003960681253500009,4.387950339429936,3.3837283904125584
7.250226302712225e-5,0.025165940285697748,0.004888027612254577,0.2559289308417844,0.07527759219498831,5.526287209969847e-6,6.0605236653041285e-6,0.0005312998911148341,0.00039531812529991316,4.379209788435865,3.382695766037541
7.415102991398599e-5,0.023997131354386674,0.0048790471083593025,0.2520728975202536,0.07518657819615766,5.130184261158715e-6,6.048544158149301e-6,0.00047437907941726484,0.0003945351458140731,4.370313919233773,3.3816162963373793
7.58372912476948e-5,0.022871905134043514,0.00486967132007184,0.24820254333639033,0.07509151511980254,4.761729092645288e-6,6.036038985204258e-6,0.00042281760882361584,0.0003937178096128964,4.361260166330272,3.3804878872591497
7.756189968580472e-5,0.02178927078597942,0.004859883702681816,0.24431928708292724,0.0749922294084698,4.419059466150576e-6,6.022986297292325e-6,0.0003761982869385431,0.0003928646887393648,4.352045935098288,3.3793083539582223
7.932572727607404e-5,0.020748223356832032,0.004849667099285988,0.24042458433224262,0.07488854068503455,4.100432504108736e-6,6.0093634514211415e-6,0.0003341268549652089,0.00039197430336835806,4.342668601971365,3.378075417244594
8.1129665897414e-5,0.01974774622415815,0.004839003725663408,0.23651992606462396,0.07478026153748646,3.8042175783700657e-6,5.995146992931747e-6,0.00029623169792093485,0.00039104512063285757,4.333125514653129,3.3767866997192524
8.297462771086726e-5,0.018786813482821935,0.004827875155979306,0.23260683717610803,0.07466719731441648,3.528889575146321e-6,5.980312638533398e-6,0.0002621634541094473,0.0003900755535244496,4.323413992341157,3.3754397219084753
8.486154562084127e-5,0.017864392265662866,0.004816262308697036,0.2286868748662038,0.07454914591022274,3.2730225204698638e-6,5.9648352601999096e-6,0.00023159453355049698,0.0003890639598342095,4.313531325964531,3.374031898211202
8.679137374683202e-5,0.01697944499249025,0.0048041454335159646,0.22476162690628335,0.0744258975612899,3.035283550714055e-6,5.948688870259928e-6,0.00020421855526100456,0.00038800864118755787,4.303474778434096,3.372560532720684
8.876508790587363e-5,0.016130931542030238,0.004791504098819291,0.22083270978994318,0.07429723463491504,2.8144272130364487e-6,5.9318466077637864e-6,0.0001797497133549396,0.00038690784214713304,4.293241584904468,3.371022814973133
9.078368610596021e-5,0.015317811342030415,0.00477831718039915,0.2169017667671523,0.07416293142998233,2.609290080947437e-6,5.914280726427072e-6,0.00015792208188730177,0.00038575974943420415,4.282828953046544,3.369415815458248
9.284818905068822e-5,0.014539045373314853,0.004764562851045453,0.21297046576454798,0.074022753973757,2.418785670575986e-6,5.895962584339104e-6,0.0001384888682185946,0.00038456249125051517,4.272234063329256,3.367736481162471
9.495964065537516e-5,0.013793598084165139,0.004750218571724963,0.20904049719478676,0.07387645983176663,2.2418996435924493e-6,5.876862635715366e-6,0.00012122162442830488,0.00038331413674877474,4.261454069309056,3.3659816307726285
9.711910857491432e-5,0.01308043921198177,0.004735261084038233,0.20511357165841948,0.07372379791760489,2.0776852831543676e-6,5.856950424987545e-6,0.00010590942596891127,0.0003820126956414977,4.250486097925548,3.3641479500109015
9.93276847436353e-5,0.012398545509747992,0.004719666404649296,0.20119141754231967,0.07356450831779633,1.9252592296598825e-6,5.8361945834997304e-6,9.235802633614644e-5,0.0003806561179948259,4.239327249801426,3.362231986539388
0.00010158648592743948,0.011746902375375996,0.004703409821476245,0.19727577851927117,0.07339832212090164,1.7837974635226644e-6,5.814562829210393e-6,8.038899604774868e-5,0.00037924229420485125,4.227974599544777,3.3602301450884324
0.00010389665428849263,0.011124505382553508,0.00468646589231539,0.19336841095387752,0.07322496126437833,1.6525315226172207e-6,5.792021969668916e-6,6.983885368290501e-5,0.0003777690552022134,4.216425196051563,3.358138682074441
0.000106259357962759,0.010530361712230665,0.004668808445787012,0.18947108122052747,0.07304413839060804,1.5307449424836734e-6,5.768537908772656e-6,6.055819614963744e-5,0.0003762341728903095,4.204676062805937,3.355953700528743
0.00010867579165066826,0.009963491484386845,0.004650410585262336,0.18558556293970283,0.07285555672417997,1.4177699078221348e-6,5.744075657583872e-6,5.241083472874081e-5,0.00037463536086273635,4.192724198175821,3.353671144446409
0.00011114717722121651,0.009422928990190977,0.004631244695759561,0.18171363413945396,0.0726589099639789,1.3129841042475355e-6,5.718599349819535e-6,4.527294280161655e-5,0.0003729702754131345,4.180566575700931,3.351286793529446
0.00011367476432980323,0.00890772382512079,0.004611282454463836,0.17785707434940826,0.07245388220092892,1.215807759714211e-6,5.692072262313134e-6,3.9032220516068935e-5,0.00037123651688353336,4.168200144370293,3.3487962572909904
0.00011625983105011933,0.008416941924026375,0.004590494844958946,0.1740176616351713,0.07224014785699794,1.1257008654532496e-6,5.664456841169093e-6,3.35870809886686e-5,0.00036943163137221,4.1556218288859155,3.3461949696344644
0.00011890368452040482,0.007949666499517696,0.0045688521758283215,0.17019716958147302,0.07201737165525204,1.0421605666940408e-6,5.635714733936449e-6,2.8845861993896623e-5,0.00036755311284817173,4.142828529909189,3.343478182745464
0.00012160766160440305,0.007504998885418672,0.0045463241038125705,0.16639736423286614,0.0717852086185491,9.647187138626144e-7,5.605806828629504e-6,2.4726066457152586e-5,0.0003655984057010598,4.129817124286151,3.3406409615374626
0.00012437312956734464,0.007082059287362934,0.004522879662190633,0.16262000100120863,0.07154330410577073,8.929395653624159e-7,5.574693299955953e-6,2.1153634458194616e-5,0.0003635649077750363,4.116584465247633,3.337678177373139
0.00012720148676730595,0.006679987442907258,0.004498487294669486,0.15886682154954768,0.07129129388509392,8.264176334469817e-7,5.542333663684667e-6,1.806224886994827e-5,0.0003614499739230393,4.1031273825798955,3.334584502417704
0.00013009416336228773,0.006297943193809487,0.00447311489546394,0.1551395506623794,0.07102880425247282,7.647756650881814e-7,5.508686839551152e-6,1.5392676210153113e-5,0.0003592509201316813,4.089442682761098,3.3313544032421043
0.00013305262203337418,0.005935106973355565,0.004446729855946362,0.15143989311255732,0.07075545219667824,7.076627501268672e-7,5.473711223732416e-6,1.3092143774178614e-5,0.0003569650282604242,4.075527149058642,3.3279821351371033
0.00013607835872433732,0.005590680211828289,0.004419299118564527,0.1477695305353844,0.07047084561847593,6.547525493652224e-7,5.437364771326245e-6,1.1113753649744085e-5,0.0003545895514470059,4.06137754158203,3.324461735663135
0.00013917290339806067,0.00526388566338726,0.004390789238497116,0.14413011832063483,0.07017458360706905,6.057416356207771e-7,5.399605089957426e-6,9.415933790385313e-6,0.0003521217202294002,4.046990597285591,3.320787018991632
0.0001423378208101636,0.004953967657776982,0.004361166453761071,0.14052328253340515,0.06986625678092105,5.603479411110646e-7,5.360389544977693e-6,7.96192594558187e-6,0.0003495587494376756,4.032363029914981,3.3169515694801786
0.00014557471130022113,0.004660192280397419,0.004330396764321039,0.1369506168747939,0.06954544769777687,5.183093048745838e-7,5.319675377458187e-6,6.7193099118789875e-6,0.00034689784591170487,4.017491529890992,3.3129487361224754
0.00014888521160097402,0.00438184748436258,0.004298446020926124,0.1334136796934581,0.06921173134063267,4.793821142586276e-7,5.277419835461176e-6,5.659563280719823e-6,0.000344136217098731,4.002372764123827,3.3087716262426285
0.00015227099566594252,0.0041182431382345815,0.004265280024291623,0.12991399105906914,0.06886467568606564,4.4334003481671787e-7,5.233580319844659e-6,4.757655613949585e-6,0.0003412710805909925,3.987003375750459,3.3044131001514185
0.00015573377551586083,0.003868711013158669,0.0042308646353508604,0.12645302990861784,0.06850384236136271,4.0997282325870396e-7,5.188114545085652e-6,3.991675775397671e-6,0.0003382996746567036,3.971379983787286,3.299865765069937
0.00015927530210435874,0.0036326047131373354,0.004195165897242946,0.12303223127637779,0.06812878739832876,3.790852183845404e-7,5.14098071640008e-6,3.3424909843974906e-6,0.00033521926982682586,3.9554991826898114,3.2951219701069654
0.0001628973662033324,0.0034092995521706154,0.0041581501697431885,0.1196529836181241,0.06773906208991215,3.5049590520864406e-7,5.0921377236125154e-6,2.7934360319924653e-6,0.0003320271815881714,3.939357541810431,3.2901738005394403
0.00016660179930844658,0.0031981923819577986,0.0041197842768228065,0.11631662623995213,0.0673342139588256,3.240365477459071e-7,5.041545353035323e-6,2.330031010020654e-6,0.00032872078424469583,3.9229516047450073,3.285013073243411
0.00017039047456523035,0.002998701373801579,0.004080035667999039,0.11302444684169556,0.0669137878439533,2.995508861826865e-7,4.989164517733245e-6,1.939725844165586e-6,0.00032529752599186226,3.906277888558173,3.279631331476263
0.00017426530771623216,0.0028102657582828212,0.004038872594145738,0.10977767918456253,0.06647732711478738,2.7689389439708743e-7,4.934957507357323e-6,1.6116698911902117e-6,0.00032175494526158883,3.889332882876694,3.2740198409112318
0.00017822825806971537,0.0026323455261820904,0.003996264298341481,0.10657750089215087,0.06602437501921457,2.5593099402256125e-7,4.878888257786036e-6,1.336504854650476e-6,0.00031809068837303304,3.8721130488395867,3.2681695850829953
0.00018228132949038017,0.002464421094014299,0.003952181222359683,0.10342503139349842,0.06555447617565813,2.3653732146768852e-7,4.820922641607878e-6,1.106179289157513e-6,0.00031430252853751706,3.8546148178928608,3.2620712621919927
0.0001864265714126193,0.0023059929374154133,0.003906595229241703,0.10032133001625065,0.06506717821420359,2.1859704451322617e-7,4.7610287794649585e-6,9.137829975360835e-7,0.0003103883862379944,3.8368345904160135,3.2557152813898678
0.00019066607987681275,0.0021565811954762605,0.003859479842428695,0.0972673942374191,0.06456203357807629,2.0200272530550657e-7,4.699177373048289e-6,7.533996749565354e-7,0.0003063463510159866,3.8187687341665115,3.2490917605333482
0.00019500199858919008,0.002015725248956652,0.0038108105016900215,0.0942641580985288,0.0640386014890738,1.8665472675325042e-7,4.635342059445051e-6,6.199762164043098e-7,0.000302174704664945,3.8004135825276046,3.2421905234974147
0.0001994365200057955,0.0018829832751335763,0.0037605648361159006,0.09131249079124086,0.06349645008816412,1.724606595133002e-7,4.569499787268683e-6,5.092071760068761e-7,0.0002978719458399662,3.7817654325437577,3.2350010990675035
0.00020397188644110086,0.0017579317818383381,0.00370872295412473,0.08841319541878644,0.06293515875335712,1.5933486691993292e-7,4.501631213828841e-6,4.1743294629227824e-7,0.0002934368160532674,3.7628205427269354,3.227512719473856
0.00020861039120183378,0.0016401651230161446,0.003655267750447971,0.08556700793774918,0.06235432060524683,1.471979453726289e-7,4.431721123273185e-6,3.4155031017510675e-7,0.0002888683270332271,3.743575130615793,3.2197143206128667
0.0002133543797465859,0.0015292949978953307,0.0036001852296532427,0.0827745962839236,0.06175354520020719,1.3597629784890348e-7,4.35975886436716e-6,2.789341063693913e-7,0.00028416578937719974,3.7240253700684693,3.2115945419932244
0.00021820625087179378,0.0014249499355745213,0.0035434648457492255,0.08003655968511875,0.06113246142001271,1.256017183522244e-7,4.285738807183443e-6,2.273688382727002e-7,0.0002793288424331975,3.704167388268355,3.2031417284692276
0.00022316845792468958,0.001326774766518507,0.0034850998569227343,0.07735342816291743,0.060490720554935554,1.1601100524066346e-7,4.209660816606995e-6,1.849891456559822e-7,0.00027435748529037275,3.683997262420611,3.1943439317747355
0.00022824351004383588,0.0012344300820840933,0.0034250876944008474,0.07472566222451621,0.05982799958647658,1.0714560150998254e-7,4.131530741086215e-6,1.502281464653341e-7,0.000269252108758813,3.663511016115483,3.1851889139293132
0.00023343397342786917,0.0011475916827601955,0.0033634303438422053,0.07215365274488847,0.059144004662864375,9.89512602257348e-8,4.0513609135903445e-6,1.2177274165347607e-7,0.00026401352815616513,3.6427046153326783,3.1756641505054715
0.00023874247263309977,0.0010659500152774971,0.0033001347375545406,0.06963772103861515,0.05843847476969534,9.13777334129447e-8,3.969170662168932e-6,9.852505837440778e-8,0.00025864301671432136,3.621573964058933,3.165756835828335
0.0002441716919006166,0.0009892095980890067,0.003235213155149532,0.06717811911985302,0.05771118558376145,8.437848281941941e-8,3.884986825934989e-6,7.956928544797647e-8,0.0002531423393486436,3.6001148994886565,3.155453888070194
0.00024972437651357314,0.0009170884338938218,0.0031686836300845503,0.06477503014802845,0.05696195350731791,7.791041106994091e-8,3.798844272639711e-6,6.414322925517927e-8,0.0002475137865229927,3.578323186775059,3.1447419563008174
0.00025540333418533914,0.0008493174068013771,0.0031005703587604384,0.06242856905599176,0.05619063986441353,7.193361182390588e-8,3.71078641233709e-6,5.161398783501951e-8,0.00024176020786589107,3.556194513296303,3.13360742742564
0.0002612114364792204,0.0007856396603059311,0.0030309041086300902,0.06013878335653421,0.055397155249942716,6.641113763863909e-8,3.620865701903941e-6,4.145720572626978e-8,0.00023588504517965824,3.5337244823981995,3.122036435050847
0.0002671516202604623,0.0007258099503014265,0.002959722620908026,0.05790565412236365,0.054581464005170596,6.130878432493165e-8,3.529144133437002e-6,3.323943195252436e-8,0.00022989236440063728,3.5109086065714936,3.1100148681716333
0.00027322688918127755,0.0006695939646712218,0.0028870710032144614,0.055729097133864994,0.05374358880224806,5.659489066059288e-8,3.4356936997614713e-6,2.660315850154972e-8,0.00022378688605243887,3.4877423000179175,3.0975283816879102
0.00027944031519964,0.000616767597155757,0.002813002106559739,0.05360896418824518,0.05288361530211971,5.224015240226965e-8,3.3405968285052244e-6,2.1254166793481178e-8,0.0002175740136471443,3.4642208705549367,3.084562406600667
0.00028579504013262,0.0005671161576288892,0.0027375768807992576,0.05154504456297187,0.052001696858688676,4.821744960565942e-8,3.2439467763954338e-6,1.6950855122683727e-8,0.00021125985947337755,3.4403395108042734,3.0711021618446392
0.0002922942772450439,0.0005204334926162865,0.002660864701733054,0.04953706662578202,0.0510980592229121,4.450168632985366e-8,3.1458479736768952e-6,1.3495261099461706e-8,0.00020485126712379287,3.4160932886039097,3.057132665558354
0.0002989413128742782,0.00047652097722053775,0.002582943662769282,0.04758469958295405,0.05017300520872079,4.106964186306184e-8,3.046416308812287e-6,1.0725529950262437e-8,0.00019835583010312024,3.3914771365772043,3.042638747683926
0.00030573950809196815,0.00043518631974384913,0.0025039008231388378,0.04568755535700652,0.04922691926261862,3.7899832664651515e-8,2.9457793419747e-6,8.509612423268705e-9,0.00019178190577775052,3.36648584078591,3.0276050616354753
0.0003126923004035608,0.0003962420881791081,0.0024238324044733375,0.04384519058452568,0.04826027188697459,3.497238427249761e-8,2.8440764362581838e-6,6.74000527013105e-9,0.00018513862392732872,3.3411140283862486,3.0120160968502177
0.000319803205486479,0.0003595038140600629,0.002342843926723931,0.042057108724414205,0.0472736238464976,3.22689124752671e-8,2.7414587941034017e-6,5.329373120775129e-9,0.0001784358890923408,3.315356154198343,2.995856189888724
0.0003270758189678228,0.0003247874359612739,0.002261050274383763,0.04032276226651489,0.046267630095806735,2.9772413096673233e-8,2.6380893871304722e-6,4.2069133238353e-9,0.00017168437593023046,3.289206486089614,2.9791095358057174
0.0003345138182424977,0.00029190567580674083,0.0021785756833347454,0.038641555030288044,0.04524304334552531,2.746715978311264e-8,2.534142766505777e-6,3.3153452721916696e-9,0.00016489551674911762,3.262659089061391,2.961760197376458
0.0003421209643326858,0.00026066261780212136,0.0020955536388877647,0.03701284454301136,0.04420071719352886,2.5338609227608408e-8,2.4298047420960934e-6,2.608423143853024e-9,0.00015808148043575712,3.2357078079153476,2.943792113795736
0.00034990110378961016,0.00023084510171166253,0.0020121266752512836,0.03543594448682632,0.04314160872823092,2.337331330180508e-8,2.325271918126451e-6,2.0488861228951144e-9,0.0001512551419847722,3.2083462483617455,2.9251891063470215
0.0003578581706385385,0.00020220809572134093,0.0019284460672963546,0.03391012720388272,0.042066780521487185,2.155883760406472e-8,2.2207510747867362e-6,1.606773268267839e-9,0.00014443004192395015,3.1805677564149777,2.905934882547844
0.00036599618836802284,0.00017444770996461178,0.0018446714055902023,0.032434626248814866,0.04097740191058513,1.988368596561831e-8,2.116458385399045e-6,1.2580414984436657e-9,0.00013762033496620432,3.152365395902768,2.886013036181889
0.0003743192719643762,0.00014714586400244476,0.0017609700468190065,0.031008638977837916,0.03987474948187876,1.833723048842083e-8,2.012618461259608e-6,9.834348681612591e-10,0.00013084072735796803,3.123731923893629,2.86540704461466
0.00038283162999241396,0.00011963887515952056,0.001677516432396224,0.029631329163865062,0.038760206653221614,1.6909646717943737e-8,1.9094632173044143e-6,7.675616232588172e-10,0.00012410640248586635,3.0946597638219995,2.844100260727343
0.0003915375667235121,9.062492919241234e-5,0.0015944912698417717,0.028301829627217386,0.03763526226889888,1.5591853581759253e-8,1.8072305551672477e-6,5.981426065293016e-10,0.00011743293450358587,3.065140976061536,2.8220759007722647
0.00040044148431206313,5.633064439325649e-5,0.0015120805728804072,0.027019244871726366,0.036501508109237205,1.437545775054812e-8,1.7061628622213954e-6,4.6540061023796915e-10,0.0001108361898970779,3.035167225663423,2.7993170254363076
0.00040954788502142183,0.0,0.0014304745587324919,0.025782653716311933,0.03536063523820859,1.3252702102211628e-8,1.6065053296125496e-6,3.615653715450172e-10,0.00010433221717243989,3.0047297469377034,2.775806515358901
0.0004188613735004751,0.0,0.00134986640319115,0.02459111191244656,0.03421442910588432,1.2216417992192857e-8,1.5085040953294022e-6,2.8047321214501705e-10,9.793712507317726e-5,2.9738193045103016,2.7515270383954555
0.00042838665911198114,0.0,0.0012704508573732577,0.023443654738295468,0.03306476334937378,1.1259981054023045e-8,1.4124042237345895e-6,2.1724394502354183e-10,9.1666950063537e-5,2.94242615043558,2.7264610098830206
0.00043812855831385563,0.0,0.0011924227328995994,0.022339299560737734,0.031913592235484706,1.0377270273595637e-8,1.3184475369205383e-6,1.680207079746869e-10,8.55375140957669e-5,2.9105399768823945,2.700590543292568
0.00044809199709461484,0.0,0.0011159752662529717,0.021277048356928972,0.0307629417215196,9.562630098828135e-9,1.2268703193838491e-6,1.2976092178140142e-10,7.956427405941064e-5,2.8781498638389134,2.6738973926451477
0.00045828201346419895,0.0,0.0010412983765454627,0.02025589018755341,0.029614899116856552,8.810835363284332e-9,1.1379009220463553e-6,1.0006868595727549e-10,7.376216463046214e-5,2.845244221195807,2.646362884309753
0.00046870376000143944,0.0,0.0009685768354098562,0.019274803614427315,0.028471601367732843,8.117058818078272e-9,1.0517572981062287e-6,7.706068188541577e-11,6.814543664078288e-5,2.811810724466114,2.6179678398513695
0.00047936250645946117,0.0,0.0008979883715351484,0.018332759055654183,0.02733522200035244,7.476841081039643e-9,9.68644507780894e-7,5.925910831751705e-11,6.272749341052413e-5,2.777836243279657,2.5886924879904982
0.0004902636424303305,0.0,0.0008297017369570272,0.017428721072088992,0.0262079568031114,6.8860628257624986e-9,8.8875223510949e-7,4.550637582085964e-11,5.752072786689839e-5,2.7433067616465765,2.558516367886468
0.0005014126800702997,0.0,0.0007638747658672313,0.01656165057943909,0.025092008346702426,6.340919045848069e-9,8.122523638076341e-7,3.489727618747635e-11,5.253636354530713e-5,2.7082072888126887,2.5274182225539
0.0005128152568870295,0.0,0.000700652460836078,0.0157305069809081,0.023989569490558086,5.837895241451066e-9,7.392966640133404e-7,2.672515521713355e-11,4.7784302867638557e-5,2.672521759322973,2.4953758855292487
0.0005244771385901921,0.0,0.0006401651441922253,0.014934250215875782,0.022902806044813488,5.373745386207455e-9,6.700146438322427e-7,2.0439282476661395e-11,4.327298624966949e-5,2.636232920660077,2.462366160772169
0.0005364042220068996,0.0,0.0005825267152483498,0.014171842720690036,0.0218338388074285,4.945471542808691e-9,6.045116221099715e-7,1.5611154811970637e-11,3.900926573633739e-5,2.5993222065219954,2.428364700322132
0.0005486025380634352,0.0,0.0005278330553311561,0.013442251298229244,0.02078472521564537,4.550305004947753e-9,5.42867078084478e-7,1.1907912740698185e-11,3.499829683355804e-5,2.5617695934337315,2.39334588144973
0.0005610782548347864,0.0,0.0004761606235300006,0.012744448893468308,0.019757440897527845,4.18568885213992e-9,4.85133332704159e-7,9.071408150317294e-12,3.124345213019822e-5,2.5235534379348,2.3572826898907038
0.0005738376806635337,0.0,0.00042756528497657855,0.012077416272842768,0.01875386142246154,3.8492618120563015e-9,4.313346118096695e-7,6.9017528095105605e-12,2.7746260022564083e-5,2.4846502910254706,2.3201466134106226
0.0005868872673496599,0.0,0.0003820814116962729,0.01144014360575611,0.017775744586456654,3.538843332542488e-9,3.8146653631708003e-7,5.244412422416077e-12,2.450637150338102e-5,2.4450346858611693,2.2819075551976775
0.0006002336134129005,0.0,0.00033972129196406205,0.010831631947104696,0.01682471356885264,3.2524197724589245e-9,3.3549607557329245e-7,3.9801005627360654e-12,2.152155740719526e-5,2.4046788938179944,2.242533774765324
0.0006138834674292852,0.0,0.0003004748791214023,0.010250894620206208,0.015902241318324,2.988131626903628e-9,2.9336199055477084e-7,3.016879289260025e-12,1.878773786170514e-5,2.363552642962802,2.2019918697644623
0.0006278437314435534,0.0,0.000264309903436382,0.009696958500005863,0.015009636508691183,2.744261708287525e-9,2.5497578038625297e-7,2.2839955473966964e-12,1.6299044845102804e-5,2.3216227915811585,2.1602468108559147
0.0006421214644591678,0.0,0.00023117236241793583,0.009168865196897108,0.014148031405455234,2.519224210142744e-9,2.2022313233158553e-7,1.72708033783926e-12,1.4047917854937128e-5,2.2788529476545296,2.1172620479791155
0.0006567238860077017,0.0,0.00020098739468550045,0.008665672141929766,0.013318371944182504,2.311554585466764e-9,1.8896585911614986e-7,1.3044157802294395e-12,1.2025231639006884e-5,2.2352030229103117,2.072999705605979
0.0006716583797993915,0.0,0.00017366053181867063,0.008186453574587749,0.012521410298473807,2.1199001758406245e-9,1.6104429195899553e-7,9.840374514600342e-13,1.022045390137618e-5,2.190628707123524,2.027420891064787
0.0006869324974567053,0.0,0.0001490793104385493,0.007730301434695884,0.011757700151885977,1.9430115314930075e-9,1.3628008049986725e-7,7.414888569776903e-13,8.621829780402532e-6,2.1450808444885814,1.9804861394919617
0.0007025539623328228,0.0,0.00012711521504263346,0.007296326160364314,0.011027594841842,1.7797343658834648e-9,1.144793358467195e-7,5.580841333681403e-13,7.2165888915956955e-6,2.098504688767059,1.9321560253268741
0.0007185306734169443,0.0,0.00010762590988576249,0.006883657394196433,0.010331248459851176,1.6290020911896035e-9,9.543603794138025e-8,4.1956613306056057e-13,5.9911697526648115e-6,2.0508390070718336,1.8823919692945967
0.0007348707093284106,0.0,9.045770751927883e-5,0.006491444600272025,0.009668619928798127,1.4898288832066122e-9,7.893561731304956e-8,3.1507156323255137e-13,4.9314556557154336e-6,2.002014992871872,1.8311572751099168
0.0007515823324016592,0.0,7.544821162381598e-5,0.006118857594671763,0.009039479982250638,1.3613032254484165e-9,6.47586117945843e-8,2.363341742322218e-13,4.023015439378254e-6,1.9519549360687523,1.778418427470678
0.0007686739928640658,0.0,6.242906453328785e-5,0.0057650869925336065,0.008443420900567914,1.2425818824316339e-9,5.2684294682305836e-8,1.770721886873693e-13,3.2513423248416864e-6,1.900570580269255,1.7241466855057568
0.000786154333108804,0.0,5.1228724453384135e-5,0.00542934457482288,0.007879868763380354,1.1328842508351143e-9,4.249416964572864e-8,1.3251808844614314e-13,2.6020839157629194e-6,1.84776107231534,1.6683199994506475
0.0008040321920648673,0.0,4.167519568115169e-5,0.005110863578161533,0.007348097915439594,1.031487033838178e-9,3.397523274969677e-8,9.905821766768125e-14,2.0612567777224203e-6,1.7934103730918078,1.6109252757753756
0.0008223166096664682,0.0,3.3598636014325725e-5,0.004808898911194181,0.006847247263249579,9.377191774394372e-10,2.6922910304184467e-8,7.3956962732399e-14,1.6154395781667361e-6,1.7373839458231117,1.5519610030197883
0.0008410168314240832,0.0,2.6833770504734633e-5,0.00452272730107288,0.006376337979857769,8.509569962781497e-10,2.1143595563424268e-8,5.514596724407952e-14,1.2519396960670173e-6,1.6795244590656915,1.4914402397396704
0.0008601423130994403,0.0,2.1222048275355292e-5,0.004251647373719865,0.005934292145129773,7.706193975959536e-10,1.6456724041252544e-8,4.106327753875358e-14,9.589293315943919e-7,1.6196461206241521,1.4293939431263518
0.0008797027254868193,0.0,1.6613490339077005e-5,0.003994979671577468,0.00551995184317065,6.9616308056196e-10,1.2696348362038894e-8,3.05307632393224e-14,7.25548529379636e-7,1.5575270684554547,1.3658745945621495
0.0008997079593030913,0.0,1.2868189336903992e-5,0.0037520666125794525,0.0051320982268328215,6.270775353567749e-10,9.712195105962803e-9,2.2660833588857207e-14,5.419739689050631e-7,1.4928989367011258,1.3009600430811423
0.0009201681301889548,0.0,9.857437482394355e-6,0.0035222723940797995,0.004769470092883924,5.628795755284773e-10,7.3702095083032735e-9,1.6785542972270335e-14,3.9945391030238826e-7,1.4254321991463557,1.2347574525131682
0.0009410935838239029,0.0,7.464474560781366e-6,0.003304982845453039,0.004430781538480406,5.031069755810957e-10,5.5526149171851006e-9,1.2402781298043496e-14,2.903110928475365e-7,1.3547149936197111,1.167407190765922
0.0009624949011575194,0.0,5.584863965228043e-6,0.0030996052330372254,0.00411473833823228,4.473104861897759e-10,4.157533987116573e-9,9.135481010179422e-15,2.0791669998812501e-7,1.2802214910707812,1.0990864547726251
0.0009843829037597294,0.0,4.126519200328331e-6,0.0029055680210279583,0.0038200527380915753,3.9504291391694024e-10,3.0982337356855455e-9,6.700723676424627e-15,1.46639524140854e-7,1.2012627131272735,1.0300123721155094
0.0010067686592927208,0.0,3.009416462853389e-6,0.0027223205918487604,0.003545456452876863,3.458427306914024e-10,2.302068591586584e-9,4.886357899228219e-15,1.0177524700946952e-7,1.1169061953122392,0.9604442771190316
0.0010296634871073103,0.0,2.165038808143226e-6,0.002549332929422676,0.0032897117247565164,2.9920691229599926e-10,1.709201170064487e-9,3.5332929544276796e-15,6.946113733458672e-8,1.0258363477125463,0.8906848182956064
0.001053078963966566,0.0,1.5356047774722802e-6,0.002386095268651773,0.003051620394178573,2.5454074768746787e-10,1.2711822386695493e-9,2.5220371823102486e-15,4.658156839895037e-8,0.9260912444232964,0.8210795350161029
0.0010770269298995922,0.0,1.0731376754378476e-6,0.0022321177142752787,0.002830030999844813,2.110522150727835e-10,9.494668532474133e-10,1.7622998395907605e-15,3.0669472140098045e-8,0.8145083493292739,0.7520145398072364
0.0011015194941884439,0.0,7.384321983526349e-7,0.0020869298321248143,0.0026238440040009955,1.6748718959702325e-10,7.13936237062537e-10,1.184433351692135e-15,1.9808338981704684e-8,0.6853512173289409,0.6839119797009805
0.001126569041491173,0.0,4.999718673107023e-7,0.0019500802156249546,0.002432015283268228,1.2125290882865756e-10,5.414830819120227e-10,7.302004066735423e-16,1.2538592117356476e-8,0.5258528739508734,0.6172230212038564
0.0011521882381041338,0.0,3.328454288899746e-7,0.0018211360301983973,0.0022535580781708896,6.304468153531667e-11,4.147053101297402e-10,3.252653436054232e-16,7.77130764020102e-9,0.28964988689465754,0.5524182268890772
0.001178390038366691,0.0,2.1770251760168538e-7,0.0016996825380258688,0.0020875436093916546,0.0,3.207387017993008e-10,0.0,4.7112872106469995e-9,0.0,0.48997535731158526
0.0012051876912115723,0.0,1.3978037782346612e-7,0.0015853226053778042,0.0019331005917481454,0.0,2.502458353976172e-10,0.0,2.7906108375029264e-9,0.0,0.4303648484718442
0.0012325947468641945,0.0,8.802391961438326e-8,0.0014776761944733643,0.0017894138640463483,0.0,1.9656605064058033e-10,0.0,1.6129582813227885e-9,0.0,0.3740334594327236
0.0012606250636943285,0.0,5.43127088869365e-8,0.0013763798415262095,0.0016557223513468799,0.0,1.5502176627447297e-10,0.0,9.083480740719087e-10,0.0,0.32138684937663947
0.001289292815223576,0.0,3.2800112647220884e-8,0.0012810861222950023,0.00153131654410782,0.0,1.223684652746823e-10,0.0,4.974201406059022e-10,0.0,0.2727720883958325
0.0013186124972922135,0.0,1.9363297306433437e-8,0.0011914631060567645,0.0014155356629060244,0.0,9.637144893697124e-11,0.0,2.6409608566883496e-10,0.0,0.2284613083576077
0.0013485989353890062,0.0,1.1157239683476122e-8,0.0011071937984430777,0.0013077646373420148,0.0,7.548951248977761e-11,0.0,1.3526991901399378e-10,0.0,0.18863780900837457
0.0013792672921477086,0.0,6.262533421878799e-9,0.0010279755729940994,0.0012074310087333364,0.0,5.864593236931165e-11,0.0,6.619151985312053e-11,0.0,0.15338592542871657
0.0014106330750140537,0.0,3.4143838538528302e-9,0.0009535195905534994,0.0011140018278694356,0.0,4.506776932045621e-11,0.0,3.0265782021765446e-11,0.0,0.12268579748592784
0.0014427121440870835,0.0,1.7996632725762346e-9,0.0008835502046894229,0.0010269806051045305,0.0,3.417721337807818e-11,0.0,1.2170052694341155e-11,0.0,0.09641386184724948
0.0014755207201388007,0.0,9.089118898083772e-10,0.0008178043500957244,0.0009459043401831739,0.0,2.5520787873711714e-11,0.0,3.3543471251702818e-12,0.0,0.07434941502249406
0.001509075392816207,0.0,4.3146977217631997e-10,0.0007560309092750533,0.0008703406557569555,0.0,1.872551200511341e-11,0.0,-7.926084157880444e-13,0.0,0.05618702478216704
0.00154339312902984,0.0,1.8318358305133996e-10,0.0006979900505349543,0.000799885042327656,0.0,1.3473123787230527e-11,0.0,-2.673860620486582e-12,0.0,0.041553953413439794
0.0015784912815331002,0.0,5.8116765898519366e-11,0.0006434525271377989,0.0007341582353332765,0.0,9.486198397850082e-12,0.0,-3.4949769081677776e-12,0.0,0.030031197067066823
0.0016143875976966577,0.0,-2.8099781776578386e-12,0.0005921989228604659,0.0006728037499477428,0.0,6.5212604360780804e-12,0.0,-3.839757008023553e-12,0.0,0.021176320616480004
0.0016511002284824029,0.0,-3.145799396023352e-11,0.0005440188224752151,0.0006154856379399843,0.0,4.365916109416649e-12,0.0,-3.9782747727175e-12,0.0,0.014546066149519763
0.001688647737621484,0.0,-4.4441290992642654e-11,0.0004987098754993243,0.0005618865673545113,0.0,2.837583569206403e-12,0.0,-4.0319115568841586e-12,0.0,0.00971677097291274
0.0017270491110010465,0.0,-5.0096117567071247e-11,0.0004560767058412845,0.0005117063989131433,0.0,1.7827140798594532e-12,0.0,-4.051429293528858e-12,0.0,0.0063009603511953675
0.0017663237662644384,0.0,-5.2463366001521156e-11,0.0004159295949601934,0.0004646615013454572,0.0,1.0754893740345477e-12,0.0,-4.0585274108390466e-12,0.0,0.003959021313693846
0.0018064915626297435,0.0,-5.3408968290276035e-11,0.00037808282508857235,0.00042048513702760753,0.0,6.159189180462899e-13,0.0,-4.060673187638216e-12,0.0,0.0024055356227121513
0.0018475728109315864,0.0,-5.3773150900584634e-11,0.0003423524991965035,0.00037892929825971187,0.0,3.270766719280958e-13,0.0,-4.061582602152589e-12,0.0,0.0014105244206961776
0.0018895882838912954,0.0,-5.390370682998182e-11,0.000308553530526143,0.0003397683801865192,0.0,1.5190254617068542e-13,0.0,-4.061637711131824e-12,0.0,0.0007964290204782878
0.00193255922662063,0.0,-5.395120625370504e-11,0.0002764952642565623,0.0003028049483522643,0.0,4.961212996932333e-14,0.0,-4.061868906742025e-12,0.0,0.0004320224575203894
0.0019765073673643644,0.0,-5.3964679675382585e-11,0.000245974740689399,0.0002678775728524759,0.0,-7.74734769479865e-15,0.0,-4.061721979131624e-12,0.0,0.00022458415669886545
0.0020214549284871598,0.0,-5.39709606988668e-11,0.00021676565381776564,0.00023487017737355365,0.0,-3.857076239743237e-14,0.0,-4.061889392733228e-12,0.0,0.00011157667020867867
0.002067424637710311,0.0,-5.397077741360797e-11,0.00018859886369107905,0.0002037216309515521,0.0,-5.439019904674705e-14,0.0,-4.06172984297903e-12,0.0,5.2806948022923106e-5
0.002114439739603998,0.0,-5.397269222419393e-11,0.00016112468709732179,0.0001744334576858848,0.0,-6.213507162039124e-14,0.0,-4.0618889524599955e-12,0.0,2.370711978527324e-5
0.0021625240073409055,0.0,-5.39712812607556e-11,0.00013383040955425226,0.00014707281385248954,0.0,-6.573089056066209e-14,0.0,-4.061732127603043e-12,0.0,1.0025985733736405e-5
0.0022117017547171203,0.0,-5.397278781711884e-11,0.0001058244171934256,0.00012176759527117731,0.0,-6.731974170442007e-14,0.0,-4.0618870954281725e-12,0.0,3.936191362810604e-6
0.0022619978484463856,0.0,-5.397133532306886e-11,7.507027846122718e-5,9.869111547742967e-5,0.0,-6.797613787007523e-14,0.0,-4.06173399317056e-12,0.0,1.3775378336811914e-6
0.0023134377207339614,0.0,-5.397276766652996e-11,3.248979121346135e-5,7.803548351056814e-5,0.0,-6.823786348852593e-14,0.0,-4.06188516135375e-12,0.0,3.659589901348951e-7
0.0023660473821364054,0.0,-5.3971361302931066e-11,0.0,5.9975593147952034e-5,0.0,-6.832963895943713e-14,0.0,-4.061735786403969e-12,0.0,-9.071608201224352e-9
0.002419853434713796,0.0,-5.3972741280227234e-11,0.0,4.462892891012598e-5,0.0,-6.836549424277902e-14,0.0,-4.061883240130308e-12,0.0,-1.3905067094019952e-7
0.00247488308548107,0.0,-5.397138571087374e-11,0.0,3.201916866261943e-5,0.0,-6.83727962607049e-14,0.0,-4.0617375312672395e-12,0.0,-1.8096333548466302e-7
0.0025311641601652355,0.0,-5.3972714587377255e-11,0.0,2.20525010835081e-5,0.0,-6.837902235511145e-14,0.0,-4.061881343961668e-12,0.0,-1.935349392982096e-7
0.0025887251172754364,0.0,-5.397140985051483e-11,0.0,1.451375630430149e-5,0.0,-6.83767956388428e-14,0.0,-4.061739228895789e-12,0.0,-1.9698568845938945e-7
0.0026475950624930016,0.0,-5.397268784343305e-11,0.0,9.084839810213064e-6,0.0,-6.838005301650565e-14,0.0,-4.0618794690856305e-12,0.0,-1.9788924076775533e-7
0.0027078037633887176,0.0,-5.3971433827090646e-11,0.0,5.3818593544518995e-6,0.0,-6.837709735672218e-14,0.0,-4.061740884780845e-12,0.0,-1.9807478030725136e-7
0.002769381664474787,0.0,-5.397266105131887e-11,0.0,3.00192719089011e-6,0.0,-6.838007507192822e-14,0.0,-4.061877618480066e-12,0.0,-1.9813887915724104e-7
0.0028323599025990988,0.0,-5.397145767416035e-11,0.0,1.5681433656062627e-6,0.0,-6.837714486089239e-14,0.0,-4.0617425007283384e-12,0.0,-1.981269576020916e-7
0.0028967703226895616,0.0,-5.3972634204174746e-11,0.0,7.627503651345531e-7,0.0,-6.838003974059422e-14,0.0,-4.061875796953216e-12,0.0,-1.9814880752734686e-7
0.002962645493856473,0.0,-5.3971481457170256e-11,0.0,3.4319326242819624e-7,0.0,-6.837717930646966e-14,0.0,-4.061744075842974e-12,0.0,-1.981286207930511e-7
0.0030300187258610976,0.0,-5.3972607216895986e-11,0.0,1.4162109221932887e-7,0.0,-6.838000276117077e-14,0.0,-4.061874002859581e-12,0.0,-1.98149101671618e-7
0.0030989240859587257,0.0,-5.3971505039808046e-11,0.0,5.281287442821924e-8,0.0,-6.837721230937056e-14,0.0,-4.061745601036206e-12,0.0,-1.9812860406671724e-7
0.003169396416124782,0.0,-5.3972579976754466e-11,0.0,1.714250539106792e-8,0.0,-6.837996628165506e-14,0.0,-4.0618722253461016e-12,0.0,-1.981491538730829e-7
0.003241471350672636,0.0,-5.39715285952925e-11,0.0,4.1603898784145895e-9,0.0,-6.837724423608517e-14,0.0,-4.06174707814831e-12,0.0,-1.9812853411855813e-7
0.003315185334272116,0.0,-5.397255244931411e-11,0.0,-9.395951998655912e-11,0.0,-6.837993037478575e-14,0.0,-4.0618704718115465e-12,0.0,-1.9814921886663814e-7
0.003390575640377725,0.0,-5.397155210160619e-11,0.0,-1.3409907542244444e-9,0.0,-6.83772751701452e-14,0.0,-4.061748512499211e-12,0.0,-1.9812844420599485e-7
0.0034676803900759567,0.0,-5.397252461737808e-11,0.0,-1.665800857502214e-9,0.0,-6.837989509561072e-14,0.0,-4.0618687410740285e-12,0.0,-1.9814930289562934e-7
0.0035465385713612167,0.0,-5.3971575585830416e-11,0.0,-1.740355113279584e-9,0.0,-6.837730504553879e-14,0.0,-4.061749892840227e-12,0.0,-1.98128332646348e-7
0.0036271900588500682,0.0,-5.397249619834204e-11,0.0,-1.7554031923258128e-9,0.0,-6.837986024981748e-14,0.0,-4.061867019521869e-12,0.0,-1.9814940820330933e-7
0.0037096756339438574,0.0,-5.397159907027879e-11,0.0,-1.7579794083752928e-9,0.0,-6.837733383217675e-14,0.0,-4.0617512131174564e-12,0.0,-1.9812819704578077e-7
0.0037940370054497887,0.0,-5.397246719790486e-11,0.0,-1.7584179009720003e-9,0.0,-6.837982589815619e-14,0.0,-4.061865310010475e-12,0.0,-1.9814953739112593e-7
0.0038803168306709842,0.0,-5.3971622733185166e-11,0.0,-1.7584252379195396e-9,0.0,-6.837736163242207e-14,0.0,-4.061752490455584e-12,0.0,-1.9812803425393238e-7
0.00396855873697613,0.0,-5.3972437574909015e-11,0.0,-1.758473382423987e-9,0.0,-6.837979209704022e-14,0.0,-4.061863626120175e-12,0.0,-1.9814969370306372e-7
0.004058807343859653,0.0,-5.397164668105274e-11,0.0,-1.7584318377702404e-9,0.0,-6.837738839680512e-14,0.0,-4.061753717748142e-12,0.0,-1.9812784060507832e-7
0.004151108285503526,0.0,-5.3972407078477994e-11,0.0,-1.7584731524350005e-9,0.0,-6.837975866675799e-14,0.0,-4.061861951401467e-12,0.0,-1.9814988095396384e-7
0.004245508233852222,0.0,-5.397167097967837e-11,0.0,-1.7584324366895297e-9,0.0,-6.83774140517975e-14,0.0,-4.061754889902853e-12,0.0,-1.9812761162465345e-7
0.004342054922212339,0.0,-5.397237571455157e-11,0.0,-1.7584723781125067e-9,0.0,-6.837972578363467e-14,0.0,-4.0618602999270025e-12,0.0,-1.9815010394443487e-7
0.004440797169388945,0.0,-5.39716959583551e-11,0.0,-1.7584329818734453e-9,0.0,-6.837743891617705e-14,0.0,-4.061756023518191e-12,0.0,-1.981273418375501e-7
0.004541784904370786,0.0,-5.3972343089726476e-11,0.0,-1.7584715928934996e-9,0.0,-6.837969337947949e-14,0.0,-4.061858657301038e-12,0.0,-1.981503686225536e-7
0.004645069191576874,0.0,-5.3971721401628965e-11,0.0,-1.7584335125777502e-9,0.0,-6.837746243864928e-14,0.0,-4.061757083393805e-12,0.0,-1.9812702434338638e-7
0.004750702256677171,0.0,-5.397230870765975e-11,0.0,-1.7584707939184563e-9,0.0,-6.837966100455029e-14,0.0,-4.061857000464859e-12,0.0,-1.9815068248117549e-7
0.0048587375130005215,0.0,-5.39717476241732e-11,0.0,-1.758434031342943e-9,0.0,-6.837748479315745e-14,0.0,-4.0617580757634735e-12,0.0,-1.981266502964989e-7
0.004969229588543062,0.0,-5.3972272662958496e-11,0.0,-1.7584699813712751e-9,0.0,-6.837962918857989e-14,0.0,-4.061855362004244e-12,0.0,-1.9815105537247268e-7
0.005082234353590856,0.0,-5.397177543272427e-11,0.0,-1.758434543666403e-9,0.0,-6.837750637291727e-14,0.0,-4.061759027829223e-12,0.0,-1.9812620807309825e-7
0.005197808948970699,0.0,-5.397223442500665e-11,0.0,-1.7584691475968389e-9,0.0,-6.83795975901016e-14,0.0,-4.0618537254032496e-12,0.0,-1.9815150077199017e-7
0.005316011814943322,0.0,-5.397180464897578e-11,0.0,-1.7584350496131037e-9,0.0,-6.837752623034309e-14,0.0,-4.06175989064178e-12,0.0,-1.9812568089815847e-7
0.005436902720753753,0.0,-5.3972192973318573e-11,0.0,-1.7584682825562195e-9,0.0,-6.83795656051014e-14,0.0,-4.061852054398593e-12,0.0,-1.9815203907289938e-7
0.005560542794853574,0.0,-5.3971836171978206e-11,0.0,-1.7584355582833604e-9,0.0,-6.837754480654317e-14,0.0,-4.061760686576387e-12,0.0,-1.9812504300362057e-7
0.00568699455581052,0.0,-5.397214800271668e-11,0.0,-1.7584673782011892e-9,0.0,-6.837953422741622e-14,0.0,-4.06185040644088e-12,0.0,-1.9815270235492546e-7
0.005816321943920972,0.0,-5.3971871357257287e-11,0.0,-1.7584360843558466e-9,0.0,-6.837756260272843e-14,0.0,-4.061761438338984e-12,0.0,-1.981242542003125e-7
0.00594859035354136,0.0,-5.39720977154993e-11,0.0,-1.7584664147067203e-9,0.0,-6.837950285046137e-14,0.0,-4.0618487361146936e-12,0.0,-1.9815353925737425e-7
0.006083866666154762,0.0,-5.3971911123345826e-11,0.0,-1.7584366375119972e-9,0.0,-6.837757862150332e-14,0.0,-4.061762082059647e-12,0.0,-1.9812325681745888e-7
0.006222219284189562,0.0,-5.3972040113874327e-11,0.0,-1.7584653719834537e-9,0.0,-6.83794712550904e-14,0.0,-4.061847033321795e-12,0.0,-1.981546134951745e-7
0.006363718165607083,0.0,-5.3971958011642394e-11,0.0,-1.7584372340787048e-9,0.0,-6.837759352192627e-14,0.0,-4.061762669882558e-12,0.0,-1.98121984703839e-7
0.0065084348592758185,0.0,-5.397197362617966e-11,0.0,-1.758464244767077e-9,0.0,-6.837944001723183e-14,0.0,-4.061845345351468e-12,0.0,-1.9815598454475647e-7
0.006656442541150098,0.0,-5.397201368591804e-11,0.0,-1.7584378693940137e-9,0.0,-6.837760701647734e-14,0.0,-4.0617631905527865e-12,0.0,-1.9812039718194857e-7
0.006807816051271494,0.0,-5.3971896550368683e-11,0.0,-1.7584630468242078e-9,0.0,-6.837940824436715e-14,0.0,-4.061843609298183e-12,0.0,-1.9815765552704842e-7
0.006962631931611628,0.0,-5.397207745077563e-11,0.0,-1.7584384897087235e-9,0.0,-6.837761860425096e-14,0.0,-4.0617635984144574e-12,0.0,-1.9811855155676057e-7
0.00712096846477566,0.0,-5.3971811139819115e-11,0.0,-1.758461860978403e-9,0.0,-6.83793762151305e-14,0.0,-4.06184183566208e-12,0.0,-1.98159478107689e-7
0.0072829057135858225,0.0,-5.397214448137053e-11,0.0,-1.758438968112297e-9,0.0,-6.83776289863552e-14,0.0,-4.061763928372745e-12,0.0,-1.9811672030072819e-7
0.007448525561565174,0.0,-5.397172690501461e-11,0.0,-1.7584608717168294e-9,0.0,-6.837934410136988e-14,0.0,-4.061840042943671e-12,0.0,-1.9816101680091148e-7
0.007617911754341993,0.0,-5.397220022452462e-11,0.0,-1.7584390519093038e-9,0.0,-6.837763808234056e-14,0.0,-4.061764171607211e-12,0.0,-1.9811554040473976e-7
0.007791149941995673,0.0,-5.39716641845562e-11,0.0,-1.7584603956843126e-9,0.0,-6.837931090478357e-14,0.0,-4.061838182810987e-12,0.0,-1.9816139341087596e-7
0.007968327722365746,0.0,-5.39722155489941e-11,0.0,-1.7584383320277117e-9,0.0,-6.837764528987014e-14,0.0,-4.061764285127924e-12,0.0,-1.9811616487497223e-7
0.00814953468534565,0.0,-5.3971660508330246e-11,0.0,-1.7584609161356398e-9,0.0,-6.837927659925184e-14,0.0,-4.06183628332764e-12,0.0,-1.9815915139533679e-7
0.008334862458183842,0.0,-5.397214417056525e-11,0.0,-1.7584362470269915e-9,0.0,-6.837765199472151e-14,0.0,-4.0617643259851785e-12,0.0,-1.9812037008351175e-7
0.008524404751815096,0.0,-5.397177301402339e-11,0.0,-1.7584630709936838e-9,0.0,-6.837924078477157e-14,0.0,-4.061834334131924e-12,0.0,-1.9815218825633648e-7
0.008718257408245418,0.0,-5.397191783249226e-11,0.0,-1.7584320839878134e-9,0.0,-6.837765773580672e-14,0.0,-4.061764230466477e-12,0.0,-1.9813057251152095e-7
0.00891651844901448,0.0,-5.397207877119391e-11,0.0,-1.758467605302792e-9,0.0,-6.8379202092265e-14,0.0,-4.0618322868634764e-12,0.0,-1.9813779864723779e-7
0.009119288124760257,0.0,-5.3971449547089384e-11,0.0,-1.758425052381863e-9,0.0,-6.837766334468701e-14,0.0,-4.061764007654334e-12,0.0,-1.9814972134163968e-7
0.009326668965910688,0.0,-5.397267345327787e-11,0.0,-1.7584753210188468e-9,0.0,-6.837916061890442e-14,0.0,-4.061830182960688e-12,0.0,-1.9811284789163233e-7
0.009538765834528165,0.0,-5.397063789295344e-11,0.0,-1.7584143677198423e-9,0.0,-6.837766976194686e-14,0.0,-4.0617636728786206e-12,0.0,-1.981810606126788e-7
0.009755685977333017,0.0,-5.3973662371359514e-11,0.0,-1.7584869554596948e-9,0.0,-6.83791150029477e-14,0.0,-4.061827990334181e-12,0.0,-1.980740667434562e-7
0.00997753907993273,0.0,-5.3969374931978247e-11,0.0,-1.758399339650032e-9,0.0,-6.837767679914153e-14,0.0,-4.061763179907005e-12,0.0,-1.9822778778911264e-7
0.01020443732228453,0.0,-5.397515114381049e-11,0.0,-1.7585030907545544e-9,0.0,-6.837906418708602e-14,0.0,-4.061825685068215e-12,0.0,-1.980184272711616e-7
0.010436495435419083,0.0,-5.396755928945119e-11,0.0,-1.7583794933274398e-9,0.0,-6.837768553886186e-14,0.0,-4.061762547905714e-12,0.0,-1.9829265950618916e-7
0.010673830759454231,0.0,-5.397723426746477e-11,0.0,-1.7585240663001963e-9,0.0,-6.83790079225735e-14,0.0,-4.061823273776208e-12,0.0,-1.9794353821684354e-7
0.010916563302927973,0.0,-5.396510692640642e-11,0.0,-1.7583546328887132e-9,0.0,-6.837769590677775e-14,0.0,-4.061761748281963e-12,0.0,-1.983776110985267e-7
0.011164815803480787,0.0,-5.3979981841670315e-11,0.0,-1.7585499019364894e-9,0.0,-6.837894550105618e-14,0.0,-4.061820743603261e-12,0.0,-1.9784799434520964e-7
0.011418713789917786,0.0,-5.396196292576245e-11,0.0,-1.7583248932679417e-9,0.0,-6.837770795984204e-14,0.0,-4.061760770285662e-12,0.0,-1.9848345318143286e-7
0.011678385645682451,0.0,-5.398343010358217e-11,0.0,-1.758580275292035e-9,0.0,-6.837887630403601e-14,0.0,-4.061818055998503e-12,0.0,-1.97731622066746e-7
0.011943962673773602,0.0,-5.395811023184573e-11,0.0,-1.758290752749021e-9,0.0,-6.837772185115385e-14,0.0,-4.0617596154828545e-12,0.0,-1.9860969263212536e-7
0.012215579163138732,0.0,-5.398757576382484e-11,0.0,-1.7586145422058007e-9,0.0,-6.837880089235088e-14,0.0,-4.061815222257641e-12,0.0,-1.9759558613591115e-7
0.012493372456577192,0.0,-5.395357305857517e-11,0.0,-1.7582529918048904e-9,0.0,-6.837773660764114e-14,0.0,-4.0617582511971756e-12,0.0,-1.9875450101703656e-7
0.012777483020187542,0.0,-5.399237249404873e-11,0.0,-1.758651771211239e-9,0.0,-6.837871881280316e-14,0.0,-4.061812212124138e-12,0.0,-1.9744234697667831e-7
0.013068054514394111,0.0,-5.39484176962967e-11,0.0,-1.7582126358614901e-9,0.0,-6.83777514649072e-14,0.0,-4.061756671195997e-12,0.0,-1.9891482743479714e-7
0.013365233866588996,0.0,-5.399773424592396e-11,0.0,-1.758690830804498e-9,0.0,-6.837863090529953e-14,0.0,-4.061809005757305e-12,0.0,-1.9727548390279265e-7
0.013669171345425734,0.0,-5.39427477277071e-11,0.0,-1.7581708707627994e-9,0.0,-6.837776540723542e-14,0.0,-4.061754847015249e-12,0.0,-1.9908663057140802e-7
0.01398002063680266,0.0,-5.400354085081841e-11,0.0,-1.7587304753457598e-9,0.0,-6.837853737111874e-14,0.0,-4.0618055839571385e-12,0.0,-1.9709941758719065e-7
0.014297938921574146,0.0,-5.3936696652746874e-11,0.0,-1.7581289470389011e-9,0.0,-6.837777726179988e-14,0.0,-4.0617527815482216e-12,0.0,-1.9926519131058153e-7
0.014623086955028949,0.0,-5.400964698868352e-11,0.0,-1.7587694358649327e-9,0.0,-6.83784393730291e-14,0.0,-4.0618019285263435e-12,0.0,-1.969190737365399e-7
0.014955629148176235,0.0,-5.3930417616861944e-11,0.0,-1.7580880870761273e-9,0.0,-6.83777854824835e-14,0.0,-4.0617504148238e-12,0.0,-1.9944546097799414e-7
0.015295733650879864,0.0,-5.401589253978882e-11,0.0,-1.758806508694006e-9,0.0,-6.837833726693745e-14,0.0,-4.061798016993124e-12,0.0,-1.967395330793687e-7
0.015643572436883326,0.0,-5.3924073915049985e-11,0.0,-1.7580494203194973e-9,0.0,-6.837778897972699e-14,0.0,-4.0617477575770754e-12,0.0,-1.9962240426453717e-7
0.015999321390768238,0.0,-5.402211304199815e-11,0.0,-1.7588406202640631e-9,0.0,-6.837823163541243e-14,0.0,-4.061793811973816e-12,0.0,-1.9656570479457358e-7
0.01636316039689034,0.0,-5.3917827271764664e-11,0.0,-1.7580139070985977e-9,0.0,-6.837778593709271e-14,0.0,-4.061744761513274e-12,0.0,-1.9979130188839677e-7
0.016735273430337864,0.0,-5.402814977379202e-11,0.0,-1.7588708780405873e-9,0.0,-6.837812319946511e-14,0.0,-4.0617892887572776e-12,0.0,-1.9640205225235763e-7
0.01711584864995866,0.0,-5.391182980083711e-11,0.0,-1.7579823103062503e-9,0.0,-6.837777542659001e-14,0.0,-4.061741410183833e-12,0.0,-1.9994799203290224e-7
0.017505078493502524,0.0,-5.40338577220499e-11,0.0,-1.7588966018873699e-9,0.0,-6.837801219837211e-14,0.0,-4.0617844255705795e-12,0.0,-1.962523880256876e-7
0.017903159774927364,0.0,-5.3906216327034506e-11,0.0,-1.757955175346109e-9,0.0,-6.83777559459674e-14,0.0,-4.061737660639783e-12,0.0,-2.000890378896277e-7
0.01831029378391807,0.0,-5.403911173076009e-11,0.0,-1.7589173279945577e-9,0.0,-6.83778988860121e-14,0.0,-4.061779183626622e-12,0.0,-1.9611974325953146e-7
0.018726686387668657,0.0,-5.3901099378349275e-11,0.0,-1.7579328251674063e-9,0.0,-6.837772643701252e-14,0.0,-4.061733481228919e-12,0.0,-2.0021182132529986e-7
0.0191525481349788,0.0,-5.404381052738775e-11,0.0,-1.7589328040331562e-9,0.0,-6.837778308191355e-14,0.0,-4.061773517329825e-12,0.0,-1.9600630955113998e-7
0.019588094362717978,0.0,-5.389656644792993e-11,0.0,-1.7579153787664067e-9,0.0,-6.837768594829305e-14,0.0,-4.061728839336089e-12,0.0,-2.0031456902122734e-7
0.020033545304710368,0.0,-5.404787878759375e-11,0.0,-1.7589429721531672e-9,0.0,-6.837766442470246e-14,0.0,-4.061767400593418e-12,0.0,-1.9591344248851154e-7
0.020489126203096043,0.0,-5.389267869811528e-11,0.0,-1.7579027692823518e-9,0.0,-6.83776333968355e-14,0.0,-4.0617236810986305e-12,0.0,-2.0039632159662816e-7
0.020955067422224638,0.0,-5.4051266842798116e-11,0.0,-1.7589479394035357e-9,0.0,-6.837754279233203e-14,0.0,-4.061760774677871e-12,0.0,-1.9584171483365373e-7
0.02143160456513887,0.0,-5.388947211414585e-11,0.0,-1.7578947803341607e-9,0.0,-6.837756831191591e-14,0.0,-4.061717964238172e-12,0.0,-2.0045686149954608e-7
0.02191897859270736,0.0,-5.4053949476261654e-11,0.0,-1.758947943937542e-9,0.0,-6.837741711949753e-14,0.0,-4.061753596102902e-12,0.0,-1.9579100506317797e-7
0.02241743594546629,0.0,-5.38869591710957e-11,0.0,-1.7578910725658034e-9,0.0,-6.837748972994048e-14,0.0,-4.061711641724419e-12,0.0,-2.0049661211950022e-7
0.02292722866823202,0.0,-5.405592344216856e-11,0.0,-1.7589433265945304e-9,0.0,-6.837728671115868e-14,0.0,-4.061745815332902e-12,0.0,-1.9576060692762186e-7
0.02344861453754747,0.0,-5.3885131777011774e-11,0.0,-1.7578912181784204e-9,0.0,-6.837739699872681e-14,0.0,-4.061704655455253e-12,0.0,-2.0051652217455386e-7
0.02398185719202682,0.0,-5.4057204307542275e-11,0.0,-1.758934496279276e-9,0.0,-6.837715047424782e-14,0.0,-4.061737369156e-12,0.0,-1.9574934848005786e-7
0.02452722626566411,0.0,-5.3883964691754467e-11,0.0,-1.7578947321203193e-9,0.0,-6.837728949681806e-14,0.0,-4.061696942625779e-12,0.0,-2.0051794544560324e-7
0.02508499752417384,0.0,-5.405782285018968e-11,0.0,-1.7589219008407763e-9,0.0,-6.837700707146427e-14,0.0,-4.0617281974896806e-12,0.0,-1.9575571088220681e-7
0.025655453004431672,0.0,-5.388341897906098e-11,0.0,-1.7579010969516869e-9,0.0,-6.837716639476834e-14,0.0,-4.061688436797538e-12,0.0,-2.0050252506417357e-7
0.026238881157086325,0.0,-5.405782165985997e-11,0.0,-1.7589060041861502e-9,0.0,-6.837685526882597e-14,0.0,-4.0617182260732216e-12,0.0,-1.9577794000261142e-7
0.026835576992414612,0.0,-5.3883445509000404e-11,0.0,-1.7579097847775275e-9,0.0,-6.837702713003187e-14,0.0,-4.061679066618248e-12,0.0,-2.0047208757401514e-7
0.027445842229493124,0.0,-5.4057251721554813e-11,0.0,-1.7588872643939755e-9,0.0,-6.837669356066054e-14,0.0,-4.061707380377017e-12,0.0,-1.9581414555736754e-7
0.02806998544876266,0.0,-5.388398809457791e-11,0.0,-1.7579202763897672e-9,0.0,-6.837687064114456e-14,0.0,-4.061668747843182e-12,0.0,-2.004285505912078e-7
0.02870832224806165,0.0,-5.4056169348711413e-11,0.0,-1.7588661187421913e-9,0.0,-6.837652026185853e-14,0.0,-4.061695582700792e-12,0.0,-1.958623859139003e-7
0.02936117540220817,0.0,-5.388498646778078e-11,0.0,-1.7579320727141006e-9,0.0,-6.837669614973793e-14,0.0,-4.061657397686508e-12,0.0,-2.0037384595047707e-7
0.030028875026210933,0.0,-5.4054633430270244e-11,0.0,-1.7588429704707035e-9,0.0,-6.837633364875669e-14,0.0,-4.061682729291087e-12,0.0,-1.9592073697374266e-7
0.030711758742191887,0.0,-5.388637869851541e-11,0.0,-1.7579447059832402e-9,0.0,-6.837650264692141e-14,0.0,-4.061644923037376e-12,0.0,-2.00309858462084e-7
0.03141017185010455,0.0,-5.405270339220089e-11,0.0,-1.758818183374464e-9,0.0,-6.837613178867195e-14,0.0,-4.061668730011542e-12,0.0,-1.9598734585845598e-7
0.032124467502335136,0.0,-5.388810300657794e-11,0.0,-1.7579577428404748e-9,0.0,-6.837628881348194e-14,0.0,-4.061631210787267e-12,0.0,-2.0023837943651864e-7
0.03285500688227375,0.0,-5.405043719116874e-11,0.0,-1.7587920742754722e-9,0.0,-6.837591278182072e-14,0.0,-4.061653465610152e-12,0.0,-1.960604701854753e-7
0.033602159386946724,0.0,-5.389009958441018e-11,0.0,-1.7579707897276072e-9,0.0,-6.837605326098052e-14,0.0,-4.061616152058063e-12,0.0,-2.0016107385626702e-7
0.034366302813802097,0.0,-5.404789008664433e-11,0.0,-1.7587649116679843e-9,0.0,-6.8375674489562e-14,0.0,-4.061636828245821e-12,0.0,-1.9613850494600627e-7
0.03514782355174288,0.0,-5.3892311611419904e-11,0.0,-1.7579834926710214e-9,0.0,-6.837579448779814e-14,0.0,-4.061599623032356e-12,0.0,-2.000794590544249e-7
0.03594711677650421,0.0,-5.4045113536160934e-11,0.0,-1.7587369158082997e-9,0.0,-6.837541457422499e-14,0.0,-4.061618674855929e-12,0.0,-1.9621999851536959e-7
0.036764586650474246,0.0,-5.389468603314707e-11,0.0,-1.757995534246131e-9,0.0,-6.837551077845937e-14,0.0,-4.061581482935826e-12,0.0,-1.999948930740234e-7
0.037600646527058496,0.0,-5.404215461894553e-11,0.0,-1.7587082586252646e-9,0.0,-6.837513066105634e-14,0.0,-4.061598863082332e-12,0.0,-1.9630366012225885e-7
0.03845571915969191,0.0,-5.3897174141060725e-11,0.0,-1.7580066338232516e-9,0.0,-6.837520004041939e-14,0.0,-4.061561585036919e-12,0.0,-1.9990857090559892e-7
0.03933023691560413,0.0,-5.4039055570005726e-11,0.0,-1.7586790672825255e-9,0.0,-6.837482013540629e-14,0.0,-4.061577243338317e-12,0.0,-1.963883602230234e-7
0.04022464199444554,0.0,-5.3899731792205454e-11,0.0,-1.7580165422441596e-9,0.0,-6.837486008792343e-14,0.0,-4.061539763101585e-12,0.0,-1.9982152665018165e-7
0.041139386651885816,0.0,-5.40358535751795e-11,0.0,-1.758649424580779e-9,0.0,-6.837448018685607e-14,0.0,-4.061553634394706e-12,0.0,-1.9647312586625995e-7
0.04207493342829663,0.0,-5.390231944077393e-11,0.0,-1.7580250384052283e-9,0.0,-6.837448835952707e-14,0.0,-4.06151584137405e-12,0.0,-1.9973464013954865e-7
0.04303175538263508,0.0,-5.4032580877471775e-11,0.0,-1.7586193749817976e-9,0.0,-6.837410796559612e-14,0.0,-4.061527852244233e-12,0.0,-1.965571323343934e-7
0.04401033633164584,0.0,-5.390490202392478e-11,0.0,-1.7580319243709763e-9,0.0,-6.837408226759408e-14,0.0,-4.06148961963441e-12,0.0,-1.9964864653465916e-7
0.04501117109450303,0.0,-5.402926482771155e-11,0.0,-1.7585889246463117e-9,0.0,-6.837370006771442e-14,0.0,-4.061499691789229e-12,0.0,-1.9663969210829328e-7
0.04603476574301507,0.0,-5.390744879216542e-11,0.0,-1.7580370218504353e-9,0.0,-6.837363855473732e-14,0.0,-4.0614608836664424e-12,0.0,-1.9956414794667518e-7
0.04708163785752022,0.0,-5.4025928092324156e-11,0.0,-1.7585580465312115e-9,0.0,-6.837325306531531e-14,0.0,-4.061468924186544e-12,0.0,-1.9672024261771191e-7
0.04815231678860062,0.0,-5.390993293531765e-11,0.0,-1.758040167075848e-9,0.0,-6.837315386962874e-14,0.0,-4.061429399648031e-12,0.0,-1.9948162602007437e-7
0.04924734392474832,0.0,-5.4022588994193463e-11,0.0,-1.7585266821841806e-9,0.0,-6.837276306313952e-14,0.0,-4.0614353077189545e-12,0.0,-1.9679833318982864e-7
0.050367272966118246,0.0,-5.3912331308029264e-11,0.0,-1.7580412066858848e-9,0.0,-6.837262447881722e-14,0.0,-4.061394911381914e-12,0.0,-1.9940145502979725e-7
0.05151267020450656,0.0,-5.401926176890769e-11,0.0,-1.7584947446817773e-9,0.0,-6.83722261680859e-14,0.0,-4.061398565369623e-12,0.0,-1.9687361180142556e-7
0.05268411480969565,0.0,-5.3914623960532646e-11,0.0,-1.7580399935711424e-9,0.0,-6.837204620767022e-14,0.0,-4.061357133832178e-12,0.0,-1.993239145211946e-7
0.05388219912231163,0.0,-5.401595697561775e-11,0.0,-1.7584621202304588e-9,0.0,-6.837163760216497e-14,0.0,-4.061358409936467e-12,0.0,-1.969458123604361e-7
0.05510752895334094,0.0,-5.3916793806682776e-11,0.0,-1.758036383356559e-9,0.0,-6.837141450068507e-14,0.0,-4.0613157635059145e-12,0.0,-1.992492016685532e-7
0.05636072389045846,0.0,-5.4012681767655803e-11,0.0,-1.758428670024733e-9,0.0,-6.837099272819086e-14,0.0,-4.061314512632776e-12,0.0,-1.9701474256304865e-7
0.05764241761132208,0.0,-5.3918826180939375e-11,0.0,-1.758030229990049e-9,0.0,-6.8370724486171e-14,0.0,-4.061270460103526e-12,0.0,-1.991774427806456e-7
0.05895325820399111,0.0,-5.4009440223256716e-11,0.0,-1.7583942318808201e-9,0.0,-6.837028610510528e-14,0.0,-4.061266522046416e-12,0.0,-1.9708027265048477e-7
0.060293908494632474,0.0,-5.392070848297447e-11,0.0,-1.7580213828553826e-9,0.0,-6.836997048530965e-14,0.0,-4.0612208564393196e-12,0.0,-1.9910870374784446e-7
0.061665046382678175,0.0,-5.400623369003339e-11,0.0,-1.758358620932937e-9,0.0,-6.8369511920251e-14,0.0,-4.0612140539726655e-12,0.0,-1.97142325006433e-7
0.063067365183605,0.0,-5.392242979778503e-11,0.0,-1.758009683294264e-9,0.0,-6.83691466224346e-14,0.0,-4.061166548622474e-12,0.0,-1.9904299962719575e-7
0.06450157397950937,0.0,-5.4003061001021746e-11,0.0,-1.7583216297415334e-9,0.0,-6.836866387912082e-14,0.0,-4.061156683123559e-12,0.0,-1.972008649584565e-7
0.06596839797765452,0.0,-5.3923980549836036e-11,0.0,-1.7579949615161997e-9,0.0,-6.836824620250278e-14,0.0,-4.061107093913944e-12,0.0,-1.9898030308423043e-7
0.06746857887717096,0.0,-5.399991877073714e-11,0.0,-1.7582830287089379e-9,0.0,-6.836773500471224e-14,0.0,-4.0610939469157746e-12,0.0,-1.9725589243107837e-7
0.06900287524409704,0.0,-5.392535217143598e-11,0.0,-1.757977033576636e-9,0.0,-6.836726202788354e-14,0.0,-4.061042012144856e-12,0.0,-1.9892055181515684e-7
0.07057206289494729,0.0,-5.399680159268794e-11,0.0,-1.7582425657476092e-9,0.0,-6.836671777166823e-14,0.0,-4.0610253432446145e-12,0.0,-1.9730743467016352e-7
0.0721769352890038,0.0,-5.392653678952724e-11,0.0,-1.757955698317007e-9,0.0,-6.836618630344025e-14,0.0,-4.060970773715487e-12,0.0,-1.9886365501315995e-7
0.07381830392952897,0.0,-5.399370220392005e-11,0.0,-1.7581999653690048e-9,0.0,-6.836560390182671e-14,0.0,-4.0609503133003875e-12,0.0,-1.9735553979084833e-7
0.07549699877410121,0.0,-5.392752695446092e-11,0.0,-1.7579307348300098e-9,0.0,-6.836501019372213e-14,0.0,-4.0608927978630226e-12,0.0,-1.988094989078715e-7
0.07721386865428365,0.0,-5.3990611662917474e-11,0.0,-1.7581549279601486e-9,0.0,-6.836438429343203e-14,0.0,-4.060868255626435e-12,0.0,-1.9740027131744133e-7
0.07896978170483496,0.0,-5.392831540659587e-11,0.0,-1.7579018991087045e-9,0.0,-6.836372430932372e-14,0.0,-4.0608074565827914e-12,0.0,-1.9875795146053866e-7
0.08076562580268169,0.0,-5.398751945462799e-11,0.0,-1.7581071279365056e-9,0.0,-6.836304906912625e-14,0.0,-4.0607785056902444e-12,0.0,-1.9744170337317218e-7
0.0826023090158729,0.0,-5.392889475713462e-11,0.0,-1.7578689216147494e-9,0.0,-6.83623182183834e-14,0.0,-4.06071405221474e-12,0.0,-1.9870886625195342e-7
0.08448076006274463,0.0,-5.398441360138104e-11,0.0,-1.7580562124940464e-9,0.0,-6.836158738828284e-14,0.0,-4.060680340986267e-12,0.0,-1.974799165606213e-7
0.08640192878152556,0.0,-5.392925735810541e-11,0.0,-1.757831503972499e-9,0.0,-6.836078060141945e-14,0.0,-4.060611832883724e-12,0.0,-1.986620857373062e-7
0.0883667866106232,0.0,-5.3981280677630564e-11,0.0,-1.7580017990200814e-9,0.0,-6.83599874237018e-14,0.0,-4.060572966428912e-12,0.0,-1.9751499451790134e-7
0.09037632707983097,0.0,-5.392939501209758e-11,0.0,-1.7577893159526167e-9,0.0,-6.835909907978768e-14,0.0,-4.060499965758687e-12,0.0,-1.9861744383043545e-7
0.09243156631270634,0.0,-5.3978105897725964e-11,0.0,-1.7579434728425826e-9,0.0,-6.835823618141165e-14,0.0,-4.060455516139297e-12,0.0,-1.9754702089055166e-7
0.09453354354037342,0.0,-5.392929880845283e-11,0.0,-1.757741992209343e-9,0.0,-6.835726000362024e-14,0.0,-4.060377545594047e-12,0.0,-1.985747679938882e-7
0.09668332162701003,0.0,-5.397487310564539e-11,0.0,-1.7578807846556896e-9,0.0,-6.835631948355449e-14,0.0,-4.060327042267687e-12,0.0,-1.9757607692998175e-7
0.09888198760728402,0.0,-5.3928958937145713e-11,0.0,-1.7576891290055639e-9,0.0,-6.835524852010738e-14,0.0,-4.0602435813512585e-12,0.0,-1.985338808158344e-7
0.10113065323601303,0.0,-5.397156471893452e-11,0.0,-1.757813246959929e-9,0.0,-6.835422186929652e-14,0.0,-4.060186505359917e-12,0.0,-1.9760223923773895e-7
0.10343045555032233,0.0,-5.392836448264452e-11,0.0,-1.7576302801113872e-9,0.0,-6.835304837877192e-14,0.0,-4.060096988246568e-12,0.0,-1.9849460116555186e-7
0.10578255744458745,0.0,-5.396816175275079e-11,0.0,-1.7577403307793762e-9,0.0,-6.835192633155364e-14,0.0,-4.060032771123629e-12,0.0,-1.9762557806188693e-7
0.10818814825845165,0.0,-5.3927503235794084e-11,0.0,-1.7575649532383854e-9,0.0,-6.835064181558476e-14,0.0,-4.059936577924127e-12,0.0,-1.98456745030848e-7
0.11064844437821426,0.0,-5.396464372009408e-11,0.0,-1.7576614617669256e-9,0.0,-6.834941425597535e-14,0.0,-4.059864596657359e-12,0.0,-1.976461556639873e-7
0.11316468985189745,0.0,-5.3926361539125505e-11,0.0,-1.7574926055170317e-9,0.0,-6.834800930149391e-14,0.0,-4.05976105077226e-12,0.0,-1.984201259637727e-7
0.11573815701829769,0.0,-5.3960988543718136e-11,0.0,-1.7575760155636001e-9,0.0,-6.834666540445904e-14,0.0,-4.0596806227096264e-12,0.0,-1.9766402506101057e-7
0.1183701471503439,0.0,-5.392492407533362e-11,0.0,-1.7574126389760025e-9,0.0,-6.834512962368078e-14,0.0,-4.0595689880981134e-12,0.0,-1.983845553203373e-7
0.12106199111308567,0.0,-5.3957172462263116e-11,0.0,-1.7574833133294182e-9,0.0,-6.834365742611172e-14,0.0,-4.0594793649812975e-12,0.0,-1.9767922879218742e-7
0.12381505003664497,0.0,-5.392317369722004e-11,0.0,-1.757324395507093e-9,0.0,-6.834197944971884e-14,0.0,-4.059358834373273e-12,0.0,-1.9834984219482682e-7
0.1266307160044704,0.0,-5.395316988805291e-11,0.0,-1.757382616320191e-9,0.0,-6.834036612952354e-14,0.0,-4.059259194377126e-12,0.0,-1.9769179793360808e-7
0.12951041275724504,0.0,-5.3921091216706744e-11,0.0,-1.7572271512567378e-9,0.0,-6.833853329869777e-14,0.0,-4.059128888398374e-12,0.0,-1.9831579319636646e-7
0.1324555964127996,0.0,-5.394895326563233e-11,0.0,-1.7572731200897593e-9,0.0,-6.833676478414815e-14,0.0,-4.059018334243737e-12,0.0,-1.9770175112000734e-7
0.1354677562023984,0.0,-5.3918655195176935e-11,0.0,-1.7571201106614662e-9,0.0,-6.833476334002248e-14,0.0,-4.05887729024324e-12,0.0,-1.9828221199135013e-7
0.1385484152237684,0.0,-5.394449290403747e-11,0.0,-1.7571539482180709e-9,0.0,-6.833282437426415e-14,0.0,-4.0587548363720954e-12,0.0,-1.977090936594695e-7
0.14169913121125363,0.0,-5.391584174431703e-11,0.0,-1.7570024000262146e-9,0.0,-6.833063907476127e-14,0.0,-4.058602006361652e-12,0.0,-1.9824889868924147e-7
0.1449214973234821,0.0,-5.3939756758281177e-11,0.0,-1.7570241453239158e-9,0.0,-6.832851298837316e-14,0.0,-4.0584665735133596e-12,0.0,-1.9771381667744582e-7
0.1482171429489474,0.0,-5.391262427331184e-11,0.0,-1.7568730603368595e-9,0.0,-6.832612716713157e-14,0.0,-4.05830080847146e-12,0.0,-1.9821564908176777e-7
0.15158773452990748,0.0,-5.393471023793042e-11,0.0,-1.7568826695895854e-9,0.0,-6.832379579700187e-14,0.0,-4.058151216756536e-12,0.0,-1.977158962673867e-7
0.15503497640502117,0.0,-5.390897325691367e-11,0.0,-1.7567310392799427e-9,0.0,-6.832119114006543e-14,0.0,-4.057971262262778e-12,0.0,-1.981822537154412e-7
0.15856061167114655,0.0,-5.392931592597786e-11,0.0,-1.7567283843074467e-9,0.0,-6.831863470251145e-14,0.0,-4.057806217296186e-12,0.0,-1.9771529261001129e-7
0.1621664230647364,0.0,-5.390485595604694e-11,0.0,-1.756575182915396e-9,0.0,-6.831579111571311e-14,0.0,-4.057610703085908e-12,0.0,-1.9814849686001252e-7
0.16585423386328002,0.0,-5.392353335579147e-11,0.0,-1.7565600489676912e-9,0.0,-6.831298799269113e-14,0.0,-4.0574287898308376e-12,0.0,-1.9771194907583906e-7
0.16962590880724188,0.0,-5.390023612374624e-11,0.0,-1.7564042262140362e-9,0.0,-6.830988346161649e-14,0.0,-4.057216217749432e-12,0.0,-1.9811415530621139e-7
0.1734833550429673,0.0,-5.391731866582469e-11,0.0,-1.7563763092509613e-9,0.0,-6.830681006623262e-14,0.0,-4.05701588710608e-12,0.0,-1.9770579124289058e-7
0.17742852308703055,0.0,-5.3895073694100424e-11,0.0,-1.7562167828815766e-9,0.0,-6.830342043382306e-14,0.0,-4.056784617804153e-12,0.0,-1.980789970648613e-7
0.1814634078125131,0.0,-5.3910624301344e-11,0.0,-1.7561756862488164e-9,0.0,-6.830005102173747e-14,0.0,-4.05656417308213e-12,0.0,-1.9769672586002964e-7
0.1855900494577097,0.0,-5.388932444492466e-11,0.0,-1.7560113341848605e-9,0.0,-6.829634985631623e-14,0.0,-4.056312416983466e-12,0.0,-1.9804277991798264e-7
0.18981053465777592,0.0,-5.3903398635233564e-11,0.0,-1.7559565646874414e-9,0.0,-6.829265628424946e-14,0.0,-4.056070002938059e-12,0.0,-1.9768463970215355e-7
0.19412699749983323,0.0,-5.388293961824634e-11,0.0,-1.755786216732838e-9,0.0,-6.828861460413041e-14,0.0,-4.055795802512105e-12,0.0,-1.9800524984536332e-7
0.19854162060207034,0.0,-5.3895585581875685e-11,0.0,-1.7557171799139954e-9,0.0,-6.828456617724465e-14,0.0,-4.055529386582026e-12,0.0,-1.9766939833134635e-7
0.20305663621738326,0.0,-5.387586550745262e-11,0.0,-1.7555396090555136e-9,0.0,-6.828015226447738e-14,0.0,-4.055230601732771e-12,0.0,-1.9796613930475736e-7
0.2076743273621123,0.0,-5.3887124170355587e-11,0.0,-1.7554556039898082e-9,0.0,-6.827571538218176e-14,0.0,-4.054937962820609e-12,0.0,-1.9765084471793712e-7
0.21239702897045049,0.0,-5.3868043023510514e-11,0.0,-1.75526951712542e-9,0.0,-6.827089451115485e-14,0.0,-4.054612254273719e-12,0.0,-1.9792516537187913e-7
0.2172271290751012,0.0,-5.387794805079852e-11,0.0,-1.7551697301105263e-9,0.0,-6.826603252776403e-14,0.0,-4.054290959672416e-12,0.0,-1.976287977079881e-7
0.2221670700147863,0.0,-5.3859407193318386e-11,0.0,-1.7549737582306367e-9,0.0,-6.826076667239168e-14,0.0,-4.053935769512282e-12,0.0,-1.97882027732439e-7
0.22721934966921428,0.0,-5.3867985000916856e-11,0.0,-1.7548572558561184e-9,0.0,-6.825543947962011e-14,0.0,-4.053583158390505e-12,0.0,-1.9760305036500462e-7
0.23238652272213262,0.0,-5.384988664873625e-11,0.0,-1.7546499436997749e-9,0.0,-6.824968703072041e-14,0.0,-4.05319569069525e-12,0.0,-1.9783640648879036e-7
0.23767120195310126,0.0,-5.3857156343219404e-11,0.0,-1.7545156649350912e-9,0.0,-6.82438508563194e-14,0.0,-4.052808854534524e-12,0.0,-1.9757336811212387e-7
0.24307605955864642,0.0,-5.383940303021791e-11,0.0,-1.7542954596969389e-9,0.0,-6.823756627187876e-14,0.0,-4.0523860511402766e-12,0.0,-1.977879598227352e-7
0.2486038285034542,0.0,-5.384537634012286e-11,0.0,-1.7541422070287245e-9,0.0,-6.823117324470411e-14,0.0,-4.0519618060492945e-12,0.0,-1.97539486666858e-7
0.25425730390229395,0.0,-5.382787036389288e-11,0.0,-1.7539074464678437e-9,0.0,-6.822430672425318e-14,0.0,-4.051500325451826e-12,0.0,-1.977363214142773e-7
0.2600393444333672,0.0,-5.383255151243343e-11,0.0,-1.7537338760506438e-9,0.0,-6.821730448726967e-14,0.0,-4.051035188961932e-12,0.0,-1.9750110979373296e-7
0.2659528737837977,0.0,-5.3815194359734495e-11,0.0,-1.7534827755467313e-9,0.0,-6.820980155426338e-14,0.0,-4.050531377542463e-12,0.0,-1.976810976989546e-7
0.2720008821279916,0.0,-5.381857991598602e-11,0.0,-1.7532873861665588e-9,0.0,-6.820213291643748e-14,0.0,-4.050021542186859e-12,0.0,-1.9745790681979154e-7
0.2781864276396206,0.0,-5.3801271660631785e-11,0.0,-1.7530180249794038e-9,0.0,-6.819393395697997e-14,0.0,-4.049471404183357e-12,0.0,-1.976218648786708e-7
0.2845126380379848,0.0,-5.380335032897539e-11,0.0,-1.7527991458371302e-9,0.0,-6.818553643269048e-14,0.0,-4.048912705747457e-12,0.0,-1.9740950985551287e-7
0.2909827121695439,0.0,-5.3785989020133195e-11,0.0,-1.7525094521564528e-9,0.0,-6.81765762539697e-14,0.0,-4.048311875764816e-12,0.0,-1.9755816567634646e-7
0.29759992162541304,0.0,-5.3786741384498876e-11,0.0,-1.7522652293946711e-9,0.0,-6.816738146563953e-14,0.0,-4.0476997605346315e-12,0.0,-1.9735551080580325e-7
0.30436761239564,0.0,-5.376922239805812e-11,0.0,-1.7519529642999968e-9,0.0,-6.815758879900509e-14,0.0,-4.047043465061219e-12,0.0,-1.974895058324823e-7
0.3112892065611073,0.0,-5.376862062105274e-11,0.0,-1.7516813460599393e-9,0.0,-6.814752209972741e-14,0.0,-4.046372953457408e-12,0.0,-1.972954580328517e-7
0.3183682040239043,0.0,-5.3750835975564374e-11,0.0,-1.751344086041175e-9,0.0,-6.813681898016828e-14,0.0,-4.045655974945112e-12,0.0,-1.9741535030383704e-7
0.32560818427705207,0.0,-5.374884344214726e-11,0.0,-1.7510428061977008e-9,0.0,-6.81257987304627e-14,0.0,-4.044921624396323e-12,0.0,-1.9722885270549146e-7
0.3330128082144731,0.0,-5.373068108095074e-11,0.0,-1.7506779243986405e-9,0.0,-6.811409995485746e-14,0.0,-4.0441382604403756e-12,0.0,-1.9733511913972335e-7
0.34058581998212195,0.0,-5.372725198540886e-11,0.0,-1.7503444844218663e-9,0.0,-6.810203693106793e-14,0.0,-4.04333411982684e-12,0.0,-1.9715514480956366e-7
0.348331048871209,0.0,-5.370859501921102e-11,0.0,-1.7499491302562705e-9,0.0,-6.808924934575003e-14,0.0,-4.0424781381621525e-12,0.0,-1.9724818300526873e-7
0.3562524112544841,0.0,-5.370367388962336e-11,0.0,-1.7495807795323175e-9,0.0,-6.807604606557096e-14,0.0,-4.041597702229229e-12,0.0,-1.9707372876485418e-7
0.3643539125665469,0.0,-5.368439979932194e-11,0.0,-1.7491518566010304e-9,0.0,-6.80620678417483e-14,0.0,-4.040662292344016e-12,0.0,-1.9715385833918657e-7
0.3726396493291944,0.0,-5.3677920957299435e-11,0.0,-1.7487455707661633e-9,0.0,-6.804761776271796e-14,0.0,-4.039698452243828e-12,0.0,-1.9698393863729512e-7
0.3811138112228259,0.0,-5.365790074375911e-11,0.0,-1.7482797129248013e-9,0.0,-6.803233762183434e-14,0.0,-4.038676172123947e-12,0.0,-1.97051402081921e-7
0.38978068320495446,0.0,-5.364978769010434e-11,0.0,-1.7478321702026745e-9,0.0,-6.801652434795316e-14,0.0,-4.037621157950025e-12,0.0,-1.9688504289051628e-7
0.3986446476768916,0.0,-5.362888496894231e-11,0.0,-1.7473257156235125e-9,0.0,-6.799982068015664e-14,0.0,-4.036503876437615e-12,0.0,-1.9694000596055448e-7
0.4077101866997113,0.0,-5.361904970379112e-11,0.0,-1.7468332709311255e-9,0.0,-6.798251701243111e-14,0.0,-4.03534919905691e-12,0.0,-1.967762386714089e-7
0.4169818842606005,0.0,-5.359711973432251e-11,0.0,-1.74628223399782e-9,0.0,-6.796425696785631e-14,0.0,-4.0341280331979725e-12,0.0,-1.9681879029314102e-7
0.42646442859075107,0.0,-5.358546199807267e-11,0.0,-1.7457408906848498e-9,0.0,-6.79453239945017e-14,0.0,-4.032864417675796e-12,0.0,-1.9665664556932596e-7
0.4361626145359638,0.0,-5.356235065325748e-11,0.0,-1.7451409314395263e-9,0.0,-6.792536239199524e-14,0.0,-4.031529663718703e-12,0.0,-1.9668679726533037e-7
0.44608134598115723,0.0,-5.3548757077209806e-11,0.0,-1.744546310575535e-9,0.0,-6.790464837284482e-14,0.0,-4.030146978042596e-12,0.0,-1.9652529880580575e-7
0.4562256383300209,0.0,-5.352429974016656e-11,0.0,-1.7438927016643704e-9,0.0,-6.788282668275003e-14,0.0,-4.028688038287653e-12,0.0,-1.9654298362531737e-7
0.46660062104104905,0.0,-5.3508642909615936e-11,0.0,-1.743240008415281e-9,0.0,-6.786016587652982e-14,0.0,-4.0271752167165324e-12,0.0,-1.9638114182984755e-7
0.47721154022125095,0.0,-5.348266329175138e-11,0.0,-1.742527599267996e-9,0.0,-6.783631095262703e-14,0.0,-4.0255805192427626e-12,0.0,-1.963862127825859e-7
0.4880637612788434,0.0,-5.346480071060193e-11,0.0,-1.7418115864300068e-9,0.0,-6.781152241767257e-14,0.0,-4.02392547740665e-12,0.0,-1.962230182497686e-7
0.4991627716362684,0.0,-5.343710957709285e-11,0.0,-1.7410347643925522e-9,0.0,-6.778544519618918e-14,0.0,-4.0221823867033826e-12,0.0,-1.9621524621954666e-7
0.5105141835049039,0.0,-5.341688254126198e-11,0.0,-1.7402496927814996e-9,0.0,-6.775833137494577e-14,0.0,-4.0203719316833924e-12,0.0,-1.9604966307843534e-7
0.522123736722881,0.0,-5.338727635074979e-11,0.0,-1.7394023410542862e-9,0.0,-6.772982548957693e-14,0.0,-4.0184666552100395e-12,0.0,-1.960287342189464e-7
0.5339973016574295,0.0,-5.3364508697790625e-11,0.0,-1.7385419363822142e-9,0.0,-6.770017073982242e-14,0.0,-4.016486385741494e-12,0.0,-1.9585969321513846e-7
0.5461408821732265,0.0,-5.3332768133302657e-11,0.0,-1.7376173885189437e-9,0.0,-6.766901093051496e-14,0.0,-4.014403871277426e-12,0.0,-1.958252057960568e-7
0.5585606186682512,0.0,-5.330726488735714e-11,0.0,-1.7366747947490887e-9,0.0,-6.763657995772523e-14,0.0,-4.012238070994157e-12,0.0,-1.9565159712785288e-7
0.571262791178671,0.0,-5.327315328764891e-11,0.0,-1.7356657854526287e-9,0.0,-6.760252043931699e-14,0.0,-4.0099618944413365e-12,0.0,-1.9560305782740357e-7
0.5842538225543454,0.0,-5.324469917886592e-11,0.0,-1.7346335142400916e-9,0.0,-6.756705652500369e-14,0.0,-4.00759341695295e-12,0.0,-1.9542372368027457e-7
0.5975402817065351,0.0,-5.3207960845318494e-11,0.0,-1.733532126185235e-9,0.0,-6.752982919206278e-14,0.0,-4.0051056622819176e-12,0.0,-1.9536054329913374e-7
0.61112888692947,0.0,-5.3176318691286216e-11,0.0,-1.7324020021750943e-9,0.0,-6.749105233022447e-14,0.0,-4.00251580498397e-12,0.0,-1.9517427004137184e-7
0.6250265092974542,0.0,-5.313667707749209e-11,0.0,-1.7311996086331478e-9,0.0,-6.745036477503851e-14,0.0,-3.999796934824082e-12,0.0,-1.950957586185718e-7
0.6392401761392222,0.0,-5.31015860389822e-11,0.0,-1.7299627104462984e-9,0.0,-6.740796966605411e-14,0.0,-3.996965304536231e-12,0.0,-1.9490126861856376e-7
0.6537770745913024,0.0,-5.30587417983869e-11,0.0,-1.7286499134750917e-9,0.0,-6.736350311963704e-14,0.0,-3.993994019506748e-12,0.0,-1.9480662993592742e-7
0.6686445552321969,0.0,-5.301991548362375e-11,0.0,-1.7272965099576339e-9,0.0,-6.731715698129989e-14,0.0,-3.990898386568028e-12,0.0,-1.946025729753178e-7
0.6838501357991947,0.0,-5.297354438264745e-11,0.0,-1.7258630738466013e-9,0.0,-6.726856404135883e-14,0.0,-3.987651474510661e-12,0.0,-1.9449089841756121e-7
0.6994015049897149,0.0,-5.2930668797209516e-11,0.0,-1.724382555586706e-9,0.0,-6.7217904270129e-14,0.0,-3.984267617131482e-12,0.0,-1.9427584265062178e-7
0.7153065263490941,0.0,-5.288041948320595e-11,0.0,-1.7228173353769314e-9,0.0,-6.716480646351901e-14,0.0,-3.980719790729303e-12,0.0,-1.941461044216436e-7
0.7315732422467869,0.0,-5.283315082514648e-11,0.0,-1.7211981410012978e-9,0.0,-6.710943811066514e-14,0.0,-3.97702132636564e-12,0.0,-1.9391852685771295e-7
0.7482098779429833,0.0,-5.277864243051194e-11,0.0,-1.71948900582988e-9,0.0,-6.705142330138053e-14,0.0,-3.973145049245064e-12,0.0,-1.9376957050887243e-7
0.765224845747716,0.0,-5.2726604715646376e-11,0.0,-1.7177185430836793e-9,0.0,-6.69909163933374e-14,0.0,-3.969103254134601e-12,0.0,-1.9352784698392388e-7
0.7826267492745378,0.0,-5.266742430961737e-11,0.0,-1.7158522941296846e-9,0.0,-6.692753598818081e-14,0.0,-3.964868554788264e-12,0.0,-1.933583832639125e-7
0.8004243877909377,0.0,-5.2610206829777187e-11,0.0,-1.7139168554176277e-9,0.0,-6.686142263396308e-14,0.0,-3.960452172287572e-12,0.0,-1.9310077787426677e-7
0.818626760667689,0.0,-5.254590669521407e-11,0.0,-1.711879138325902e-9,0.0,-6.679218860893671e-14,0.0,-3.955826444787863e-12,0.0,-1.929093738715325e-7
0.8372430719293732,0.0,-5.248306130377935e-11,0.0,-1.7097638106439863e-9,0.0,-6.671995992188924e-14,0.0,-3.9510014792928926e-12,0.0,-1.9263402784792267e-7
0.8562827349084009,0.0,-5.241315604731011e-11,0.0,-1.707539022339673e-9,0.0,-6.664434164914515e-14,0.0,-3.945949271926419e-12,0.0,-1.9241909742562834e-7
0.8757553770048543,0.0,-5.2344194257927124e-11,0.0,-1.7052275914845308e-9,0.0,-6.656544449324694e-14,0.0,-3.940678770811671e-12,0.0,-1.921240174395088e-7
0.8956708445545819,0.0,-5.226815775168053e-11,0.0,-1.7027987812272042e-9,0.0,-6.64828653766017e-14,0.0,-3.935161560768476e-12,0.0,-1.9188381095886742e-7
0.9160392078079942,0.0,-5.219254767194199e-11,0.0,-1.700273630346805e-9,0.0,-6.63966989006102e-14,0.0,-3.929405383589527e-12,0.0,-1.915668568431082e-7
0.9368707660220851,0.0,-5.210980982039129e-11,0.0,-1.6976223951815465e-9,0.0,-6.630653282511901e-14,0.0,-3.923381339631712e-12,0.0,-1.9129945019476958e-7
0.9581760526682416,0.0,-5.2026972901982494e-11,0.0,-1.6948643976725303e-9,0.0,-6.62124448067918e-14,0.0,-3.917095913352978e-12,0.0,-1.909583220975564e-7
0.9799658407585005,0.0,-5.19369162439581e-11,0.0,-1.6919707723882909e-9,0.0,-6.611401237604679e-14,0.0,-3.910519645692688e-12,0.0,-1.9066160504973215e-7
1.0022511482929117,0.0,-5.184622387397482e-11,0.0,-1.688959179421066e-9,0.0,-6.601129539771689e-14,0.0,-3.9036577093223205e-12,0.0,-1.9029383003765621e-7
1.0250432438307893,0.0,-5.1748180025583377e-11,0.0,-1.6858015212683107e-9,0.0,-6.590386003390825e-14,0.0,-3.896480007490422e-12,0.0,-1.8996549394263526e-7
1.0483536521886547,0.0,-5.164894995681065e-11,0.0,-1.6825138443028856e-9,0.0,-6.57917474632391e-14,0.0,-3.888990343907386e-12,0.0,-1.8956841208494838e-7
1.072194160267759,0.0,-5.154219591551215e-11,0.0,-1.6790687130142306e-9,0.0,-6.567451130152354e-14,0.0,-3.881157903586591e-12,0.0,-1.8920593701297982e-7
1.0965768230141182,0.0,-5.1433688561567005e-11,0.0,-1.6754806018919555e-9,0.0,-6.55521731726101e-14,0.0,-3.872985062063227e-12,0.0,-1.8877668702201775e-7
1.1215139695141048,0.0,-5.131744288461815e-11,0.0,-1.6717226356423706e-9,0.0,-6.54242728512487e-14,0.0,-3.864440203671134e-12,0.0,-1.8837732837997045e-7
1.1470182092286392,0.0,-5.1198857502634206e-11,0.0,-1.667807753048027e-9,0.0,-6.529081154254486e-14,0.0,-3.855524214087952e-12,0.0,-1.879128328820485e-7
1.1731024383691622,0.0,-5.107227639482013e-11,0.0,-1.6637095413516715e-9,0.0,-6.515131386843381e-14,0.0,-3.8462045930587726e-12,0.0,-1.8747360765294515e-7
1.1997798464186018,0.0,-5.094274719147104e-11,0.0,-1.6594394347697357e-9,0.0,-6.500575978659823e-14,0.0,-3.836480674459607e-12,0.0,-1.8697055822305533e-7
1.2270639228006235,0.0,-5.080492053701139e-11,0.0,-1.6549713895470184e-9,0.0,-6.485365733325878e-14,0.0,-3.8263189883700894e-12,0.0,-1.864882309567336e-7
1.254968463700567,0.0,-5.066351273787397e-11,0.0,-1.650315362233697e-9,0.0,-6.469496450674523e-14,0.0,-3.815717255054128e-12,0.0,-1.8594307307441612e-7
1.283507579041473,0.0,-5.051346013431389e-11,0.0,-1.64544558879937e-9,0.0,-6.452917121611773e-14,0.0,-3.804640949872728e-12,0.0,-1.854141418322183e-7
1.3126956996187653,0.0,-5.0359166085030255e-11,0.0,-1.640370571601069e-9,0.0,-6.43562129611535e-14,0.0,-3.7930861197574134e-12,0.0,-1.8482305997248016e-7
1.3425475843971784,0.0,-5.0195832934914544e-11,0.0,-1.6350647416706552e-9,0.0,-6.417555978301848e-14,0.0,-3.7810171009947e-12,0.0,-1.8424374246809223e-7
1.3730783279736247,0.0,-5.0027568298936933e-11,0.0,-1.6295351682057066e-9,0.0,-6.398712449461362e-14,0.0,-3.768428211939418e-12,0.0,-1.8360264560352486e-7
1.4043033682097652,0.0,-4.984982205476863e-11,0.0,-1.6237563977387927e-9,0.0,-6.379035515994842e-14,0.0,-3.755282566057914e-12,0.0,-1.829688658509114e-7
1.4362384940381732,0.0,-4.9666422209649874e-11,0.0,-1.6177340859864311e-9,0.0,-6.358514238811641e-14,0.0,-3.741572706819388e-12,0.0,-1.822733737047863e-7
1.4688998534459934,0.0,-4.9473048865921035e-11,0.0,-1.6114428212072684e-9,0.0,-6.337090937221607e-14,0.0,-3.727260441017718e-12,0.0,-1.815807495662483e-7
1.5023039616401717,0.0,-4.927326561379888e-11,0.0,-1.6048868653021213e-9,0.0,-6.314752641186707e-14,0.0,-3.712336506986344e-12,0.0,-1.808261800454695e-7
1.5364677093983639,0.0,-4.906296657591416e-11,0.0,-1.5980407812204487e-9,0.0,-6.291438698026955e-14,0.0,-3.696761314777888e-12,0.0,-1.8007001215659062e-7
1.571408371609745,0.0,-4.884546532233373e-11,0.0,-1.5909074582255167e-9,0.0,-6.267134660208107e-14,0.0,-3.6805238021480975e-12,0.0,-1.7925137049460825e-7
1.6071436160100665,0.0,-4.8616854792316154e-11,0.0,-1.5834613747521356e-9,0.0,-6.241775816215899e-14,0.0,-3.663582860061792e-12,0.0,-1.784266331516688e-7
1.643691512115331,0.0,-4.838021242057538e-11,0.0,-1.575704072128579e-9,0.0,-6.215348024011169e-14,0.0,-3.645925729679064e-12,0.0,-1.7753860340459477e-7
1.6810705403586417,0.0,-4.8131815335762944e-11,0.0,-1.5676098940484466e-9,0.0,-6.187778741168357e-14,0.0,-3.6275094831294663e-12,0.0,-1.7663993813449193e-7
1.7192996014348263,0.0,-4.787451959507326e-11,0.0,-1.5591790654480838e-9,0.0,-6.159063518467239e-14,0.0,-3.6083203278051685e-12,0.0,-1.7567687781915222e-7
1.758398025857572,0.0,-4.760476605618507e-11,0.0,-1.5503857495088062e-9,0.0,-6.12908326584232e-14,0.0,-3.588310741918944e-12,0.0,-1.7469859044811486e-7
