case,mass_Msun,z,r_over_R200,theta_rad,native_evaluations,native_relative_error,native_y,scaled_evaluations,scaled_relative_error,log_y_scaled,outside_painted_disc
Battaglia12,1.0e12,0.1,0.003,1.5606677806835365e-6,969,2.530405087258236e-14,4.626853467780489e-8,171,5.65670824294467e-11,-16.888803703476352,false
Battaglia12,1.0e12,0.1,0.1,5.2022259356117885e-5,779,3.720857190144222e-14,2.984903627720019e-8,133,3.2866154203056615e-11,-17.32711328314992,false
Battaglia12,1.0e12,0.1,1.0,0.0005202225935611788,665,8.691924773471737e-14,2.377772872693686e-9,133,6.301063101604038e-13,-19.857101555142783,false
Battaglia12,1.0e12,0.1,4.0,0.0020808903742447152,589,1.785070318028151e-13,9.070692072980613e-11,133,3.5566030053671486e-12,-23.123387458192447,false
Battaglia12,1.0e12,0.1,100.0,0.05202225935611788,437,5.948939768233163e-14,6.77210702577722e-15,133,1.7215623314831788e-13,-32.62596412660384,true
Battaglia12,1.0e12,0.1,133.3521432163324,0.0693727978009422,399,1.831570208567767e-13,2.8061724245569776e-15,133,9.623760715917515e-14,-33.50695496659479,true
Battaglia12,1.0e12,0.1,177.82794100389228,0.09251011267668914,399,6.910811621666825e-14,1.1615134633227563e-15,133,6.114534827906136e-14,-34.3890525304256,true
Battaglia12,1.0e12,0.1,237.13737056616552,0.12336421794620897,361,5.225132064448085e-13,4.803667501375621e-16,133,6.419869448923992e-14,-35.27198179895167,true
Battaglia12,1.0e12,0.1,316.22776601683796,0.16450882859333704,361,7.348124450417297e-14,1.985410562301076e-16,133,7.44777996447103e-14,-36.15553576275896,true
Battaglia12,1.0e12,0.1,421.6965034285823,0.2193760487092976,323,9.691126218216096e-13,8.202080396205335e-17,133,1.0084096442482964e-13,-37.039558751952406,true
Battaglia12,1.0e12,0.1,562.341325190349,0.2925426626571536,323,1.183324114934874e-13,3.387231056252964e-17,95,5.1558333410347094e-11,-37.923933790832805,true
Battaglia12,1.0e12,0.1,749.8942093324558,0.3901119104754397,323,6.717823177694747e-14,1.3984626734588173e-17,95,1.261548727213805e-11,-38.8085730380071,true
Battaglia12,1.0e12,0.1,1000.0,0.5202225935611788,285,3.4880176440028155e-13,5.772591361284675e-18,95,6.859478567789634e-13,-39.693410584784175,true
Battaglia12,1.0e12,0.1,1333.521432163324,0.693727978009422,285,6.949382923873933e-14,2.3824624867267513e-18,95,3.0233102004974684e-12,-40.57839706281086,true
Battaglia12,1.0e12,0.1,1778.2794100389228,0.9251011267668914,247,4.399635347370728e-13,9.831790830615798e-19,95,2.1684977183829455e-12,-41.463495669196895,true
Battaglia12,1.0e12,0.1,2371.373705661655,1.2336421794620898,247,8.719389814523992e-14,4.0569740454984023e-19,95,1.0737080339441003e-12,-42.34867938014459,true
Battaglia12,1.0e12,0.1,3162.2776601683795,1.6450882859333704,247,6.139468036434652e-14,1.6739522042195154e-19,95,4.5013894474409286e-13,-43.23392934706739,true
Battaglia12,1.0e12,0.1,4216.965034285822,2.193760487092976,209,2.0723473511049087e-13,6.906527544026078e-20,95,1.736021915034094e-13,-44.11923487460008,true
Battaglia12,1.0e12,0.1,5623.413251903491,2.9254266265715367,209,6.714520192616865e-14,2.849391921700557e-20,95,6.282136014556888e-14,-45.004596249171826,true
Battaglia12,1.0e12,0.1,7498.942093324558,3.901119104754397,171,5.507602270449904e-13,1.1754701486952213e-20,95,1.1448454717964225e-14,-45.890033665764946,true
Battaglia12,1.0e12,0.1,10000.0,5.202225935611788,171,6.61202942234395e-14,4.848536595865661e-21,57,8.303693610733062e-11,-46.77561002626727,true
Battaglia12,1.0e12,0.1,13335.21432163324,6.9372797800942205,171,3.53037149556405e-14,1.999308791000343e-21,57,3.2643723586729018e-12,-47.66148543654984,true
Battaglia12,1.0e12,0.1,17782.794100389227,9.251011267668913,133,9.853027613173857e-14,8.238596059072775e-22,57,2.663779607605986e-12,-48.54804209764464,true
Battaglia12,1.0e12,0.1,23713.737056616552,12.336421794620897,133,2.7449169044420685e-14,3.389614668857864e-22,57,6.772206145540869e-13,-49.43615579794081,true
Battaglia12,1.0e12,0.1,31622.776601683792,16.450882859333703,95,3.6406075704519986e-13,1.3897661140401037e-22,57,6.876290420239124e-14,-50.32773657616475,true
Battaglia12,1.0e12,0.1,42169.65034285822,21.937604870929757,95,5.5363781682741646e-15,5.656532256805346e-23,57,4.408881968810501e-16,-51.22664610988636,true
Battaglia12,1.0e12,0.1,56234.13251903491,29.254266265715366,57,2.7460786702744414e-13,2.2696963959646054e-23,19,1.0421183446831246e-12,-52.139811062585665,true
Battaglia12,1.0e12,0.1,74989.42093324558,39.01119104754397,57,3.576373674369777e-14,8.886086691789857e-24,19,1.0418928942293923e-12,-53.07755547139391,true
Battaglia12,1.0e12,0.1,100000.0,52.02225935611788,57,2.0709652803157906e-16,3.3554267353424184e-24,19,2.2090778872543856e-14,-54.051463275679154,true
Battaglia12,1.0e12,0.1,133352.1432163324,69.3727978009422,19,2.646314741984506e-13,1.2122930101771191e-24,19,0.0,-55.06952861585674,true
Battaglia12,1.0e12,0.1,177827.94100389228,92.51011267668913,19,1.7968903499021834e-15,4.189489521388308e-25,19,5.927360689489307e-16,-56.1320484309435,true
Battaglia12,1.0e12,0.1,237137.37056616554,123.36421794620898,19,0.0,1.3944491403911435e-25,19,2.9386154605409613e-16,-57.23212786900406,true
Battaglia12,1.0e12,0.1,316227.7660168379,164.50882859333703,19,1.603179634721197e-16,4.515097761971672e-26,19,1.3104153961210717e-15,-58.35978557850375,true
Battaglia12,1.0e12,0.1,421696.5034285823,219.3760487092976,19,0.0,1.4354269217726094e-26,19,2.4291785678798317e-16,-59.50575010641812,true
Battaglia12,1.0e12,0.1,562341.3251903491,292.5426626571537,19,0.0,4.511875523700055e-27,19,1.7535104199953722e-15,-60.66308458485646,true
Battaglia12,1.0e12,0.1,749894.2093324559,390.11191047543974,19,1.6058645432537477e-16,1.4086089972488068e-27,19,1.0532086801525192e-15,-61.82719482016087,true
Battaglia12,1.0e12,0.1,1.0e6,520.2225935611788,19,1.2910007720901525e-16,4.380390958883396e-28,19,4.1915560263574013e-16,-62.99524462340932,true
Battaglia12,1.0e12,0.1,1.333521432163324e6,693.7279780094219,19,2.080437569124407e-16,1.3591102645669011e-28,19,2.2292325685266418e-15,-64.165552335409,true
Battaglia12,1.0e12,0.1,1.778279410038923e6,925.1011267668914,19,0.0,4.211522268531002e-29,19,6.182891241777663e-16,-65.33714353051465,true
Battaglia12,1.0e12,0.1,2.3713737056616554e6,1233.6421794620899,19,1.3551309444608082e-16,1.3040917127535606e-29,19,6.589832745887618e-16,-66.5094609039298,true
Battaglia12,1.0e12,0.1,3.1622776601683795e6,1645.0882859333703,19,0.0,4.0364465305526994e-30,19,1.0978806626201724e-15,-67.6821880565438,true
Battaglia12,1.0e12,0.1,4.216965034285823e6,2193.7604870929763,19,3.537035426187683e-16,1.2490792580723456e-30,19,7.318062645778995e-16,-68.85514610346759,true
Battaglia12,1.0e12,0.1,5.623413251903491e6,2925.426626571537,19,1.428943591449704e-16,3.8647760593508535e-31,19,7.805730087890331e-16,-70.0282341431142,true
Battaglia12,1.0e12,0.1,7.498942093324558e6,3901.119104754397,19,2.3093115176244644e-16,1.1957128651223635e-31,19,1.3010162443084517e-15,-71.20139533543976,true
Battaglia12,1.0e12,0.1,1.0e7,5202.225935611788,19,0.0,3.6992322248489516e-32,19,1.2143889293493213e-15,-72.37459768448939,true
Battaglia12,1.0e12,0.1,1.333521432163324e7,6937.27978009422,19,3.016012953834611e-16,1.1444220952732026e-32,19,2.4290482768353955e-15,-73.54782318650282,true
Battaglia12,1.0e12,0.1,1.7782794100389227e7,9251.011267668913,19,0.0,3.540423510517683e-33,19,3.084889313355261e-16,-74.72106171307415,true
Battaglia12,1.0e12,0.1,2.3713737056616552e7,12336.421794620897,19,0.0,1.095269555091455e-33,19,2.0568636680550427e-15,-75.89430756679639,true
Battaglia12,1.0e12,0.1,3.162277660168379e7,16450.882859333702,19,1.5916751549034663e-16,3.3883247287508142e-34,19,5.4857145633995145e-15,-77.06755754286202,true
Battaglia12,1.0e12,0.1,4.2169650342858225e7,21937.604870929757,19,2.572535872589379e-16,1.0482093456814026e-34,19,2.1945888569988065e-15,-78.24080983851798,true
Battaglia12,1.0e12,0.1,5.623413251903491e7,29254.266265715363,19,2.0789259148697637e-16,3.242727560012375e-35,19,7.316315955740106e-16,-79.41406343962551,true
Battaglia12,1.0e12,0.1,7.498942093324558e7,39011.19104754397,19,1.68002949218995e-16,1.0031654787477264e-35,19,1.300860661041178e-15,-80.58731777562379,true
Battaglia12,1.0e12,0.1,1.0e8,52022.25935611788,19,4.073017093845465e-16,3.103376841438395e-36,19,1.5178840727055193e-15,-81.7605725254655,true
Battaglia12,1.0e12,1.0,0.003,2.540452122758492e-7,969,2.5217856360240508e-14,1.0572912221632025e-7,209,5.8590119379095885e-12,-16.062385464361473,false
Battaglia12,1.0e12,1.0,0.1,8.468173742528307e-6,779,3.533050007702673e-14,7.149802820333766e-8,171,1.3529787960159452e-12,-16.453595965202414,false
Battaglia12,1.0e12,1.0,1.0,8.468173742528307e-5,665,9.695168735045787e-14,5.374886906042957e-9,133,1.64470369672019e-12,-19.04152830389024,false
Battaglia12,1.0e12,1.0,4.0,0.00033872694970113227,589,2.8986208353010077e-13,1.0676054873332484e-10,133,9.151192353814353e-12,-22.960432651527906,false
Battaglia12,1.0e12,1.0,100.0,0.008468173742528307,437,8.983418333013068e-14,3.870094066457418e-16,133,6.604960746687654e-13,-35.4880826745803,true
Battaglia12,1.0e12,1.0,133.3521432163324,0.011292491176944202,399,4.1258694383777835e-13,1.1864106507707294e-16,133,4.671731994065952e-13,-36.67042899871746,true
Battaglia12,1.0e12,1.0,177.82794100389228,0.015058779006970334,399,8.260496187786785e-14,3.628777512674609e-17,133,3.4568113892556844e-13,-37.85505076271078,true
Battaglia12,1.0e12,1.0,237.13737056616552,0.020081204548006076,399,5.331366291002145e-14,1.1080060925211896e-17,133,2.5312602748334784e-13,-39.041384493923466,true
Battaglia12,1.0e12,1.0,316.22776601683796,0.026778716648421724,361,9.083451321796485e-14,3.378819796009328e-18,133,1.6847532908052736e-13,-40.22900519815121,true
Battaglia12,1.0e12,1.0,421.6965034285823,0.035709992576499185,361,8.405623519719739e-14,1.0293616826050553e-18,133,7.9613912723944e-14,-41.41759278938674,true
Battaglia12,1.0e12,1.0,562.341325190349,0.047620040443154855,323,2.256147777180776e-13,3.1336871431492645e-19,133,2.829053180847158e-14,-42.60690645462741,true
Battaglia12,1.0e12,1.0,749.8942093324558,0.06350234453143128,323,8.872296938781488e-14,9.534689664523673e-20,133,1.0368304038896167e-13,-43.79676516834051,true
Battaglia12,1.0e12,1.0,1000.0,0.08468173742528307,285,8.014856636375538e-13,2.899878755516806e-20,95,2.9744275072582124e-11,-44.98703293220496,true
Battaglia12,1.0e12,1.0,1333.521432163324,0.11292491176944204,285,8.30557348917884e-14,8.816979310215367e-21,95,1.6007011326495174e-12,-46.17760762335155,true
Battaglia12,1.0e12,1.0,1778.2794100389228,0.15058779006970335,247,1.7803364723308122e-13,2.6801542957278126e-21,95,6.5579723285462375e-12,-47.36841258697669,true
Battaglia12,1.0e12,1.0,2371.373705661655,0.20081204548006076,247,1.3072014458395142e-13,8.145631181581514e-22,95,4.4094411875368e-12,-48.559390313682805,true
Battaglia12,1.0e12,1.0,3162.2776601683795,0.26778716648421724,247,9.09759426796831e-14,2.4753315189678835e-22,95,1.9663132107015427e-12,-49.75049771176073,true
Battaglia12,1.0e12,1.0,4216.965034285822,0.3570999257649918,209,4.837294983061808e-13,7.521416551156336e-23,95,7.017850012180318e-13,-50.94170264747651,true
Battaglia12,1.0e12,1.0,5623.413251903491,0.4762004044315486,209,8.193817452124583e-14,2.2852501320932397e-23,95,2.659749529599069e-13,-52.13298165350873,true
Battaglia12,1.0e12,1.0,7498.942093324558,0.6350234453143128,209,5.629934928667485e-14,6.942924080099283e-24,95,1.078513596879011e-13,-53.324319208885875,true
Battaglia12,1.0e12,1.0,10000.0,0.8468173742528307,171,9.148847903484857e-14,2.109248675178547e-24,95,2.105827305397231e-14,-54.51571042589442,true
Battaglia12,1.0e12,1.0,13335.21432163324,1.1292491176944204,171,7.622108606989378e-14,6.407402829849586e-25,57,6.169777313968128e-11,-55.707173310774486,true
Battaglia12,1.0e12,1.0,17782.794100389227,1.5058779006970333,133,2.3905518279074656e-13,1.9461202131193362e-25,57,5.706824216797805e-12,-56.898789568524926,true
Battaglia12,1.0e12,1.0,23713.737056616552,2.0081204548006077,133,4.468242374132822e-14,5.908455797488609e-26,57,2.9960688970671265e-12,-58.090827906949364,true
Battaglia12,1.0e12,1.0,31622.776601683792,2.677871664842172,95,8.370326281726897e-13,1.7916332625115344e-26,57,3.798461162447091e-13,-59.284084776852985,true
Battaglia12,1.0e12,1.0,42169.65034285822,3.570999257649918,95,2.0190948587235214e-14,5.414576453270674e-27,57,1.5141912132748515e-14,-60.48070285075462,true
Battaglia12,1.0e12,1.0,56234.13251903491,4.762004044315486,57,7.854031849069998e-13,1.622709597599761e-27,19,4.450398211461937e-11,-61.68570016770672,true
Battaglia12,1.0e12,1.0,74989.42093324558,6.350234453143128,57,9.93404748574115e-14,4.776692572989638e-28,19,4.121254503533784e-12,-62.90863422716109,true
Battaglia12,1.0e12,1.0,100000.0,8.468173742528307,57,2.845229020996602e-16,1.3625576145571207e-28,19,1.4293968806367615e-13,-64.16301907125856,true
Battaglia12,1.0e12,1.0,133352.1432163324,11.292491176944202,19,6.228344548300913e-13,3.720133372365805e-29,19,0.0,-65.46120817639847,true
Battaglia12,1.0e12,1.0,177827.94100389228,15.058779006970335,19,5.341162538998938e-15,9.677764442756004e-30,19,0.0,-66.8077218612013,true
Battaglia12,1.0e12,1.0,237137.37056616554,20.08120454800608,19,1.6750597191200874e-16,2.4108521472062725e-30,19,3.019298534897435e-16,-68.19757251676394,true
Battaglia12,1.0e12,1.0,316227.7660168379,26.77871664842172,19,0.0,5.810686058107103e-31,19,0.0,-69.6204392366324,true
Battaglia12,1.0e12,1.0,421696.5034285823,35.70999257649918,19,0.0,1.3694750545415094e-31,19,1.471387051800703e-15,-71.065710388272,true
Battaglia12,1.0e12,1.0,562341.3251903491,47.62004044315486,19,1.9827194860813836e-16,3.18243559295095e-32,19,4.80842039481283e-16,-72.52507616244355,true
Battaglia12,1.0e12,1.0,749894.2093324559,63.502344531431284,19,2.1511496753691046e-16,7.333145080037411e-33,19,8.451839367851104e-16,-73.9929035753468,true
Battaglia12,1.0e12,1.0,1.0e6,84.68173742528306,19,1.1727234587818235e-16,1.6814165074713268e-33,19,1.259677139987564e-15,-75.46567147143827,true
Battaglia12,1.0e12,1.0,1.333521432163324e6,112.92491176944202,19,0.0,3.8443920091083377e-34,19,5.578610046131726e-16,-76.94127769641239,true
Battaglia12,1.0e12,1.0,1.778279410038923e6,150.58779006970335,19,1.404340948624522e-16,8.775631481380725e-35,19,1.2372694794440491e-16,-78.41849952433883,true
Battaglia12,1.0e12,1.0,2.3713737056616554e6,200.8120454800608,19,0.0,2.0013903359258763e-35,19,9.887859852766722e-16,-79.89663614778604,true
Battaglia12,1.0e12,1.0,3.1622776601683795e6,267.7871664842172,19,5.065137974713538e-16,4.562059328713949e-36,19,2.196150156583092e-16,-81.37528921902907,true
Battaglia12,1.0e12,1.0,4.216965034285823e6,357.09992576499184,19,1.8522828975216884e-16,1.0395937170145743e-36,19,1.610134162685423e-15,-82.85423336767535,true
Battaglia12,1.0e12,1.0,5.623413251903491e6,476.20040443154863,19,2.032430910844463e-16,2.368618844707756e-37,19,3.9030837218418513e-16,-84.33334142145283,true
Battaglia12,1.0e12,1.0,7.498942093324558e6,635.0234453143128,19,2.2303053661787207e-16,5.39618277052446e-38,19,3.903171724394914e-16,-85.81254172451845,true
Battaglia12,1.0e12,1.0,1.0e7,846.8173742528306,19,0.0,1.229293481453377e-38,19,1.9083592786769267e-15,-87.29179393474581,true
Battaglia12,1.0e12,1.0,1.333521432163324e7,1129.2491176944202,19,2.6860814307082683e-16,2.8003468296771874e-39,19,3.1230931942083188e-15,-88.77107534951575,true
Battaglia12,1.0e12,1.0,1.7782794100389227e7,1505.8779006970333,19,0.0,6.379122342687839e-40,19,3.0849066020855263e-16,-90.25037319570993,true
Battaglia12,1.0e12,1.0,2.3713737056616552e7,2008.1204548006078,19,1.61761436474349e-16,1.4531352045878845e-40,19,4.1137403008554583e-16,-91.72968028748082,true
Battaglia12,1.0e12,1.0,3.162277660168379e7,2677.871664842172,19,1.775301705126683e-16,3.3101590198271346e-41,19,2.7428621427990917e-15,-93.20899258227705,true
Battaglia12,1.0e12,1.0,4.2169650342858225e7,3570.999257649918,19,1.948366337022514e-16,7.540331148812692e-42,19,2.1945910441864354e-15,-94.68830780575381,true
Battaglia12,1.0e12,1.0,5.623413251903491e7,4762.004044315486,19,2.1383056367722629e-16,1.7176365164669897e-42,19,9.75509340818659e-16,-96.16762467822407,true
Battaglia12,1.0e12,1.0,7.498942093324558e7,6350.234453143128,19,2.3467636226184867e-16,3.9126563596860504e-43,19,9.756458032675579e-16,-97.64694247953923,true
Battaglia12,1.0e12,1.0,1.0e8,8468.173742528306,19,1.287772498171024e-16,8.912754024642421e-44,19,8.673624809819713e-16,-99.12626080434012,true
Battaglia12,1.0e12,5.0,0.003,1.173049851978326e-7,969,2.528393491988216e-14,1.5195737978879772e-6,209,1.7450479559080345e-11,-13.397080658550763,false
Battaglia12,1.0e12,5.0,0.1,3.910166173261086e-6,779,3.263295810796254e-14,1.1217511423703605e-6,171,6.314331839763924e-13,-13.700619573708524,false
Battaglia12,1.0e12,5.0,1.0,3.910166173261086e-5,665,9.993770514111205e-14,1.0357707782662369e-7,133,5.3251015548855804e-12,-16.08294978810163,false
Battaglia12,1.0e12,5.0,4.0,0.00015640664693044345,589,6.794281343925232e-13,8.481358888451941e-10,133,4.2119651368468875e-11,-20.887980246695,false
Battaglia12,1.0e12,5.0,100.0,0.0039101661732610865,437,8.829127491577057e-14,2.409710942479049e-18,133,9.212651119062426e-12,-40.56702487446381,true
Battaglia12,1.0e12,5.0,133.3521432163324,0.005214290395363708,437,1.0691087401519356e-13,3.3853855125115113e-19,133,5.821882142267052e-12,-42.52964897852546,true
Battaglia12,1.0e12,5.0,177.82794100389228,0.006953367995740877,399,8.56290624389532e-14,4.716918998047323e-20,133,3.4078711686969326e-12,-44.50054602807152,true
Battaglia12,1.0e12,5.0,237.13737056616552,0.009272465248038996,361,5.608839054995283e-13,6.5312267976810776e-21,133,1.8175424319793705e-12,-46.47769215622434,true
Battaglia12,1.0e12,5.0,316.22776601683796,0.012365031137249615,361,3.3733442331684565e-13,9.000876162265215e-22,133,8.368525470979502e-13,-48.45955012190832,true
Battaglia12,1.0e12,5.0,421.6965034285823,0.0164890340308892,361,1.2039261246093412e-13,1.236044086384127e-22,133,5.27024963618603e-13,-50.444956018874045,true
Battaglia12,1.0e12,5.0,562.341325190349,0.02198848027586115,361,8.0186543314544e-14,1.692871876945892e-23,133,4.897621985166474e-13,-52.43303071669398,true
Battaglia12,1.0e12,5.0,749.8942093324558,0.02932210970856137,323,7.02860061024633e-14,2.3138917639605462e-24,133,4.859123391102803e-13,-54.423111378613214,true
Battaglia12,1.0e12,5.0,1000.0,0.039101661732610864,323,1.4111232154865543e-13,3.157966800279847e-25,133,4.406629703793686e-13,-56.414698921967236,true
Battaglia12,1.0e12,5.0,1333.521432163324,0.05214290395363708,285,1.913770688847635e-13,4.3050746317746785e-26,133,3.2764480116832153e-13,-58.40741794404731,true
Battaglia12,1.0e12,5.0,1778.2794100389228,0.06953367995740876,285,1.449069582953455e-13,5.863878374440386e-27,133,2.1265672425749645e-13,-60.40098628752722,true
Battaglia12,1.0e12,5.0,2371.373705661655,0.09272465248038995,247,7.538038945953187e-13,7.982012743202413e-28,95,2.538905361652529e-12,-62.3951920007156,true
Battaglia12,1.0e12,5.0,3162.2776601683795,0.12365031137249614,247,8.166225299834329e-14,1.0860059131098537e-28,95,2.1052943698967718e-11,-64.38987593748384,true
Battaglia12,1.0e12,5.0,4216.965034285822,0.164890340308892,247,1.1756584866008297e-13,1.4770532519315096e-29,95,1.2409168119275761e-11,-66.38491863981054,true
Battaglia12,1.0e12,5.0,5623.413251903491,0.21988480275861155,209,1.0620308329283507e-13,2.0083677501206885e-30,95,4.719296821463483e-12,-68.38023046227005,true
Battaglia12,1.0e12,5.0,7498.942093324558,0.29322109708561367,209,1.5351171675295629e-13,2.7302515189818906e-31,95,1.2244681967729187e-12,-70.3757441463672,true
Battaglia12,1.0e12,5.0,10000.0,0.39101661732610865,171,3.983009862966645e-13,3.711045794068991e-32,95,3.754166561169106e-13,-72.3714092537185,true
Battaglia12,1.0e12,5.0,13335.21432163324,0.5214290395363708,171,1.1075612963219546e-13,5.043599352404218e-33,95,2.5328379908471075e-13,-74.3671880843861,true
Battaglia12,1.0e12,5.0,17782.794100389227,0.6953367995740877,171,8.258680895737025e-14,6.8540509625673794e-34,95,2.079923432362229e-14,-76.36305330292379,true
Battaglia12,1.0e12,5.0,23713.737056616552,0.9272465248038996,133,4.73080173463003e-14,9.313710288752526e-35,57,1.863045577538371e-11,-78.35899071563762,true
Battaglia12,1.0e12,5.0,31622.776601683792,1.2365031137249614,133,8.564197606791739e-14,1.265477061749129e-35,57,8.154640336496028e-12,-80.35502907979311,true
Battaglia12,1.0e12,5.0,42169.65034285822,1.6489034030889198,95,1.6622393494114202e-13,1.7188482932329266e-36,57,6.656658562986901e-13,-82.35140887819806,true
Battaglia12,1.0e12,5.0,56234.13251903491,2.1988480275861155,95,1.1798705483932082e-14,2.3310798759041506e-37,57,1.267401717083913e-14,-84.34931681451603,true
Battaglia12,1.0e12,5.0,74989.42093324558,2.932210970856137,57,7.966394230295718e-13,3.142864961912583e-38,19,8.857837632586033e-12,-86.35309874159255,true
Battaglia12,1.0e12,5.0,100000.0,3.910166173261086,57,3.1192346459313997e-15,4.166445644488669e-39,19,3.669814456808821e-12,-88.37375531785732,true
Battaglia12,1.0e12,5.0,133352.1432163324,5.214290395363707,57,3.0693306393644277e-16,5.337211207601626e-40,19,3.323490015053106e-14,-90.42870044897504,true
Battaglia12,1.0e12,5.0,177827.94100389228,6.953367995740877,19,5.2228512616273195e-14,6.508314140182787e-41,19,1.7895330223665444e-15,-92.53290835471418,true
Battaglia12,1.0e12,5.0,237137.37056616554,9.272465248038996,19,2.265793620930308e-16,7.53123988991326e-42,19,3.232464687969496e-16,-94.68951421747805,true
Battaglia12,1.0e12,5.0,316227.7660168379,12.365031137249613,19,3.837565808444575e-16,8.33743127416446e-43,19,1.5868327778448386e-15,-96.89040383051498,true
Battaglia12,1.0e12,5.0,421696.5034285823,16.4890340308892,19,1.491236754616403e-16,8.939850622015061e-44,19,3.769952961060753e-16,-99.12322521163904,true
Battaglia12,1.0e12,5.0,562341.3251903491,21.988480275861157,19,3.549946603971315e-16,9.388474895238801e-45,19,1.138015465796436e-15,-101.37684632267555,true
Battaglia12,1.0e12,5.0,749894.2093324559,29.32210970856137,19,2.1397759489652977e-16,9.7348347927908e-46,19,4.26035585186353e-16,-103.64320360948345,true
Battaglia12,1.0e12,5.0,1.0e6,39.101661732610864,19,1.299512887807246e-16,1.0018352622839694e-46,19,0.0,-105.91708069747828,true
Battaglia12,1.0e12,5.0,1.333521432163324e6,52.14290395363708,19,0.0,1.0265401259460106e-47,19,3.728766395591683e-16,-108.19530532394785,true
Battaglia12,1.0e12,5.0,1.778279410038923e6,69.53367995740878,19,1.938741808377702e-16,1.049245112516403e-48,19,2.8499002103443425e-15,-110.47601349856696,true
Battaglia12,1.0e12,5.0,2.3713737056616554e6,92.72465248038996,19,1.1871646365066336e-16,1.070942112996131e-49,19,6.59735913969319e-16,-112.75813081619343,true
Battaglia12,1.0e12,5.0,3.1622776601683795e6,123.65031137249615,19,2.9100994505260655e-16,1.0922174876745766e-50,19,4.174627628250021e-15,-115.04104462767303,true
Battaglia12,1.0e12,5.0,4.216965034285823e6,164.890340308892,19,7.136739063726559e-16,1.1134152034826749e-51,19,1.0248991510545825e-15,-117.32440769101719,true
Battaglia12,1.0e12,5.0,5.623413251903491e6,219.88480275861156,19,2.1883245857870068e-16,1.1347370821454423e-52,19,7.807317248995459e-16,-119.60802385727784,true
Battaglia12,1.0e12,5.0,7.498942093324558e6,293.2210970856137,19,0.0,1.1563024774113835e-53,19,1.4312815239282857e-15,-121.89178253400053,true
Battaglia12,1.0e12,5.0,1.0e7,391.01661732610864,19,3.29317028052973e-16,1.178183199875242e-54,19,2.9494199229711643e-15,-124.17562143081979,true
Battaglia12,1.0e12,5.0,1.333521432163324e7,521.4290395363709,19,4.0401960630828526e-16,1.2004237660337646e-55,19,2.660482422410323e-15,-126.45950548185576,true
Battaglia12,1.0e12,5.0,1.7782794100389227e7,695.3367995740876,19,3.7176028935652266e-16,1.223053078257291e-56,19,2.1594664372506385e-15,-128.7434149518564,true
Battaglia12,1.0e12,5.0,2.3713737056616552e7,927.2465248038997,19,0.0,1.2460911430936732e-57,19,2.0568871922174716e-16,-131.02733873442025,true
Battaglia12,1.0e12,5.0,3.162277660168379e7,1236.5031137249614,19,1.8653325198867368e-16,1.2695529299731679e-58,19,1.3714374611736131e-15,-133.31127057880218,true
Battaglia12,1.0e12,5.0,4.2169650342858225e7,1648.90340308892,19,5.721465105378044e-16,1.2934505860715008e-59,19,5.852258117797761e-15,-135.5952069664573,true
Battaglia12,1.0e12,5.0,5.623413251903491e7,2198.848027586115,19,1.4039425775529355e-16,1.3177947075723328e-60,19,1.8290827089621253e-15,-137.87914591626162,true
Battaglia12,1.0e12,5.0,7.498942093324558e7,2932.210970856137,19,5.167533775152683e-16,1.3425950697197333e-61,19,9.756466116317842e-16,-140.1630863123095,true
Battaglia12,1.0e12,5.0,1.0e8,3910.1661732610864,19,0.0,1.3678610465967383e-62,19,2.1684072127677676e-15,-142.44702752571467,true
Battaglia12,1.0e14,0.1,0.003,7.243964718463936e-6,969,2.5402259739593855e-14,7.666020397585587e-6,209,4.1697989781970325e-12,-11.778712930223437,false
Battaglia12,1.0e14,0.1,0.1,0.00024146549061546455,779,4.292146159747463e-14,4.361276041235821e-6,133,1.1503684323327215e-11,-12.342745873414628,false
Battaglia12,1.0e14,0.1,1.0,0.0024146549061546453,665,1.231070744438064e-13,1.7120824305181892e-7,133,5.7770316069878835e-12,-15.580385225730712,false
Battaglia12,1.0e14,0.1,4.0,0.009658619624618581,589,3.062777403237394e-13,2.82292466601153e-9,133,6.3702536588646886e-12,-19.6854923738223,false
Battaglia12,1.0e14,0.1,100.0,0.24146549061546452,437,8.146303441990079e-14,2.0396225532405076e-14,133,4.971518358570523e-13,-31.523426534100693,true
Battaglia12,1.0e14,0.1,133.3521432163324,0.3219994068635539,399,3.254486396450459e-13,6.81792588762778e-15,133,3.5007181936091795e-13,-32.61922109135852,true
Battaglia12,1.0e14,0.1,177.82794100389228,0.4293931101964273,399,7.972558448203365e-14,2.2760605558135113e-15,133,2.4798937372097635e-13,-33.71633027275559,true
Battaglia12,1.0e14,0.1,237.13737056616552,0.5726049152702037,361,8.738744809260819e-13,7.590778696251725e-16,133,1.6254259762052358e-13,-34.81442730673312,true
Battaglia12,1.0e14,0.1,316.22776601683796,0.763580926674881,361,8.58897682512282e-14,2.529686093230514e-16,133,8.231253408955681e-14,-35.91326626668503,true
Battaglia12,1.0e14,0.1,421.6965034285823,1.0182515309120854,361,7.376789474442837e-14,8.42568134872461e-17,133,3.64543640656688e-14,-37.01266223567816,true
Battaglia12,1.0e14,0.1,562.341325190349,1.357860239804381,323,1.7991861644931157e-13,2.8051873156696366e-17,133,7.751475543383195e-14,-38.11247626494889,true
Battaglia12,1.0e14,0.1,749.8942093324558,1.810735731661573,323,8.395546224050551e-14,9.33646474733499e-18,95,7.102173368831446e-11,-39.21260400001314,true
Battaglia12,1.0e14,0.1,1000.0,2.414654906154645,285,6.397856377700924e-13,3.1067108904769904e-18,95,1.3416656347983425e-11,-40.31296709883267,true
Battaglia12,1.0e14,0.1,1333.521432163324,3.2199940686355397,285,7.988678828107611e-14,1.033576280309017e-18,95,3.6247811383056352e-12,-41.41350676872739,true
Battaglia12,1.0e14,0.1,1778.2794100389228,4.293931101964273,247,2.5355414713320544e-13,3.438164854409427e-19,95,5.124386766841533e-12,-42.51417891040407,true
Battaglia12,1.0e14,0.1,2371.373705661655,5.726049152702037,247,1.1509754277926435e-13,1.1435829553022583e-19,95,3.052928279208606e-12,-43.614950489954566,true
Battaglia12,1.0e14,0.1,3162.2776601683795,7.63580926674881,247,8.278276285564189e-14,3.803436415224412e-20,95,1.2714141476852937e-12,-44.715796882003474,true
Battaglia12,1.0e14,0.1,4216.965034285822,10.182515309120852,209,3.7818250236495157e-13,1.2649110182053307e-20,95,4.810351660105606e-13,-45.81670008151515,true
Battaglia12,1.0e14,0.1,5623.413251903491,13.578602398043813,209,7.848328119518184e-14,4.2065337564732256e-21,95,1.852492572184393e-13,-46.917647980062284,true
Battaglia12,1.0e14,0.1,7498.942093324558,18.10735731661573,171,8.885037177659652e-13,1.3988511485589378e-21,95,6.9166447210527e-14,-48.018635661309126,true
Battaglia12,1.0e14,0.1,10000.0,24.14654906154645,171,8.398962814133674e-14,4.651548893054625e-22,95,3.233071433043856e-15,-49.11967178645309,true
Battaglia12,1.0e14,0.1,13335.21432163324,32.1999406863554,171,6.387508368047507e-14,1.5466216705397864e-22,57,3.171143440930335e-11,-50.22079906104555,true
Battaglia12,1.0e14,0.1,17782.794100389227,42.93931101964273,133,1.7752349264289047e-13,5.141287185216393e-23,57,5.175911163091786e-12,-51.322153665607736,true
Battaglia12,1.0e14,0.1,23713.737056616552,57.26049152702037,133,4.0290384428328795e-14,1.7080113189348122e-23,57,2.0249125816408846e-12,-52.424127416507616,true
Battaglia12,1.0e14,0.1,31622.776601683792,76.3580926674881,95,6.690112900984895e-13,5.6647771674622645e-24,57,2.373400481094947e-13,-53.52777467310888,true
Battaglia12,1.0e14,0.1,42169.65034285822,101.82515309120852,95,1.4572564700204593e-14,1.8707599698746252e-24,57,1.0200228815074941e-14,-54.63569748254665,true
Battaglia12,1.0e14,0.1,56234.13251903491,135.78602398043813,57,2.547122561588774e-13,6.117206329948693e-25,19,2.1710669491757637e-11,-55.75352181458108,true
Battaglia12,1.0e14,0.1,74989.42093324558,181.0735731661573,57,7.475795701544765e-14,1.9609314610967275e-25,19,2.873118536212805e-12,-56.89120772924379,true
Battaglia12,1.0e14,0.1,100000.0,241.46549061546452,57,9.448898254923593e-17,6.081745012854453e-26,19,8.894431618830765e-14,-58.06192075435306,true
Battaglia12,1.0e14,0.1,133352.1432163324,321.99940686355393,19,4.918129512928514e-13,1.804668058715984e-26,19,6.242363978406792e-16,-59.276835743960575,true
Battaglia12,1.0e14,0.1,177827.94100389228,429.3931101964273,19,4.0789679550928305e-15,5.107014579649791e-27,19,3.6674393548688737e-16,-60.539182508341334,true
Battaglia12,1.0e14,0.1,237137.37056616554,572.6049152702038,19,0.0,1.3860931503481025e-27,19,5.990864288171467e-16,-61.84330840428652,true
Battaglia12,1.0e14,0.1,316227.7660168379,763.5809266748809,19,1.2315523515823744e-16,3.6454112773945865e-28,19,5.680798497639751e-16,-63.17891341143344,true
Battaglia12,1.0e14,0.1,421696.5034285823,1018.2515309120854,19,1.1957906883108221e-16,9.386080011841609e-29,19,1.3450102042919546e-15,-64.53573995489718,true
Battaglia12,1.0e14,0.1,562341.3251903491,1357.8602398043813,19,4.706449274420248e-16,2.3847674591761323e-29,19,1.2801868679519297e-15,-65.90586607863425,true
Battaglia12,1.0e14,0.1,749894.2093324559,1810.7357316615733,19,0.0,6.011015606722462e-30,19,6.333079408480073e-16,-67.2839590694073,true
Battaglia12,1.0e14,0.1,1.0e6,2414.6549061546452,19,1.1628599499633403e-16,1.5081065703374203e-30,19,4.19674673615306e-16,-68.66669785274759,true
Battaglia12,1.0e14,0.1,1.333521432163324e6,3219.9940686355394,19,0.0,3.7736176194545923e-31,19,3.3461859036246238e-15,-70.05210376070161,true
Battaglia12,1.0e14,0.1,1.778279410038923e6,4293.931101964274,19,2.3251167364211114e-16,9.42811119680237e-32,19,2.9689565944755344e-15,-71.43902719649007,true
Battaglia12,1.0e14,0.1,2.3713737056616554e6,5726.049152702038,19,1.1642896924226455e-16,2.353522847362676e-32,19,1.3182587690338748e-15,-72.82680968617399,true
Battaglia12,1.0e14,0.1,3.1622776601683795e6,7635.80926674881,19,0.0,5.872209614766577e-33,19,1.3176211650552754e-15,-74.21507708079079,true
Battaglia12,1.0e14,0.1,4.216965034285823e6,10182.515309120854,19,3.5076378052136386e-16,1.4647584130511425e-33,19,1.0246006768791921e-15,-75.60361774570006,true
Battaglia12,1.0e14,0.1,5.623413251903491e6,13578.602398043813,19,2.344044558533187e-16,3.6531174051415262e-34,19,7.806038226519372e-16,-76.99231227512459,true
Battaglia12,1.0e14,0.1,7.498942093324558e6,18107.35731661573,19,3.524821329542746e-16,9.11011067082481e-35,19,5.204180515348003e-16,-78.38109339531418,true
Battaglia12,1.0e14,0.1,1.0e7,24146.54906154645,19,0.0,2.2717603620223092e-35,19,4.857616367067901e-15,-79.76992323395753,true
Battaglia12,1.0e14,0.1,1.333521432163324e7,32199.940686355392,19,1.1809460114304587e-16,5.6648638916401014e-36,19,3.7014328872572775e-15,-81.15878047978318,true
Battaglia12,1.0e14,0.1,1.7782794100389227e7,42939.31101964273,19,3.551984328302767e-16,1.4125692429487894e-36,19,0.0,-82.54765314339203,true
Battaglia12,1.0e14,0.1,2.3713737056616552e7,57260.49152702037,19,0.0,3.5222992074664695e-37,19,4.113736470422116e-16,-83.93653448046213,true
Battaglia12,1.0e14,0.1,3.162277660168379e7,76358.09266748809,19,0.0,8.782954342196519e-38,19,5.485721413175267e-16,-85.32542069728144,true
Battaglia12,1.0e14,1.0,0.003,1.1791733626257454e-6,969,2.5339021987561145e-14,1.7677759117679822e-5,209,7.302765860776812e-12,-10.94320325552539,false
Battaglia12,1.0e14,1.0,0.1,3.9305778754191515e-5,779,3.940114084709932e-14,1.073792285001077e-5,133,4.903958482198181e-11,-11.441728890753092,false
Battaglia12,1.0e14,1.0,1.0,0.00039305778754191513,665,1.366542843627262e-13,3.9790728829377416e-7,133,3.62490512036941e-12,-14.73704680278313,false
Battaglia12,1.0e14,1.0,4.0,0.0015722311501676605,589,5.769436400743164e-13,2.9723782081287956e-9,133,1.093592252162889e-11,-19.633903461078113,false
Battaglia12,1.0e14,1.0,100.0,0.039305778754191514,437,1.080534803594993e-13,5.6656538491182645e-16,133,1.7492999057165919e-12,-35.10693918099973,true
Battaglia12,1.0e14,1.0,133.3521432163324,0.052415098376584215,399,8.194095788531068e-13,1.3196209600886543e-16,133,9.910483282058981e-13,-36.56401694399032,true
Battaglia12,1.0e14,1.0,177.82794100389228,0.06989665705412411,399,8.517584070742472e-14,3.065378683649513e-17,133,6.563267883875999e-13,-38.02377546819639,true
Battaglia12,1.0e14,1.0,237.13737056616552,0.09320869021824428,399,8.766762480447627e-14,7.106295170232113e-18,133,4.921920213339108e-13,-39.48555063898722,true
Battaglia12,1.0e14,1.0,316.22776601683796,0.12429578606990074,361,1.1092117298899071e-13,1.644917122416054e-18,133,4.05671381978714e-13,-40.94884167245468,true
Battaglia12,1.0e14,1.0,421.6965034285823,0.16575109465180018,361,1.119700854816639e-13,3.803209435477671e-19,133,3.361365967499882e-13,-42.41327146833492,true
Battaglia12,1.0e14,1.0,562.341325190349,0.2210326371227072,323,4.587575488787405e-13,8.785876618261122e-20,133,2.474184774562018e-13,-43.8785563574192,true
Battaglia12,1.0e14,1.0,749.8942093324558,0.29475175881070886,323,9.027550687443754e-14,2.0283420610802352e-20,133,1.303210747419189e-13,-45.34448311920331,true
Battaglia12,1.0e14,1.0,1000.0,0.3930577875419151,323,6.796721990827895e-14,4.680455213524914e-21,133,2.6059529447814823e-14,-46.81089157982841,true
Battaglia12,1.0e14,1.0,1333.521432163324,0.5241509837658422,285,8.772950412662768e-14,1.0796376605102844e-21,95,3.4835386831805623e-11,-48.27766146755891,true
Battaglia12,1.0e14,1.0,1778.2794100389228,0.6989665705412411,285,1.0636217090729177e-13,2.4897182302945878e-22,95,6.6569703753584595e-12,-49.74470250231978,true
Battaglia12,1.0e14,1.0,2371.373705661655,0.9320869021824428,247,2.416983521780209e-13,5.740292715622049e-23,95,1.0339741774064493e-11,-51.211946934078846,true
Battaglia12,1.0e14,1.0,3162.2776601683795,1.2429578606990075,247,1.0571214862658172e-13,1.3232796080937499e-23,95,5.894180663062314e-12,-52.679343932074026,true
Battaglia12,1.0e14,1.0,4216.965034285822,1.6575109465180016,209,9.497020130675477e-13,3.0501380651868066e-24,95,2.2969960688689734e-12,-54.14685537498794,true
Battaglia12,1.0e14,1.0,5623.413251903491,2.2103263712270724,209,8.44217988732262e-14,7.029914931411185e-25,95,6.745111115906965e-13,-55.614452719896775,true
Battaglia12,1.0e14,1.0,7498.942093324558,2.9475175881070887,209,9.209857908477007e-14,1.620139958001023e-25,95,2.769785064665276e-13,-57.08211478551079,true
Battaglia12,1.0e14,1.0,10000.0,3.9305778754191514,171,1.2395206784823167e-13,3.733647949792146e-26,95,1.2428407388621663e-13,-58.54982665949721,true
Battaglia12,1.0e14,1.0,13335.21432163324,5.241509837658422,171,1.071914873861905e-13,8.603905576540924e-27,95,4.849552063362051e-15,-60.017581273861595,true
Battaglia12,1.0e14,1.0,17782.794100389227,6.989665705412411,133,5.162549539641678e-13,1.982596093134137e-27,57,5.180556884175245e-12,-61.48539036680147,true
Battaglia12,1.0e14,1.0,23713.737056616552,9.320869021824429,133,5.0366250497264206e-14,4.567891917656615e-28,57,8.042114274327769e-12,-62.95333079251768,true
Battaglia12,1.0e14,1.0,31622.776601683792,12.429578606990074,133,1.78466870727293e-14,1.051972449075535e-28,57,1.330758963129912e-12,-64.4217156789524,true
Battaglia12,1.0e14,1.0,42169.65034285822,16.575109465180017,95,4.8707477269523215e-14,2.4189261718480144e-29,57,7.177446145367594e-14,-65.89164398577762,true
Battaglia12,1.0e14,1.0,56234.13251903491,22.103263712270724,95,5.951140936914412e-15,5.53531705387473e-30,57,4.810239954673911e-16,-67.3664039436618,true
Battaglia12,1.0e14,1.0,74989.42093324558,29.475175881070886,57,2.2159762575205685e-13,1.2507220349163076e-30,19,9.873440657697167e-12,-68.85383177733692,true
Battaglia12,1.0e14,1.0,100000.0,39.305778754191515,57,6.550902443475026e-16,2.7528484383054414e-31,19,5.287487275416084e-13,-70.36750171145579,true
Battaglia12,1.0e14,1.0,133352.1432163324,52.41509837658422,57,8.617506256279656e-17,5.812986644957062e-32,19,3.0260881748353606e-15,-71.92262848453706,true
Battaglia12,1.0e14,1.0,177827.94100389228,69.8966570541241,19,1.2226135047198665e-14,1.1677143142418189e-32,19,3.856777026706154e-16,-73.52767471529245,true
Battaglia12,1.0e14,1.0,237137.37056616554,93.2086902182443,19,0.0,2.2371761908154646e-33,19,2.1646590152837293e-15,-75.18009362729808,true
Battaglia12,1.0e14,1.0,316227.7660168379,124.29578606990073,19,1.8956707754686603e-16,4.128934978190894e-34,19,1.9303881350364497e-16,-76.86987366261002,true
Battaglia12,1.0e14,1.0,421696.5034285823,165.75109465180017,19,2.63513396959925e-16,7.425714842457469e-35,19,2.473232263483706e-16,-78.58552929965853,true
Battaglia12,1.0e14,1.0,562341.3251903491,221.03263712270726,19,1.8619407006132778e-16,1.313666529731041e-35,19,4.832027216984742e-16,-80.31765614948608,true
Battaglia12,1.0e14,1.0,749894.2093324559,294.75175881070885,19,2.6575559765028255e-16,2.3009573461161553e-36,19,2.1188706848205305e-16,-82.0597380740115,true
Battaglia12,1.0e14,1.0,1.0e6,393.05778754191516,19,0.0,4.006803600771595e-37,19,1.2616736013193529e-15,-83.80765462435946,true
Battaglia12,1.0e14,1.0,1.333521432163324e6,524.1509837658422,19,0.0,6.953903298314083e-38,19,1.3028407056523867e-15,-85.55893040619299,true
Battaglia12,1.0e14,1.0,1.778279410038923e6,698.9665705412411,19,3.9660045104039083e-16,1.20455827513401e-38,19,1.733051165251665e-15,-87.31212061068905,true
Battaglia12,1.0e14,1.0,2.3713737056616554e6,932.0869021824429,19,0.0,2.0842791795597884e-39,19,1.6484448072818238e-16,-89.0663955485285,true
Battaglia12,1.0e14,1.0,3.1622776601683795e6,1242.9578606990074,19,2.0710144918016308e-16,3.6042749000077227e-40,19,3.7340521452010306e-15,-90.82128310656287,true
Battaglia12,1.0e14,1.0,4.216965034285823e6,1657.510946518002,19,4.492647807643684e-16,6.23060097570936e-41,19,2.0494459750047783e-15,-92.57651601980808,true
Battaglia12,1.0e14,1.0,5.623413251903491e6,2210.3263712270723,19,2.166175121177521e-16,1.0768556806327139e-41,19,5.854921767189988e-16,-94.33194342483011,true
Battaglia12,1.0e14,1.0,7.498942093324558e6,2947.5175881070886,19,0.0,1.8609620865967274e-42,19,1.0408754078999851e-15,-96.08748030089447,true
Battaglia12,1.0e14,1.0,1.0e7,3930.5778754191515,19,0.0,3.2158130623984868e-43,19,3.469799663319889e-16,-97.84307877648035,true
Battaglia12,1.0e14,1.0,1.333521432163324e7,5241.509837658422,19,1.6397667995108578e-16,5.556854337222635e-44,19,2.082080865013268e-15,-99.59871191026846,true
Battaglia12,1.0e14,1.0,1.7782794100389227e7,6989.665705412411,19,0.0,9.601935001671039e-45,19,9.25476663863281e-16,-101.35436454389523,true
Battaglia12,1.0e14,1.0,2.3713737056616552e7,9320.869021824428,19,1.7162374622628532e-16,1.6591427199491237e-45,19,6.787690812072123e-15,-103.11002814952704,true
Battaglia12,1.0e14,1.0,3.162277660168379e7,12429.578606990073,19,1.2415524982260914e-16,2.8668571156735275e-46,19,2.6057232055013163e-15,-104.86569792964144,true
Battaglia12,1.0e14,1.0,4.2169650342858225e7,16575.109465180016,19,3.5926449501966036e-16,4.953667372317062e-47,19,1.6459447643228994e-15,-106.62137118516173,true
Battaglia12,1.0e14,1.0,5.623413251903491e7,22103.263712270724,19,2.598988567277628e-16,8.559468236113779e-48,19,2.5607133155017407e-15,-108.37704639743953,true
Battaglia12,1.0e14,1.0,7.498942093324558e7,29475.175881070885,19,0.0,1.4789934452630126e-48,19,1.1382537610630295e-15,-110.1327227118662,true
Battaglia12,1.0e14,1.0,1.0e8,39305.77875419152,19,1.3601466480293465e-16,2.5555562473570013e-49,19,1.9515658945144548e-15,-111.88839964741044,true
Battaglia12,1.0e14,5.0,0.003,5.44481503720456e-7,969,2.5318424504959937e-14,0.0002568313827830975,209,1.168470858634395e-11,-8.267090786515858,false
Battaglia12,1.0e14,5.0,0.1,1.8149383457348534e-5,779,3.514810356764219e-14,0.0001753817599577854,171,4.939807588284044e-13,-8.648545474552312,false
Battaglia12,1.0e14,5.0,1.0,0.00018149383457348534,665,1.3281892613532616e-13,8.546915855735354e-6,133,9.187117432375925e-12,-11.669940058717664,false
Battaglia12,1.0e14,5.0,4.0,0.0007259753382939414,627,7.689051604323407e-14,2.149838157242541e-8,133,3.668815337149759e-11,-17.6552881803473,false
Battaglia12,1.0e14,5.0,100.0,0.018149383457348536,437,5.2732922260139193e-14,7.401927372248753e-19,133,2.4646936014298827e-11,-41.74737634488015,true
Battaglia12,1.0e14,5.0,133.3521432163324,0.024202591820924758,437,1.7172647553347672e-13,6.761944608664084e-20,133,1.7277999936610955e-11,-44.14039134718983,true
Battaglia12,1.0e14,5.0,177.82794100389228,0.03227467490710394,399,2.083890437941431e-13,6.117903228532862e-21,133,1.0942564607315116e-11,-46.54306752477169,true
Battaglia12,1.0e14,5.0,237.13737056616552,0.04303897070472694,399,1.7093720495414945e-13,5.494967874348627e-22,133,6.388284780794262e-12,-48.953039304372886,true
Battaglia12,1.0e14,5.0,316.22776601683796,0.05739338985300282,361,7.196701808816383e-13,4.908391663028276e-23,133,3.4721953758214996e-12,-51.3685108142553,true
Battaglia12,1.0e14,5.0,421.6965034285823,0.07653531543348431,361,6.787108158874851e-14,4.366314907251103e-24,133,1.7100059827329347e-12,-53.78812284915422,true
Battaglia12,1.0e14,5.0,562.341325190349,0.10206148344793174,361,1.449667075700888e-13,3.8720274763787795e-25,133,6.64638747769976e-13,-56.21084905928978,true
Battaglia12,1.0e14,5.0,749.8942093324558,0.13610117557619933,323,1.3078800551824667e-13,3.425668521680291e-26,133,4.533751079865265e-13,-58.63591577636609,true
Battaglia12,1.0e14,5.0,1000.0,0.18149383457348534,323,1.858768035676287e-13,3.02544125165829e-27,133,5.276664468790082e-13,-61.06274056167739,true
Battaglia12,1.0e14,5.0,1333.521432163324,0.2420259182092476,285,4.0009018954710755e-13,2.668448552798366e-28,133,5.515279454895808e-13,-63.49088536667326,true
Battaglia12,1.0e14,5.0,1778.2794100389228,0.3227467490710394,285,1.1906953661866703e-13,2.351249098214573e-29,133,4.649861715882751e-13,-65.92002097872876,true
Battaglia12,1.0e14,5.0,2371.373705661655,0.43038970704726937,285,1.0852805694067657e-13,2.0702154289854122e-30,133,3.115683060360273e-13,-68.34990011598558,true
Battaglia12,1.0e14,5.0,3162.2776601683795,0.5739338985300282,247,6.218658918542361e-14,1.8217558139616594e-31,95,1.4115789831741279e-11,-70.7803371138365,true
Battaglia12,1.0e14,5.0,4216.965034285822,0.765353154334843,247,1.7935976966071442e-13,1.602444637265166e-32,95,2.923481930178764e-11,-73.21119261432199,true
Battaglia12,1.0e14,5.0,5623.413251903491,1.0206148344793176,209,2.416166261202749e-13,1.4090927080052248e-33,95,1.442560271034153e-11,-75.64236204102862,true
Battaglia12,1.0e14,5.0,7498.942093324558,1.3610117557619932,209,1.6284904865897222e-13,1.2387790159212276e-34,95,4.757403409142834e-12,-78.0737669318609,true
Battaglia12,1.0e14,5.0,10000.0,1.8149383457348534,171,8.574781554282665e-13,1.0888584225052913e-35,95,1.053561243083722e-12,-80.5053484261746,true
Battaglia12,1.0e14,5.0,13335.21432163324,2.420259182092476,171,6.16764116760729e-14,9.569548847246067e-37,95,3.9345873944848805e-13,-82.93706237882459,true
Battaglia12,1.0e14,5.0,17782.794100389227,3.2274674907103935,171,1.5262234555981092e-13,8.409464349201462e-38,95,2.7564967951271766e-13,-85.36887575394556,true
Battaglia12,1.0e14,5.0,23713.737056616552,4.3038970704726935,133,1.391073267262883e-13,7.389455702165481e-39,57,4.3987831567355657e-11,-87.80076454781312,true
Battaglia12,1.0e14,5.0,31622.776601683792,5.739338985300281,95,6.279817683728711e-13,6.492746543080869e-40,57,2.298998051014535e-11,-90.23271808240767,true
Battaglia12,1.0e14,5.0,42169.65034285822,7.6535315433484294,95,3.7198609377687815e-13,5.704182028523252e-41,57,2.6894962334516364e-12,-92.66478921771912,true
Battaglia12,1.0e14,5.0,56234.13251903491,10.206148344793174,95,9.41608475480727e-15,5.008546604622309e-42,57,7.680734213080647e-14,-95.09742813161775,true
Battaglia12,1.0e14,5.0,74989.42093324558,13.610117557619931,95,9.53396126145184e-16,4.384909240590097e-43,57,2.2125581540290867e-15,-97.53299007083297,true
Battaglia12,1.0e14,5.0,100000.0,18.149383457348534,57,1.0522641364377367e-14,3.7968993351395584e-44,19,1.2070652912974739e-11,-99.97955932252282,true
Battaglia12,1.0e14,5.0,133352.1432163324,24.202591820924756,57,2.5855257082618676e-16,3.197997103184711e-45,19,1.7643469352100259e-13,-102.45380447614163,true
Battaglia12,1.0e14,5.0,177827.94100389228,32.274674907103936,19,1.4146560754611582e-13,2.5717499130774087e-46,19,5.805725616107808e-16,-104.9743277104961,true
Battaglia12,1.0e14,5.0,237137.37056616554,43.03897070472694,19,0.0,1.9587708884705265e-47,19,3.683173078832717e-15,-107.54918219190486,true
Battaglia12,1.0e14,5.0,316227.7660168379,57.39338985300281,19,3.4096374725724895e-16,1.4209212681626427e-48,19,1.4192744252796509e-15,-110.17277902207182,true
Battaglia12,1.0e14,5.0,421696.5034285823,76.53531543348431,19,0.0,9.939331051302251e-50,19,3.055735612936103e-15,-112.8327549299602,true
Battaglia12,1.0e14,5.0,562341.3251903491,102.06148344793175,19,1.8590722590458165e-16,6.786576131825691e-51,19,1.8020031092991554e-15,-115.51689317987537,true
Battaglia12,1.0e14,5.0,749894.2093324559,136.10117557619932,19,0.0,4.565079297073503e-52,19,2.353470377582599e-15,-118.215988951132,true
Battaglia12,1.0e14,5.0,1.0e6,181.49383457348534,19,1.619272809113224e-16,3.043596017871069e-53,19,1.973446678614755e-15,-120.9239702117265,true
Battaglia12,1.0e14,5.0,1.333521432163324e6,242.02591820924758,19,0.0,2.018770812867393e-54,19,5.227629000309494e-15,-123.63710620396327,true
Battaglia12,1.0e14,5.0,1.778279410038923e6,322.7467490710394,19,2.8839740091702515e-16,1.33507516938674e-55,19,4.960288536855672e-16,-126.35319251774872,true
Battaglia12,1.0e14,5.0,2.3713737056616554e6,430.38970704726944,19,0.0,8.814478734275529e-57,19,2.1451020625566127e-15,-129.07095462050415,true
Battaglia12,1.0e14,5.0,3.1622776601683795e6,573.9338985300282,19,2.586909058805094e-16,5.8140121347450536e-58,19,1.538408484684031e-15,-131.7896645043607,true
Battaglia12,1.0e14,5.0,4.216965034285823e6,765.3531543348431,19,3.67879326497501e-16,3.8328602893806762e-59,19,7.32174677579191e-16,-134.5089091503326,true
Battaglia12,1.0e14,5.0,5.623413251903491e6,1020.6148344793174,19,0.0,2.5260339146034413e-60,19,1.7567865664215363e-15,-137.22845512959577,true
Battaglia12,1.0e14,5.0,7.498942093324558e6,1361.0117557619933,19,0.0,1.6644918486896276e-61,19,1.301223424185769e-15,-139.94817079176835,true
Battaglia12,1.0e14,5.0,1.0e7,1814.9383457348536,19,2.092639797317022e-16,1.096686972445036e-62,19,2.428995368169026e-15,-142.66798197378577,true
Battaglia12,1.0e14,5.0,1.333521432163324e7,2420.259182092476,19,3.970332073831681e-16,7.225374228970889e-64,19,4.1642924726786806e-15,-145.38784692256445,true
Battaglia12,1.0e14,5.0,1.7782794100389227e7,3227.4674907103936,19,0.0,4.760196297220624e-65,19,8.175188205596652e-15,-148.10774213830803,true
Battaglia12,1.0e14,5.0,2.3713737056616552e7,4303.8970704726935,19,0.0,3.136042772970086e-66,19,1.2958447486757753e-14,-150.82765439587195,true
Battaglia12,1.0e14,5.0,3.162277660168379e7,5739.338985300281,19,1.6949711487009613e-16,2.0660219158105742e-67,19,3.840034585883804e-15,-153.54757625211352,true
Battaglia12,1.0e14,5.0,4.2169650342858225e7,7653.53154334843,19,3.216042102655105e-16,1.3610858580612755e-68,19,1.0972999549277529e-15,-156.26750351737383,true
Battaglia12,1.0e14,5.0,5.623413251903491e7,10206.148344793173,19,3.05107209672364e-16,8.966744487851577e-70,19,2.194901003078244e-15,-158.98743383273862,true
Battaglia12,1.0e14,5.0,7.498942093324558e7,13610.117557619933,19,2.89456937051642e-16,5.907222371313706e-71,19,9.919078338117777e-15,-161.70736586957156,true
Battaglia12,1.0e14,5.0,1.0e8,18149.383457348533,19,1.3730485097214874e-16,3.8916289236528885e-72,19,6.505223280642897e-16,-164.42729887915044,true
Battaglia12,5.011872336272715e15,0.1,0.003,2.6707446292773567e-5,969,2.54839877507989e-14,0.0005926551747750148,209,8.172887626240299e-12,-7.4308978208899195,false
Battaglia12,5.011872336272715e15,0.1,0.1,0.0008902482097591189,779,5.036319063141227e-14,0.0002952879654242669,133,3.238114242626329e-11,-8.12755952377236,false
Battaglia12,5.011872336272715e15,0.1,1.0,0.008902482097591188,665,1.758175063686896e-13,5.583372587431199e-6,133,1.9870288511919152e-11,-12.095717557801331,false
Battaglia12,5.011872336272715e15,0.1,4.0,0.03560992839036475,589,5.403113833360581e-13,3.934474102309061e-8,133,1.1786196948887586e-12,-17.050903517187493,false
Battaglia12,5.011872336272715e15,0.1,100.0,0.8902482097591189,437,1.0019239320481758e-13,2.713118715781288e-14,133,1.0093855174124118e-12,-31.23809251107657,true
Battaglia12,5.011872336272715e15,0.1,133.3521432163324,1.1871650676588155,399,5.783934178433611e-13,7.30877807997297e-15,133,6.696855838582578e-13,-32.54970029244378,true
Battaglia12,5.011872336272715e15,0.1,177.82794100389228,1.583110061238653,399,8.520932955244574e-14,1.9659082309379094e-15,133,4.83478156543511e-13,-33.8628220523332,true
Battaglia12,5.011872336272715e15,0.1,237.13737056616552,2.1111111961351363,399,6.841215955740054e-14,5.281869481495299e-16,133,3.7383728215001284e-13,-35.17708138438899,true
Battaglia12,5.011872336272715e15,0.1,316.22776601683796,2.8152120257261553,361,9.849861488369653e-14,1.4178851705603572e-16,133,2.912165631704573e-13,-36.49219504293255,true
Battaglia12,5.011872336272715e15,0.1,421.6965034285823,3.754145572389755,361,9.805825583367073e-14,3.8037845702292694e-17,133,2.0351911414822772e-13,-37.80795007025115,true
Battaglia12,5.011872336272715e15,0.1,562.341325190349,5.006233580242787,323,3.167909619279646e-13,1.0199566458506654e-17,133,1.022066625354787e-13,-39.12418645857389,true
Battaglia12,5.011872336272715e15,0.1,749.8942093324558,6.675919773669487,323,9.225997156065853e-14,2.733950494201821e-18,133,1.3525366361485168e-14,-40.44078404321593,true
Battaglia12,5.011872336272715e15,0.1,1000.0,8.902482097591188,323,5.0034684354404804e-14,7.326252664059234e-19,95,7.44005750082789e-11,-41.757652614446386,true
Battaglia12,5.011872336272715e15,0.1,1333.521432163324,11.871650676588155,285,8.543764181543451e-14,1.9628397914441575e-19,95,7.589215618701288e-12,-43.07472446906266,true
Battaglia12,5.011872336272715e15,0.1,1778.2794100389228,15.83110061238653,247,9.813970325231303e-13,5.2580122355813967e-20,95,7.993736120912883e-12,-44.39194880653497,true
Battaglia12,5.011872336272715e15,0.1,2371.373705661655,21.111111961351362,247,1.650998665644595e-13,1.4083437121206123e-20,95,6.856184471400774e-12,-45.70928751821394,true
Battaglia12,5.011872336272715e15,0.1,3162.2776601683795,28.15212025726155,247,9.994773053772585e-14,3.771885168425963e-21,95,3.38865319559634e-12,-47.02671203172039,true
Battaglia12,5.011872336272715e15,0.1,4216.965034285822,37.54145572389754,209,6.678179345963731e-13,1.0101370167243169e-21,95,1.172701741791233e-12,-48.34420097109971,true
Battaglia12,5.011872336272715e15,0.1,5623.413251903491,50.062335802427874,209,8.438204182800536e-14,2.7050855396859766e-22,95,4.1363829158621277e-13,-49.66173851126612,true
Battaglia12,5.011872336272715e15,0.1,7498.942093324558,66.75919773669487,209,7.212545111396823e-14,7.243783016669084e-23,95,1.7805110702910012e-13,-50.97931355281493,true
Battaglia12,5.011872336272715e15,0.1,10000.0,89.02482097591188,171,1.0276886397794359e-13,1.9397062334406545e-23,95,5.829257972394487e-14,-52.296920603315414,true
Battaglia12,5.011872336272715e15,0.1,13335.21432163324,118.71650676588155,171,9.198302630869978e-14,5.19385597307397e-24,95,1.8467379502029816e-14,-53.61456584848233,true
Battaglia12,5.011872336272715e15,0.1,17782.794100389227,158.3110061238653,133,3.468889079359549e-13,1.3906225804549667e-24,57,4.255163442943826e-12,-54.93229068538369,true
Battaglia12,5.011872336272715e15,0.1,23713.737056616552,211.1111196135136,133,4.773599783428422e-14,3.722422008412783e-25,57,4.891466796395165e-12,-56.25025279089479,true
Battaglia12,5.011872336272715e15,0.1,31622.776601683792,281.5212025726155,133,5.396651029349872e-15,9.956555641971212e-26,57,6.944051084266113e-13,-57.56898122513708,true
Battaglia12,5.011872336272715e15,0.1,42169.65034285822,375.4145572389754,95,3.0921283586243716e-14,2.656834795519134e-26,57,3.168735676989481e-14,-58.890076930072794,true
Battaglia12,5.011872336272715e15,0.1,56234.13251903491,500.62335802427873,95,4.250431467406468e-15,7.043237532132507e-27,57,1.2756602753979826e-15,-60.21772956965681,true
Battaglia12,5.011872336272715e15,0.1,74989.42093324558,667.5919773669486,57,1.4521136635081984e-13,1.8386300914623388e-27,19,6.41513190859392e-12,-61.560776732017246,true
Battaglia12,5.011872336272715e15,0.1,100000.0,890.2482097591188,57,4.133963851634359e-16,4.662018757902868e-28,19,2.646972757100832e-13,-62.93293403965363,true
Battaglia12,5.011872336272715e15,0.1,133352.1432163324,1187.1650676588154,19,8.485222016521435e-13,1.1324400961558263e-28,19,1.3054846591465026e-15,-64.34800792208387,true
Battaglia12,5.011872336272715e15,0.1,177827.94100389228,1583.110061238653,19,7.81993017127705e-15,2.6185854778890484e-29,19,6.298676817419823e-16,-65.812333418785,true
Battaglia12,5.011872336272715e15,0.1,237137.37056616554,2111.111196135136,19,1.734599908210466e-16,5.786822262294389e-30,19,2.1368484683700606e-15,-67.32196948097342,true
Battaglia12,5.011872336272715e15,0.1,316227.7660168379,2815.2120257261545,19,0.0,1.2347679702246745e-30,19,1.9153132830469964e-16,-68.86666971575337,true
Battaglia12,5.011872336272715e15,0.1,421696.5034285823,3754.1455723897548,19,0.0,2.5721765486958077e-31,19,6.154651139453147e-16,-70.43538543622358,true
Battaglia12,5.011872336272715e15,0.1,562341.3251903491,5006.233580242788,19,1.4859694774532982e-16,5.277395034284951e-32,19,1.6063989226298513e-15,-72.01929036455446,true
Battaglia12,5.011872336272715e15,0.1,749894.2093324559,6675.919773669488,19,0.0,1.0729169105006964e-32,19,2.538790040908638e-15,-73.61234195178491,true
Battaglia12,5.011872336272715e15,0.1,1.0e6,8902.482097591188,19,1.1295105040999507e-16,2.1696478012338095e-33,19,1.400654060977637e-15,-75.21074321800268,true
Battaglia12,5.011872336272715e15,0.1,1.333521432163324e6,11871.650676588153,19,2.8013875198727905e-16,4.373975332413546e-34,19,7.441186327814202e-16,-76.81222087915341,true
Battaglia12,5.011872336272715e15,0.1,1.778279410038923e6,15831.100612386532,19,1.7400311421693066e-16,8.802428597038366e-35,19,3.0938862191612702e-15,-78.41545059444589,true
Battaglia12,5.011872336272715e15,0.1,2.3713737056616554e6,21111.111961351362,19,0.0,1.769692139408617e-35,19,1.3185523233490475e-15,-80.01967265587139,true
Battaglia12,5.011872336272715e15,0.1,3.1622776601683795e6,28152.12025726155,19,0.0,3.5559004376784176e-36,19,8.785241882627807e-16,-81.62445502892909,true
Battaglia12,5.011872336272715e15,0.1,4.216965034285823e6,37541.45572389755,19,3.3505434419064483e-16,7.142731167688855e-37,19,1.9029639748548836e-15,-83.22955322108595,true
Battaglia12,5.011872336272715e15,0.1,5.623413251903491e6,50062.33580242788,19,0.0,1.4345040638368917e-37,19,3.122539104420046e-15,-84.83482925141526,true
Battaglia12,5.011872336272715e15,0.1,7.498942093324558e6,66759.19773669487,19,0.0,2.880685147908703e-38,19,7.806444864691342e-16,-86.44020536933985,true
Battaglia12,5.011872336272715e15,0.1,1.0e7,89024.82097591189,19,3.2322447667191283e-16,5.7844936333066486e-39,19,2.0818616962109054e-15,-88.04563780092872,true
Battaglia12,5.011872336272715e15,1.0,0.003,4.347544589968596e-6,969,2.536354026474645e-14,0.0013754306097797605,171,4.037609599784627e-11,-6.588988426142409,false
Battaglia12,5.011872336272715e15,1.0,0.1,0.0001449181529989532,779,4.491459191425624e-14,0.0007460359470924669,171,8.983617774647261e-13,-7.200736772470415,false
Battaglia12,5.011872336272715e15,1.0,1.0,0.001449181529989532,665,1.969295812058785e-13,1.3286937584531736e-5,133,2.4721416241970766e-11,-11.228729141850012,false
Battaglia12,5.011872336272715e15,1.0,4.0,0.005796726119958128,627,6.099100268997151e-14,3.674434293708527e-8,133,4.2407108810862455e-11,-17.119281556821328,false
Battaglia12,5.011872336272715e15,1.0,100.0,0.1449181529989532,437,1.0644649217926064e-13,3.6128686532914913e-16,133,4.782524942920913e-12,-35.55685939031882,true
Battaglia12,5.011872336272715e15,1.0,133.3521432163324,0.19325146293362777,437,7.351270170240927e-14,6.385091017072253e-17,133,2.826844743334916e-12,-37.289980836688585,true
Battaglia12,5.011872336272715e15,1.0,177.82794100389228,0.2577049676189088,399,7.884807901547438e-14,1.1249895154460546e-17,133,1.528899972620545e-12,-39.026172864889325,true
Battaglia12,5.011872336272715e15,1.0,237.13737056616552,0.34365509749477036,399,1.2474334302781747e-13,1.9775468983597123e-18,133,7.714180592436112e-13,-40.764674537529686,true
Battaglia12,5.011872336272715e15,1.0,316.22776601683796,0.45827143778145296,361,2.0649263151501066e-13,3.470173514205706e-19,133,5.481147722504032e-13,-42.5049121700844,true
Battaglia12,5.011872336272715e15,1.0,421.6965034285823,0.6111147840298687,361,1.2601510972528224e-13,6.081479657849402e-20,133,4.760104459526621e-13,-44.24645382873338,true
Battaglia12,5.011872336272715e15,1.0,562.341325190349,0.814934662015691,323,8.545275778217158e-13,1.0647363698495704e-20,133,4.398007369087759e-13,-45.98897463140997,true
Battaglia12,5.011872336272715e15,1.0,749.8942093324558,1.0867328376106986,323,8.342209817427694e-14,1.8627549600981813e-21,133,3.7460649884095513e-13,-47.732230399644266,true
Battaglia12,5.011872336272715e15,1.0,1000.0,1.449181529989532,323,1.0637716222468263e-13,3.257090561733394e-22,133,2.612921141267532e-13,-49.47603771470098,true
Battaglia12,5.011872336272715e15,1.0,1333.521432163324,1.9325146293362778,285,1.1106968625041861e-13,5.692777590136519e-23,133,1.3144808993036445e-13,-51.22025885690887,true
Battaglia12,5.011872336272715e15,1.0,1778.2794100389228,2.5770496761890884,285,1.337992737122682e-13,9.946808831916221e-24,95,2.4485980820661418e-11,-52.964790452538814,true
Battaglia12,5.011872336272715e15,1.0,2371.373705661655,3.4365509749477035,247,4.547513907672254e-13,1.7375695128929184e-24,95,1.4660688431069086e-11,-54.70955492678017,true
Battaglia12,5.011872336272715e15,1.0,3162.2776601683795,4.582714377814529,247,9.89308729264517e-14,3.0347627472461464e-25,95,1.311428731681798e-11,-56.45449407563708,true
Battaglia12,5.011872336272715e15,1.0,4216.965034285822,6.111147840298687,247,8.080576032448212e-14,5.299689227114334e-26,95,6.179458343520945e-12,-58.1995642353998,true
Battaglia12,5.011872336272715e15,1.0,5623.413251903491,8.14934662015691,209,7.915492452014124e-14,9.254082947488331e-27,95,2.0380375577634256e-12,-59.94473265697462,true
Battaglia12,5.011872336272715e15,1.0,7498.942093324558,10.867328376106988,171,4.0001626888789734e-13,1.61578791694431e-27,95,5.142964416315679e-13,-61.689974798867645,true
Battaglia12,5.011872336272715e15,1.0,10000.0,14.49181529989532,171,2.4013004847991117e-13,2.8210530099560086e-28,95,2.722235909519444e-13,-63.43527238079677,true
Battaglia12,5.011872336272715e15,1.0,13335.21432163324,19.325146293362778,171,1.2032239198305142e-13,4.9251528052698187e-29,95,1.1096605872584041e-13,-65.18061239623385,true
Battaglia12,5.011872336272715e15,1.0,17782.794100389227,25.770496761890882,133,9.765478219748956e-13,8.59829447848475e-30,57,7.966532184773335e-11,-66.92598892268448,true
Battaglia12,5.011872336272715e15,1.0,23713.737056616552,34.365509749477035,133,5.151061355257039e-14,1.5010054429432594e-30,57,1.55626448982955e-11,-68.67141761096525,true
Battaglia12,5.011872336272715e15,1.0,31622.776601683792,45.82714377814529,133,5.0089694107318066e-14,2.619881341447592e-31,57,3.750839554587729e-12,-70.41700885559182,true
Battaglia12,5.011872336272715e15,1.0,42169.65034285822,61.11147840298687,95,9.747928823644288e-14,4.56968291472642e-32,57,2.5224618374407746e-13,-72.16327915739664,true
Battaglia12,5.011872336272715e15,1.0,56234.13251903491,81.4934662015691,95,9.312939370287025e-15,7.949424125173349e-33,57,2.0507014187989712e-15,-73.91220857984607,true
Battaglia12,5.011872336272715e15,1.0,74989.42093324558,108.67328376106987,57,4.5058864394368403e-13,1.3710869586119713e-33,19,1.5606624677030375e-11,-75.66970424309253,true
Battaglia12,5.011872336272715e15,1.0,100000.0,144.9181529989532,57,1.874343270356929e-15,2.3154934679889407e-34,19,1.5808276016128476e-12,-77.44827033585662,true
Battaglia12,5.011872336272715e15,1.0,133352.1432163324,193.25146293362778,57,1.394510753729988e-16,3.7647868914159597e-35,19,1.051337690023819e-14,-79.2647869976873,true
Battaglia12,5.011872336272715e15,1.0,177827.94100389228,257.7049676189088,19,2.735236836041615e-14,5.822204644373555e-36,19,2.933507804545474e-15,-81.13138435289557,true
Battaglia12,5.011872336272715e15,1.0,237137.37056616554,343.65509749477036,19,2.5551293041164207e-16,8.56126895600942e-37,19,2.2161555405809855e-15,-83.0484000190884,true
Battaglia12,5.011872336272715e15,1.0,316227.7660168379,458.2714377814529,19,0.0,1.2080614222335912e-37,19,1.5666385169048e-15,-85.00663149633984,true
Battaglia12,5.011872336272715e15,1.0,421696.5034285823,611.1147840298688,19,2.0643864979405882e-16,1.6556938656278984e-38,19,7.482830561845825e-16,-86.99401335865133,true
Battaglia12,5.011872336272715e15,1.0,562341.3251903491,814.9346620156911,19,1.9185188569075753e-16,2.226973199024669e-39,19,2.104163422115428e-15,-89.00017527312954,true
Battaglia12,5.011872336272715e15,1.0,749894.2093324559,1086.7328376106989,19,3.6069016154280695e-16,2.961329786402805e-40,19,0.0,-91.01776530014628,true
Battaglia12,5.011872336272715e15,1.0,1.0e6,1449.181529989532,19,1.7067213790500945e-16,3.911456097016974e-41,19,4.212265691125197e-16,-93.04207910475435,true
Battaglia12,5.011872336272715e15,1.0,1.333521432163324e6,1932.5146293362777,19,1.621458446015183e-16,5.146420619351013e-42,19,6.333768726698376e-15,-95.07027245808511,true
Battaglia12,5.011872336272715e15,1.0,1.778279410038923e6,2577.0496761890886,19,1.5438688077708422e-16,6.7563279486504145e-43,19,9.908166280230665e-16,-97.10067945913957,true
Battaglia12,5.011872336272715e15,1.0,2.3713737056616554e6,3436.5509749477037,19,2.943676340213806e-16,8.85872185784708e-44,19,1.319132092947172e-15,-99.13234159736413,true
Battaglia12,5.011872336272715e15,1.0,3.1622776601683795e6,4582.714377814529,19,1.4041635717566347e-16,1.1607092320829235e-44,19,2.636224759447872e-15,-101.16471286648478,true
Battaglia12,5.011872336272715e15,1.0,4.216965034285823e6,6111.147840298688,19,4.0204091116263124e-16,1.5202050113313944e-45,19,4.392066696938756e-15,-103.19748398309288,true
Battaglia12,5.011872336272715e15,1.0,5.623413251903491e6,8149.346620156911,19,2.5586335334856838e-16,1.9905957610800734e-46,19,1.561391811740472e-15,-105.230480306367,true
Battaglia12,5.011872336272715e15,1.0,7.498942093324558e6,10867.328376106987,19,0.0,2.606207172424383e-47,19,2.7323760363907113e-15,-107.26360339693312,true
Battaglia12,5.011872336272715e15,1.0,1.0e7,14491.81529989532,19,0.0,3.41195909749964e-48,19,5.204783152262189e-16,-109.29679782199378,true
Battaglia12,5.011872336272715e15,1.0,1.333521432163324e7,19325.146293362777,19,0.0,4.4666432405616826e-49,19,3.4701661421891423e-15,-111.3300323830836,true
Battaglia12,5.011872336272715e15,1.0,1.7782794100389227e7,25770.496761890885,19,2.1265828442391882e-16,5.8472129191386225e-50,19,1.850962736568101e-15,-113.3632895260634,true
Battaglia12,5.011872336272715e15,1.0,2.3713737056616552e7,34365.50974947704,19,2.0306271787382276e-16,7.654397869443238e-51,19,1.2341291300167792e-15,-115.39655937514637,true
Battaglia12,5.011872336272715e15,1.0,3.162277660168379e7,45827.14377814529,19,0.0,1.0020053763068183e-51,19,1.371435470632387e-16,-117.42983637447239,true
Battaglia12,5.011872336272715e15,1.0,4.2169650342858225e7,61111.478402986875,19,3.7030870912949133e-16,1.311678267295034e-52,19,1.828829169115977e-16,-119.4631173983389,true
Battaglia12,5.011872336272715e15,1.0,5.623413251903491e7,81493.4662015691,19,1.768021965859712e-16,1.7170526417888868e-53,19,1.219387912959365e-15,-121.49640068807257,true
Battaglia12,5.011872336272715e15,5.0,0.003,2.007473115276237e-6,969,2.525409381505683e-14,0.020139426763660536,171,5.600714132578091e-11,-3.905075854675708,false
Battaglia12,5.011872336272715e15,5.0,0.1,6.69157705092079e-5,779,3.810777861462906e-14,0.012668435084007364,171,2.2940838720027378e-12,-4.368641805773376,false
Battaglia12,5.011872336272715e15,5.0,1.0,0.000669157705092079,665,1.780773196590647e-13,0.0003172532769757533,133,1.5452233894782887e-11,-8.055810122106328,false
Battaglia12,5.011872336272715e15,5.0,4.0,0.002676630820368316,627,1.3249413234583242e-13,2.387380263529e-7,171,5.60963335496203e-13,-15.24789901024466,false
Battaglia12,5.011872336272715e15,5.0,100.0,0.0669157705092079,437,1.4282599034791034e-13,9.609563829220786e-20,133,4.3109889065911154e-11,-43.7889430251066,true
Battaglia12,5.011872336272715e15,5.0,133.3521432163324,0.08923361412375123,437,2.1730430795964624e-13,5.6960349728922695e-21,133,3.751226920822522e-11,-46.614516638880296,true
Battaglia12,5.011872336272715e15,5.0,177.82794100389228,0.11899493690341417,399,3.69524809497567e-13,3.339364457810437e-22,133,2.671367896057274e-11,-49.45109153907901,true
Battaglia12,5.011872336272715e15,5.0,237.13737056616552,0.15868229867962524,399,1.3457079831549173e-13,1.941546962152628e-23,133,1.6786228199113568e-11,-52.295972080373346,true
Battaglia12,5.011872336272715e15,5.0,316.22776601683796,0.21160624619422222,399,1.1883220350974445e-13,1.1217944312145185e-24,133,9.587693085800019e-12,-55.147112657929114,true
Battaglia12,5.011872336272715e15,5.0,421.6965034285823,0.2821814644796241,361,7.233626119404673e-14,6.451075619139277e-26,133,5.134490972689629e-12,-58.0029655382836,true
Battaglia12,5.011872336272715e15,5.0,562.341325190349,0.3762950306428125,361,2.0975773353546932e-13,3.696680390458346e-27,133,2.574703219688379e-12,-60.86236228567449,true
Battaglia12,5.011872336272715e15,5.0,749.8942093324558,0.5017974881787453,323,2.560462722478375e-13,2.1126864197274705e-28,133,1.1027458476177961e-12,-63.7244222814527,true
Battaglia12,5.011872336272715e15,5.0,1000.0,0.669157705092079,323,1.8708757402994673e-13,1.205006592101636e-29,133,3.45882260601847e-13,-66.58848265927591,true
Battaglia12,5.011872336272715e15,5.0,1333.521432163324,0.8923361412375125,285,7.456935737308571e-13,6.86264510987524e-31,133,5.208047964542864e-13,-69.45404493086632,true
Battaglia12,5.011872336272715e15,5.0,1778.2794100389228,1.1899493690341418,285,4.1547604443488765e-14,3.903948541314934e-32,133,6.203881991135017e-13,-72.32073448836114,true
Battaglia12,5.011872336272715e15,5.0,2371.373705661655,1.5868229867962522,285,1.7750844989917354e-13,2.2189588535303738e-33,133,5.41121759508579e-13,-75.18826996782336,true
Battaglia12,5.011872336272715e15,5.0,3162.2776601683795,2.116062461942222,247,1.7395560968259372e-13,1.26043013271289e-34,133,3.672749965931161e-13,-78.05644012392047,true
Battaglia12,5.011872336272715e15,5.0,4216.965034285822,2.821814644796241,247,2.1556265839882571e-13,7.156184477618466e-36,95,3.6072141229942464e-11,-80.92508640303902,true
Battaglia12,5.011872336272715e15,5.0,5623.413251903491,3.762950306428125,209,4.249502198263729e-13,4.061525386204408e-37,95,3.2913860768455925e-11,-83.79408982683992,true
Battaglia12,5.011872336272715e15,5.0,7498.942093324558,5.0179748817874525,209,1.1480221624921207e-13,2.3045199833312464e-38,95,1.2802768526205974e-11,-86.66336112919387,true
Battaglia12,5.011872336272715e15,5.0,10000.0,6.69157705092079,209,1.3310635399557618e-13,1.3073278987487323e-39,95,3.5783237559434367e-12,-89.53283334467034,true
Battaglia12,5.011872336272715e15,5.0,13335.21432163324,8.923361412375124,171,9.385943173339135e-14,7.415204618078647e-41,95,5.484485451142906e-13,-92.40245624239112,true
Battaglia12,5.011872336272715e15,5.0,17782.794100389227,11.899493690341416,171,2.1475989266058794e-13,4.2054518943946077e-42,95,4.914427038261546e-13,-95.27219215213125,true
Battaglia12,5.011872336272715e15,5.0,23713.737056616552,15.868229867962524,133,2.763782859436084e-13,2.384873516539375e-43,95,1.478691279636246e-13,-98.1420129087075,true
Battaglia12,5.011872336272715e15,5.0,31622.776601683792,21.16062461942222,133,1.4782144011660436e-13,1.3523521931033268e-44,57,4.2168988313972757e-11,-101.01189865018341,true
Battaglia12,5.011872336272715e15,5.0,42169.65034285822,28.21814644796241,95,7.725645113636814e-13,7.668063903777306e-46,57,8.274576860037662e-12,-103.88185011875149,true
Battaglia12,5.011872336272715e15,5.0,56234.13251903491,37.62950306428125,95,1.0616198585050677e-14,4.3469637897654407e-47,57,3.3123763951817313e-13,-106.75202174868483,true
Battaglia12,5.011872336272715e15,5.0,74989.42093324558,50.17974881787452,95,2.3242200415777704e-15,2.4607922647014892e-48,57,3.877488624370681e-15,-109.62360110679798,true
Battaglia12,5.011872336272715e15,5.0,100000.0,66.9157705092079,57,2.9257666350511364e-14,1.3834483415496222e-49,19,2.93964945360305e-11,-112.50209037611995,true
Battaglia12,5.011872336272715e15,5.0,133352.1432163324,89.23361412375124,57,5.039963990635577e-16,7.611995496193458e-51,19,6.883304535566858e-13,-115.4021143849345,true
Battaglia12,5.011872336272715e15,5.0,177827.94100389228,118.99493690341417,19,3.4069110091958327e-13,4.015762286237428e-52,19,1.0683421530590647e-15,-118.34419764672678,true
Battaglia12,5.011872336272715e15,5.0,237137.37056616554,158.68229867962526,19,3.515936723003386e-16,2.0057925139152355e-53,19,6.929601656858378e-16,-121.34097067723836,true
Battaglia12,5.011872336272715e15,5.0,316227.7660168379,211.60624619422217,19,3.476439003073372e-16,9.508975391420561e-55,19,3.5220907711401938e-15,-124.38994398404363,true
Battaglia12,5.011872336272715e15,5.0,421696.5034285823,282.18146447962414,19,0.0,4.329601954830415e-56,19,7.868394025081071e-15,-127.47928959716863,true
Battaglia12,5.011872336272715e15,5.0,562341.3251903491,376.29503064281255,19,0.0,1.9181475834636322e-57,19,7.098031551797848e-15,-130.5959903806196,true
Battaglia12,5.011872336272715e15,5.0,749894.2093324559,501.79748817874525,19,1.6101917711994797e-16,8.353712719547738e-59,19,3.2233631831491132e-15,-133.72981440953612,true
Battaglia12,5.011872336272715e15,5.0,1.0e6,669.157705092079,19,0.0,3.6010732654955973e-60,19,1.8370629090384434e-15,-136.87387364930805,true
Battaglia12,5.011872336272715e15,5.0,1.333521432163324e6,892.3361412375124,19,1.7025131009699148e-16,1.5431093948334067e-61,19,8.600390547596724e-15,-140.02389120427475,true
Battaglia12,5.011872336272715e15,5.0,1.778279410038923e6,1189.9493690341417,19,2.4916649653686173e-16,6.589880655726945e-63,19,0.0,-143.17732562017932,true
Battaglia12,5.011872336272715e15,5.0,2.3713737056616554e6,1586.8229867962525,19,3.653697725432144e-16,2.808759780800753e-64,19,1.6508206409986285e-16,-146.33270292484653,true
Battaglia12,5.011872336272715e15,5.0,3.1622776601683795e6,2116.062461942222,19,2.681779706416037e-16,1.1958429133185286e-65,19,1.3189697463495685e-15,-149.48917974108997,true
Battaglia12,5.011872336272715e15,5.0,4.216965034285823e6,2821.8146447962413,19,5.908868909199201e-16,5.088199788551551e-67,19,6.883422652509986e-15,-152.6462771387163,true
Battaglia12,5.011872336272715e15,5.0,5.623413251903491e6,3762.9503064281253,19,0.0,2.1642243535631724e-68,19,9.760707711168373e-16,-155.8037242925859,true
Battaglia12,5.011872336272715e15,5.0,7.498942093324558e6,5017.974881787452,19,2.1267793446780314e-16,9.203539088928342e-70,19,2.8628206007534747e-15,-158.9613684159208,true
Battaglia12,5.011872336272715e15,5.0,1.0e7,6691.57705092079,19,0.0,3.913445460157377e-71,19,6.940162742028655e-16,-162.11912342474548,true
Battaglia12,5.011872336272715e15,5.0,1.333521432163324e7,8923.361412375123,19,4.595160942063981e-16,1.6639359418543034e-72,19,6.130851343617368e-15,-165.27694085039505,true
Battaglia12,5.011872336272715e15,5.0,1.7782794100389227e7,11899.493690341416,19,0.0,7.074547397288912e-74,19,1.5425007104555632e-15,-168.434793412191,true
Battaglia12,5.011872336272715e15,5.0,2.3713737056616552e7,15868.229867962524,19,1.2412385367280915e-16,3.0078219662963137e-75,19,8.227622809954587e-15,-171.59266575695403,true
Battaglia12,5.011872336272715e15,5.0,3.162277660168379e7,21160.62461942222,19,1.8246797018106653e-16,1.2787944825602465e-76,19,5.3486331660273585e-15,-174.75054924389792,true
Battaglia12,5.011872336272715e15,5.0,4.2169650342858225e7,28218.146447962412,19,2.682382813297051e-16,5.436841274920106e-78,19,2.0117194529918043e-15,-177.9084390093017,true
Battaglia12,5.011872336272715e15,5.0,5.623413251903491e7,37629.50306428125,19,1.9716345344506476e-16,2.311484668502018e-79,19,8.047976798863543e-15,-181.0663323148106,true
Battaglia12,5.011872336272715e15,5.0,7.498942093324558e7,50179.748817874526,19,4.347646224517834e-16,9.82730675459602e-81,19,0.0,-184.22422761813706,true
Battaglia12,5.011872336272715e15,5.0,1.0e8,66915.7705092079,19,0.0,4.178087371943876e-82,19,3.469453296218778e-15,-187.38212405021122,true
slow_fit_trial,1.0e12,0.1,0.003,1.5606677806835365e-6,969,2.5044236192049924e-14,2.6503128042512385e-7,209,2.4614827548880074e-11,-15.143417978586195,false
slow_fit_trial,1.0e12,0.1,0.1,5.2022259356117885e-5,779,2.734041158197454e-14,2.3535980886676863e-7,171,3.3147665310651356e-11,-15.262150392182463,false
slow_fit_trial,1.0e12,0.1,1.0,0.0005202225935611788,665,3.542220209212279e-14,9.29751288162691e-8,133,5.057286295198266e-12,-16.19093381164262,false
slow_fit_trial,1.0e12,0.1,4.0,0.0020808903742447152,589,1.3241127733913297e-13,7.67566047757776e-9,133,2.4751420811259194e-12,-18.685211491465274,false
slow_fit_trial,1.0e12,0.1,100.0,0.05202225935611788,437,1.0638413995303008e-13,9.572357482844911e-16,133,5.2989802771627565e-12,-34.58248197183169,true
slow_fit_trial,1.0e12,0.1,133.3521432163324,0.0693727978009422,437,8.398280736695638e-14,1.577019042837004e-16,133,3.413662626469656e-12,-36.38582510464036,true
slow_fit_trial,1.0e12,0.1,177.82794100389228,0.09251011267668914,399,7.51393166296515e-14,2.5468713124370004e-17,133,2.0114618251581896e-12,-38.20908091133023,true
slow_fit_trial,1.0e12,0.1,237.13737056616552,0.12336421794620897,399,1.3871709127764313e-13,4.051050622669365e-18,133,1.049159818424438e-12,-40.04755541341133,true
slow_fit_trial,1.0e12,0.1,316.22776601683796,0.16450882859333704,361,2.5963956853567313e-13,6.369425809974854e-19,133,5.989297279595116e-13,-41.897607441087004,true
slow_fit_trial,1.0e12,0.1,421.6965034285823,0.2193760487092976,361,1.265665621942529e-13,9.927074593578933e-20,133,4.998206643747817e-13,-43.75643602808992,true
slow_fit_trial,1.0e12,0.1,562.341325190349,0.2925426626571536,361,7.235361425642985e-14,1.536952810672274e-20,133,4.803408368528493e-13,-45.62190009802592,true
slow_fit_trial,1.0e12,0.1,749.8942093324558,0.3901119104754397,323,7.703393321341714e-14,2.3676932800562927e-21,133,4.4854237922450634e-13,-47.4923707712458,true
slow_fit_trial,1.0e12,0.1,1000.0,0.5202225935611788,323,1.2531890189456365e-13,3.633726759547691e-22,133,3.685182222005114e-13,-49.36661326871982,true
slow_fit_trial,1.0e12,0.1,1333.521432163324,0.693727978009422,285,1.5080728533496823e-13,5.560917194583363e-23,133,2.341290950900822e-13,-51.243694081150906,true
slow_fit_trial,1.0e12,0.1,1778.2794100389228,0.9251011267668914,285,1.4198423087524643e-13,8.492074697651267e-24,95,6.837671081872735e-11,-53.12290889181699,true
slow_fit_trial,1.0e12,0.1,2371.373705661655,1.2336421794620898,247,6.022652705192169e-13,1.2947467519637072e-24,95,1.1803065147733776e-11,-55.003727114158806,true
slow_fit_trial,1.0e12,0.1,3162.2776601683795,1.6450882859333704,247,8.869671286618547e-14,1.9716639473150479e-25,95,1.758184451451908e-11,-56.88574949530454,true
slow_fit_trial,1.0e12,0.1,4216.965034285822,2.193760487092976,247,1.009021695673105e-13,2.9997727998151375e-26,95,9.247372794844158e-12,-58.768675865439945,true
slow_fit_trial,1.0e12,0.1,5623.413251903491,2.9254266265715367,209,7.972192119384298e-14,4.5608856054917596e-27,95,3.322539837421602e-12,-60.65228069443894,true
slow_fit_trial,1.0e12,0.1,7498.942093324558,3.901119104754397,209,1.436043174369281e-13,6.930888279735473e-28,95,7.529919647474603e-13,-62.53639461995168,true
slow_fit_trial,1.0e12,0.1,10000.0,5.202225935611788,171,3.2074580354118436e-13,1.0528408266001017e-28,95,3.3615888117235086e-13,-64.42089054393081,true
slow_fit_trial,1.0e12,0.1,13335.21432163324,6.9372797800942205,171,1.1760162747044344e-13,1.59886553475026e-29,95,1.8779779060643494e-13,-66.30567335985097,true
slow_fit_trial,1.0e12,0.1,17782.794100389227,9.251011267668913,171,6.58957150215425e-14,2.4275422518025376e-30,95,1.8821837109715888e-14,-68.19067346330957,true
slow_fit_trial,1.0e12,0.1,23713.737056616552,12.336421794620897,133,4.930349268345098e-14,3.685066877440725e-31,57,1.847423064939098e-11,-70.07584920877959,true
slow_fit_trial,1.0e12,0.1,31622.776601683792,16.450882859333703,133,6.963385714351177e-14,5.592879220190322e-32,57,5.879542623962504e-12,-71.96122875501986,true
slow_fit_trial,1.0e12,0.1,42169.65034285822,21.937604870929757,95,1.320785190219904e-13,8.48395852510949e-33,57,4.390760858783256e-13,-73.84713092071398,true
slow_fit_trial,1.0e12,0.1,56234.13251903491,29.254266265715366,95,1.0853794280853458e-14,1.284376404522326e-33,57,6.705276413747822e-15,-75.73503475655629,true
slow_fit_trial,1.0e12,0.1,74989.42093324558,39.01119104754397,57,6.245658311461212e-13,1.930857454024109e-34,19,1.4593692076688664e-11,-77.629928980846,true
slow_fit_trial,1.0e12,0.1,100000.0,52.02225935611788,57,2.4652490939376203e-15,2.849011022074665e-35,19,2.5693858341423606e-12,-79.54350633053124,true
slow_fit_trial,1.0e12,0.1,133352.1432163324,69.3727978009422,57,1.644248046583596e-16,4.055288674731974e-36,19,1.8659322558686324e-14,-81.49304147292922,true
slow_fit_trial,1.0e12,0.1,177827.94100389228,92.51011267668913,19,3.945690918682778e-14,5.492238751675089e-37,19,1.493298164064326e-15,-83.49231248119048,true
slow_fit_trial,1.0e12,0.1,237137.37056616554,123.36421794620898,19,1.966479979522985e-16,7.064124466891853e-38,19,2.08203024431792e-15,-85.54320445073887,true
slow_fit_trial,1.0e12,0.1,316227.7660168379,164.50882859333703,19,1.9950762786339905e-16,8.703589109455412e-39,19,1.9724079625955323e-16,-87.6370831448623,true
slow_fit_trial,1.0e12,0.1,421696.5034285823,219.3760487092976,19,0.0,1.0398996227328544e-39,19,7.51473748950743e-16,-89.76169443487555,true
slow_fit_trial,1.0e12,0.1,562341.3251903491,292.5426626571537,19,0.0,1.2179581746564073e-40,19,4.8677529668243e-16,-91.90622789042628,true
slow_fit_trial,1.0e12,0.1,749894.2093324559,390.11191047543974,19,2.4065687342439147e-16,1.4092552256825946e-41,19,4.255624177108834e-16,-94.06292745665293,true
slow_fit_trial,1.0e12,0.1,1.0e6,520.2225935611788,19,1.3092907078643396e-16,1.6189441085956418e-42,19,1.4052142909371333e-15,-96.2267997538272,true
slow_fit_trial,1.0e12,0.1,1.333521432163324e6,693.7279780094219,19,2.8611030387840395e-16,1.852142730620463e-43,19,0.0,-98.39481579712,true
slow_fit_trial,1.0e12,0.1,1.778279410038923e6,925.1011267668914,19,1.5667460343427637e-16,2.1139239699204552e-44,19,4.95534980138022e-16,-100.56519816996962,true
slow_fit_trial,1.0e12,0.1,2.3713737056616554e6,1233.6421794620899,19,0.0,2.4094683180300345e-45,19,8.24576301557249e-16,-102.73692307649384,true
slow_fit_trial,1.0e12,0.1,3.1622776601683795e6,1645.0882859333703,19,3.7715034620206365e-16,2.7442487708540235e-46,19,8.788128261980212e-16,-104.9094069120396,true
slow_fit_trial,1.0e12,0.1,4.216965034285823e6,2193.7604870929763,19,6.21154277472956e-16,3.124206854262279e-47,19,2.3425424194213807e-15,-107.0823189263822,true
slow_fit_trial,1.0e12,0.1,5.623413251903491e6,2925.426626571537,19,0.0,3.555914202851452e-48,19,5.855369530120291e-16,-109.2554722737857,true
slow_fit_trial,1.0e12,0.1,7.498942093324558e6,3901.119104754397,19,1.2488328643981975e-16,4.046725235081025e-49,19,3.64322062430087e-15,-111.42876158660071,true
slow_fit_trial,1.0e12,0.1,1.0e7,5202.225935611788,19,1.3718137601632006e-16,4.604928538329324e-50,19,2.2554243378225497e-15,-113.60212749839353,true
slow_fit_trial,1.0e12,0.1,1.333521432163324e7,6937.27978009422,19,3.0139408992133347e-16,5.2399039535722164e-51,19,8.097091289086226e-16,-115.7755365740023,true
slow_fit_trial,1.0e12,0.1,1.7782794100389227e7,9251.011267668913,19,0.0,5.962291288367121e-52,19,3.0849458126077276e-16,-117.948969984136,true
slow_fit_trial,1.0e12,0.1,2.3713737056616552e7,12336.421794620897,19,1.8186578365757388e-16,6.784175754850708e-53,19,1.2341309113921938e-15,-120.12241712327057,true
slow_fit_trial,1.0e12,0.1,3.162277660168379e7,16450.882859333702,19,1.9979309647535374e-16,7.719294747246424e-54,19,1.097149267068967e-15,-122.29587201579842,true
slow_fit_trial,1.0e12,0.1,4.2169650342858225e7,21937.604870929757,19,2.1948854600337985e-16,8.78327040431615e-55,19,1.6459470035115581e-15,-124.46933129297292,true
slow_fit_trial,1.0e12,0.1,5.623413251903491e7,29254.266265715363,19,1.205630783716595e-16,9.99387248274593e-56,19,2.8045929197079735e-15,-126.64279305420698,true
slow_fit_trial,1.0e12,0.1,7.498942093324558e7,39011.19104754397,19,1.3244860960445907e-16,1.1371316344617787e-56,19,2.1139007513884194e-15,-128.8162562261062,true
slow_fit_trial,1.0e12,0.1,1.0e8,52022.25935611788,19,0.0,1.2938601300107645e-57,19,1.3010442444291674e-15,-130.98972020160596,true
slow_fit_trial,1.0e12,1.0,0.003,2.540452122758492e-7,969,2.4966124472369418e-14,1.4919282265282202e-7,209,4.4928043872520206e-11,-15.71802625587795,false
slow_fit_trial,1.0e12,1.0,0.1,8.468173742528307e-6,779,2.657381090925104e-14,1.3725300011757714e-7,171,1.4593989205396675e-11,-15.801439898015511,false
slow_fit_trial,1.0e12,1.0,1.0,8.468173742528307e-5,665,3.4617860291468285e-14,7.269608611302417e-8,171,1.9320454865098232e-13,-16.436978289990623,false
slow_fit_trial,1.0e12,1.0,4.0,0.00033872694970113227,589,1.1294791619566548e-13,9.796951833714675e-9,133,1.1663159563715614e-11,-18.441194537028096,false
slow_fit_trial,1.0e12,1.0,100.0,0.008468173742528307,437,1.7889998232603042e-13,5.08395052601832e-18,133,5.958471560788647e-11,-39.82044305192329,true
slow_fit_trial,1.0e12,1.0,133.3521432163324,0.011292491176944202,437,2.358162264541576e-13,2.5503666973204787e-19,133,5.2226204767966827e-11,-42.8128796151844,true
slow_fit_trial,1.0e12,1.0,177.82794100389228,0.015058779006970334,399,4.785372008300047e-13,1.1760673299050423e-20,133,4.142968676329169e-11,-45.889525758722776,true
slow_fit_trial,1.0e12,1.0,237.13737056616552,0.020081204548006076,399,7.68903104235155e-14,5.075403379929315e-22,133,2.922478106731452e-11,-49.0324660403699,true
slow_fit_trial,1.0e12,1.0,316.22776601683796,0.026778716648421724,399,1.8061141810522307e-13,2.080169279425806e-23,133,1.8601158820275046e-11,-52.227007864122015,true
slow_fit_trial,1.0e12,1.0,421.6965034285823,0.035709992576499185,361,1.7946347992220772e-13,8.192884764503138e-25,133,1.0800924484180385e-11,-55.461361258906564,true
slow_fit_trial,1.0e12,1.0,562.341325190349,0.047620040443154855,361,2.5030714286263477e-13,3.1298702144011956e-26,133,5.884593432755593e-12,-58.726220879200355,true
slow_fit_trial,1.0e12,1.0,749.8942093324558,0.06350234453143128,323,3.86578139314471e-13,1.1681991272342286e-27,133,3.0628902488407567e-12,-62.01433415531848,true
slow_fit_trial,1.0e12,1.0,1000.0,0.08468173742528307,323,1.3237142547370187e-13,4.283908052963147e-29,133,1.4241737598328376e-12,-65.32010200736592,true
slow_fit_trial,1.0e12,1.0,1333.521432163324,0.11292491176944204,323,1.3876139845815445e-13,1.5501007553651096e-30,133,3.6017144155850734e-13,-68.63923285754149,true
slow_fit_trial,1.0e12,1.0,1778.2794100389228,0.15058779006970335,285,1.091428043944542e-13,5.552608796077096e-32,133,5.07256399457334e-13,-71.96845510514436,true
slow_fit_trial,1.0e12,1.0,2371.373705661655,0.20081204548006076,285,2.4859093415518123e-13,1.9739234937176526e-33,133,6.987308178990606e-13,-75.30528488552523,true
slow_fit_trial,1.0e12,1.0,3162.2776601683795,0.26778716648421724,247,3.0072617615923515e-13,6.977118871258134e-35,133,5.906024242604568e-13,-78.64784219239068,true
slow_fit_trial,1.0e12,1.0,4216.965034285822,0.3570999257649918,247,2.0075758662851556e-13,2.4555628143634148e-36,95,6.423442484590912e-11,-81.99470736052692,true
slow_fit_trial,1.0e12,1.0,5623.413251903491,0.4762004044315486,209,7.317695778338307e-13,8.614297524981252e-38,95,5.5277339254691254e-11,-85.34481020803766,true
slow_fit_trial,1.0e12,1.0,7498.942093324558,0.6350234453143128,209,1.56590423116286e-14,3.014619353208628e-39,95,3.0932937340916356e-11,-88.69734505556772,true
slow_fit_trial,1.0e12,1.0,10000.0,0.8468173742528307,209,2.1383003429527658e-13,1.0530574317699048e-40,95,9.413485839796348e-12,-92.05170594700529,true
slow_fit_trial,1.0e12,1.0,13335.21432163324,1.1292491176944204,171,2.2592704407733039e-13,3.6734689416017726e-42,95,2.303227316497609e-12,-95.40743747442319,true
slow_fit_trial,1.0e12,1.0,17782.794100389227,1.5058779006970333,171,2.446951565544134e-13,1.2801297433370292e-43,95,3.0757060893412825e-13,-98.76419756396716,true
slow_fit_trial,1.0e12,1.0,23713.737056616552,2.0081204548006077,133,4.416040420578482e-13,4.457552282948693e-45,95,5.207709942203134e-13,-102.12172938483678,true
slow_fit_trial,1.0e12,1.0,31622.776601683792,2.677871664842172,133,8.854845273955317e-14,1.551269995554814e-46,57,2.2753673146771102e-11,-105.47984033030968,true
slow_fit_trial,1.0e12,1.0,42169.65034285822,3.570999257649918,133,7.827316707875088e-14,5.396201834532662e-48,57,2.2402890569371505e-11,-108.8383891215959,true
slow_fit_trial,1.0e12,1.0,56234.13251903491,4.762004044315486,95,5.995605447924612e-14,1.8763928926410036e-49,57,1.2329461051432946e-12,-112.19731829700652,true
slow_fit_trial,1.0e12,1.0,74989.42093324558,6.350234453143128,95,1.1074234584979049e-14,6.519261377863091e-51,57,6.56779193625204e-15,-115.55707865877889,true
slow_fit_trial,1.0e12,1.0,100000.0,8.468173742528307,57,8.08018728727612e-14,2.2556387406338633e-52,19,5.416414537064925e-11,-118.92099164757494,true
slow_fit_trial,1.0e12,1.0,133352.1432163324,11.292491176944202,57,6.575739042095712e-16,7.681287503603108e-54,19,2.3826338834143863e-12,-122.30080784487122,true
slow_fit_trial,1.0e12,1.0,177827.94100389228,15.058779006970335,19,8.036215581855516e-13,2.5212341818770695e-55,19,3.21806047721679e-16,-125.71743157832675,true
slow_fit_trial,1.0e12,1.0,237137.37056616554,20.08120454800608,19,3.5939930075536204e-16,7.842659455237608e-57,19,2.6961681960299582e-15,-129.18777230758982,true
slow_fit_trial,1.0e12,1.0,316227.7660168379,26.77871664842172,19,0.0,2.308928337586492e-58,19,2.545688666248866e-15,-132.71315189988934,true
slow_fit_trial,1.0e12,1.0,421696.5034285823,35.70999257649918,19,0.0,6.502794608035572e-60,19,4.58002896946042e-15,-136.28287355544097,true
slow_fit_trial,1.0e12,1.0,562341.3251903491,47.62004044315486,19,1.6144700869546194e-16,1.775985406457372e-61,19,3.3294443720207177e-16,-139.88333524518538,true
slow_fit_trial,1.0e12,1.0,749894.2093324559,63.502344531431284,19,3.7673411946970444e-16,4.756795252626342e-63,19,6.262310014860095e-15,-143.50328668338204,true
slow_fit_trial,1.0e12,1.0,1.0e6,84.68173742528306,19,3.3355507641388717e-16,1.259195443164201e-64,19,2.2673022723845273e-15,-147.1349729717785,true
slow_fit_trial,1.0e12,1.0,1.333521432163324e6,112.92491176944202,19,1.321591467641519e-16,3.310489683495916e-66,19,6.7413701130414865e-15,-150.77352001852697,true
slow_fit_trial,1.0e12,1.0,1.778279410038923e6,150.58779006970335,19,1.5771082815491775e-16,8.669179081203138e-68,19,7.453012386908069e-16,-154.4160122222679,true
slow_fit_trial,1.0e12,1.0,2.3713737056616554e6,200.8120454800608,19,1.8862618183975004e-16,2.2651008051094995e-69,19,2.9729710992988573e-15,-158.06075215307737,true
slow_fit_trial,1.0e12,1.0,3.1622776601683795e6,267.7871664842172,19,4.51778755954399e-16,5.910765373519946e-71,19,5.7171536823588475e-15,-161.70676627471855,true
slow_fit_trial,1.0e12,1.0,4.216965034285823e6,357.09992576499184,19,6.767722333654101e-16,1.5412994668943303e-72,19,6.1521236804795545e-15,-165.35350082528134,true
slow_fit_trial,1.0e12,1.0,5.623413251903491e6,476.20040443154863,19,1.622766137607427e-16,4.0174792377697826e-74,19,2.5380114766231647e-15,-169.00064223089097,true
slow_fit_trial,1.0e12,1.0,7.498942093324558e6,635.0234453143128,19,1.9459832878655495e-16,1.046936866417114e-75,19,2.4725606266808437e-15,-172.64801334398922,true
slow_fit_trial,1.0e12,1.0,1.0e7,846.8173742528306,19,3.5008207980724507e-16,2.727916041440971e-77,19,1.9085988719671754e-15,-176.2955141976318,true
slow_fit_trial,1.0e12,1.0,1.333521432163324e7,1129.2491176944202,19,0.0,7.107381913821959e-79,19,8.560193098189692e-15,-179.94308839643034,true
slow_fit_trial,1.0e12,1.0,1.7782794100389227e7,1505.8779006970333,19,0.0,1.8516984914712186e-80,19,3.702034904360184e-15,-183.59070411813468,true
slow_fit_trial,1.0e12,1.0,2.3713737056616552e7,2008.1204548006078,19,0.0,4.824148444653819e-82,19,2.6739908985344267e-15,-187.23834339445133,true
slow_fit_trial,1.0e12,1.0,3.162277660168379e7,2677.871664842172,19,2.41554135592986e-16,1.256797287645471e-83,19,4.114344872963308e-16,-190.88599606869218,true
slow_fit_trial,1.0e12,1.0,4.2169650342858225e7,3570.999257649918,19,4.3462480402340383e-16,3.274209656191581e-85,19,4.023445322660108e-15,-194.5336563908843,true
slow_fit_trial,1.0e12,1.0,5.623413251903491e7,4762.004044315486,19,5.213449656128327e-16,8.529937133857632e-87,19,5.243383525972264e-15,-198.18132109901052,true
slow_fit_trial,1.0e12,1.0,7.498942093324558e7,6350.234453143128,19,2.0845662616846598e-16,2.2222047776143845e-88,19,4.553023914602707e-15,-201.8289883373626,true
slow_fit_trial,1.0e12,1.0,1.0e8,8468.173742528306,19,2.5005072515191243e-16,5.789241741794518e-90,19,2.3852498176235134e-15,-205.47665704642165,true
slow_fit_trial,1.0e12,5.0,0.003,1.173049851978326e-7,969,2.4784102530750296e-14,1.6492869090177398e-7,247,1.88866716854687e-11,-15.617752632813833,false
slow_fit_trial,1.0e12,5.0,0.1,3.910166173261086e-6,779,2.559890460310821e-14,1.5791688791644845e-7,209,2.4693937254123305e-11,-15.661196968164841,false
slow_fit_trial,1.0e12,5.0,1.0,3.910166173261086e-5,665,2.7480092678490795e-14,1.1847727105524226e-7,133,3.8958366161611214e-11,-15.948544700209236,false
slow_fit_trial,1.0e12,5.0,4.0,0.00015640664693044345,589,3.83881380909379e-14,4.4954763957310504e-8,171,1.461526878016646e-13,-16.917609098167205,false
slow_fit_trial,1.0e12,5.0,100.0,0.0039101661732610865,437,4.606825969405636e-13,5.371250137059792e-18,171,2.096103258259803e-12,-39.765470992268476,true
slow_fit_trial,1.0e12,5.0,133.3521432163324,0.005214290395363708,437,3.615768315633049e-13,2.743071408370415e-20,171,1.6065204659181627e-12,-45.042623615318476,true
slow_fit_trial,1.0e12,5.0,177.82794100389228,0.006953367995740877,437,4.194764826093139e-13,7.371813824213787e-23,171,1.2111784939570906e-12,-50.961793353821776,true
slow_fit_trial,1.0e12,5.0,237.13737056616552,0.009272465248038996,399,3.873030125838714e-13,1.0944316417111233e-25,171,1.0946489066217867e-12,-57.47439214500071,true
slow_fit_trial,1.0e12,5.0,316.22776601683796,0.012365031137249615,399,4.118754268530895e-13,9.573554200649402e-29,171,1.229596194236446e-12,-64.51596317048308,true
slow_fit_trial,1.0e12,5.0,421.6965034285823,0.0164890340308892,399,7.055037158208925e-13,5.305360431480941e-32,171,1.474133643992226e-12,-72.01400526420773,true
slow_fit_trial,1.0e12,5.0,562.341325190349,0.02198848027586115,361,6.47658129972945e-13,2.004566313609021e-35,171,1.6254502090096004e-12,-79.8950505198692,true
slow_fit_trial,1.0e12,5.0,749.8942093324558,0.02932210970856137,361,2.482108662442645e-13,5.5337612363626264e-39,171,1.4519871885408506e-12,-88.0899508911906,true
slow_fit_trial,1.0e12,5.0,1000.0,0.039101661732610864,323,7.217760418004628e-13,1.1870589973053862e-42,133,9.610616669368549e-12,-96.53709508848863,true
slow_fit_trial,1.0e12,5.0,1333.521432163324,0.05214290395363708,323,3.582213154093036e-13,2.0856835823573642e-46,171,2.401865135847218e-13,-105.18381761896305,true
slow_fit_trial,1.0e12,5.0,1778.2794100389228,0.06953367995740876,323,7.128019785952503e-13,3.1353917446924596e-50,171,7.607431942443359e-13,-113.98650052498948,true
slow_fit_trial,1.0e12,5.0,2371.373705661655,0.09272465248038995,285,6.77495632465847e-13,4.1775105564045607e-54,133,8.445868534249457e-11,-122.90987951322725,true
slow_fit_trial,1.0e12,5.0,3162.2776601683795,0.12365031137249614,285,1.944318410699503e-13,5.073204608440735e-58,133,3.595933094967588e-11,-131.9259627030546,true
slow_fit_trial,1.0e12,5.0,4216.965034285822,0.164890340308892,247,3.6261625986102787e-13,5.739873251406189e-62,133,1.154869887525347e-11,-141.0128386371797,true
slow_fit_trial,1.0e12,5.0,5623.413251903491,0.21988480275861155,247,4.660927036064938e-13,6.153864607261457e-66,133,3.809739235445063e-12,-150.15353586171918,true
slow_fit_trial,1.0e12,5.0,7498.942093324558,0.29322109708561367,247,8.058286261753026e-13,6.334067712519375e-70,133,2.407433534371764e-12,-159.33501387119878,true
slow_fit_trial,1.0e12,5.0,10000.0,0.39101661732610865,209,6.440169089404138e-13,6.321673504481899e-74,133,1.2090491785880557e-13,-168.54731291343973,true
slow_fit_trial,1.0e12,5.0,13335.21432163324,0.5214290395363708,209,2.405353688463544e-13,6.164312097630017e-78,133,1.5465896846752269e-12,-177.78286070503793,true
slow_fit_trial,1.0e12,5.0,17782.794100389227,0.6953367995740877,171,4.181952042890049e-13,5.906525837689597e-82,133,2.330492292507104e-13,-187.0359198116648,true
slow_fit_trial,1.0e12,5.0,23713.737056616552,0.9272465248038996,171,5.259431768144752e-13,5.5854431148671165e-86,95,6.914349931120933e-11,-196.3021542279409,true
slow_fit_trial,1.0e12,5.0,31622.776601683792,1.2365031137249614,171,6.882564676175621e-13,5.229757800238449e-90,95,7.352102530476132e-12,-205.57829340216546,true
slow_fit_trial,1.0e12,5.0,42169.65034285822,1.6489034030889198,133,4.929614996476335e-13,4.860419376312035e-94,95,1.9799307271182262e-12,-214.86187401582856,true
slow_fit_trial,1.0e12,5.0,56234.13251903491,2.1988480275861155,133,5.331321135362827e-13,4.4919923997540165e-98,95,1.498784991830217e-12,-224.15104276849323,true
slow_fit_trial,1.0e12,5.0,74989.42093324558,2.932210970856137,95,5.497941936795116e-13,4.134113924449208e-102,57,9.322524523758881e-11,-233.4444064665909,true
slow_fit_trial,1.0e12,5.0,100000.0,3.910166173261086,95,1.4541138684978217e-13,3.792778416122193e-106,57,2.401767803934551e-12,-242.7409210155296,true
slow_fit_trial,1.0e12,5.0,133352.1432163324,5.214290395363707,57,3.9332095907648143e-13,3.4708644347047124e-110,57,2.130111254721176e-14,-252.0399565497811,true
slow_fit_trial,1.0e12,5.0,177827.94100389228,6.953367995740877,57,2.3036288255672534e-15,3.16184323194101e-114,19,6.927534252114451e-11,-261.34354544252926,true
slow_fit_trial,1.0e12,5.0,237137.37056616554,9.272465248038996,57,1.0243627211060477e-15,2.828968012010903e-118,19,4.646844878998195e-13,-270.6651289882137,true
slow_fit_trial,1.0e12,5.0,316227.7660168379,12.365031137249613,19,0.0,2.422820618251608e-122,19,8.297768321551388e-15,-280.0304489390929,true
slow_fit_trial,1.0e12,5.0,421696.5034285823,16.4890340308892,19,1.205683573975568e-15,1.953561715387438e-126,19,1.690358395150377e-14,-289.4560674900231,true
slow_fit_trial,1.0e12,5.0,562341.3251903491,21.988480275861157,19,1.6096940534315779e-16,1.4884901000919114e-130,19,9.180163260387085e-16,-298.9382998387036,true
slow_fit_trial,1.0e12,5.0,749894.2093324559,29.32210970856137,19,1.3452407211143302e-16,1.0870996245154103e-134,19,2.2647473240872604e-14,-308.46288920637465,true
slow_fit_trial,1.0e12,5.0,1.0e6,39.101661732610864,19,3.4682096186726054e-16,7.720853783997294e-139,19,6.446138917435577e-15,-318.01540297446866,true
slow_fit_trial,1.0e12,5.0,1.333521432163324e6,52.14290395363708,19,0.0,5.390140539951374e-143,19,3.2444806529829814e-15,-327.5850968393651,true
slow_fit_trial,1.0e12,5.0,1.778279410038923e6,69.53367995740878,19,1.0712171681385018e-15,3.724888306653129e-147,19,6.1525474270070095e-15,-337.1649718035339,true
slow_fit_trial,1.0e12,5.0,2.3713737056616554e6,92.72465248038996,19,3.172427096018452e-16,2.5589272225466888e-151,19,1.4290905810652487e-14,-346.75076092512967,true
slow_fit_trial,1.0e12,5.0,3.1622776601683795e6,123.65031137249615,19,8.484482358172372e-16,1.751965499076639e-155,19,8.60520818020118e-15,-356.33995111406466,true
slow_fit_trial,1.0e12,5.0,4.216965034285823e6,164.890340308892,19,1.7683180622896247e-15,1.1971466744916584e-159,19,1.3061860781175738e-14,-365.93108883190354,true
slow_fit_trial,1.0e12,5.0,5.623413251903491e6,219.88480275861156,19,3.3884093696063497e-16,8.171187050004576e-164,19,8.404096674924838e-15,-375.5233410589475,true
slow_fit_trial,1.0e12,5.0,7.498942093324558e6,293.2210970856137,19,6.063811210931204e-16,5.573723377002911e-168,19,9.505653039320433e-15,-385.116232322548,true
slow_fit_trial,1.0e12,5.0,1.0e7,391.01661732610864,19,7.237090111553841e-16,3.800545179840067e-172,19,8.678435978124119e-16,-394.70949147015517,true
slow_fit_trial,1.0e12,5.0,1.333521432163324e7,521.4290395363709,19,1.619854799867084e-16,2.5909191570225276e-176,19,6.8263401653646095e-15,-404.30296366731676,true
slow_fit_trial,1.0e12,5.0,1.7782794100389227e7,695.3367995740876,19,2.900896221012285e-16,1.7660695935836239e-180,19,0.0,-413.8965602300576,true
slow_fit_trial,1.0e12,5.0,2.3713737056616552e7,927.2465248038997,19,0.0,1.2037323068831833e-184,19,1.2342252084726278e-15,-423.49023012521394,true
slow_fit_trial,1.0e12,5.0,3.162277660168379e7,1236.5031137249614,19,5.815768731727297e-16,8.204138956304455e-189,19,1.0011917230972669e-14,-433.0839437981794,true
slow_fit_trial,1.0e12,5.0,4.2169650342858225e7,1648.90340308892,19,1.0416590979426938e-15,5.591451738226114e-193,19,2.7981775154039288e-14,-442.677683991677,true
slow_fit_trial,1.0e12,5.0,5.623413251903491e7,2198.848027586115,19,5.597220878876588e-16,3.810737710234984e-197,19,2.243704821986156e-14,-452.27144052469765,true
slow_fit_trial,1.0e12,5.0,7.498942093324558e7,2932.210970856137,19,1.0025417779908028e-15,2.5971024379413896e-201,19,2.4716566871599342e-14,-461.8652073151791,true
slow_fit_trial,1.0e12,5.0,1.0e8,3910.1661732610864,19,2.992844251464893e-16,1.7699714000765662e-205,19,2.818941308632949e-15,-471.4589806754731,true
slow_fit_trial,1.0e14,0.1,0.003,7.243964718463936e-6,969,2.513446898609949e-14,1.713452176922278e-5,209,2.0181623965483077e-11,-10.974415312614413,false
slow_fit_trial,1.0e14,0.1,0.1,0.00024146549061546455,779,3.796492552296366e-14,1.08343728758046e-5,171,1.8356694544246615e-12,-11.432786804133764,false
slow_fit_trial,1.0e14,0.1,1.0,0.0024146549061546453,665,1.6764303336664797e-13,3.0415738999977935e-7,133,1.1552867143783149e-11,-15.00572053925383,false
slow_fit_trial,1.0e14,0.1,4.0,0.009658619624618581,627,1.057231731920925e-13,3.5889620203070664e-10,171,4.3418728603139786e-13,-21.747987900080332,false
slow_fit_trial,1.0e14,0.1,100.0,0.24146549061546452,437,6.924337465481829e-14,2.125492537109112e-21,133,3.1400026213077304e-11,-47.60028339518692,true
slow_fit_trial,1.0e14,0.1,133.3521432163324,0.3219994068635539,437,1.901869146724608e-13,1.6790320361630833e-22,133,2.321031774161226e-11,-50.138654587453495,true
slow_fit_trial,1.0e14,0.1,177.82794100389228,0.4293931101964273,399,2.579637749111443e-13,1.3145030320534318e-23,133,1.51607852579213e-11,-52.68599846705681,true
slow_fit_trial,1.0e14,0.1,237.13737056616552,0.5726049152702037,399,1.6538243607245917e-13,1.0221722696652735e-24,133,9.012527008153934e-12,-55.240112192964126,true
slow_fit_trial,1.0e14,0.1,316.22776601683796,0.763580926674881,361,9.080859942316427e-13,7.908091118061503e-26,133,4.993251993321259e-12,-57.799325990339476,true
slow_fit_trial,1.0e14,0.1,421.6965034285823,1.0182515309120854,361,5.239780796953632e-14,6.094702601885017e-27,133,2.5664583561025337e-12,-60.362377542880694,true
slow_fit_trial,1.0e14,0.1,562.341325190349,1.357860239804381,361,1.6758601586480921e-13,4.683605024359033e-28,133,1.1402622521942267e-12,-62.928314486085625,true
slow_fit_trial,1.0e14,0.1,749.8942093324558,1.810735731661573,323,1.7024585692312177e-13,3.5914223032234116e-29,133,4.0883297510508545e-13,-65.4964193880457,true
slow_fit_trial,1.0e14,0.1,1000.0,2.414654906154645,323,1.9192774061023106e-13,2.7494485940018007e-30,133,4.931203330263293e-13,-68.06615240952003,true
slow_fit_trial,1.0e14,0.1,1333.521432163324,3.2199940686355397,285,4.933413440996115e-13,2.1022962370444637e-31,133,5.732286080477017e-13,-70.63710768925127,true
slow_fit_trial,1.0e14,0.1,1778.2794100389228,4.293931101964273,285,9.767084364290769e-14,1.6059936913098497e-32,133,5.304068691307014e-13,-73.2089802884932,true
slow_fit_trial,1.0e14,0.1,2371.373705661655,5.726049152702037,285,1.3013908555388882e-13,1.2260122917714674e-33,133,3.942591909833125e-13,-75.781541205425,true
slow_fit_trial,1.0e14,0.1,3162.2776601683795,7.63580926674881,247,9.572256896900302e-14,9.354520737019748e-35,95,9.545241604865892e-12,-78.35461852705455,true
slow_fit_trial,1.0e14,0.1,4216.965034285822,10.182515309120852,247,1.9550905687427229e-13,7.13477071802139e-36,95,3.470976529212649e-11,-80.92808323219847,true
slow_fit_trial,1.0e14,0.1,5623.413251903491,13.578602398043813,209,2.953868001826381e-13,5.440167936346589e-37,95,1.947202221980103e-11,-83.50183850973637,true
slow_fit_trial,1.0e14,0.1,7498.942093324558,18.10735731661573,209,1.534065185034547e-13,4.147151882743295e-38,95,6.72852066382148e-12,-86.07581172845306,true
slow_fit_trial,1.0e14,0.1,10000.0,24.14654906154645,209,9.259667881304253e-14,3.160942436642829e-39,95,1.684585057452287e-12,-88.64994840418957,true
slow_fit_trial,1.0e14,0.1,13335.21432163324,32.1999406863554,171,4.711110833533861e-14,2.408962237717385e-40,95,3.715387433197983e-13,-91.22420767175323,true
slow_fit_trial,1.0e14,0.1,17782.794100389227,42.93931101964273,171,1.7469838779946438e-13,1.8357073782286137e-41,95,3.7164697318427157e-13,-93.7985589133097,true
slow_fit_trial,1.0e14,0.1,23713.737056616552,57.26049152702037,133,1.8284507003006642e-13,1.3987715075803402e-42,95,2.0121234097287365e-14,-96.37297954893792,true
slow_fit_trial,1.0e14,0.1,31622.776601683792,76.3580926674881,133,1.475489384299706e-13,1.0657749615677097e-43,57,2.9561326341219075e-11,-98.9474568007574,true
slow_fit_trial,1.0e14,0.1,42169.65034285822,101.82515309120852,95,4.748349324573125e-13,8.119826111988489e-45,57,3.980573084011874e-12,-101.5220204455675,true
slow_fit_trial,1.0e14,0.1,56234.13251903491,135.78602398043813,95,5.948590010627778e-15,6.183726364974573e-46,57,1.2568090186754218e-13,-104.09699321629216,true
slow_fit_trial,1.0e14,0.1,74989.42093324558,181.0735731661573,95,2.01510178863784e-16,4.698421642155591e-47,57,3.3763490926894906e-15,-106.67427273922253,true
slow_fit_trial,1.0e14,0.1,100000.0,241.46549061546452,57,1.458029156106428e-14,3.536166183966659e-48,19,1.665949013269007e-11,-109.26104132231502,true
slow_fit_trial,1.0e14,0.1,133352.1432163324,321.99940686355393,57,6.446366644780244e-16,2.5941764465039186e-49,19,2.850334955934477e-13,-111.87340045211577,true
slow_fit_trial,1.0e14,0.1,177827.94100389228,429.3931101964273,19,1.9107951534182605e-13,1.8193771418252508e-50,19,2.951641429264641e-16,-114.5307604369539,true
slow_fit_trial,1.0e14,0.1,237137.37056616554,572.6049152702038,19,1.663638624597044e-16,1.208181534185169e-51,19,1.693118614346542e-15,-117.24272337783076,true
slow_fit_trial,1.0e14,0.1,316227.7660168379,763.5809266748809,19,1.646011720003963e-16,7.631998611280095e-53,19,1.6335489396099577e-15,-120.00466017649862,true
slow_fit_trial,1.0e14,0.1,421696.5034285823,1018.2515309120854,19,1.6911897536954893e-16,4.642574529916908e-54,19,1.5343763593962701e-15,-122.8043259537302,true
slow_fit_trial,1.0e14,0.1,562341.3251903491,1357.8602398043813,19,5.345968211720756e-16,2.7537602280873493e-55,19,2.7918371800885454e-15,-125.62921278130537,true
slow_fit_trial,1.0e14,0.1,749894.2093324559,1810.7357316615733,19,0.0,1.6080084797896372e-56,19,1.9283160383151277e-15,-128.46976876342268,true
slow_fit_trial,1.0e14,0.1,1.0e6,2414.6549061546452,19,0.0,9.302505218615712e-58,19,0.0,-131.3196516514255,true
slow_fit_trial,1.0e14,0.1,1.333521432163324e6,3219.9940686355394,19,2.238269064625381e-16,5.352528645849999e-59,19,3.7357385469824245e-15,-134.17495139331768,true
slow_fit_trial,1.0e14,0.1,1.778279410038923e6,4293.931101964274,19,3.658236587911002e-16,3.070229073564508e-60,19,3.100985425840157e-15,-137.03335340403106,true
slow_fit_trial,1.0e14,0.1,2.3713737056616554e6,5726.049152702038,19,1.3310191379123426e-16,1.7579925553321676e-61,19,4.950959989146313e-16,-139.89351810811985,true
slow_fit_trial,1.0e14,0.1,3.1622776601683795e6,7635.80926674881,19,4.362870879622928e-16,1.0056115285163898e-62,19,1.5385352452612354e-15,-142.7546799230864,true
slow_fit_trial,1.0e14,0.1,4.216965034285823e6,10182.515309120854,19,7.949361885521964e-16,5.749089933725621e-64,19,3.368159680452732e-15,-145.6164043817316,true
slow_fit_trial,1.0e14,0.1,5.623413251903491e6,13578.602398043813,19,3.4772916086441286e-16,3.2857178473317977e-65,19,3.3184611817067002e-15,-148.47844589376916,true
slow_fit_trial,1.0e14,0.1,7.498942093324558e6,18107.35731661573,19,0.0,1.8775170739362138e-66,19,6.636336825067924e-15,-151.34066593901818,true
slow_fit_trial,1.0e14,0.1,1.0e7,24146.54906154645,19,0.0,1.072738525462807e-67,19,1.388008805922348e-15,-154.2029864821446,true
slow_fit_trial,1.0e14,0.1,1.333521432163324e7,32199.940686355392,19,3.413448855065978e-16,6.128854265839915e-69,19,3.4702598302785173e-15,-157.06536359017213,true
slow_fit_trial,1.0e14,0.1,1.7782794100389227e7,42939.31101964273,19,2.489491048065189e-16,3.5014738241471674e-70,19,2.0052400756306716e-15,-159.92777253710895,true
slow_fit_trial,1.0e14,0.1,2.3713737056616552e7,57260.49152702037,19,0.0,2.00039006515862e-71,19,2.879659222910283e-15,-162.79019940845438,true
slow_fit_trial,1.0e14,0.1,3.162277660168379e7,76358.09266748809,19,1.4897636791198524e-16,1.1428102058262127e-72,19,7.954363920711147e-15,-165.65263637369222,true
slow_fit_trial,1.0e14,1.0,0.003,1.1791733626257454e-6,969,2.5201665262999346e-14,9.786623967607262e-6,209,5.5510952172509284e-11,-11.534494005878491,false
slow_fit_trial,1.0e14,1.0,0.1,3.9305778754191515e-5,779,3.272365371726575e-14,7.212261698096977e-6,171,1.6774569640499911e-12,-11.839727966801096,false
slow_fit_trial,1.0e14,1.0,1.0,0.00039305778754191513,665,1.2774579197293751e-13,4.957903561471224e-7,133,5.44298576438007e-12,-14.517112668629448,false
slow_fit_trial,1.0e14,1.0,4.0,0.0015722311501676605,627,1.666023626484311e-13,5.341970241403536e-10,171,1.1452801060979638e-12,-21.350256385952676,false
slow_fit_trial,1.0e14,1.0,100.0,0.039305778754191514,437,4.85536024325131e-13,3.313071656339777e-27,171,8.426154068081133e-13,-60.97192175891754,true
slow_fit_trial,1.0e14,1.0,133.3521432163324,0.052415098376584215,437,7.329323472432602e-14,4.202631319680958e-29,171,6.723165415335729e-13,-65.33925686302419,true
slow_fit_trial,1.0e14,1.0,177.82794100389228,0.06989665705412411,437,2.7140675058731676e-13,5.11749427286659e-31,171,4.67399642423439e-13,-69.74747296338992,true
slow_fit_trial,1.0e14,1.0,237.13737056616552,0.09320869021824428,399,2.967692321640279e-13,6.0403340011996127e-33,133,4.902062646537486e-11,-74.1868487601738,true
slow_fit_trial,1.0e14,1.0,316.22776601683796,0.12429578606990074,399,3.2485697913367134e-13,6.962913564962642e-35,133,8.501214926758421e-11,-78.6498802523848,true
slow_fit_trial,1.0e14,1.0,421.6965034285823,0.16575109465180018,361,4.2633091994456946e-13,7.883974072786977e-37,133,6.990071884234625e-11,-83.13081634008076,true
slow_fit_trial,1.0e14,1.0,562.341325190349,0.2210326371227072,323,1.237584804392021e-13,8.80698821287082e-39,133,4.384203324583776e-11,-87.62527310532722,true
slow_fit_trial,1.0e14,1.0,749.8942093324558,0.29475175881070886,361,1.8200246479848972e-13,9.738298784427074e-41,133,2.269974025231481e-11,-92.12992237314658,true
slow_fit_trial,1.0e14,1.0,1000.0,0.3930577875419151,323,1.9907944537281724e-13,1.068577914232722e-42,133,1.0468039036410167e-11,-96.64224519336814,true
slow_fit_trial,1.0e14,1.0,1333.521432163324,0.5241509837658422,323,3.43143855573853e-13,1.1657965917250736e-44,133,4.843702603774288e-12,-101.16033946866327,true
slow_fit_trial,1.0e14,1.0,1778.2794100389228,0.6989665705412411,285,3.948466815402879e-13,1.2663552562595372e-46,133,2.3578664562882095e-12,-105.68277138020943,true
slow_fit_trial,1.0e14,1.0,2371.373705661655,0.9320869021824428,285,2.2081667182113543e-13,1.3711131906806656e-48,133,8.749441875476976e-13,-110.20846150587043,true
slow_fit_trial,1.0e14,1.0,3162.2776601683795,1.2429578606990075,247,5.930569893855835e-13,1.4809098065370321e-50,133,4.3681510548344016e-13,-114.73659801665126,true
slow_fit_trial,1.0e14,1.0,4216.965034285822,1.6575109465180016,247,1.0243273512414619e-13,1.5965643661371694e-52,133,8.859610060103217e-13,-119.26657078630114,true
slow_fit_trial,1.0e14,1.0,5623.413251903491,2.2103263712270724,247,3.093682005765444e-13,1.7188809909096174e-54,133,6.311553789820465e-13,-123.79792152925691,true
slow_fit_trial,1.0e14,1.0,7498.942093324558,2.9475175881070887,209,3.3538814102683806e-13,1.8486563045877687e-56,95,7.154879235981422e-11,-128.33030615432028,true
slow_fit_trial,1.0e14,1.0,10000.0,3.9305778754191514,209,3.073819453399839e-13,1.986688145290548e-58,95,5.732868635446635e-11,-132.86346638991608,true
slow_fit_trial,1.0e14,1.0,13335.21432163324,5.241509837658422,171,4.4188318412360485e-13,2.133784480997457e-60,95,1.532688216202717e-11,-137.39720842483544,true
slow_fit_trial,1.0e14,1.0,17782.794100389227,6.989665705412411,171,7.082054657340397e-14,2.290772095483302e-62,95,3.339002600156223e-12,-141.93138684529052,true
slow_fit_trial,1.0e14,1.0,23713.737056616552,9.320869021824429,171,2.158325832159825e-13,2.4585048680880224e-64,95,2.5321516138268335e-13,-146.4658925636461,true
slow_fit_trial,1.0e14,1.0,31622.776601683792,12.429578606990074,133,2.307284099722365e-13,2.6378716127055444e-66,95,7.599904279387891e-13,-151.0006437529172,true
slow_fit_trial,1.0e14,1.0,42169.65034285822,16.575109465180017,133,3.193395678715467e-13,2.8298033400159396e-68,57,8.385014515628915e-11,-155.53557910551504,true
slow_fit_trial,1.0e14,1.0,56234.13251903491,22.103263712270724,95,2.4595097081016373e-13,3.035272447024576e-70,57,1.25481952795727e-11,-160.07065532072357,true
slow_fit_trial,1.0e14,1.0,74989.42093324558,29.475175881070886,95,5.365455931932373e-14,3.255093119581693e-72,57,2.5246100978749443e-13,-164.60590581215354,true
slow_fit_trial,1.0e14,1.0,100000.0,39.305778754191515,57,5.733001889673038e-13,3.4871411662991455e-74,57,5.2298884162664e-15,-169.14221463108933,true
slow_fit_trial,1.0e14,1.0,133352.1432163324,52.41509837658422,57,1.4153113957327337e-15,3.709930325937466e-76,19,2.1324517137686152e-11,-173.68545397117526,true
slow_fit_trial,1.0e14,1.0,177827.94100389228,69.8966570541241,57,5.259073078887775e-17,3.851887141915835e-78,19,1.3778987868213575e-13,-178.25307405859695,true
slow_fit_trial,1.0e14,1.0,237137.37056616554,93.2086902182443,19,1.3774885083641368e-14,3.814370626734634e-80,19,2.929360165482583e-15,-182.86803176172984,true
slow_fit_trial,1.0e14,1.0,316227.7660168379,124.29578606990073,19,1.3873930977017707e-16,3.564702430616834e-82,19,5.0414970636419374e-15,-187.540897044802,true
slow_fit_trial,1.0e14,1.0,421696.5034285823,165.75109465180017,19,2.4426318766499466e-16,3.1636236786203724e-84,19,4.3313479573101816e-15,-192.2654297071573,true
slow_fit_trial,1.0e14,1.0,562341.3251903491,221.03263712270726,19,0.0,2.703257314410264e-86,19,4.925495879483545e-15,-197.02786053886422,true
slow_fit_trial,1.0e14,1.0,749894.2093324559,294.75175881070885,19,4.1862463340367807e-16,2.2533472008546936e-88,19,1.0923404927125268e-15,-201.81507142788277,true
slow_fit_trial,1.0e14,1.0,1.0e6,393.05778754191516,19,0.0,1.8500325135142826e-90,19,2.567749207661059e-15,-206.61745515565573,true
slow_fit_trial,1.0e14,1.0,1.333521432163324e6,524.1509837658422,19,0.0,1.5053686458129121e-92,19,5.639083826991872e-16,-211.42879073986208,true
slow_fit_trial,1.0e14,1.0,1.778279410038923e6,698.9665705412411,19,0.0,1.2185967860645854e-94,19,2.863101330302287e-15,-216.24529872001133,true
slow_fit_trial,1.0e14,1.0,2.3713737056616554e6,932.0869021824429,19,1.78644093991277e-16,9.83545276502824e-97,19,6.614573127799546e-15,-221.06476053354257,true
slow_fit_trial,1.0e14,1.0,3.1622776601683795e6,1242.9578606990074,19,3.464193860743361e-16,7.92502896612502e-99,19,2.420439271540883e-15,-225.88589823162232,true
slow_fit_trial,1.0e14,1.0,4.216965034285823e6,1657.510946518002,19,8.404989612518657e-16,6.379636056490522e-101,19,2.198027257321186e-15,-230.70798334110623,true
slow_fit_trial,1.0e14,1.0,5.623413251903491e6,2210.3263712270723,19,0.0,5.132852609640574e-103,19,5.858209666299695e-16,-235.53060300949303,true
slow_fit_trial,1.0e14,1.0,7.498942093324558e6,2947.5175881070886,19,0.0,4.128486026325749e-105,19,6.5075259242301035e-15,-240.35352400419072,true
slow_fit_trial,1.0e14,1.0,1.0e7,3930.5778754191515,19,4.620673925820728e-16,3.32008424921872e-107,19,1.38816638403968e-15,-245.17661479148578,true
slow_fit_trial,1.0e14,1.0,1.333521432163324e7,5241.509837658422,19,1.4964333017469213e-16,2.669720753671981e-109,19,8.097789914414263e-16,-249.9998012560481,true
slow_fit_trial,1.0e14,1.0,1.7782794100389227e7,6989.665705412411,19,1.4539654385056718e-16,2.146639661459219e-111,19,3.2393502713694992e-15,-254.8230416510356,true
slow_fit_trial,1.0e14,1.0,2.3713737056616552e7,9320.869021824428,19,0.0,1.725993878299719e-113,19,6.170822927398833e-16,-259.6463124624279,true
slow_fit_trial,1.0e14,1.0,3.162277660168379e7,12429.578606990073,19,1.3727182155705777e-16,1.3877521103085835e-115,19,3.1543525424585028e-15,-264.4696004430591,true
slow_fit_trial,1.0e14,1.0,4.2169650342858225e7,16575.109465180016,19,5.335350889786428e-16,1.115784509695902e-117,19,1.353345880277323e-14,-269.29289812665917,true
slow_fit_trial,1.0e14,1.0,5.623413251903491e7,22103.263712270724,19,2.592131175826531e-16,8.971113970771995e-120,19,7.072486027777259e-15,-274.1162013024336,true
slow_fit_trial,1.0e14,1.0,7.498942093324558e7,29475.175881070885,19,7.556202135578903e-16,7.21291920250328e-122,19,1.6911252155322247e-14,-278.93950759346404,true
slow_fit_trial,1.0e14,1.0,1.0e8,39305.77875419152,19,0.0,5.79929219562346e-124,19,1.0842052006433273e-14,-283.7628156563935,true
slow_fit_trial,1.0e14,5.0,0.003,5.44481503720456e-7,969,2.4119124051209927e-14,1.096674418543784e-5,247,2.144223953371051e-11,-11.420643120305083,false
slow_fit_trial,1.0e14,5.0,0.1,1.8149383457348534e-5,779,2.7501274450533117e-14,9.501692081617375e-6,171,2.4006618689346456e-11,-11.564040661363709,false
slow_fit_trial,1.0e14,5.0,1.0,0.00018149383457348534,665,4.132233675024557e-14,2.7564586108886597e-6,171,3.671266789360134e-12,-12.801563814125117,false
slow_fit_trial,1.0e14,5.0,4.0,0.0007259753382939414,589,6.495932372357933e-13,4.3696285379208926e-8,133,4.7977962541422687e-11,-16.946002741221907,false
slow_fit_trial,1.0e14,5.0,100.0,0.018149383457348536,475,4.44314772707144e-13,3.318013394073389e-34,171,1.3409655016429634e-11,-77.08852693324621,true
slow_fit_trial,1.0e14,5.0,133.3521432163324,0.024202591820924758,475,5.007886054151651e-13,1.4503867622612661e-38,171,1.1277976071744486e-11,-87.1264032803141,true
slow_fit_trial,1.0e14,5.0,177.82794100389228,0.03227467490710394,437,4.548528057450764e-13,3.806583035144145e-43,171,8.086948831036813e-12,-97.67442705317751,true
slow_fit_trial,1.0e14,5.0,237.13737056616552,0.04303897070472694,437,5.220183392134151e-13,6.577893950552517e-48,171,4.863728013495558e-12,-108.64036983791483,true
slow_fit_trial,1.0e14,5.0,316.22776601683796,0.05739338985300282,399,7.016582485351669e-13,8.124624683247788e-53,171,3.515403241529018e-12,-119.9421103943666,true
slow_fit_trial,1.0e14,5.0,421.6965034285823,0.07653531543348431,399,6.867907793816177e-13,7.694060860938726e-58,171,3.0312756268702742e-12,-131.50948667917402,true
slow_fit_trial,1.0e14,5.0,562.341325190349,0.10206148344793174,399,6.275191100109603e-13,5.920664095220067e-63,171,2.819513172573774e-12,-143.28441223777384,true
slow_fit_trial,1.0e14,5.0,749.8942093324558,0.13610117557619933,361,4.473621537607832e-13,3.8800473753893845e-68,171,2.1038881259256607e-12,-155.21993895988257,true
slow_fit_trial,1.0e14,5.0,1000.0,0.18149383457348534,361,6.541777908820665e-13,2.2476896950241638e-73,171,5.637302825694879e-13,-167.27880890208303,true
slow_fit_trial,1.0e14,5.0,1333.521432163324,0.2420259182092476,323,8.186379766053494e-13,1.1850382289540644e-78,171,1.1673967715843707e-12,-179.43186221874814,true
slow_fit_trial,1.0e14,5.0,1778.2794100389228,0.3227467490710394,323,5.746052752875067e-13,5.816110319039945e-84,171,1.8105706692962549e-12,-191.65651610325045,true
slow_fit_trial,1.0e14,5.0,2371.373705661655,0.43038970704726937,285,7.272435543774268e-13,2.703786530392434e-89,133,7.197725821911192e-11,-203.93542006726653,true
slow_fit_trial,1.0e14,5.0,3162.2776601683795,0.5739338985300282,285,4.81382659197243e-13,1.2064415963980288e-94,171,3.649832286842165e-13,-216.25532354399027,true
slow_fit_trial,1.0e14,5.0,4216.965034285822,0.765353154334843,323,3.4060767956772407e-14,5.219264386167768e-100,171,1.0957345642771723e-12,-228.60615282963056,true
slow_fit_trial,1.0e14,5.0,5623.413251903491,1.0206148344793176,247,8.23959658555719e-13,2.2059522181449582e-105,133,3.7190008434454174e-11,-240.98027550373047,true
slow_fit_trial,1.0e14,5.0,7498.942093324558,1.3610117557619932,247,1.8945413710027823e-13,9.161607915397991e-111,133,9.00120160741635e-12,-253.3719236224423,true
slow_fit_trial,1.0e14,5.0,10000.0,1.8149383457348534,209,2.7197628734555295e-13,3.755134606690509e-116,133,3.0836104054429828e-12,-265.7767466554147,true
slow_fit_trial,1.0e14,5.0,13335.21432163324,2.420259182092476,209,7.252099461271267e-13,1.5239845677991215e-121,133,1.764133343349387e-12,-278.1914679211824,true
slow_fit_trial,1.0e14,5.0,17782.794100389227,3.2274674907103935,247,2.7991188699391914e-14,6.139139587465143e-127,133,1.599026847685044e-12,-290.61362221023893,true
slow_fit_trial,1.0e14,5.0,23713.737056616552,4.3038970704726935,171,5.926314407828617e-13,2.459297986543088e-132,133,5.180371282272777e-13,-303.0413563373199,true
slow_fit_trial,1.0e14,5.0,31622.776601683792,5.739338985300281,171,3.8569678462084624e-13,9.810613230428382e-138,95,7.359076088504222e-11,-315.4732780508077,true
slow_fit_trial,1.0e14,5.0,42169.65034285822,7.6535315433484294,133,7.288581379999524e-13,3.901364760087667e-143,95,5.2460287210387044e-12,-327.9083418677431,true
slow_fit_trial,1.0e14,5.0,56234.13251903491,10.206148344793174,133,6.768232096512472e-13,1.5477941501216187e-148,95,1.4027990839352422e-12,-340.3457629747512,true
slow_fit_trial,1.0e14,5.0,74989.42093324558,13.610117557619931,133,4.0348588693347855e-13,6.129737538815521e-154,57,9.187200716962975e-11,-352.78495238790543,true
slow_fit_trial,1.0e14,5.0,100000.0,18.149383457348534,95,5.858837896311171e-15,2.42434542402056e-159,57,3.0433009387022794e-11,-365.22546822633996,true
slow_fit_trial,1.0e14,5.0,133352.1432163324,24.202591820924756,95,3.304009485689678e-14,9.578768034643995e-165,57,1.9604430857611837e-13,-377.6669913579405,true
slow_fit_trial,1.0e14,5.0,177827.94100389228,32.274674907103936,57,4.8013278610167785e-15,3.7796069578670096e-170,57,1.3534976442806558e-14,-390.10984578416276,true
slow_fit_trial,1.0e14,5.0,237137.37056616554,43.03897070472694,57,7.217571288400692e-16,1.480137264928509e-175,19,8.637218099515494e-12,-402.5602564439094,true
slow_fit_trial,1.0e14,5.0,316227.7660168379,57.39338985300281,19,1.1095435339850581e-13,5.629817256470847e-181,19,4.5409796371720125e-15,-415.03982484918373,true
slow_fit_trial,1.0e14,5.0,421696.5034285823,76.53531543348431,19,8.585463889281224e-16,2.0279978387992273e-186,19,3.313786192454422e-16,-427.57377827684496,true
slow_fit_trial,1.0e14,5.0,562341.3251903491,102.06148344793175,19,0.0,6.8741064536627695e-192,19,5.010196495642972e-15,-440.16857619012734,true
slow_fit_trial,1.0e14,5.0,749894.2093324559,136.10117557619932,19,1.6331204805831752e-16,2.2163336720355876e-197,19,1.1896297774648144e-14,-452.81340898825385,true
slow_fit_trial,1.0e14,5.0,1.0e6,181.49383457348534,19,4.0007241749899703e-16,6.902474851900551e-203,19,3.1299663944761436e-15,-465.4928938563078,true
slow_fit_trial,1.0e14,5.0,1.333521432163324e6,242.02591820924758,19,6.260847299657752e-16,2.103199273135166e-208,19,2.4286851733302062e-14,-478.1942396939275,true
slow_fit_trial,1.0e14,5.0,1.778279410038923e6,322.7467490710394,19,4.76499968826868e-16,6.325021214025031e-214,19,2.2729229618173037e-15,-490.9086965121218,true
slow_fit_trial,1.0e14,5.0,2.3713737056616554e6,430.38970704726944,19,6.090649573945342e-16,1.8876493724999967e-219,19,7.001654267098602e-15,-503.63080302893786,true
slow_fit_trial,1.0e14,5.0,3.1622776601683795e6,573.9338985300282,19,2.6064703778464833e-16,5.608813130494227e-225,19,1.2820642305898171e-14,-516.3573067897,true
slow_fit_trial,1.0e14,5.0,4.216965034285823e6,765.3531543348431,19,2.6837519676824705e-15,1.6623843954853598e-230,19,2.938241845233353e-16,-529.0863184340506,true
slow_fit_trial,1.0e14,5.0,5.623413251903491e6,1020.6148344793174,19,2.161925970294321e-16,4.920090670462579e-236,19,2.170674637143235e-14,-541.8167549873045,true
slow_fit_trial,1.0e14,5.0,7.498942093324558e6,1361.0117557619933,19,1.6732530516160127e-15,1.4550021248152991e-241,19,1.6672828811616556e-14,-554.5480000505885,true
slow_fit_trial,1.0e14,5.0,1.0e7,1814.9383457348536,19,1.7994891351231216e-16,4.3008555500292744e-247,19,1.4929621495741828e-14,-567.2797040014977,true
slow_fit_trial,1.0e14,5.0,1.333521432163324e7,2420.259182092476,19,2.322904534895738e-16,1.2709626893024182e-252,19,1.0992687731715026e-14,-580.0116687981107,true
slow_fit_trial,1.0e14,5.0,1.7782794100389227e7,3227.4674907103936,19,8.997032967943123e-16,3.7553133764792733e-258,19,1.0182289479890596e-14,-592.7437822549431,true
slow_fit_trial,1.0e14,5.0,2.3713737056616552e7,4303.8970704726935,19,7.744469634362665e-16,1.1094880625088238e-263,19,6.788458014984315e-15,-605.4759807534446,true
slow_fit_trial,1.0e14,5.0,3.162277660168379e7,5739.338985300281,19,7.49994031317095e-16,3.277765270507554e-269,19,9.326338961866282e-15,-618.2082281451734,true
slow_fit_trial,1.0e14,5.0,4.2169650342858225e7,7653.53154334843,19,1.2912599888735514e-15,9.683241806571461e-275,19,2.1215157450818547e-14,-630.9405038307667,true
slow_fit_trial,1.0e14,5.0,5.623413251903491e7,10206.148344793173,19,2.0842414434813057e-16,2.8605960524430025e-280,19,2.719288319634758e-14,-643.6727960252704,true
slow_fit_trial,1.0e14,5.0,7.498942093324558e7,13610.117557619933,19,5.382779248548368e-16,8.450610140580343e-286,19,2.4391427714815577e-14,-656.4050979515489,true
slow_fit_trial,1.0e14,5.0,1.0e8,18149.383457348533,19,1.0426268329172977e-15,2.496416678133368e-291,19,8.673681328454225e-16,-669.1374056863382,true
slow_fit_trial,5.011872336272715e15,0.1,0.003,2.6707446292773567e-5,969,2.583881399026246e-14,0.0005800492068595682,171,3.641407948806993e-12,-7.452397618609419,false
slow_fit_trial,5.011872336272715e15,0.1,0.1,0.0008902482097591189,779,1.4250595667923757e-13,0.00012335625713429788,133,1.5336830397132302e-11,-9.000433989609082,false
slow_fit_trial,5.011872336272715e15,0.1,1.0,0.008902482097591188,703,1.5022007186534203e-13,1.0978393271419598e-8,171,7.149917391578049e-13,-18.32733674386594,false
slow_fit_trial,5.011872336272715e15,0.1,4.0,0.03560992839036475,627,2.2024514176973794e-13,5.715612139199408e-14,171,3.791863664082367e-13,-30.49298989943481,false
slow_fit_trial,5.011872336272715e15,0.1,100.0,0.8902482097591189,437,2.7678069443901995e-13,1.7391206341268547e-29,133,7.336636139120576e-13,-66.22158809403548,true
slow_fit_trial,5.011872336272715e15,0.1,133.3521432163324,1.1871650676588155,437,2.1534857869384535e-13,6.295578003608534e-31,133,5.0042256797847185e-11,-69.54029040005712,true
slow_fit_trial,5.011872336272715e15,0.1,177.82794100389228,1.583110061238653,399,6.222362525512832e-13,2.2689678794241443e-32,133,5.246279082922092e-11,-72.86339792638161,true
slow_fit_trial,5.011872336272715e15,0.1,237.13737056616552,2.1111111961351363,399,3.3179403326613555e-14,8.1504784890046e-34,133,3.879929644136739e-11,-76.18981652596084,true
slow_fit_trial,5.011872336272715e15,0.1,316.22776601683796,2.8152120257261553,399,2.0001065538106587e-13,2.9205030361907256e-35,133,2.386770545875266e-11,-79.51872238068059,true
slow_fit_trial,5.011872336272715e15,0.1,421.6965034285823,3.754145572389755,361,2.00854768139856e-13,1.0445305084498821e-36,133,1.3174862524587345e-11,-82.8494958375334,true
slow_fit_trial,5.011872336272715e15,0.1,562.341325190349,5.006233580242787,361,2.493529468552287e-13,3.730574972671329e-38,133,6.769034570781477e-12,-86.18167116382836,true
slow_fit_trial,5.011872336272715e15,0.1,749.8942093324558,6.675919773669487,323,3.989708298262753e-13,1.3309861239036548e-39,133,3.3579514807751613e-12,-89.51489851272571,true
slow_fit_trial,5.011872336272715e15,0.1,1000.0,8.902482097591188,323,1.2724735370863408e-13,4.744915447941023e-41,133,1.5216610121347404e-12,-92.84891520004325,true
slow_fit_trial,5.011872336272715e15,0.1,1333.521432163324,11.871650676588155,323,1.4090220682623502e-13,1.6905431275297525e-42,133,3.95012978536907e-13,-96.18352405120899,true
slow_fit_trial,5.011872336272715e15,0.1,1778.2794100389228,15.83110061238653,285,1.1011803266416079e-13,6.020480010445216e-44,133,5.007031198595833e-13,-99.51857709964166,true
slow_fit_trial,5.011872336272715e15,0.1,2371.373705661655,21.111111961351362,285,2.4741637210575133e-13,2.1433410687036214e-45,133,6.937600522317128e-13,-102.85396332611968,true
slow_fit_trial,5.011872336272715e15,0.1,3162.2776601683795,28.15212025726155,247,2.9845812917263005e-13,7.628566314089904e-47,133,5.833128591198857e-13,-106.1895994442472,true
slow_fit_trial,5.011872336272715e15,0.1,4216.965034285822,37.54145572389754,247,2.0122415153606753e-13,2.7146458004842033e-48,95,6.123883351186318e-11,-109.52542297906577,true
slow_fit_trial,5.011872336272715e15,0.1,5623.413251903491,50.062335802427874,209,7.203436979713318e-13,9.658782252000095e-50,95,5.4601661908526594e-11,-112.86138707029374,true
slow_fit_trial,5.011872336272715e15,0.1,7498.942093324558,66.75919773669487,209,1.1408370504788848e-14,3.436258283175164e-51,95,3.008197661804692e-11,-116.19745657167441,true
slow_fit_trial,5.011872336272715e15,0.1,10000.0,89.02482097591188,209,2.1068954768925354e-13,1.2224043669127377e-52,95,9.113497090142032e-12,-119.53360512385767,true
slow_fit_trial,5.011872336272715e15,0.1,13335.21432163324,118.71650676588155,171,2.2050697997939627e-13,4.348287387016912e-54,95,2.2125928369208924e-12,-122.86981295823374,true
slow_fit_trial,5.011872336272715e15,0.1,17782.794100389227,158.3110061238653,171,2.4449748307119637e-13,1.546686444629715e-55,95,3.2356381432090525e-13,-126.2060652497081,true
slow_fit_trial,5.011872336272715e15,0.1,23713.737056616552,211.1111196135136,133,4.3344204166184796e-13,5.501382431839574e-57,95,5.08219009334254e-13,-129.54235088876206,true
slow_fit_trial,5.011872336272715e15,0.1,31622.776601683792,281.5212025726155,133,9.281188828461424e-14,1.9567279482971718e-58,57,2.5934087510331662e-11,-132.8786617295709,true
slow_fit_trial,5.011872336272715e15,0.1,42169.65034285822,375.4145572389754,133,7.347924919408887e-14,6.959519322062955e-60,57,2.152874072291727e-11,-136.21499517060337,true
slow_fit_trial,5.011872336272715e15,0.1,56234.13251903491,500.62335802427873,95,5.694221760386207e-14,2.4751230824557005e-61,57,1.1626856229620936e-12,-139.5514005475675,true
slow_fit_trial,5.011872336272715e15,0.1,74989.42093324558,667.5919773669486,95,1.0498009063677485e-14,8.797196720138332e-63,57,4.052327287362283e-15,-142.8884277424197,true
slow_fit_trial,5.011872336272715e15,0.1,100000.0,890.2482097591188,57,7.706256416000815e-14,3.113995713586811e-64,19,5.321536973568553e-11,-146.22953925470557,true
slow_fit_trial,5.011872336272715e15,0.1,133352.1432163324,1187.1650676588154,57,7.855840290693502e-16,1.0847662628815864e-65,19,2.2643060818423522e-12,-149.58666650674365,true
slow_fit_trial,5.011872336272715e15,0.1,177827.94100389228,1583.110061238653,19,7.733087996234313e-13,3.641653794494326e-67,19,2.0866627902311798e-15,-152.9807633129864,true
slow_fit_trial,5.011872336272715e15,0.1,237137.37056616554,2111.111196135136,19,8.513058914389855e-16,1.1585890886093536e-68,19,2.5120996141632055e-15,-156.42858336169655,true
slow_fit_trial,5.011872336272715e15,0.1,316227.7660168379,2815.2120257261545,19,4.416796258391843e-16,3.4892150157767326e-70,19,4.238088919811606e-16,-159.93127972251423,true
slow_fit_trial,5.011872336272715e15,0.1,421696.5034285823,3754.1455723897548,19,0.0,1.0054541833251628e-71,19,9.15381765107071e-16,-163.47810223944634,true
slow_fit_trial,5.011872336272715e15,0.1,562341.3251903491,5006.233580242788,19,0.0,2.8101371457849747e-73,19,3.99372619601643e-15,-167.0554785000815,true
slow_fit_trial,5.011872336272715e15,0.1,749894.2093324559,6675.919773669488,19,0.0,7.703473818671975e-75,19,3.886046883775799e-15,-170.65221060214716,true
slow_fit_trial,5.011872336272715e15,0.1,1.0e6,8902.482097591188,19,1.7603034320346172e-16,2.087313388080824e-76,19,2.833751123059021e-16,-174.2605892887319,true
slow_fit_trial,5.011872336272715e15,0.1,1.333521432163324e6,11871.650676588153,19,0.0,5.617374959298453e-78,19,2.8086923203870174e-15,-177.87577278784286,true
slow_fit_trial,5.011872336272715e15,0.1,1.778279410038923e6,15831.100612386532,19,1.1914182164074395e-16,1.5058475478113882e-79,19,5.092674611944338e-15,-181.49486645214893,true
slow_fit_trial,5.011872336272715e15,0.1,2.3713737056616554e6,21111.111961351362,19,0.0,4.0277447742159775e-81,19,1.9819330585444937e-15,-185.11618592257457,true
slow_fit_trial,5.011872336272715e15,0.1,3.1622776601683795e6,28152.12025726155,19,1.628357479696434e-16,1.0759585279262993e-82,19,1.0994377332735355e-15,-188.73876570733438,true
slow_fit_trial,5.011872336272715e15,0.1,4.216965034285823e6,37541.45572389755,19,7.624918055553783e-16,2.8722359768768466e-84,19,1.7577362152842208e-15,-192.3620569990385,true
slow_fit_trial,5.011872336272715e15,0.1,5.623413251903491e6,50062.33580242788,19,0.0,7.664265585854661e-86,19,3.3189238398456534e-15,-195.98574930373312,true
slow_fit_trial,5.011872336272715e15,0.1,7.498942093324558e6,66759.19773669487,19,1.307502260685466e-16,2.0446685003126568e-87,19,2.212285745529431e-15,-199.60966741666383,true
slow_fit_trial,5.011872336272715e15,0.1,1.0e7,89024.82097591189,19,0.0,5.4540620319594016e-89,19,1.2145612690805608e-15,-203.2337126184481,true
slow_fit_trial,5.011872336272715e15,1.0,0.003,4.347544589968596e-6,969,2.5245667860923157e-14,0.00033750181683390155,209,2.513835404251281e-12,-7.993939664454619,false
slow_fit_trial,5.011872336272715e15,1.0,0.1,0.0001449181529989532,779,7.534614707346166e-14,0.00012063993787822523,133,7.195672480240996e-11,-9.022700168639897,false
slow_fit_trial,5.011872336272715e15,1.0,1.0,0.001449181529989532,703,1.7485278323944742e-13,3.3831423928199985e-8,171,1.0723326651649944e-12,-17.201875764344933,false
slow_fit_trial,5.011872336272715e15,1.0,4.0,0.005796726119958128,627,1.0290824716930536e-13,7.849214872755791e-15,171,4.8032959458014736e-12,-32.47836288432778,false
slow_fit_trial,5.011872336272715e15,1.0,100.0,0.1449181529989532,475,3.543874962369581e-13,2.896812635587534e-40,171,1.2749795035526202e-13,-91.03979267838976,true
slow_fit_trial,5.011872336272715e15,1.0,133.3521432163324,0.19325146293362777,437,3.734808765627924e-13,9.196429866315674e-43,171,6.093364091762512e-13,-96.79234364801212,true
slow_fit_trial,5.011872336272715e15,1.0,177.82794100389228,0.2577049676189088,437,4.1126468511837646e-13,2.860390469194827e-45,171,1.0181518641379892e-12,-102.56537104152885,true
slow_fit_trial,5.011872336272715e15,1.0,237.13737056616552,0.34365509749477036,399,4.742699320141868e-13,8.760344100451862e-48,171,1.0864212597924596e-12,-108.35384927866384,true
slow_fit_trial,5.011872336272715e15,1.0,316.22776601683796,0.45827143778145296,399,9.750209452696507e-14,2.651926554195507e-50,171,8.274006391416427e-13,-114.15396827225858,true
slow_fit_trial,5.011872336272715e15,1.0,421.6965034285823,0.6111147840298687,361,9.137406004355357e-13,7.957879938624048e-53,133,2.1595934047975216e-12,-119.96284730367158,true
slow_fit_trial,5.011872336272715e15,1.0,562.341325190349,0.814934662015691,361,2.512462419404569e-13,2.3723175158370083e-55,171,5.43740358960447e-13,-125.77831278253045,true
slow_fit_trial,5.011872336272715e15,1.0,749.8942093324558,1.0867328376106986,361,4.582271468041446e-13,7.03718480767631e-58,133,9.620013955610953e-11,-131.5987271887334,true
slow_fit_trial,5.011872336272715e15,1.0,1000.0,1.449181529989532,323,4.815859408834143e-13,2.0797491671618047e-60,133,5.7200905350526165e-11,-137.42285828591207,true
slow_fit_trial,5.011872336272715e15,1.0,1333.521432163324,1.9325146293362778,323,2.484373937128016e-13,6.129304228297073e-63,133,2.700182242536125e-11,-143.24977961784347,true
slow_fit_trial,5.011872336272715e15,1.0,1778.2794100389228,2.5770496761890884,285,4.4373155293898277e-13,1.8026106272581732e-65,133,1.0455631625625427e-11,-149.07879508197362,true
slow_fit_trial,5.011872336272715e15,1.0,2371.373705661655,3.4365509749477035,285,2.180861319266327e-13,5.29310173811657e-68,133,4.399099111784195e-12,-154.90938190964636,true
slow_fit_trial,5.011872336272715e15,1.0,3162.2776601683795,4.582714377814529,285,4.090511875525956e-13,1.5524104638883215e-70,133,2.2632252929762123e-12,-160.74114764863447,true
slow_fit_trial,5.011872336272715e15,1.0,4216.965034285822,6.111147840298687,247,4.1147209333851986e-13,4.549030029645026e-73,133,6.51288176788331e-13,-166.5737977586264,true
slow_fit_trial,5.011872336272715e15,1.0,5623.413251903491,8.14934662015691,247,3.8222579589274784e-13,1.3321187843406757e-75,133,8.200734170039122e-13,-172.40711122897838,true
slow_fit_trial,5.011872336272715e15,1.0,7498.942093324558,10.867328376106988,209,4.633527435321452e-13,3.898980096800365e-78,133,9.891518971660618e-13,-178.24092224824156,true
slow_fit_trial,5.011872336272715e15,1.0,10000.0,14.49181529989532,209,1.2088449970721235e-13,1.1407671873096878e-80,95,8.37246881180294e-11,-184.07510643213666,true
slow_fit_trial,5.011872336272715e15,1.0,13335.21432163324,19.325146293362778,209,2.43262660549922e-13,3.336733175620895e-83,95,7.490636216081816e-11,-189.90957048129192,true
slow_fit_trial,5.011872336272715e15,1.0,17782.794100389227,25.770496761890882,171,2.8691435961023976e-13,9.757864547464606e-86,95,1.6576785709449244e-11,-195.74424441736872,true
slow_fit_trial,5.011872336272715e15,1.0,23713.737056616552,34.365509749477035,171,4.5063385552885994e-13,2.8531179880354547e-88,95,3.1241180310716986e-12,-201.57907575632154,true
slow_fit_trial,5.011872336272715e15,1.0,31622.776601683792,45.82714377814529,133,4.868864669993473e-13,8.341293715574835e-91,95,1.5473652872677748e-13,-207.4140251363461,true
slow_fit_trial,5.011872336272715e15,1.0,42169.65034285822,61.11147840298687,133,2.0881456337116447e-13,2.4384207831563447e-93,95,6.649071752137025e-13,-213.24906303869636,true
slow_fit_trial,5.011872336272715e15,1.0,56234.13251903491,81.4934662015691,95,3.8142951123791393e-13,7.127791937432443e-96,57,6.522563854038628e-11,-219.0841674271595,true
slow_fit_trial,5.011872336272715e15,1.0,74989.42093324558,108.67328376106987,95,4.359904026735749e-14,2.0834203566517697e-98,57,2.7778176268667425e-12,-224.91932816801585,true
slow_fit_trial,5.011872336272715e15,1.0,100000.0,144.9181529989532,95,1.03399614737206e-14,6.088310126970362e-101,57,1.0269991398394843e-14,-230.75472383243854,true
slow_fit_trial,5.011872336272715e15,1.0,133352.1432163324,193.25146293362778,57,2.8040549012332008e-15,1.7745928624189528e-103,19,9.092374460401361e-11,-236.59269355505455,true
slow_fit_trial,5.011872336272715e15,1.0,177827.94100389228,257.7049676189088,57,0.0,5.099530895197559e-106,19,1.711242321942869e-12,-242.44487130320294,true
slow_fit_trial,5.011872336272715e15,1.0,237137.37056616554,343.65509749477036,19,1.1252703484317469e-13,1.4110301054450257e-108,19,4.6695331423760745e-15,-248.33487003446655,true
slow_fit_trial,5.011872336272715e15,1.0,316227.7660168379,458.2714377814529,19,0.0,3.689478662091285e-111,19,1.3048496303640841e-15,-254.2814601582543,true
slow_fit_trial,5.011872336272715e15,1.0,421696.5034285823,611.1147840298688,19,2.364965145478404e-16,9.114275847514867e-114,19,5.613611921218687e-15,-260.28485864258744,true
slow_fit_trial,5.011872336272715e15,1.0,562341.3251903491,814.9346620156911,19,1.9548455319150888e-16,2.153597340091421e-116,19,2.950922484083819e-15,-266.3327311619405,true
slow_fit_trial,5.011872336272715e15,1.0,749894.2093324559,1086.7328376106989,19,3.330529121240573e-16,4.937689216103105e-119,19,7.301804178343617e-15,-272.4107286145498,true
slow_fit_trial,5.011872336272715e15,1.0,1.0e6,1449.181529989532,19,8.67303472736589e-16,1.1110080231889801e-121,19,4.02360907571221e-15,-278.50752852005587,true
slow_fit_trial,5.011872336272715e15,1.0,1.333521432163324e6,1932.5146293362777,19,0.0,2.4719642851722893e-124,19,7.927673229523219e-15,-284.61553843951646,true
slow_fit_trial,5.011872336272715e15,1.0,1.778279410038923e6,2577.0496761890886,19,4.484551777774746e-16,5.464344314172241e-127,19,9.982132749122831e-16,-290.73006267492184,true
slow_fit_trial,5.011872336272715e15,1.0,2.3713737056616554e6,3436.5509749477037,19,5.965750940396644e-16,1.2034090668127244e-129,19,7.948065417099218e-15,-296.84831857812617,true
slow_fit_trial,5.011872336272715e15,1.0,3.1622776601683795e6,4582.714377814529,19,8.836690307771423e-16,2.64464602285724e-132,19,3.743487464073269e-15,-302.9686950476471,true
slow_fit_trial,5.011872336272715e15,1.0,4.216965034285823e6,6111.147840298688,19,1.2580745790312669e-15,5.804981245543473e-135,19,1.3193737832869852e-14,-309.0902711697934,true
slow_fit_trial,5.011872336272715e15,1.0,5.623413251903491e6,8149.346620156911,19,0.0,1.2733273802022695e-137,19,6.2502431233218954e-15,-315.21252428147864,true
slow_fit_trial,5.011872336272715e15,1.0,7.498942093324558e6,10867.328376106987,19,2.494558279649734e-16,2.7919885955201813e-140,19,2.473190688903108e-15,-321.3351589189737,true
slow_fit_trial,5.011872336272715e15,1.0,1.0e7,14491.81529989532,19,7.778780027061483e-16,6.120598445171344e-143,19,7.982557339380774e-15,-327.4580084212463,true
slow_fit_trial,5.011872336272715e15,1.0,1.333521432163324e7,19325.146293362777,19,5.941102270609849e-16,1.3415955189675453e-145,19,7.751069786223328e-15,-333.5809788926813,true
slow_fit_trial,5.011872336272715e15,1.0,1.7782794100389227e7,25770.496761890885,19,0.0,2.940490185052421e-148,19,4.319236489215267e-15,-339.7040174660563,true
slow_fit_trial,5.011872336272715e15,1.0,2.3713737056616552e7,34365.50974947704,19,0.0,6.444677902253343e-151,19,1.4604476391943522e-14,-345.8270943833351,true
slow_fit_trial,5.011872336272715e15,1.0,3.162277660168379e7,45827.14377814529,19,0.0,1.4124507732460935e-153,19,2.0023432062151205e-14,-351.95019289545706,true
slow_fit_trial,5.011872336272715e15,1.0,4.2169650342858225e7,61111.478402986875,19,6.244783587014339e-16,3.0955665181996086e-156,19,2.011738877263066e-15,-358.0733035746479,true
slow_fit_trial,5.011872336272715e15,1.0,5.623413251903491e7,81493.4662015691,19,5.565236060543668e-16,6.784283403712572e-159,19,1.5120523358533927e-14,-364.19642111312487,true
slow_fit_trial,5.011872336272715e15,5.0,0.003,2.007473115276237e-6,969,2.4704187628908087e-14,0.0003853366774802854,209,8.31682529076456e-11,-7.861393118855663,false
slow_fit_trial,5.011872336272715e15,5.0,0.1,6.69157705092079e-5,779,3.6983365510629125e-14,0.00024497552595924245,171,1.0701145997731935e-11,-8.314352246453199,false
slow_fit_trial,5.011872336272715e15,5.0,1.0,0.000669157705092079,665,3.9282897675839213e-13,3.235817144687177e-6,171,2.1125305057409737e-11,-12.64122906695075,false
slow_fit_trial,5.011872336272715e15,5.0,4.0,0.002676630820368316,627,3.2203643683916435e-13,8.722320976929403e-12,171,3.254175524204641e-12,-25.465135746344775,false
slow_fit_trial,5.011872336272715e15,5.0,100.0,0.0669157705092079,475,5.512103386811447e-13,9.311414891090057e-61,209,5.804211534300362e-13,-138.22644961748247,true
slow_fit_trial,5.011872336272715e15,5.0,133.3521432163324,0.08923361412375123,475,2.8123967034779905e-13,4.2317351966100604e-67,209,9.030807329462721e-13,-152.83058910969226,true
slow_fit_trial,5.011872336272715e15,5.0,177.82794100389228,0.11899493690341417,437,7.578519170608994e-13,1.4147608365205934e-73,209,1.1226910265519899e-12,-167.74175129188242,true
slow_fit_trial,5.011872336272715e15,5.0,237.13737056616552,0.15868229867962524,437,8.911964409684406e-13,3.724874376942182e-80,171,6.883044298604598e-11,-182.8917743125716,true
slow_fit_trial,5.011872336272715e15,5.0,316.22776601683796,0.21160624619422222,437,5.458867125017039e-13,8.157109394718907e-87,171,3.89181645342531e-11,-198.22601322510735,true
slow_fit_trial,5.011872336272715e15,5.0,421.6965034285823,0.2821814644796241,399,4.310581948312605e-13,1.5512239366170102e-93,171,1.9830906171668444e-11,-213.70136939258686,true
slow_fit_trial,5.011872336272715e15,5.0,562.341325190349,0.3762950306428125,399,6.29534665857866e-13,2.649152077190022e-100,171,8.98248665677269e-12,-229.2842696814797,true
slow_fit_trial,5.011872336272715e15,5.0,749.8942093324558,0.5017974881787453,399,3.9469980333017964e-14,4.169513531180366e-107,171,3.6180018381994935e-12,-244.94880558054675,true
slow_fit_trial,5.011872336272715e15,5.0,1000.0,0.669157705092079,361,7.794392378249639e-13,6.16924119716687e-114,171,2.9845476867032467e-12,-260.67512475359786,true
slow_fit_trial,5.011872336272715e15,5.0,1333.521432163324,0.8923361412375125,323,8.405314881891055e-13,8.71198491991234e-121,171,2.841921541567627e-12,-276.4480965976063,true
slow_fit_trial,5.011872336272715e15,5.0,1778.2794100389228,1.1899493690341418,323,5.420959867054331e-13,1.1877623888285665e-127,171,1.3718951899118802e-12,-292.25623561871146,true
slow_fit_trial,5.011872336272715e15,5.0,2371.373705661655,1.5868229867962522,361,4.442747679815496e-14,1.5770448631480004e-134,171,1.034015306701755e-12,-308.0908497052124,true
slow_fit_trial,5.011872336272715e15,5.0,3162.2776601683795,2.116062461942222,285,9.693554456123291e-13,2.0526309710546948e-141,171,2.032488887507396e-12,-323.9453757413501,true
slow_fit_trial,5.011872336272715e15,5.0,4216.965034285822,2.821814644796241,285,3.6115540217781334e-13,2.631955566814625e-148,171,8.327455917510324e-13,-339.8148666317075,true
slow_fit_trial,5.011872336272715e15,5.0,5623.413251903491,3.762950306428125,247,2.682657314955168e-13,3.3370634827430523e-155,171,7.542995113369962e-13,-355.69559819059214,true
slow_fit_trial,5.011872336272715e15,5.0,7498.942093324558,5.0179748817874525,247,8.665041084174398e-13,4.195512553606715e-162,133,6.490283118519774e-11,-371.584769550552,true
slow_fit_trial,5.011872336272715e15,5.0,10000.0,6.69157705092079,247,9.772535406502823e-13,5.241485441979985e-169,133,1.5289820522679563e-11,-387.48027577654017,true
slow_fit_trial,5.011872336272715e15,5.0,13335.21432163324,8.923361412375124,209,6.02728617659133e-13,6.517172124331227e-176,133,3.1068872497803847e-12,-403.38053580836066,true
slow_fit_trial,5.011872336272715e15,5.0,17782.794100389227,11.899493690341416,209,3.3249955837179955e-13,8.074487938445091e-183,133,2.329662881203504e-12,-419.284362564008,true
slow_fit_trial,5.011872336272715e15,5.0,23713.737056616552,15.868229867962524,171,8.987616870546069e-13,9.977201398717887e-190,133,1.8005310729856492e-12,-435.1908650388408,true
slow_fit_trial,5.011872336272715e15,5.0,31622.776601683792,21.16062461942222,171,8.606132095504472e-13,1.2303560684301016e-196,133,1.890220137317697e-13,-451.09937461281316,true
slow_fit_trial,5.011872336272715e15,5.0,42169.65034285822,28.21814644796241,171,2.921166104511122e-13,1.5149527426231615e-203,95,4.374284298226786e-11,-467.0093896323045,true
slow_fit_trial,5.011872336272715e15,5.0,56234.13251903491,37.62950306428125,133,3.96289022414017e-13,1.863275134858941e-210,95,2.9803155129531324e-12,-482.9205337642668,true
slow_fit_trial,5.011872336272715e15,5.0,74989.42093324558,50.17974881787452,171,4.660026632235118e-14,2.2897450123777894e-217,95,1.2386504786684877e-12,-498.83252471664804,true
slow_fit_trial,5.011872336272715e15,5.0,100000.0,66.9157705092079,95,9.59097801635693e-13,2.8120396548401266e-224,95,6.235232286818302e-13,-514.7451507548114,true
slow_fit_trial,5.011872336272715e15,5.0,133352.1432163324,89.23361412375124,95,1.0739144277198216e-13,3.451823525554138e-231,57,3.174392097396556e-12,-530.6582538320873,true
slow_fit_trial,5.011872336272715e15,5.0,177827.94100389228,118.99493690341417,57,6.682119804525044e-14,4.2352201971373705e-238,57,1.6086928496040775e-14,-546.571816811229,true
slow_fit_trial,5.011872336272715e15,5.0,237137.37056616554,158.68229867962526,57,2.1546895608521248e-15,5.181830256093879e-245,19,6.332293822420264e-11,-562.4881894583845,true
slow_fit_trial,5.011872336272715e15,5.0,316227.7660168379,211.60624619422217,57,4.188448861378068e-16,6.230954735583299e-252,19,2.493194643678728e-13,-578.4219138653543,true
slow_fit_trial,5.011872336272715e15,5.0,421696.5034285823,282.18146447962414,19,5.037720248169647e-15,7.163773659511816e-259,19,1.430714879296372e-14,-594.4005021959081,true
slow_fit_trial,5.011872336272715e15,5.0,562341.3251903491,376.29503064281255,19,1.9147440706078146e-16,7.747779836115044e-266,19,1.3179431989575732e-14,-610.4402284068515,true
slow_fit_trial,5.011872336272715e15,5.0,749894.2093324559,501.79748817874525,19,3.348318740147885e-16,7.922505870840129e-273,19,2.917412275155562e-15,-626.5360228337581,true
slow_fit_trial,5.011872336272715e15,5.0,1.0e6,669.157705092079,19,4.067385229377363e-16,7.774709233391418e-280,19,1.0782364511844241e-14,-642.6729499786013,true
slow_fit_trial,5.011872336272715e15,5.0,1.333521432163324e6,892.3361412375124,19,1.6915975273599096e-16,7.428331325640251e-287,19,4.286877146042412e-15,-658.8366204418359,true
slow_fit_trial,5.011872336272715e15,5.0,1.778279410038923e6,1189.9493690341417,19,6.435721624500062e-16,6.982684374955154e-294,19,3.1765184008139795e-15,-675.0165839164683,true
slow_fit_trial,5.011872336272715e15,5.0,2.3713737056616554e6,1586.8229867962525,19,4.1200983946322427e-16,6.501179820992877e-301,19,6.691816181449169e-16,-691.2061293198553,true
slow_fit_trial,5.011872336272715e15,5.0,3.1622776601683795e6,2116.062461942222,19,1.5913645853038994e-15,6.019514043914776e-308,19,6.4231248510164134e-15,-707.4012021097059,true
slow_fit_trial,5.011872336272715e15,5.0,4.216965034285823e6,2821.8146447962413,4123,9.180629931776885e-10,5.555977246e-315,19,1.5737296503197567e-14,-723.599429963241,true
slow_fit_trial,5.011872336272715e15,5.0,5.623413251903491e6,3762.9503064281253,4123,4.9983999975016e-10,4.84e-322,19,2.5438438803927373e-14,-739.799448591841,true
slow_fit_trial,5.011872336272715e15,5.0,7.498942093324558e6,5017.974881787452,19,NaN,0.0,19,8.078784078279439e-15,-756.0004807374929,true
slow_fit_trial,5.011872336272715e15,5.0,1.0e7,6691.57705092079,19,NaN,0.0,19,2.3961645414497613e-14,-772.2020858087836,true
slow_fit_trial,5.011872336272715e15,5.0,1.333521432163324e7,8923.361412375123,19,NaN,0.0,19,1.5044324483482992e-15,-788.4040146991314,true
slow_fit_trial,5.011872336272715e15,5.0,1.7782794100389227e7,11899.493690341416,19,NaN,0.0,19,2.4377332489625305e-14,-804.6061267262284,true
slow_fit_trial,5.011872336272715e15,5.0,2.3713737056616552e7,15868.229867962524,19,NaN,0.0,19,1.5017428499743195e-14,-820.8083424585524,true
slow_fit_trial,5.011872336272715e15,5.0,3.162277660168379e7,21160.62461942222,19,NaN,0.0,19,1.3852634726267099e-14,-837.0106170294576,true
slow_fit_trial,5.011872336272715e15,5.0,4.2169650342858225e7,28218.146447962412,19,NaN,0.0,19,2.5970572388579922e-14,-853.2129250723049,true
slow_fit_trial,5.011872336272715e15,5.0,5.623413251903491e7,37629.50306428125,19,NaN,0.0,19,2.694917207058382e-14,-869.4152522242995,true
slow_fit_trial,5.011872336272715e15,5.0,7.498942093324558e7,50179.748817874526,19,NaN,0.0,19,5.4799603406450723e-14,-885.6175903363949,true
slow_fit_trial,5.011872336272715e15,5.0,1.0e8,66915.7705092079,19,NaN,0.0,19,4.4235863660084906e-14,-901.8199347722731,true
