12.013,0.00113,1.0000000000000001e-7,7.1454920221192424e-6,7.145424961809908e-6,7.145506020897169e-6
12.013,0.00113,1.6426491045299075e-7,7.145486206927812e-6,7.145419146573479e-6,7.145506020897169e-6
12.013,0.00113,2.698296080612907e-7,7.145477976064625e-6,7.145410915646536e-6,7.145506020897169e-6
12.013,0.00113,4.432353640575351e-7,7.145466326042396e-6,7.145399265534044e-6,7.145506020897169e-6
12.013,0.00113,7.280801738650976e-7,7.145449836517859e-6,7.145382775881595e-6,7.145506020897169e-6
12.013,0.00113,1.1959802456254818e-6,7.1454264971267e-6,7.1453594363091815e-6,7.145506020897169e-6
12.013,0.00113,1.9645758795121526e-6,7.145393462383794e-6,7.145326401309412e-6,7.145506020897169e-6
12.013,0.00113,3.227108809261693e-6,7.145346704766646e-6,7.145279643328544e-6,7.145506020897169e-6
12.013,0.00113,5.301007395754297e-6,7.145280523684989e-6,7.145213461732683e-6,7.145506020897169e-6
12.013,0.00113,8.707695051742211e-6,7.145186850467951e-6,7.145119787789258e-6,7.145506020897169e-6
12.013,0.00113,1.4303687479263852e-5,7.145054264626427e-6,7.144987200920754e-6,7.145506020897169e-6
12.013,0.00113,2.3495939429288417e-5,7.1448666014366695e-6,7.144799536277783e-6,7.145506020897169e-6
12.013,0.00113,3.8595583863609565e-5,7.144600981040335e-6,7.1445339138234275e-6,7.145506020897169e-6
12.013,0.00113,6.33990012723672e-5,7.144225018668367e-6,7.144157948534992e-6,7.145506020897169e-6
12.013,0.00113,0.00010414231266814445,7.14369287561742e-6,7.143625801349685e-6,7.145506020897169e-6
12.013,0.00113,0.00017106927664800093,7.142939668936193e-6,7.142872588808104e-6,7.145506020897169e-6
12.013,0.00113,0.00028100679409841776,7.141873556871398e-6,7.141806468441602e-6,7.145506020897169e-6
12.013,0.00113,0.00046159555869258604,7.140364531841781e-6,7.140297431666848e-6,7.145506020897169e-6
12.013,0.00113,0.0007582395311413588,7.138228546719703e-6,7.138161429941514e-6,7.145506020897169e-6
12.013,0.00113,0.00124552148684853,7.135205020277031e-6,7.135137880005666e-6,7.145506020897169e-6
12.013,0.00113,0.002045954755044497,7.130924934058541e-6,7.13085776050221e-6,7.145506020897169e-6
12.013,0.00113,0.0033607857462825456,7.124865522109009e-6,7.1247983013295225e-6,7.145506020897169e-6
12.013,0.00113,0.005520591696647901,7.11628576569114e-6,7.116218477822609e-6,7.145506020897169e-6
12.013,0.00113,0.009068395006973916,7.104134187742828e-6,7.1040668044506585e-6,7.145506020897169e-6
12.013,0.00113,0.01489619093772919,7.086916140600663e-6,7.086848621493088e-6,7.145506020897169e-6
12.013,0.00113,0.024469214704767362,7.062500566189215e-6,7.062432853864296e-6,7.145506020897169e-6
12.013,0.00113,0.04019433362333615,7.02783319236001e-6,7.0277652059148995e-6,7.145506020897169e-6
12.013,0.00113,0.06602518613354949,6.978497680966898e-6,6.978429308102787e-6,7.145506020897169e-6
12.013,0.00113,0.1084562128786955,6.908012489963235e-6,6.9079435789882595e-6,7.145506020897169e-6
12.013,0.00113,0.17815550096589414,6.8066298905937514e-6,6.8065602505696404e-6,7.145506020897169e-6
12.013,0.00113,0.292646974128703,6.659114219927414e-6,6.659043650246529e-6,7.145506020897169e-6
12.013,0.00113,0.480716289995901,6.440247700676444e-6,6.440176102361922e-6,7.145506020897169e-6
12.013,0.00113,0.789648183294706,6.104823570691079e-6,6.104751256012381e-6,7.145506020897169e-6
12.013,0.00113,1.297114881182717,5.562493240637637e-6,5.56242171937082e-6,7.145506020897169e-6
12.013,0.00113,2.1307045980472066,4.598387792754728e-6,4.598322069225528e-6,7.145506020897169e-6
12.013,0.00113,3.5000000000000004,2.364983249450781e-6,2.3649443364101184e-6,7.145506020897169e-6
12.013,0.00113,3.8,1.494152681460695e-6,1.4941274028010525e-6,7.145506020897169e-6
12.013,0.00113,3.98,4.721897427846244e-7,4.7218162257353886e-7,7.145506020897169e-6
12.013,0.00113,3.9998,4.7215632328997946e-8,4.721481890334071e-8,7.145506020897169e-6
12.013,0.0037,1.0000000000000001e-7,7.065141890794026e-6,7.065075440348595e-6,7.0651557331995245e-6
12.013,0.0037,1.6426491045299075e-7,7.0651361405608135e-6,7.065069690069001e-6,7.0651557331995245e-6
12.013,0.0037,2.698296080612907e-7,7.0651280016399424e-6,7.065061551082401e-6,7.0651557331995245e-6
12.013,0.0037,4.432353640575351e-7,7.065116481753519e-6,7.0650500311029e-6,7.0651557331995245e-6
12.013,0.0037,7.280801738650976e-7,7.0651001764241315e-6,7.065033725641955e-6,7.0651557331995245e-6
12.013,0.0037,1.1959802456254818e-6,7.065077097744103e-6,7.0650106467760406e-6,7.0651557331995245e-6
12.013,0.0037,1.9645758795121526e-6,7.06504443201362e-6,7.0649779807827926e-6,7.0651557331995245e-6
12.013,0.0037,3.227108809261693e-6,7.06499819669933e-6,7.064931745096699e-6,7.0651557331995245e-6
12.013,0.0037,5.301007395754297e-6,7.06493275488902e-6,7.064866302759855e-6,7.0651557331995245e-6
12.013,0.0037,8.707695051742211e-6,7.064840128042301e-6,7.064773675167186e-6,7.0651557331995245e-6
12.013,0.0037,1.4303687479263852e-5,7.0647090232417454e-6,7.064642569309369e-6,7.0651557331995245e-6
12.013,0.0037,2.3495939429288417e-5,7.064523456330231e-6,7.064457000899508e-6,7.0651557331995245e-6
12.013,0.0037,3.8595583863609565e-5,7.064260803026546e-6,7.0641943454736585e-6,7.0651557331995245e-6
12.013,0.0037,6.33990012723672e-5,7.063889040311641e-6,7.0638225797569864e-6,7.0651557331995245e-6
12.013,0.0037,0.00010414231266814445,7.06336284151599e-6,7.06329637671994e-6,7.0651557331995245e-6
12.013,0.0037,0.00017106927664800093,7.0626180484488235e-6,7.062551577656148e-6,7.0651557331995245e-6
12.013,0.0037,0.00028100679409841776,7.061563845245772e-6,7.061497365966753e-6,7.0651557331995245e-6
12.013,0.0037,0.00046159555869258604,7.060071676513076e-6,7.060005185213026e-6,7.0651557331995245e-6
12.013,0.0037,0.0007582395311413588,7.057959550886834e-6,7.057893042544084e-6,7.0651557331995245e-6
12.013,0.0037,0.00124552148684853,7.05496979766488e-6,7.054903265143858e-6,7.0651557331995245e-6
12.013,0.0037,0.002045954755044497,7.050737519853658e-6,7.050670953017741e-6,7.0651557331995245e-6
12.013,0.0037,0.0033607857462825456,7.044745789585727e-6,7.044679174048561e-6,7.0651557331995245e-6
12.013,0.0037,0.005520591696647901,7.036261862398769e-6,7.0361951777786395e-6,7.0651557331995245e-6
12.013,0.0037,0.009068395006973916,7.0242459994826615e-6,7.024179216923694e-6,7.0651557331995245e-6
12.013,0.0037,0.01489619093772919,7.007220233091391e-6,7.007153311538118e-6,7.0651557331995245e-6
12.013,0.0037,0.024469214704767362,6.983077275081351e-6,6.9830101560681725e-6,7.0651557331995245e-6
12.013,0.0037,0.04019433362333615,6.948796895507806e-6,6.9487294961125405e-6,7.0651557331995245e-6
12.013,0.0037,0.06602518613354949,6.900011929172909e-6,6.899944133292038e-6,7.0651557331995245e-6
12.013,0.0037,0.1084562128786955,6.830312907206077e-6,6.830244557324719e-6,7.0651557331995245e-6
12.013,0.0037,0.17815550096589414,6.730060337425063e-6,6.729991234813421e-6,7.0651557331995245e-6
12.013,0.0037,0.292646974128703,6.58418754195376e-6,6.584117477444417e-6,7.0651557331995245e-6
12.013,0.0037,0.480716289995901,6.3677564676971505e-6,6.367685335720811e-6,7.0651557331995245e-6
12.013,0.0037,0.789648183294706,6.0360630262840525e-6,6.035991135631673e-6,7.0651557331995245e-6
12.013,0.0037,1.297114881182717,5.499768994644362e-6,5.499697849608605e-6,7.0651557331995245e-6
12.013,0.0037,2.1307045980472066,4.546429512514946e-6,4.546364106136438e-6,7.0651557331995245e-6
12.013,0.0037,3.5000000000000004,2.3381655638446198e-6,2.3381268380272243e-6,7.0651557331995245e-6
12.013,0.0037,3.8,1.4771962068515267e-6,1.4771710496328693e-6,7.0651557331995245e-6
12.013,0.0037,3.98,4.668284860303921e-7,4.66820405170246e-7,7.0651557331995245e-6
12.013,0.0037,3.9998,4.6679516100824604e-8,4.667870664114307e-8,7.0651557331995245e-6
12.013,0.0127,1.0000000000000001e-7,6.7930254700973515e-6,6.792961169544594e-6,6.7930387828613125e-6
12.013,0.0127,1.6426491045299075e-7,6.793019939880976e-6,6.7929556392837515e-6,6.7930387828613125e-6
12.013,0.0127,2.698296080612907e-7,6.793012112373503e-6,6.792947811713247e-6,6.7930387828613125e-6
12.013,0.0127,4.432353640575351e-7,6.793001033263809e-6,6.792936732514321e-6,6.7930387828613125e-6
12.013,0.0127,7.280801738650976e-7,6.792985351812953e-6,6.792921050937321e-6,6.7930387828613125e-6
12.013,0.0127,1.1959802456254818e-6,6.792963156175043e-6,6.792898855121184e-6,6.7930387828613125e-6
12.013,0.0127,1.9645758795121526e-6,6.792931740308734e-6,6.792867439002894e-6,6.7930387828613125e-6
12.013,0.0127,3.227108809261693e-6,6.792887274061315e-6,6.792822972398903e-6,6.7930387828613125e-6
12.013,0.0127,5.301007395754297e-6,6.7928243362013895e-6,6.79276003403411e-6,6.7930387828613125e-6
12.013,0.0127,8.707695051742211e-6,6.792735253465225e-6,6.792670950582569e-6,6.7930387828613125e-6
12.013,0.0127,1.4303687479263852e-5,6.792609165027261e-6,6.792544861130665e-6,6.7930387828613125e-6
12.013,0.0127,2.3495939429288417e-5,6.7924306983189246e-6,6.792366392985416e-6,6.7930387828613125e-6
12.013,0.0127,3.8595583863609565e-5,6.792178094712029e-6,6.792113787343516e-6,6.7930387828613125e-6
12.013,0.0127,6.33990012723672e-5,6.791820556453717e-6,6.7917562462070875e-6,6.7930387828613125e-6
12.013,0.0127,0.00010414231266814445,6.7913144911597706e-6,6.79125017684649e-6,6.7930387828613125e-6
12.013,0.0127,0.00017106927664800093,6.790598195441704e-6,6.7905338753784355e-6,6.7930387828613125e-6
12.013,0.0127,0.00028100679409841776,6.789584328175398e-6,6.789519999974496e-6,6.7930387828613125e-6
12.013,0.0127,0.00046159555869258604,6.788149252604873e-6,6.78808491287617e-6,6.7930387828613125e-6
12.013,0.0127,0.0007582395311413588,6.786117940352219e-6,6.786053584279415e-6,6.7930387828613125e-6
12.013,0.0127,0.00124552148684853,6.783242578835133e-6,6.783178199574627e-6,6.7930387828613125e-6
12.013,0.0127,0.002045954755044497,6.779172230704055e-6,6.7791078185348854e-6,6.7930387828613125e-6
12.013,0.0127,0.0033607857462825456,6.773409742087261e-6,6.773345283214917e-6,6.7930387828613125e-6
12.013,0.0127,0.005520591696647901,6.765250394122553e-6,6.7651858690081615e-6,6.7930387828613125e-6
12.013,0.0127,0.009068395006973916,6.753694206518493e-6,6.7536295874938396e-6,6.7930387828613125e-6
12.013,0.0127,0.01489619093772919,6.737319708272188e-6,6.737254955958705e-6,6.7930387828613125e-6
12.013,0.0127,0.024469214704767362,6.7141001234182246e-6,6.714035181729534e-6,6.7930387828613125e-6
12.013,0.0127,0.04019433362333615,6.681130529444052e-6,6.68106531881994e-6,6.7930387828613125e-6
12.013,0.0127,0.06602518613354949,6.634210322485897e-6,6.634144731515587e-6,6.7930387828613125e-6
12.013,0.0127,0.1084562128786955,6.567174169906731e-6,6.567108047434418e-6,6.7930387828613125e-6
12.013,0.0127,0.17815550096589414,6.470749223357077e-6,6.4706823787078374e-6,6.7930387828613125e-6
12.013,0.0127,0.292646974128703,6.330441242258932e-6,6.330373474916095e-6,6.7930387828613125e-6
12.013,0.0127,0.480716289995901,6.122259739313326e-6,6.122190948779274e-6,6.7930387828613125e-6
12.013,0.0127,0.789648183294706,5.803203358124494e-6,5.803133843314483e-6,6.7930387828613125e-6
12.013,0.0127,1.297114881182717,5.287355979406779e-6,5.287287192669154e-6,6.7930387828613125e-6
12.013,0.0127,2.1307045980472066,4.370481668074817e-6,4.370418432370003e-6,6.7930387828613125e-6
12.013,0.0127,3.5000000000000004,2.2473581193929353e-6,2.247320678166835e-6,6.7930387828613125e-6
12.013,0.0127,3.8,1.4197807055544878e-6,1.4197563827567228e-6,6.7930387828613125e-6
12.013,0.0127,3.98,4.486751585999231e-7,4.4866734572971604e-7,6.7930387828613125e-6
12.013,0.0127,3.9998,4.486421717258185e-8,4.486343455798089e-8,6.7930387828613125e-6
12.013,0.047,1.0000000000000001e-7,5.875043531258118e-6,5.8749865807165345e-6,5.8750550564773525e-6
12.013,0.047,1.6426491045299075e-7,5.875038743600474e-6,5.874981793020861e-6,5.8750550564773525e-6
12.013,0.047,2.698296080612907e-7,5.875031967115893e-6,5.874975016482457e-6,5.8750550564773525e-6
12.013,0.047,4.432353640575351e-7,5.875022375631462e-6,5.874965424921728e-6,5.8750550564773525e-6
12.013,0.047,7.280801738650976e-7,5.8750087997759905e-6,5.874951848958155e-6,5.8750550564773525e-6
12.013,0.047,1.1959802456254818e-6,5.874989584412852e-6,5.874932633441847e-6,5.8750550564773525e-6
12.013,0.047,1.9645758795121526e-6,5.874962386848919e-6,5.874905435661285e-6,5.8750550564773525e-6
12.013,0.047,3.227108809261693e-6,5.8749238912174315e-6,5.874866939723744e-6,5.8750550564773525e-6
12.013,0.047,5.301007395754297e-6,5.874869404211665e-6,5.8748124522854e-6,5.8750550564773525e-6
12.013,0.047,8.707695051742211e-6,5.8747922828792725e-6,5.874735330341082e-6,5.8750550564773525e-6
12.013,0.047,1.4303687479263852e-5,5.874683124708584e-6,5.874626171304071e-6,5.8750550564773525e-6
12.013,0.047,2.3495939429288417e-5,5.8745286212479196e-6,5.874471666616073e-6,5.8750550564773525e-6
12.013,0.047,3.8595583863609565e-5,5.874309935456147e-6,5.874252979084708e-6,5.8750550564773525e-6
12.013,0.047,6.33990012723672e-5,5.874000404865824e-6,5.873943446028695e-6,5.8750550564773525e-6
12.013,0.047,0.00010414231266814445,5.873562290323991e-6,5.873505327993511e-6,5.8750550564773525e-6
12.013,0.047,0.00017106927664800093,5.8729421734286975e-6,5.872885206154176e-6,5.8750550564773525e-6
12.013,0.047,0.00028100679409841776,5.872064440352159e-6,5.872007466089928e-6,5.8750550564773525e-6
12.013,0.047,0.00046159555869258604,5.870822054824362e-6,5.870765070682337e-6,5.8750550564773525e-6
12.013,0.047,0.0007582395311413588,5.869063488699173e-6,5.869006490573498e-6,5.8750550564773525e-6
12.013,0.047,0.00124552148684853,5.86657420084829e-6,5.8665171829077994e-6,5.8750550564773525e-6
12.013,0.047,0.002045954755044497,5.863050368328307e-6,5.8629933222782975e-6,5.8750550564773525e-6
12.013,0.047,0.0033607857462825456,5.858061575775591e-6,5.85800448980752e-6,5.8750550564773525e-6
12.013,0.047,0.005520591696647901,5.850997693448741e-6,5.850940550746533e-6,5.8750550564773525e-6
12.013,0.047,0.009068395006973916,5.8409929319370145e-6,5.840935708565145e-6,5.8750550564773525e-6
12.013,0.047,0.01489619093772919,5.826816509497457e-6,5.826759171454303e-6,5.8750550564773525e-6
12.013,0.047,0.024469214704767362,5.80671340633144e-6,5.806655905502064e-6,5.8750550564773525e-6
12.013,0.047,0.04019433362333615,5.7781679215452326e-6,5.778110189943375e-6,5.8750550564773525e-6
12.013,0.047,0.06602518613354949,5.737541720205021e-6,5.737483662751091e-6,5.8750550564773525e-6
12.013,0.047,0.1084562128786955,5.679493685309325e-6,5.679435173009828e-6,5.8750550564773525e-6
12.013,0.047,0.17815550096589414,5.595988897754355e-6,5.595929767592341e-6,5.8750550564773525e-6
12.013,0.047,0.292646974128703,5.474466033456384e-6,5.474406113272768e-6,5.8750550564773525e-6
12.013,0.047,0.480716289995901,5.294134188942114e-6,5.29407339197149e-6,5.8750550564773525e-6
12.013,0.047,0.789648183294706,5.0177405825241544e-6,5.017679170290748e-6,5.8750550564773525e-6
12.013,0.047,1.297114881182717,4.5709179942952016e-6,4.57085724356409e-6,5.8750550564773525e-6
12.013,0.047,2.1307045980472066,3.777117449934777e-6,3.7770616067286695e-6,5.8750550564773525e-6
12.013,0.047,3.5000000000000004,1.941194822539103e-6,1.9411617525375643e-6,5.8750550564773525e-6
12.013,0.047,3.8,1.22621120475096e-6,1.2261897208428935e-6,5.8750550564773525e-6
12.013,0.047,3.98,3.8747541886285544e-7,3.874685181723305e-7,5.8750550564773525e-6
12.013,0.047,3.9998,3.8744379628100326e-8,3.874368836836271e-8,5.8750550564773525e-6
12.013,0.173,1.0000000000000001e-7,3.641814697965362e-6,3.6417764140489956e-6,3.641821867892326e-6
12.013,0.173,1.6426491045299075e-7,3.6418117195269492e-6,3.6417734355878e-6,3.641821867892326e-6
12.013,0.173,2.698296080612907e-7,3.6418075038240926e-6,3.641769219852748e-6,3.641821867892326e-6
12.013,0.173,4.432353640575351e-7,3.641801536888297e-6,3.641763252871386e-6,3.641821867892326e-6
12.013,0.173,7.280801738650976e-7,3.6417930912447875e-6,3.641754807163377e-6,3.641821867892326e-6
12.013,0.173,1.1959802456254818e-6,3.6417811372203595e-6,3.6417428530475504e-6,3.641821867892326e-6
12.013,0.173,1.9645758795121526e-6,3.6417642174075814e-6,3.6417259331052343e-6,3.641821867892326e-6
12.013,0.173,3.227108809261693e-6,3.641740268980097e-6,3.6417019844941575e-6,3.641821867892326e-6
12.013,0.173,5.301007395754297e-6,3.6417063721952e-6,3.641668087449253e-6,3.641821867892326e-6
12.013,0.173,8.707695051742211e-6,3.641658394419809e-6,3.6416201093060876e-6,3.641821867892326e-6
12.013,0.173,1.4303687479263852e-5,3.641590486275704e-6,3.64155220064244e-6,3.641821867892326e-6
12.013,0.173,2.3495939429288417e-5,3.641494368464483e-6,3.6414560820968975e-6,3.641821867892326e-6
12.013,0.173,3.8595583863609565e-5,3.6413583222983045e-6,3.6413200348918188e-6,3.641821867892326e-6
12.013,0.173,6.33990012723672e-5,3.641165760804904e-6,3.6411274719273596e-6,3.641821867892326e-6
12.013,0.173,0.00010414231266814445,3.640893206059319e-6,3.640854915097245e-6,3.641821867892326e-6
12.013,0.173,0.00017106927664800093,3.6405074258134666e-6,3.640469131896165e-6,3.641821867892326e-6
12.013,0.173,0.00028100679409841776,3.639961379548471e-6,3.6399230814412185e-6,3.641821867892326e-6
12.013,0.173,0.00046159555869258604,3.6391884778562197e-6,3.639150173810807e-6,3.641821867892326e-6
12.013,0.173,0.0007582395311413588,3.638094450886384e-6,3.6380561384338226e-6,3.641821867892326e-6
12.013,0.173,0.00124552148684853,3.6365458240519172e-6,3.6365074997096116e-6,3.641821867892326e-6
12.013,0.173,0.002045954755044497,3.634353571084224e-6,3.6343152299132275e-6,3.641821867892326e-6
12.013,0.173,0.0033607857462825456,3.631249891822392e-6,3.6312115267962387e-6,3.641821867892326e-6
12.013,0.173,0.005520591696647901,3.6268551401497976e-6,3.626816741251891e-6,3.641821867892326e-6
12.013,0.173,0.009068395006973916,3.6206305238349386e-6,3.6205920767616e-6,3.641821867892326e-6
12.013,0.173,0.01489619093772919,3.6118099701414577e-6,3.611771454451614e-6,3.641821867892326e-6
12.013,0.173,0.024469214704767362,3.5993008054079144e-6,3.5992621919317195e-6,3.641821867892326e-6
12.013,0.173,0.04019433362333615,3.5815361322872053e-6,3.581497379657889e-6,3.641821867892326e-6
12.013,0.173,0.06602518613354949,3.5562485783753772e-6,3.5562096288730124e-6,3.641821867892326e-6
12.013,0.173,0.1084562128786955,3.5201072904349035e-6,3.520068066294935e-6,3.641821867892326e-6
12.013,0.173,0.17815550096589414,3.4680976660799697e-6,3.4680580695444797e-6,3.641821867892326e-6
12.013,0.173,0.292646974128703,3.3923755709146728e-6,3.3923354996309725e-6,3.641821867892326e-6
12.013,0.173,0.480716289995901,3.279958461055389e-6,3.2799178671390356e-6,3.641821867892326e-6
12.013,0.173,0.789648183294706,3.1076148775148586e-6,3.107573934931757e-6,3.641821867892326e-6
12.013,0.173,1.297114881182717,2.829109988714613e-6,2.82906952969095e-6,3.641821867892326e-6
12.013,0.173,2.1307045980472066,2.3352028242917908e-6,2.335165643556884e-6,3.641821867892326e-6
12.013,0.173,3.5000000000000004,1.1978108728981084e-6,1.1977888462790696e-6,3.641821867892326e-6
12.013,0.173,3.8,7.5629977115011e-7,7.562854616699194e-7,3.641821867892326e-6
12.013,0.173,3.98,2.3892298970113413e-7,2.3891839265558753e-7,3.641821867892326e-6
12.013,0.173,3.9998,2.3889652314158368e-8,2.3889191819296818e-8,3.641821867892326e-6
12.013,0.61,1.0000000000000001e-7,1.1142026180614489e-6,1.114187968889557e-6,1.1142048375081653e-6
12.013,0.61,1.6426491045299075e-7,1.1142016960875685e-6,1.114187046919994e-6,1.1142048375081653e-6
12.013,0.61,2.698296080612907e-7,1.1142003911191925e-6,1.1141857419428443e-6,1.1142048375081653e-6
12.013,0.61,4.432353640575351e-7,1.114198544057663e-6,1.1141838948689254e-6,1.1142048375081653e-6
12.013,0.61,7.280801738650976e-7,1.1141959297135605e-6,1.1141812805072981e-6,1.1142048375081653e-6
12.013,0.61,1.1959802456254818e-6,1.114192229352088e-6,1.114177580121021e-6,1.1142048375081653e-6
12.013,0.61,1.9645758795121526e-6,1.1141869918334885e-6,1.114172342567281e-6,1.1142048375081653e-6
12.013,0.61,3.227108809261693e-6,1.11417957861075e-6,1.1141649292947327e-6,1.1142048375081653e-6
12.013,0.61,5.301007395754297e-6,1.1141690858784935e-6,1.11415443649186e-6,1.1142048375081653e-6
12.013,0.61,8.707695051742211e-6,1.114154234380867e-6,1.114139584894177e-6,1.1142048375081653e-6
12.013,0.61,1.4303687479263852e-5,1.1141332134423485e-6,1.1141185638140204e-6,1.1142048375081653e-6
12.013,0.61,2.3495939429288417e-5,1.1141034602019107e-6,1.1140888103734648e-6,1.1142048375081653e-6
12.013,0.61,3.8595583863609565e-5,1.1140613471256983e-6,1.1140466970145632e-6,1.1142048375081653e-6
12.013,0.61,6.33990012723672e-5,1.1140017396779738e-6,1.113987089167111e-6,1.1142048375081653e-6
12.013,0.61,0.00010414231266814445,1.1139173701698123e-6,1.1139027190931229e-6,1.1142048375081653e-6
12.013,0.61,0.00017106927664800093,1.1137979513229427e-6,1.1137832994445169e-6,1.1142048375081653e-6
12.013,0.61,0.00028100679409841776,1.1136289211859377e-6,1.1136142681706622e-6,1.1142048375081653e-6
12.013,0.61,0.00046159555869258604,1.1133896657028822e-6,1.1133750110748848e-6,1.1142048375081653e-6
12.013,0.61,0.0007582395311413588,1.1130510006257258e-6,1.113036343710038e-6,1.1142048375081653e-6
12.013,0.61,0.00124552148684853,1.1125716019763522e-6,1.1125569418174797e-6,1.1142048375081653e-6
12.013,0.61,0.002045954755044497,1.1118929408979184e-6,1.1118782761467475e-6,1.1142048375081653e-6
12.013,0.61,0.0033607857462825456,1.1109320841076561e-6,1.1109174128522887e-6,1.1142048375081653e-6
12.013,0.61,0.005520591696647901,1.1095714316977984e-6,1.109556751211546e-6,1.1142048375081653e-6
12.013,0.61,0.009068395006973916,1.1076440208101442e-6,1.1076293271913475e-6,1.1142048375081653e-6
12.013,0.61,0.01489619093772919,1.1049123157921995e-6,1.1048976034428732e-6,1.1142048375081653e-6
12.013,0.61,0.024469214704767362,1.1010372088693084e-6,1.1010224697502624e-6,1.1142048375081653e-6
12.013,0.61,0.04019433362333615,1.0955317896314416e-6,1.0955170122384965e-6,1.1142048375081653e-6
12.013,0.61,0.06602518613354949,1.0876902245299374e-6,1.0876753926211725e-6,1.1142048375081653e-6
12.013,0.61,0.1084562128786955,1.0764732893025457e-6,1.0764583807326502e-6,1.1142048375081653e-6
12.013,0.61,0.17815550096589414,1.0603126192898851e-6,1.0602976062599208e-6,1.1142048375081653e-6
12.013,0.61,0.292646974128703,1.0367503786595256e-6,1.0367352328493475e-6,1.1142048375081653e-6
12.013,0.61,0.480716289995901,1.0017196802294124e-6,1.0017043920408748e-6,1.1142048375081653e-6
12.013,0.61,0.789648183294706,9.479742732756628e-7,9.479589086473022e-7,1.1142048375081653e-6
12.013,0.61,1.297114881182717,8.612360470312219e-7,8.612209035626881e-7,1.1142048375081653e-6
12.013,0.61,2.1307045980472066,7.082911061962217e-7,7.082772025681793e-7,1.1142048375081653e-6
12.013,0.61,3.5000000000000004,3.60996072249259e-7,3.6098783544180125e-7,1.1142048375081653e-6
12.013,0.61,3.8,2.2760608967774858e-7,2.276007392749153e-7,1.1142048375081653e-6
12.013,0.61,3.98,7.184081577103309e-8,7.183909700927886e-8,1.1142048375081653e-6
12.013,0.61,3.9998,7.182599235218263e-9,7.182427071374296e-9,1.1142048375081653e-6
12.013,1.73,1.0000000000000001e-7,2.3111462013917867e-7,2.3111024587441638e-7,2.311152868045726e-7
12.013,1.73,1.6426491045299075e-7,2.311146176800033e-7,2.3111024338388975e-7,2.311152868045726e-7
12.013,1.73,2.698296080612907e-7,2.3111433972091099e-7,2.3110996545478368e-7,2.311152868045726e-7
12.013,1.73,4.432353640575351e-7,2.3111394629562623e-7,2.311095720275965e-7,2.311152868045726e-7
12.013,1.73,7.280801738650976e-7,2.3111338943864924e-7,2.3110901516792712e-7,2.311152868045726e-7
12.013,1.73,1.1959802456254818e-6,2.3111260125923882e-7,2.3110822698470807e-7,2.311152868045726e-7
12.013,1.73,1.9645758795121526e-6,2.3111148566427653e-7,2.311071113843547e-7,2.311152868045726e-7
12.013,1.73,3.227108809261693e-6,2.31109906642694e-7,2.3110553235512563e-7,2.311152868045726e-7
12.013,1.73,5.301007395754297e-6,2.3110767168302085e-7,2.3110329738460613e-7,2.311152868045726e-7
12.013,1.73,8.707695051742211e-6,2.3110450830213352e-7,2.311001339883343e-7,2.311152868045726e-7
12.013,1.73,1.4303687479263852e-5,2.3110003082310252e-7,2.310956564875069e-7,2.311152868045726e-7
12.013,1.73,2.3495939429288417e-5,2.3109369335051578e-7,2.3108931898410755e-7,2.311152868045726e-7
12.013,1.73,3.8595583863609565e-5,2.3108472320721735e-7,2.3108034879732412e-7,2.311152868045726e-7
12.013,1.73,6.33990012723672e-5,2.3107202671041787e-7,2.3106765223910432e-7,2.311152868045726e-7
12.013,1.73,0.00010414231266814445,2.310540557837853e-7,2.3104968122558314e-7,2.311152868045726e-7
12.013,1.73,0.00017106927664800093,2.3102861910631427e-7,2.3102424442501575e-7,2.311152868045726e-7
12.013,1.73,0.00028100679409841776,2.3099261468787473e-7,2.3098823983195846e-7,2.311152868045726e-7
12.013,1.73,0.00046159555869258604,2.3094165106792697e-7,2.3093727596406356e-7,2.311152868045726e-7
12.013,1.73,0.0007582395311413588,2.3086951048966617e-7,2.3086513503356618e-7,2.311152868045726e-7
12.013,1.73,0.00124552148684853,2.3076738751767379e-7,2.3076301156124747e-7,2.311152868045726e-7
12.013,1.73,0.002045954755044497,2.3062280774913222e-7,2.3061843108262222e-7,2.311152868045726e-7
12.013,1.73,0.0033607857462825456,2.3041808890829097e-7,2.3041371123454705e-7,2.311152868045726e-7
12.013,1.73,0.005520591696647901,2.301281429908297e-7,2.3012376388413912e-7,2.311152868045726e-7
12.013,1.73,0.009068395006973916,2.2971731951360728e-7,2.2971293835901653e-7,2.311152868045726e-7
12.013,1.73,0.01489619093772919,2.291348303528195e-7,2.2913044625570659e-7,2.311152868045726e-7
12.013,1.73,0.024469214704767362,2.283080240209823e-7,2.283036356720682e-7,2.311152868045726e-7
12.013,1.73,0.04019433362333615,2.271322817951849e-7,2.271278872750681e-7,2.311152868045726e-7
12.013,1.73,0.06602518613354949,2.2545534971526577e-7,2.2545094623579424e-7,2.311152868045726e-7
12.013,1.73,0.1084562128786955,2.230519580667707e-7,2.2304754171209758e-7,2.311152868045726e-7
12.013,1.73,0.17815550096589414,2.195803634929142e-7,2.1957592924076275e-7,2.311152868045726e-7
12.013,1.73,0.292646974128703,2.1450299892609761e-7,2.1449854181989086e-7,2.311152868045726e-7
12.013,1.73,0.480716289995901,2.0693119779880127e-7,2.06926717597669e-7,2.311152868045726e-7
12.013,1.73,0.789648183294706,1.9529713957042362e-7,1.952926554827923e-7,2.311152868045726e-7
12.013,1.73,1.297114881182717,1.7658070542888857e-7,1.7657629993075464e-7,2.311152868045726e-7
12.013,1.73,2.1307045980472066,1.4400282275082558e-7,1.4399878625587503e-7,2.311152868045726e-7
12.013,1.73,3.5000000000000004,7.232393918040086e-8,7.232155657362319e-8,2.311152868045726e-7
12.013,1.73,3.8,4.5449689484208704e-8,4.5448143690004216e-8,2.311152868045726e-7
12.013,1.73,3.98,1.4317090705702642e-8,1.4316594538045355e-8,2.311152868045726e-7
12.013,1.73,3.9998,1.431100075331655e-9,1.431050380668871e-9,2.311152868045726e-7
12.013,4.71,1.0000000000000001e-7,3.6030698264093514e-8,3.602966565949836e-8,3.60308477279216e-8
12.013,4.71,1.6426491045299075e-7,3.6030698264093514e-8,3.602966565949836e-8,3.60308477279216e-8
12.013,4.71,2.698296080612907e-7,3.603069123480954e-8,3.602965862724719e-8,3.60308477279216e-8
12.013,4.71,4.432353640575351e-7,3.603062622645432e-8,3.602959362160331e-8,3.60308477279216e-8
12.013,4.71,7.280801738650976e-7,3.60305342131554e-8,3.602950160797673e-8,3.60308477279216e-8
12.013,4.71,1.1959802456254818e-6,3.6030403976850916e-8,3.602937137120954e-8,3.60308477279216e-8
12.013,4.71,1.9645758795121526e-6,3.6030219639393566e-8,3.602918703309589e-8,3.60308477279216e-8
12.013,4.71,3.227108809261693e-6,3.602995872668784e-8,3.602892611945859e-8,3.60308477279216e-8
12.013,4.71,5.301007395754297e-6,3.60295894286159e-8,3.602855682006426e-8,3.60308477279216e-8
12.013,4.71,8.707695051742211e-6,3.602906672062369e-8,3.6028034110196036e-8,3.60308477279216e-8
12.013,4.71,1.4303687479263852e-5,3.602832687397045e-8,3.602729426088734e-8,3.60308477279216e-8
12.013,4.71,2.3495939429288417e-5,3.6027279684995586e-8,3.6026247068166065e-8,3.60308477279216e-8
12.013,4.71,3.8595583863609565e-5,3.602579747520681e-8,3.602476485309435e-8,3.60308477279216e-8
12.013,4.71,6.33990012723672e-5,3.602369951924021e-8,3.60226668896639e-8,3.60308477279216e-8
12.013,4.71,0.00010414231266814445,3.602072999786903e-8,3.601969735772613e-8,3.60308477279216e-8
12.013,4.71,0.00017106927664800093,3.6016526778175745e-8,3.60154941230446e-8,3.60308477279216e-8
12.013,4.71,0.00028100679409841776,3.601057719163483e-8,3.6009544515208256e-8,3.60308477279216e-8
12.013,4.71,0.00046159555869258604,3.600215536566991e-8,3.6001122658953124e-8,3.60308477279216e-8
12.013,4.71,0.0007582395311413588,3.599023334633877e-8,3.5989200596515684e-8,3.60308477279216e-8
12.013,4.71,0.00124552148684853,3.597335489635413e-8,3.59723220851994e-8,3.60308477279216e-8
12.013,4.71,0.002045954755044497,3.594945594034582e-8,3.594842304199514e-8,3.60308477279216e-8
12.013,4.71,0.0033607857462825456,3.591560829935593e-8,3.591457527672057e-8,3.60308477279216e-8
12.013,4.71,0.005520591696647901,3.586765212799574e-8,3.5866618926920684e-8,3.60308477279216e-8
12.013,4.71,0.009068395006973916,3.579966465094184e-8,3.5798631191181365e-8,3.60308477279216e-8
12.013,4.71,0.01489619093772919,3.5703183268635574e-8,3.57021494293039e-8,3.60308477279216e-8
12.013,4.71,0.024469214704767362,3.556604972869425e-8,3.5565015324639925e-8,3.60308477279216e-8
12.013,4.71,0.04019433362333615,3.5370648229023726e-8,3.5369612973123463e-8,3.60308477279216e-8
12.013,4.71,0.06602518613354949,3.509113145582412e-8,3.509009490271429e-8,3.60308477279216e-8
12.013,4.71,0.1084562128786955,3.4688876129371075e-8,3.468783760623699e-8,3.60308477279216e-8
12.013,4.71,0.17815550096589414,3.4104699116648666e-8,3.4103657689048715e-8,3.60308477279216e-8
12.013,4.71,0.292646974128703,3.3244908206365246e-8,3.324386285004454e-8,3.60308477279216e-8
12.013,4.71,0.480716289995901,3.1955195725203805e-8,3.195414625625744e-8,3.60308477279216e-8
12.013,4.71,0.789648183294706,2.996939896617874e-8,2.996834940963261e-8,3.60308477279216e-8
12.013,4.71,1.297114881182717,2.6799914829175085e-8,2.679888420844206e-8,3.60308477279216e-8
12.013,4.71,2.1307045980472066,2.1437488146503754e-8,2.1436546444299012e-8,3.60308477279216e-8
12.013,4.71,3.5000000000000004,1.0413740650830498e-8,1.0413191915060928e-8,3.60308477279216e-8
12.013,4.71,3.8,6.495675947817179e-9,6.495321408158503e-9,3.60308477279216e-8
12.013,4.71,3.98,2.037059355092989e-9,2.0369458535829618e-9,3.60308477279216e-8
12.013,4.71,3.9998,2.0351892046481686e-10,2.0350755590344136e-10,3.60308477279216e-8
12.53,0.00113,1.0000000000000001e-7,8.487926329223234e-6,8.487926368898905e-6,8.487944701636563e-6
12.53,0.00113,1.6426491045299075e-7,8.487918697192395e-6,8.487918736870476e-6,8.487944701636563e-6
12.53,0.00113,2.698296080612907e-7,8.487907894761404e-6,8.48790793444288e-6,8.487944701636563e-6
12.53,0.00113,4.432353640575351e-7,8.487892604922867e-6,8.487892644609126e-6,8.487944701636563e-6
12.53,0.00113,7.280801738650976e-7,8.487870963574154e-6,8.487871003267553e-6,8.487944701636563e-6
12.53,0.00113,1.1959802456254818e-6,8.487840332248943e-6,8.487840371952897e-6,8.487944701636563e-6
12.53,0.00113,1.9645758795121526e-6,8.487796976437877e-6,8.487797016156888e-6,8.487944701636563e-6
12.53,0.00113,3.227108809261693e-6,8.487735610277373e-6,8.487735650017653e-6,8.487944701636563e-6
12.53,0.00113,5.301007395754297e-6,8.487648752089442e-6,8.487648791859204e-6,8.487944701636563e-6
12.53,0.00113,8.707695051742211e-6,8.48752581218617e-6,8.487525851996443e-6,8.487944701636563e-6
12.53,0.00113,1.4303687479263852e-5,8.487351801690695e-6,8.487351841556498e-6,8.487944701636563e-6
12.53,0.00113,2.3495939429288417e-5,8.487105504875124e-6,8.487105544817864e-6,8.487944701636563e-6
12.53,0.00113,3.8595583863609565e-5,8.486756892000837e-6,8.486756932053157e-6,8.487944701636563e-6
12.53,0.00113,6.33990012723672e-5,8.486263456800942e-6,8.486263497015267e-6,8.487944701636563e-6
12.53,0.00113,0.00010414231266814445,8.485565031061918e-6,8.485565071514626e-6,8.487944701636563e-6
12.53,0.00113,0.00017106927664800093,8.484576441761268e-6,8.484576482557736e-6,8.487944701636563e-6
12.53,0.00113,0.00028100679409841776,8.4831771101168e-6,8.483177151399608e-6,8.487944701636563e-6
12.53,0.00113,0.00046159555869258604,8.481196312002921e-6,8.481196353962833e-6,8.487944701636563e-6
12.53,0.00113,0.0007582395311413588,8.478392274000774e-6,8.478392316892662e-6,8.487944701636563e-6
12.53,0.00113,0.00124552148684853,8.474422490593057e-6,8.47442253476357e-6,8.487944701636563e-6
12.53,0.00113,0.002045954755044497,8.468801492623692e-6,8.468801538564577e-6,8.487944701636563e-6
12.53,0.00113,0.0033607857462825456,8.460840573221395e-6,8.460840621679027e-6,8.487944701636563e-6
12.53,0.00113,0.005520591696647901,8.449561336920461e-6,8.449561389106678e-6,8.487944701636563e-6
12.53,0.00113,0.009068395006973916,8.433570749212974e-6,8.433570806961255e-6,8.487944701636563e-6
12.53,0.00113,0.01489619093772919,8.410878425972867e-6,8.410878491892994e-6,8.487944701636563e-6
12.53,0.00113,0.024469214704767362,8.378624841122245e-6,8.37862491887812e-6,8.487944701636563e-6
12.53,0.00113,0.04019433362333615,8.33266712783112e-6,8.332667222509706e-6,8.487944701636563e-6
12.53,0.00113,0.06602518613354949,8.266927269084167e-6,8.266927387689732e-6,8.487944701636563e-6
12.53,0.00113,0.1084562128786955,8.172325101488775e-6,8.17232525367065e-6,8.487944701636563e-6
12.53,0.00113,0.17815550096589414,8.034952795989446e-6,8.034952995351358e-6,8.487944701636563e-6
12.53,0.00113,0.292646974128703,7.832808024520986e-6,7.832808291243039e-6,8.487944701636563e-6
12.53,0.00113,0.480716289995901,7.5296882206139635e-6,7.5296885852305536e-6,8.487944701636563e-6
12.53,0.00113,0.789648183294706,7.063210530813662e-6,7.063211028095022e-6,8.487944701636563e-6
12.53,0.00113,1.297114881182717,6.3191146843673985e-6,6.319115327778658e-6,8.487944701636563e-6
12.53,0.00113,2.1307045980472066,5.060239225382616e-6,5.06023995475435e-6,8.487944701636563e-6
12.53,0.00113,3.5000000000000004,2.4647507294564737e-6,2.4647512198531298e-6,8.487944701636563e-6
12.53,0.00113,3.8,1.5385400914904893e-6,1.5385404120132485e-6,8.487944701636563e-6
12.53,0.00113,3.98,4.827134559060466e-7,4.827135588418095e-7,8.487944701636563e-6
12.53,0.00113,3.9998,4.822953977516629e-8,4.8229550143888145e-8,8.487944701636563e-6
12.53,0.0037,1.0000000000000001e-7,8.390954661566212e-6,8.390954673772204e-6,8.390972828751696e-6
12.53,0.0037,1.6426491045299075e-7,8.390947114788468e-6,8.39094712699459e-6,8.390972828751696e-6
12.53,0.0037,2.698296080612907e-7,8.39093643302532e-6,8.390936445231716e-6,8.390972828751696e-6
12.53,0.0037,4.432353640575351e-7,8.390921313980913e-6,8.390921326187694e-6,8.390972828751696e-6
12.53,0.0037,7.280801738650976e-7,8.390899914375451e-6,8.390899926582689e-6,8.390972828751696e-6
12.53,0.0037,1.1959802456254818e-6,8.390869625215421e-6,8.390869637422918e-6,8.390972828751696e-6
12.53,0.0037,1.9645758795121526e-6,8.390826753707523e-6,8.390826765914988e-6,8.390972828751696e-6
12.53,0.0037,3.227108809261693e-6,8.390766073033505e-6,8.39076608524046e-6,8.390972828751696e-6
12.53,0.0037,5.301007395754297e-6,8.390680185088847e-6,8.390680197295137e-6,8.390972828751696e-6
12.53,0.0037,8.707695051742211e-6,8.39055861847671e-6,8.390558630683464e-6,8.390972828751696e-6
12.53,0.0037,1.4303687479263852e-5,8.390386551751773e-6,8.390386563961596e-6,8.390972828751696e-6
12.53,0.0037,2.3495939429288417e-5,8.390143006173317e-6,8.39014301838934e-6,8.390972828751696e-6
12.53,0.0037,3.8595583863609565e-5,8.389798287444e-6,8.389798299669057e-6,8.390972828751696e-6
12.53,0.0037,6.33990012723672e-5,8.389310364101268e-6,8.389310376336529e-6,8.390972828751696e-6
12.53,0.0037,0.00010414231266814445,8.388619740015677e-6,8.388619752259027e-6,8.390972828751696e-6
12.53,0.0037,0.00017106927664800093,8.387642193536118e-6,8.38764220578037e-6,8.390972828751696e-6
12.53,0.0037,0.00028100679409841776,8.386258492686997e-6,8.386258504920765e-6,8.390972828751696e-6
12.53,0.0037,0.00046159555869258604,8.384299820151893e-6,8.384299832367887e-6,8.390972828751696e-6
12.53,0.0037,0.0007582395311413588,8.38152710264764e-6,8.38152711486818e-6,8.390972828751696e-6
12.53,0.0037,0.00124552148684853,8.377601659276965e-6,8.377601671562375e-6,8.390972828751696e-6
12.53,0.0037,0.002045954755044497,8.372043440806367e-6,8.372043453233413e-6,8.390972828751696e-6
12.53,0.0037,0.0033607857462825456,8.364171426808165e-6,8.364171439454341e-6,8.390972828751696e-6
12.53,0.0037,0.005520591696647901,8.353018135893084e-6,8.353018148808063e-6,8.390972828751696e-6
12.53,0.0037,0.009068395006973916,8.337206060975837e-6,8.33720607413676e-6,8.390972828751696e-6
12.53,0.0037,0.01489619093772919,8.314766977976383e-6,8.314766991235003e-6,8.390972828751696e-6
12.53,0.0037,0.024469214704767362,8.282873143576377e-6,8.282873156639127e-6,8.390972828751696e-6
12.53,0.0037,0.04019433362333615,8.23742762833025e-6,8.237427640914299e-6,8.390972828751696e-6
12.53,0.0037,0.06602518613354949,8.172419599682845e-6,8.17241961223169e-6,8.390972828751696e-6
12.53,0.0037,0.1084562128786955,8.078868891703683e-6,8.078868906118102e-6,8.390972828751696e-6
12.53,0.0037,0.17815550096589414,7.943020284261318e-6,7.943020303365948e-6,8.390972828751696e-6
12.53,0.0037,0.292646974128703,7.743112381487737e-6,7.743112408040165e-6,8.390972828751696e-6
12.53,0.0037,0.480716289995901,7.443339834269494e-6,7.443339868692715e-6,8.390972828751696e-6
12.53,0.0037,0.789648183294706,6.982010668629173e-6,6.982010706741683e-6,8.390972828751696e-6
12.53,0.0037,1.297114881182717,6.2461556072888315e-6,6.24615564164915e-6,8.390972828751696e-6
12.53,0.0037,2.1307045980472066,5.001379157211894e-6,5.001379181833656e-6,8.390972828751696e-6
12.53,0.0037,3.5000000000000004,2.435719218917152e-6,2.435719229211417e-6,8.390972828751696e-6
12.53,0.0037,3.8,1.5203681396334752e-6,1.5203681500877373e-6,8.390972828751696e-6
12.53,0.0037,3.98,4.77002632728245e-7,4.770026352050327e-7,8.390972828751696e-6
12.53,0.0037,3.9998,4.765884856899238e-8,4.765884877012092e-8,8.390972828751696e-6
12.53,0.0127,1.0000000000000001e-7,8.062647743459617e-6,8.06264775518341e-6,8.062665215527773e-6
12.53,0.0127,1.6426491045299075e-7,8.062640485438539e-6,8.062640497162464e-6,8.062665215527773e-6
12.53,0.0127,2.698296080612907e-7,8.062630212383644e-6,8.062630224107845e-6,8.062665215527773e-6
12.53,0.0127,4.432353640575351e-7,8.06261567182782e-6,8.06261568355235e-6,8.062665215527773e-6
12.53,0.0127,7.280801738650976e-7,8.062595091019288e-6,8.062595102744203e-6,8.062665215527773e-6
12.53,0.0127,1.1959802456254818e-6,8.062565960790455e-6,8.062565972515658e-6,8.062665215527773e-6
12.53,0.0127,1.9645758795121526e-6,8.062524729642494e-6,8.06252474136767e-6,8.062665215527773e-6
12.53,0.0127,3.227108809261693e-6,8.062466370746777e-6,8.062466382471412e-6,8.062665215527773e-6
12.53,0.0127,5.301007395754297e-6,8.062383769066395e-6,8.062383780790344e-6,8.062665215527773e-6
12.53,0.0127,8.707695051742211e-6,8.062266853862612e-6,8.06226686558712e-6,8.062665215527773e-6
12.53,0.0127,1.4303687479263852e-5,8.062101370789411e-6,8.062101382516973e-6,8.062665215527773e-6
12.53,0.0127,2.3495939429288417e-5,8.061867143794052e-6,8.06186715552762e-6,8.062665215527773e-6
12.53,0.0127,3.8595583863609565e-5,8.061535614736418e-6,8.061535626478532e-6,8.062665215527773e-6
12.53,0.0127,6.33990012723672e-5,8.061066360341458e-6,8.061066372093102e-6,8.062665215527773e-6
12.53,0.0127,0.00010414231266814445,8.060402160864656e-6,8.060402172623523e-6,8.062665215527773e-6
12.53,0.0127,0.00017106927664800093,8.059462017002103e-6,8.059462028761084e-6,8.062665215527773e-6
12.53,0.0127,0.00028100679409841776,8.05813125848897e-6,8.0581312702372e-6,8.062665215527773e-6
12.53,0.0127,0.00046159555869258604,8.056247526486206e-6,8.056247538217584e-6,8.062665215527773e-6
12.53,0.0127,0.0007582395311413588,8.053580893246449e-6,8.053580904984465e-6,8.062665215527773e-6
12.53,0.0127,0.00124552148684853,8.04980563214118e-6,8.049805643943846e-6,8.062665215527773e-6
12.53,0.0127,0.002045954755044497,8.044460051682486e-6,8.044460063622221e-6,8.062665215527773e-6
12.53,0.0127,0.0033607857462825456,8.03688916624694e-6,8.036889178395468e-6,8.062665215527773e-6
12.53,0.0127,0.005520591696647901,8.026162461932271e-6,8.026162474332659e-6,8.062665215527773e-6
12.53,0.0127,0.009068395006973916,8.010955025939366e-6,8.010955038563156e-6,8.062665215527773e-6
12.53,0.0127,0.01489619093772919,7.989373696041711e-6,7.989373708739277e-6,8.062665215527773e-6
12.53,0.0127,0.024469214704767362,7.958698388849985e-6,7.958698401336945e-6,8.062665215527773e-6
12.53,0.0127,0.04019433362333615,7.914987788795518e-6,7.914987800818038e-6,8.062665215527773e-6
12.53,0.0127,0.06602518613354949,7.85245866576565e-6,7.852458677814521e-6,8.062665215527773e-6
12.53,0.0127,0.1084562128786955,7.76246964216986e-6,7.762469656095015e-6,8.062665215527773e-6
12.53,0.0127,0.17815550096589414,7.631782569897451e-6,7.63178258839093e-6,8.062665215527773e-6
12.53,0.0127,0.292646974128703,7.439452420979824e-6,7.4394524466157745e-6,8.062665215527773e-6
12.53,0.0127,0.480716289995901,7.151019728732353e-6,7.151019761787345e-6,8.062665215527773e-6
12.53,0.0127,0.789648183294706,6.707133021984138e-6,6.7071330583222655e-6,8.062665215527773e-6
12.53,0.0127,1.297114881182717,5.9991949217554075e-6,5.99919495423248e-6,8.062665215527773e-6
12.53,0.0127,2.1307045980472066,4.8021711193853436e-6,4.8021711424260195e-6,8.062665215527773e-6
12.53,0.0127,3.5000000000000004,2.3374883529725054e-6,2.3374883625774283e-6,8.062665215527773e-6
12.53,0.0127,3.8,1.4588850254534956e-6,1.458885035270031e-6,8.062665215527773e-6
12.53,0.0127,3.98,4.5768123627860527e-7,4.57681238698579e-7,8.062665215527773e-6
12.53,0.0127,3.9998,4.57280392594186e-8,4.572803945437173e-8,8.062665215527773e-6
12.53,0.047,1.0000000000000001e-7,6.956341750013191e-6,6.956341761531188e-6,6.956356876054381e-6
12.53,0.047,1.6426491045299075e-7,6.956335466548352e-6,6.956335478066304e-6,6.956356876054381e-6
12.53,0.047,2.698296080612907e-7,6.956326572887304e-6,6.956326584405293e-6,6.956356876054381e-6
12.53,0.047,4.432353640575351e-7,6.956313984735438e-6,6.956313996253601e-6,6.956356876054381e-6
12.53,0.047,7.280801738650976e-7,6.956296167373603e-6,6.956296178892243e-6,6.956356876054381e-6
12.53,0.047,1.1959802456254818e-6,6.95627094854756e-6,6.9562709600668244e-6,6.956356876054381e-6
12.53,0.047,1.9645758795121526e-6,6.956235253628577e-6,6.9562352651486305e-6,6.956356876054381e-6
12.53,0.047,3.227108809261693e-6,6.956184730754714e-6,6.956184742275425e-6,6.956356876054381e-6
12.53,0.047,5.301007395754297e-6,6.956113220244884e-6,6.956113231765729e-6,6.956356876054381e-6
12.53,0.047,8.707695051742211e-6,6.956012003585091e-6,6.95601201510521e-6,6.956356876054381e-6
12.53,0.047,1.4303687479263852e-5,6.9558687403949014e-6,6.9558687519136585e-6,6.956356876054381e-6
12.53,0.047,2.3495939429288417e-5,6.955665963701768e-6,6.955665975220418e-6,6.956356876054381e-6
12.53,0.047,3.8595583863609565e-5,6.955378949908995e-6,6.955378961431794e-6,6.956356876054381e-6
12.53,0.047,6.33990012723672e-5,6.9549727033952045e-6,6.954972714927706e-6,6.956356876054381e-6
12.53,0.047,0.00010414231266814445,6.954397687250743e-6,6.9543976987984494e-6,6.956356876054381e-6
12.53,0.047,0.00017106927664800093,6.953583777658353e-6,6.953583789224596e-6,6.956356876054381e-6
12.53,0.047,0.00028100679409841776,6.952431700251415e-6,6.952431711834283e-6,6.956356876054381e-6
12.53,0.047,0.00046159555869258604,6.950800893802559e-6,6.950800905391495e-6,6.956356876054381e-6
12.53,0.047,0.0007582395311413588,6.9484922972715325e-6,6.948492308846912e-6,6.956356876054381e-6
12.53,0.047,0.00124552148684853,6.945223905811244e-6,6.945223917354263e-6,6.956356876054381e-6
12.53,0.047,0.002045954755044497,6.940595987778497e-6,6.94059599930889e-6,6.956356876054381e-6
12.53,0.047,0.0033607857462825456,6.934041430414857e-6,6.934041442030903e-6,6.956356876054381e-6
12.53,0.047,0.005520591696647901,6.924754497008066e-6,6.924754508850965e-6,6.956356876054381e-6
12.53,0.047,0.009068395006973916,6.911587806739903e-6,6.911587818970117e-6,6.956356876054381e-6
12.53,0.047,0.01489619093772919,6.892901588659974e-6,6.892901601414521e-6,6.956356876054381e-6
12.53,0.047,0.024469214704767362,6.866339236346481e-6,6.866339249658734e-6,6.956356876054381e-6
12.53,0.047,0.04019433362333615,6.828484897456121e-6,6.828484911133064e-6,6.956356876054381e-6
12.53,0.047,0.06602518613354949,6.774324057236164e-6,6.7743240707458e-6,6.956356876054381e-6
12.53,0.047,0.1084562128786955,6.6963598785835535e-6,6.696359891208336e-6,6.956356876054381e-6
12.53,0.047,0.17815550096589414,6.58310151777762e-6,6.583101529775141e-6,6.956356876054381e-6
12.53,0.047,0.292646974128703,6.416363099645139e-6,6.416363114196953e-6,6.956356876054381e-6
12.53,0.047,0.480716289995901,6.166233491218976e-6,6.166233512677268e-6,6.956356876054381e-6
12.53,0.047,0.789648183294706,5.781266041958254e-6,5.781266072495766e-6,6.956356876054381e-6
12.53,0.047,1.297114881182717,5.1676091310603906e-6,5.16760916766264e-6,6.956356876054381e-6
12.53,0.047,2.1307045980472066,4.131733092633767e-6,4.131733127553585e-6,6.956356876054381e-6
12.53,0.047,3.5000000000000004,2.007189605092018e-6,2.007189623352033e-6,6.956356876054381e-6
12.53,0.047,3.8,1.2521913908221892e-6,1.2521914042219887e-6,6.956356876054381e-6
12.53,0.047,3.98,3.9273455439866e-7,3.9273455651587817e-7,6.956356876054381e-6
12.53,0.047,3.9998,3.923792971630117e-8,3.9237929979152787e-8,6.956356876054381e-6
12.53,0.173,1.0000000000000001e-7,4.275088786553093e-6,4.275088791413122e-6,4.2750981965789315e-6
12.53,0.173,1.6426491045299075e-7,4.27508487756157e-6,4.2750848824216225e-6,4.2750981965789315e-6
12.53,0.173,2.698296080612907e-7,4.2750793447470005e-6,4.275079349607036e-6,4.2750981965789315e-6
12.53,0.173,4.432353640575351e-7,4.27507151356137e-6,4.275071518421355e-6,4.2750981965789315e-6
12.53,0.173,7.280801738650976e-7,4.275060429244052e-6,4.27506043410395e-6,4.2750981965789315e-6
12.53,0.173,1.1959802456254818e-6,4.2750447404187975e-6,4.275044745278766e-6,4.2750981965789315e-6
12.53,0.173,1.9645758795121526e-6,4.275022534334949e-6,4.275022539195312e-6,4.2750981965789315e-6
12.53,0.173,3.227108809261693e-6,4.274991103664454e-6,4.274991108525607e-6,4.2750981965789315e-6
12.53,0.173,5.301007395754297e-6,4.274946616419209e-6,4.274946621281533e-6,4.2750981965789315e-6
12.53,0.173,8.707695051742211e-6,4.274883648737105e-6,4.274883653600811e-6,4.2750981965789315e-6
12.53,0.173,1.4303687479263852e-5,4.2747945235548225e-6,4.274794528419624e-6,4.2750981965789315e-6
12.53,0.173,2.3495939429288417e-5,4.2746683744928755e-6,4.274668379357858e-6,4.2750981965789315e-6
12.53,0.173,3.8595583863609565e-5,4.274489820714984e-6,4.274489825578688e-6,4.2750981965789315e-6
12.53,0.173,6.33990012723672e-5,4.274237090952082e-6,4.274237095813549e-6,4.2750981965789315e-6
12.53,0.173,0.00010414231266814445,4.27387936739481e-6,4.273879372256791e-6,4.2750981965789315e-6
12.53,0.173,0.00017106927664800093,4.273373024287041e-6,4.273373029157212e-6,4.2750981965789315e-6
12.53,0.173,0.00028100679409841776,4.272656299549176e-6,4.272656304437251e-6,4.2750981965789315e-6
12.53,0.173,0.00046159555869258604,4.271641742703869e-6,4.271641747619392e-6,4.2750981965789315e-6
12.53,0.173,0.0007582395311413588,4.270205502066449e-6,4.2702055070150695e-6,4.2750981965789315e-6
12.53,0.173,0.00124552148684853,4.2681721077768205e-6,4.268172112754692e-6,4.2750981965789315e-6
12.53,0.173,0.002045954755044497,4.265292810169879e-6,4.265292815158059e-6,4.2750981965789315e-6
12.53,0.173,0.0033607857462825456,4.261214638397137e-6,4.261214643361132e-6,4.2750981965789315e-6
12.53,0.173,0.005520591696647901,4.255435966732147e-6,4.255435971641404e-6,4.2750981965789315e-6
12.53,0.173,0.009068395006973916,4.247242177628981e-6,4.2472421825311046e-6,4.2750981965789315e-6
12.53,0.173,0.01489619093772919,4.235611347789395e-6,4.235611352879801e-6,4.2750981965789315e-6
12.53,0.173,0.024469214704767362,4.2190734892954526e-6,4.21907349486669e-6,4.2750981965789315e-6
12.53,0.173,0.04019433362333615,4.195495204952116e-6,4.195495211365814e-6,4.2750981965789315e-6
12.53,0.173,0.06602518613354949,4.161739497139146e-6,4.161739504736062e-6,4.2750981965789315e-6
12.53,0.173,0.1084562128786955,4.113107431273011e-6,4.1131074401511e-6,4.2750981965789315e-6
12.53,0.173,0.17815550096589414,4.042383342828286e-6,4.042383352480947e-6,4.2750981965789315e-6
12.53,0.173,0.292646974128703,3.938135983735179e-6,3.938135992839291e-6,4.2750981965789315e-6
12.53,0.173,0.480716289995901,3.7815849491142587e-6,3.7815849563425905e-6,4.2750981965789315e-6
12.53,0.173,0.789648183294706,3.540588845584701e-6,3.5405888522464936e-6,4.2750981965789315e-6
12.53,0.173,1.297114881182717,3.1571444079730774e-6,3.157144418468234e-6,4.2750981965789315e-6
12.53,0.173,2.1307045980472066,2.5137442939969584e-6,2.5137443094853082e-6,4.2750981965789315e-6
12.53,0.173,3.5000000000000004,1.212514603236998e-6,1.2125146151300342e-6,4.2750981965789315e-6
12.53,0.173,3.8,7.552424053896756e-7,7.552424108884433e-7,4.2750981965789315e-6
12.53,0.173,3.98,2.366491240302954e-7,2.366491266907617e-7,4.2750981965789315e-6
12.53,0.173,3.9998,2.3641051548607116e-8,2.3641051820592952e-8,4.2750981965789315e-6
12.53,0.61,1.0000000000000001e-7,1.272252195079876e-6,1.2722521962867665e-6,1.2722551079479112e-6
12.53,0.61,1.6426491045299075e-7,1.2722509850538e-6,1.2722509862607044e-6,1.2722551079479112e-6
12.53,0.61,2.698296080612907e-7,1.272249272374207e-6,1.272249273581143e-6,1.2722551079479112e-6
12.53,0.61,4.432353640575351e-7,1.2722468482351005e-6,1.2722468494420507e-6,1.2722551079479112e-6
12.53,0.61,7.280801738650976e-7,1.2722434170907667e-6,1.272243418297702e-6,1.2722551079479112e-6
12.53,0.61,1.1959802456254818e-6,1.2722385606231939e-6,1.272238561830085e-6,1.2722551079479112e-6
12.53,0.61,1.9645758795121526e-6,1.2722316867408864e-6,1.272231687947763e-6,1.2722551079479112e-6
12.53,0.61,3.227108809261693e-6,1.2722219573905248e-6,1.2722219585975243e-6,1.2722551079479112e-6
12.53,0.61,5.301007395754297e-6,1.2722081863789565e-6,1.272208187586277e-6,1.2722551079479112e-6
12.53,0.61,8.707695051742211e-6,1.2721886947447911e-6,1.2721886959526544e-6,1.2722551079479112e-6
12.53,0.61,1.4303687479263852e-5,1.2721611060389839e-6,1.2721611072475533e-6,1.2722551079479112e-6
12.53,0.61,2.3495939429288417e-5,1.2721220565371786e-6,1.2721220577464447e-6,1.2722551079479112e-6
12.53,0.61,3.8595583863609565e-5,1.2720667850114237e-6,1.2720667862211096e-6,1.2722551079479112e-6
12.53,0.61,6.33990012723672e-5,1.271988551949752e-6,1.2719885531592218e-6,1.2722551079479112e-6
12.53,0.61,0.00010414231266814445,1.271877817191719e-6,1.2718778184002695e-6,1.2722551079479112e-6
12.53,0.61,0.00017106927664800093,1.2717210752024713e-6,1.2717210764103623e-6,1.2722551079479112e-6
12.53,0.61,0.00028100679409841776,1.2714992047976504e-6,1.2714992060079059e-6,1.2722551079479112e-6
12.53,0.61,0.00046159555869258604,1.27118512940049e-6,1.2711851306178695e-6,1.2722551079479112e-6
12.53,0.61,0.0007582395311413588,1.2707404963532673e-6,1.2707404975831227e-6,1.2722551079479112e-6
12.53,0.61,0.00124552148684853,1.2701109562488511e-6,1.2701109574956659e-6,1.2722551079479112e-6
12.53,0.61,0.002045954755044497,1.269219434532498e-6,1.2692194357974798e-6,1.2722551079479112e-6
12.53,0.61,0.0033607857462825456,1.2679565022068371e-6,1.267956503484781e-6,1.2722551079479112e-6
12.53,0.61,0.005520591696647901,1.2661665077802524e-6,1.266166509057147e-6,1.2722551079479112e-6
12.53,0.61,0.009068395006973916,1.2636274135037113e-6,1.2636274147600723e-6,1.2722551079479112e-6
12.53,0.61,0.01489619093772919,1.2600210659707225e-6,1.2600210672043978e-6,1.2722551079479112e-6
12.53,0.61,0.024469214704767362,1.2548884961505777e-6,1.2548884974353789e-6,1.2722551079479112e-6
12.53,0.61,0.04019433362333615,1.2475609442501419e-6,1.2475609457391582e-6,1.2722551079479112e-6
12.53,0.61,0.06602518613354949,1.2370499927716678e-6,1.237049994684999e-6,1.2722551079479112e-6
12.53,0.61,0.1084562128786955,1.2218663175034787e-6,1.2218663200956248e-6,1.2722551079479112e-6
12.53,0.61,0.17815550096589414,1.1997103500503137e-6,1.1997103534872658e-6,1.2722551079479112e-6
12.53,0.61,0.292646974128703,1.1669295159339205e-6,1.1669295200554937e-6,1.2722551079479112e-6
12.53,0.61,0.480716289995901,1.1175482201644763e-6,1.1175482242929016e-6,1.2722551079479112e-6
12.53,0.61,0.789648183294706,1.0415071813267796e-6,1.0415071845876767e-6,1.2722551079479112e-6
12.53,0.61,1.297114881182717,9.212869742786741e-7,9.212869766808723e-7,1.2722551079479112e-6
12.53,0.61,2.1307045980472066,7.234379311651625e-7,7.234379341457496e-7,1.2722551079479112e-6
12.53,0.61,3.5000000000000004,3.4085899596380137e-7,3.408589987392021e-7,1.2722551079479112e-6
12.53,0.61,3.8,2.1121735893423674e-7,2.1121736006804426e-7,1.2722551079479112e-6
12.53,0.61,3.98,6.597848835593188e-8,6.597848923499453e-8,1.2722551079479112e-6
12.53,0.61,3.9998,6.588951080762159e-9,6.5889511611524755e-9,1.2722551079479112e-6
12.53,1.73,1.0000000000000001e-7,2.4847644176350763e-7,2.48476441644863e-7,2.4847710451493165e-7
12.53,1.73,1.6426491045299075e-7,2.4847622633586607e-7,2.484762262173289e-7,2.4847710451493165e-7
12.53,1.73,2.698296080612907e-7,2.4847586153400137e-7,2.4847586141537985e-7,2.4847710451493165e-7
12.53,1.73,4.432353640575351e-7,2.484753451907681e-7,2.484753450721535e-7,2.4847710451493165e-7
12.53,1.73,7.280801738650976e-7,2.4847461435468473e-7,2.4847461423607333e-7,2.4847710451493165e-7
12.53,1.73,1.1959802456254818e-6,2.4847357992361564e-7,2.4847357980499874e-7,2.4847710451493165e-7
12.53,1.73,1.9645758795121526e-6,2.484721157813846e-7,2.4847211566276114e-7,2.4847710451493165e-7
12.53,1.73,3.227108809261693e-6,2.4847004342137755e-7,2.4847004330276933e-7,2.4847710451493165e-7
12.53,1.73,5.301007395754297e-6,2.484671101820165e-7,2.4846711006347104e-7,2.4847710451493165e-7
12.53,1.73,8.707695051742211e-6,2.484629584395604e-7,2.4846295832113616e-7,2.4847710451493165e-7
12.53,1.73,1.4303687479263852e-5,2.484570819998293e-7,2.484570818815796e-7,2.4847710451493165e-7
12.53,1.73,2.3495939429288417e-5,2.484487643665458e-7,2.484487642485016e-7,2.4847710451493165e-7
12.53,1.73,3.8595583863609565e-5,2.4843699134700474e-7,2.484369912291442e-7,2.4847710451493165e-7
12.53,1.73,6.33990012723672e-5,2.484203273099645e-7,2.484203271921825e-7,2.4847710451493165e-7
12.53,1.73,0.00010414231266814445,2.483967399400113e-7,2.483967398221412e-7,2.4847710451493165e-7
12.53,1.73,0.00017106927664800093,2.4836335196365225e-7,2.4836335184560015e-7,2.4847710451493165e-7
12.53,1.73,0.00028100679409841776,2.483160892138159e-7,2.4831608909600334e-7,2.4847710451493165e-7
12.53,1.73,0.00046159555869258604,2.482491812941956e-7,2.4824918117771806e-7,2.4847710451493165e-7
12.53,1.73,0.0007582395311413588,2.481544520748803e-7,2.4815445196113724e-7,2.4847710451493165e-7
12.53,1.73,0.00124552148684853,2.480203092363519e-7,2.480203091267951e-7,2.4847710451493165e-7
12.53,1.73,0.002045954755044497,2.4783030002175715e-7,2.4783029991742386e-7,2.4847710451493165e-7
12.53,1.73,0.0033607857462825456,2.4756103551566055e-7,2.475610354164582e-7,2.4847710451493165e-7
12.53,1.73,0.005520591696647901,2.4717918238550276e-7,2.4717918228940216e-7,2.4847710451493165e-7
12.53,1.73,0.009068395006973916,2.466370497250797e-7,2.4663704962786426e-7,2.4847710451493165e-7
12.53,1.73,0.01489619093772919,2.458660035129585e-7,2.4586600341079173e-7,2.4847710451493165e-7
12.53,1.73,0.024469214704767362,2.447664153603042e-7,2.4476641526165664e-7,2.4847710451493165e-7
12.53,1.73,0.04019433362333615,2.431918946000207e-7,2.431918945403581e-7,2.4847710451493165e-7
12.53,1.73,0.06602518613354949,2.409238011200454e-7,2.409238011605196e-7,2.4847710451493165e-7
12.53,1.73,0.1084562128786955,2.3762889374390848e-7,2.376288939708084e-7,2.4847710451493165e-7
12.53,1.73,0.17815550096589414,2.3278762639043584e-7,2.3278762689249291e-7,2.4847710451493165e-7
12.53,1.73,0.292646974128703,2.2557249736913651e-7,2.2557249817197454e-7,2.4847710451493165e-7
12.53,1.73,0.480716289995901,2.146462704523881e-7,2.1464627142913403e-7,2.4847710451493165e-7
12.53,1.73,0.789648183294706,1.978443273211539e-7,1.978443281996263e-7,2.4847710451493165e-7
12.53,1.73,1.297114881182717,1.7169848103841017e-7,1.7169848165285382e-7,2.4847710451493165e-7
12.53,1.73,2.1307045980472066,1.3049158516715515e-7,1.3049158576426383e-7,2.4847710451493165e-7
12.53,1.73,3.5000000000000004,5.8214753361572636e-8,5.821475392397108e-8,2.4847710451493165e-7
12.53,1.73,3.8,3.564593991838453e-8,3.564594019507097e-8,2.4847710451493165e-7
12.53,1.73,3.98,1.105569652509746e-8,1.1055696698988921e-8,2.4847710451493165e-7
12.53,1.73,3.9998,1.1032143659453854e-9,1.103214381638526e-9,2.4847710451493165e-7
12.53,4.71,1.0000000000000001e-7,3.4358893382428916e-8,3.43589784891232e-8,3.4359041968768476e-8
12.53,4.71,1.6426491045299075e-7,3.4358893382428916e-8,3.43589784891232e-8,3.4359041968768476e-8
12.53,4.71,2.698296080612907e-7,3.435883658251077e-8,3.435892168915224e-8,3.4359041968768476e-8
12.53,4.71,4.432353640575351e-7,3.435875126355982e-8,3.4358836370134867e-8,3.4359041968768476e-8
12.53,4.71,7.280801738650976e-7,3.435863050245089e-8,3.4358715608920923e-8,3.4359041968768476e-8
12.53,4.71,1.1959802456254818e-6,3.435845957617868e-8,3.435854468249952e-8,3.4359041968768476e-8
12.53,4.71,1.9645758795121526e-6,3.435821764558867e-8,3.43583027516993e-8,3.4359041968768476e-8
12.53,4.71,3.227108809261693e-6,3.435787521454267e-8,3.435796032036123e-8,3.4359041968768476e-8
12.53,4.71,5.301007395754297e-6,3.4357390533416054e-8,3.4357475638826734e-8,3.4359041968768476e-8
12.53,4.71,8.707695051742211e-6,3.43567045081479e-8,3.4356789612984e-8,3.4359041968768476e-8
12.53,4.71,1.4303687479263852e-5,3.435573349347379e-8,3.435581859749499e-8,3.4359041968768476e-8
12.53,4.71,2.3495939429288417e-5,3.4354359090107533e-8,3.435444419296532e-8,3.4359041968768476e-8
12.53,4.71,3.8595583863609565e-5,3.435241369828572e-8,3.435249879947768e-8,3.4359041968768476e-8
12.53,4.71,6.33990012723672e-5,3.4349660057941286e-8,3.4349745156748954e-8,3.4359041968768476e-8
12.53,4.71,0.00010414231266814445,3.4345762261716146e-8,3.434584735713025e-8,3.4359041968768476e-8
12.53,4.71,0.00017106927664800093,3.4340244662512564e-8,3.4340329753152247e-8,3.4359041968768476e-8
12.53,4.71,0.00028100679409841776,3.433243356483081e-8,3.433251864884804e-8,3.4359041968768476e-8
12.53,4.71,0.00046159555869258604,3.432137436216657e-8,3.4321459436989754e-8,3.4359041968768476e-8
12.53,4.71,0.0007582395311413588,3.430571350108021e-8,3.4305798563076975e-8,3.4359041968768476e-8
12.53,4.71,0.00124552148684853,3.4283529720157665e-8,3.4283614764195925e-8,3.4359041968768476e-8
12.53,4.71,0.002045954755044497,3.4252091399337674e-8,3.425217641822287e-8,3.4359041968768476e-8
12.53,4.71,0.0033607857462825456,3.4207504711565696e-8,3.4207589695399983e-8,3.4359041968768476e-8
12.53,4.71,0.005520591696647901,3.4144197166592817e-8,3.4144282102249015e-8,3.4359041968768476e-8
12.53,4.71,0.009068395006973916,3.4054146624501135e-8,3.405423149577029e-8,3.4359041968768476e-8
12.53,4.71,0.01489619093772919,3.392570482901062e-8,3.392578961889846e-8,3.4359041968768476e-8
12.53,4.71,0.024469214704767362,3.374175488417959e-8,3.3741839582233564e-8,3.4359041968768476e-8
12.53,4.71,0.04019433362333615,3.347674621774293e-8,3.347683083246948e-8,3.4359041968768476e-8
12.53,4.71,0.06602518613354949,3.3091813290862795e-8,3.309189787371198e-8,3.4359041968768476e-8
12.53,4.71,0.1084562128786955,3.252665522520743e-8,3.252673991208895e-8,3.4359041968768476e-8
12.53,4.71,0.17815550096589414,3.168619844939577e-8,3.16862835154716e-8,3.4359041968768476e-8
12.53,4.71,0.292646974128703,3.041983517553105e-8,3.0419921069590707e-8,3.4359041968768476e-8
12.53,4.71,0.480716289995901,2.8493210027049534e-8,2.849329726593892e-8,3.4359041968768476e-8
12.53,4.71,0.789648183294706,2.556209057561904e-8,2.5562179165882636e-8,3.4359041968768476e-8
12.53,4.71,1.297114881182717,2.11812442712931e-8,2.1181331885981378e-8,3.4359041968768476e-8
12.53,4.71,2.1307045980472066,1.4892217423520383e-8,1.4892294921489247e-8,3.4359041968768476e-8
12.53,4.71,3.5000000000000004,5.8522870235668154e-9,5.852326529483334e-9,3.4359041968768476e-8
12.53,4.71,3.8,3.487484923203993e-9,3.4875094969063192e-9,3.4359041968768476e-8
12.53,4.71,3.98,1.0643336192097172e-9,1.0643412908010283e-9,3.4359041968768476e-8
12.53,4.71,3.9998,1.0601894270857485e-10,1.0601970899537e-10,3.4359041968768476e-8
13.07,0.00113,1.0000000000000001e-7,8.10171552569979e-6,8.101715484730757e-6,8.10173993162158e-6
13.07,0.00113,1.6426491045299075e-7,8.101705387305091e-6,8.101705346339449e-6,8.10173993162158e-6
13.07,0.00113,2.698296080612907e-7,8.101691037346622e-6,8.101690996386013e-6,8.10173993162158e-6
13.07,0.00113,4.432353640575351e-7,8.101670726307136e-6,8.101670685353846e-6,8.10173993162158e-6
13.07,0.00113,7.280801738650976e-7,8.101641977902434e-6,8.101641936959558e-6,8.10173993162158e-6
13.07,0.00113,1.1959802456254818e-6,8.101601287170557e-6,8.101601246242219e-6,8.10173993162158e-6
13.07,0.00113,1.9645758795121526e-6,8.101543693136076e-6,8.10154365222782e-6,8.10173993162158e-6
13.07,0.00113,3.227108809261693e-6,8.101462173935749e-6,8.101462133055155e-6,8.10173993162158e-6
13.07,0.00113,5.301007395754297e-6,8.101346790627613e-6,8.101346749784953e-6,8.10173993162158e-6
13.07,0.00113,8.707695051742211e-6,8.101183475222707e-6,8.10118343443331e-6,8.10173993162158e-6
13.07,0.00113,1.4303687479263852e-5,8.100952315003916e-6,8.100952274291679e-6,8.10173993162158e-6
13.07,0.00113,2.3495939429288417e-5,8.100625123556056e-6,8.100625082958041e-6,8.10173993162158e-6
13.07,0.00113,3.8595583863609565e-5,8.100162001444232e-6,8.100161961012476e-6,8.10173993162158e-6
13.07,0.00113,6.33990012723672e-5,8.099506465094931e-6,8.099506424900748e-6,8.10173993162158e-6
13.07,0.00113,0.00010414231266814445,8.098578545123612e-6,8.098578505262961e-6,8.10173993162158e-6
13.07,0.00113,0.00017106927664800093,8.097265001528251e-6,8.09726496212947e-6,8.10173993162158e-6
13.07,0.00113,0.00028100679409841776,8.09540543744362e-6,8.095405398679637e-6,8.10173993162158e-6
13.07,0.00113,0.00046159555869258604,8.092772560981605e-6,8.092772523091927e-6,8.10173993162158e-6
13.07,0.00113,0.0007582395311413588,8.089044059029359e-6,8.089044022363235e-6,8.10173993162158e-6
13.07,0.00113,0.00124552148684853,8.083762363102982e-6,8.083762328209146e-6,8.10173993162158e-6
13.07,0.00113,0.002045954755044497,8.076276754730017e-6,8.076276722484101e-6,8.10173993162158e-6
13.07,0.00113,0.0033607857462825456,8.06565932479439e-6,8.065659296473504e-6,8.10173993162158e-6
13.07,0.00113,0.005520591696647901,8.050581431441558e-6,8.05058140887119e-6,8.10173993162158e-6
13.07,0.00113,0.009068395006973916,8.029128925527506e-6,8.029128911309716e-6,8.10173993162158e-6
13.07,0.00113,0.01489619093772919,7.998519609433489e-6,7.998519607286677e-6,8.10173993162158e-6
13.07,0.00113,0.024469214704767362,7.954659909518837e-6,7.954659924806269e-6,8.10173993162158e-6
13.07,0.00113,0.04019433362333615,7.891430854663724e-6,7.891430895312459e-6,8.10173993162158e-6
13.07,0.00113,0.06602518613354949,7.799514168884377e-6,7.799514247316714e-6,8.10173993162158e-6
13.07,0.00113,0.1084562128786955,7.664449446022855e-6,7.664449583889214e-6,8.10173993162158e-6
13.07,0.00113,0.17815550096589414,7.46347944905083e-6,7.46347968623598e-6,8.10173993162158e-6
13.07,0.00113,0.292646974128703,7.1607484468452445e-6,7.160748845140975e-6,8.10173993162158e-6
13.07,0.00113,0.480716289995901,6.701074277211196e-6,6.701074912566634e-6,8.10173993162158e-6
13.07,0.00113,0.789648183294706,6.004951971879946e-6,6.004952900202815e-6,8.10173993162158e-6
13.07,0.00113,1.297114881182717,4.972607118913828e-6,4.972608303390916e-6,8.10173993162158e-6
13.07,0.00113,2.1307045980472066,3.504248619101432e-6,3.504249828595424e-6,8.10173993162158e-6
13.07,0.00113,3.5000000000000004,1.3936955144480077e-6,1.3936961675851611e-6,8.10173993162158e-6
13.07,0.00113,3.8,8.336817140736804e-7,8.336821171519657e-7,8.10173993162158e-6
13.07,0.00113,3.98,2.5505189173609903e-7,2.5505202179035233e-7,8.10173993162158e-6
13.07,0.00113,3.9998,2.5412913556549092e-8,2.5412926489855055e-8,8.10173993162158e-6
13.07,0.0037,1.0000000000000001e-7,8.004951134521166e-6,8.004951066790711e-6,8.00497526781821e-6
13.07,0.0037,1.6426491045299075e-7,8.004941109376737e-6,8.004941041646629e-6,8.00497526781821e-6
13.07,0.0037,2.698296080612907e-7,8.004926919713522e-6,8.004926851983824e-6,8.00497526781821e-6
13.07,0.0037,4.432353640575351e-7,8.00490683555714e-6,8.004906767827852e-6,8.00497526781821e-6
13.07,0.0037,7.280801738650976e-7,8.004878408284534e-6,8.004878340555483e-6,8.00497526781821e-6
13.07,0.0037,1.1959802456254818e-6,8.004838172085638e-6,8.004838104356742e-6,8.00497526781821e-6
13.07,0.0037,1.9645758795121526e-6,8.004781221401137e-6,8.004781153672578e-6,8.00497526781821e-6
13.07,0.0037,3.227108809261693e-6,8.004700612804752e-6,8.00470054507787e-6,8.00497526781821e-6
13.07,0.0037,5.301007395754297e-6,8.004586518376115e-6,8.004586450652993e-6,8.00497526781821e-6
13.07,0.0037,8.707695051742211e-6,8.004425027270191e-6,8.004424959553334e-6,8.00497526781821e-6
13.07,0.0037,1.4303687479263852e-5,8.004196449199805e-6,8.004196381491562e-6,8.00497526781821e-6
13.07,0.0037,2.3495939429288417e-5,8.00387291259561e-6,8.00387284489751e-6,8.00497526781821e-6
13.07,0.0037,3.8595583863609565e-5,8.00341496369677e-6,8.00341489600844e-6,8.00497526781821e-6
13.07,0.0037,6.33990012723672e-5,8.002766749829912e-6,8.00276668214851e-6,8.00497526781821e-6
13.07,0.0037,0.00010414231266814445,8.00184919479784e-6,8.001849127119734e-6,8.00497526781821e-6
13.07,0.0037,0.00017106927664800093,8.000550323297113e-6,8.000550255625459e-6,8.00497526781821e-6
13.07,0.0037,0.00028100679409841776,7.998711529613588e-6,7.998711461975934e-6,8.00497526781821e-6
13.07,0.0037,0.00046159555869258604,7.996108059552376e-6,7.9961079919983e-6,8.00497526781821e-6
13.07,0.0037,0.0007582395311413588,7.99242119752942e-6,7.992421130120431e-6,8.00497526781821e-6
13.07,0.0037,0.00124552148684853,7.987198479868728e-6,7.98719841266944e-6,8.00497526781821e-6
13.07,0.0037,0.002045954755044497,7.979796442472419e-6,7.979796375533904e-6,8.00497526781821e-6
13.07,0.0037,0.0033607857462825456,7.96929750921039e-6,7.96929744254565e-6,8.00497526781821e-6
13.07,0.0037,0.005520591696647901,7.954387808713989e-6,7.954387742272342e-6,8.00497526781821e-6
13.07,0.0037,0.009068395006973916,7.93317441868652e-6,7.933174352361404e-6,8.00497526781821e-6
13.07,0.0037,0.01489619093772919,7.902905886496384e-6,7.902905820289507e-6,8.00497526781821e-6
13.07,0.0037,0.024469214704767362,7.859533662859025e-6,7.859533597518519e-6,8.00497526781821e-6
13.07,0.0037,0.04019433362333615,7.797005687633126e-6,7.797005625156189e-6,8.00497526781821e-6
13.07,0.0037,0.06602518613354949,7.706104935960144e-6,7.706104879757774e-6,8.00497526781821e-6
13.07,0.0037,0.1084562128786955,7.572527273240615e-6,7.5725272281335805e-6,8.00497526781821e-6
13.07,0.0037,0.17815550096589414,7.373760908623102e-6,7.373760879385045e-6,8.00497526781821e-6
13.07,0.0037,0.292646974128703,7.074338959976994e-6,7.074338947527384e-6,8.00497526781821e-6
13.07,0.0037,0.480716289995901,6.619689367836201e-6,6.619689365184173e-6,8.00497526781821e-6
13.07,0.0037,0.789648183294706,5.931226421633877e-6,5.931226417656044e-6,8.00497526781821e-6
13.07,0.0037,1.297114881182717,4.910448149694195e-6,4.910448145654948e-6,8.00497526781821e-6
13.07,0.0037,2.1307045980472066,3.4591626770858996e-6,3.459162688297856e-6,8.00497526781821e-6
13.07,0.0037,3.5000000000000004,1.3749629983131402e-6,1.3749630067089996e-6,8.00497526781821e-6
13.07,0.0037,3.8,8.223762901840447e-7,8.223762979339797e-7,8.00497526781821e-6
13.07,0.0037,3.98,2.515751085781447e-7,2.5157510725767655e-7,8.00497526781821e-6
13.07,0.0037,3.9998,2.506629645184223e-8,2.5066296394419684e-8,8.00497526781821e-6
13.07,0.0127,1.0000000000000001e-7,7.677660079293468e-6,7.677660013329749e-6,7.677683289196358e-6
13.07,0.0127,1.6426491045299075e-7,7.677650437733558e-6,7.6776503717702e-6,7.677683289196358e-6
13.07,0.0127,2.698296080612907e-7,7.677636790998695e-6,7.677636725035762e-6,7.677683289196358e-6
13.07,0.0127,4.432353640575351e-7,7.677617475307147e-6,7.677617409344563e-6,7.677683289196358e-6
13.07,0.0127,7.280801738650976e-7,7.677590135725605e-6,7.677590069763262e-6,7.677683289196358e-6
13.07,0.0127,1.1959802456254818e-6,7.67755143905348e-6,7.677551373091266e-6,7.677683289196358e-6
13.07,0.0127,1.9645758795121526e-6,7.677496667428752e-6,7.67749660146689e-6,7.677683289196358e-6
13.07,0.0127,3.227108809261693e-6,7.677419143095194e-6,7.677419077134998e-6,7.677683289196358e-6
13.07,0.0127,5.301007395754297e-6,7.677309414168392e-6,7.677309348211822e-6,7.677683289196358e-6
13.07,0.0127,8.707695051742211e-6,7.677154102058016e-6,7.677154036107474e-6,7.677683289196358e-6
13.07,0.0127,1.4303687479263852e-5,7.676934269858899e-6,7.676934203916572e-6,7.677683289196358e-6
13.07,0.0127,2.3495939429288417e-5,7.676623112401384e-6,7.676623046468634e-6,7.677683289196358e-6
13.07,0.0127,3.8595583863609565e-5,7.676182685447045e-6,7.676182619523437e-6,7.677683289196358e-6
13.07,0.0127,6.33990012723672e-5,7.675559273216853e-6,7.675559207299624e-6,7.677683289196358e-6
13.07,0.0127,0.00010414231266814445,7.674676824792109e-6,7.674676758877792e-6,7.677683289196358e-6
13.07,0.0127,0.00017106927664800093,7.67342764848415e-6,7.673427582576355e-6,7.677683289196358e-6
13.07,0.0127,0.00028100679409841776,7.67165920533516e-6,7.671659139461148e-6,7.677683289196358e-6
13.07,0.0127,0.00046159555869258604,7.66915533652772e-6,7.66915527073494e-6,7.677683289196358e-6
13.07,0.0127,0.0007582395311413588,7.665609511673928e-6,7.665609446020809e-6,7.677683289196358e-6
13.07,0.0127,0.00124552148684853,7.660586557752828e-6,7.660586492300139e-6,7.677683289196358e-6
13.07,0.0127,0.002045954755044497,7.653467582522917e-6,7.653467517317585e-6,7.677683289196358e-6
13.07,0.0127,0.0033607857462825456,7.643370010254867e-6,7.643369945306313e-6,7.677683289196358e-6
13.07,0.0127,0.005520591696647901,7.629030002506398e-6,7.629029937762904e-6,7.677683289196358e-6
13.07,0.0127,0.009068395006973916,7.608626543337236e-6,7.608626478695998e-6,7.677683289196358e-6
13.07,0.0127,0.01489619093772919,7.579512336453228e-6,7.579512271927575e-6,7.677683289196358e-6
13.07,0.0127,0.024469214704767362,7.5377913780293056e-6,7.537791314370261e-6,7.677683289196358e-6
13.07,0.0127,0.04019433362333615,7.4776383335069384e-6,7.4776382726435105e-6,7.677683289196358e-6
13.07,0.0127,0.06602518613354949,7.39017931037983e-6,7.390179255581952e-6,7.677683289196358e-6
13.07,0.0127,0.1084562128786955,7.261639834206608e-6,7.261639790056208e-6,7.677683289196358e-6
13.07,0.0127,0.17815550096589414,7.070340081157857e-6,7.070340052111037e-6,7.677683289196358e-6
13.07,0.0127,0.292646974128703,6.782131145619503e-6,6.782131132348303e-6,7.677683289196358e-6
13.07,0.0127,0.480716289995901,6.344508245216062e-6,6.34450824086291e-6,7.677683289196358e-6
13.07,0.0127,0.789648183294706,5.681998086397741e-6,5.681998080570689e-6,7.677683289196358e-6
13.07,0.0127,1.297114881182717,4.700399343256465e-6,4.700399338069505e-6,7.677683289196358e-6
13.07,0.0127,2.1307045980472066,3.3069034484705487e-6,3.306903458998504e-6,7.677683289196358e-6
13.07,0.0127,3.5000000000000004,1.3117664504911859e-6,1.3117664583746604e-6,7.677683289196358e-6
13.07,0.0127,3.8,7.842443437163162e-7,7.842443512294078e-7,7.677683289196358e-6
13.07,0.0127,3.98,2.3984982914503886e-7,2.398498278084337e-7,7.677683289196358e-6
13.07,0.0127,3.9998,2.389736405727938e-8,2.389736399494174e-8,7.677683289196358e-6
13.07,0.047,1.0000000000000001e-7,6.578615319609152e-6,6.578615261293021e-6,6.578635413048846e-6
13.07,0.047,1.6426491045299075e-7,6.578606972650338e-6,6.578606914334428e-6,6.578635413048846e-6
13.07,0.047,2.698296080612907e-7,6.578595158303322e-6,6.578595099987882e-6,6.578635413048846e-6
13.07,0.047,4.432353640575351e-7,6.578578436187232e-6,6.5785783778724005e-6,6.578635413048846e-6
13.07,0.047,7.280801738650976e-7,6.578554767572436e-6,6.578554709258412e-6,6.578635413048846e-6
13.07,0.047,1.1959802456254818e-6,6.578521266816566e-6,6.578521208503305e-6,6.578635413048846e-6
13.07,0.047,1.9645758795121526e-6,6.578473849537617e-6,6.578473791224928e-6,6.578635413048846e-6
13.07,0.047,3.227108809261693e-6,6.5784067346183735e-6,6.578406676306001e-6,6.578635413048846e-6
13.07,0.047,5.301007395754297e-6,6.578311739299496e-6,6.578311680987524e-6,6.578635413048846e-6
13.07,0.047,8.707695051742211e-6,6.578177281356156e-6,6.578177223046341e-6,6.578635413048846e-6
13.07,0.047,1.4303687479263852e-5,6.57798696655676e-6,6.577986908252717e-6,6.578635413048846e-6
13.07,0.047,2.3495939429288417e-5,6.57771758884655e-6,6.577717530552707e-6,6.578635413048846e-6
13.07,0.047,3.8595583863609565e-5,6.577336298653513e-6,6.577336240374508e-6,6.578635413048846e-6
13.07,0.047,6.33990012723672e-5,6.57679659227082e-6,6.576796534010113e-6,6.578635413048846e-6
13.07,0.047,0.00010414231266814445,6.576032629201947e-6,6.576032570960129e-6,6.578635413048846e-6
13.07,0.047,0.00017106927664800093,6.57495117518123e-6,6.574951116954475e-6,6.578635413048846e-6
13.07,0.047,0.00028100679409841776,6.5734201670315296e-6,6.573420108812892e-6,6.578635413048846e-6
13.07,0.047,0.00046159555869258604,6.571252456379477e-6,6.571252398168395e-6,6.578635413048846e-6
13.07,0.047,0.0007582395311413588,6.568182640184783e-6,6.568182582016643e-6,6.578635413048846e-6
13.07,0.047,0.00124552148684853,6.5638339065251195e-6,6.563833848485303e-6,6.578635413048846e-6
13.07,0.047,0.002045954755044497,6.557670304608627e-6,6.557670246812825e-6,6.578635413048846e-6
13.07,0.047,0.0033607857462825456,6.548927410439456e-6,6.54892735302421e-6,6.578635413048846e-6
13.07,0.047,0.005520591696647901,6.536510302712922e-6,6.53651024581352e-6,6.578635413048846e-6
13.07,0.047,0.009068395006973916,6.518840771944648e-6,6.5188407156516976e-6,6.578635413048846e-6
13.07,0.047,0.01489619093772919,6.493623314044138e-6,6.493623258333057e-6,6.578635413048846e-6
13.07,0.047,0.024469214704767362,6.457477327632156e-6,6.457477272301515e-6,6.578635413048846e-6
13.07,0.047,0.04019433362333615,6.4053438403342274e-6,6.405343785180321e-6,6.578635413048846e-6
13.07,0.047,0.06602518613354949,6.3295093594816914e-6,6.32950930554838e-6,6.578635413048846e-6
13.07,0.047,0.1084562128786955,6.217991434928983e-6,6.217991386528196e-6,6.578635413048846e-6
13.07,0.047,0.17815550096589414,6.051925829048148e-6,6.051925793788353e-6,6.578635413048846e-6
13.07,0.047,0.292646974128703,5.8016231121586785e-6,5.801623099219396e-6,6.578635413048846e-6
13.07,0.047,0.480716289995901,5.42156558110242e-6,5.421565594969571e-6,6.578635413048846e-6
13.07,0.047,0.789648183294706,4.846769818549014e-6,4.8467698503821495e-6,6.578635413048846e-6
13.07,0.047,1.297114881182717,3.9974359867124495e-6,3.99743601561974e-6,6.578635413048846e-6
13.07,0.047,2.1307045980472066,2.7985150552738517e-6,2.7985150692738257e-6,6.578635413048846e-6
13.07,0.047,3.5000000000000004,1.1015436242189402e-6,1.1015436315679518e-6,6.578635413048846e-6
13.07,0.047,3.8,6.575000596107499e-7,6.57500059453434e-7,6.578635413048846e-6
13.07,0.047,3.98,2.0089544416131784e-7,2.0089544562388357e-7,6.578635413048846e-6
13.07,0.047,3.9998,2.0014072911894058e-8,2.0014073108630013e-8,6.578635413048846e-6
13.07,0.173,1.0000000000000001e-7,3.945985054509593e-6,3.9459850108625926e-6,3.945997554792092e-6
13.07,0.173,1.6426491045299075e-7,3.945979861802579e-6,3.9459798181556e-6,3.945997554792092e-6
13.07,0.173,2.698296080612907e-7,3.94597251200667e-6,3.94597246835974e-6,3.945997554792092e-6
13.07,0.173,4.432353640575351e-7,3.945962109049655e-6,3.945962065402932e-6,3.945997554792092e-6
13.07,0.173,7.280801738650976e-7,3.94594738462165e-6,3.945947340975437e-6,3.945997554792092e-6
13.07,0.173,1.1959802456254818e-6,3.945926543541079e-6,3.945926499895683e-6,3.945997554792092e-6
13.07,0.173,1.9645758795121526e-6,3.945897044879437e-6,3.945897001235214e-6,3.945997554792092e-6
13.07,0.173,3.227108809261693e-6,3.945855292152005e-6,3.9458552485091634e-6,3.945997554792092e-6
13.07,0.173,5.301007395754297e-6,3.9457961947842745e-6,3.945796151142795e-6,3.945997554792092e-6
13.07,0.173,8.707695051742211e-6,3.945712547345454e-6,3.945712503705014e-6,3.945997554792092e-6
13.07,0.173,1.4303687479263852e-5,3.9455941507659415e-6,3.945594107126114e-6,3.945997554792092e-6
13.07,0.173,2.3495939429288417e-5,3.945426568167595e-6,3.945426524528758e-6,3.945997554792092e-6
13.07,0.173,3.8595583863609565e-5,3.945189363087415e-6,3.945189319453043e-6,3.945997554792092e-6
13.07,0.173,6.33990012723672e-5,3.9448536040798786e-6,3.944853560456409e-6,3.945997554792092e-6
13.07,0.173,0.00010414231266814445,3.944378328666045e-6,3.944378285061392e-6,3.945997554792092e-6
13.07,0.173,0.00017106927664800093,3.943705529136619e-6,3.943705485558943e-6,3.945997554792092e-6
13.07,0.173,0.00028100679409841776,3.94275303436972e-6,3.942752990825164e-6,3.945997554792092e-6
13.07,0.173,0.00046159555869258604,3.941404386954967e-6,3.941404343444678e-6,3.945997554792092e-6
13.07,0.173,0.0007582395311413588,3.939494407408321e-6,3.939494363925968e-6,3.945997554792092e-6
13.07,0.173,0.00124552148684853,3.936788519726254e-6,3.936788476260588e-6,3.945997554792092e-6
13.07,0.173,0.002045954755044497,3.932952949536665e-6,3.9329529060904745e-6,3.945997554792092e-6
13.07,0.173,0.0033607857462825456,3.92751135193485e-6,3.92751130858287e-6,3.945997554792092e-6
13.07,0.173,0.005520591696647901,3.919780823745794e-6,3.919780780662224e-6,3.945997554792092e-6
13.07,0.173,0.009068395006973916,3.908775747457829e-6,3.9087757049009505e-6,3.945997554792092e-6
13.07,0.173,0.01489619093772919,3.893059915714191e-6,3.893059874033212e-6,3.945997554792092e-6
13.07,0.173,0.024469214704767362,3.870513088296403e-6,3.8705130479028745e-6,3.945997554792092e-6
13.07,0.173,0.04019433362333615,3.837953036020197e-6,3.83795299726234e-6,3.945997554792092e-6
13.07,0.173,0.06602518613354949,3.790512587508269e-6,3.7905125503873197e-6,3.945997554792092e-6
13.07,0.173,0.1084562128786955,3.720611592944775e-6,3.720611556828057e-6,3.945997554792092e-6
13.07,0.173,0.17815550096589414,3.616308485747991e-6,3.616308450063963e-6,3.945997554792092e-6
13.07,0.173,0.292646974128703,3.458870309210502e-6,3.45887027745676e-6,3.945997554792092e-6
13.07,0.173,0.480716289995901,3.2198809590464758e-6,3.2198809412137573e-6,3.945997554792092e-6
13.07,0.173,0.789648183294706,2.8597858386527746e-6,2.8597858428354187e-6,3.945997554792092e-6
13.07,0.173,1.297114881182717,2.3329279603529158e-6,2.332927980466113e-6,3.945997554792092e-6
13.07,0.173,2.1307045980472066,1.6041749683455853e-6,1.6041749816366096e-6,3.945997554792092e-6
13.07,0.173,3.5000000000000004,6.139469047509766e-7,6.139469001956982e-7,3.945997554792092e-6
13.07,0.173,3.8,3.643260409106731e-7,3.643260366173769e-7,3.945997554792092e-6
13.07,0.173,3.98,1.1093525353280293e-7,1.1093525343492876e-7,3.945997554792092e-6
13.07,0.173,3.9998,1.104769638273112e-8,1.1047696308408054e-8,3.945997554792092e-6
13.07,0.61,1.0000000000000001e-7,1.091413562567059e-6,1.0914135456633574e-6,1.0914174320223324e-6
13.07,0.61,1.6426491045299075e-7,1.0914119551674786e-6,1.0914119382638041e-6,1.0914174320223324e-6
13.07,0.61,2.698296080612907e-7,1.0914096800420887e-6,1.0914096631384285e-6,1.0914174320223324e-6
13.07,0.61,4.432353640575351e-7,1.0914064598119932e-6,1.0914064429083447e-6,1.0914174320223324e-6
13.07,0.61,7.280801738650976e-7,1.0914019018719961e-6,1.0914018849684074e-6,1.0914174320223324e-6
13.07,0.61,1.1959802456254818e-6,1.0913954505232655e-6,1.0913954336198588e-6,1.0914174320223324e-6
13.07,0.61,1.9645758795121526e-6,1.0913863192195768e-6,1.0913863023165071e-6,1.0914174320223324e-6
13.07,0.61,3.227108809261693e-6,1.0913733946635697e-6,1.091373377761016e-6,1.0914174320223324e-6
13.07,0.61,5.301007395754297e-6,1.0913551010532696e-6,1.0913550841513707e-6,1.0914174320223324e-6
13.07,0.61,8.707695051742211e-6,1.0913292079110991e-6,1.0913291910099132e-6,1.0914174320223324e-6
13.07,0.61,1.4303687479263852e-5,1.0912925580271084e-6,1.091292541126541e-6,1.0914174320223324e-6
13.07,0.61,2.3495939429288417e-5,1.0912406822575988e-6,1.0912406653574086e-6,1.0914174320223324e-6
13.07,0.61,3.8595583863609565e-5,1.0911672540089587e-6,1.0911672371090333e-6,1.0914174320223324e-6
13.07,0.61,6.33990012723672e-5,1.0910633164236022e-6,1.0910632995248116e-6,1.0914174320223324e-6
13.07,0.61,0.00010414231266814445,1.0909161869626772e-6,1.0909161700677525e-6,1.0914174320223324e-6
13.07,0.61,0.00017106927664800093,1.090707903361757e-6,1.0907078864744695e-6,1.0914174320223324e-6
13.07,0.61,0.00028100679409841776,1.0904130158816102e-6,1.0904129990062496e-6,1.0914174320223324e-6
13.07,0.61,0.00046159555869258604,1.089995444012528e-6,1.0899954271530118e-6,1.0914174320223324e-6
13.07,0.61,0.0007582395311413588,1.0894039859325475e-6,1.0894039690910266e-6,1.0914174320223324e-6
13.07,0.61,0.00124552148684853,1.0885658697289187e-6,1.0885658529041349e-6,1.0914174320223324e-6
13.07,0.61,0.002045954755044497,1.087377419741827e-6,1.087377402928497e-6,1.0914174320223324e-6
13.07,0.61,0.0033607857462825456,1.0856903931074049e-6,1.085690376300559e-6,1.0914174320223324e-6
13.07,0.61,0.005520591696647901,1.083291659275966e-6,1.0832916424917433e-6,1.0914174320223324e-6
13.07,0.61,0.009068395006973916,1.0798723474908238e-6,1.0798723308056084e-6,1.0914174320223324e-6
13.07,0.61,0.01489619093772919,1.0749798256116377e-6,1.074979809165067e-6,1.0914174320223324e-6
13.07,0.61,0.024469214704767362,1.0679409650026786e-6,1.0679409490126665e-6,1.0914174320223324e-6
13.07,0.61,0.04019433362333615,1.0577367250491696e-6,1.057736709814091e-6,1.0914174320223324e-6
13.07,0.61,0.06602518613354949,1.042794912593993e-6,1.0427948984251486e-6,1.0914174320223324e-6
13.07,0.61,0.1084562128786955,1.0206516993152333e-6,1.0206516863340246e-6,1.0914174320223324e-6
13.07,0.61,0.17815550096589414,9.874270523639778e-7,9.874270402210046e-7,1.0914174320223324e-6
13.07,0.61,0.292646974128703,9.371157151682321e-7,9.371157031932267e-7,1.0914174320223324e-6
13.07,0.61,0.480716289995901,8.609498541751281e-7,8.609498430097318e-7,1.0914174320223324e-6
13.07,0.61,0.789648183294706,7.477873168573609e-7,7.477873103170507e-7,1.0914174320223324e-6
13.07,0.61,1.297114881182717,5.876569688859195e-7,5.876569687319647e-7,1.0914174320223324e-6
13.07,0.61,2.1307045980472066,3.8026303989054345e-7,3.8026304058954553e-7,1.0914174320223324e-6
13.07,0.61,3.5000000000000004,1.3247896996178553e-7,1.3247896634707023e-7,1.0914174320223324e-6
13.07,0.61,3.8,7.71098828358289e-8,7.710988127084177e-8,1.0914174320223324e-6
13.07,0.61,3.98,2.3214227080652034e-8,2.3214226211447413e-8,1.0914174320223324e-6
13.07,0.61,3.9998,2.308969909217548e-9,2.3089698081526202e-9,1.0914174320223324e-6
13.07,1.73,1.0000000000000001e-7,1.8621499303750956e-7,1.8621499024701778e-7,1.862158172339737e-7
13.07,1.73,1.6426491045299075e-7,1.862146506603136e-7,1.8621464787023984e-7,1.862158172339737e-7
13.07,1.73,2.698296080612907e-7,1.8621416605700227e-7,1.862141632669273e-7,1.862158172339737e-7
13.07,1.73,4.432353640575351e-7,1.8621348014556795e-7,1.862134773554893e-7,1.862158172339737e-7
13.07,1.73,7.280801738650976e-7,1.862125093005585e-7,1.8621250651047596e-7,1.862158172339737e-7
13.07,1.73,1.1959802456254818e-6,1.8621113515708225e-7,1.8621113236701477e-7,1.862158172339737e-7
13.07,1.73,1.9645758795121526e-6,1.8620919017869968e-7,1.8620918738867665e-7,1.862158172339737e-7
13.07,1.73,3.227108809261693e-6,1.8620643722867303e-7,1.862064344387292e-7,1.862158172339737e-7
13.07,1.73,5.301007395754297e-6,1.8620254065163871e-7,1.862025378618063e-7,1.862158172339737e-7
13.07,1.73,8.707695051742211e-6,1.861970253347213e-7,1.8619702254500904e-7,1.862158172339737e-7
13.07,1.73,1.4303687479263852e-5,1.861892187446607e-7,1.8618921595504128e-7,1.862158172339737e-7
13.07,1.73,2.3495939429288417e-5,1.8617816884609665e-7,1.8617816605649443e-7,1.862158172339737e-7
13.07,1.73,3.8595583863609565e-5,1.861625278292468e-7,1.8616252503955278e-7,1.862158172339737e-7
13.07,1.73,6.33990012723672e-5,1.8614038732372244e-7,1.861403845339191e-7,1.862158172339737e-7
13.07,1.73,0.00010414231266814445,1.8610904467161723e-7,1.8610904188207142e-7,1.862158172339737e-7
13.07,1.73,0.00017106927664800093,1.8606467100005221e-7,1.8606466821148145e-7,1.862158172339737e-7
13.07,1.73,0.00028100679409841776,1.8600183889675386e-7,1.8600183611002896e-7,1.862158172339737e-7
13.07,1.73,0.00046159555869258604,1.8591284821596064e-7,1.8591284543192944e-7,1.862158172339737e-7
13.07,1.73,0.0007582395311413588,1.8578675913174011e-7,1.8578675635091398e-7,1.862158172339737e-7
13.07,1.73,0.00124552148684853,1.85607995304312e-7,1.8560799252640946e-7,1.862158172339737e-7
13.07,1.73,0.002045954755044497,1.853543046682532e-7,1.8535430189172546e-7,1.862158172339737e-7
13.07,1.73,0.0033607857462825456,1.8499373799427805e-7,1.8499373521636322e-7,1.862158172339737e-7
13.07,1.73,0.005520591696647901,1.8448008314569489e-7,1.8448008036489964e-7,1.862158172339737e-7
13.07,1.73,0.009068395006973916,1.837457971910688e-7,1.8374579441713506e-7,1.862158172339737e-7
13.07,1.73,0.01489619093772919,1.8269077277931687e-7,1.826907700416471e-7,1.862158172339737e-7
13.07,1.73,0.024469214704767362,1.8116405067477373e-7,1.811640480260647e-7,1.862158172339737e-7
13.07,1.73,0.04019433362333615,1.7893362239837792e-7,1.7893361991972976e-7,1.862158172339737e-7
13.07,1.73,0.06602518613354949,1.75636855442575e-7,1.756368532304454e-7,1.862158172339737e-7
13.07,1.73,0.1084562128786955,1.7070246630222158e-7,1.7070246441277065e-7,1.862158172339737e-7
13.07,1.73,0.17815550096589414,1.6324102135961723e-7,1.632410197091194e-7,1.862158172339737e-7
13.07,1.73,0.292646974128703,1.5193389615112577e-7,1.5193389447931316e-7,1.862158172339737e-7
13.07,1.73,0.480716289995901,1.3505101701370305e-7,1.350510151695623e-7,1.862158172339737e-7
13.07,1.73,0.789648183294706,1.1093427465225349e-7,1.109342731999312e-7,1.862158172339737e-7
13.07,1.73,1.297114881182717,7.945502006618298e-8,7.94550195503356e-8,1.862158172339737e-7
13.07,1.73,2.1307045980472066,4.428399785214796e-8,4.428399719658111e-8,1.862158172339737e-7
13.07,1.73,3.5000000000000004,1.2309955670014536e-8,1.2309954318468393e-8,1.862158172339737e-7
13.07,1.73,3.8,6.847389170322808e-9,6.847388684689975e-9,1.862158172339737e-7
13.07,1.73,3.98,2.0076699213435097e-9,2.0076695836546715e-9,1.862158172339737e-7
13.07,1.73,3.9998,1.9911764639571168e-10,1.9911761081738952e-10,1.862158172339737e-7
13.07,4.71,1.0000000000000001e-7,2.1415802144409755e-8,2.141584859116951e-8,2.1415949819745607e-8
13.07,4.71,1.6426491045299075e-7,2.141575705875728e-8,2.141580350556225e-8,2.1415949819745607e-8
13.07,4.71,2.698296080612907e-7,2.1415676984376075e-8,2.1415723431189562e-8,2.1415949819745607e-8
13.07,4.71,4.432353640575351e-7,2.141556364639393e-8,2.141561009325358e-8,2.1415949819745607e-8
13.07,4.71,7.280801738650976e-7,2.141540322669551e-8,2.1415449673621756e-8,2.1415949819745607e-8
13.07,4.71,1.1959802456254818e-6,2.141517616678538e-8,2.141522261380941e-8,2.1415949819745607e-8
13.07,4.71,1.9645758795121526e-6,2.1414854782881822e-8,2.1414901230047238e-8,2.1415949819745607e-8
13.07,4.71,3.227108809261693e-6,2.1414399889895442e-8,2.1414446337262406e-8,2.1415949819745607e-8
13.07,4.71,5.301007395754297e-6,2.1413756022043017e-8,2.141380246969306e-8,2.1415949819745607e-8
13.07,4.71,8.707695051742211e-6,2.1412844665902606e-8,2.1412891113946352e-8,2.1415949819745607e-8
13.07,4.71,1.4303687479263852e-5,2.1411554677448676e-8,2.141160112603713e-8,2.1415949819745607e-8
13.07,4.71,2.3495939429288417e-5,2.1409728706824232e-8,2.1409775156168257e-8,2.1415949819745607e-8
13.07,4.71,3.8595583863609565e-5,2.1407143957705098e-8,2.14071904081133e-8,2.1415949819745607e-8
13.07,4.71,6.33990012723672e-5,2.1403484894264618e-8,2.140353134621583e-8,2.1415949819745607e-8
13.07,4.71,0.00010414231266814445,2.1398304474638e-8,2.1398350928878363e-8,2.1415949819745607e-8
13.07,4.71,0.00017106927664800093,2.1390968972974245e-8,2.139101543058964e-8,2.1415949819745607e-8
13.07,4.71,0.00028100679409841776,2.1380579187221455e-8,2.138062564978108e-8,2.1415949819745607e-8
13.07,4.71,0.00046159555869258604,2.1365857364290787e-8,2.1365903834088067e-8,2.1415949819745607e-8
13.07,4.71,0.0007582395311413588,2.1344983705062355e-8,2.1345030185540135e-8,2.1415949819745607e-8
13.07,4.71,0.00124552148684853,2.131535736562151e-8,2.1315403862174242e-8,2.1415949819745607e-8
13.07,4.71,0.002045954755044497,2.1273241692803787e-8,2.1273288214368207e-8,2.1415949819745607e-8
13.07,4.71,0.0033607857462825456,2.1213226861903724e-8,2.121327342424118e-8,2.1415949819745607e-8
13.07,4.71,0.005520591696647901,2.1127395678928818e-8,2.1127442311610908e-8,2.1415949819745607e-8
13.07,4.71,0.009068395006973916,2.1003993789428654e-8,2.1004040549773676e-8,2.1415949819745607e-8
13.07,4.71,0.01489619093772919,2.082525938772023e-8,2.0825306384300563e-8,2.1415949819745607e-8
13.07,4.71,0.024469214704767362,2.056383486190809e-8,2.056388229701524e-8,2.1415949819745607e-8
13.07,4.71,0.04019433362333615,2.0176882464607314e-8,2.0176930703618576e-8,2.1415949819745607e-8
13.07,4.71,0.06602518613354949,1.9596875805942926e-8,1.95969254733446e-8,2.1415949819745607e-8
13.07,4.71,0.1084562128786955,1.8718889584357513e-8,1.8718941654269545e-8,2.1415949819745607e-8
13.07,4.71,0.17815550096589414,1.7388481130444256e-8,1.7388536891852692e-8,2.1415949819745607e-8
13.07,4.71,0.292646974128703,1.540696061922439e-8,1.5407021213706625e-8,2.1415949819745607e-8
13.07,4.71,0.480716289995901,1.2596410336493084e-8,1.2596475338903027e-8,2.1415949819745607e-8
13.07,4.71,0.789648183294706,8.986190189039069e-9,8.986254915896974e-9,2.1415949819745607e-8
13.07,4.71,1.297114881182717,5.095832610204121e-9,5.095886081794806e-9,2.1415949819745607e-8
13.07,4.71,2.1307045980472066,1.9546565357622746e-9,1.9546866314444837e-9,2.1415949819745607e-8
13.07,4.71,3.5000000000000004,3.1290501430911056e-10,3.12911461205091e-10,2.1415949819745607e-8
13.07,4.71,3.8,1.5649178708812288e-10,1.5649512642603986e-10,2.1415949819745607e-8
13.07,4.71,3.98,4.3176034169408255e-11,4.317695565832277e-11,2.1415949819745607e-8
13.07,4.71,3.9998,4.2541814631669115e-12,4.254271907083709e-12,2.1415949819745607e-8
13.61,0.00113,1.0000000000000001e-7,5.092809659196884e-6,5.092809717158672e-6,5.092842080040728e-6
13.61,0.00113,1.6426491045299075e-7,5.092796191337814e-6,5.092796249304207e-6,5.092842080040728e-6
13.61,0.00113,2.698296080612907e-7,5.09277712881994e-6,5.0927771867928235e-6,5.092842080040728e-6
13.61,0.00113,4.432353640575351e-7,5.092750147562767e-6,5.092750205544641e-6,5.092842080040728e-6
13.61,0.00113,7.280801738650976e-7,5.092711958020436e-6,5.092712016014617e-6,5.092842080040728e-6
13.61,0.00113,1.1959802456254818e-6,5.092657904086498e-6,5.092657962097566e-6,5.092842080040728e-6
13.61,0.00113,1.9645758795121526e-6,5.092581395336273e-6,5.0925814533708544e-6,5.092842080040728e-6
13.61,0.00113,3.227108809261693e-6,5.092473103315497e-6,5.092473161383843e-6,5.092842080040728e-6
13.61,0.00113,5.301007395754297e-6,5.092319823723932e-6,5.092319881842361e-6,5.092842080040728e-6
13.61,0.00113,8.707695051742211e-6,5.092102865394849e-6,5.092102923586701e-6,5.092842080040728e-6
13.61,0.00113,1.4303687479263852e-5,5.091795768788103e-6,5.091795827085419e-6,5.092842080040728e-6
13.61,0.00113,2.3495939429288417e-5,5.09136107384668e-6,5.09136113229258e-6,5.092842080040728e-6
13.61,0.00113,3.8595583863609565e-5,5.09074573860508e-6,5.0907457972572255e-6,5.092842080040728e-6
13.61,0.00113,6.33990012723672e-5,5.089874639620229e-6,5.089874698555687e-6,5.092842080040728e-6
13.61,0.00113,0.00010414231266814445,5.088641338270443e-6,5.088641397594727e-6,5.092842080040728e-6
13.61,0.00113,0.00017106927664800093,5.086894934009893e-6,5.086894993874647e-6,5.092842080040728e-6
13.61,0.00113,0.00028100679409841776,5.084421282401693e-6,5.084421343041486e-6,5.092842080040728e-6
13.61,0.00113,0.00046159555869258604,5.080916022003344e-6,5.0809160837998896e-6,5.092842080040728e-6
13.61,0.00113,0.0007582395311413588,5.075945533755253e-6,5.0759455972763565e-6,5.092842080040728e-6
13.61,0.00113,0.00124552148684853,5.068889789110129e-6,5.0688898551693465e-6,5.092842080040728e-6
13.61,0.00113,0.002045954755044497,5.058857355821286e-6,5.058857425580253e-6,5.092842080040728e-6
13.61,0.00113,0.0033607857462825456,5.044556369373485e-6,5.0445564444958835e-6,5.092842080040728e-6
13.61,0.00113,0.005520591696647901,5.024093772993674e-6,5.024093855885737e-6,5.092842080040728e-6
13.61,0.00113,0.009068395006973916,4.994654745636219e-6,4.994654839857495e-6,5.092842080040728e-6
13.61,0.00113,0.01489619093772919,4.95197946411514e-6,4.951979575215704e-6,5.092842080040728e-6
13.61,0.00113,0.024469214704767362,4.889500534664116e-6,4.8895006722659e-6,5.092842080040728e-6
13.61,0.00113,0.04019433362333615,4.796940030491831e-6,4.796940213343414e-6,5.092842080040728e-6
13.61,0.00113,0.06602518613354949,4.658152177453976e-6,4.658152438725243e-6,5.092842080040728e-6
13.61,0.00113,0.1084562128786955,4.448258886833294e-6,4.4482592766734305e-6,5.092842080040728e-6
13.61,0.00113,0.17815550096589414,4.131249529332192e-6,4.13125010870062e-6,5.092842080040728e-6
13.61,0.00113,0.292646974128703,3.662279216435694e-6,3.662280030069563e-6,5.092842080040728e-6
13.61,0.00113,0.480716289995901,3.00429551615049e-6,3.0042965395824055e-6,5.092842080040728e-6
13.61,0.00113,0.789648183294706,2.1703131314180367e-6,2.1703142165177393e-6,5.092842080040728e-6
13.61,0.00113,1.297114881182717,1.2785316993565285e-6,1.2785325896539961e-6,5.092842080040728e-6
13.61,0.00113,2.1307045980472066,5.422020141214342e-7,5.422024958333889e-7,5.092842080040728e-6
13.61,0.00113,3.5000000000000004,1.0839142211303447e-7,1.0839151713060409e-7,5.092842080040728e-6
13.61,0.00113,3.8,5.7067815269097764e-8,5.706786274078916e-8,5.092842080040728e-6
13.61,0.00113,3.98,1.6232297621479506e-8,1.6232308179450476e-8,5.092842080040728e-6
13.61,0.00113,3.9998,1.6047167055820774e-9,1.6047178303452148e-9,5.092842080040728e-6
13.61,0.0037,1.0000000000000001e-7,5.028843083859796e-6,5.028843123667633e-6,5.0288751425487495e-6
13.61,0.0037,1.6426491045299075e-7,5.028829766442527e-6,5.028829806250295e-6,5.0288751425487495e-6
13.61,0.0037,2.698296080612907e-7,5.028810916861189e-6,5.0288109566686855e-6,5.0288751425487495e-6
13.61,0.0037,4.432353640575351e-7,5.028784236996217e-6,5.028784276803177e-6,5.0288751425487495e-6
13.61,0.0037,7.280801738650976e-7,5.028746474047281e-6,5.028746513853807e-6,5.0288751425487495e-6
13.61,0.0037,1.1959802456254818e-6,5.02869302391838e-6,5.028693063725066e-6,5.0288751425487495e-6
13.61,0.0037,1.9645758795121526e-6,5.0286173698020735e-6,5.028617409609772e-6,5.0288751425487495e-6
13.61,0.0037,3.227108809261693e-6,5.028510287445456e-6,5.028510327255001e-6,5.0288751425487495e-6
13.61,0.0037,5.301007395754297e-6,5.028358720042513e-6,5.0283587598542565e-6,5.0288751425487495e-6
13.61,0.0037,8.707695051742211e-6,5.0281441852067945e-6,5.0281442250199984e-6,5.0288751425487495e-6
13.61,0.0037,1.4303687479263852e-5,5.0278405189439295e-6,5.027840558755959e-6,5.0288751425487495e-6
13.61,0.0037,2.3495939429288417e-5,5.0274106795988165e-6,5.027410719404936e-6,5.0288751425487495e-6
13.61,0.0037,3.8595583863609565e-5,5.0268022176087175e-6,5.026802257403292e-6,5.0288751425487495e-6
13.61,0.0037,6.33990012723672e-5,5.025940848465525e-6,5.025940888248037e-6,5.0288751425487495e-6
13.61,0.0037,0.00010414231266814445,5.02472132199658e-6,5.0247213617806444e-6,5.0288751425487495e-6
13.61,0.0037,0.00017106927664800093,5.022994422106726e-6,5.022994461913477e-6,5.0288751425487495e-6
13.61,0.0037,0.00028100679409841776,5.02054839378913e-6,5.020548433641309e-6,5.0288751425487495e-6
13.61,0.0037,0.00046159555869258604,5.017082269472107e-6,5.017082309385762e-6,5.0288751425487495e-6
13.61,0.0037,0.0007582395311413588,5.012167260440105e-6,5.012167300410452e-6,5.0288751425487495e-6
13.61,0.0037,0.00124552148684853,5.005190234480463e-6,5.005190274461999e-6,5.0288751425487495e-6
13.61,0.0037,0.002045954755044497,4.995269651931369e-6,4.995269691817433e-6,5.0288751425487495e-6
13.61,0.0037,0.0033607857462825456,4.9811279379236865e-6,4.981127977554992e-6,5.0288751425487495e-6
13.61,0.0037,0.005520591696647901,4.960892881652774e-6,4.960892920967748e-6,5.0288751425487495e-6
13.61,0.0037,0.009068395006973916,4.931780480350827e-6,4.9317805198599215e-6,5.0288751425487495e-6
13.61,0.0037,0.01489619093772919,4.889577238487907e-6,4.889577279490504e-6,5.0288751425487495e-6
13.61,0.0037,0.024469214704767362,4.827786716072258e-6,4.827786760852902e-6,5.0288751425487495e-6
13.61,0.0037,0.04019433362333615,4.7362415330450235e-6,4.736241584723436e-6,5.0288751425487495e-6
13.61,0.0037,0.06602518613354949,4.598969738430575e-6,4.598969799447205e-6,5.0288751425487495e-6
13.61,0.0037,0.1084562128786955,4.3913641557062125e-6,4.3913642242160356e-6,5.0288751425487495e-6
13.61,0.0037,0.17815550096589414,4.077818582419087e-6,4.077818648535603e-6,5.0288751425487495e-6
13.61,0.0037,0.292646974128703,3.614029407317739e-6,3.6140294565889773e-6,5.0288751425487495e-6
13.61,0.0037,0.480716289995901,2.9634965402921165e-6,2.9634965701298134e-6,5.0288751425487495e-6
13.61,0.0037,0.789648183294706,2.13938678651515e-6,2.139386809682713e-6,5.0288751425487495e-6
13.61,0.0037,1.297114881182717,1.2589406561213438e-6,1.2589406573087712e-6,5.0288751425487495e-6
13.61,0.0037,2.1307045980472066,5.330072214583208e-7,5.330071822952088e-7,5.0288751425487495e-6
13.61,0.0037,3.5000000000000004,1.0630975649897129e-7,1.0630973017655e-7,5.0288751425487495e-6
13.61,0.0037,3.8,5.594828407204263e-8,5.594827397709433e-8,5.0288751425487495e-6
13.61,0.0037,3.98,1.591007094273522e-8,1.5910067017620952e-8,5.0288751425487495e-6
13.61,0.0037,3.9998,1.5728213740337796e-9,1.5728209436008655e-9,5.0288751425487495e-6
13.61,0.0127,1.0000000000000001e-7,4.812794728016545e-6,4.812794767402308e-6,4.812825560068113e-6
13.61,0.0127,1.6426491045299075e-7,4.812781920153481e-6,4.812781959539159e-6,4.812825560068113e-6
13.61,0.0127,2.698296080612907e-7,4.812763791799229e-6,4.812763831184625e-6,4.812825560068113e-6
13.61,0.0127,4.432353640575351e-7,4.8127381327652735e-6,4.8127381721501794e-6,4.812825560068113e-6
13.61,0.0127,7.280801738650976e-7,4.812701814710312e-6,4.8127018540947735e-6,4.812825560068113e-6
13.61,0.0127,1.1959802456254818e-6,4.8126504097004315e-6,4.812650449085048e-6,4.812825560068113e-6
13.61,0.0127,1.9645758795121526e-6,4.812577650273657e-6,4.812577689659242e-6,4.812825560068113e-6
13.61,0.0127,3.227108809261693e-6,4.812474665112553e-6,4.812474704499882e-6,4.812825560068113e-6
13.61,0.0127,5.301007395754297e-6,4.812328896981928e-6,4.812328936371341e-6,4.812825560068113e-6
13.61,0.0127,8.707695051742211e-6,4.8121225706455e-6,4.812122610036247e-6,4.812825560068113e-6
13.61,0.0127,1.4303687479263852e-5,4.811830523138886e-6,4.811830562528457e-6,4.812825560068113e-6
13.61,0.0127,2.3495939429288417e-5,4.8114171299587e-6,4.811417169342468e-6,4.812825560068113e-6
13.61,0.0127,3.8595583863609565e-5,4.810831948047289e-6,4.810831987419829e-6,4.812825560068113e-6
13.61,0.0127,6.33990012723672e-5,4.810003534427025e-6,4.810003573787789e-6,4.812825560068113e-6
13.61,0.0127,0.00010414231266814445,4.808830664296271e-6,4.808830703658265e-6,4.812825560068113e-6
13.61,0.0127,0.00017106927664800093,4.807169826955702e-6,4.807169866339178e-6,4.812825560068113e-6
13.61,0.0127,0.00028100679409841776,4.8048173606900096e-6,4.804817400116638e-6,4.812825560068113e-6
13.61,0.0127,0.00046159555869258604,4.801483793523084e-6,4.801483833008041e-6,4.812825560068113e-6
13.61,0.0127,0.0007582395311413588,4.796756698215697e-6,4.796756737754051e-6,4.812825560068113e-6
13.61,0.0127,0.00124552148684853,4.79004630269272e-6,4.790046342240096e-6,4.812825560068113e-6
13.61,0.0127,0.002045954755044497,4.78050457817122e-6,4.780504617624023e-6,4.812825560068113e-6
13.61,0.0127,0.0033607857462825456,4.766902358673862e-6,4.766902397877089e-6,4.812825560068113e-6
13.61,0.0127,0.005520591696647901,4.747438059362717e-6,4.747438098254329e-6,4.812825560068113e-6
13.61,0.0127,0.009068395006973916,4.719432101814034e-6,4.719432140881307e-6,4.812825560068113e-6
13.61,0.0127,0.01489619093772919,4.678827989081335e-6,4.678828029568805e-6,4.812825560068113e-6
13.61,0.0127,0.024469214704767362,4.619369771217612e-6,4.61936981531385e-6,4.812825560068113e-6
13.61,0.0127,0.04019433362333615,4.531264802179076e-6,4.53126485286664e-6,4.812825560068113e-6
13.61,0.0127,0.06602518613354949,4.399130388071181e-6,4.399130447658703e-6,4.812825560068113e-6
13.61,0.0127,0.1084562128786955,4.199277622612255e-6,4.199277689256171e-6,4.812825560068113e-6
13.61,0.0127,0.17815550096589414,3.897470498890665e-6,3.897470562999996e-6,4.812825560068113e-6
13.61,0.0127,0.292646974128703,3.451237112376031e-6,3.4512371600280446e-6,4.812825560068113e-6
13.61,0.0127,0.480716289995901,2.825940264909632e-6,2.8259402937345396e-6,4.812825560068113e-6
13.61,0.0127,0.789648183294706,2.035241003498151e-6,2.0352410259781978e-6,4.812825560068113e-6
13.61,0.0127,1.297114881182717,1.1930966382122192e-6,1.1930966397965204e-6,4.812825560068113e-6
13.61,0.0127,2.1307045980472066,5.021998661502993e-7,5.021998291689722e-7,4.812825560068113e-6
13.61,0.0127,3.5000000000000004,9.93659721973771e-8,9.936594729439613e-8,4.812825560068113e-6
13.61,0.0127,3.8,5.2217014067365524e-8,5.2217004564739304e-8,4.812825560068113e-6
13.61,0.0127,3.98,1.483664109198478e-8,1.4836637393277651e-8,4.812825560068113e-6
13.61,0.0127,3.9998,1.466574327094705e-9,1.4665739210883409e-9,4.812825560068113e-6
13.61,0.047,1.0000000000000001e-7,4.091021292255154e-6,4.091021330602066e-6,4.091047984394976e-6
13.61,0.047,1.6426491045299075e-7,4.0910102041419225e-6,4.091010242489015e-6,4.091047984394976e-6
13.61,0.047,2.698296080612907e-7,4.0909945099353605e-6,4.090994548282571e-6,4.091047984394976e-6
13.61,0.047,4.432353640575351e-7,4.090972296214997e-6,4.090972334562174e-6,4.091047984394976e-6
13.61,0.047,7.280801738650976e-7,4.090940854689924e-6,4.09094089303669e-6,4.091047984394976e-6
13.61,0.047,1.1959802456254818e-6,4.090896351975026e-6,4.090896390320974e-6,4.091047984394976e-6
13.61,0.047,1.9645758795121526e-6,4.090833362151902e-6,4.09083340049681e-6,4.091047984394976e-6
13.61,0.047,3.227108809261693e-6,4.09074420506458e-6,4.090744243409319e-6,4.091047984394976e-6
13.61,0.047,5.301007395754297e-6,4.090618009536399e-6,4.090618047882466e-6,4.091047984394976e-6
13.61,0.047,8.707695051742211e-6,4.090439386975265e-6,4.090439425324309e-6,4.091047984394976e-6
13.61,0.047,1.4303687479263852e-5,4.09018655291613e-6,4.090186591269202e-6,4.091047984394976e-6
13.61,0.047,2.3495939429288417e-5,4.089828665788122e-6,4.089828704144715e-6,4.091047984394976e-6
13.61,0.047,3.8595583863609565e-5,4.089322054581992e-6,4.089322092938524e-6,4.091047984394976e-6
13.61,0.047,6.33990012723672e-5,4.088604866685018e-6,4.08860490503386e-6,4.091047984394976e-6
13.61,0.047,0.00010414231266814445,4.087589463357313e-6,4.087589501687717e-6,4.091047984394976e-6
13.61,0.047,0.00017106927664800093,4.08615159056991e-6,4.086151628875277e-6,4.091047984394976e-6
13.61,0.047,0.00028100679409841776,4.084114903600094e-6,4.084114941897168e-6,4.091047984394976e-6
13.61,0.047,0.00046159555869258604,4.081228732863474e-6,4.081228771191157e-6,4.091047984394976e-6
13.61,0.047,0.0007582395311413588,4.077135881692743e-6,4.0771359201001855e-6,4.091047984394976e-6
13.61,0.047,0.00124552148684853,4.071325441945811e-6,4.07132548048326e-6,4.091047984394976e-6
13.61,0.047,0.002045954755044497,4.063062535685016e-6,4.063062574383747e-6,4.091047984394976e-6
13.61,0.047,0.0033607857462825456,4.051281489319899e-6,4.051281528153301e-6,4.091047984394976e-6
13.61,0.047,0.005520591696647901,4.0344193217086125e-6,4.034419360528401e-6,4.091047984394976e-6
13.61,0.047,0.009068395006973916,4.010149393451445e-6,4.0101494319304515e-6,4.091047984394976e-6
13.61,0.047,0.01489619093772919,3.974946114260462e-6,3.974946152060751e-6,4.091047984394976e-6
13.61,0.047,0.024469214704767362,3.92336722330366e-6,3.9233672611921335e-6,4.091047984394976e-6
13.61,0.047,0.04019433362333615,3.846888555804867e-6,3.846888596871626e-6,4.091047984394976e-6
13.61,0.047,0.06602518613354949,3.732122379581418e-6,3.732122429248976e-6,4.091047984394976e-6
13.61,0.047,0.1084562128786955,3.558487170129119e-6,3.558487234487211e-6,4.091047984394976e-6
13.61,0.047,0.17815550096589414,3.2963757805761337e-6,3.296375860674771e-6,4.091047984394976e-6
13.61,0.047,0.292646974128703,2.9094778299502555e-6,2.90947791381479e-6,4.091047984394976e-6
13.61,0.047,0.480716289995901,2.369345313259468e-6,2.3693453764828903e-6,4.091047984394976e-6
13.61,0.047,0.789648183294706,1.6910499378469933e-6,1.6910499648817958e-6,4.091047984394976e-6
13.61,0.047,1.297114881182717,9.770474503677386e-7,9.770474551563064e-7,4.091047984394976e-6
13.61,0.047,2.1307045980472066,4.022519755650766e-7,4.0225197249367367e-7,4.091047984394976e-6
13.61,0.047,3.5000000000000004,7.719990563028822e-8,7.719989825689252e-8,4.091047984394976e-6
13.61,0.047,3.8,4.034233071563704e-8,4.034232976144069e-8,4.091047984394976e-6
13.61,0.047,3.98,1.1426425328406634e-8,1.1426422150453033e-8,4.091047984394976e-6
13.61,0.047,3.9998,1.1290978014784827e-9,1.1290975386937401e-9,4.091047984394976e-6
13.61,0.173,1.0000000000000001e-7,2.390625522313004e-6,2.3906255499569226e-6,2.390642127697743e-6
13.61,0.173,1.6426491045299075e-7,2.390618624312267e-6,2.3906186519562037e-6,2.390642127697743e-6
13.61,0.173,2.698296080612907e-7,2.3906088608246645e-6,2.3906088884687223e-6,2.390642127697743e-6
13.61,0.173,4.432353640575351e-7,2.390595041495373e-6,2.3905950691396806e-6,2.390642127697743e-6
13.61,0.173,7.280801738650976e-7,2.390575481472855e-6,2.3905755091174805e-6,2.390642127697743e-6
13.61,0.173,1.1959802456254818e-6,2.3905477959718344e-6,2.390547823616678e-6,2.390642127697743e-6
13.61,0.173,1.9645758795121526e-6,2.3905086094705916e-6,2.3905086371153575e-6,2.390642127697743e-6
13.61,0.173,3.227108809261693e-6,2.390453144047474e-6,2.390453171691564e-6,2.390642127697743e-6
13.61,0.173,5.301007395754297e-6,2.3903746365728805e-6,2.3903746642155576e-6,2.390642127697743e-6
13.61,0.173,8.707695051742211e-6,2.3902635134843558e-6,2.390263541125431e-6,2.390642127697743e-6
13.61,0.173,1.4303687479263852e-5,2.3901062220355374e-6,2.3901062496766687e-6,2.390642127697743e-6
13.61,0.173,2.3495939429288417e-5,2.3898835743832474e-6,2.3898836020271476e-6,2.390642127697743e-6
13.61,0.173,3.8595583863609565e-5,2.389568400014875e-6,2.3895684276644396e-6,2.390642127697743e-6
13.61,0.173,6.33990012723672e-5,2.38912221435942e-6,2.3891222420165376e-6,2.390642127697743e-6
13.61,0.173,0.00010414231266814445,2.3884904839497263e-6,2.3884905116134476e-6,2.390642127697743e-6
13.61,0.173,0.00017106927664800093,2.3875958804772333e-6,2.387595908141358e-6,2.390642127697743e-6
13.61,0.173,0.00028100679409841776,2.3863286331369266e-6,2.38632866078817e-6,2.390642127697743e-6
13.61,0.173,0.00046159555869258604,2.384532651385965e-6,2.384532679005935e-6,2.390642127697743e-6
13.61,0.173,0.0007582395311413588,2.38198539192548e-6,2.381985419505282e-6,2.390642127697743e-6
13.61,0.173,0.00124552148684853,2.3783682872365024e-6,2.378368314814913e-6,2.390642127697743e-6
13.61,0.173,0.002045954755044497,2.373222569507589e-6,2.373222597172961e-6,2.390642127697743e-6
13.61,0.173,0.0033607857462825456,2.3658818282807874e-6,2.3658818561664614e-6,2.390642127697743e-6
13.61,0.173,0.005520591696647901,2.355366405129609e-6,2.355366433413927e-6,2.390642127697743e-6
13.61,0.173,0.009068395006973916,2.3402137309269193e-6,2.3402137597965486e-6,2.390642127697743e-6
13.61,0.173,0.01489619093772919,2.318200219036067e-6,2.3182002485548664e-6,2.390642127697743e-6
13.61,0.173,0.024469214704767362,2.28588272329712e-6,2.2858827531280074e-6,2.390642127697743e-6
13.61,0.173,0.04019433362333615,2.237858163229894e-6,2.2378581923750037e-6,2.390642127697743e-6
13.61,0.173,0.06602518613354949,2.1656495462486067e-6,2.165649573770919e-6,2.390642127697743e-6
13.61,0.173,0.1084562128786955,2.056311243564865e-6,2.0563112721613356e-6,2.390642127697743e-6
13.61,0.173,0.17815550096589414,1.8915441592638415e-6,1.8915441958189743e-6,2.390642127697743e-6
13.61,0.173,0.292646974128703,1.6498676581842314e-6,1.649867706987862e-6,2.390642127697743e-6
13.61,0.173,0.480716289995901,1.317084502663725e-6,1.317084555113113e-6,2.390642127697743e-6
13.61,0.173,0.789648183294706,9.09580222200886e-7,9.095802547316026e-7,2.390642127697743e-6
13.61,0.173,1.297114881182717,4.984423028141771e-7,4.984423003266391e-7,2.390642127697743e-6
13.61,0.173,2.1307045980472066,1.89247300194802e-7,1.8924728270189342e-7,2.390642127697743e-6
13.61,0.173,3.5000000000000004,3.2487005415915e-8,3.248700113252632e-8,2.390642127697743e-6
13.61,0.173,3.8,1.663439687846387e-8,1.6634392002976263e-8,2.390642127697743e-6
13.61,0.173,3.98,4.657664309165966e-9,4.657664092395126e-9,2.390642127697743e-6
13.61,0.173,3.9998,4.596797354229232e-10,4.5967972231856725e-10,2.390642127697743e-6
13.61,0.61,1.0000000000000001e-7,6.214192143156191e-7,6.214192223753964e-7,6.214243545033676e-7
13.61,0.61,1.6426491045299075e-7,6.214170790427405e-7,6.214170871024893e-7,6.214243545033676e-7
13.61,0.61,2.698296080612907e-7,6.214140567590554e-7,6.214140648187994e-7,6.214243545033676e-7
13.61,0.61,4.432353640575351e-7,6.214097789895807e-7,6.21409787049379e-7,6.214243545033676e-7
13.61,0.61,7.280801738650976e-7,6.214037241863999e-7,6.214037322463187e-7,6.214243545033676e-7
13.61,0.61,1.1959802456254818e-6,6.213951541334369e-7,6.213951621935371e-7,6.214243545033676e-7
13.61,0.61,1.9645758795121526e-6,6.213830239233038e-7,6.213830319835921e-7,6.214243545033676e-7
13.61,0.61,3.227108809261693e-6,6.213658545147886e-7,6.213658625751924e-7,6.214243545033676e-7
13.61,0.61,5.301007395754297e-6,6.213415522966038e-7,6.213415603569056e-7,6.214243545033676e-7
13.61,0.61,8.707695051742211e-6,6.213071535742935e-7,6.213071616341579e-7,6.214243545033676e-7
13.61,0.61,1.4303687479263852e-5,6.21258462634457e-7,6.212584706936261e-7,6.214243545033676e-7
13.61,0.61,2.3495939429288417e-5,6.211895388155863e-7,6.211895468744915e-7,6.214243545033676e-7
13.61,0.61,3.8595583863609565e-5,6.210919690372766e-7,6.210919770972603e-7,6.214243545033676e-7
13.61,0.61,6.33990012723672e-5,6.209538347945655e-7,6.209538428572953e-7,6.214243545033676e-7
13.61,0.61,0.00010414231266814445,6.207582424694232e-7,6.207582505364768e-7,6.214243545033676e-7
13.61,0.61,0.00017106927664800093,6.204812260649126e-7,6.20481234137027e-7,6.214243545033676e-7
13.61,0.61,0.00028100679409841776,6.200887404885411e-7,6.200887485645233e-7,6.214243545033676e-7
13.61,0.61,0.00046159555869258604,6.19532320783406e-7,6.195323288588654e-7,6.214243545033676e-7
13.61,0.61,0.0007582395311413588,6.187427508071739e-7,6.18742758874098e-7,6.214243545033676e-7
13.61,0.61,0.00124552148684853,6.176206940347818e-7,6.176207020850339e-7,6.214243545033676e-7
13.61,0.61,0.002045954755044497,6.160225588402664e-7,6.160225668822397e-7,6.214243545033676e-7
13.61,0.61,0.0033607857462825456,6.137386609836856e-7,6.137386690632188e-7,6.214243545033676e-7
13.61,0.61,0.005520591696647901,6.104585895941268e-7,6.104585977961281e-7,6.214243545033676e-7
13.61,0.61,0.009068395006973916,6.057149355686614e-7,6.057149440281678e-7,6.214243545033676e-7
13.61,0.61,0.01489619093772919,5.987904887362282e-7,5.987904976291734e-7,6.214243545033676e-7
13.61,0.61,0.024469214704767362,5.885658628649418e-7,5.885658723300974e-7,6.214243545033676e-7
13.61,0.61,0.04019433362333615,5.732790242514805e-7,5.73279034192351e-7,6.214243545033676e-7
13.61,0.61,0.06602518613354949,5.501850459200749e-7,5.501850557600957e-7,6.214243545033676e-7
13.61,0.61,0.1084562128786955,5.152011579934537e-7,5.152011668543769e-7,6.214243545033676e-7
13.61,0.61,0.17815550096589414,4.6292267223767593e-7,4.629226804317092e-7,6.214243545033676e-7
13.61,0.61,0.292646974128703,3.880301395337133e-7,3.880301495258958e-7,6.214243545033676e-7
13.61,0.61,0.480716289995901,2.8971273841659875e-7,2.8971275053207146e-7,6.214243545033676e-7
13.61,0.61,0.789648183294706,1.7909312326505881e-7,1.7909313244066701e-7,6.214243545033676e-7
13.61,0.61,1.297114881182717,8.207625013140626e-8,8.207625048748076e-8,6.214243545033676e-7
13.61,0.61,2.1307045980472066,2.3652335119342363e-8,2.365232973347166e-8,6.214243545033676e-7
13.61,0.61,3.5000000000000004,2.771756124487539e-9,2.7717543901103595e-9,6.214243545033676e-7
13.61,0.61,3.8,1.3248302829380652e-9,1.324829202136008e-9,6.214243545033676e-7
13.61,0.61,3.98,3.569641180532741e-10,3.569640733670056e-10,6.214243545033676e-7
13.61,0.61,3.9998,3.508591261605285e-11,3.508590362723551e-11,6.214243545033676e-7
13.61,1.73,1.0000000000000001e-7,9.927983422214321e-8,9.927983459784163e-8,9.928092908565312e-8
13.61,1.73,1.6426491045299075e-7,9.927937940730062e-8,9.927937978299557e-8,9.928092908565312e-8
13.61,1.73,2.698296080612907e-7,9.927873565810274e-8,9.927873603379543e-8,9.928092908565312e-8
13.61,1.73,4.432353640575351e-7,9.92778244884941e-8,9.927782486419735e-8,9.928092908565312e-8
13.61,1.73,7.280801738650976e-7,9.927653480693126e-8,9.927653518266409e-8,9.928092908565312e-8
13.61,1.73,1.1959802456254818e-6,9.927470936943602e-8,9.927470974521827e-8,9.928092908565312e-8
13.61,1.73,1.9645758795121526e-6,9.92721256020166e-8,9.927212597786303e-8,9.928092908565312e-8
13.61,1.73,3.227108809261693e-6,9.926846844936236e-8,9.926846882527249e-8,9.928092908565312e-8
13.61,1.73,5.301007395754297e-6,9.926329192808066e-8,9.926329230402648e-8,9.928092908565312e-8
13.61,1.73,8.707695051742211e-6,9.925596467073159e-8,9.92559650466541e-8,9.928092908565312e-8
13.61,1.73,1.4303687479263852e-5,9.924559276109427e-8,9.924559313692373e-8,9.928092908565312e-8
13.61,1.73,2.3495939429288417e-5,9.923091031504046e-8,9.923091069079503e-8,9.928092908565312e-8
13.61,1.73,3.8595583863609565e-5,9.921012415334568e-8,9.921012452930442e-8,9.928092908565312e-8
13.61,1.73,6.33990012723672e-5,9.918069291927213e-8,9.918069329588416e-8,9.928092908565312e-8
13.61,1.73,0.00010414231266814445,9.913901211171374e-8,9.913901248949374e-8,9.928092908565312e-8
13.61,1.73,0.00017106927664800093,9.907996305218849e-8,9.907996343159497e-8,9.928092908565312e-8
13.61,1.73,0.00028100679409841776,9.899626284020789e-8,9.899626322142431e-8,9.928092908565312e-8
13.61,1.73,0.00046159555869258604,9.887751854392246e-8,9.887751892654965e-8,9.928092908565312e-8
13.61,1.73,0.0007582395311413588,9.870883230663227e-8,9.870883268939558e-8,9.928092908565312e-8
13.61,1.73,0.00124552148684853,9.846870613109465e-8,9.846870651201044e-8,9.928092908565312e-8
13.61,1.73,0.002045954755044497,9.812582141199704e-8,9.812582179068576e-8,9.928092908565312e-8
13.61,1.73,0.0033607857462825456,9.7633957829668e-8,9.763395821503437e-8,9.928092908565312e-8
13.61,1.73,0.005520591696647901,9.692377112968776e-8,9.692377154411973e-8,9.928092908565312e-8
13.61,1.73,0.009068395006973916,9.588924721168434e-8,9.588924769502915e-8,9.928092908565312e-8
13.61,1.73,0.01489619093772919,9.436535897891917e-8,9.436535959025452e-8,9.928092908565312e-8
13.61,1.73,0.024469214704767362,9.20922857649014e-8,9.209228656656523e-8,9.928092908565312e-8
13.61,1.73,0.04019433362333615,8.866294542307235e-8,8.866294642972288e-8,9.928092908565312e-8
13.61,1.73,0.06602518613354949,8.346218848355571e-8,8.346218958569558e-8,9.928092908565312e-8
13.61,1.73,0.1084562128786955,7.564586695614148e-8,7.564586791524633e-8,9.928092908565312e-8
13.61,1.73,0.17815550096589414,6.430168880706486e-8,6.43016895088973e-8,9.928092908565312e-8
13.61,1.73,0.292646974128703,4.905645382918504e-8,4.905645469672315e-8,9.928092908565312e-8
13.61,1.73,0.480716289995901,3.126612044397663e-8,3.1266121737588124e-8,9.928092908565312e-8
13.61,1.73,0.789648183294706,1.4871789268802883e-8,1.4871790312609808e-8,9.928092908565312e-8
13.61,1.73,1.297114881182717,4.454035162959939e-9,4.454035295715416e-9,9.928092908565312e-8
13.61,1.73,2.1307045980472066,6.580897666263789e-10,6.580894343325058e-10,9.928092908565312e-8
13.61,1.73,3.5000000000000004,2.9875623024185874e-11,2.9875540054420544e-11,9.928092908565312e-8
13.61,1.73,3.8,1.2068853031470665e-11,1.2068816800668517e-11,9.928092908565312e-8
13.61,1.73,3.98,2.96627163062836e-12,2.966270413232032e-12,9.928092908565312e-8
13.61,1.73,3.9998,2.8874666864849024e-13,2.887464440622836e-13,9.928092908565312e-8
13.61,4.71,1.0000000000000001e-7,1.1074776923776807e-8,1.1074798975534688e-8,1.1074957835664156e-8
13.61,4.71,1.6426491045299075e-7,1.107470177147234e-8,1.1074723823329378e-8,1.1074957835664156e-8
13.61,4.71,2.698296080612907e-7,1.1074595400069687e-8,1.1074617451979992e-8,1.1074957835664156e-8
13.61,4.71,4.432353640575351e-7,1.1074444840540537e-8,1.1074466892528356e-8,1.1074957835664156e-8
13.61,4.71,7.280801738650976e-7,1.1074231735912797e-8,1.1074253788012138e-8,1.1074957835664156e-8
13.61,4.71,1.1959802456254818e-6,1.1073930102402375e-8,1.107395215465981e-8,1.1074957835664156e-8
13.61,4.71,1.9645758795121526e-6,1.1073503159617801e-8,1.1073525212097114e-8,1.1074957835664156e-8
13.61,4.71,3.227108809261693e-6,1.1072898841972795e-8,1.1072920894761259e-8,1.1074957835664156e-8
13.61,4.71,5.301007395754297e-6,1.1072043440833197e-8,1.1072065494050974e-8,1.1074957835664156e-8
13.61,4.71,8.707695051742211e-6,1.1070832594860345e-8,1.1070854648677328e-8,1.1074957835664156e-8
13.61,4.71,1.4303687479263852e-5,1.106911851322544e-8,1.1069140567892169e-8,1.1074957835664156e-8
13.61,4.71,2.3495939429288417e-5,1.1066691835583525e-8,1.1066713891488102e-8,1.1074957835664156e-8
13.61,4.71,3.8595583863609565e-5,1.1063255830299846e-8,1.1063277888031741e-8,1.1074957835664156e-8
13.61,4.71,6.33990012723672e-5,1.1058389589494797e-8,1.1058411649910069e-8,1.1074957835664156e-8
13.61,4.71,0.00010414231266814445,1.1051495295721205e-8,1.1051517360067173e-8,1.1074957835664156e-8
13.61,4.71,0.00017106927664800093,1.104172215879053e-8,1.1041744228916017e-8,1.1074957835664156e-8
13.61,4.71,0.00028100679409841776,1.1027855612380807e-8,1.1027877691112436e-8,1.1074957835664156e-8
13.61,4.71,0.00046159555869258604,1.1008153625901752e-8,1.100817571775542e-8,1.1074957835664156e-8
13.61,4.71,0.0007582395311413588,1.0980100289714481e-8,1.0980122402304592e-8,1.1074957835664156e-8
13.61,4.71,0.00124552148684853,1.0940026035087424e-8,1.0940048182015465e-8,1.1074957835664156e-8
13.61,4.71,0.002045954755044497,1.0882506661374888e-8,1.0882528868316264e-8,1.1074957835664156e-8
13.61,4.71,0.0033607857462825456,1.0799388198371694e-8,1.079941051452083e-8,1.1074957835664156e-8
13.61,4.71,0.005520591696647901,1.0678177584527813e-8,1.0678200101898872e-8,1.1074957835664156e-8
13.61,4.71,0.009068395006973916,1.0499388857857366e-8,1.0499411744507913e-8,1.1074957835664156e-8
13.61,4.71,0.01489619093772919,1.0232309994460254e-8,1.023233354369958e-8,1.1074957835664156e-8
13.61,4.71,0.024469214704767362,9.828867776687894e-9,9.828892462307519e-9,1.1074957835664156e-8
13.61,4.71,0.04019433362333615,9.216776071193197e-9,9.216802562530004e-9,1.1074957835664156e-8
13.61,4.71,0.06602518613354949,8.298171803055347e-9,8.298200813314093e-9,1.1074957835664156e-8
13.61,4.71,0.1084562128786955,6.971423433431003e-9,6.97145515704347e-9,1.1074957835664156e-8
13.61,4.71,0.17815550096589414,5.207728540406779e-9,5.207761458965694e-9,1.1074957835664156e-8
13.61,4.71,0.292646974128703,3.193609504227938e-9,3.1936390815222e-9,1.1074957835664156e-8
13.61,4.71,0.480716289995901,1.412988698369514e-9,1.4130085756997708e-9,1.1074957835664156e-8
13.61,4.71,0.789648183294706,3.680229782998269e-10,3.6803100190080555e-10,1.1074957835664156e-8
13.61,4.71,1.297114881182717,4.138120740272786e-11,4.138261462552298e-11,1.1074957835664156e-8
13.61,4.71,2.1307045980472066,1.2790887852154126e-12,1.2791553278219997e-12,1.1074957835664156e-8
13.61,4.71,3.5000000000000004,5.573512440004856e-15,5.573808463675209e-15,1.1074957835664156e-8
13.61,4.71,3.8,1.478234337562811e-15,1.478302094545333e-15,1.1074957835664156e-8
13.61,4.71,3.98,2.912334905163367e-16,2.9125397250303743e-16,1.1074957835664156e-8
13.61,4.71,3.9998,2.7714282755208065e-17,2.7716276389290355e-17,1.1074957835664156e-8
14.13,0.00113,1.0000000000000001e-7,2.6778824530411438e-6,2.6778824627589e-6,2.6779250703471305e-6
14.13,0.00113,1.6426491045299075e-7,2.6778647494567974e-6,2.6778647591802414e-6,2.6779250703471305e-6
14.13,0.00113,2.698296080612907e-7,2.67783969160704e-6,2.6778397013387458e-6,2.6779250703471305e-6
14.13,0.00113,4.432353640575351e-7,2.6778042243842e-6,2.6778042341281463e-6,2.6779250703471305e-6
14.13,0.00113,7.280801738650976e-7,2.677754023444072e-6,2.6777540332058256e-6,2.6779250703471305e-6
14.13,0.00113,1.1959802456254818e-6,2.6776829677946994e-6,2.677682977581891e-6,2.6779250703471305e-6
14.13,0.00113,1.9645758795121526e-6,2.677582393084157e-6,2.67758240290703e-6,2.6779250703471305e-6
14.13,0.00113,3.227108809261693e-6,2.6774400342143956e-6,2.6774400440866527e-6,2.6779250703471305e-6
14.13,0.00113,5.301007395754297e-6,2.67723852759773e-6,2.6772385375377443e-6,2.6779250703471305e-6
14.13,0.00113,8.707695051742211e-6,2.6769532886946245e-6,2.676953298727802e-6,2.6779250703471305e-6
14.13,0.00113,1.4303687479263852e-5,2.6765495020533075e-6,2.6765495122166394e-6,2.6779250703471305e-6
14.13,0.00113,2.3495939429288417e-5,2.675977847762131e-6,2.6759778581133794e-6,2.6779250703471305e-6
14.13,0.00113,3.8595583863609565e-5,2.6751684226533447e-6,2.6751684332837204e-6,2.6779250703471305e-6
14.13,0.00113,6.33990012723672e-5,2.67402206868717e-6,2.674022079727072e-6,2.6779250703471305e-6
14.13,0.00113,0.00010414231266814445,2.6723979474006537e-6,2.672397959031298e-6,2.6779250703471305e-6
14.13,0.00113,0.00017106927664800093,2.6700956150810593e-6,2.6700956275516476e-6,2.6779250703471305e-6
14.13,0.00113,0.00028100679409841776,2.666828907394466e-6,2.6668289210469445e-6,2.6779250703471305e-6
14.13,0.00113,0.00046159555869258604,2.6621873535388763e-6,2.6621873688472168e-6,2.6779250703471305e-6
14.13,0.00113,0.0007582395311413588,2.6555780825944066e-6,2.655578100234883e-6,2.6779250703471305e-6
14.13,0.00113,0.00124552148684853,2.6461362904830723e-6,2.64613631148074e-6,2.6779250703471305e-6
14.13,0.00113,0.002045954755044497,2.632583609911395e-6,2.632583635996043e-6,2.6779250703471305e-6
14.13,0.00113,0.0033607857462825456,2.6129985177444194e-6,2.612998552111958e-6,2.6779250703471305e-6
14.13,0.00113,0.005520591696647901,2.5844381531815285e-6,2.584438201362106e-6,2.6779250703471305e-6
14.13,0.00113,0.009068395006973916,2.542316852205133e-6,2.5423169233983595e-6,2.6779250703471305e-6
14.13,0.00113,0.01489619093772919,2.4794208269139844e-6,2.479420935619141e-6,2.6779250703471305e-6
14.13,0.00113,0.024469214704767362,2.384495921563846e-6,2.3844960886518266e-6,2.6779250703471305e-6
14.13,0.00113,0.04019433362333615,2.240710790849814e-6,2.2407110425475454e-6,2.6779250703471305e-6
14.13,0.00113,0.06602518613354949,2.025466463543204e-6,2.0254668262688915e-6,2.6779250703471305e-6
14.13,0.00113,0.1084562128786955,1.7155683860709193e-6,1.7155688742261926e-6,2.6779250703471305e-6
14.13,0.00113,0.17815550096589414,1.3044820345103715e-6,1.3044826261049993e-6,2.6779250703471305e-6
14.13,0.00113,0.292646974128703,8.32899787321229e-7,8.32900386184782e-7,2.6779250703471305e-6
14.13,0.00113,0.480716289995901,4.048044397745616e-7,4.048048793799542e-7,2.6779250703471305e-6
14.13,0.00113,0.789648183294706,1.3119017811091582e-7,1.3119037409750382e-7,2.6779250703471305e-6
14.13,0.00113,1.297114881182717,2.4214715167436563e-8,2.4214757937679866e-8,2.6779250703471305e-6
14.13,0.00113,2.1307045980472066,2.174619711022252e-9,2.174622525931945e-9,2.6779250703471305e-6
14.13,0.00113,3.5000000000000004,7.232858797290457e-11,7.23285377302377e-11,2.6779250703471305e-6
14.13,0.00113,3.8,2.8743237222423468e-11,2.8743213354227912e-11,2.6779250703471305e-6
14.13,0.00113,3.98,7.032823064447291e-12,7.03282360994962e-12,2.6779250703471305e-6
14.13,0.00113,3.9998,6.843985925855404e-13,6.843986792303133e-13,2.6779250703471305e-6
14.13,0.0037,1.0000000000000001e-7,2.6441409493379344e-6,2.6441409495252443e-6,2.6441830905902078e-6
14.13,0.0037,1.6426491045299075e-7,2.6441234435101686e-6,2.644123443697765e-6,2.6441830905902078e-6
14.13,0.0037,2.698296080612907e-7,2.6440986655671376e-6,2.644098665755357e-6,2.6441830905902078e-6
14.13,0.0037,4.432353640575351e-7,2.6440635945277952e-6,2.6440635947169445e-6,2.6441830905902078e-6
14.13,0.0037,7.280801738650976e-7,2.644013954352149e-6,2.644013954542397e-6,2.6441830905902078e-6
14.13,0.0037,1.1959802456254818e-6,2.6439436924210193e-6,2.643943692612193e-6,2.6441830905902078e-6
14.13,0.0037,1.9645758795121526e-6,2.6438442411639143e-6,2.6438442413553255e-6,2.6441830905902078e-6
14.13,0.0037,3.227108809261693e-6,2.6437034724820237e-6,2.6437034726725273e-6,2.6441830905902078e-6
14.13,0.0037,5.301007395754297e-6,2.643504216729845e-6,2.643504216918485e-6,2.6441830905902078e-6
14.13,0.0037,8.707695051742211e-6,2.6432221639496493e-6,2.6432221641381806e-6,2.6441830905902078e-6
14.13,0.0037,1.4303687479263852e-5,2.6428228875059718e-6,2.6428228877004095e-6,2.6441830905902078e-6
14.13,0.0037,2.3495939429288417e-5,2.6422576182124095e-6,2.6422576184206775e-6,2.6441830905902078e-6
14.13,0.0037,3.8595583863609565e-5,2.641457233295741e-6,2.641457233526005e-6,2.6441830905902078e-6
14.13,0.0037,6.33990012723672e-5,2.6403236813250135e-6,2.6403236815828863e-6,2.6441830905902078e-6
14.13,0.0037,0.00010414231266814445,2.638717694741834e-6,2.6387176950259977e-6,2.6441830905902078e-6
14.13,0.0037,0.00017106927664800093,2.636441063670114e-6,2.6364410639671425e-6,2.6441830905902078e-6
14.13,0.0037,0.00028100679409841776,2.63321080876866e-6,2.633210809050567e-6,2.6441830905902078e-6
14.13,0.0037,0.00046159555869258604,2.6286210188266956e-6,2.628621019062679e-6,2.6441830905902078e-6
14.13,0.0037,0.0007582395311413588,2.6220853899006426e-6,2.6220853901187443e-6,2.6441830905902078e-6
14.13,0.0037,0.00124552148684853,2.612748658802725e-6,2.6127486591897913e-6,2.6441830905902078e-6
14.13,0.0037,0.002045954755044497,2.599346487499336e-6,2.5993464884092278e-6,2.6441830905902078e-6
14.13,0.0037,0.0033607857462825456,2.579978305672671e-6,2.5799783076730228e-6,2.6441830905902078e-6
14.13,0.0037,0.005520591696647901,2.551733124903663e-6,2.551733128755551e-6,2.6441830905902078e-6
14.13,0.0037,0.009068395006973916,2.510074670419808e-6,2.51007467679151e-6,2.6441830905902078e-6
14.13,0.0037,0.01489619093772919,2.447866729730029e-6,2.447866738415247e-6,2.6441830905902078e-6
14.13,0.0037,0.024469214704767362,2.353976993254991e-6,2.353977002107981e-6,2.6441830905902078e-6
14.13,0.0037,0.04019433362333615,2.2117604145548205e-6,2.211760419923183e-6,2.6441830905902078e-6
14.13,0.0037,0.06602518613354949,1.9988815588466745e-6,1.9988815613305766e-6,2.6441830905902078e-6
14.13,0.0037,0.1084562128786955,1.6924545857186283e-6,1.6924545967041801e-6,2.6441830905902078e-6
14.13,0.0037,0.17815550096589414,1.286143850711485e-6,1.2861438769188323e-6,2.6441830905902078e-6
14.13,0.0037,0.292646974128703,8.203834018598716e-7,8.203834305538565e-7,2.6441830905902078e-6
14.13,0.0037,0.480716289995901,3.980837115440448e-7,3.9808372297022037e-7,2.6441830905902078e-6
14.13,0.0037,0.789648183294706,1.2868531992196043e-7,1.2868531682169467e-7,2.6441830905902078e-6
14.13,0.0037,1.297114881182717,2.366026029809751e-8,2.3660257017454107e-8,2.6441830905902078e-6
14.13,0.0037,2.1307045980472066,2.1128161139826385e-9,2.1128152876189673e-9,2.6441830905902078e-6
14.13,0.0037,3.5000000000000004,6.975963975790537e-11,6.975962539256052e-11,2.6441830905902078e-6
14.13,0.0037,3.8,2.7689245610094978e-11,2.76892387834371e-11,2.6441830905902078e-6
14.13,0.0037,3.98,6.770658568242114e-12,6.770656608491598e-12,2.6441830905902078e-6
14.13,0.0037,3.9998,6.588429578308603e-13,6.588428955081288e-13,2.6441830905902078e-6
14.13,0.0127,1.0000000000000001e-7,2.530198424617729e-6,2.53019842479262e-6,2.5302389534513907e-6
14.13,0.0127,1.6426491045299075e-7,2.5301815886017666e-6,2.5301815887769122e-6,2.5302389534513907e-6
14.13,0.0127,2.698296080612907e-7,2.530157758717355e-6,2.53015775889308e-6,2.5302389534513907e-6
14.13,0.0127,4.432353640575351e-7,2.5301240295721093e-6,2.5301240297487254e-6,2.5302389534513907e-6
14.13,0.0127,7.280801738650976e-7,2.5300762887349507e-6,2.530076288912648e-6,2.5302389534513907e-6
14.13,0.0127,1.1959802456254818e-6,2.5300087151689275e-6,2.5300087153475654e-6,2.5302389534513907e-6
14.13,0.0127,1.9645758795121526e-6,2.5299130691074775e-6,2.5299130692864348e-6,2.5302389534513907e-6
14.13,0.0127,3.227108809261693e-6,2.5297776864757704e-6,2.5297776866539015e-6,2.5302389534513907e-6
14.13,0.0127,5.301007395754297e-6,2.529586054521569e-6,2.529586054697846e-6,2.5302389534513907e-6
14.13,0.0127,8.707695051742211e-6,2.5293147933123653e-6,2.5293147934881127e-6,2.5302389534513907e-6
14.13,0.0127,1.4303687479263852e-5,2.5289307931591815e-6,2.5289307933400683e-6,2.5302389534513907e-6
14.13,0.0127,2.3495939429288417e-5,2.5283871502231428e-6,2.528387150416903e-6,2.5302389534513907e-6
14.13,0.0127,3.8595583863609565e-5,2.5276173849964048e-6,2.527617385211197e-6,2.5302389534513907e-6
14.13,0.0127,6.33990012723672e-5,2.526527194254551e-6,2.52652719449632e-6,2.5302389534513907e-6
14.13,0.0127,0.00010414231266814445,2.5249826313215085e-6,2.524982631589745e-6,2.5302389534513907e-6
14.13,0.0127,0.00017106927664800093,2.522793052772622e-6,2.522793053055204e-6,2.5302389534513907e-6
14.13,0.0127,0.00028100679409841776,2.5196862677413483e-6,2.519686268011418e-6,2.5302389534513907e-6
14.13,0.0127,0.00046159555869258604,2.51527181022617e-6,2.5152718104513965e-6,2.5302389534513907e-6
14.13,0.0127,0.0007582395311413588,2.508985622561592e-6,2.5089856227586533e-6,2.5302389534513907e-6
14.13,0.0127,0.00124552148684853,2.5000047648085456e-6,2.5000047651487886e-6,2.5302389534513907e-6
14.13,0.0127,0.002045954755044497,2.4871124332368554e-6,2.4871124340590296e-6,2.5302389534513907e-6
14.13,0.0127,0.0033607857462825456,2.468479059928079e-6,2.468479061784368e-6,2.5302389534513907e-6
14.13,0.0127,0.005520591696647901,2.441301678123665e-6,2.4413016817702052e-6,2.5302389534513907e-6
14.13,0.0127,0.009068395006973916,2.4012114265458112e-6,2.401211432680403e-6,2.5302389534513907e-6
14.13,0.0127,0.01489619093772919,2.3413350704247124e-6,2.3413350789338203e-6,2.5302389534513907e-6
14.13,0.0127,0.024469214704767362,2.2509533337547162e-6,2.2509533426261425e-6,2.5302389534513907e-6
14.13,0.0127,0.04019433362333615,2.114052490191738e-6,2.114052495725302e-6,2.5302389534513907e-6
14.13,0.0127,0.06602518613354949,1.909189425669124e-6,1.909189427656213e-6,2.5302389534513907e-6
14.13,0.0127,0.1084562128786955,1.6145213348976466e-6,1.614521343890612e-6,2.5302389534513907e-6
14.13,0.0127,0.17815550096589414,1.2243780007754247e-6,1.2243780240868897e-6,2.5302389534513907e-6
14.13,0.0127,0.292646974128703,7.783021968275057e-7,7.783022232582136e-7,2.5302389534513907e-6
14.13,0.0127,0.480716289995901,3.755563930463762e-7,3.7555640382568246e-7,2.5302389534513907e-6
14.13,0.0127,0.789648183294706,1.2033093704896227e-7,1.203309342013065e-7,2.5302389534513907e-6
14.13,0.0127,1.297114881182717,2.182552711893985e-8,2.182552403352601e-8,2.5302389534513907e-6
14.13,0.0127,2.1307045980472066,1.910701529265851e-9,1.91070074028239e-9,2.5302389534513907e-6
14.13,0.0127,3.5000000000000004,6.148728855332479e-11,6.148727390477708e-11,2.5302389534513907e-6
14.13,0.0127,3.8,2.4303861789233588e-11,2.430385504899048e-11,2.5302389534513907e-6
14.13,0.0127,3.98,5.92973195743265e-12,5.929730326775209e-12,2.5302389534513907e-6
14.13,0.0127,3.9998,5.768814583664942e-13,5.768814179091958e-13,2.5302389534513907e-6
14.13,0.047,1.0000000000000001e-7,2.1497693075811e-6,2.149769308214057e-6,2.149804394487987e-6
14.13,0.047,1.6426491045299075e-7,2.1497547321858524e-6,2.1497547328186674e-6,2.149804394487987e-6
14.13,0.047,2.698296080612907e-7,2.1497341020076976e-6,2.1497341026404265e-6,2.149804394487987e-6
14.13,0.047,4.432353640575351e-7,2.149704901767183e-6,2.1497049024002253e-6,2.149804394487987e-6
14.13,0.047,7.280801738650976e-7,2.1496635712151705e-6,2.1496635718491213e-6,2.149804394487987e-6
14.13,0.047,1.1959802456254818e-6,2.1496050709077674e-6,2.1496050715432704e-6,2.149804394487987e-6
14.13,0.047,1.9645758795121526e-6,2.1495222674219185e-6,2.1495222680594594e-6,2.149804394487987e-6
14.13,0.047,3.227108809261693e-6,2.149405062773282e-6,2.1494050634128887e-6,2.149804394487987e-6
14.13,0.047,5.301007395754297e-6,2.1492391612428835e-6,2.149239161883703e-6,2.149804394487987e-6
14.13,0.047,8.707695051742211e-6,2.149004321770795e-6,2.1490043224108863e-6,2.149804394487987e-6
14.13,0.047,1.4303687479263852e-5,2.148671879441303e-6,2.1486718800783145e-6,2.149804394487987e-6
14.13,0.047,2.3495939429288417e-5,2.148201226133909e-6,2.1482012267680243e-6,2.149804394487987e-6
14.13,0.047,3.8595583863609565e-5,2.1475348037361516e-6,2.1475348043759588e-6,2.149804394487987e-6
14.13,0.047,6.33990012723672e-5,2.1465909600522943e-6,2.1465909607123735e-6,2.149804394487987e-6
14.13,0.047,0.00010414231266814445,2.1452537082373046e-6,2.1452537089349844e-6,2.149804394487987e-6
14.13,0.047,0.00017106927664800093,2.1433579457695226e-6,2.1433579465211876e-6,2.149804394487987e-6
14.13,0.047,0.00028100679409841776,2.1406679020553726e-6,2.1406679028696258e-6,2.149804394487987e-6
14.13,0.047,0.00046159555869258604,2.136845258914874e-6,2.1368452597816166e-6,2.149804394487987e-6
14.13,0.047,0.0007582395311413588,2.1314010841257757e-6,2.1314010850028054e-6,2.149804394487987e-6
14.13,0.047,0.00124552148684853,2.1236216242298127e-6,2.1236216250404148e-6,2.149804394487987e-6
14.13,0.047,0.002045954755044497,2.11245070631197e-6,2.1124507070167235e-6,2.149804394487987e-6
14.13,0.047,0.0033607857462825456,2.096298814656304e-6,2.0962988155528916e-6,2.149804394487987e-6
14.13,0.047,0.005520591696647901,2.0727283930657933e-6,2.072728395008153e-6,2.149804394487987e-6
14.13,0.047,0.009068395006973916,2.0379371885194144e-6,2.037937193049899e-6,2.149804394487987e-6
14.13,0.047,0.01489619093772919,1.98594227754515e-6,1.985942286807964e-6,2.149804394487987e-6
14.13,0.047,0.024469214704767362,1.907422444849427e-6,1.907422460609995e-6,2.149804394487987e-6
14.13,0.047,0.04019433362333615,1.788498465040141e-6,1.7884984864428141e-6,2.149804394487987e-6
14.13,0.047,0.06602518613354949,1.6107350285732409e-6,1.6107350500194356e-6,2.149804394487987e-6
14.13,0.047,0.1084562128786955,1.3557773452844943e-6,1.3557773587525069e-6,2.149804394487987e-6
14.13,0.047,0.17815550096589414,1.0201000610915248e-6,1.0201000655297097e-6,2.149804394487987e-6
14.13,0.047,0.292646974128703,6.400386279365891e-7,6.400386328269474e-7,2.149804394487987e-6
14.13,0.047,0.480716289995901,3.0235237367524136e-7,3.023523785730085e-7,2.149804394487987e-6
14.13,0.047,0.789648183294706,9.366998546854631e-8,9.366998462847109e-8,2.149804394487987e-6
14.13,0.047,1.297114881182717,1.613552766810857e-8,1.613552526910647e-8,2.149804394487987e-6
14.13,0.047,2.1307045980472066,1.3100278823844916e-9,1.3100268783282722e-9,2.149804394487987e-6
14.13,0.047,3.5000000000000004,3.822872798239184e-11,3.822866125578929e-11,2.149804394487987e-6
14.13,0.047,3.8,1.4871441624281468e-11,1.487142398926468e-11,2.149804394487987e-6
14.13,0.047,3.98,3.5979760687885866e-12,3.5979775621742708e-12,2.149804394487987e-6
14.13,0.047,3.9998,3.497288440955131e-13,3.497290233584536e-13,2.149804394487987e-6
14.13,0.173,1.0000000000000001e-7,1.2550133898546785e-6,1.2550133895916085e-6,1.2550352176903475e-6
14.13,0.173,1.6426491045299075e-7,1.2550043223862657e-6,1.255004322123343e-6,1.2550352176903475e-6
14.13,0.173,2.698296080612907e-7,1.2549914881863357e-6,1.2549914879234779e-6,1.2550352176903475e-6
14.13,0.173,4.432353640575351e-7,1.2549733224740122e-6,1.2549733222110718e-6,1.2550352176903475e-6
14.13,0.173,7.280801738650976e-7,1.2549476103765213e-6,1.2549476101133478e-6,1.2550352176903475e-6
14.13,0.173,1.1959802456254818e-6,1.2549112167836517e-6,1.2549112165203743e-6,1.2550352176903475e-6
14.13,0.173,1.9645758795121526e-6,1.254859703860804e-6,1.2548597035981676e-6,1.2550352176903475e-6
14.13,0.173,3.227108809261693e-6,1.2547867893960693e-6,1.2547867891351292e-6,1.2550352176903475e-6
14.13,0.173,5.301007395754297e-6,1.2546835795026843e-6,1.2546835792445692e-6,1.2550352176903475e-6
14.13,0.173,8.707695051742211e-6,1.2545374811202875e-6,1.2545374808658288e-6,1.2550352176903475e-6
14.13,0.173,1.4303687479263852e-5,1.254330659429108e-6,1.2543306591782826e-6,1.2550352176903475e-6
14.13,0.173,2.3495939429288417e-5,1.2540378468850855e-6,1.2540378466363401e-6,1.2550352176903475e-6
14.13,0.173,3.8595583863609565e-5,1.2536232249517806e-6,1.253623224701748e-6,1.2550352176903475e-6
14.13,0.173,6.33990012723672e-5,1.2530359718169976e-6,1.25303597156172e-6,1.2550352176903475e-6
14.13,0.173,0.00010414231266814445,1.252203874030232e-6,1.2522038737710476e-6,1.2550352176903475e-6
14.13,0.173,0.00017106927664800093,1.251024092052208e-6,1.251024091806254e-6,1.2550352176903475e-6
14.13,0.173,0.00028100679409841776,1.2493496667071904e-6,1.2493496665036922e-6,1.2550352176903475e-6
14.13,0.173,0.00046159555869258604,1.2469695014905251e-6,1.2469695013682763e-6,1.2550352176903475e-6
14.13,0.173,0.0007582395311413588,1.2435780667293831e-6,1.243578066733233e-6,1.2550352176903475e-6
14.13,0.173,0.00124552148684853,1.23872841980005e-6,1.2387284199687662e-6,1.2550352176903475e-6
14.13,0.173,0.002045954755044497,1.2317574164905633e-6,1.2317574168259254e-6,1.2550352176903475e-6
14.13,0.173,0.0033607857462825456,1.2216638458235463e-6,1.2216638462336407e-6,1.2550352176903475e-6
14.13,0.173,0.005520591696647901,1.2069072941731812e-6,1.2069072944345927e-6,1.2550352176903475e-6
14.13,0.173,0.009068395006973916,1.1850789398079502e-6,1.185078939809984e-6,1.2550352176903475e-6
14.13,0.173,0.01489619093772919,1.1523873875297152e-6,1.1523873883110233e-6,1.2550352176903475e-6
14.13,0.173,0.024469214704767362,1.102950207575334e-6,1.1029502117472264e-6,1.2550352176903475e-6
14.13,0.173,0.04019433362333615,1.0281174555469201e-6,1.028117466603154e-6,1.2550352176903475e-6
14.13,0.173,0.06602518613354949,9.167453254420732e-7,9.167453453371672e-7,1.2550352176903475e-6
14.13,0.173,0.1084562128786955,7.587015691562864e-7,7.587015945280332e-7,1.2550352176903475e-6
14.13,0.173,0.17815550096589414,5.548459582095435e-7,5.548459797337712e-7,1.2550352176903475e-6
14.13,0.173,0.292646974128703,3.3208655396058935e-7,3.3208656414097295e-7,1.2550352176903475e-6
14.13,0.173,0.480716289995901,1.4529492060894231e-7,1.4529492255895573e-7,1.2550352176903475e-6
14.13,0.173,0.789648183294706,3.985757928643975e-8,3.9857579614392986e-8,1.2550352176903475e-6
14.13,0.173,1.297114881182717,5.6962421239982e-9,5.696242126579253e-9,1.2550352176903475e-6
14.13,0.173,2.1307045980472066,3.516963278278739e-10,3.5169623359576994e-10,1.2550352176903475e-6
14.13,0.173,3.5000000000000004,7.168723646558995e-12,7.168706101000462e-12,1.2550352176903475e-6
14.13,0.173,3.8,2.629844467128176e-12,2.629841654460687e-12,1.2550352176903475e-6
14.13,0.173,3.98,6.169685752856906e-13,6.169685647765162e-13,1.2550352176903475e-6
14.13,0.173,3.9998,5.978008801465058e-14,5.978007684332933e-14,1.2550352176903475e-6
14.13,0.61,1.0000000000000001e-7,3.2631172076145923e-7,3.263117207608215e-7,3.263184775580641e-7
14.13,0.61,1.6426491045299075e-7,3.2630891392820776e-7,3.263089139276431e-7,3.263184775580641e-7
14.13,0.61,2.698296080612907e-7,3.2630494110055343e-7,3.2630494110006607e-7,3.263184775580641e-7
14.13,0.61,4.432353640575351e-7,3.262993178951071e-7,3.2629931789467264e-7,3.263184775580641e-7
14.13,0.61,7.280801738650976e-7,3.2629135868455095e-7,3.262913586841041e-7,3.263184775580641e-7
14.13,0.61,1.1959802456254818e-6,3.262800929633264e-7,3.262800929627869e-7,3.263184775580641e-7
14.13,0.61,1.9645758795121526e-6,3.262641469239109e-7,3.262641469232389e-7,3.263184775580641e-7
14.13,0.61,3.227108809261693e-6,3.262415757308204e-7,3.262415757302494e-7,3.263184775580641e-7
14.13,0.61,5.301007395754297e-6,3.262096258720485e-7,3.262096258720626e-7,3.263184775580641e-7
14.13,0.61,8.707695051742211e-6,3.26164398222785e-7,3.261643982239563e-7,3.263184775580641e-7
14.13,0.61,1.4303687479263852e-5,3.261003698518854e-7,3.261003698547448e-7,3.263184775580641e-7
14.13,0.61,2.3495939429288417e-5,3.260097142516018e-7,3.260097142563869e-7,3.263184775580641e-7
14.13,0.61,3.8595583863609565e-5,3.2588133256112546e-7,3.2588133256744407e-7,3.263184775580641e-7
14.13,0.61,6.33990012723672e-5,3.256994674671079e-7,3.256994674736229e-7,3.263184775580641e-7
14.13,0.61,0.00010414231266814445,3.254417080883606e-7,3.254417080928816e-7,3.263184775580641e-7
14.13,0.61,0.00017106927664800093,3.250760925817204e-7,3.2507609258279155e-7,3.263184775580641e-7
14.13,0.61,0.00028100679409841776,3.2455684634245747e-7,3.245568463448234e-7,3.263184775580641e-7
14.13,0.61,0.00046159555869258604,3.2381800297097743e-7,3.23818002988739e-7,3.263184775580641e-7
14.13,0.61,0.0007582395311413588,3.2276364131214063e-7,3.227636413675817e-7,3.263184775580641e-7
14.13,0.61,0.00124552148684853,3.2125255358354793e-7,3.212525537082335e-7,3.263184775580641e-7
14.13,0.61,0.002045954755044497,3.1907353970879864e-7,3.190735399401624e-7,3.263184775580641e-7
14.13,0.61,0.0033607857462825456,3.159048065711522e-7,3.159048069352052e-7,3.263184775580641e-7
14.13,0.61,0.005520591696647901,3.1124693199002277e-7,3.1124693245847683e-7,3.263184775580641e-7
14.13,0.61,0.009068395006973916,3.043147204710262e-7,3.043147209050788e-7,3.263184775580641e-7
14.13,0.61,0.01489619093772919,2.938753869461795e-7,2.93875387146361e-7,3.263184775580641e-7
14.13,0.61,0.024469214704767362,2.7804979988530326e-7,2.780498000871666e-7,3.263184775580641e-7
14.13,0.61,0.04019433362333615,2.5420182612665524e-7,2.5420182749389617e-7,3.263184775580641e-7
14.13,0.61,0.06602518613354949,2.1931084383620624e-7,2.19310847699688e-7,3.263184775580641e-7
14.13,0.61,0.1084562128786955,1.7162768081508396e-7,1.7162768723620113e-7,3.263184775580641e-7
14.13,0.61,0.17815550096589414,1.1425253699300355e-7,1.1425254362987914e-7,3.263184775580641e-7
14.13,0.61,0.292646974128703,5.8526284250937265e-8,5.852628803194571e-8,3.263184775580641e-7
14.13,0.61,0.480716289995901,1.9883753208062412e-8,1.988375404114815e-8,3.263184775580641e-7
14.13,0.61,0.789648183294706,3.6500353263912736e-9,3.650035325902266e-9,3.263184775580641e-7
14.13,0.61,1.297114881182717,2.808395616984062e-10,2.8083955729946327e-10,3.263184775580641e-7
14.13,0.61,2.1307045980472066,6.938382314390665e-12,6.9383824479668514e-12,3.263184775580641e-7
14.13,0.61,3.5000000000000004,4.1215971115802464e-14,4.121586421002746e-14,3.263184775580641e-7
14.13,0.61,3.8,1.2326237230104925e-14,1.2326238163800158e-14,3.263184775580641e-7
14.13,0.61,3.98,2.601989454855403e-15,2.6019832088672004e-15,3.263184775580641e-7
14.13,0.61,3.9998,2.494140739686271e-16,2.494133623893626e-16,3.263184775580641e-7
14.13,1.73,1.0000000000000001e-7,5.229423206479781e-8,5.229423208392963e-8,5.2295671268089294e-8
14.13,1.73,1.6426491045299075e-7,5.2293634205753925e-8,5.229363422490152e-8,5.2295671268089294e-8
14.13,1.73,2.698296080612907e-7,5.229278798680776e-8,5.2292788005974794e-8,5.2295671268089294e-8
14.13,1.73,4.432353640575351e-7,5.229159023089444e-8,5.2291590250078495e-8,5.2295671268089294e-8
14.13,1.73,7.280801738650976e-7,5.22898948918114e-8,5.228989491100179e-8,5.2295671268089294e-8
14.13,1.73,1.1959802456254818e-6,5.2287495234771274e-8,5.228749525394807e-8,5.2295671268089294e-8
14.13,1.73,1.9645758795121526e-6,5.2284098599930816e-8,5.2284098619073205e-8,5.2295671268089294e-8
14.13,1.73,3.227108809261693e-6,5.227929064880866e-8,5.227929066793351e-8,5.2295671268089294e-8
14.13,1.73,5.301007395754297e-6,5.227248468133002e-8,5.2272484700534214e-8,5.2295671268089294e-8
14.13,1.73,8.707695051742211e-6,5.2262849723041886e-8,5.226284974246286e-8,5.2295671268089294e-8
14.13,1.73,1.4303687479263852e-5,5.224920833986916e-8,5.2249208359654895e-8,5.2295671268089294e-8
14.13,1.73,2.3495939429288417e-5,5.2229891100888625e-8,5.22298911211496e-8,5.2295671268089294e-8
14.13,1.73,3.8595583863609565e-5,5.220252855076289e-8,5.220252857149824e-8,5.2295671268089294e-8
14.13,1.73,6.33990012723672e-5,5.216375222087791e-8,5.216375224188257e-8,5.2295671268089294e-8
14.13,1.73,0.00010414231266814445,5.2108761360578114e-8,5.210876138138054e-8,5.2295671268089294e-8
14.13,1.73,0.00017106927664800093,5.203068757179983e-8,5.203068759180242e-8,5.2295671268089294e-8
14.13,1.73,0.00028100679409841776,5.191964763225755e-8,5.191964765159294e-8,5.2295671268089294e-8
14.13,1.73,0.00046159555869258604,5.176130102719718e-8,5.17613010485879e-8,5.2295671268089294e-8
14.13,1.73,0.0007582395311413588,5.153459687055694e-8,5.1534596899512576e-8,5.2295671268089294e-8
14.13,1.73,0.00124552148684853,5.1208160829247786e-8,5.1208160874722285e-8,5.2295671268089294e-8
14.13,1.73,0.002045954755044497,5.0734373467173583e-8,5.073437354174548e-8,5.2295671268089294e-8
14.13,1.73,0.0033607857462825456,5.0039576655845283e-8,5.0039576772383855e-8,5.2295671268089294e-8
14.13,1.73,0.005520591696647901,4.90081240604098e-8,4.90081242209436e-8,5.2295671268089294e-8
14.13,1.73,0.009068395006973916,4.745792394541595e-8,4.7457924121876675e-8,5.2295671268089294e-8
14.13,1.73,0.01489619093772919,4.510841167580822e-8,4.510841180418084e-8,5.2295671268089294e-8
14.13,1.73,0.024469214704767362,4.1555728484368695e-8,4.155572854075161e-8,5.2295671268089294e-8
14.13,1.73,0.04019433362333615,3.630759934183429e-8,3.6307599527576726e-8,5.2295671268089294e-8
14.13,1.73,0.06602518613354949,2.8997181994053097e-8,2.899718259322918e-8,5.2295671268089294e-8
14.13,1.73,0.1084562128786955,1.9913094287473077e-8,1.9913095300940428e-8,5.2295671268089294e-8
14.13,1.73,0.17815550096589414,1.0652022577757188e-8,1.0652023540580833e-8,5.2295671268089294e-8
14.13,1.73,0.292646974128703,3.803292686115849e-9,3.8032931379293845e-9,5.2295671268089294e-8
14.13,1.73,0.480716289995901,7.19102637829235e-10,7.19102712772878e-10,5.2295671268089294e-8
14.13,1.73,0.789648183294706,5.192055164723507e-11,5.192055355600365e-11,5.2295671268089294e-8
14.13,1.73,1.297114881182717,9.387508039982686e-13,9.387507773529856e-13,5.2295671268089294e-8
14.13,1.73,2.1307045980472066,2.6491665727172166e-15,2.6491665314580093e-15,5.2295671268089294e-8
14.13,1.73,3.5000000000000004,7.495820867625033e-19,7.495804954828847e-19,5.2295671268089294e-8
14.13,1.73,3.8,1.3223770102587837e-19,1.3223828528307933e-19,5.2295671268089294e-8
14.13,1.73,3.98,2.1408332280294178e-20,2.1407276018200075e-20,5.2295671268089294e-8
14.13,1.73,3.9998,1.9987761471342137e-21,1.9986786035700357e-21,5.2295671268089294e-8
14.13,4.71,1.0000000000000001e-7,5.850167147954917e-9,5.850178849713651e-9,5.850404957856766e-9
14.13,4.71,1.6426491045299075e-7,5.850068358954983e-9,5.850080060763452e-9,5.850404957856766e-9
14.13,4.71,2.698296080612907e-7,5.849928530879311e-9,5.849940232757526e-9,5.850404957856766e-9
14.13,4.71,4.432353640575351e-7,5.8497306139344815e-9,5.8497423159095825e-9,5.850404957856766e-9
14.13,4.71,7.280801738650976e-7,5.84945047327533e-9,5.849462175384747e-9,5.850404957856766e-9
14.13,4.71,1.1959802456254818e-6,5.849053942637217e-9,5.849065644934117e-9,5.850404957856766e-9
14.13,4.71,1.9645758795121526e-6,5.848492649896594e-9,5.848504352459662e-9,5.850404957856766e-9
14.13,4.71,3.227108809261693e-6,5.847698099097142e-9,5.847709802048715e-9,5.850404957856766e-9
14.13,4.71,5.301007395754297e-6,5.846573272581126e-9,5.84658497610252e-9,5.850404957856766e-9
14.13,4.71,8.707695051742211e-6,5.844980695691183e-9,5.844992400040573e-9,5.850404957856766e-9
14.13,4.71,1.4303687479263852e-5,5.842725432893734e-9,5.842737138437778e-9,5.850404957856766e-9
14.13,4.71,2.3495939429288417e-5,5.839530771679567e-9,5.839542478943391e-9,5.850404957856766e-9
14.13,4.71,3.8595583863609565e-5,5.835003249765986e-9,5.835014959519147e-9,5.850404957856766e-9
14.13,4.71,6.33990012723672e-5,5.828581923356575e-9,5.828593636771459e-9,5.850404957856766e-9
14.13,4.71,0.00010414231266814445,5.819463862590162e-9,5.819475581553433e-9,5.850404957856766e-9
14.13,4.71,0.00017106927664800093,5.806492862613273e-9,5.8065045903668196e-9,5.850404957856766e-9
14.13,4.71,0.00028100679409841776,5.7879895363432574e-9,5.788001278838497e-9,5.850404957856766e-9
14.13,4.71,0.00046159555869258604,5.761485170511061e-9,5.761496938804376e-9,5.850404957856766e-9
14.13,4.71,0.0007582395311413588,5.723293741719067e-9,5.7233055562283375e-9,5.850404957856766e-9
14.13,4.71,0.00124552148684853,5.667809014684787e-9,5.66782091319608e-9,5.850404957856766e-9
14.13,4.71,0.002045954755044497,5.58634152553677e-9,5.586353577021371e-9,5.850404957856766e-9
14.13,4.71,0.0033607857462825456,5.465229383446033e-9,5.465241709713949e-9,5.850404957856766e-9
14.13,4.71,0.005520591696647901,5.28296559414339e-9,5.282978398311495e-9,5.850404957856766e-9
14.13,4.71,0.009068395006973916,5.0065241083099775e-9,5.006537697734012e-9,5.850404957856766e-9
14.13,4.71,0.01489619093772919,4.588825366090433e-9,4.588840127013221e-9,5.850404957856766e-9
14.13,4.71,0.024469214704767362,3.973941735058778e-9,3.973957955178599e-9,5.850404957856766e-9
14.13,4.71,0.04019433362333615,3.1245091568210994e-9,3.1245265071163873e-9,5.850404957856766e-9
14.13,4.71,0.06602518613354949,2.086277643671789e-9,2.0862943502469858e-9,5.850404957856766e-9
14.13,4.71,0.1084562128786955,1.0601397843031731e-9,1.0601525428723305e-9,5.850404957856766e-9
14.13,4.71,0.17815550096589414,3.4370974350570613e-10,3.437161214313758e-10,5.850404957856766e-9
14.13,4.71,0.292646974128703,5.3904242091687816e-11,5.390580598925896e-11,5.850404957856766e-9
14.13,4.71,0.480716289995901,2.6822605159594985e-12,2.682382910521483e-12,5.850404957856766e-9
14.13,4.71,0.789648183294706,2.2921482303493922e-14,2.2923127467010926e-14,5.850404957856766e-9
14.13,4.71,1.297114881182717,1.4642945709623003e-17,1.464458869837031e-17,5.850404957856766e-9
14.13,4.71,2.1307045980472066,2.556127774518464e-22,2.5565691265754433e-22,5.850404957856766e-9
14.13,4.71,3.5000000000000004,4.411999441598224e-29,4.4134876729478866e-29,5.850404957856766e-9
14.13,4.71,3.8,1.928275726899763e-30,1.928653937362783e-30,5.850404957856766e-9
14.13,4.71,3.98,1.5651322007841926e-31,1.5632233031523269e-31,5.850404957856766e-9
14.13,4.71,3.9998,1.3695337260188463e-32,1.3678739915558604e-32,5.850404957856766e-9
14.69,0.00113,1.0000000000000001e-7,1.333760579776584e-6,1.3337605845353615e-6,1.333817791436745e-6
14.69,0.00113,1.6426491045299075e-7,1.3337368133571392e-6,1.3337368181246451e-6,1.333817791436745e-6
14.69,0.00113,2.698296080612907e-7,1.3337031738162096e-6,1.3337031785961972e-6,1.333817791436745e-6
14.69,0.00113,4.432353640575351e-7,1.3336555592874505e-6,1.3336555640850129e-6,1.333817791436745e-6
14.69,0.00113,7.280801738650976e-7,1.333588163304328e-6,1.3335881681262728e-6,1.333817791436745e-6
14.69,0.00113,1.1959802456254818e-6,1.3334927658434533e-6,1.3334927706989227e-6,1.333817791436745e-6
14.69,0.00113,1.9645758795121526e-6,1.3333577287573383e-6,1.3333577336588981e-6,1.333817791436745e-6
14.69,0.00113,3.227108809261693e-6,1.3331665713780805e-6,1.3331665763438332e-6,1.333817791436745e-6
14.69,0.00113,5.301007395754297e-6,1.3328959486665416e-6,1.332895953724321e-6,1.333817791436745e-6
14.69,0.00113,8.707695051742211e-6,1.3325127764239581e-6,1.3325127816179974e-6,1.333817791436745e-6
14.69,0.00113,1.4303687479263852e-5,1.331970132833649e-6,1.3319701382279148e-6,1.333817791436745e-6
14.69,0.00113,2.3495939429288417e-5,1.3312013913197256e-6,1.3312013970034018e-6,1.333817791436745e-6
14.69,0.00113,3.8595583863609565e-5,1.3301117686633635e-6,1.3301117747593834e-6,1.333817791436745e-6
14.69,0.00113,6.33990012723672e-5,1.328566036237872e-6,1.3285660429151322e-6,1.333817791436745e-6
14.69,0.00113,0.00010414231266814445,1.3263704143877087e-6,1.3263704218800281e-6,1.333817791436745e-6
14.69,0.00113,0.00017106927664800093,1.3232454128958624e-6,1.323245421535031e-6,1.333817791436745e-6
14.69,0.00113,0.00028100679409841776,1.318784154310102e-6,1.318784164592174e-6,1.333817791436745e-6
14.69,0.00113,0.00046159555869258604,1.3123867405186045e-6,1.3123867532597607e-6,1.333817791436745e-6
14.69,0.00113,0.0007582395311413588,1.3031542360391656e-6,1.3031542527334784e-6,1.333817791436745e-6
14.69,0.00113,0.00124552148684853,1.2897142410787889e-6,1.2897142643341678e-6,1.333817791436745e-6
14.69,0.00113,0.002045954755044497,1.2699332740480644e-6,1.2699333082241129e-6,1.333817791436745e-6
14.69,0.00113,0.0033607857462825456,1.2404554346248858e-6,1.2404554866806171e-6,1.333817791436745e-6
14.69,0.00113,0.005520591696647901,1.1960220753792692e-6,1.1960221555543332e-6,1.333817791436745e-6
14.69,0.00113,0.009068395006973916,1.1286687480765807e-6,1.128668869688854e-6,1.333817791436745e-6
14.69,0.00113,0.01489619093772919,1.0273901843701397e-6,1.0273903616762169e-6,1.333817791436745e-6
14.69,0.00113,0.024469214704767362,8.80039988900992e-7,8.800402315647805e-7,1.333817791436745e-6
14.69,0.00113,0.04019433362333615,6.808199125396725e-7,6.808202143060334e-7,1.333817791436745e-6
14.69,0.00113,0.06602518613354949,4.453462453770566e-7,4.453465654060794e-7,1.333817791436745e-6
14.69,0.00113,0.1084562128786955,2.226321140736178e-7,2.2263236781525475e-7,1.333817791436745e-6
14.69,0.00113,0.17815550096589414,7.35104153675472e-8,7.351054076261308e-8,1.333817791436745e-6
14.69,0.00113,0.292646974128703,1.3219276309735176e-8,1.3219307496588093e-8,1.333817791436745e-6
14.69,0.00113,0.480716289995901,1.0351688896183873e-9,1.0351719994224564e-9,1.333817791436745e-6
14.69,0.00113,0.789648183294706,2.860775697849513e-11,2.8607858213586722e-11,1.333817791436745e-6
14.69,0.00113,1.297114881182717,2.446012020474319e-13,2.4460212669981325e-13,1.333817791436745e-6
14.69,0.00113,2.1307045980472066,6.459350792573098e-16,6.459370670260089e-16,1.333817791436745e-6
14.69,0.00113,3.5000000000000004,5.709920414012616e-19,5.709915735026532e-19,1.333817791436745e-6
14.69,0.00113,3.8,1.3532665367522313e-19,1.3532700306475943e-19,1.333817791436745e-6
14.69,0.00113,3.98,2.5605031010495466e-20,2.560478367437625e-20,1.333817791436745e-6
14.69,0.00113,3.9998,2.4283492469045257e-21,2.4283274698128418e-21,1.333817791436745e-6
14.69,0.0037,1.0000000000000001e-7,1.3170011957970839e-6,1.3170011958123836e-6,1.317057768378746e-6
14.69,0.0037,1.6426491045299075e-7,1.3169776948580768e-6,1.3169776948739585e-6,1.317057768378746e-6
14.69,0.0037,2.698296080612907e-7,1.3169444310836015e-6,1.316944431100465e-6,1.317057768378746e-6
14.69,0.0037,4.432353640575351e-7,1.3168973484255813e-6,1.3168973484437425e-6,1.317057768378746e-6
14.69,0.0037,7.280801738650976e-7,1.3168307052750989e-6,1.3168307052946287e-6,1.317057768378746e-6
14.69,0.0037,1.1959802456254818e-6,1.316736373422787e-6,1.3167363734432874e-6,1.317057768378746e-6
14.69,0.0037,1.9645758795121526e-6,1.3166028447077585e-6,1.3166028447282452e-6,1.317057768378746e-6
14.69,0.0037,3.227108809261693e-6,1.3164138225204035e-6,1.3164138225396987e-6,1.317057768378746e-6
14.69,0.0037,5.301007395754297e-6,1.3161462225091576e-6,1.3161462225275772e-6,1.317057768378746e-6
14.69,0.0037,8.707695051742211e-6,1.3157673298428013e-6,1.3157673298655376e-6,1.317057768378746e-6
14.69,0.0037,1.4303687479263852e-5,1.3152307463941143e-6,1.315230746429917e-6,1.317057768378746e-6
14.69,0.0037,2.3495939429288417e-5,1.3144705888244044e-6,1.3144705888838049e-6,1.317057768378746e-6
14.69,0.0037,3.8595583863609565e-5,1.3133931304160686e-6,1.3133931305093451e-6,1.317057768378746e-6
14.69,0.0037,6.33990012723672e-5,1.3118646480491128e-6,1.3118646481826512e-6,1.317057768378746e-6
14.69,0.0037,0.00010414231266814445,1.3096935155039262e-6,1.3096935156745425e-6,1.317057768378746e-6
14.69,0.0037,0.00017106927664800093,1.3066033402065322e-6,1.3066033403950241e-6,1.317057768378746e-6
14.69,0.0037,0.00028100679409841776,1.3021917372443834e-6,1.3021917374161776e-6,1.317057768378746e-6
14.69,0.0037,0.00046159555869258604,1.2958653989873808e-6,1.2958653991349145e-6,1.317057768378746e-6
14.69,0.0037,0.0007582395311413588,1.2867352043687233e-6,1.2867352046792308e-6,1.317057768378746e-6
14.69,0.0037,0.00124552148684853,1.2734436356999302e-6,1.2734436366826076e-6,1.317057768378746e-6
14.69,0.0037,0.002045954755044497,1.2538802100905988e-6,1.2538802126684405e-6,1.317057768378746e-6
14.69,0.0037,0.0033607857462825456,1.2247251142234932e-6,1.2247251197342294e-6,1.317057768378746e-6
14.69,0.0037,0.005520591696647901,1.1807765296500136e-6,1.1807765393821896e-6,1.317057768378746e-6
14.69,0.0037,0.009068395006973916,1.1141577065577267e-6,1.1141577205379204e-6,1.317057768378746e-6
14.69,0.0037,0.01489619093772919,1.0139901525159792e-6,1.013990168092789e-6,1.317057768378746e-6
14.69,0.0037,0.024469214704767362,8.682836398987737e-7,8.682836523911735e-7,1.317057768378746e-6
14.69,0.0037,0.04019433362333615,6.713609713202708e-7,6.713609790548358e-7,1.317057768378746e-6
14.69,0.0037,0.06602518613354949,4.387609224347014e-7,4.387609307863108e-7,1.317057768378746e-6
14.69,0.0037,0.1084562128786955,2.1901306494051362e-7,2.190130741542297e-7,1.317057768378746e-6
14.69,0.0037,0.17815550096589414,7.21416300163428e-8,7.21416341425343e-8,1.317057768378746e-6
14.69,0.0037,0.292646974128703,1.2924112557915274e-8,1.2924112846172343e-8,1.317057768378746e-6
14.69,0.0037,0.480716289995901,1.0062412583348375e-9,1.0062411892061405e-9,1.317057768378746e-6
14.69,0.0037,0.789648183294706,2.7575903047841968e-11,2.7575899137331354e-11,1.317057768378746e-6
14.69,0.0037,1.297114881182717,2.3306628425742697e-13,2.330662459243082e-13,1.317057768378746e-6
14.69,0.0037,2.1307045980472066,6.063216479127891e-16,6.063213305852496e-16,1.317057768378746e-6
14.69,0.0037,3.5000000000000004,5.264642892994115e-19,5.264639908978102e-19,1.317057768378746e-6
14.69,0.0037,3.8,1.2442302367551793e-19,1.2442368065436787e-19,1.317057768378746e-6
14.69,0.0037,3.98,2.3509335407135208e-20,2.3509205241240716e-20,1.317057768378746e-6
14.69,0.0037,3.9998,2.229290564668713e-21,2.2292807503544673e-21,1.317057768378746e-6
14.69,0.0127,1.0000000000000001e-7,1.2604009528777996e-6,1.2604009528957694e-6,1.260455360867416e-6
14.69,0.0127,1.6426491045299075e-7,1.2603783511348512e-6,1.260378351153304e-6,1.260455360867416e-6
14.69,0.0127,2.698296080612907e-7,1.260346360100955e-6,1.2603463601203175e-6,1.260455360867416e-6
14.69,0.0127,4.432353640575351e-7,1.260301078916968e-6,1.2603010789376192e-6,1.260455360867416e-6
14.69,0.0127,7.280801738650976e-7,1.2602369856502854e-6,1.2602369856724118e-6,1.260455360867416e-6
14.69,0.0127,1.1959802456254818e-6,1.2601462630708344e-6,1.260146263094169e-6,1.260455360867416e-6
14.69,0.0127,1.9645758795121526e-6,1.2600178432901387e-6,1.2600178433138185e-6,1.260455360867416e-6
14.69,0.0127,3.227108809261693e-6,1.2598360531159396e-6,1.2598360531386477e-6,1.260455360867416e-6
14.69,0.0127,5.301007395754297e-6,1.2595786911644617e-6,1.2595786911856197e-6,1.260455360867416e-6
14.69,0.0127,8.707695051742211e-6,1.259214293683955e-6,1.25921429370722e-6,1.260455360867416e-6
14.69,0.0127,1.4303687479263852e-5,1.2586982363388238e-6,1.2586982363727088e-6,1.260455360867416e-6
14.69,0.0127,2.3495939429288417e-5,1.2579671532372989e-6,1.2579671532927168e-6,1.260455360867416e-6
14.69,0.0127,3.8595583863609565e-5,1.256930896230261e-6,1.2569308963188347e-6,1.260455360867416e-6
14.69,0.0127,6.33990012723672e-5,1.2554608417492174e-6,1.2554608418800537e-6,1.260455360867416e-6
14.69,0.0127,0.00010414231266814445,1.2533726580887734e-6,1.2533726582629498e-6,1.260455360867416e-6
14.69,0.0127,0.00017106927664800093,1.2504004461230854e-6,1.2504004463261353e-6,1.260455360867416e-6
14.69,0.0127,0.00028100679409841776,1.2461570408091607e-6,1.2461570410063868e-6,1.260455360867416e-6
14.69,0.0127,0.00046159555869258604,1.2400714640749817e-6,1.2400714642345246e-6,1.260455360867416e-6
14.69,0.0127,0.0007582395311413588,1.231287851889883e-6,1.2312878521229932e-6,1.260455360867416e-6
14.69,0.0127,0.00124552148684853,1.2184991234504188e-6,1.2184991242115345e-6,1.260455360867416e-6
14.69,0.0127,0.002045954755044497,1.1996727520429494e-6,1.1996727542198692e-6,1.260455360867416e-6
14.69,0.0127,0.0033607857462825456,1.1716112565591191e-6,1.171611261526612e-6,1.260455360867416e-6
14.69,0.0127,0.005520591696647901,1.1293054605933977e-6,1.1293054698436355e-6,1.260455360867416e-6
14.69,0.0127,0.009068395006973916,1.0651758241510018e-6,1.0651758381328806e-6,1.260455360867416e-6
14.69,0.0127,0.01489619093772919,9.687731939909472e-7,9.687732104896216e-7,1.260455360867416e-6
14.69,0.0127,0.024469214704767362,8.2863526776851e-7,8.286352818747783e-7,1.260455360867416e-6
14.69,0.0127,0.04019433362333615,6.394913070671672e-7,6.394913154694129e-7,1.260455360867416e-6
14.69,0.0127,0.06602518613354949,4.166098671466364e-7,4.166098736081281e-7,1.260455360867416e-6
14.69,0.0127,0.1084562128786955,2.0687384043499576e-7,2.0687384768331988e-7,1.260455360867416e-6
14.69,0.0127,0.17815550096589414,6.757192234870631e-8,6.757192587647175e-8,1.260455360867416e-6
14.69,0.0127,0.292646974128703,1.1946233611964507e-8,1.1946233886831702e-8,1.260455360867416e-6
14.69,0.0127,0.480716289995901,9.11549012930005e-10,9.115489509517422e-10,1.260455360867416e-6
14.69,0.0127,0.789648183294706,2.4258027523902936e-11,2.4258023824024086e-11,1.260455360867416e-6
14.69,0.0127,1.297114881182717,1.9688868525888094e-13,1.9688864737789873e-13,1.260455360867416e-6
14.69,0.0127,2.1307045980472066,4.86037486411887e-16,4.860371628664735e-16,1.260455360867416e-6
14.69,0.0127,3.5000000000000004,3.963754509295147e-19,3.963747866250718e-19,1.260455360867416e-6
14.69,0.0127,3.8,9.275935966768435e-20,9.275980092047356e-20,1.260455360867416e-6
14.69,0.0127,3.98,1.7441629429895488e-20,1.7441525637865222e-20,1.260455360867416e-6
14.69,0.0127,3.9998,1.653122252083536e-21,1.6531165338188287e-21,1.260455360867416e-6
14.69,0.047,1.0000000000000001e-7,1.071365068620566e-6,1.0713650688919854e-6,1.0714121710929405e-6
14.69,0.047,1.6426491045299075e-7,1.0713455016726628e-6,1.0713455019439543e-6,1.0714121710929405e-6
14.69,0.047,2.698296080612907e-7,1.071317806150582e-6,1.071317806421936e-6,1.0714121710929405e-6
14.69,0.047,4.432353640575351e-7,1.071278604960217e-6,1.0712786052322486e-6,1.0714121710929405e-6
14.69,0.047,7.280801738650976e-7,1.071223117580818e-6,1.0712231178543315e-6,1.0714121710929405e-6
14.69,0.047,1.1959802456254818e-6,1.071144576345676e-6,1.0711445766214968e-6,1.0714121710929405e-6
14.69,0.047,1.9645758795121526e-6,1.0710333993022575e-6,1.0710333995809563e-6,1.0714121710929405e-6
14.69,0.047,3.227108809261693e-6,1.0708760173265375e-6,1.0708760176079997e-6,1.0714121710929405e-6
14.69,0.047,5.301007395754297e-6,1.0706532091256448e-6,1.0706532094086449e-6,1.0714121710929405e-6
14.69,0.047,8.707695051742211e-6,1.0703377335046613e-6,1.0703377337868025e-6,1.0714121710929405e-6
14.69,0.047,1.4303687479263852e-5,1.0698909530374078e-6,1.0698909533164945e-6,1.0714121710929405e-6
14.69,0.047,2.3495939429288417e-5,1.0692579990232965e-6,1.0692579993025833e-6,1.0714121710929405e-6
14.69,0.047,3.8595583863609565e-5,1.0683608027823765e-6,1.0683608030766838e-6,1.0714121710929405e-6
14.69,0.047,6.33990012723672e-5,1.0670879557344622e-6,1.0670879560662467e-6,1.0714121710929405e-6
14.69,0.047,0.00010414231266814445,1.065279754003743e-6,1.0652797544016628e-6,1.0714121710929405e-6
14.69,0.047,0.00017106927664800093,1.0627057332260055e-6,1.0627057337217023e-6,1.0714121710929405e-6
14.69,0.047,0.00028100679409841776,1.0590301373431452e-6,1.0590301379622763e-6,1.0714121710929405e-6
14.69,0.047,0.00046159555869258604,1.0537574397605482e-6,1.0537574405027343e-6,1.0714121710929405e-6
14.69,0.047,0.0007582395311413588,1.046144204476942e-6,1.046144205284514e-6,1.0714121710929405e-6
14.69,0.047,0.00124552148684853,1.0350539485742425e-6,1.0350539493333157e-6,1.0714121710929405e-6
14.69,0.047,0.002045954755044497,1.01871796317908e-6,1.0187179639689717e-6,1.0714121710929405e-6
14.69,0.047,0.0033607857462825456,9.943529066810962e-7,9.943529085017605e-7,1.0714121710929405e-6
14.69,0.047,0.005520591696647901,9.576017125617823e-7,9.576017175423746e-7,1.0714121710929405e-6
14.69,0.047,0.009068395006973916,9.01889983365969e-7,9.018899944046824e-7,1.0714121710929405e-6
14.69,0.047,0.01489619093772919,8.182167911142613e-7,8.182168101888166e-7,1.0714121710929405e-6
14.69,0.047,0.024469214704767362,6.968888401187295e-7,6.968888653093397e-7,1.0714121710929405e-6
14.69,0.047,0.04019433362333615,5.339633827289588e-7,5.339634067715264e-7,1.0714121710929405e-6
14.69,0.047,0.06602518613354949,3.4370298828679866e-7,3.437030032098822e-7,1.0714121710929405e-6
14.69,0.047,0.1084562128786955,1.6732651107116136e-7,1.6732651653200744e-7,1.0714121710929405e-6
14.69,0.047,0.17815550096589414,5.2937333483035655e-8,5.2937335044650135e-8,1.0714121710929405e-6
14.69,0.047,0.292646974128703,8.9004917345875e-9,8.900492045068095e-9,1.0714121710929405e-6
14.69,0.047,0.480716289995901,6.291396264909258e-10,6.291396218734387e-10,1.0714121710929405e-6
14.69,0.047,0.789648183294706,1.497599845801515e-11,1.4975996732899347e-11,1.0714121710929405e-6
14.69,0.047,1.297114881182717,1.0421468021317379e-13,1.0421465346898524e-13,1.0714121710929405e-6
14.69,0.047,2.1307045980472066,2.107373561064731e-16,2.1073707393579914e-16,1.0714121710929405e-6
14.69,0.047,3.5000000000000004,1.3533486688147816e-19,1.3533206635730183e-19,1.0714121710929405e-6
14.69,0.047,3.8,3.049991206887852e-20,3.0499600165823943e-20,1.0714121710929405e-6
14.69,0.047,3.98,5.629545553879153e-21,5.629641506075436e-21,1.0714121710929405e-6
14.69,0.047,3.9998,5.325950660867976e-22,5.326087455186241e-22,1.0714121710929405e-6
14.69,0.173,1.0000000000000001e-7,6.263177585970898e-7,6.263177584585064e-7,6.263470614200042e-7
14.69,0.173,1.6426491045299075e-7,6.263055858296791e-7,6.263055856912823e-7,6.263470614200042e-7
14.69,0.173,2.698296080612907e-7,6.262883561884501e-7,6.262883560501342e-7,6.263470614200042e-7
14.69,0.173,4.432353640575351e-7,6.262639687237236e-7,6.262639685853052e-7,6.263470614200042e-7
14.69,0.173,7.280801738650976e-7,6.262294493595588e-7,6.262294492209367e-7,6.263470614200042e-7
14.69,0.173,1.1959802456254818e-6,6.261805877006846e-7,6.261805875622668e-7,6.263470614200042e-7
14.69,0.173,1.9645758795121526e-6,6.261114223324783e-7,6.261114221953807e-7,6.263470614200042e-7
14.69,0.173,3.227108809261693e-6,6.260135108633022e-7,6.260135107289489e-7,6.263470614200042e-7
14.69,0.173,5.301007395754297e-6,6.258748934428972e-7,6.258748933127509e-7,6.263470614200042e-7
14.69,0.173,8.707695051742211e-6,6.256786182518201e-7,6.256786181268822e-7,6.263470614200042e-7
14.69,0.173,1.4303687479263852e-5,6.254006376259745e-7,6.25400637506079e-7,6.263470614200042e-7
14.69,0.173,2.3495939429288417e-5,6.250067924536305e-7,6.250067923366751e-7,6.263470614200042e-7
14.69,0.173,3.8595583863609565e-5,6.244484598329439e-7,6.244484597147727e-7,6.263470614200042e-7
14.69,0.173,6.33990012723672e-5,6.236562074726825e-7,6.23656207349755e-7,6.263470614200042e-7
14.69,0.173,0.00010414231266814445,6.225304085559569e-7,6.225304084363992e-7,6.263470614200042e-7
14.69,0.173,0.00017106927664800093,6.209270927403671e-7,6.209270926572858e-7,6.263470614200042e-7
14.69,0.173,0.00028100679409841776,6.186361033043906e-7,6.186361033148628e-7,6.263470614200042e-7
14.69,0.173,0.00046159555869258604,6.153464786698229e-7,6.153464788613313e-7,6.263470614200042e-7
14.69,0.173,0.0007582395311413588,6.105902267931371e-7,6.105902272830164e-7,6.263470614200042e-7
14.69,0.173,0.00124552148684853,6.036495682947754e-7,6.036495691992462e-7,6.263470614200042e-7
14.69,0.173,0.002045954755044497,5.93404401551251e-7,5.934044028915729e-7,6.263470614200042e-7
14.69,0.173,0.0033607857462825456,5.780906853998838e-7,5.780906869582832e-7,6.263470614200042e-7
14.69,0.173,0.005520591696647901,5.549557376999561e-7,5.549557390599105e-7,6.263470614200042e-7
14.69,0.173,0.009068395006973916,5.198899897051585e-7,5.198899911902609e-7,6.263470614200042e-7
14.69,0.173,0.01489619093772919,4.6741197430783744e-7,4.6741197841486626e-7,6.263470614200042e-7
14.69,0.173,0.024469214704767362,3.920287677160753e-7,3.920287772565544e-7,6.263470614200042e-7
14.69,0.173,0.04019433362333615,2.92667183521008e-7,2.9266719814565196e-7,6.263470614200042e-7
14.69,0.173,0.06602518613354949,1.8037395624004855e-7,1.8037397035779455e-7,6.263470614200042e-7
14.69,0.173,0.1084562128786955,8.175523198894008e-8,8.175523948357808e-8,6.263470614200042e-7
14.69,0.173,0.17815550096589414,2.3048571760657374e-8,2.3048573443856818e-8,6.263470614200042e-7
14.69,0.173,0.292646974128703,3.231941291652048e-9,3.2319414069260787e-9,6.263470614200042e-7
14.69,0.173,0.480716289995901,1.732116495721309e-10,1.732116545823813e-10,6.263470614200042e-7
14.69,0.173,0.789648183294706,2.75144628052822e-12,2.75144641588038e-12,6.263470614200042e-7
14.69,0.173,1.297114881182717,1.0938817449699663e-14,1.0938817468545558e-14,6.263470614200042e-7
14.69,0.173,2.1307045980472066,1.0681174629813081e-17,1.0681169679598402e-17,6.263470614200042e-7
14.69,0.173,3.5000000000000004,2.8530620930996467e-21,2.8529731821746675e-21,6.263470614200042e-7
14.69,0.173,3.8,5.590979972512697e-22,5.590845547788252e-22,6.263470614200042e-7
14.69,0.173,3.98,9.636386314669722e-23,9.63672873105459e-23,6.263470614200042e-7
14.69,0.173,3.9998,9.055719293399736e-24,9.056005350707091e-24,6.263470614200042e-7
14.69,0.61,1.0000000000000001e-7,1.6334056512468393e-7,1.6334056512406718e-7,1.6334963581151205e-7
14.69,0.61,1.6426491045299075e-7,1.633367970318077e-7,1.6333679703129192e-7,1.6334963581151205e-7
14.69,0.61,2.698296080612907e-7,1.6333146356059632e-7,1.63331463560184e-7,1.6334963581151205e-7
14.69,0.61,4.432353640575351e-7,1.633239143293216e-7,1.6332391432897642e-7,1.6334963581151205e-7
14.69,0.61,7.280801738650976e-7,1.6331322863628528e-7,1.6331322863592677e-7,1.6334963581151205e-7
14.69,0.61,1.1959802456254818e-6,1.6329810297632213e-7,1.632981029758578e-7,1.6334963581151205e-7
14.69,0.61,1.9645758795121526e-6,1.6327669158474494e-7,1.6327669158421525e-7,1.6334963581151205e-7
14.69,0.61,3.227108809261693e-6,1.632463801809618e-7,1.6324638018079352e-7,1.6334963581151205e-7
14.69,0.61,5.301007395754297e-6,1.632034644487635e-7,1.6320346444963137e-7,1.6334963581151205e-7
14.69,0.61,8.707695051742211e-6,1.6314269207156723e-7,1.631426920742521e-7,1.6334963581151205e-7
14.69,0.61,1.4303687479263852e-5,1.6305660803873115e-7,1.630566080439355e-7,1.6334963581151205e-7
14.69,0.61,2.3495939429288417e-5,1.6293461348943305e-7,1.6293461349747213e-7,1.6334963581151205e-7
14.69,0.61,3.8595583863609565e-5,1.627616014593646e-7,1.6276160146973437e-7,1.6334963581151205e-7
14.69,0.61,6.33990012723672e-5,1.6251595542741877e-7,1.625159554384111e-7,1.6334963581151205e-7
14.69,0.61,0.00010414231266814445,1.6216656394792704e-7,1.621665639569574e-7,1.6334963581151205e-7
14.69,0.61,0.00017106927664800093,1.6166827105682598e-7,1.6166827106380087e-7,1.6334963581151205e-7
14.69,0.61,0.00028100679409841776,1.6095476467912277e-7,1.6095476469708884e-7,1.6334963581151205e-7
14.69,0.61,0.00046159555869258604,1.5992716488816234e-7,1.5992716494868155e-7,1.6334963581151205e-7
14.69,0.61,0.0007582395311413588,1.58435314489402e-7,1.5843531464802709e-7,1.6334963581151205e-7
14.69,0.61,0.00124552148684853,1.56246846560893e-7,1.5624684690091126e-7,1.6334963581151205e-7
14.69,0.61,0.002045954755044497,1.5299688436367228e-7,1.5299688497789425e-7,1.6334963581151205e-7
14.69,0.61,0.0033607857462825456,1.4811119513609296e-7,1.481111960617677e-7,1.6334963581151205e-7
14.69,0.61,0.005520591696647901,1.4070647596007812e-7,1.4070647707130945e-7,1.6334963581151205e-7
14.69,0.61,0.009068395006973916,1.2951607443829385e-7,1.2951607541822473e-7,1.6334963581151205e-7
14.69,0.61,0.01489619093772919,1.130092526652619e-7,1.1300925334652248e-7,1.6334963581151205e-7
14.69,0.61,0.024469214704767362,9.007890574420183e-8,9.007890682434093e-8,1.6334963581151205e-7
14.69,0.61,0.04019433362333615,6.170843601901457e-8,6.170843820592139e-8,1.6334963581151205e-7
14.69,0.61,0.06602518613354949,3.295120349954879e-8,3.2951206025493e-8,1.6334963581151205e-7
14.69,0.61,0.1084562128786955,1.1801291032197929e-8,1.1801292428626234e-8,1.6334963581151205e-7
14.69,0.61,0.17815550096589414,2.275393457149069e-9,2.2753937341096676e-9,1.6334963581151205e-7
14.69,0.61,0.292646974128703,1.7521057849140315e-10,1.752105887028709e-10,1.6334963581151205e-7
14.69,0.61,0.480716289995901,3.749805704794141e-12,3.7498056125472e-12,1.6334963581151205e-7
14.69,0.61,0.789648183294706,1.5440526892410065e-14,1.5440526481915706e-14,1.6334963581151205e-7
14.69,0.61,1.297114881182717,9.327090771919463e-18,9.327091095539277e-18,1.6334963581151205e-7
14.69,0.61,2.1307045980472066,7.678019568652834e-22,7.678019806404459e-22,1.6334963581151205e-7
14.69,0.61,3.5000000000000004,9.943167016904268e-27,9.943016903097627e-27,1.6334963581151205e-7
14.69,0.61,3.8,1.1835264682573186e-27,1.1835119562535331e-27,1.6334963581151205e-7
14.69,0.61,3.98,1.6017822251450085e-28,1.6017214691549896e-28,1.6334963581151205e-7
14.69,0.61,3.9998,1.4707103682072114e-29,1.4706220907288226e-29,1.6334963581151205e-7
14.69,1.73,1.0000000000000001e-7,2.62597418874004e-8,2.625974189692176e-8,2.6261673956732967e-8
14.69,1.73,1.6426491045299075e-7,2.6258939271619975e-8,2.625893928116403e-8,2.6261673956732967e-8
14.69,1.73,2.698296080612907e-7,2.625780321665942e-8,2.6257803226229913e-8,2.6261673956732967e-8
14.69,1.73,4.432353640575351e-7,2.6256195174340344e-8,2.6256195183933667e-8,2.6261673956732967e-8
14.69,1.73,7.280801738650976e-7,2.6253918996769428e-8,2.6253919006370524e-8,2.6261673956732967e-8
14.69,1.73,1.1959802456254818e-6,2.6250696949651294e-8,2.6250696959235498e-8,2.6261673956732967e-8
14.69,1.73,1.9645758795121526e-6,2.6246135685014254e-8,2.6246135694566357e-8,2.6261673956732967e-8
14.69,1.73,3.227108809261693e-6,2.6239677905164942e-8,2.623967791473935e-8,2.6261673956732967e-8
14.69,1.73,5.301007395754297e-6,2.6230533554420567e-8,2.623053356416461e-8,2.6261673956732967e-8
14.69,1.73,8.707695051742211e-6,2.6217581541874524e-8,2.6217581551981592e-8,2.6261673956732967e-8
14.69,1.73,1.4303687479263852e-5,2.619922865677738e-8,2.61992286674553e-8,2.6261673956732967e-8
14.69,1.73,2.3495939429288417e-5,2.61732054735198e-8,2.617320548493261e-8,2.6261673956732967e-8
14.69,1.73,3.8595583863609565e-5,2.613626779184521e-8,2.6136267804018188e-8,2.6261673956732967e-8
14.69,1.73,6.33990012723672e-5,2.6083753031508188e-8,2.608375304419787e-8,2.6261673956732967e-8
14.69,1.73,0.00010414231266814445,2.6008907469469055e-8,2.600890748207685e-8,2.6261673956732967e-8
14.69,1.73,0.00017106927664800093,2.5901840343420702e-8,2.59018403553132e-8,2.6261673956732967e-8
14.69,1.73,0.00028100679409841776,2.5747854173888135e-8,2.5747854186490883e-8,2.6261673956732967e-8
14.69,1.73,0.00046159555869258604,2.5524716670890994e-8,2.5524716691263374e-8,2.6261673956732967e-8
14.69,1.73,0.0007582395311413588,2.5198148542749105e-8,2.519814858518019e-8,2.6261673956732967e-8
14.69,1.73,0.00124552148684853,2.471443248149198e-8,2.47144325693634e-8,2.6261673956732967e-8
14.69,1.73,0.002045954755044497,2.3988891211996447e-8,2.3988891374175685e-8,2.6261673956732967e-8
14.69,1.73,0.0033607857462825456,2.2890145729013665e-8,2.2890145983270307e-8,2.6261673956732967e-8
14.69,1.73,0.005520591696647901,2.1225661759392207e-8,2.1225662082269867e-8,2.6261673956732967e-8
14.69,1.73,0.009068395006973916,1.875044666166634e-8,1.875044697090578e-8,2.6261673956732967e-8
14.69,1.73,0.01489619093772919,1.525292035125045e-8,1.5252920559826437e-8,2.6261673956732967e-8
14.69,1.73,0.024469214704767362,1.0793540944607776e-8,1.0793541103761569e-8,2.6261673956732967e-8
14.69,1.73,0.04019433362333615,6.052660571934958e-9,6.052660819051342e-9,2.6261673956732967e-8
14.69,1.73,0.06602518613354949,2.3177703585725496e-9,2.317770595162856e-9,2.6261673956732967e-8
14.69,1.73,0.1084562128786955,4.814251494477076e-10,4.814252379965166e-10,2.6261673956732967e-8
14.69,1.73,0.17815550096589414,3.8531968674283844e-11,3.853197754039765e-11,2.6261673956732967e-8
14.69,1.73,0.292646974128703,7.371601225507785e-13,7.371602455224147e-13,2.6261673956732967e-8
14.69,1.73,0.480716289995901,1.838723789177582e-15,1.8387238114695742e-15,2.6261673956732967e-8
14.69,1.73,0.789648183294706,3.087174849575215e-19,3.087174661932864e-19,2.6261673956732967e-8
14.69,1.73,1.297114881182717,1.9962693243696536e-24,1.9962694027136704e-24,2.6261673956732967e-8
14.69,1.73,2.1307045980472066,3.8206099127556017e-31,3.8206104644445926e-31,2.6261673956732967e-8
14.69,1.73,3.5000000000000004,2.4871585054857864e-39,2.4874957248746924e-39,2.6261673956732967e-8
14.69,1.73,3.8,7.837193448314865e-41,7.837205434576584e-41,2.6261673956732967e-8
14.69,1.73,3.98,5.568735211846281e-42,5.560940145895879e-42,2.6261673956732967e-8
14.69,1.73,3.9998,4.819309623673392e-43,4.81265794091967e-43,2.6261673956732967e-8
14.69,4.71,1.0000000000000001e-7,2.944222746360806e-9,2.94422865653904e-9,2.9445419980903295e-9
14.69,4.71,1.6426491045299075e-7,2.9440901211194624e-9,2.9440960313632004e-9,2.9445419980903295e-9
14.69,4.71,2.698296080612907e-7,2.9439023948024037e-9,2.9439083051376526e-9,2.9445419980903295e-9
14.69,4.71,4.432353640575351e-7,2.943636668104051e-9,2.9436425785664686e-9,2.9445419980903295e-9
14.69,4.71,7.280801738650976e-7,2.9432605162970936e-9,2.9432664269364484e-9,2.9445419980903295e-9
14.69,4.71,1.1959802456254818e-6,2.942728015682644e-9,2.9427339265710073e-9,2.9445419980903295e-9
14.69,4.71,1.9645758795121526e-6,2.9419740981469736e-9,2.9419800093944286e-9,2.9445419980903295e-9
14.69,4.71,3.227108809261693e-6,2.940906512458122e-9,2.9409124242384445e-9,2.9445419980903295e-9
14.69,4.71,5.301007395754297e-6,2.9393943379185286e-9,2.9394002504916858e-9,2.9445419980903295e-9
14.69,4.71,8.707695051742211e-6,2.9372514841983725e-9,2.937257397949838e-9,2.9445419980903295e-9
14.69,4.71,1.4303687479263852e-5,2.9342127991223473e-9,2.9342187146346728e-9,2.9445419980903295e-9
14.69,4.71,2.3495939429288417e-5,2.9298990700591204e-9,2.9299049882408334e-9,2.9445419980903295e-9
14.69,4.71,3.8595583863609565e-5,2.9237649249585956e-9,2.9237708472892075e-9,2.9445419980903295e-9
14.69,4.71,6.33990012723672e-5,2.915019631479605e-9,2.915025560490982e-9,2.9445419980903295e-9
14.69,4.71,0.00010414231266814445,2.9025036288437393e-9,2.9025095690921884e-9,2.9445419980903295e-9
14.69,4.71,0.00017106927664800093,2.8844908757126443e-9,2.8844968357873103e-9,2.9445419980903295e-9
14.69,4.71,0.00028100679409841776,2.858365207908996e-9,2.8583712045039557e-9,2.9445419980903295e-9
14.69,4.71,0.00046159555869258604,2.820084686987068e-9,2.820090751675006e-9,2.9445419980903295e-9
14.69,4.71,0.0007582395311413588,2.7633060487346147e-9,2.763312238829853e-9,2.9445419980903295e-9
14.69,4.71,0.00124552148684853,2.678029780557445e-9,2.6780361940351365e-9,2.9445419980903295e-9
14.69,4.71,0.002045954755044497,2.5487855035730716e-9,2.5487922917536484e-9,2.9445419980903295e-9
14.69,4.71,0.0033607857462825456,2.353092611073255e-9,2.3530999679333663e-9,2.9445419980903295e-9
14.69,4.71,0.005520591696647901,2.0629577883846676e-9,2.0629658674695767e-9,2.9445419980903295e-9
14.69,4.71,0.009068395006973916,1.6559889882872562e-9,1.6559976740040617e-9,2.9445419980903295e-9
14.69,4.71,0.01489619093772919,1.1446073384447945e-9,1.1446158733478257e-9,2.9445419980903295e-9
14.69,4.71,0.024469214704767362,6.153560845724112e-10,6.153629252553992e-10,2.9445419980903295e-9
14.69,4.71,0.04019433362333615,2.1812230737631252e-10,2.1812604293898237e-10,2.9445419980903295e-9
14.69,4.71,0.06602518613354949,3.916014026749045e-11,3.916119342210228e-11,2.9445419980903295e-9
14.69,4.71,0.1084562128786955,2.3585878680531077e-12,2.3586883409239358e-12,2.9445419980903295e-9
14.69,4.71,0.17815550096589414,2.5533576158420157e-14,2.5535300544936627e-14,2.9445419980903295e-9
14.69,4.71,0.292646974128703,2.0182845001379238e-17,2.0184995364625296e-17,2.9445419980903295e-9
14.69,4.71,0.480716289995901,3.4920226061302225e-22,3.492603844030116e-22,2.9445419980903295e-9
14.69,4.71,0.789648183294706,3.1744140598299585e-29,3.175226310431778e-29,2.9445419980903295e-9
14.69,4.71,1.297114881182717,3.780611277271075e-39,3.7820614014669075e-39,2.9445419980903295e-9
14.69,4.71,2.1307045980472066,2.3088246734957096e-52,2.3101068435820395e-52,2.9445419980903295e-9
14.69,4.71,3.5000000000000004,6.380542812073082e-69,6.397781805965814e-69,2.9445419980903295e-9
14.69,4.71,3.8,5.685338217894757e-72,5.684582196090693e-72,2.9445419980903295e-9
14.69,4.71,3.98,6.573493574697588e-74,6.706049420749664e-74,2.9445419980903295e-9
14.69,4.71,3.9998,4.867415867334235e-75,4.967646723302644e-75,2.9445419980903295e-9
15.19,0.00113,1.0000000000000001e-7,7.17993092849805e-7,7.179930954245209e-7,7.180675118898371e-7
15.19,0.00113,1.6426491045299075e-7,7.179621773505612e-7,7.179621799370432e-7,7.180675118898371e-7
15.19,0.00113,2.698296080612907e-7,7.179184176274744e-7,7.179184202303474e-7,7.180675118898371e-7
15.19,0.00113,4.432353640575351e-7,7.178564758726832e-7,7.178564784981544e-7,7.180675118898371e-7
15.19,0.00113,7.280801738650976e-7,7.17768794024794e-7,7.177687966813407e-7,7.180675118898371e-7
15.19,0.00113,1.1959802456254818e-6,7.176446677313673e-7,7.176446704309987e-7,7.180675118898371e-7
15.19,0.00113,1.9645758795121526e-6,7.174689308605361e-7,7.174689336213292e-7,7.180675118898371e-7
15.19,0.00113,3.227108809261693e-6,7.172200827547969e-7,7.172200856055901e-7,7.180675118898371e-7
15.19,0.00113,5.301007395754297e-6,7.168676132215303e-7,7.168676162052203e-7,7.180675118898371e-7
15.19,0.00113,8.707695051742211e-6,7.163681619007033e-7,7.16368165077666e-7,7.180675118898371e-7
15.19,0.00113,1.4303687479263852e-5,7.156599614199566e-7,7.156599648741984e-7,7.180675118898371e-7
15.19,0.00113,2.3495939429288417e-5,7.146547067145362e-7,7.146547105624681e-7,7.180675118898371e-7
15.19,0.00113,3.8595583863609565e-5,7.132254707896191e-7,7.13225475193406e-7,7.180675118898371e-7
15.19,0.00113,6.33990012723672e-5,7.111883719299562e-7,7.111883771197451e-7,7.180675118898371e-7
15.19,0.00113,0.00010414231266814445,7.082740643049784e-7,7.082740706215365e-7,7.180675118898371e-7
15.19,0.00113,0.00017106927664800093,7.040822183389276e-7,7.040822263313644e-7,7.180675118898371e-7
15.19,0.00113,0.00028100679409841776,6.980071604329571e-7,6.980071711051796e-7,7.180675118898371e-7
15.19,0.00113,0.00046159555869258604,6.891149839531714e-7,6.891149991280537e-7,7.180675118898371e-7
15.19,0.00113,0.0007582395311413588,6.759426317956327e-7,6.75942654552101e-7,7.180675118898371e-7
15.19,0.00113,0.00124552148684853,6.56185850578136e-7,6.561858858043913e-7,7.180675118898371e-7
15.19,0.00113,0.002045954755044497,6.262762040124084e-7,6.262762586946147e-7,7.180675118898371e-7
15.19,0.00113,0.0033607857462825456,5.810022692526816e-7,5.810023518076508e-7,7.180675118898371e-7
15.19,0.00113,0.005520591696647901,5.137742750128613e-7,5.137743926835782e-7,7.180675118898371e-7
15.19,0.00113,0.009068395006973916,4.189801132068537e-7,4.1898026652786005e-7,7.180675118898371e-7
15.19,0.00113,0.01489619093772919,2.9836965985694966e-7,2.9836983426699534e-7,7.180675118898371e-7
15.19,0.00113,0.024469214704767362,1.7007906346375844e-7,1.700792233909941e-7,7.180675118898371e-7
15.19,0.00113,0.04019433362333615,6.792926456026247e-8,6.792936602410966e-8,7.180675118898371e-7
15.19,0.00113,0.06602518613354949,1.5682930964361678e-8,1.568296638321041e-8,7.180675118898371e-7
15.19,0.00113,0.1084562128786955,1.6202197349416403e-9,1.62022488080753e-9,7.180675118898371e-7
15.19,0.00113,0.17815550096589414,5.545415464090525e-11,5.545438418741093e-11,7.180675118898371e-7
15.19,0.00113,0.292646974128703,4.711327817439064e-13,4.711351641165928e-13,7.180675118898371e-7
15.19,0.00113,0.480716289995901,8.21844408215891e-16,8.218491843368582e-16,7.180675118898371e-7
15.19,0.00113,0.789648183294706,2.892636805876208e-19,2.892654762199427e-19,7.180675118898371e-7
15.19,0.00113,1.297114881182717,2.4151195304828136e-23,2.4151343615968356e-23,7.180675118898371e-7
15.19,0.00113,2.1307045980472066,6.303874588704429e-28,6.303909859429408e-28,7.180675118898371e-7
15.19,0.00113,3.5000000000000004,6.867875136575507e-33,6.86780087471748e-33,7.180675118898371e-7
15.19,0.00113,3.8,8.653139938681797e-34,8.653108067957187e-34,7.180675118898371e-7
15.19,0.00113,3.98,1.2121616638022294e-34,1.2121318662193366e-34,7.180675118898371e-7
15.19,0.00113,3.9998,1.1168904798324715e-35,1.116842237357749e-35,7.180675118898371e-7
15.19,0.0037,1.0000000000000001e-7,7.089868582050474e-7,7.089868582144076e-7,7.090604459547698e-7
15.19,0.0037,1.6426491045299075e-7,7.089562880418221e-7,7.089562880510445e-7,7.090604459547698e-7
15.19,0.0037,2.698296080612907e-7,7.089130171256909e-7,7.089130171352019e-7,7.090604459547698e-7
15.19,0.0037,4.432353640575351e-7,7.088517672684112e-7,7.0885176727921e-7,7.090604459547698e-7
15.19,0.0037,7.280801738650976e-7,7.087650648216284e-7,7.087650648349726e-7,7.090604459547698e-7
15.19,0.0037,1.1959802456254818e-6,7.086423249736225e-7,7.08642324990753e-7,7.090604459547698e-7
15.19,0.0037,1.9645758795121526e-6,7.084685509328524e-7,7.084685509545756e-7,7.090604459547698e-7
15.19,0.0037,3.227108809261693e-6,7.082224820499545e-7,7.082224820760101e-7,7.090604459547698e-7
15.19,0.0037,5.301007395754297e-6,7.07873948574292e-7,7.07873948602734e-7,7.090604459547698e-7
15.19,0.0037,8.707695051742211e-6,7.073800736666259e-7,7.073800736939519e-7,7.090604459547698e-7
15.19,0.0037,1.4303687479263852e-5,7.066797780590994e-7,7.066797780829969e-7,7.090604459547698e-7
15.19,0.0037,2.3495939429288417e-5,7.056857389570967e-7,7.056857389864482e-7,7.090604459547698e-7
15.19,0.0037,3.8595583863609565e-5,7.04272438111365e-7,7.042724381748257e-7,7.090604459547698e-7
15.19,0.0037,6.33990012723672e-5,7.022580281518654e-7,7.022580282954164e-7,7.090604459547698e-7
15.19,0.0037,0.00010414231266814445,6.993761299928863e-7,6.993761302833224e-7,7.090604459547698e-7
15.19,0.0037,0.00017106927664800093,6.952307985465523e-7,6.952307990697089e-7,7.090604459547698e-7
15.19,0.0037,0.00028100679409841776,6.892229498070312e-7,6.89222950645683e-7,7.090604459547698e-7
15.19,0.0037,0.00046159555869258604,6.804287713003962e-7,6.804287724704414e-7,7.090604459547698e-7
15.19,0.0037,0.0007582395311413588,6.674009483964676e-7,6.67400949751198e-7,7.090604459547698e-7
15.19,0.0037,0.00124552148684853,6.478600417385673e-7,6.478600430213301e-7,7.090604459547698e-7
15.19,0.0037,0.002045954755044497,6.182764734287347e-7,6.182764750874344e-7,7.090604459547698e-7
15.19,0.0037,0.0033607857462825456,5.734973096459436e-7,5.73497314054873e-7,7.090604459547698e-7
15.19,0.0037,0.005520591696647901,5.070121147583263e-7,5.070121251036561e-7,7.090604459547698e-7
15.19,0.0037,0.009068395006973916,4.1329149399225106e-7,4.1329151151078415e-7,7.090604459547698e-7
15.19,0.0037,0.01489619093772919,2.9410948003603696e-7,2.941095006860924e-7,7.090604459547698e-7
15.19,0.0037,0.024469214704767362,1.6745219718660097e-7,1.6745221271792407e-7,7.090604459547698e-7
15.19,0.0037,0.04019433362333615,6.67503059200829e-8,6.675031220599748e-8,7.090604459547698e-7
15.19,0.0037,0.06602518613354949,1.5362623613806974e-8,1.5362624711634194e-8,7.090604459547698e-7
15.19,0.0037,0.1084562128786955,1.5793401902741374e-9,1.5793402764131094e-9,7.090604459547698e-7
15.19,0.0037,0.17815550096589414,5.365103921356514e-11,5.365104250651119e-11,7.090604459547698e-7
15.19,0.0037,0.292646974128703,4.5084208596467697e-13,4.5084209452701696e-13,7.090604459547698e-7
15.19,0.0037,0.480716289995901,7.745905273814789e-16,7.745904756571448e-16,7.090604459547698e-7
15.19,0.0037,0.789648183294706,2.672916086383208e-19,2.672915866308289e-19,7.090604459547698e-7
15.19,0.0037,1.297114881182717,2.1783602523733782e-23,2.17836005709327e-23,7.090604459547698e-7
15.19,0.0037,2.1307045980472066,5.529339322740966e-28,5.529332698599089e-28,7.090604459547698e-7
15.19,0.0037,3.5000000000000004,5.842044569654707e-33,5.84149555302136e-33,7.090604459547698e-7
15.19,0.0037,3.8,7.324971066598004e-34,7.324044821743663e-34,7.090604459547698e-7
15.19,0.0037,3.98,1.0237283901342097e-34,1.0238416770722543e-34,7.090604459547698e-7
15.19,0.0037,3.9998,9.430601030850429e-36,9.432285730695019e-36,7.090604459547698e-7
15.19,0.0127,1.0000000000000001e-7,6.785690370466369e-7,6.785690370576924e-7,6.786398091728127e-7
15.19,0.0127,1.6426491045299075e-7,6.785396365546339e-7,6.785396365655294e-7,6.786398091728127e-7
15.19,0.0127,2.698296080612907e-7,6.784980212535173e-7,6.784980212642472e-7,6.786398091728127e-7
15.19,0.0127,4.432353640575351e-7,6.784391148901632e-7,6.784391149014584e-7,6.786398091728127e-7
15.19,0.0127,7.280801738650976e-7,6.783557297284217e-7,6.783557297416245e-7,6.786398091728127e-7
15.19,0.0127,1.1959802456254818e-6,6.782376858491732e-7,6.782376858658795e-7,6.786398091728127e-7
15.19,0.0127,1.9645758795121526e-6,6.780705600298727e-7,6.780705600515808e-7,6.786398091728127e-7
15.19,0.0127,3.227108809261693e-6,6.77833904551492e-7,6.778339045789888e-7,6.786398091728127e-7
15.19,0.0127,5.301007395754297e-6,6.77498702781452e-7,6.77498702813975e-7,6.786398091728127e-7
15.19,0.0127,8.707695051742211e-6,6.77023715643352e-7,6.770237156779014e-7,6.786398091728127e-7
15.19,0.0127,1.4303687479263852e-5,6.763501946335449e-7,6.763501946653599e-7,6.786398091728127e-7
15.19,0.0127,2.3495939429288417e-5,6.753941442215115e-7,6.753941442489316e-7,6.786398091728127e-7
15.19,0.0127,3.8595583863609565e-5,6.740348182356124e-7,6.740348182758125e-7,6.786398091728127e-7
15.19,0.0127,6.33990012723672e-5,6.720972610116118e-7,6.720972611085932e-7,6.786398091728127e-7
15.19,0.0127,0.00010414231266814445,6.693251447194242e-7,6.693251449449202e-7,6.786398091728127e-7
15.19,0.0127,0.00017106927664800093,6.6533738052606e-7,6.653373809865328e-7,6.786398091728127e-7
15.19,0.0127,0.00028100679409841776,6.595572155391036e-7,6.595572163687364e-7,6.786398091728127e-7
15.19,0.0127,0.00046159555869258604,6.510950500067153e-7,6.510950513171951e-7,6.786398091728127e-7
15.19,0.0127,0.0007582395311413588,6.385569329877057e-7,6.385569347442785e-7,6.786398091728127e-7
15.19,0.0127,0.00124552148684853,6.19747543402684e-7,6.197475452868247e-7,6.786398091728127e-7
15.19,0.0127,0.002045954755044497,5.912690149426685e-7,5.912690165925994e-7,6.786398091728127e-7
15.19,0.0127,0.0033607857462825456,5.481665745211706e-7,5.481665770163566e-7,6.786398091728127e-7
15.19,0.0127,0.005520591696647901,4.84198269034288e-7,4.841982756090066e-7,6.786398091728127e-7
15.19,0.0127,0.009068395006973916,3.9411371014701166e-7,3.941137233411209e-7,6.786398091728127e-7
15.19,0.0127,0.01489619093772919,2.7976567044794277e-7,2.797656882222219e-7,6.786398091728127e-7
15.19,0.0127,0.024469214704767362,1.586270684793601e-7,1.5862708342038046e-7,6.786398091728127e-7
15.19,0.0127,0.04019433362333615,6.280428016679816e-8,6.280428681826847e-8,6.786398091728127e-7
15.19,0.0127,0.06602518613354949,1.4297212801822688e-8,1.4297213993542867e-8,6.786398091728127e-7
15.19,0.0127,0.1084562128786955,1.4447398405473715e-9,1.444739909142754e-9,6.786398091728127e-7
15.19,0.0127,0.17815550096589414,4.7807596093677774e-11,4.7807598345738694e-11,6.786398091728127e-7
15.19,0.0127,0.292646974128703,3.866162314785361e-13,3.8661625116368124e-13,6.786398091728127e-7
15.19,0.0127,0.480716289995901,6.298507206070367e-16,6.298507139072127e-16,6.786398091728127e-7
15.19,0.0127,0.789648183294706,2.0280590803250644e-19,2.028058976359671e-19,6.786398091728127e-7
15.19,0.0127,1.297114881182717,1.5186717052012493e-23,1.518671590993492e-23,6.786398091728127e-7
15.19,0.0127,2.1307045980472066,3.495817959926347e-28,3.49581398735802e-28,6.786398091728127e-7
15.19,0.0127,3.5000000000000004,3.317235510777986e-33,3.316882693482545e-33,6.786398091728127e-7
15.19,0.0127,3.8,4.08902670172017e-34,4.088375372093409e-34,6.786398091728127e-7
15.19,0.0127,3.98,5.668470384807367e-35,5.669485288515276e-35,6.786398091728127e-7
15.19,0.0127,3.9998,5.217786094156467e-36,5.2189926981732465e-36,6.786398091728127e-7
15.19,0.047,1.0000000000000001e-7,5.7695786052407e-7,5.76957860671609e-7,5.770191298944715e-7
15.19,0.047,1.6426491045299075e-7,5.7693240768523e-7,5.769324078331941e-7,5.770191298944715e-7
15.19,0.047,2.698296080612907e-7,5.768963801053177e-7,5.768963802534875e-7,5.770191298944715e-7
15.19,0.047,4.432353640575351e-7,5.768453830686101e-7,5.768453832166211e-7,5.770191298944715e-7
15.19,0.047,7.280801738650976e-7,5.767731938057565e-7,5.767731939533423e-7,5.770191298944715e-7
15.19,0.047,1.1959802456254818e-6,5.766709989380315e-7,5.766709990859382e-7,5.770191298944715e-7
15.19,0.047,1.9645758795121526e-6,5.76526311098884e-7,5.76526311249462e-7,5.770191298944715e-7
15.19,0.047,3.227108809261693e-6,5.763214263429726e-7,5.763214264993695e-7,5.770191298944715e-7
15.19,0.047,5.301007395754297e-6,5.760312201086697e-7,5.76031220274302e-7,5.770191298944715e-7
15.19,0.047,8.707695051742211e-6,5.756199814323594e-7,5.756199816099948e-7,5.770191298944715e-7
15.19,0.047,1.4303687479263852e-5,5.750368296162184e-7,5.750368298065119e-7,5.770191298944715e-7
15.19,0.047,2.3495939429288417e-5,5.742090019194903e-7,5.742090021191086e-7,5.770191298944715e-7
15.19,0.047,3.8595583863609565e-5,5.730318651365245e-7,5.73031865337048e-7,5.770191298944715e-7
15.19,0.047,6.33990012723672e-5,5.713537387991668e-7,5.71353738991587e-7,5.770191298944715e-7
15.19,0.047,0.00010414231266814445,5.689522517438151e-7,5.689522519454465e-7,5.770191298944715e-7
15.19,0.047,0.00017106927664800093,5.654965258817394e-7,5.654965261870278e-7,5.770191298944715e-7
15.19,0.047,0.00028100679409841776,5.604853209654553e-7,5.604853215654912e-7,5.770191298944715e-7
15.19,0.047,0.00046159555869258604,5.531447907074611e-7,5.531447919234127e-7,5.770191298944715e-7
15.19,0.047,0.0007582395311413588,5.422616146765384e-7,5.422616169442583e-7,5.770191298944715e-7
15.19,0.047,0.00124552148684853,5.259252493264289e-7,5.259252530241928e-7,5.770191298944715e-7
15.19,0.047,0.002045954755044497,5.011835238435501e-7,5.011835288860805e-7,5.770191298944715e-7
15.19,0.047,0.0033607857462825456,4.6375110548851174e-7,4.637511109149141e-7,5.770191298944715e-7
15.19,0.047,0.005520591696647901,4.0828925587782737e-7,4.082892602981858e-7,5.770191298944715e-7
15.19,0.047,0.009068395006973916,3.3047501875895794e-7,3.304750226093575e-7,5.770191298944715e-7
15.19,0.047,0.01489619093772919,2.3238904784092874e-7,2.3238905415282061e-7,5.770191298944715e-7
15.19,0.047,0.024469214704767362,1.297105729850226e-7,1.2971058103876905e-7,5.770191298944715e-7
15.19,0.047,0.04019433362333615,5.004929662121696e-8,5.00493017633923e-8,5.770191298944715e-7
15.19,0.047,0.06602518613354949,1.0930645045117134e-8,1.0930646259020262e-8,5.770191298944715e-7
15.19,0.047,0.1084562128786955,1.0347618013587482e-9,1.034761854726101e-9,5.770191298944715e-7
15.19,0.047,0.17815550096589414,3.099587687249631e-11,3.099587567253615e-11,5.770191298944715e-7
15.19,0.047,0.292646974128703,2.1667647189607912e-13,2.1667646029810238e-13,5.770191298944715e-7
15.19,0.047,0.480716289995901,2.8841459312094723e-16,2.8841459824247016e-16,5.770191298944715e-7
15.19,0.047,0.789648183294706,7.136402306866195e-20,7.136402726783298e-20,5.770191298944715e-7
15.19,0.047,1.297114881182717,3.871784753817589e-24,3.871784923408986e-24,5.770191298944715e-7
15.19,0.047,2.1307045980472066,6.140964103890454e-29,6.140961986162094e-29,5.770191298944715e-7
15.19,0.047,3.5000000000000004,3.868361525552731e-34,3.868093963970905e-34,5.770191298944715e-7
15.19,0.047,3.8,4.467624381262924e-35,4.4671039087519283e-35,5.770191298944715e-7
15.19,0.047,3.98,6.003657979318028e-36,6.0046058851299906e-36,5.770191298944715e-7
15.19,0.047,3.9998,5.510124055940086e-37,5.510893849351173e-37,5.770191298944715e-7
15.19,0.173,1.0000000000000001e-7,3.3758422465454413e-7,3.37584224580469e-7,3.3762234086482947e-7
15.19,0.173,1.6426491045299075e-7,3.375683901615432e-7,3.3756839008793193e-7,3.3762234086482947e-7
15.19,0.173,2.698296080612907e-7,3.3754597692711575e-7,3.375459768541864e-7,3.3762234086482947e-7
15.19,0.173,4.432353640575351e-7,3.375142508165682e-7,3.3751425074444897e-7,3.3762234086482947e-7
15.19,0.173,7.280801738650976e-7,3.3746934025720574e-7,3.3746934018582463e-7,3.3762234086482947e-7
15.19,0.173,1.1959802456254818e-6,3.3740576160056513e-7,3.37405761529546e-7,3.3762234086482947e-7
15.19,0.173,1.9645758795121526e-6,3.3731574458636176e-7,3.3731574451506784e-7,3.3762234086482947e-7
15.19,0.173,3.227108809261693e-6,3.3718827142500994e-7,3.3718827135307546e-7,3.3762234086482947e-7
15.19,0.173,5.301007395754297e-6,3.3700770282117367e-7,3.3700770275019903e-7,3.3762234086482947e-7
15.19,0.173,8.707695051742211e-6,3.3675180221228114e-7,3.367518021467562e-7,3.3762234086482947e-7
15.19,0.173,1.4303687479263852e-5,3.36388870524598e-7,3.363888704707712e-7,3.3762234086482947e-7
15.19,0.173,2.3495939429288417e-5,3.3587354000947166e-7,3.3587353997489345e-7,3.3762234086482947e-7
15.19,0.173,3.8595583863609565e-5,3.351404950225698e-7,3.351404950149435e-7,3.3762234086482947e-7
15.19,0.173,6.33990012723672e-5,3.3409489267865366e-7,3.3409489270314127e-7,3.3762234086482947e-7
15.19,0.173,0.00010414231266814445,3.325973717008973e-7,3.325973717550064e-7,3.3762234086482947e-7
15.19,0.173,0.00017106927664800093,3.304399706040582e-7,3.3043997067146603e-7,3.3762234086482947e-7
15.19,0.173,0.00028100679409841776,3.2730661885104497e-7,3.2730661890995373e-7,3.3762234086482947e-7
15.19,0.173,0.00046159555869258604,3.227078267908696e-7,3.2270782690291405e-7,3.3762234086482947e-7
15.19,0.173,0.0007582395311413588,3.1587466064293247e-7,3.1587466112459834e-7,3.3762234086482947e-7
15.19,0.173,0.00124552148684853,3.055975016644497e-7,3.0559750313204273e-7,3.3762234086482947e-7
15.19,0.173,0.002045954755044497,2.9001932831980475e-7,2.900193316183371e-7,3.3762234086482947e-7
15.19,0.173,0.0033607857462825456,2.6649026877725725e-7,2.664902745467185e-7,3.3762234086482947e-7
15.19,0.173,0.005520591696647901,2.3184626073911601e-7,2.318462685923743e-7,3.3762234086482947e-7
15.19,0.173,0.009068395006973916,1.839038699732894e-7,1.8390387794350702e-7,3.3762234086482947e-7
15.19,0.173,0.01489619093772919,1.2498670472579018e-7,1.2498671026507355e-7,3.3762234086482947e-7
15.19,0.173,0.024469214704767362,6.591421038750406e-8,6.591421286117014e-8,3.3762234086482947e-7
15.19,0.173,0.04019433362333615,2.3174144583499573e-8,2.3174145559493498e-8,3.3762234086482947e-7
15.19,0.173,0.06602518613354949,4.357188883596339e-9,4.3571892012838626e-9,3.3762234086482947e-7
15.19,0.173,0.1084562128786955,3.2582407768097e-10,3.258241023058476e-10,3.3762234086482947e-7
15.19,0.173,0.17815550096589414,6.807047830336641e-12,6.807047689823053e-12,3.3762234086482947e-7
15.19,0.173,0.292646974128703,2.8053179840490034e-14,2.8053175228633853e-14,3.3762234086482947e-7
15.19,0.173,0.480716289995901,1.7907317258066163e-17,1.7907313925509445e-17,3.3762234086482947e-7
15.19,0.173,0.789648183294706,1.695052762203673e-21,1.6950526538919407e-21,3.3762234086482947e-7
15.19,0.173,1.297114881182717,2.827963823686921e-26,2.8279638710532273e-26,3.3762234086482947e-7
15.19,0.173,2.1307045980472066,1.1437567117070119e-31,1.14375647741039e-31,3.3762234086482947e-7
15.19,0.173,3.5000000000000004,1.5955202078494276e-37,1.5955167287348095e-37,3.3762234086482947e-7
15.19,0.173,3.8,1.4462378977800214e-38,1.446234514228785e-38,3.3762234086482947e-7
15.19,0.173,3.98,1.7314196318514147e-39,1.731021745956241e-39,3.3762234086482947e-7
15.19,0.173,3.9998,1.57198838459943e-40,1.571680868051882e-40,3.3762234086482947e-7
15.19,0.61,1.0000000000000001e-7,8.820987983171028e-8,8.820987983137786e-8,8.822167874989221e-8
15.19,0.61,1.6426491045299075e-7,8.820497818523303e-8,8.820497818497262e-8,8.822167874989221e-8
15.19,0.61,2.698296080612907e-7,8.819803997783784e-8,8.819803997775595e-8,8.822167874989221e-8
15.19,0.61,4.432353640575351e-7,8.818821870992605e-8,8.81882187101396e-8,8.822167874989221e-8
15.19,0.61,7.280801738650976e-7,8.817431559529766e-8,8.81743155958999e-8,8.822167874989221e-8
15.19,0.61,1.1959802456254818e-6,8.81546323898871e-8,8.815463239089678e-8,8.822167874989221e-8
15.19,0.61,1.9645758795121526e-6,8.812676202910857e-8,8.812676203040773e-8,8.822167874989221e-8
15.19,0.61,3.227108809261693e-6,8.808728991344849e-8,8.808728991475179e-8,8.822167874989221e-8
15.19,0.61,5.301007395754297e-6,8.803136576624815e-8,8.80313657672201e-8,8.822167874989221e-8
15.19,0.61,8.707695051742211e-6,8.79520857516063e-8,8.795208575242286e-8,8.822167874989221e-8
15.19,0.61,1.4303687479263852e-5,8.78395917050858e-8,8.783959170752932e-8,8.822167874989221e-8
15.19,0.61,2.3495939429288417e-5,8.767973905092237e-8,8.767973905817942e-8,8.822167874989221e-8
15.19,0.61,3.8595583863609565e-5,8.745208879529542e-8,8.745208881190033e-8,8.822167874989221e-8
15.19,0.61,6.33990012723672e-5,8.712680785835181e-8,8.712680789013979e-8,8.822167874989221e-8
15.19,0.61,0.00010414231266814445,8.665975624560936e-8,8.66597562987722e-8,8.822167874989221e-8
15.19,0.61,0.00017106927664800093,8.598450563761121e-8,8.598450571553453e-8,8.822167874989221e-8
15.19,0.61,0.00028100679409841776,8.49991631255051e-8,8.499916322240142e-8,8.822167874989221e-8
15.19,0.61,0.00046159555869258604,8.354467386210026e-8,8.354467395876553e-8,8.822167874989221e-8
15.19,0.61,0.0007582395311413588,8.137036640891831e-8,8.13703665010834e-8,8.822167874989221e-8
15.19,0.61,0.00124552148684853,7.808456387544958e-8,7.80845640913765e-8,8.822167874989221e-8
15.19,0.61,0.002045954755044497,7.310119439769137e-8,7.310119503496628e-8,8.822167874989221e-8
15.19,0.61,0.0033607857462825456,6.563565607748799e-8,6.563565749182828e-8,8.822167874989221e-8
15.19,0.61,0.005520591696647901,5.489693265706642e-8,5.4896934976317396e-8,8.822167874989221e-8
15.19,0.61,0.009068395006973916,4.07265060493803e-8,4.072650881253258e-8,8.822167874989221e-8
15.19,0.61,0.01489619093772919,2.4731617153662937e-8,2.4731619368184004e-8,8.822167874989221e-8
15.19,0.61,0.024469214704767362,1.081779622497635e-8,1.0817797246733722e-8,8.822167874989221e-8
15.19,0.61,0.04019433362333615,2.800045167090538e-9,2.8000453864641842e-9,8.822167874989221e-8
15.19,0.61,0.06602518613354949,3.214772128943834e-10,3.21477234592329e-10,8.822167874989221e-8
15.19,0.61,0.1084562128786955,1.1037957924989363e-11,1.1037958903470143e-11,8.822167874989221e-8
15.19,0.61,0.17815550096589414,6.984919827289484e-14,6.984920182943957e-14,8.822167874989221e-8
15.19,0.61,0.292646974128703,4.93888756223797e-17,4.938886944520623e-17,8.822167874989221e-8
15.19,0.61,0.480716289995901,2.6615137381982506e-21,2.6615129841061384e-21,8.822167874989221e-8
15.19,0.61,0.789648183294706,9.649441124338664e-27,9.649438927685473e-27,8.822167874989221e-8
15.19,0.61,1.297114881182717,2.832946391202097e-33,2.8329460801067426e-33,8.822167874989221e-8
15.19,0.61,2.1307045980472066,1.0232935133648623e-40,1.0232926608929532e-40,8.822167874989221e-8
15.19,0.61,3.5000000000000004,7.524236143814819e-49,7.523294250195253e-49,8.822167874989221e-8
15.19,0.61,3.8,2.8653718367101297e-50,2.861092761348913e-50,8.822167874989221e-8
15.19,0.61,3.98,2.265234494355755e-51,2.2637135976166318e-51,8.822167874989221e-8
15.19,0.61,3.9998,1.9801791026050614e-52,1.9804401024495998e-52,8.822167874989221e-8
15.19,1.73,1.0000000000000001e-7,1.4209856430955466e-8,1.4209856436083208e-8,1.42123696407238e-8
15.19,1.73,1.6426491045299075e-7,1.4208812334315258e-8,1.4208812339449754e-8,1.42123696407238e-8
15.19,1.73,2.698296080612907e-7,1.4207334393093161e-8,1.4207334398258249e-8,1.42123696407238e-8
15.19,1.73,4.432353640575351e-7,1.4205242230003143e-8,1.420524223522782e-8,1.42123696407238e-8
15.19,1.73,7.280801738650976e-7,1.4202280337408248e-8,1.4202280342720941e-8,1.42123696407238e-8
15.19,1.73,1.1959802456254818e-6,1.4198086611107453e-8,1.4198086616524938e-8,1.42123696407238e-8
15.19,1.73,1.9645758795121526e-6,1.4192147488080835e-8,1.4192147493593446e-8,1.42123696407238e-8
15.19,1.73,3.227108809261693e-6,1.4183733718777335e-8,1.4183733724334189e-8,1.42123696407238e-8
15.19,1.73,5.301007395754297e-6,1.4171807832205891e-8,1.4171807837718646e-8,1.42123696407238e-8
15.19,1.73,8.707695051742211e-6,1.4154889565932392e-8,1.4154889571346266e-8,1.42123696407238e-8
15.19,1.73,1.4303687479263852e-5,1.4130857536243757e-8,1.4130857541792363e-8,1.42123696407238e-8
15.19,1.73,2.3495939429288417e-5,1.4096651594382893e-8,1.4096651600785054e-8,1.42123696407238e-8
15.19,1.73,3.8595583863609565e-5,1.4047815787628202e-8,1.404781579605865e-8,1.42123696407238e-8
15.19,1.73,6.33990012723672e-5,1.3977777955504687e-8,1.397777796770698e-8,1.42123696407238e-8
15.19,1.73,0.00010414231266814445,1.3876684698059283e-8,1.3876684716291714e-8,1.42123696407238e-8
15.19,1.73,0.00017106927664800093,1.3729481695655632e-8,1.3729481722030976e-8,1.42123696407238e-8
15.19,1.73,0.00028100679409841776,1.351274229002569e-8,1.3512742324656623e-8,1.42123696407238e-8
15.19,1.73,0.00046159555869258604,1.3189568087575677e-8,1.3189568125963068e-8,1.42123696407238e-8
15.19,1.73,0.0007582395311413588,1.2702043914938929e-8,1.2702043949965247e-8,1.42123696407238e-8
15.19,1.73,0.00124552148684853,1.196228763277412e-8,1.1962287677444754e-8,1.42123696407238e-8
15.19,1.73,0.002045954755044497,1.0848669703903006e-8,1.0848669818650902e-8,1.42123696407238e-8
15.19,1.73,0.0033607857462825456,9.227209956882797e-9,9.227210214997267e-9,1.42123696407238e-8
15.19,1.73,0.005520591696647901,7.03712144903341e-9,7.03712186590908e-9,1.42123696407238e-8
15.19,1.73,0.009068395006973916,4.4656817263237164e-9,4.465682187510076e-9,1.42123696407238e-8
15.19,1.73,0.01489619093772919,2.087723956042776e-9,2.087724269451563e-9,1.42123696407238e-8
15.19,1.73,0.024469214704767362,5.924011158354876e-10,5.924012215120756e-10,1.42123696407238e-8
15.19,1.73,0.04019433362333615,7.559407338925481e-11,7.559408602909304e-11,1.42123696407238e-8
15.19,1.73,0.06602518613354949,2.7750395079538844e-12,2.775039882501097e-12,1.42123696407238e-8
15.19,1.73,0.1084562128786955,1.564184693707523e-14,1.5641849320267836e-14,1.42123696407238e-8
15.19,1.73,0.17815550096589414,6.052782957054324e-18,6.052783963050432e-18,1.42123696407238e-8
15.19,1.73,0.292646974128703,6.589883001305983e-23,6.589882776695977e-23,1.42123696407238e-8
15.19,1.73,0.480716289995901,9.303608113340084e-30,9.303604800416473e-30,1.42123696407238e-8
15.19,1.73,0.789648183294706,1.1459841690712134e-38,1.1459837226509377e-38,1.42123696407238e-8
15.19,1.73,1.297114881182717,1.4220374039723038e-49,1.4220372149928306e-49,1.42123696407238e-8
15.19,1.73,2.1307045980472066,3.3136135359037058e-62,3.3136094085026553e-62,1.42123696407238e-8
15.19,1.73,3.5000000000000004,3.44822973634961e-76,3.457281706533155e-76,1.42123696407238e-8
15.19,1.73,3.8,1.2988829531064345e-78,1.2700892634068754e-78,1.42123696407238e-8
15.19,1.73,3.98,3.278878682475181e-80,3.2775526979173215e-80,1.42123696407238e-8
15.19,1.73,3.9998,2.595653684980335e-81,2.618125512630754e-81,1.42123696407238e-8
15.19,4.71,1.0000000000000001e-7,1.5954354157174813e-9,1.5954386261359589e-9,1.5958507026194372e-9
15.19,4.71,1.6426491045299075e-7,1.5952628767389595e-9,1.5952660872395448e-9,1.5958507026194372e-9
15.19,4.71,2.698296080612907e-7,1.595018630192558e-9,1.595021840812808e-9,1.5958507026194372e-9
15.19,4.71,4.432353640575351e-7,1.5946728446927154e-9,1.5946760554854117e-9,1.5958507026194372e-9
15.19,4.71,7.280801738650976e-7,1.5941832407401163e-9,1.5941864517792853e-9,1.5958507026194372e-9
15.19,4.71,1.1959802456254818e-6,1.5934898485547089e-9,1.5934930599450188e-9,1.5958507026194372e-9
15.19,4.71,1.9645758795121526e-6,1.592507499104202e-9,1.5925107109970496e-9,1.5958507026194372e-9
15.19,4.71,3.227108809261693e-6,1.5911149971350406e-9,1.591118209758508e-9,1.5958507026194372e-9
15.19,4.71,5.301007395754297e-6,1.5891393577467443e-9,1.5891425714650798e-9,1.5958507026194372e-9
15.19,4.71,8.707695051742211e-6,1.5863325366539982e-9,1.5863357520915365e-9,1.5958507026194372e-9
15.19,4.71,1.4303687479263852e-5,1.5823364336550817e-9,1.5823396519407312e-9,1.5958507026194372e-9
15.19,4.71,2.3495939429288417e-5,1.5766290155018606e-9,1.5766322386571947e-9,1.5958507026194372e-9
15.19,4.71,3.8595583863609565e-5,1.5684391552943684e-9,1.5684423869882915e-9,1.5958507026194372e-9
15.19,4.71,6.33990012723672e-5,1.5566085679359252e-9,1.5566118149125457e-9,1.5958507026194372e-9
15.19,4.71,0.00010414231266814445,1.5393639887363488e-9,1.539367263377787e-9,1.5958507026194372e-9
15.19,4.71,0.00017106927664800093,1.513941060597105e-9,1.5139443852540088e-9,1.5958507026194372e-9
15.19,4.71,0.00028100679409841776,1.4759823187296895e-9,1.4759857323595008e-9,1.5958507026194372e-9
15.19,4.71,0.00046159555869258604,1.4186575267334823e-9,1.4186610932992411e-9,1.5958507026194372e-9
15.19,4.71,0.0007582395311413588,1.3316582761962295e-9,1.3316620902140215e-9,1.5958507026194372e-9
15.19,4.71,0.00124552148684853,1.2009139135625052e-9,1.2009180858223512e-9,1.5958507026194372e-9
15.19,4.71,0.002045954755044497,1.0115070840423938e-9,1.0115116597778004e-9,1.5958507026194372e-9
15.19,4.71,0.0033607857462825456,7.583846317225701e-10,7.583894040746502e-10,1.5958507026194372e-9
15.19,4.71,0.005520591696647901,4.670251068650195e-10,4.670294131921018e-10,1.5958507026194372e-9
15.19,4.71,0.009068395006973916,2.0694135743148244e-10,2.069442550330799e-10,1.5958507026194372e-9
15.19,4.71,0.01489619093772919,5.3249642232823545e-11,5.325080013908643e-11,1.5958507026194372e-9
15.19,4.71,0.024469214704767362,5.652854450593211e-12,5.6530479225815295e-12,1.5958507026194372e-9
15.19,4.71,0.04019433362333615,1.4500976020702689e-13,1.4501763214930594e-13,1.5958507026194372e-9
15.19,4.71,0.06602518613354949,3.986815081998435e-16,3.987159518036192e-16,1.5958507026194372e-9
15.19,4.71,0.1084562128786955,3.610285399449478e-20,3.6107806982141595e-20,1.5958507026194372e-9
15.19,4.71,0.17815550096589414,2.194706367094137e-26,2.1951792529557862e-26,1.5958507026194372e-9
15.19,4.71,0.292646974128703,1.3292428743754187e-35,1.3296840451511067e-35,1.5958507026194372e-9
15.19,4.71,0.480716289995901,1.2051597388252743e-48,1.2057602045455612e-48,1.5958507026194372e-9
15.19,4.71,0.789648183294706,4.2974527091720057e-66,4.3005665164024017e-66,1.5958507026194372e-9
15.19,4.71,1.297114881182717,4.60418743617062e-88,4.608858388016957e-88,1.5958507026194372e-9
15.19,4.71,2.1307045980472066,3.690121135669719e-114,3.695134979595276e-114,1.5958507026194372e-9
15.19,4.71,3.5000000000000004,1.2385041213345312e-143,1.2667476813422466e-143,1.5958507026194372e-9
15.19,4.71,3.8,8.76284215294779e-149,7.507086429968133e-149,1.5958507026194372e-9
15.19,4.71,3.98,8.010467548482652e-152,7.690483685846873e-152,1.5958507026194372e-9
15.19,4.71,3.9998,4.819606360258741e-153,4.88931739116232e-153,1.5958507026194372e-9
15.67,0.00113,1.0000000000000001e-7,3.9695550886411065e-7,3.96955506249965e-7,3.9705130082844336e-7
15.67,0.00113,1.6426491045299075e-7,3.9691571074043844e-7,3.969157082917484e-7,3.9705130082844336e-7
15.67,0.00113,2.698296080612907e-7,3.9685937308082094e-7,3.968593708668085e-7,3.9705130082844336e-7
15.67,0.00113,4.432353640575351e-7,3.967796160335433e-7,3.9677961415205545e-7,3.9705130082844336e-7
15.67,0.00113,7.280801738650976e-7,3.966666899666478e-7,3.966666885561038e-7,3.9705130082844336e-7
15.67,0.00113,1.1959802456254818e-6,3.965067682692217e-7,3.965067675259868e-7,3.9705130082844336e-7
15.67,0.00113,1.9645758795121526e-6,3.9628021975174036e-7,3.962802199558502e-7,3.9705130082844336e-7
15.67,0.00113,3.227108809261693e-6,3.95959121171184e-7,3.959591227254794e-7,3.9705130082844336e-7
15.67,0.00113,5.301007395754297e-6,3.955036430640983e-7,3.9550364655586993e-7,3.9705130082844336e-7
15.67,0.00113,8.707695051742211e-6,3.9485672997898784e-7,3.948567362783983e-7,3.9705130082844336e-7
15.67,0.00113,1.4303687479263852e-5,3.939361304642061e-7,3.939361408716948e-7,3.9705130082844336e-7
15.67,0.00113,2.3495939429288417e-5,3.926221848211477e-7,3.926222013130912e-7,3.9705130082844336e-7
15.67,0.00113,3.8595583863609565e-5,3.9073862102826394e-7,3.90738646677987e-7,3.9705130082844336e-7
15.67,0.00113,6.33990012723672e-5,3.880215677100996e-7,3.880216074145992e-7,3.9705130082844336e-7
15.67,0.00113,0.00010414231266814445,3.840685757156955e-7,3.840686374498937e-7,3.9705130082844336e-7
15.67,0.00113,0.00017106927664800093,3.7825441050281877e-7,3.782545074417166e-7,3.9705130082844336e-7
15.67,0.00113,0.00028100679409841776,3.695953115388411e-7,3.69595465472501e-7,3.9705130082844336e-7
15.67,0.00113,0.00046159555869258604,3.565465475329126e-7,3.565467937846705e-7,3.9705130082844336e-7
15.67,0.00113,0.0007582395311413588,3.36756391319299e-7,3.367567838802434e-7,3.9705130082844336e-7
15.67,0.00113,0.00124552148684853,3.069395235359355e-7,3.0694013309152305e-7,3.9705130082844336e-7
15.67,0.00113,0.002045954755044497,2.633792519265289e-7,2.633801417119338e-7,3.9705130082844336e-7
15.67,0.00113,0.0033607857462825456,2.040798865994859e-7,2.0408104697715605e-7,3.9705130082844336e-7
15.67,0.00113,0.005520591696647901,1.3334020088304888e-7,1.3334145502235673e-7,3.9705130082844336e-7
15.67,0.00113,0.009068395006973916,6.586847394702447e-8,6.586947668392092e-8,3.9705130082844336e-7
15.67,0.00113,0.01489619093772919,2.081243374573053e-8,2.0812933450642543e-8,3.9705130082844336e-7
15.67,0.00113,0.024469214704767362,3.297472398769325e-9,3.297593383134543e-9,3.9705130082844336e-7
15.67,0.00113,0.04019433362333615,1.8859429266007254e-10,1.8860444686663074e-10,3.9705130082844336e-7
15.67,0.00113,0.06602518613354949,2.6226492889984073e-12,2.622845912369171e-12,3.9705130082844336e-7
15.67,0.00113,0.1084562128786955,5.975159023687397e-15,5.975744922203944e-15,3.9705130082844336e-7
15.67,0.00113,0.17815550096589414,1.682014632642667e-18,1.682217068866399e-18,3.9705130082844336e-7
15.67,0.00113,0.292646974128703,5.49263499325222e-23,5.493403329800495e-23,3.9705130082844336e-7
15.67,0.00113,0.480716289995901,2.496731219464674e-28,2.497121121031199e-28,3.9705130082844336e-7
15.67,0.00113,0.789648183294706,2.248542204300547e-34,2.2489241211700192e-34,3.9705130082844336e-7
15.67,0.00113,1.297114881182717,6.014548422137823e-41,6.015642438596947e-41,3.9705130082844336e-7
15.67,0.00113,2.1307045980472066,6.878736054792216e-48,6.880058676717481e-48,3.9705130082844336e-7
15.67,0.00113,3.5000000000000004,4.453419442536351e-55,4.454055123605568e-55,3.9705130082844336e-7
15.67,0.00113,3.8,2.5883500421553847e-56,2.5881630146381756e-56,3.9705130082844336e-7
15.67,0.00113,3.98,2.5182161318816301e-57,2.5170493827317358e-57,3.9705130082844336e-7
15.67,0.00113,3.9998,2.243405694696538e-58,2.242812774346375e-58,3.9705130082844336e-7
15.67,0.0037,1.0000000000000001e-7,3.919823168879659e-7,3.919823128276687e-7,3.920770388257759e-7
15.67,0.0037,1.6426491045299075e-7,3.919429633118431e-7,3.919429593691718e-7,3.920770388257759e-7
15.67,0.0037,2.698296080612907e-7,3.918872549343959e-7,3.918872511589836e-7,3.920770388257759e-7
15.67,0.0037,4.432353640575351e-7,3.918083887301158e-7,3.918083851929779e-7,3.920770388257759e-7
15.67,0.0037,7.280801738650976e-7,3.916967239183493e-7,3.916967207202624e-7,3.920770388257759e-7
15.67,0.0037,1.1959802456254818e-6,3.915385882096441e-7,3.9153858549361043e-7,3.920770388257759e-7
15.67,0.0037,1.9645758795121526e-6,3.9131456941477846e-7,3.9131456738418516e-7,3.920770388257759e-7
15.67,0.0037,3.227108809261693e-6,3.9099705555736595e-7,3.909970545030616e-7,3.920770388257759e-7
15.67,0.0037,5.301007395754297e-6,3.905466606411567e-7,3.9054666098302183e-7,3.920770388257759e-7
15.67,0.0037,8.707695051742211e-6,3.89906963354675e-7,3.8990696570804646e-7,3.920770388257759e-7
15.67,0.0037,1.4303687479263852e-5,3.88996624050214e-7,3.889966293369913e-7,3.920770388257759e-7
15.67,0.0037,2.3495939429288417e-5,3.8769730464633646e-7,3.8769731429076027e-7,3.920770388257759e-7
15.67,0.0037,3.8595583863609565e-5,3.8583467040262335e-7,3.8583468666228724e-7,3.920770388257759e-7
15.67,0.0037,6.33990012723672e-5,3.8314773219670674e-7,3.831477587127267e-7,3.920770388257759e-7
15.67,0.0037,0.00010414231266814445,3.7923840713912595e-7,3.792384499024194e-7,3.920770388257759e-7
15.67,0.0037,0.00017106927664800093,3.73488203413256e-7,3.7348827237911476e-7,3.920770388257759e-7
15.67,0.0037,0.00028100679409841776,3.6492394069256517e-7,3.6492405228720055e-7,3.920770388257759e-7
15.67,0.0037,0.00046159555869258604,3.520175746215445e-7,3.5201775510635225e-7,3.920770388257759e-7
15.67,0.0037,0.0007582395311413588,3.32443236803323e-7,3.3244352534894105e-7,3.920770388257759e-7
15.67,0.0037,0.00124552148684853,3.0295331876931065e-7,3.0295376606033304e-7,3.920770388257759e-7
15.67,0.0037,0.002045954755044497,2.598784379062476e-7,2.5987909019758415e-7,3.920770388257759e-7
15.67,0.0037,0.0033607857462825456,2.012615815478398e-7,2.012624340326185e-7,3.920770388257759e-7
15.67,0.0037,0.005520591696647901,1.3138264298364243e-7,1.3138356745193146e-7,3.920770388257759e-7
15.67,0.0037,0.009068395006973916,6.480622893114543e-8,6.480696999182358e-8,3.920770388257759e-7
15.67,0.0037,0.01489619093772919,2.0427621558886686e-8,2.0427990951913076e-8,3.920770388257759e-7
15.67,0.0037,0.024469214704767362,3.2239986499917253e-9,3.2240878241967418e-9,3.920770388257759e-7
15.67,0.0037,0.04019433362333615,1.8327007022770246e-10,1.8327751436696052e-10,3.920770388257759e-7
15.67,0.0037,0.06602518613354949,2.5248874331258692e-12,2.5250307873543195e-12,3.920770388257759e-7
15.67,0.0037,0.1084562128786955,5.673754744590502e-15,5.674179866953757e-15,3.920770388257759e-7
15.67,0.0037,0.17815550096589414,1.5667073797331311e-18,1.5668531563369233e-18,3.920770388257759e-7
15.67,0.0037,0.292646974128703,4.988128292746177e-23,4.98867441617906e-23,3.920770388257759e-7
15.67,0.0037,0.480716289995901,2.1975963256431304e-28,2.197868681910426e-28,3.920770388257759e-7
15.67,0.0037,0.789648183294706,1.9083609641888702e-34,1.9086221445407568e-34,3.920770388257759e-7
15.67,0.0037,1.297114881182717,4.902287905402646e-41,4.903017029362394e-41,3.920770388257759e-7
15.67,0.0037,2.1307045980472066,5.3688582758488795e-48,5.369709296315272e-48,3.920770388257759e-7
15.67,0.0037,3.5000000000000004,3.322045923352255e-55,3.321968367177677e-55,3.920770388257759e-7
15.67,0.0037,3.8,1.9167653306284295e-56,1.9149335275385572e-56,3.920770388257759e-7
15.67,0.0037,3.98,1.858372056122257e-57,1.8598789854684833e-57,3.920770388257759e-7
15.67,0.0037,3.9998,1.6550468720831827e-58,1.657073126998357e-58,3.920770388257759e-7
15.67,0.0127,1.0000000000000001e-7,3.751851035329677e-7,3.7518509968009437e-7,3.7527620123475454e-7
15.67,0.0127,1.6426491045299075e-7,3.7514725566337155e-7,3.751472519194238e-7,3.7527620123475454e-7
15.67,0.0127,2.698296080612907e-7,3.75093678699395e-7,3.7509367510941447e-7,3.7527620123475454e-7
15.67,0.0127,4.432353640575351e-7,3.7501782983142906e-7,3.7501782645986343e-7,3.7527620123475454e-7
15.67,0.0127,7.280801738650976e-7,3.749104369673839e-7,3.749104339072259e-7,3.7527620123475454e-7
15.67,0.0127,1.1959802456254818e-6,3.747583505206673e-7,3.7475834790502785e-7,3.7527620123475454e-7
15.67,0.0127,1.9645758795121526e-6,3.7454290008570793e-7,3.745428981045422e-7,3.7527620123475454e-7
15.67,0.0127,3.227108809261693e-6,3.7423752800349997e-7,3.74237526928883e-7,3.7527620123475454e-7
15.67,0.0127,5.301007395754297e-6,3.7380435041629825e-7,3.7380435064078845e-7,3.7527620123475454e-7
15.67,0.0127,8.707695051742211e-6,3.731890940822114e-7,3.731890961790726e-7,3.7527620123475454e-7
15.67,0.0127,1.4303687479263852e-5,3.7231350813014883e-7,3.7231351295164703e-7,3.7527620123475454e-7
15.67,0.0127,2.3495939429288417e-5,3.710637318396713e-7,3.710637406847372e-7,3.7527620123475454e-7
15.67,0.0127,3.8595583863609565e-5,3.692719942223636e-7,3.6927200913628184e-7,3.7527620123475454e-7
15.67,0.0127,6.33990012723672e-5,3.666870728345328e-7,3.666870971619363e-7,3.7527620123475454e-7
15.67,0.0127,0.00010414231266814445,3.6292568230110294e-7,3.6292572161527015e-7,3.7527620123475454e-7
15.67,0.0127,0.00017106927664800093,3.5739218563887813e-7,3.573922492787839e-7,3.7527620123475454e-7
15.67,0.0127,0.00028100679409841776,3.4914926835243253e-7,3.491493718341806e-7,3.7527620123475454e-7
15.67,0.0127,0.00046159555869258604,3.367254524238012e-7,3.367256206177774e-7,3.7527620123475454e-7
15.67,0.0127,0.0007582395311413588,3.1788250623474763e-7,3.1788277604081306e-7,3.7527620123475454e-7
15.67,0.0127,0.00124552148684853,2.8950053947048047e-7,2.8950095776744967e-7,3.7527620123475454e-7
15.67,0.0127,0.002045954755044497,2.480701238866852e-7,2.480707313049096e-7,3.7527620123475454e-7
15.67,0.0127,0.0033607857462825456,1.9176422243632147e-7,1.9176501058495463e-7,3.7527620123475454e-7
15.67,0.0127,0.005520591696647901,1.2479649872170456e-7,1.2479734840805475e-7,3.7527620123475454e-7
15.67,0.0127,0.009068395006973916,6.124220042996824e-8,6.124287851263807e-8,3.7527620123475454e-7
15.67,0.0127,0.01489619093772919,1.9142559875322812e-8,1.914289582265482e-8,3.7527620123475454e-7
15.67,0.0127,0.024469214704767362,2.9805562445703467e-9,2.980636427024082e-9,3.7527620123475454e-7
15.67,0.0127,0.04019433362333615,1.6585303365766255e-10,1.6585959055455868e-10,3.7527620123475454e-7
15.67,0.0127,0.06602518613354949,2.2114062258156595e-12,2.2115283688457543e-12,3.7527620123475454e-7
15.67,0.0127,0.1084562128786955,4.735590027671422e-15,4.735935267155226e-15,3.7527620123475454e-7
15.67,0.0127,0.17815550096589414,1.2224414291021223e-18,1.2225523542671795e-18,3.7527620123475454e-7
15.67,0.0127,0.292646974128703,3.5618319204803754e-23,3.5622133592770173e-23,3.7527620123475454e-7
15.67,0.0127,0.480716289995901,1.4065006252346065e-28,1.4066714148323205e-28,3.7527620123475454e-7
15.67,0.0127,0.789648183294706,1.0751523867335257e-34,1.0752967601478078e-34,3.7527620123475454e-7
15.67,0.0127,1.297114881182717,2.397169737071771e-41,2.3975202376587773e-41,3.7527620123475454e-7
15.67,0.0127,2.1307045980472066,2.2555711332269285e-48,2.2559237310404496e-48,3.7527620123475454e-7
15.67,0.0127,3.5000000000000004,1.1909952103225464e-55,1.1910664862343879e-55,3.7527620123475454e-7
15.67,0.0127,3.8,6.698474760840989e-57,6.692204038626955e-57,3.7527620123475454e-7
15.67,0.0127,3.98,6.415921230351835e-58,6.424452956866745e-58,3.7527620123475454e-7
15.67,0.0127,3.9998,5.707633081476003e-59,5.716081142316775e-59,3.7527620123475454e-7
15.67,0.047,1.0000000000000001e-7,3.1906588134174725e-7,3.190658782714457e-7,3.191447472070447e-7
15.67,0.047,1.6426491045299075e-7,3.1903311525602666e-7,3.190331122804343e-7,3.191447472070447e-7
15.67,0.047,2.698296080612907e-7,3.189867318570498e-7,3.189867290152451e-7,3.191447472070447e-7
15.67,0.047,4.432353640575351e-7,3.1892106658523047e-7,3.189210639323902e-7,3.191447472070447e-7
15.67,0.047,7.280801738650976e-7,3.1882809171917847e-7,3.1882808933361256e-7,3.191447472070447e-7
15.67,0.047,1.1959802456254818e-6,3.186964218981132e-7,3.1869641989191097e-7,3.191447472070447e-7
15.67,0.047,1.9645758795121526e-6,3.185098904671504e-7,3.1850988900278783e-7,3.191447472070447e-7
15.67,0.047,3.227108809261693e-6,3.182454986030141e-7,3.1824549791712673e-7,3.191447472070447e-7
15.67,0.047,5.301007395754297e-6,3.1787043330944666e-7,3.178704337457479e-7,3.191447472070447e-7
15.67,0.047,8.707695051742211e-6,3.173376736087594e-7,3.1733767567125116e-7,3.191447472070447e-7
15.67,0.047,1.4303687479263852e-5,3.16579398795428e-7,3.16579403234464e-7,3.191447472070447e-7
15.67,0.047,2.3495939429288417e-5,3.1549687125119044e-7,3.1549687920692776e-7,3.191447472070447e-7
15.67,0.047,3.8595583863609565e-5,3.1394449823704765e-7,3.139445114858215e-7,3.191447472070447e-7
15.67,0.047,6.33990012723672e-5,3.117040731464421e-7,3.117040945344717e-7,3.191447472070447e-7
15.67,0.047,0.00010414231266814445,3.084423597350643e-7,3.0844239395509945e-7,3.191447472070447e-7
15.67,0.047,0.00017106927664800093,3.0364106291912575e-7,3.0364111790709834e-7,3.191447472070447e-7
15.67,0.047,0.00028100679409841776,2.964842840446319e-7,2.9648437326241134e-7,3.191447472070447e-7
15.67,0.047,0.00046159555869258604,2.856920276313113e-7,2.856921729402441e-7,3.191447472070447e-7
15.67,0.047,0.0007582395311413588,2.6932246171183184e-7,2.6932269576588043e-7,3.191447472070447e-7
15.67,0.047,0.00124552148684853,2.4468658915983116e-7,2.4468695320411277e-7,3.191447472070447e-7
15.67,0.047,0.002045954755044497,2.0881126586329872e-7,2.0881179412973887e-7,3.191447472070447e-7
15.67,0.047,0.0033607857462825456,1.60295456304782e-7,1.6029613670670297e-7,3.191447472070447e-7
15.67,0.047,0.005520591696647901,1.031013454564131e-7,1.0310206711521753e-7,3.191447472070447e-7
15.67,0.047,0.009068395006973916,4.9619687275615376e-8,4.962024888813598e-8,3.191447472070447e-7
15.67,0.047,0.01489619093772919,1.5022947829283853e-8,1.5023216691572925e-8,3.191447472070447e-7
15.67,0.047,0.024469214704767362,2.2220561786045666e-9,2.2221172544913075e-9,3.191447472070447e-7
15.67,0.047,0.04019433362333615,1.1402951520143062e-10,1.140341359868134e-10,3.191447472070447e-7
15.67,0.047,0.06602518613354949,1.3429466687950813e-12,1.343022819576952e-12,3.191447472070447e-7
15.67,0.047,0.1084562128786955,2.3950884507516554e-15,2.395267659757996e-15,3.191447472070447e-7
15.67,0.047,0.17815550096589414,4.78604938570839e-19,4.786495182928185e-19,3.191447472070447e-7
15.67,0.047,0.292646974128703,9.953584347497426e-24,9.954680634433682e-24,3.191447472070447e-7
15.67,0.047,0.480716289995901,2.590995340901789e-29,2.591319610094102e-29,3.191447472070447e-7
15.67,0.047,0.789648183294706,1.2184868543274997e-35,1.2186556209123645e-35,3.191447472070447e-7
15.67,0.047,1.297114881182717,1.5834229985654918e-42,1.5836619072715504e-42,3.191447472070447e-7
15.67,0.047,2.1307045980472066,8.351518136543141e-50,8.352873094133558e-50,3.191447472070447e-7
15.67,0.047,3.5000000000000004,2.408255904021505e-57,2.4087792854883203e-57,3.191447472070447e-7
15.67,0.047,3.8,1.2283937051485389e-58,1.228337243199107e-58,3.191447472070447e-7
15.67,0.047,3.98,1.1230899171179776e-59,1.1233234633334507e-59,3.191447472070447e-7
15.67,0.047,3.9998,9.948947906345133e-61,9.950005544078374e-61,3.191447472070447e-7
15.67,0.173,1.0000000000000001e-7,1.868032647876838e-7,1.8680326314246944e-7,1.8685232812522584e-7
15.67,0.173,1.6426491045299075e-7,1.8678288039033052e-7,1.8678287880382126e-7,1.8685232812522584e-7
15.67,0.173,2.698296080612907e-7,1.8675402408493603e-7,1.8675402258184917e-7,1.8685232812522584e-7
15.67,0.173,4.432353640575351e-7,1.867131712958631e-7,1.8671316991112766e-7,1.8685232812522584e-7
15.67,0.173,7.280801738650976e-7,1.8665532652801193e-7,1.8665532531099269e-7,1.8685232812522584e-7
15.67,0.173,1.1959802456254818e-6,1.8657340371345394e-7,1.865734027341015e-7,1.8685232812522584e-7
15.67,0.173,1.9645758795121526e-6,1.8645733834858285e-7,1.864573377065822e-7,1.8685232812522584e-7
15.67,0.173,3.227108809261693e-6,1.862928067520197e-7,1.8629280659081977e-7,1.8685232812522584e-7
15.67,0.173,5.301007395754297e-6,1.860593602127084e-7,1.8605936074194215e-7,1.8685232812522584e-7
15.67,0.173,8.707695051742211e-6,1.857276682902943e-7,1.8572766982322632e-7,1.8685232812522584e-7
15.67,0.173,1.4303687479263852e-5,1.8525536835862013e-7,1.8525537137098476e-7,1.8685232812522584e-7
15.67,0.173,2.3495939429288417e-5,1.8458066799548973e-7,1.8458067321891263e-7,1.8685232812522584e-7
15.67,0.173,3.8595583863609565e-5,1.8361222038719779e-7,1.8361222897332955e-7,1.8685232812522584e-7
15.67,0.173,6.33990012723672e-5,1.822126966755935e-7,1.8221271048053804e-7,1.8685232812522584e-7
15.67,0.173,0.00010414231266814445,1.8017168131061361e-7,1.8017170338261695e-7,1.8685232812522584e-7
15.67,0.173,0.00017106927664800093,1.7716100361011444e-7,1.7716103900020325e-7,1.8685232812522584e-7
15.67,0.173,0.00028100679409841776,1.7266357534290396e-7,1.7266363236822564e-7,1.8685232812522584e-7
15.67,0.173,0.00046159555869258604,1.658705150574967e-7,1.6587060701772802e-7,1.8685232812522584e-7
15.67,0.173,0.0007582395311413588,1.5556699008950345e-7,1.555671368375818e-7,1.8685232812522584e-7
15.67,0.173,0.00124552148684853,1.4011185155247083e-7,1.4011207804917727e-7,1.8685232812522584e-7
15.67,0.173,0.002045954755044497,1.1780786740687143e-7,1.178081925656975e-7,1.8685232812522584e-7
15.67,0.173,0.0033607857462825456,8.818605753106893e-8,8.818646785681618e-8,1.8685232812522584e-7
15.67,0.173,0.005520591696647901,5.4368240888156256e-8,5.436865951577593e-8,1.8685232812522584e-7
15.67,0.173,0.009068395006973916,2.438893924678105e-8,2.4389243233174524e-8,1.8685232812522584e-7
15.67,0.173,0.01489619093772919,6.581281974039997e-9,6.581411466946147e-9,1.8685232812522584e-7
15.67,0.173,0.024469214704767362,8.087571616479466e-10,8.087815492997263e-10,1.8685232812522584e-7
15.67,0.173,0.04019433362333615,3.0977561501498086e-11,3.097894098025639e-11,1.8685232812522584e-7
15.67,0.173,0.06602518613354949,2.328525358600987e-13,2.328671311004905e-13,1.8685232812522584e-7
15.67,0.173,0.1084562128786955,2.1395950592540811e-16,2.1397730177227298e-16,1.8685232812522584e-7
15.67,0.173,0.17815550096589414,1.685534362728431e-20,1.685709366953451e-20,1.8685232812522584e-7
15.67,0.173,0.292646974128703,1.0249634750064564e-25,1.0250895140118661e-25,1.8685232812522584e-7
15.67,0.173,0.480716289995901,5.810392563999183e-32,5.811206186022786e-32,1.8685232812522584e-7
15.67,0.173,0.789648183294706,4.60050260724047e-39,4.6012169632654014e-39,1.8685232812522584e-7
15.67,0.173,1.297114881182717,8.221494989435728e-47,8.222886636216618e-47,1.8685232812522584e-7
15.67,0.173,2.1307045980472066,5.150790750402411e-55,5.15172595117971e-55,1.8685232812522584e-7
15.67,0.173,3.5000000000000004,1.5983176651168044e-63,1.5984183523504586e-63,1.8685232812522584e-7
15.67,0.173,3.8,5.672016037551756e-65,5.666043818395913e-65,1.8685232812522584e-7
15.67,0.173,3.98,4.3603586986585775e-66,4.355905187361333e-66,1.8685232812522584e-7
15.67,0.173,3.9998,3.802859102809564e-67,3.801598232299842e-67,1.8685232812522584e-7
15.67,0.61,1.0000000000000001e-7,4.887682114463827e-8,4.8876820865158635e-8,4.889200895517712e-8
15.67,0.61,1.6426491045299075e-7,4.8870510797771374e-8,4.887051053626048e-8,4.889200895517712e-8
15.67,0.61,2.698296080612907e-7,4.8861577499307346e-8,4.886157726340102e-8,4.889200895517712e-8
15.67,0.61,4.432353640575351e-7,4.8848929604907246e-8,4.884892940546677e-8,4.889200895517712e-8
15.67,0.61,7.280801738650976e-7,4.8831019365898214e-8,4.8831019218335214e-8,4.889200895517712e-8
15.67,0.61,1.1959802456254818e-6,4.880565013309568e-8,4.88056500593101e-8,4.889200895517712e-8
15.67,0.61,1.9645758795121526e-6,4.876969932477355e-8,4.8769699356017284e-8,4.889200895517712e-8
15.67,0.61,3.227108809261693e-6,4.871871711487798e-8,4.8718717296110675e-8,4.889200895517712e-8
15.67,0.61,5.301007395754297e-6,4.8646338218117356e-8,4.8646338614874934e-8,4.889200895517712e-8
15.67,0.61,8.707695051742211e-6,4.854340557315121e-8,4.8543406282871533e-8,4.889200895517712e-8
15.67,0.61,1.4303687479263852e-5,4.8396636853055176e-8,4.839663802475513e-8,4.889200895517712e-8
15.67,0.61,2.3495939429288417e-5,4.8186543415000335e-8,4.81865452841058e-8,4.889200895517712e-8
15.67,0.61,3.8595583863609565e-5,4.788409566056009e-8,4.788409860559578e-8,4.889200895517712e-8
15.67,0.61,6.33990012723672e-5,4.7445259913487816e-8,4.744526455516673e-8,4.889200895517712e-8
15.67,0.61,0.00010414231266814445,4.680196001567588e-8,4.6801967385820686e-8,4.889200895517712e-8
15.67,0.61,0.00017106927664800093,4.58473329486228e-8,4.58473447595869e-8,4.889200895517712e-8
15.67,0.61,0.00028100679409841776,4.441302520630115e-8,4.4413044232980227e-8,4.889200895517712e-8
15.67,0.61,0.00046159555869258604,4.223915477760175e-8,4.2239185269623056e-8,4.889200895517712e-8
15.67,0.61,0.0007582395311413588,3.8950023091489854e-8,3.895007085285153e-8,4.889200895517712e-8
15.67,0.61,0.00124552148684853,3.408321254756034e-8,3.4083283709467004e-8,4.889200895517712e-8
15.67,0.61,0.002045954755044497,2.7282641147715897e-8,2.7282737854240806e-8,4.889200895517712e-8
15.67,0.61,0.0033607857462825456,1.87896963831745e-8,1.8789808307732383e-8,4.889200895517712e-8
15.67,0.61,0.005520591696647901,1.0072978727443834e-8,1.0073077961098762e-8,4.889200895517712e-8
15.67,0.61,0.009068395006973916,3.584539764528175e-9,3.584597027128719e-9,4.889200895517712e-8
15.67,0.61,0.01489619093772919,6.623991687858333e-10,6.624159315080046e-10,4.889200895517712e-8
15.67,0.61,0.024469214704767362,4.42284289570103e-11,4.4230152245949323e-11,4.889200895517712e-8
15.67,0.61,0.04019433362333615,6.455263632976186e-13,6.455637351010704e-13,4.889200895517712e-8
15.67,0.61,0.06602518613354949,1.0967088086892574e-15,1.0967990086523256e-15,4.889200895517712e-8
15.67,0.61,0.1084562128786955,1.105563779570324e-19,1.105686035380028e-19,4.889200895517712e-8
15.67,0.61,0.17815550096589414,3.8196511335450236e-25,3.82018525196182e-25,4.889200895517712e-8
15.67,0.61,0.292646974128703,3.5935348378393635e-32,3.5941354451545935e-32,4.889200895517712e-8
15.67,0.61,0.480716289995901,1.1068993708617802e-40,1.1071112982706776e-40,4.889200895517712e-8
15.67,0.61,0.789648183294706,1.879520401117108e-50,1.879921100169349e-50,4.889200895517712e-8
15.67,0.61,1.297114881182717,3.432073114733613e-61,3.4328731106740124e-61,4.889200895517712e-8
15.67,0.61,2.1307045980472066,1.2771814237385316e-72,1.2775011704883978e-72,4.889200895517712e-8
15.67,0.61,3.5000000000000004,1.6233856230635824e-84,1.6258518294868234e-84,4.889200895517712e-8
15.67,0.61,3.8,1.5818863139381587e-86,1.5634187023659268e-86,4.889200895517712e-8
15.67,0.61,3.98,6.49115975159135e-88,6.514659196886209e-88,4.889200895517712e-8
15.67,0.61,3.9998,5.358194977448096e-89,5.40250595559072e-89,4.889200895517712e-8
15.67,1.73,1.0000000000000001e-7,7.884633074816309e-9,7.884633057488349e-9,7.887868225123914e-9
15.67,1.73,1.6426491045299075e-7,7.88328878875393e-9,7.883288775234867e-9,7.887868225123914e-9
15.67,1.73,2.698296080612907e-7,7.881385582091556e-9,7.881385573996138e-9,7.887868225123914e-9
15.67,1.73,4.432353640575351e-7,7.878690638763956e-9,7.878690638408556e-9,7.887868225123914e-9
15.67,1.73,7.280801738650976e-7,7.874873618041557e-9,7.874873628727098e-9,7.887868225123914e-9
15.67,1.73,1.1959802456254818e-6,7.869465121721326e-9,7.869465148162079e-9,7.887868225123914e-9
15.67,1.73,1.9645758795121526e-6,7.86179664864471e-9,7.861796697611178e-9,7.887868225123914e-9
15.67,1.73,3.227108809261693e-6,7.850912833437103e-9,7.850912914749286e-9,7.887868225123914e-9
15.67,1.73,5.301007395754297e-6,7.83544120244807e-9,7.83544133056825e-9,7.887868225123914e-9
15.67,1.73,8.707695051742211e-6,7.813394940715989e-9,7.813395137416328e-9,7.887868225123914e-9
15.67,1.73,1.4303687479263852e-5,7.781866782805427e-9,7.781867081854354e-9,7.887868225123914e-9
15.67,1.73,2.3495939429288417e-5,7.736541126658497e-9,7.73654158243797e-9,7.887868225123914e-9
15.67,1.73,3.8595583863609565e-5,7.67089775386886e-9,7.670898456300545e-9,7.887868225123914e-9
15.67,1.73,6.33990012723672e-5,7.574894741139338e-9,7.574895840422543e-9,7.887868225123914e-9
15.67,1.73,0.00010414231266814445,7.432806449424846e-9,7.432808196933846e-9,7.887868225123914e-9
15.67,1.73,0.00017106927664800093,7.2198330001133204e-9,7.2198358082066285e-9,7.887868225123914e-9
15.67,1.73,0.00028100679409841776,6.8973993745838884e-9,6.897403885302931e-9,7.887868225123914e-9
15.67,1.73,0.00046159555869258604,6.408612079394908e-9,6.408619192589115e-9,7.887868225123914e-9
15.67,1.73,0.0007582395311413588,5.680004120898502e-9,5.68001484479048e-9,7.887868225123914e-9
15.67,1.73,0.00124552148684853,4.645236615765912e-9,4.6452514829581946e-9,7.887868225123914e-9
15.67,1.73,0.002045954755044497,3.3141737788076905e-9,3.3141916418761085e-9,7.887868225123914e-9
15.67,1.73,0.0033607857462825456,1.879698031002062e-9,1.8797149371193352e-9,7.887868225123914e-9
15.67,1.73,0.005520591696647901,7.28773861097982e-10,7.287846596440606e-10,7.887868225123914e-9
15.67,1.73,0.009068395006973916,1.5190424152773265e-10,1.51907892065624e-10,7.887868225123914e-9
15.67,1.73,0.01489619093772919,1.172182482327162e-11,1.1722272977257087e-11,7.887868225123914e-9
15.67,1.73,0.024469214704767362,1.913300266120684e-13,1.9134138127010597e-13,7.887868225123914e-9
15.67,1.73,0.04019433362333615,2.981010487862048e-16,2.9812764804763203e-16,7.887868225123914e-9
15.67,1.73,0.06602518613354949,1.569136942949095e-20,1.5693390066282133e-20,7.887868225123914e-9
15.67,1.73,0.1084562128786955,8.539257954853465e-27,8.540765609489091e-27,7.887868225123914e-9
15.67,1.73,0.17815550096589414,1.6311334180453698e-35,1.63150536339239e-35,7.887868225123914e-9
15.67,1.73,0.292646974128703,5.830239852254251e-47,5.831857683766417e-47,7.887868225123914e-9
15.67,1.73,0.480716289995901,4.1995167315659655e-61,4.200868673802446e-61,7.887868225123914e-9
15.67,1.73,0.789648183294706,1.2847542148892019e-77,1.2852185624639634e-77,7.887868225123914e-9
15.67,1.73,1.297114881182717,5.152466864149847e-96,5.154514103920685e-96,7.887868225123914e-9
15.67,1.73,2.1307045980472066,8.718264904001993e-116,8.721991899414564e-116,7.887868225123914e-9
15.67,1.73,3.5000000000000004,1.6784450408494309e-136,1.7082621679786038e-136,7.887868225123914e-9
15.67,1.73,3.8,5.304111767320307e-140,4.859983505072994e-140,7.887868225123914e-9
15.67,1.73,3.98,3.804668671063895e-142,3.9963684248167244e-142,7.887868225123914e-9
15.67,1.73,3.9998,2.7131824560016216e-143,2.936300066446061e-143,7.887868225123914e-9
15.67,4.71,1.0000000000000001e-7,8.860810790996122e-10,8.860828657293375e-10,8.866156954385823e-10
15.67,4.71,1.6426491045299075e-7,8.858588883069358e-10,8.858606756696926e-10,8.866156954385823e-10
15.67,4.71,2.698296080612907e-7,8.855442593452979e-10,8.855460477557506e-10,8.866156954385823e-10
15.67,4.71,4.432353640575351e-7,8.850986155292463e-10,8.851004054398877e-10,8.866156954385823e-10
15.67,4.71,7.280801738650976e-7,8.844671311097489e-10,8.84468923173461e-10,8.866156954385823e-10
15.67,4.71,1.1959802456254818e-6,8.835717027159051e-10,8.835734978837347e-10,8.866156954385823e-10
15.67,4.71,1.9645758795121526e-6,8.823006628769565e-10,8.823024625549955e-10,8.866156954385823e-10
15.67,4.71,3.227108809261693e-6,8.804934863412457e-10,8.804952926529273e-10,8.866156954385823e-10
15.67,4.71,5.301007395754297e-6,8.779175764499614e-10,8.779193926924099e-10,8.866156954385823e-10
15.67,4.71,8.707695051742211e-6,8.74232139944782e-10,8.742339714124763e-10,8.866156954385823e-10
15.67,4.71,1.4303687479263852e-5,8.689304532951842e-10,8.689323088109002e-10,8.866156954385823e-10
15.67,4.71,2.3495939429288417e-5,8.612454365649569e-10,8.612473313205491e-10,8.866156954385823e-10
15.67,4.71,3.8595583863609565e-5,8.499933695426388e-10,8.499953299267057e-10,8.866156954385823e-10
15.67,4.71,6.33990012723672e-5,8.333178949449545e-10,8.333199664771893e-10,8.866156954385823e-10
15.67,4.71,0.00010414231266814445,8.082914564386413e-10,8.082937152645056e-10,8.866156954385823e-10
15.67,4.71,0.00017106927664800093,7.703732137816419e-10,7.703757788787249e-10,8.866156954385823e-10
15.67,4.71,0.00028100679409841776,7.129210403633518e-10,7.129240742395072e-10,8.866156954385823e-10
15.67,4.71,0.00046159555869258604,6.275328826479992e-10,6.275365487063385e-10,8.866156954385823e-10
15.67,4.71,0.0007582395311413588,5.071235498162949e-10,5.071278722029169e-10,8.866156954385823e-10
15.67,4.71,0.00124552148684853,3.5437059376969664e-10,3.5437519897073243e-10,8.866156954385823e-10
15.67,4.71,0.002045954755044497,1.9380315206246323e-10,1.938071020996082e-10,8.866156954385823e-10
15.67,4.71,0.0033607857462825456,7.04400302956171e-11,7.044231746341537e-11,8.866156954385823e-10
15.67,4.71,0.005520591696647901,1.3059878742432654e-11,1.3060558925163189e-11,8.866156954385823e-10
15.67,4.71,0.009068395006973916,8.094954446308549e-13,8.09563122339587e-13,8.866156954385823e-10
15.67,4.71,0.01489619093772919,8.640280222472738e-15,8.641434866211583e-15,8.866156954385823e-10
15.67,4.71,0.024469214704767362,5.7593260034943436e-18,5.76054479980735e-18,8.866156954385823e-10
15.67,4.71,0.04019433362333615,5.426390908151064e-23,5.428182407696813e-23,8.866156954385823e-10
15.67,4.71,0.06602518613354949,9.473728430165253e-31,9.478503785059573e-31,8.866156954385823e-10
15.67,4.71,0.1084562128786955,2.534224131761972e-42,2.5361182924812876e-42,8.866156954385823e-10
15.67,4.71,0.17815550096589414,7.950634399347311e-59,7.9591305811543055e-59,8.866156954385823e-10
15.67,4.71,0.292646974128703,4.1572248765490647e-81,4.1633299827685557e-81,8.866156954385823e-10
15.67,4.71,0.480716289995901,1.9615266862511207e-109,1.9653395279252745e-109,8.866156954385823e-10
15.67,4.71,0.789648183294706,2.2309538527153276e-143,2.2365039662319787e-143,8.866156954385823e-10
15.67,4.71,1.297114881182717,5.3671519615258036e-182,5.383738482613381e-182,8.866156954385823e-10
15.67,4.71,2.1307045980472066,3.6948086931172784e-224,3.7085781795497397e-224,8.866156954385823e-10
15.67,4.71,3.5000000000000004,8.049370797201077e-269,8.782434261816791e-269,8.866156954385823e-10
15.67,4.71,3.8,2.1133525132546494e-276,1.3487699977469518e-276,8.866156954385823e-10
15.67,4.71,3.98,9.386222260797582e-281,1.0899259067642699e-280,8.866156954385823e-10
15.67,4.71,3.9998,4.409694467343223e-282,5.9972789609159896e-282,8.866156954385823e-10
