12.013,0.00113,1.0000000000000001e-7,7.1454920221192424e-6,7.1452563835030705e-6,7.145506020897169e-6
12.013,0.00113,1.6426491045299075e-7,7.145486206927812e-6,7.14525056820035e-6,7.145506020897169e-6
12.013,0.00113,2.698296080612907e-7,7.145477976064625e-6,7.145242337177661e-6,7.145506020897169e-6
12.013,0.00113,4.432353640575351e-7,7.145466326042396e-6,7.1452306869256405e-6,7.145506020897169e-6
12.013,0.00113,7.280801738650976e-7,7.145449836517859e-6,7.145214197089746e-6,7.145506020897169e-6
12.013,0.00113,1.1959802456254818e-6,7.1454264971267e-6,7.145190857228424e-6,7.145506020897169e-6
12.013,0.00113,1.9645758795121526e-6,7.145393462383794e-6,7.145157821869551e-6,7.145506020897169e-6
12.013,0.00113,3.227108809261693e-6,7.145346704766646e-6,7.145111063312236e-6,7.145506020897169e-6
12.013,0.00113,5.301007395754297e-6,7.145280523684989e-6,7.145044880982601e-6,7.145506020897169e-6
12.013,0.00113,8.707695051742211e-6,7.145186850467951e-6,7.144951205921068e-6,7.145506020897169e-6
12.013,0.00113,1.4303687479263852e-5,7.145054264626427e-6,7.1448186175089345e-6,7.145506020897169e-6
12.013,0.00113,2.3495939429288417e-5,7.1448666014366695e-6,7.144630950724716e-6,7.145506020897169e-6
12.013,0.00113,3.8595583863609565e-5,7.144600981040335e-6,7.144365325029906e-6,7.145506020897169e-6
12.013,0.00113,6.33990012723672e-5,7.144225018668367e-6,7.143989355611491e-6,7.145506020897169e-6
12.013,0.00113,0.00010414231266814445,7.14369287561742e-6,7.143457201809708e-6,7.145506020897169e-6
12.013,0.00113,0.00017106927664800093,7.142939668936193e-6,7.142703981049128e-6,7.145506020897169e-6
12.013,0.00113,0.00028100679409841776,7.141873556871398e-6,7.141637847680382e-6,7.145506020897169e-6
12.013,0.00113,0.00046159555869258604,7.140364531841781e-6,7.140128793844526e-6,7.145506020897169e-6
12.013,0.00113,0.0007582395311413588,7.138228546719703e-6,7.137992767060414e-6,7.145506020897169e-6
12.013,0.00113,0.00124552148684853,7.135205020277031e-6,7.134969181035606e-6,7.145506020897169e-6
12.013,0.00113,0.002045954755044497,7.130924934058541e-6,7.130689013369444e-6,7.145506020897169e-6
12.013,0.00113,0.0033607857462825456,7.124865522109009e-6,7.124629478721232e-6,7.145506020897169e-6
12.013,0.00113,0.005520591696647901,7.11628576569114e-6,7.116049560907723e-6,7.145506020897169e-6
12.013,0.00113,0.009068395006973916,7.104134187742828e-6,7.103897735005706e-6,7.145506020897169e-6
12.013,0.00113,0.01489619093772919,7.086916140600663e-6,7.08667935956164e-6,7.145506020897169e-6
12.013,0.00113,0.024469214704767362,7.062500566189215e-6,7.062263293565638e-6,7.145506020897169e-6
12.013,0.00113,0.04019433362333615,7.02783319236001e-6,7.027595239453427e-6,7.145506020897169e-6
12.013,0.00113,0.06602518613354949,6.978497680966898e-6,6.9782587727218784e-6,7.145506020897169e-6
12.013,0.00113,0.1084562128786955,6.908012489963235e-6,6.907772206843473e-6,7.145506020897169e-6
12.013,0.00113,0.17815550096589414,6.8066298905937514e-6,6.806387874576043e-6,7.145506020897169e-6
12.013,0.00113,0.292646974128703,6.659114219927414e-6,6.658869869517861e-6,7.145506020897169e-6
12.013,0.00113,0.480716289995901,6.440247700676444e-6,6.440001172396035e-6,7.145506020897169e-6
12.013,0.00113,0.789648183294706,6.104823570691079e-6,6.104575966091394e-6,7.145506020897169e-6
12.013,0.00113,1.297114881182717,5.562493240637637e-6,5.562249827564727e-6,7.145506020897169e-6
12.013,0.00113,2.1307045980472066,4.598387792754728e-6,4.598165153338499e-6,7.145506020897169e-6
12.013,0.00113,3.5000000000000004,2.364983249450781e-6,2.364851745437951e-6,7.145506020897169e-6
12.013,0.00113,3.8,1.494152681460695e-6,1.4940672610043414e-6,7.145506020897169e-6
12.013,0.00113,3.98,4.721897427846244e-7,4.7216230082541396e-7,7.145506020897169e-6
12.013,0.00113,3.9998,4.7215632328997946e-8,4.721288355803604e-8,7.145506020897169e-6
12.013,0.0037,1.0000000000000001e-7,7.065141890794026e-6,7.0649078489679e-6,7.0651557331995245e-6
12.013,0.0037,1.6426491045299075e-7,7.0651361405608135e-6,7.064902098568317e-6,7.0651557331995245e-6
12.013,0.0037,2.698296080612907e-7,7.0651280016399424e-6,7.064893959422775e-6,7.0651557331995245e-6
12.013,0.0037,4.432353640575351e-7,7.065116481753519e-6,7.06488243920121e-6,7.0651557331995245e-6
12.013,0.0037,7.280801738650976e-7,7.0651001764241315e-6,7.064866133421318e-6,7.0651557331995245e-6
12.013,0.0037,1.1959802456254818e-6,7.065077097744103e-6,7.064843054076816e-6,7.0651557331995245e-6
12.013,0.0037,1.9645758795121526e-6,7.06504443201362e-6,7.064810387429467e-6,7.0651557331995245e-6
12.013,0.0037,3.227108809261693e-6,7.06499819669933e-6,7.064764150808079e-6,7.0651557331995245e-6
12.013,0.0037,5.301007395754297e-6,7.06493275488902e-6,7.0646987071226325e-6,7.0651557331995245e-6
12.013,0.0037,8.707695051742211e-6,7.064840128042301e-6,7.064606077702801e-6,7.0651557331995245e-6
12.013,0.0037,1.4303687479263852e-5,7.0647090232417454e-6,7.064474969091534e-6,7.0651557331995245e-6
12.013,0.0037,2.3495939429288417e-5,7.064523456330231e-6,7.064289397066072e-6,7.0651557331995245e-6
12.013,0.0037,3.8595583863609565e-5,7.064260803026546e-6,7.0640267361420585e-6,7.0651557331995245e-6
12.013,0.0037,6.33990012723672e-5,7.063889040311641e-6,7.063654963095781e-6,7.0651557331995245e-6
12.013,0.0037,0.00010414231266814445,7.06336284151599e-6,7.0631287492539474e-6,7.0651557331995245e-6
12.013,0.0037,0.00017106927664800093,7.0626180484488235e-6,7.06238393508067e-6,7.0651557331995245e-6
12.013,0.0037,0.00028100679409841776,7.061563845245772e-6,7.0613297022867495e-6,7.0651557331995245e-6
12.013,0.0037,0.00046159555869258604,7.060071676513076e-6,7.0598374904098e-6,7.0651557331995245e-6
12.013,0.0037,0.0007582395311413588,7.057959550886834e-6,7.057725306295434e-6,7.0651557331995245e-6
12.013,0.0037,0.00124552148684853,7.05496979766488e-6,7.054735465788936e-6,7.0651557331995245e-6
12.013,0.0037,0.002045954755044497,7.050737519853658e-6,7.050503070707285e-6,7.0651557331995245e-6
12.013,0.0037,0.0033607857462825456,7.044745789585727e-6,7.044511166463421e-6,7.0651557331995245e-6
12.013,0.0037,0.005520591696647901,7.036261862398769e-6,7.036026999898967e-6,7.0651557331995245e-6
12.013,0.0037,0.009068395006973916,7.0242459994826615e-6,7.024010792541656e-6,7.0651557331995245e-6
12.013,0.0037,0.01489619093772919,7.007220233091391e-6,7.0069845326719735e-6,7.0651557331995245e-6
12.013,0.0037,0.024469214704767362,6.983077275081351e-6,6.98284089188121e-6,7.0651557331995245e-6
12.013,0.0037,0.04019433362333615,6.948796895507806e-6,6.948559499338688e-6,7.0651557331995245e-6
12.013,0.0037,0.06602518613354949,6.900011929172909e-6,6.899773178672596e-6,7.0651557331995245e-6
12.013,0.0037,0.1084562128786955,6.830312907206077e-6,6.830072157104325e-6,7.0651557331995245e-6
12.013,0.0037,0.17815550096589414,6.730060337425063e-6,6.729817005819582e-6,7.0651557331995245e-6
12.013,0.0037,0.292646974128703,6.58418754195376e-6,6.583940790218942e-6,7.0651557331995245e-6
12.013,0.0037,0.480716289995901,6.3677564676971505e-6,6.3675059641505055e-6,7.0651557331995245e-6
12.013,0.0037,0.789648183294706,6.0360630262840525e-6,6.035809852832689e-6,7.0651557331995245e-6
12.013,0.0037,1.297114881182717,5.499768994644362e-6,5.499518358159517e-6,7.0651557331995245e-6
12.013,0.0037,2.1307045980472066,4.546429512514946e-6,4.546199093246486e-6,7.0651557331995245e-6
12.013,0.0037,3.5000000000000004,2.3381655638446198e-6,2.338029118577024e-6,7.0651557331995245e-6
12.013,0.0037,3.8,1.4771962068515267e-6,1.4771076001426372e-6,7.0651557331995245e-6
12.013,0.0037,3.98,4.668284860303921e-7,4.6680001462565387e-7,7.0651557331995245e-6
12.013,0.0037,3.9998,4.6679516100824604e-8,4.667666402162353e-8,7.0651557331995245e-6
12.013,0.0127,1.0000000000000001e-7,6.7930254700973515e-6,6.7927989964690315e-6,6.7930387828613125e-6
12.013,0.0127,1.6426491045299075e-7,6.793019939880976e-6,6.792793466099383e-6,6.7930387828613125e-6
12.013,0.0127,2.698296080612907e-7,6.793012112373503e-6,6.79278563836503e-6,6.7930387828613125e-6
12.013,0.0127,4.432353640575351e-7,6.793001033263809e-6,6.792774558950846e-6,6.7930387828613125e-6
12.013,0.0127,7.280801738650976e-7,6.792985351812953e-6,6.792758877046193e-6,6.7930387828613125e-6
12.013,0.0127,1.1959802456254818e-6,6.792963156175043e-6,6.79273668079359e-6,6.7930387828613125e-6
12.013,0.0127,1.9645758795121526e-6,6.792931740308734e-6,6.792705264031207e-6,6.7930387828613125e-6
12.013,0.0127,3.227108809261693e-6,6.792887274061315e-6,6.792660796528674e-6,6.7930387828613125e-6
12.013,0.0127,5.301007395754297e-6,6.7928243362013895e-6,6.792597856907419e-6,6.7930387828613125e-6
12.013,0.0127,8.707695051742211e-6,6.792735253465225e-6,6.7925087716072035e-6,6.7930387828613125e-6
12.013,0.0127,1.4303687479263852e-5,6.792609165027261e-6,6.792382679692591e-6,6.7930387828613125e-6
12.013,0.0127,2.3495939429288417e-5,6.7924306983189246e-6,6.792204207802981e-6,6.7930387828613125e-6
12.013,0.0127,3.8595583863609565e-5,6.792178094712029e-6,6.791951597243851e-6,6.7930387828613125e-6
12.013,0.0127,6.33990012723672e-5,6.791820556453717e-6,6.791594048687286e-6,6.7930387828613125e-6
12.013,0.0127,0.00010414231266814445,6.7913144911597706e-6,6.791087969268153e-6,6.7930387828613125e-6
12.013,0.0127,0.00017106927664800093,6.790598195441704e-6,6.7903716532699196e-6,6.7930387828613125e-6
12.013,0.0127,0.00028100679409841776,6.789584328175398e-6,6.789357757099708e-6,6.7930387828613125e-6
12.013,0.0127,0.00046159555869258604,6.788149252604873e-6,6.787922641608827e-6,6.7930387828613125e-6
12.013,0.0127,0.0007582395311413588,6.786117940352219e-6,6.7858912704276496e-6,6.7930387828613125e-6
12.013,0.0127,0.00124552148684853,6.783242578835133e-6,6.783015829637705e-6,6.7930387828613125e-6
12.013,0.0127,0.002045954755044497,6.779172230704055e-6,6.778945363019829e-6,6.7930387828613125e-6
12.013,0.0127,0.0033607857462825456,6.773409742087261e-6,6.773182714222319e-6,6.7930387828613125e-6
12.013,0.0127,0.005520591696647901,6.765250394122553e-6,6.7650231309127986e-6,6.7930387828613125e-6
12.013,0.0127,0.009068395006973916,6.753694206518493e-6,6.753466614516863e-6,6.7930387828613125e-6
12.013,0.0127,0.01489619093772919,6.737319708272188e-6,6.737091650319877e-6,6.7930387828613125e-6
12.013,0.0127,0.024469214704767362,6.7141001234182246e-6,6.71387138706305e-6,6.7930387828613125e-6
12.013,0.0127,0.04019433362333615,6.681130529444052e-6,6.680900868631826e-6,6.7930387828613125e-6
12.013,0.0127,0.06602518613354949,6.634210322485897e-6,6.633979284297958e-6,6.7930387828613125e-6
12.013,0.0127,0.1084562128786955,6.567174169906731e-6,6.5669413181576e-6,6.7930387828613125e-6
12.013,0.0127,0.17815550096589414,6.470749223357077e-6,6.470513778056268e-6,6.7930387828613125e-6
12.013,0.0127,0.292646974128703,6.330441242258932e-6,6.330202607932261e-6,6.7930387828613125e-6
12.013,0.0127,0.480716289995901,6.122259739313326e-6,6.122017483296936e-6,6.7930387828613125e-6
12.013,0.0127,0.789648183294706,5.803203358124494e-6,5.802958499825808e-6,6.7930387828613125e-6
12.013,0.0127,1.297114881182717,5.287355979406779e-6,5.287113683980627e-6,6.7930387828613125e-6
12.013,0.0127,2.1307045980472066,4.370481668074817e-6,4.370258882168302e-6,6.7930387828613125e-6
12.013,0.0127,3.5000000000000004,2.2473581193929353e-6,2.2472262370819335e-6,6.7930387828613125e-6
12.013,0.0127,3.8,1.4197807055544878e-6,1.4196950101978479e-6,6.7930387828613125e-6
12.013,0.0127,3.98,4.486751585999231e-7,4.486476410168863e-7,6.7930387828613125e-6
12.013,0.0127,3.9998,4.486421717258185e-8,4.4861460754830395e-8,6.7930387828613125e-6
12.013,0.047,1.0000000000000001e-7,5.875043531258118e-6,5.874842970530005e-6,5.8750550564773525e-6
12.013,0.047,1.6426491045299075e-7,5.875038743600474e-6,5.874838182738211e-6,5.8750550564773525e-6
12.013,0.047,2.698296080612907e-7,5.875031967115893e-6,5.874831406062797e-6,5.8750550564773525e-6
12.013,0.047,4.432353640575351e-7,5.875022375631462e-6,5.8748218143145895e-6,5.8750550564773525e-6
12.013,0.047,7.280801738650976e-7,5.8750087997759905e-6,5.874808238070294e-6,5.8750550564773525e-6
12.013,0.047,1.1959802456254818e-6,5.874989584412852e-6,5.874789022184503e-6,5.8750550564773525e-6
12.013,0.047,1.9645758795121526e-6,5.874962386848919e-6,5.874761823840245e-6,5.8750550564773525e-6
12.013,0.047,3.227108809261693e-6,5.8749238912174315e-6,5.874723327156663e-6,5.8750550564773525e-6
12.013,0.047,5.301007395754297e-6,5.874869404211665e-6,5.87466883860768e-6,5.8750550564773525e-6
12.013,0.047,8.707695051742211e-6,5.8747922828792725e-6,5.8745917151293014e-6,5.8750550564773525e-6
12.013,0.047,1.4303687479263852e-5,5.874683124708584e-6,5.874482553925293e-6,5.8750550564773525e-6
12.013,0.047,2.3495939429288417e-5,5.8745286212479196e-6,5.87432804607619e-6,5.8750550564773525e-6
12.013,0.047,3.8595583863609565e-5,5.874309935456147e-6,5.874109354306061e-6,5.8750550564773525e-6
12.013,0.047,6.33990012723672e-5,5.874000404865824e-6,5.873799814820628e-6,5.8750550564773525e-6
12.013,0.047,0.00010414231266814445,5.873562290323991e-6,5.87336168835823e-6,5.8750550564773525e-6
12.013,0.047,0.00017106927664800093,5.8729421734286975e-6,5.8727415537333425e-6,5.8750550564773525e-6
12.013,0.047,0.00028100679409841776,5.872064440352159e-6,5.871863796484264e-6,5.8750550564773525e-6
12.013,0.047,0.00046159555869258604,5.870822054824362e-6,5.8706213759950785e-6,5.8750550564773525e-6
12.013,0.047,0.0007582395311413588,5.869063488699173e-6,5.86886276038438e-6,5.8750550564773525e-6
12.013,0.047,0.00124552148684853,5.86657420084829e-6,5.866373403703781e-6,5.8750550564773525e-6
12.013,0.047,0.002045954755044497,5.863050368328307e-6,5.8628494699714085e-6,5.8750550564773525e-6
12.013,0.047,0.0033607857462825456,5.858061575775591e-6,5.8578605408248905e-6,5.8750550564773525e-6
12.013,0.047,0.005520591696647901,5.850997693448741e-6,5.85079645382339e-6,5.8750550564773525e-6
12.013,0.047,0.009068395006973916,5.8409929319370145e-6,5.840791416409053e-6,5.8750550564773525e-6
12.013,0.047,0.01489619093772919,5.826816509497457e-6,5.8266145853468635e-6,5.8750550564773525e-6
12.013,0.047,0.024469214704767362,5.80671340633144e-6,5.806510915043641e-6,5.8750550564773525e-6
12.013,0.047,0.04019433362333615,5.7781679215452326e-6,5.777964621068677e-6,5.8750550564773525e-6
12.013,0.047,0.06602518613354949,5.737541720205021e-6,5.737337255912636e-6,5.8750550564773525e-6
12.013,0.047,0.1084562128786955,5.679493685309325e-6,5.679287654160243e-6,5.8750550564773525e-6
12.013,0.047,0.17815550096589414,5.595988897754355e-6,5.595780626893724e-6,5.8750550564773525e-6
12.013,0.047,0.292646974128703,5.474466033456384e-6,5.474255064914219e-6,5.8750550564773525e-6
12.013,0.047,0.480716289995901,5.294134188942114e-6,5.2939200504910165e-6,5.8750550564773525e-6
12.013,0.047,0.789648183294706,5.0177405825241544e-6,5.017524319989259e-6,5.8750550564773525e-6
12.013,0.047,1.297114881182717,4.5709179942952016e-6,4.570704016316487e-6,5.8750550564773525e-6
12.013,0.047,2.1307045980472066,3.777117449934777e-6,3.7769207330802987e-6,5.8750550564773525e-6
12.013,0.047,3.5000000000000004,1.941194822539103e-6,1.941078344412043e-6,5.8750550564773525e-6
12.013,0.047,3.8,1.22621120475096e-6,1.226135535238393e-6,5.8750550564773525e-6
12.013,0.047,3.98,3.8747541886285544e-7,3.874511162741429e-7,5.8750550564773525e-6
12.013,0.047,3.9998,3.8744379628100326e-8,3.8741945167575605e-8,5.8750550564773525e-6
12.013,0.173,1.0000000000000001e-7,3.641814697965362e-6,3.6416798529666285e-6,3.641821867892326e-6
12.013,0.173,1.6426491045299075e-7,3.6418117195269492e-6,3.6416768744502475e-6,3.641821867892326e-6
12.013,0.173,2.698296080612907e-7,3.6418075038240926e-6,3.6416726586317434e-6,3.641821867892326e-6
12.013,0.173,4.432353640575351e-7,3.641801536888297e-6,3.641666691537445e-6,3.641821867892326e-6
12.013,0.173,7.280801738650976e-7,3.6417930912447875e-6,3.641658245666567e-6,3.641821867892326e-6
12.013,0.173,1.1959802456254818e-6,3.6417811372203595e-6,3.641646291317599e-6,3.641821867892326e-6
12.013,0.173,1.9645758795121526e-6,3.6417642174075814e-6,3.6416293710579387e-6,3.641821867892326e-6
12.013,0.173,3.227108809261693e-6,3.641740268980097e-6,3.6416054219693615e-6,3.641821867892326e-6
12.013,0.173,5.301007395754297e-6,3.6417063721952e-6,3.641571524298479e-6,3.641821867892326e-6
12.013,0.173,8.707695051742211e-6,3.641658394419809e-6,3.641523545197951e-6,3.641821867892326e-6
12.013,0.173,1.4303687479263852e-5,3.641590486275704e-6,3.641455635267707e-6,3.641821867892326e-6
12.013,0.173,2.3495939429288417e-5,3.641494368464483e-6,3.6413595148389957e-6,3.641821867892326e-6
12.013,0.173,3.8595583863609565e-5,3.6413583222983045e-6,3.641223465024539e-6,3.641821867892326e-6
12.013,0.173,6.33990012723672e-5,3.641165760804904e-6,3.6410308983899287e-6,3.641821867892326e-6
12.013,0.173,0.00010414231266814445,3.640893206059319e-6,3.640758336178272e-6,3.641821867892326e-6
12.013,0.173,0.00017106927664800093,3.6405074258134666e-6,3.6403725457980123e-6,3.641821867892326e-6
12.013,0.173,0.00028100679409841776,3.639961379548471e-6,3.639826484403861e-6,3.641821867892326e-6
12.013,0.173,0.00046159555869258604,3.6391884778562197e-6,3.6390535624720382e-6,3.641821867892326e-6
12.013,0.173,0.0007582395311413588,3.638094450886384e-6,3.637959505360868e-6,3.641821867892326e-6
12.013,0.173,0.00124552148684853,3.6365458240519172e-6,3.636410837371258e-6,3.641821867892326e-6
12.013,0.173,0.002045954755044497,3.634353571084224e-6,3.634218524930676e-6,3.641821867892326e-6
12.013,0.173,0.0033607857462825456,3.631249891822392e-6,3.6311147611087365e-6,3.641821867892326e-6
12.013,0.173,0.005520591696647901,3.6268551401497976e-6,3.6267198920456454e-6,3.641821867892326e-6
12.013,0.173,0.009068395006973916,3.6206305238349386e-6,3.620495101944023e-6,3.641821867892326e-6
12.013,0.173,0.01489619093772919,3.6118099701414577e-6,3.611674314076551e-6,3.641821867892326e-6
12.013,0.173,0.024469214704767362,3.5993008054079144e-6,3.5991647962862247e-6,3.641821867892326e-6
12.013,0.173,0.04019433362333615,3.5815361322872053e-6,3.581399648011433e-6,3.641821867892326e-6
12.013,0.173,0.06602518613354949,3.5562485783753772e-6,3.556111392911199e-6,3.641821867892326e-6
12.013,0.173,0.1084562128786955,3.5201072904349035e-6,3.5199691468970967e-6,3.641821867892326e-6
12.013,0.173,0.17815550096589414,3.4680976660799697e-6,3.467958218228248e-6,3.641821867892326e-6
12.013,0.173,0.292646974128703,3.3923755709146728e-6,3.392234419434288e-6,3.641821867892326e-6
12.013,0.173,0.480716289995901,3.279958461055389e-6,3.279815511224821e-6,3.641821867892326e-6
12.013,0.173,0.789648183294706,3.1076148775148586e-6,3.107470631830701e-6,3.641821867892326e-6
12.013,0.173,1.297114881182717,2.829109988714613e-6,2.8289674780417353e-6,3.641821867892326e-6
12.013,0.173,2.1307045980472066,2.3352028242917908e-6,2.3350718339743654e-6,3.641821867892326e-6
12.013,0.173,3.5000000000000004,1.1978108728981084e-6,1.1977332923206473e-6,3.641821867892326e-6
12.013,0.173,3.8,7.5629977115011e-7,7.562493542733483e-7,3.641821867892326e-6
12.013,0.173,3.98,2.3892298970113413e-7,2.389067975240085e-7,3.641821867892326e-6
12.013,0.173,3.9998,2.3889652314158368e-8,2.3888030412496848e-8,3.641821867892326e-6
12.013,0.61,1.0000000000000001e-7,1.1142026180614489e-6,1.1141510002113379e-6,1.1142048375081653e-6
12.013,0.61,1.6426491045299075e-7,1.1142016960875685e-6,1.1141500781252849e-6,1.1142048375081653e-6
12.013,0.61,2.698296080612907e-7,1.1142003911191925e-6,1.114148773129929e-6,1.1142048375081653e-6
12.013,0.61,4.432353640575351e-7,1.114198544057663e-6,1.114146926026035e-6,1.1142048375081653e-6
12.013,0.61,7.280801738650976e-7,1.1141959297135605e-6,1.1141443116191398e-6,1.1142048375081653e-6
12.013,0.61,1.1959802456254818e-6,1.114192229352088e-6,1.1141406111711003e-6,1.1142048375081653e-6
12.013,0.61,1.9645758795121526e-6,1.1141869918334885e-6,1.114135373529464e-6,1.1142048375081653e-6
12.013,0.61,3.227108809261693e-6,1.11417957861075e-6,1.1141279601289843e-6,1.1142048375081653e-6
12.013,0.61,5.301007395754297e-6,1.1141690858784935e-6,1.1141174671552309e-6,1.1142048375081653e-6
12.013,0.61,8.707695051742211e-6,1.114154234380867e-6,1.1141026152959032e-6,1.1142048375081653e-6
12.013,0.61,1.4303687479263852e-5,1.1141332134423485e-6,1.1140815938774563e-6,1.1142048375081653e-6
12.013,0.61,2.3495939429288417e-5,1.1141034602019107e-6,1.1140518399153637e-6,1.1142048375081653e-6
12.013,0.61,3.8595583863609565e-5,1.1140613471256983e-6,1.1140097258662924e-6,1.1142048375081653e-6
12.013,0.61,6.33990012723672e-5,1.1140017396779738e-6,1.1139501169991763e-6,1.1142048375081653e-6
12.013,0.61,0.00010414231266814445,1.1139173701698123e-6,1.113865745494801e-6,1.1142048375081653e-6
12.013,0.61,0.00017106927664800093,1.1137979513229427e-6,1.1137463238671877e-6,1.1142048375081653e-6
12.013,0.61,0.00028100679409841776,1.1136289211859377e-6,1.1135772896372806e-6,1.1142048375081653e-6
12.013,0.61,0.00046159555869258604,1.1133896657028822e-6,1.1133380286691745e-6,1.1142048375081653e-6
12.013,0.61,0.0007582395311413588,1.1130510006257258e-6,1.1129993553159266e-6,1.1142048375081653e-6
12.013,0.61,0.00124552148684853,1.1125716019763522e-6,1.1125199456521999e-6,1.1142048375081653e-6
12.013,0.61,0.002045954755044497,1.1118929408979184e-6,1.1118412681305266e-6,1.1142048375081653e-6
12.013,0.61,0.0033607857462825456,1.1109320841076561e-6,1.1108803887593634e-6,1.1142048375081653e-6
12.013,0.61,0.005520591696647901,1.1095714316977984e-6,1.1095197039032125e-6,1.1142048375081653e-6
12.013,0.61,0.009068395006973916,1.1076440208101442e-6,1.107592246191565e-6,1.1142048375081653e-6
12.013,0.61,0.01489619093772919,1.1049123157921995e-6,1.1048604768156233e-6,1.1142048375081653e-6
12.013,0.61,0.024469214704767362,1.1010372088693084e-6,1.1009852728412927e-6,1.1142048375081653e-6
12.013,0.61,0.04019433362333615,1.0955317896314416e-6,1.0954797240756706e-6,1.1142048375081653e-6
12.013,0.61,0.06602518613354949,1.0876902245299374e-6,1.08763796209699e-6,1.1142048375081653e-6
12.013,0.61,0.1084562128786955,1.0764732893025457e-6,1.0764207657243083e-6,1.1142048375081653e-6
12.013,0.61,0.17815550096589414,1.0603126192898851e-6,1.0602597247050171e-6,1.1142048375081653e-6
12.013,0.61,0.292646974128703,1.0367503786595256e-6,1.0366970176855104e-6,1.1142048375081653e-6
12.013,0.61,0.480716289995901,1.0017196802294124e-6,1.0016658240168748e-6,1.1142048375081653e-6
12.013,0.61,0.789648183294706,9.479742732756628e-7,9.479201301560698e-7,1.1142048375081653e-6
12.013,0.61,1.297114881182717,8.612360470312219e-7,8.611826983209315e-7,1.1142048375081653e-6
12.013,0.61,2.1307045980472066,7.082911061962217e-7,7.082421111151592e-7,1.1142048375081653e-6
12.013,0.61,3.5000000000000004,3.60996072249259e-7,3.6096706152300125e-7,1.1142048375081653e-6
12.013,0.61,3.8,2.2760608967774858e-7,2.2758723466382204e-7,1.1142048375081653e-6
12.013,0.61,3.98,7.184081577103309e-8,7.183476246695212e-8,1.1142048375081653e-6
12.013,0.61,3.9998,7.182599235218263e-9,7.181992907932798e-9,1.1142048375081653e-6
12.013,1.73,1.0000000000000001e-7,2.3111462013917867e-7,2.3109921049893922e-7,2.311152868045726e-7
12.013,1.73,1.6426491045299075e-7,2.311146176800033e-7,2.310992079726394e-7,2.311152868045726e-7
12.013,1.73,2.698296080612907e-7,2.3111433972091099e-7,2.310989300822611e-7,2.311152868045726e-7
12.013,1.73,4.432353640575351e-7,2.3111394629562623e-7,2.3109853664384066e-7,2.311152868045726e-7
12.013,1.73,7.280801738650976e-7,2.3111338943864924e-7,2.310979797777452e-7,2.311152868045726e-7
12.013,1.73,1.1959802456254818e-6,2.3111260125923882e-7,2.3109719158467376e-7,2.311152868045726e-7
12.013,1.73,1.9645758795121526e-6,2.3111148566427653e-7,2.3109607597083407e-7,2.311152868045726e-7
12.013,1.73,3.227108809261693e-6,2.31109906642694e-7,2.3109449692273365e-7,2.311152868045726e-7
12.013,1.73,5.301007395754297e-6,2.3110767168302085e-7,2.3109226192396877e-7,2.311152868045726e-7
12.013,1.73,8.707695051742211e-6,2.3110450830213352e-7,2.310890984913349e-7,2.311152868045726e-7
12.013,1.73,1.4303687479263852e-5,2.3110003082310252e-7,2.3108462093267132e-7,2.311152868045726e-7
12.013,1.73,2.3495939429288417e-5,2.3109369335051578e-7,2.310782833570378e-7,2.311152868045726e-7
12.013,1.73,3.8595583863609565e-5,2.3108472320721735e-7,2.3106931305590022e-7,2.311152868045726e-7
12.013,1.73,6.33990012723672e-5,2.3107202671041787e-7,2.3105661634819215e-7,2.311152868045726e-7
12.013,1.73,0.00010414231266814445,2.310540557837853e-7,2.3103864511393286e-7,2.311152868045726e-7
12.013,1.73,0.00017106927664800093,2.3102861910631427e-7,2.310132079990037e-7,2.311152868045726e-7
12.013,1.73,0.00028100679409841776,2.3099261468787473e-7,2.3097720298253994e-7,2.311152868045726e-7
12.013,1.73,0.00046159555869258604,2.3094165106792697e-7,2.3092623845945468e-7,2.311152868045726e-7
12.013,1.73,0.0007582395311413588,2.3086951048966617e-7,2.308540967034674e-7,2.311152868045726e-7
12.013,1.73,0.00124552148684853,2.3076738751767379e-7,2.3075197190633822e-7,2.311152868045726e-7
12.013,1.73,0.002045954755044497,2.3062280774913222e-7,2.3060738975052151e-7,2.311152868045726e-7
12.013,1.73,0.0033607857462825456,2.3041808890829097e-7,2.3040266729426246e-7,2.311152868045726e-7
12.013,1.73,0.005520591696647901,2.301281429908297e-7,2.3011271639114443e-7,2.311152868045726e-7
12.013,1.73,0.009068395006973916,2.2971731951360728e-7,2.2970188576706542e-7,2.311152868045726e-7
12.013,1.73,0.01489619093772919,2.291348303528195e-7,2.2911938600202285e-7,2.311152868045726e-7
12.013,1.73,0.024469214704767362,2.283080240209823e-7,2.2829256528807712e-7,2.311152868045726e-7
12.013,1.73,0.04019433362333615,2.271322817951849e-7,2.2711680042885643e-7,2.311152868045726e-7
12.013,1.73,0.06602518613354949,2.2545534971526577e-7,2.254398385395615e-7,2.311152868045726e-7
12.013,1.73,0.1084562128786955,2.230519580667707e-7,2.2303640017560145e-7,2.311152868045726e-7
12.013,1.73,0.17815550096589414,2.195803634929142e-7,2.1956474508477884e-7,2.311152868045726e-7
12.013,1.73,0.292646974128703,2.1450299892609761e-7,2.1448729947184913e-7,2.311152868045726e-7
12.013,1.73,0.480716289995901,2.0693119779880127e-7,2.0691541637717644e-7,2.311152868045726e-7
12.013,1.73,0.789648183294706,1.9529713957042362e-7,1.9528134717849486e-7,2.311152868045726e-7
12.013,1.73,1.297114881182717,1.7658070542888857e-7,1.765651842149906e-7,2.311152868045726e-7
12.013,1.73,2.1307045980472066,1.4400282275082558e-7,1.4398860793552802e-7,2.311152868045726e-7
12.013,1.73,3.5000000000000004,7.232393918040086e-8,7.231554451795686e-8,2.311152868045726e-7
12.013,1.73,3.8,4.5449689484208704e-8,4.544424691640854e-8,2.311152868045726e-7
12.013,1.73,3.98,1.4317090705702642e-8,1.4315343008650654e-8,2.311152868045726e-7
12.013,1.73,3.9998,1.431100075331655e-9,1.4309250130737368e-9,2.311152868045726e-7
12.013,4.71,1.0000000000000001e-7,3.6030698264093514e-8,3.6026294749463793e-8,3.60308477279216e-8
12.013,4.71,1.6426491045299075e-7,3.6030698264093514e-8,3.6026294749463793e-8,3.60308477279216e-8
12.013,4.71,2.698296080612907e-7,3.603069123480954e-8,3.6026287647478917e-8,3.60308477279216e-8
12.013,4.71,4.432353640575351e-7,3.603062622645432e-8,3.6026222712530414e-8,3.60308477279216e-8
12.013,4.71,7.280801738650976e-7,3.60305342131554e-8,3.602613069955784e-8,3.60308477279216e-8
12.013,4.71,1.1959802456254818e-6,3.6030403976850916e-8,3.602600046399184e-8,3.60308477279216e-8
12.013,4.71,1.9645758795121526e-6,3.6030219639393566e-8,3.602581612763212e-8,3.60308477279216e-8
12.013,4.71,3.227108809261693e-6,3.602995872668784e-8,3.6025555216561186e-8,3.60308477279216e-8
12.013,4.71,5.301007395754297e-6,3.60295894286159e-8,3.6025185920485913e-8,3.60308477279216e-8
12.013,4.71,8.707695051742211e-6,3.602906672062369e-8,3.6024663215975516e-8,3.60308477279216e-8
12.013,4.71,1.4303687479263852e-5,3.602832687397045e-8,3.6023923373160746e-8,3.60308477279216e-8
12.013,4.71,2.3495939429288417e-5,3.6027279684995586e-8,3.6022876191184036e-8,3.60308477279216e-8
12.013,4.71,3.8595583863609565e-5,3.602579747520681e-8,3.602139398946065e-8,3.60308477279216e-8
12.013,4.71,6.33990012723672e-5,3.602369951924021e-8,3.6019296046649607e-8,3.60308477279216e-8
12.013,4.71,0.00010414231266814445,3.602072999786903e-8,3.6016326542908925e-8,3.60308477279216e-8
12.013,4.71,0.00017106927664800093,3.6016526778175745e-8,3.601212334702746e-8,3.60308477279216e-8
12.013,4.71,0.00028100679409841776,3.601057719163483e-8,3.60061737986368e-8,3.60308477279216e-8
12.013,4.71,0.00046159555869258604,3.600215536566991e-8,3.599775201612078e-8,3.60308477279216e-8
12.013,4.71,0.0007582395311413588,3.599023334633877e-8,3.598583007544507e-8,3.60308477279216e-8
12.013,4.71,0.00124552148684853,3.597335489635413e-8,3.5968951710176574e-8,3.60308477279216e-8
12.013,4.71,0.002045954755044497,3.594945594034582e-8,3.594505290278727e-8,3.60308477279216e-8
12.013,4.71,0.0033607857462825456,3.591560829935593e-8,3.5911205434184614e-8,3.60308477279216e-8
12.013,4.71,0.005520591696647901,3.586765212799574e-8,3.586324951208698e-8,3.60308477279216e-8
12.013,4.71,0.009068395006973916,3.579966465094184e-8,3.579526236872046e-8,3.60308477279216e-8
12.013,4.71,0.01489619093772919,3.5703183268635574e-8,3.5698781320442815e-8,3.60308477279216e-8
12.013,4.71,0.024469214704767362,3.556604972869425e-8,3.5561648302941504e-8,3.60308477279216e-8
12.013,4.71,0.04019433362333615,3.5370648229023726e-8,3.536624696419648e-8,3.60308477279216e-8
12.013,4.71,0.06602518613354949,3.509113145582412e-8,3.5086730487529045e-8,3.60308477279216e-8
12.013,4.71,0.1084562128786955,3.4688876129371075e-8,3.468447414949492e-8,3.60308477279216e-8
12.013,4.71,0.17815550096589414,3.4104699116648666e-8,3.410029552911179e-8,3.60308477279216e-8
12.013,4.71,0.292646974128703,3.3244908206365246e-8,3.324050154998982e-8,3.60308477279216e-8
12.013,4.71,0.480716289995901,3.1955195725203805e-8,3.195078866460477e-8,3.60308477279216e-8
12.013,4.71,0.789648183294706,2.996939896617874e-8,2.9965012917388934e-8,3.60308477279216e-8
12.013,4.71,1.297114881182717,2.6799914829175085e-8,2.679562839342145e-8,3.60308477279216e-8
12.013,4.71,2.1307045980472066,2.1437488146503754e-8,2.143359416344771e-8,3.60308477279216e-8
12.013,4.71,3.5000000000000004,1.0413740650830498e-8,1.0411481800880462e-8,3.60308477279216e-8
12.013,4.71,3.8,6.495675947817179e-9,6.494218600191085e-9,3.60308477279216e-8
12.013,4.71,3.98,2.037059355092989e-9,2.0365928612247127e-9,3.60308477279216e-8
12.013,4.71,3.9998,2.0351892046481686e-10,2.0347220919359162e-10,3.60308477279216e-8
12.53,0.00113,1.0000000000000001e-7,8.487926329223234e-6,8.487927101480078e-6,8.487944701636563e-6
12.53,0.00113,1.6426491045299075e-7,8.487918697192395e-6,8.487919469513413e-6,8.487944701636563e-6
12.53,0.00113,2.698296080612907e-7,8.487907894761404e-6,8.487908667189612e-6,8.487944701636563e-6
12.53,0.00113,4.432353640575351e-7,8.487892604922867e-6,8.487893377480827e-6,8.487944701636563e-6
12.53,0.00113,7.280801738650976e-7,8.487870963574154e-6,8.48787173634158e-6,8.487944701636563e-6
12.53,0.00113,1.1959802456254818e-6,8.487840332248943e-6,8.487841105289747e-6,8.487944701636563e-6
12.53,0.00113,1.9645758795121526e-6,8.487796976437877e-6,8.487797749874662e-6,8.487944701636563e-6
12.53,0.00113,3.227108809261693e-6,8.487735610277373e-6,8.48773638429481e-6,8.487944701636563e-6
12.53,0.00113,5.301007395754297e-6,8.487648752089442e-6,8.48764952685303e-6,8.487944701636563e-6
12.53,0.00113,8.707695051742211e-6,8.48752581218617e-6,8.487526588161485e-6,8.487944701636563e-6
12.53,0.00113,1.4303687479263852e-5,8.487351801690695e-6,8.487352579124564e-6,8.487944701636563e-6
12.53,0.00113,2.3495939429288417e-5,8.487105504875124e-6,8.487106284741277e-6,8.487944701636563e-6
12.53,0.00113,3.8595583863609565e-5,8.486756892000837e-6,8.48675767488171e-6,8.487944701636563e-6
12.53,0.00113,6.33990012723672e-5,8.486263456800942e-6,8.486264244354496e-6,8.487944701636563e-6
12.53,0.00113,0.00010414231266814445,8.485565031061918e-6,8.48556582501466e-6,8.487944701636563e-6
12.53,0.00113,0.00017106927664800093,8.484576441761268e-6,8.48457724450287e-6,8.487944701636563e-6
12.53,0.00113,0.00028100679409841776,8.4831771101168e-6,8.483177926400396e-6,8.487944701636563e-6
12.53,0.00113,0.00046159555869258604,8.481196312002921e-6,8.481197145032118e-6,8.487944701636563e-6
12.53,0.00113,0.0007582395311413588,8.478392274000774e-6,8.478393134955727e-6,8.487944701636563e-6
12.53,0.00113,0.00124552148684853,8.474422490593057e-6,8.474423385210604e-6,8.487944701636563e-6
12.53,0.00113,0.002045954755044497,8.468801492623692e-6,8.468802442429591e-6,8.487944701636563e-6
12.53,0.00113,0.0033607857462825456,8.460840573221395e-6,8.460841594149984e-6,8.487944701636563e-6
12.53,0.00113,0.005520591696647901,8.449561336920461e-6,8.449562463503634e-6,8.487944701636563e-6
12.53,0.00113,0.009068395006973916,8.433570749212974e-6,8.43357202947599e-6,8.487944701636563e-6
12.53,0.00113,0.01489619093772919,8.410878425972867e-6,8.410879908268302e-6,8.487944701636563e-6
12.53,0.00113,0.024469214704767362,8.378624841122245e-6,8.378626656682005e-6,8.487944701636563e-6
12.53,0.00113,0.04019433362333615,8.33266712783112e-6,8.332669347405955e-6,8.487944701636563e-6
12.53,0.00113,0.06602518613354949,8.266927269084167e-6,8.266930201626089e-6,8.487944701636563e-6
12.53,0.00113,0.1084562128786955,8.172325101488775e-6,8.17232891281212e-6,8.487944701636563e-6
12.53,0.00113,0.17815550096589414,8.034952795989446e-6,8.034958067524112e-6,8.487944701636563e-6
12.53,0.00113,0.292646974128703,7.832808024520986e-6,7.832815267484255e-6,8.487944701636563e-6
12.53,0.00113,0.480716289995901,7.5296882206139635e-6,7.52969815571532e-6,8.487944701636563e-6
12.53,0.00113,0.789648183294706,7.063210530813662e-6,7.063224221694112e-6,8.487944701636563e-6
12.53,0.00113,1.297114881182717,6.3191146843673985e-6,6.319131839831806e-6,8.487944701636563e-6
12.53,0.00113,2.1307045980472066,5.060239225382616e-6,5.060259046548592e-6,8.487944701636563e-6
12.53,0.00113,3.5000000000000004,2.4647507294564737e-6,2.4647638328292734e-6,8.487944701636563e-6
12.53,0.00113,3.8,1.5385400914904893e-6,1.5385488535060643e-6,8.487944701636563e-6
12.53,0.00113,3.98,4.827134559060466e-7,4.827162524420592e-7,8.487944701636563e-6
12.53,0.00113,3.9998,4.822953977516629e-8,4.822981955114778e-8,8.487944701636563e-6
12.53,0.0037,1.0000000000000001e-7,8.390954661566212e-6,8.390954672279122e-6,8.390972828751696e-6
12.53,0.0037,1.6426491045299075e-7,8.390947114788468e-6,8.390947125499156e-6,8.390972828751696e-6
12.53,0.0037,2.698296080612907e-7,8.39093643302532e-6,8.390936443740113e-6,8.390972828751696e-6
12.53,0.0037,4.432353640575351e-7,8.390921313980913e-6,8.390921324699195e-6,8.390972828751696e-6
12.53,0.0037,7.280801738650976e-7,8.390899914375451e-6,8.390899925089453e-6,8.390972828751696e-6
12.53,0.0037,1.1959802456254818e-6,8.390869625215421e-6,8.39086963595115e-6,8.390972828751696e-6
12.53,0.0037,1.9645758795121526e-6,8.390826753707523e-6,8.390826764417725e-6,8.390972828751696e-6
12.53,0.0037,3.227108809261693e-6,8.390766073033505e-6,8.390766083799624e-6,8.390972828751696e-6
12.53,0.0037,5.301007395754297e-6,8.390680185088847e-6,8.390680195810705e-6,8.390972828751696e-6
12.53,0.0037,8.707695051742211e-6,8.39055861847671e-6,8.39055862928067e-6,8.390972828751696e-6
12.53,0.0037,1.4303687479263852e-5,8.390386551751773e-6,8.390386562542168e-6,8.390972828751696e-6
12.53,0.0037,2.3495939429288417e-5,8.390143006173317e-6,8.390143016995649e-6,8.390972828751696e-6
12.53,0.0037,3.8595583863609565e-5,8.389798287444e-6,8.389798298424724e-6,8.390972828751696e-6
12.53,0.0037,6.33990012723672e-5,8.389310364101268e-6,8.389310374880428e-6,8.390972828751696e-6
12.53,0.0037,0.00010414231266814445,8.388619740015677e-6,8.388619751385043e-6,8.390972828751696e-6
12.53,0.0037,0.00017106927664800093,8.387642193536118e-6,8.387642204296177e-6,8.390972828751696e-6
12.53,0.0037,0.00028100679409841776,8.386258492686997e-6,8.386258504658623e-6,8.390972828751696e-6
12.53,0.0037,0.00046159555869258604,8.384299820151893e-6,8.384299831420616e-6,8.390972828751696e-6
12.53,0.0037,0.0007582395311413588,8.38152710264764e-6,8.381527115218554e-6,8.390972828751696e-6
12.53,0.0037,0.00124552148684853,8.377601659276965e-6,8.377601672469633e-6,8.390972828751696e-6
12.53,0.0037,0.002045954755044497,8.372043440806367e-6,8.372043453340326e-6,8.390972828751696e-6
12.53,0.0037,0.0033607857462825456,8.364171426808165e-6,8.364171444753554e-6,8.390972828751696e-6
12.53,0.0037,0.005520591696647901,8.353018135893084e-6,8.353018147331553e-6,8.390972828751696e-6
12.53,0.0037,0.009068395006973916,8.337206060975837e-6,8.337206088209823e-6,8.390972828751696e-6
12.53,0.0037,0.01489619093772919,8.314766977976383e-6,8.314766991767965e-6,8.390972828751696e-6
12.53,0.0037,0.024469214704767362,8.282873143576377e-6,8.282873185199938e-6,8.390972828751696e-6
12.53,0.0037,0.04019433362333615,8.23742762833025e-6,8.23742766271689e-6,8.390972828751696e-6
12.53,0.0037,0.06602518613354949,8.172419599682845e-6,8.17241965490004e-6,8.390972828751696e-6
12.53,0.0037,0.1084562128786955,8.078868891703683e-6,8.078868997869595e-6,8.390972828751696e-6
12.53,0.0037,0.17815550096589414,7.943020284261318e-6,7.943020330745136e-6,8.390972828751696e-6
12.53,0.0037,0.292646974128703,7.743112381487737e-6,7.743112649561144e-6,8.390972828751696e-6
12.53,0.0037,0.480716289995901,7.443339834269494e-6,7.443339861511607e-6,8.390972828751696e-6
12.53,0.0037,0.789648183294706,6.982010668629173e-6,6.982011088156065e-6,8.390972828751696e-6
12.53,0.0037,1.297114881182717,6.2461556072888315e-6,6.2461557391074276e-6,8.390972828751696e-6
12.53,0.0037,2.1307045980472066,5.001379157211894e-6,5.0013794805869856e-6,8.390972828751696e-6
12.53,0.0037,3.5000000000000004,2.435719218917152e-6,2.4357193816078594e-6,8.390972828751696e-6
12.53,0.0037,3.8,1.5203681396334752e-6,1.5203682641832096e-6,8.390972828751696e-6
12.53,0.0037,3.98,4.77002632728245e-7,4.770026795211099e-7,8.390972828751696e-6
12.53,0.0037,3.9998,4.765884856899238e-8,4.765885289022134e-8,8.390972828751696e-6
12.53,0.0127,1.0000000000000001e-7,8.062647743459617e-6,8.062647749515924e-6,8.062665215527773e-6
12.53,0.0127,1.6426491045299075e-7,8.062640485438539e-6,8.062640491499796e-6,8.062665215527773e-6
12.53,0.0127,2.698296080612907e-7,8.062630212383644e-6,8.062630218443795e-6,8.062665215527773e-6
12.53,0.0127,4.432353640575351e-7,8.06261567182782e-6,8.062615677890014e-6,8.062665215527773e-6
12.53,0.0127,7.280801738650976e-7,8.062595091019288e-6,8.062595097090389e-6,8.062665215527773e-6
12.53,0.0127,1.1959802456254818e-6,8.062565960790455e-6,8.06256596684969e-6,8.062665215527773e-6
12.53,0.0127,1.9645758795121526e-6,8.062524729642494e-6,8.06252473573606e-6,8.062665215527773e-6
12.53,0.0127,3.227108809261693e-6,8.062466370746777e-6,8.062466376803423e-6,8.062665215527773e-6
12.53,0.0127,5.301007395754297e-6,8.062383769066395e-6,8.062383775194753e-6,8.062665215527773e-6
12.53,0.0127,8.707695051742211e-6,8.062266853862612e-6,8.06226685994624e-6,8.062665215527773e-6
12.53,0.0127,1.4303687479263852e-5,8.062101370789411e-6,8.062101376951137e-6,8.062665215527773e-6
12.53,0.0127,2.3495939429288417e-5,8.061867143794052e-6,8.061867149984859e-6,8.062665215527773e-6
12.53,0.0127,3.8595583863609565e-5,8.061535614736418e-6,8.061535620890674e-6,8.062665215527773e-6
12.53,0.0127,6.33990012723672e-5,8.061066360341458e-6,8.06106636679359e-6,8.062665215527773e-6
12.53,0.0127,0.00010414231266814445,8.060402160864656e-6,8.060402166941694e-6,8.062665215527773e-6
12.53,0.0127,0.00017106927664800093,8.059462017002103e-6,8.059462023934284e-6,8.062665215527773e-6
12.53,0.0127,0.00028100679409841776,8.05813125848897e-6,8.058131264654594e-6,8.062665215527773e-6
12.53,0.0127,0.00046159555869258604,8.056247526486206e-6,8.056247534057829e-6,8.062665215527773e-6
12.53,0.0127,0.0007582395311413588,8.053580893246449e-6,8.05358090033117e-6,8.062665215527773e-6
12.53,0.0127,0.00124552148684853,8.04980563214118e-6,8.049805640112513e-6,8.062665215527773e-6
12.53,0.0127,0.002045954755044497,8.044460051682486e-6,8.044460061620174e-6,8.062665215527773e-6
12.53,0.0127,0.0033607857462825456,8.03688916624694e-6,8.03688917357055e-6,8.062665215527773e-6
12.53,0.0127,0.005520591696647901,8.026162461932271e-6,8.026162478279445e-6,8.062665215527773e-6
12.53,0.0127,0.009068395006973916,8.010955025939366e-6,8.010955032105326e-6,8.062665215527773e-6
12.53,0.0127,0.01489619093772919,7.989373696041711e-6,7.989373723908104e-6,8.062665215527773e-6
12.53,0.0127,0.024469214704767362,7.958698388849985e-6,7.95869840175024e-6,8.062665215527773e-6
12.53,0.0127,0.04019433362333615,7.914987788795518e-6,7.914987832024449e-6,8.062665215527773e-6
12.53,0.0127,0.06602518613354949,7.85245866576565e-6,7.852458714352526e-6,8.062665215527773e-6
12.53,0.0127,0.1084562128786955,7.76246964216986e-6,7.762469691628623e-6,8.062665215527773e-6
12.53,0.0127,0.17815550096589414,7.631782569897451e-6,7.631782724695597e-6,8.062665215527773e-6
12.53,0.0127,0.292646974128703,7.439452420979824e-6,7.439452442019938e-6,8.062665215527773e-6
12.53,0.0127,0.480716289995901,7.151019728732353e-6,7.151020062756986e-6,8.062665215527773e-6
12.53,0.0127,0.789648183294706,6.707133021984138e-6,6.707133054086436e-6,8.062665215527773e-6
12.53,0.0127,1.297114881182717,5.9991949217554075e-6,5.999195305369316e-6,8.062665215527773e-6
12.53,0.0127,2.1307045980472066,4.8021711193853436e-6,4.80217127747966e-6,8.062665215527773e-6
12.53,0.0127,3.5000000000000004,2.3374883529725054e-6,2.337488493338551e-6,8.062665215527773e-6
12.53,0.0127,3.8,1.4588850254534956e-6,1.4588850819855922e-6,8.062665215527773e-6
12.53,0.0127,3.98,4.5768123627860527e-7,4.5768124880416867e-7,8.062665215527773e-6
12.53,0.0127,3.9998,4.57280392594186e-8,4.5728040989999705e-8,8.062665215527773e-6
12.53,0.047,1.0000000000000001e-7,6.956341750013191e-6,6.956341792306642e-6,6.956356876054381e-6
12.53,0.047,1.6426491045299075e-7,6.956335466548352e-6,6.956335508847439e-6,6.956356876054381e-6
12.53,0.047,2.698296080612907e-7,6.956326572887304e-6,6.956326615181199e-6,6.956356876054381e-6
12.53,0.047,4.432353640575351e-7,6.956313984735438e-6,6.956314027038793e-6,6.956356876054381e-6
12.53,0.047,7.280801738650976e-7,6.956296167373603e-6,6.9562962096733394e-6,6.956356876054381e-6
12.53,0.047,1.1959802456254818e-6,6.95627094854756e-6,6.956270990853531e-6,6.956356876054381e-6
12.53,0.047,1.9645758795121526e-6,6.956235253628577e-6,6.956235295946436e-6,6.956356876054381e-6
12.53,0.047,3.227108809261693e-6,6.956184730754714e-6,6.95618477305624e-6,6.956356876054381e-6
12.53,0.047,5.301007395754297e-6,6.956113220244884e-6,6.9561132626021034e-6,6.956356876054381e-6
12.53,0.047,8.707695051742211e-6,6.956012003585091e-6,6.956012045878192e-6,6.956356876054381e-6
12.53,0.047,1.4303687479263852e-5,6.9558687403949014e-6,6.955868782816364e-6,6.956356876054381e-6
12.53,0.047,2.3495939429288417e-5,6.955665963701768e-6,6.955666006030507e-6,6.956356876054381e-6
12.53,0.047,3.8595583863609565e-5,6.955378949908995e-6,6.9553789923997085e-6,6.956356876054381e-6
12.53,0.047,6.33990012723672e-5,6.9549727033952045e-6,6.954972745894888e-6,6.956356876054381e-6
12.53,0.047,0.00010414231266814445,6.954397687250743e-6,6.954397729746813e-6,6.956356876054381e-6
12.53,0.047,0.00017106927664800093,6.953583777658353e-6,6.9535838206034745e-6,6.956356876054381e-6
12.53,0.047,0.00028100679409841776,6.952431700251415e-6,6.952431742608457e-6,6.956356876054381e-6
12.53,0.047,0.00046159555869258604,6.950800893802559e-6,6.950800937611124e-6,6.956356876054381e-6
12.53,0.047,0.0007582395311413588,6.9484922972715325e-6,6.948492339656019e-6,6.956356876054381e-6
12.53,0.047,0.00124552148684853,6.945223905811244e-6,6.9452239508665535e-6,6.956356876054381e-6
12.53,0.047,0.002045954755044497,6.940595987778497e-6,6.940596031551983e-6,6.956356876054381e-6
12.53,0.047,0.0033607857462825456,6.934041430414857e-6,6.934041476491559e-6,6.956356876054381e-6
12.53,0.047,0.005520591696647901,6.924754497008066e-6,6.924754545664067e-6,6.956356876054381e-6
12.53,0.047,0.009068395006973916,6.911587806739903e-6,6.911587852070935e-6,6.956356876054381e-6
12.53,0.047,0.01489619093772919,6.892901588659974e-6,6.892901649422547e-6,6.956356876054381e-6
12.53,0.047,0.024469214704767362,6.866339236346481e-6,6.866339278825878e-6,6.956356876054381e-6
12.53,0.047,0.04019433362333615,6.828484897456121e-6,6.828484982741334e-6,6.956356876054381e-6
12.53,0.047,0.06602518613354949,6.774324057236164e-6,6.7743241094000755e-6,6.956356876054381e-6
12.53,0.047,0.1084562128786955,6.6963598785835535e-6,6.696360000869562e-6,6.956356876054381e-6
12.53,0.047,0.17815550096589414,6.58310151777762e-6,6.583101634875351e-6,6.956356876054381e-6
12.53,0.047,0.292646974128703,6.416363099645139e-6,6.416363238447081e-6,6.956356876054381e-6
12.53,0.047,0.480716289995901,6.166233491218976e-6,6.1662337760833905e-6,6.956356876054381e-6
12.53,0.047,0.789648183294706,5.781266041958254e-6,5.78126612020643e-6,6.956356876054381e-6
12.53,0.047,1.297114881182717,5.1676091310603906e-6,5.167609552286428e-6,6.956356876054381e-6
12.53,0.047,2.1307045980472066,4.131733092633767e-6,4.131733143219024e-6,6.956356876054381e-6
12.53,0.047,3.5000000000000004,2.007189605092018e-6,2.0071898193435308e-6,6.956356876054381e-6
12.53,0.047,3.8,1.2521913908221892e-6,1.2521914082333769e-6,6.956356876054381e-6
12.53,0.047,3.98,3.9273455439866e-7,3.927345871904153e-7,6.956356876054381e-6
12.53,0.047,3.9998,3.923792971630117e-8,3.923793338111373e-8,6.956356876054381e-6
12.53,0.173,1.0000000000000001e-7,4.275088786553093e-6,4.275088783667006e-6,4.2750981965789315e-6
12.53,0.173,1.6426491045299075e-7,4.27508487756157e-6,4.275084874674996e-6,4.2750981965789315e-6
12.53,0.173,2.698296080612907e-7,4.2750793447470005e-6,4.275079341863997e-6,4.2750981965789315e-6
12.53,0.173,4.432353640575351e-7,4.27507151356137e-6,4.27507151067385e-6,4.2750981965789315e-6
12.53,0.173,7.280801738650976e-7,4.275060429244052e-6,4.275060426366625e-6,4.2750981965789315e-6
12.53,0.173,1.1959802456254818e-6,4.2750447404187975e-6,4.275044737532493e-6,4.2750981965789315e-6
12.53,0.173,1.9645758795121526e-6,4.275022534334949e-6,4.275022531464754e-6,4.2750981965789315e-6
12.53,0.173,3.227108809261693e-6,4.274991103664454e-6,4.274991100789106e-6,4.2750981965789315e-6
12.53,0.173,5.301007395754297e-6,4.274946616419209e-6,4.274946613553072e-6,4.2750981965789315e-6
12.53,0.173,8.707695051742211e-6,4.274883648737105e-6,4.274883645894537e-6,4.2750981965789315e-6
12.53,0.173,1.4303687479263852e-5,4.2747945235548225e-6,4.2747945206804645e-6,4.2750981965789315e-6
12.53,0.173,2.3495939429288417e-5,4.2746683744928755e-6,4.274668371719927e-6,4.2750981965789315e-6
12.53,0.173,3.8595583863609565e-5,4.274489820714984e-6,4.2744898178287134e-6,4.2750981965789315e-6
12.53,0.173,6.33990012723672e-5,4.274237090952082e-6,4.274237088290633e-6,4.2750981965789315e-6
12.53,0.173,0.00010414231266814445,4.27387936739481e-6,4.273879364580395e-6,4.2750981965789315e-6
12.53,0.173,0.00017106927664800093,4.273373024287041e-6,4.273373021741704e-6,4.2750981965789315e-6
12.53,0.173,0.00028100679409841776,4.272656299549176e-6,4.272656297050537e-6,4.2750981965789315e-6
12.53,0.173,0.00046159555869258604,4.271641742703869e-6,4.2716417401584546e-6,4.2750981965789315e-6
12.53,0.173,0.0007582395311413588,4.270205502066449e-6,4.270205500373939e-6,4.2750981965789315e-6
12.53,0.173,0.00124552148684853,4.2681721077768205e-6,4.268172104991363e-6,4.2750981965789315e-6
12.53,0.173,0.002045954755044497,4.265292810169879e-6,4.2652928100382525e-6,4.2750981965789315e-6
12.53,0.173,0.0033607857462825456,4.261214638397137e-6,4.26121463576116e-6,4.2750981965789315e-6
12.53,0.173,0.005520591696647901,4.255435966732147e-6,4.25543596890524e-6,4.2750981965789315e-6
12.53,0.173,0.009068395006973916,4.247242177628981e-6,4.24724217779682e-6,4.2750981965789315e-6
12.53,0.173,0.01489619093772919,4.235611347789395e-6,4.235611352007314e-6,4.2750981965789315e-6
12.53,0.173,0.024469214704767362,4.2190734892954526e-6,4.219073499594556e-6,4.2750981965789315e-6
12.53,0.173,0.04019433362333615,4.195495204952116e-6,4.1954952079118835e-6,4.2750981965789315e-6
12.53,0.173,0.06602518613354949,4.161739497139146e-6,4.161739534444601e-6,4.2750981965789315e-6
12.53,0.173,0.1084562128786955,4.113107431273011e-6,4.113107428875552e-6,4.2750981965789315e-6
12.53,0.173,0.17815550096589414,4.042383342828286e-6,4.042383434341425e-6,4.2750981965789315e-6
12.53,0.173,0.292646974128703,3.938135983735179e-6,3.938136005387916e-6,4.2750981965789315e-6
12.53,0.173,0.480716289995901,3.7815849491142587e-6,3.7815850927288596e-6,4.2750981965789315e-6
12.53,0.173,0.789648183294706,3.540588845584701e-6,3.5405889708082948e-6,4.2750981965789315e-6
12.53,0.173,1.297114881182717,3.1571444079730774e-6,3.1571445112722605e-6,4.2750981965789315e-6
12.53,0.173,2.1307045980472066,2.5137442939969584e-6,2.513744506926032e-6,4.2750981965789315e-6
12.53,0.173,3.5000000000000004,1.212514603236998e-6,1.2125146162149114e-6,4.2750981965789315e-6
12.53,0.173,3.8,7.552424053896756e-7,7.552424823229303e-7,4.2750981965789315e-6
12.53,0.173,3.98,2.366491240302954e-7,2.366491254977448e-7,4.2750981965789315e-6
12.53,0.173,3.9998,2.3641051548607116e-8,2.3641051629544095e-8,4.2750981965789315e-6
12.53,0.61,1.0000000000000001e-7,1.272252195079876e-6,1.2722521756077433e-6,1.2722551079479112e-6
12.53,0.61,1.6426491045299075e-7,1.2722509850538e-6,1.2722509655751514e-6,1.2722551079479112e-6
12.53,0.61,2.698296080612907e-7,1.272249272374207e-6,1.2722492528959682e-6,1.2722551079479112e-6
12.53,0.61,4.432353640575351e-7,1.2722468482351005e-6,1.2722468287562781e-6,1.2722551079479112e-6
12.53,0.61,7.280801738650976e-7,1.2722434170907667e-6,1.2722433976145525e-6,1.2722551079479112e-6
12.53,0.61,1.1959802456254818e-6,1.2722385606231939e-6,1.2722385411440606e-6,1.2722551079479112e-6
12.53,0.61,1.9645758795121526e-6,1.2722316867408864e-6,1.2722316672681355e-6,1.2722551079479112e-6
12.53,0.61,3.227108809261693e-6,1.2722219573905248e-6,1.2722219379131213e-6,1.2722551079479112e-6
12.53,0.61,5.301007395754297e-6,1.2722081863789565e-6,1.2722081669104122e-6,1.2722551079479112e-6
12.53,0.61,8.707695051742211e-6,1.2721886947447911e-6,1.2721886752758206e-6,1.2722551079479112e-6
12.53,0.61,1.4303687479263852e-5,1.2721611060389839e-6,1.272161086572404e-6,1.2722551079479112e-6
12.53,0.61,2.3495939429288417e-5,1.2721220565371786e-6,1.2721220370906383e-6,1.2722551079479112e-6
12.53,0.61,3.8595583863609565e-5,1.2720667850114237e-6,1.2720667655404656e-6,1.2722551079479112e-6
12.53,0.61,6.33990012723672e-5,1.271988551949752e-6,1.2719885325479037e-6,1.2722551079479112e-6
12.53,0.61,0.00010414231266814445,1.271877817191719e-6,1.2718777977226547e-6,1.2722551079479112e-6
12.53,0.61,0.00017106927664800093,1.2717210752024713e-6,1.2717210558684113e-6,1.2722551079479112e-6
12.53,0.61,0.00028100679409841776,1.2714992047976504e-6,1.2714991853948774e-6,1.2722551079479112e-6
12.53,0.61,0.00046159555869258604,1.27118512940049e-6,1.2711851101318667e-6,1.2722551079479112e-6
12.53,0.61,0.0007582395311413588,1.2707404963532673e-6,1.2707404771808233e-6,1.2722551079479112e-6
12.53,0.61,0.00124552148684853,1.2701109562488511e-6,1.270110936974694e-6,1.2722551079479112e-6
12.53,0.61,0.002045954755044497,1.269219434532498e-6,1.269219415908786e-6,1.2722551079479112e-6
12.53,0.61,0.0033607857462825456,1.2679565022068371e-6,1.2679564828329335e-6,1.2722551079479112e-6
12.53,0.61,0.005520591696647901,1.2661665077802524e-6,1.2661664901982595e-6,1.2722551079479112e-6
12.53,0.61,0.009068395006973916,1.2636274135037113e-6,1.263627394500129e-6,1.2722551079479112e-6
12.53,0.61,0.01489619093772919,1.2600210659707225e-6,1.2600210499595617e-6,1.2722551079479112e-6
12.53,0.61,0.024469214704767362,1.2548884961505777e-6,1.254888479657759e-6,1.2722551079479112e-6
12.53,0.61,0.04019433362333615,1.2475609442501419e-6,1.2475609297190628e-6,1.2722551079479112e-6
12.53,0.61,0.06602518613354949,1.2370499927716678e-6,1.2370499849896994e-6,1.2722551079479112e-6
12.53,0.61,0.1084562128786955,1.2218663175034787e-6,1.2218663021912351e-6,1.2722551079479112e-6
12.53,0.61,0.17815550096589414,1.1997103500503137e-6,1.1997103648656078e-6,1.2722551079479112e-6
12.53,0.61,0.292646974128703,1.1669295159339205e-6,1.166929499944304e-6,1.2722551079479112e-6
12.53,0.61,0.480716289995901,1.1175482201644763e-6,1.1175482702636372e-6,1.2722551079479112e-6
12.53,0.61,0.789648183294706,1.0415071813267796e-6,1.0415071912476619e-6,1.2722551079479112e-6
12.53,0.61,1.297114881182717,9.212869742786741e-7,9.21287032860474e-7,1.2722551079479112e-6
12.53,0.61,2.1307045980472066,7.234379311651625e-7,7.234379859936625e-7,1.2722551079479112e-6
12.53,0.61,3.5000000000000004,3.4085899596380137e-7,3.408590105274571e-7,1.2722551079479112e-6
12.53,0.61,3.8,2.1121735893423674e-7,2.1121737804911412e-7,1.2722551079479112e-6
12.53,0.61,3.98,6.597848835593188e-8,6.597848883652873e-8,1.2722551079479112e-6
12.53,0.61,3.9998,6.588951080762159e-9,6.58895118329456e-9,1.2722551079479112e-6
12.53,1.73,1.0000000000000001e-7,2.4847644176350763e-7,2.4847644229041183e-7,2.4847710451493165e-7
12.53,1.73,1.6426491045299075e-7,2.4847622633586607e-7,2.4847622685284987e-7,2.4847710451493165e-7
12.53,1.73,2.698296080612907e-7,2.4847586153400137e-7,2.4847586206097577e-7,2.4847710451493165e-7
12.53,1.73,4.432353640575351e-7,2.484753451907681e-7,2.484753457180429e-7,2.4847710451493165e-7
12.53,1.73,7.280801738650976e-7,2.4847461435468473e-7,2.4847461488169513e-7,2.4847710451493165e-7
12.53,1.73,1.1959802456254818e-6,2.4847357992361564e-7,2.4847358045146e-7,2.4847710451493165e-7
12.53,1.73,1.9645758795121526e-6,2.484721157813846e-7,2.484721163083005e-7,2.4847710451493165e-7
12.53,1.73,3.227108809261693e-6,2.4847004342137755e-7,2.484700439501315e-7,2.4847710451493165e-7
12.53,1.73,5.301007395754297e-6,2.484671101820165e-7,2.484671107095262e-7,2.4847710451493165e-7
12.53,1.73,8.707695051742211e-6,2.484629584395604e-7,2.4846295896925226e-7,2.4847710451493165e-7
12.53,1.73,1.4303687479263852e-5,2.484570819998293e-7,2.484570825299257e-7,2.4847710451493165e-7
12.53,1.73,2.3495939429288417e-5,2.484487643665458e-7,2.484487648962135e-7,2.4847710451493165e-7
12.53,1.73,3.8595583863609565e-5,2.4843699134700474e-7,2.4843699188361716e-7,2.4847710451493165e-7
12.53,1.73,6.33990012723672e-5,2.484203273099645e-7,2.4842032783767293e-7,2.4847710451493165e-7
12.53,1.73,0.00010414231266814445,2.483967399400113e-7,2.483967404889335e-7,2.4847710451493165e-7
12.53,1.73,0.00017106927664800093,2.4836335196365225e-7,2.483633524926261e-7,2.4847710451493165e-7
12.53,1.73,0.00028100679409841776,2.483160892138159e-7,2.4831608977982786e-7,2.4847710451493165e-7
12.53,1.73,0.00046159555869258604,2.482491812941956e-7,2.4824918184458614e-7,2.4847710451493165e-7
12.53,1.73,0.0007582395311413588,2.481544520748803e-7,2.481544526532897e-7,2.4847710451493165e-7
12.53,1.73,0.00124552148684853,2.480203092363519e-7,2.4802030985684855e-7,2.4847710451493165e-7
12.53,1.73,0.002045954755044497,2.4783030002175715e-7,2.4783030058668413e-7,2.4847710451493165e-7
12.53,1.73,0.0033607857462825456,2.4756103551566055e-7,2.475610362995566e-7,2.4847710451493165e-7
12.53,1.73,0.005520591696647901,2.4717918238550276e-7,2.4717918291504765e-7,2.4847710451493165e-7
12.53,1.73,0.009068395006973916,2.466370497250797e-7,2.4663705081963893e-7,2.4847710451493165e-7
12.53,1.73,0.01489619093772919,2.458660035129585e-7,2.458660041907804e-7,2.4847710451493165e-7
12.53,1.73,0.024469214704767362,2.447664153603042e-7,2.447664169282537e-7,2.4847710451493165e-7
12.53,1.73,0.04019433362333615,2.431918946000207e-7,2.431918962242026e-7,2.4847710451493165e-7
12.53,1.73,0.06602518613354949,2.409238011200454e-7,2.409238030665529e-7,2.4847710451493165e-7
12.53,1.73,0.1084562128786955,2.3762889374390848e-7,2.376288987958653e-7,2.4847710451493165e-7
12.53,1.73,0.17815550096589414,2.3278762639043584e-7,2.3278762768965923e-7,2.4847710451493165e-7
12.53,1.73,0.292646974128703,2.2557249736913651e-7,2.2557251094246474e-7,2.4847710451493165e-7
12.53,1.73,0.480716289995901,2.146462704523881e-7,2.146462718436761e-7,2.4847710451493165e-7
12.53,1.73,0.789648183294706,1.978443273211539e-7,1.978443503912599e-7,2.4847710451493165e-7
12.53,1.73,1.297114881182717,1.7169848103841017e-7,1.7169849114978138e-7,2.4847710451493165e-7
12.53,1.73,2.1307045980472066,1.3049158516715515e-7,1.3049160106379956e-7,2.4847710451493165e-7
12.53,1.73,3.5000000000000004,5.8214753361572636e-8,5.8214761496209035e-8,2.4847710451493165e-7
12.53,1.73,3.8,3.564593991838453e-8,3.5645943468537207e-8,2.4847710451493165e-7
12.53,1.73,3.98,1.105569652509746e-8,1.1055698250514585e-8,2.4847710451493165e-7
12.53,1.73,3.9998,1.1032143659453854e-9,1.1032145301067663e-9,2.4847710451493165e-7
12.53,4.71,1.0000000000000001e-7,3.4358893382428916e-8,3.435827616297959e-8,3.4359041968768476e-8
12.53,4.71,1.6426491045299075e-7,3.4358893382428916e-8,3.435827616297959e-8,3.4359041968768476e-8
12.53,4.71,2.698296080612907e-7,3.435883658251077e-8,3.4358219364608855e-8,3.4359041968768476e-8
12.53,4.71,4.432353640575351e-7,3.435875126355982e-8,3.435813404505433e-8,3.4359041968768476e-8
12.53,4.71,7.280801738650976e-7,3.435863050245089e-8,3.4358013284676004e-8,3.4359041968768476e-8
12.53,4.71,1.1959802456254818e-6,3.435845957617868e-8,3.4357842359629594e-8,3.4359041968768476e-8
12.53,4.71,1.9645758795121526e-6,3.435821764558867e-8,3.435760043041698e-8,3.4359041968768476e-8
12.53,4.71,3.227108809261693e-6,3.435787521454267e-8,3.43572580018284e-8,3.4359041968768476e-8
12.53,4.71,5.301007395754297e-6,3.4357390533416054e-8,3.435677332359331e-8,3.4359041968768476e-8
12.53,4.71,8.707695051742211e-6,3.43567045081479e-8,3.4356087302961614e-8,3.4359041968768476e-8
12.53,4.71,1.4303687479263852e-5,3.435573349347379e-8,3.435511629457802e-8,3.4359041968768476e-8
12.53,4.71,2.3495939429288417e-5,3.4354359090107533e-8,3.4353741899693334e-8,3.4359041968768476e-8
12.53,4.71,3.8595583863609565e-5,3.435241369828572e-8,3.4351796521442743e-8,3.4359041968768476e-8
12.53,4.71,6.33990012723672e-5,3.4349660057941286e-8,3.434904289686999e-8,3.4359041968768476e-8
12.53,4.71,0.00010414231266814445,3.4345762261716146e-8,3.434514512877193e-8,3.4359041968768476e-8
12.53,4.71,0.00017106927664800093,3.4340244662512564e-8,3.4339627561172005e-8,3.4359041968768476e-8
12.53,4.71,0.00028100679409841776,3.433243356483081e-8,3.4331816518124866e-8,3.4359041968768476e-8
12.53,4.71,0.00046159555869258604,3.432137436216657e-8,3.4320757382816526e-8,3.4359041968768476e-8
12.53,4.71,0.0007582395311413588,3.430571350108021e-8,3.430509662187345e-8,3.4359041968768476e-8
12.53,4.71,0.00124552148684853,3.4283529720157665e-8,3.428291298584779e-8,3.4359041968768476e-8
12.53,4.71,0.002045954755044497,3.4252091399337674e-8,3.4251474842023964e-8,3.4359041968768476e-8
12.53,4.71,0.0033607857462825456,3.4207504711565696e-8,3.420688845457148e-8,3.4359041968768476e-8
12.53,4.71,0.005520591696647901,3.4144197166592817e-8,3.4143581218487206e-8,3.4359041968768476e-8
12.53,4.71,0.009068395006973916,3.4054146624501135e-8,3.405353124154149e-8,3.4359041968768476e-8
12.53,4.71,0.01489619093772919,3.392570482901062e-8,3.3925089973585936e-8,3.4359041968768476e-8
12.53,4.71,0.024469214704767362,3.374175488417959e-8,3.374114087095745e-8,3.4359041968768476e-8
12.53,4.71,0.04019433362333615,3.347674621774293e-8,3.347613294992829e-8,3.4359041968768476e-8
12.53,4.71,0.06602518613354949,3.3091813290862795e-8,3.309120045235469e-8,3.4359041968768476e-8
12.53,4.71,0.1084562128786955,3.252665522520743e-8,3.252604270827484e-8,3.4359041968768476e-8
12.53,4.71,0.17815550096589414,3.168619844939577e-8,3.168558275395459e-8,3.4359041968768476e-8
12.53,4.71,0.292646974128703,3.041983517553105e-8,3.041921674764384e-8,3.4359041968768476e-8
12.53,4.71,0.480716289995901,2.8493210027049534e-8,2.8492579559158997e-8,3.4359041968768476e-8
12.53,4.71,0.789648183294706,2.556209057561904e-8,2.5561454667583332e-8,3.4359041968768476e-8
12.53,4.71,1.297114881182717,2.11812442712931e-8,2.11806130271822e-8,3.4359041968768476e-8
12.53,4.71,2.1307045980472066,1.4892217423520383e-8,1.4891659756675525e-8,3.4359041968768476e-8
12.53,4.71,3.5000000000000004,5.8522870235668154e-9,5.852002319542942e-9,3.4359041968768476e-8
12.53,4.71,3.8,3.487484923203993e-9,3.487307275543115e-9,3.4359041968768476e-8
12.53,4.71,3.98,1.0643336192097172e-9,1.0642780939298711e-9,3.4359041968768476e-8
12.53,4.71,3.9998,1.0601894270857485e-10,1.060133991386604e-10,3.4359041968768476e-8
13.07,0.00113,1.0000000000000001e-7,8.10171552569979e-6,8.101715232921177e-6,8.10173993162158e-6
13.07,0.00113,1.6426491045299075e-7,8.101705387305091e-6,8.101705094615208e-6,8.10173993162158e-6
13.07,0.00113,2.698296080612907e-7,8.101691037346622e-6,8.101690744797758e-6,8.10173993162158e-6
13.07,0.00113,4.432353640575351e-7,8.101670726307136e-6,8.101670433945511e-6,8.10173993162158e-6
13.07,0.00113,7.280801738650976e-7,8.101641977902434e-6,8.101641685807117e-6,8.10173993162158e-6
13.07,0.00113,1.1959802456254818e-6,8.101601287170557e-6,8.101600995471962e-6,8.10173993162158e-6
13.07,0.00113,1.9645758795121526e-6,8.101543693136076e-6,8.101543401941309e-6,8.10173993162158e-6
13.07,0.00113,3.227108809261693e-6,8.101462173935749e-6,8.101461883564601e-6,8.10173993162158e-6
13.07,0.00113,5.301007395754297e-6,8.101346790627613e-6,8.101346501250008e-6,8.10173993162158e-6
13.07,0.00113,8.707695051742211e-6,8.101183475222707e-6,8.101183187487219e-6,8.10173993162158e-6
13.07,0.00113,1.4303687479263852e-5,8.100952315003916e-6,8.100952029332219e-6,8.10173993162158e-6
13.07,0.00113,2.3495939429288417e-5,8.100625123556056e-6,8.100624841027327e-6,8.10173993162158e-6
13.07,0.00113,3.8595583863609565e-5,8.100162001444232e-6,8.100161723295377e-6,8.10173993162158e-6
13.07,0.00113,6.33990012723672e-5,8.099506465094931e-6,8.099506192863362e-6,8.10173993162158e-6
13.07,0.00113,0.00010414231266814445,8.098578545123612e-6,8.098578282127004e-6,8.10173993162158e-6
13.07,0.00113,0.00017106927664800093,8.097265001528251e-6,8.09726474988053e-6,8.10173993162158e-6
13.07,0.00113,0.00028100679409841776,8.09540543744362e-6,8.095405204731037e-6,8.10173993162158e-6
13.07,0.00113,0.00046159555869258604,8.092772560981605e-6,8.092772351285409e-6,8.10173993162158e-6
13.07,0.00113,0.0007582395311413588,8.089044059029359e-6,8.089043886569463e-6,8.10173993162158e-6
13.07,0.00113,0.00124552148684853,8.083762363102982e-6,8.083762239494634e-6,8.10173993162158e-6
13.07,0.00113,0.002045954755044497,8.076276754730017e-6,8.076276702499321e-6,8.10173993162158e-6
13.07,0.00113,0.0033607857462825456,8.06565932479439e-6,8.065659378568944e-6,8.10173993162158e-6
13.07,0.00113,0.005520591696647901,8.050581431441558e-6,8.05058162327848e-6,8.10173993162158e-6
13.07,0.00113,0.009068395006973916,8.029128925527506e-6,8.029129350147664e-6,8.10173993162158e-6
13.07,0.00113,0.01489619093772919,7.998519609433489e-6,7.998520318951662e-6,8.10173993162158e-6
13.07,0.00113,0.024469214704767362,7.954659909518837e-6,7.954661135653208e-6,8.10173993162158e-6
13.07,0.00113,0.04019433362333615,7.891430854663724e-6,7.891432743791999e-6,8.10173993162158e-6
13.07,0.00113,0.06602518613354949,7.799514168884377e-6,7.799517216233319e-6,8.10173993162158e-6
13.07,0.00113,0.1084562128786955,7.664449446022855e-6,7.664454215832914e-6,8.10173993162158e-6
13.07,0.00113,0.17815550096589414,7.46347944905083e-6,7.463486797859643e-6,8.10173993162158e-6
13.07,0.00113,0.292646974128703,7.1607484468452445e-6,7.16076025744105e-6,8.10173993162158e-6
13.07,0.00113,0.480716289995901,6.701074277211196e-6,6.701091308277996e-6,8.10173993162158e-6
13.07,0.00113,0.789648183294706,6.004951971879946e-6,6.004977479318017e-6,8.10173993162158e-6
13.07,0.00113,1.297114881182717,4.972607118913828e-6,4.972638822222328e-6,8.10173993162158e-6
13.07,0.00113,2.1307045980472066,3.504248619101432e-6,3.504282116568707e-6,8.10173993162158e-6
13.07,0.00113,3.5000000000000004,1.3936955144480077e-6,1.3937138594788644e-6,8.10173993162158e-6
13.07,0.00113,3.8,8.336817140736804e-7,8.336930406576688e-7,8.10173993162158e-6
13.07,0.00113,3.98,2.5505189173609903e-7,2.5505545869956996e-7,8.10173993162158e-6
13.07,0.00113,3.9998,2.5412913556549092e-8,2.5413270558534985e-8,8.10173993162158e-6
13.07,0.0037,1.0000000000000001e-7,8.004951134521166e-6,8.004950090321305e-6,8.00497526781821e-6
13.07,0.0037,1.6426491045299075e-7,8.004941109376737e-6,8.004940065181233e-6,8.00497526781821e-6
13.07,0.0037,2.698296080612907e-7,8.004926919713522e-6,8.004925875517188e-6,8.00497526781821e-6
13.07,0.0037,4.432353640575351e-7,8.00490683555714e-6,8.004905791379109e-6,8.00497526781821e-6
13.07,0.0037,7.280801738650976e-7,8.004878408284534e-6,8.004877364094323e-6,8.00497526781821e-6
13.07,0.0037,1.1959802456254818e-6,8.004838172085638e-6,8.004837127939464e-6,8.00497526781821e-6
13.07,0.0037,1.9645758795121526e-6,8.004781221401137e-6,8.004780177236511e-6,8.00497526781821e-6
13.07,0.0037,3.227108809261693e-6,8.004700612804752e-6,8.004699568706635e-6,8.00497526781821e-6
13.07,0.0037,5.301007395754297e-6,8.004586518376115e-6,8.004585474292306e-6,8.00497526781821e-6
13.07,0.0037,8.707695051742211e-6,8.004425027270191e-6,8.004423983230431e-6,8.00497526781821e-6
13.07,0.0037,1.4303687479263852e-5,8.004196449199805e-6,8.004195405311252e-6,8.00497526781821e-6
13.07,0.0037,2.3495939429288417e-5,8.00387291259561e-6,8.003871868622315e-6,8.00497526781821e-6
13.07,0.0037,3.8595583863609565e-5,8.00341496369677e-6,8.003413920200613e-6,8.00497526781821e-6
13.07,0.0037,6.33990012723672e-5,8.002766749829912e-6,8.002765706045557e-6,8.00497526781821e-6
13.07,0.0037,0.00010414231266814445,8.00184919479784e-6,8.001848151965154e-6,8.00497526781821e-6
13.07,0.0037,0.00017106927664800093,8.000550323297113e-6,8.000549280257442e-6,8.00497526781821e-6
13.07,0.0037,0.00028100679409841776,7.998711529613588e-6,7.998710487704382e-6,8.00497526781821e-6
13.07,0.0037,0.00046159555869258604,7.996108059552376e-6,7.996107018595045e-6,8.00497526781821e-6
13.07,0.0037,0.0007582395311413588,7.99242119752942e-6,7.992420156670747e-6,8.00497526781821e-6
13.07,0.0037,0.00124552148684853,7.987198479868728e-6,7.987197443676566e-6,8.00497526781821e-6
13.07,0.0037,0.002045954755044497,7.979796442472419e-6,7.979795403164177e-6,8.00497526781821e-6
13.07,0.0037,0.0033607857462825456,7.96929750921039e-6,7.969296482547283e-6,8.00497526781821e-6
13.07,0.0037,0.005520591696647901,7.954387808713989e-6,7.954386775976349e-6,8.00497526781821e-6
13.07,0.0037,0.009068395006973916,7.93317441868652e-6,7.933173409159684e-6,8.00497526781821e-6
13.07,0.0037,0.01489619093772919,7.902905886496384e-6,7.902904879473458e-6,8.00497526781821e-6
13.07,0.0037,0.024469214704767362,7.859533662859025e-6,7.859532680401394e-6,8.00497526781821e-6
13.07,0.0037,0.04019433362333615,7.797005687633126e-6,7.797004766162376e-6,8.00497526781821e-6
13.07,0.0037,0.06602518613354949,7.706104935960144e-6,7.706103987975935e-6,8.00497526781821e-6
13.07,0.0037,0.1084562128786955,7.572527273240615e-6,7.572526601916949e-6,8.00497526781821e-6
13.07,0.0037,0.17815550096589414,7.373760908623102e-6,7.373760044230481e-6,8.00497526781821e-6
13.07,0.0037,0.292646974128703,7.074338959976994e-6,7.074338818543998e-6,8.00497526781821e-6
13.07,0.0037,0.480716289995901,6.619689367836201e-6,6.619688967573178e-6,8.00497526781821e-6
13.07,0.0037,0.789648183294706,5.931226421633877e-6,5.931226752679975e-6,8.00497526781821e-6
13.07,0.0037,1.297114881182717,4.910448149694195e-6,4.910448593691281e-6,8.00497526781821e-6
13.07,0.0037,2.1307045980472066,3.4591626770858996e-6,3.4591628164084673e-6,8.00497526781821e-6
13.07,0.0037,3.5000000000000004,1.3749629983131402e-6,1.3749629366733554e-6,8.00497526781821e-6
13.07,0.0037,3.8,8.223762901840447e-7,8.22376271783535e-7,8.00497526781821e-6
13.07,0.0037,3.98,2.515751085781447e-7,2.515750623087656e-7,8.00497526781821e-6
13.07,0.0037,3.9998,2.506629645184223e-8,2.5066292018318297e-8,8.00497526781821e-6
13.07,0.0127,1.0000000000000001e-7,7.677660079293468e-6,7.67765906032253e-6,7.677683289196358e-6
13.07,0.0127,1.6426491045299075e-7,7.677650437733558e-6,7.677649418765403e-6,7.677683289196358e-6
13.07,0.0127,2.698296080612907e-7,7.677636790998695e-6,7.677635772039152e-6,7.677683289196358e-6
13.07,0.0127,4.432353640575351e-7,7.677617475307147e-6,7.677616456342671e-6,7.677683289196358e-6
13.07,0.0127,7.280801738650976e-7,7.677590135725605e-6,7.677589116789027e-6,7.677683289196358e-6
13.07,0.0127,1.1959802456254818e-6,7.67755143905348e-6,7.677550420099235e-6,7.677683289196358e-6
13.07,0.0127,1.9645758795121526e-6,7.677496667428752e-6,7.677495648531081e-6,7.677683289196358e-6
13.07,0.0127,3.227108809261693e-6,7.677419143095194e-6,7.67741812418297e-6,7.677683289196358e-6
13.07,0.0127,5.301007395754297e-6,7.677309414168392e-6,7.677308395324324e-6,7.677683289196358e-6
13.07,0.0127,8.707695051742211e-6,7.677154102058016e-6,7.677153083264372e-6,7.677683289196358e-6
13.07,0.0127,1.4303687479263852e-5,7.676934269858899e-6,7.676933251073576e-6,7.677683289196358e-6
13.07,0.0127,2.3495939429288417e-5,7.676623112401384e-6,7.67662209387415e-6,7.677683289196358e-6
13.07,0.0127,3.8595583863609565e-5,7.676182685447045e-6,7.676181666742704e-6,7.677683289196358e-6
13.07,0.0127,6.33990012723672e-5,7.675559273216853e-6,7.675558255190436e-6,7.677683289196358e-6
13.07,0.0127,0.00010414231266814445,7.674676824792109e-6,7.674675806422098e-6,7.677683289196358e-6
13.07,0.0127,0.00017106927664800093,7.67342764848415e-6,7.673426631242572e-6,7.677683289196358e-6
13.07,0.0127,0.00028100679409841776,7.67165920533516e-6,7.671658188124208e-6,7.677683289196358e-6
13.07,0.0127,0.00046159555869258604,7.66915533652772e-6,7.66915432027691e-6,7.677683289196358e-6
13.07,0.0127,0.0007582395311413588,7.665609511673928e-6,7.665608497449409e-6,7.677683289196358e-6
13.07,0.0127,0.00124552148684853,7.660586557752828e-6,7.660585542569304e-6,7.677683289196358e-6
13.07,0.0127,0.002045954755044497,7.653467582522917e-6,7.65346657478292e-6,7.677683289196358e-6
13.07,0.0127,0.0033607857462825456,7.643370010254867e-6,7.643368997508311e-6,7.677683289196358e-6
13.07,0.0127,0.005520591696647901,7.629030002506398e-6,7.62902900725347e-6,7.677683289196358e-6
13.07,0.0127,0.009068395006973916,7.608626543337236e-6,7.608625542212485e-6,7.677683289196358e-6
13.07,0.0127,0.01489619093772919,7.579512336453228e-6,7.579511362748786e-6,7.677683289196358e-6
13.07,0.0127,0.024469214704767362,7.5377913780293056e-6,7.537790419842034e-6,7.677683289196358e-6
13.07,0.0127,0.04019433362333615,7.4776383335069384e-6,7.477637390542665e-6,7.677683289196358e-6
13.07,0.0127,0.06602518613354949,7.39017931037983e-6,7.3901784912365416e-6,7.677683289196358e-6
13.07,0.0127,0.1084562128786955,7.261639834206608e-6,7.261638926963881e-6,7.677683289196358e-6
13.07,0.0127,0.17815550096589414,7.070340081157857e-6,7.0703396299120296e-6,7.677683289196358e-6
13.07,0.0127,0.292646974128703,6.782131145619503e-6,6.7821304088132076e-6,7.677683289196358e-6
13.07,0.0127,0.480716289995901,6.344508245216062e-6,6.344508375026962e-6,7.677683289196358e-6
13.07,0.0127,0.789648183294706,5.681998086397741e-6,5.681998041389456e-6,7.677683289196358e-6
13.07,0.0127,1.297114881182717,4.700399343256465e-6,4.700399624121422e-6,7.677683289196358e-6
13.07,0.0127,2.1307045980472066,3.3069034484705487e-6,3.3069038117371122e-6,7.677683289196358e-6
13.07,0.0127,3.5000000000000004,1.3117664504911859e-6,1.3117664947556835e-6,7.677683289196358e-6
13.07,0.0127,3.8,7.842443437163162e-7,7.84244316339459e-7,7.677683289196358e-6
13.07,0.0127,3.98,2.3984982914503886e-7,2.3984985609613424e-7,7.677683289196358e-6
13.07,0.0127,3.9998,2.389736405727938e-8,2.3897366316594578e-8,7.677683289196358e-6
13.07,0.047,1.0000000000000001e-7,6.578615319609152e-6,6.57861444153861e-6,6.578635413048846e-6
13.07,0.047,1.6426491045299075e-7,6.578606972650338e-6,6.578606094587427e-6,6.578635413048846e-6
13.07,0.047,2.698296080612907e-7,6.578595158303322e-6,6.578594280240389e-6,6.578635413048846e-6
13.07,0.047,4.432353640575351e-7,6.578578436187232e-6,6.578577558130988e-6,6.578635413048846e-6
13.07,0.047,7.280801738650976e-7,6.578554767572436e-6,6.578553889528912e-6,6.578635413048846e-6
13.07,0.047,1.1959802456254818e-6,6.578521266816566e-6,6.578520388767439e-6,6.578635413048846e-6
13.07,0.047,1.9645758795121526e-6,6.578473849537617e-6,6.57847297153462e-6,6.578635413048846e-6
13.07,0.047,3.227108809261693e-6,6.5784067346183735e-6,6.5784058565847454e-6,6.578635413048846e-6
13.07,0.047,5.301007395754297e-6,6.578311739299496e-6,6.57831086136744e-6,6.578635413048846e-6
13.07,0.047,8.707695051742211e-6,6.578177281356156e-6,6.578176403389095e-6,6.578635413048846e-6
13.07,0.047,1.4303687479263852e-5,6.57798696655676e-6,6.577986088726802e-6,6.578635413048846e-6
13.07,0.047,2.3495939429288417e-5,6.57771758884655e-6,6.577716711077715e-6,6.578635413048846e-6
13.07,0.047,3.8595583863609565e-5,6.577336298653513e-6,6.577335420940417e-6,6.578635413048846e-6
13.07,0.047,6.33990012723672e-5,6.57679659227082e-6,6.576795714963988e-6,6.578635413048846e-6
13.07,0.047,0.00010414231266814445,6.576032629201947e-6,6.576031751630399e-6,6.578635413048846e-6
13.07,0.047,0.00017106927664800093,6.57495117518123e-6,6.574950298774538e-6,6.578635413048846e-6
13.07,0.047,0.00028100679409841776,6.5734201670315296e-6,6.573419289968454e-6,6.578635413048846e-6
13.07,0.047,0.00046159555869258604,6.571252456379477e-6,6.5712515814500105e-6,6.578635413048846e-6
13.07,0.047,0.0007582395311413588,6.568182640184783e-6,6.568181765032929e-6,6.578635413048846e-6
13.07,0.047,0.00124552148684853,6.5638339065251195e-6,6.5638330335918495e-6,6.578635413048846e-6
13.07,0.047,0.002045954755044497,6.557670304608627e-6,6.557669434720232e-6,6.578635413048846e-6
13.07,0.047,0.0033607857462825456,6.548927410439456e-6,6.548926539758409e-6,6.578635413048846e-6
13.07,0.047,0.005520591696647901,6.536510302712922e-6,6.536509445292197e-6,6.578635413048846e-6
13.07,0.047,0.009068395006973916,6.518840771944648e-6,6.518839905334548e-6,6.578635413048846e-6
13.07,0.047,0.01489619093772919,6.493623314044138e-6,6.493622483940764e-6,6.578635413048846e-6
13.07,0.047,0.024469214704767362,6.457477327632156e-6,6.45747648228275e-6,6.578635413048846e-6
13.07,0.047,0.04019433362333615,6.4053438403342274e-6,6.4053430651577516e-6,6.578635413048846e-6
13.07,0.047,0.06602518613354949,6.3295093594816914e-6,6.329508607932444e-6,6.578635413048846e-6
13.07,0.047,0.1084562128786955,6.217991434928983e-6,6.217990746165889e-6,6.578635413048846e-6
13.07,0.047,0.17815550096589414,6.051925829048148e-6,6.0519253966888705e-6,6.578635413048846e-6
13.07,0.047,0.292646974128703,5.8016231121586785e-6,5.801622512592124e-6,6.578635413048846e-6
13.07,0.047,0.480716289995901,5.42156558110242e-6,5.421565818450823e-6,6.578635413048846e-6
13.07,0.047,0.789648183294706,4.846769818549014e-6,4.8467695031996015e-6,6.578635413048846e-6
13.07,0.047,1.297114881182717,3.9974359867124495e-6,3.997436550886976e-6,6.578635413048846e-6
13.07,0.047,2.1307045980472066,2.7985150552738517e-6,2.7985152538919436e-6,6.578635413048846e-6
13.07,0.047,3.5000000000000004,1.1015436242189402e-6,1.1015435555949253e-6,6.578635413048846e-6
13.07,0.047,3.8,6.575000596107499e-7,6.575001022493287e-7,6.578635413048846e-6
13.07,0.047,3.98,2.0089544416131784e-7,2.008954409277214e-7,6.578635413048846e-6
13.07,0.047,3.9998,2.0014072911894058e-8,2.0014071812973745e-8,6.578635413048846e-6
13.07,0.173,1.0000000000000001e-7,3.945985054509593e-6,3.945984414558799e-6,3.945997554792092e-6
13.07,0.173,1.6426491045299075e-7,3.945979861802579e-6,3.945979221849688e-6,3.945997554792092e-6
13.07,0.173,2.698296080612907e-7,3.94597251200667e-6,3.9459718720618084e-6,3.945997554792092e-6
13.07,0.173,4.432353640575351e-7,3.945962109049655e-6,3.945961469100923e-6,3.945997554792092e-6
13.07,0.173,7.280801738650976e-7,3.94594738462165e-6,3.945946744686014e-6,3.945997554792092e-6
13.07,0.173,1.1959802456254818e-6,3.945926543541079e-6,3.945925903606303e-6,3.945997554792092e-6
13.07,0.173,1.9645758795121526e-6,3.945897044879437e-6,3.945896404955332e-6,3.945997554792092e-6
13.07,0.173,3.227108809261693e-6,3.945855292152005e-6,3.945854652252112e-6,3.945997554792092e-6
13.07,0.173,5.301007395754297e-6,3.9457961947842745e-6,3.945795554872748e-6,3.945997554792092e-6
13.07,0.173,8.707695051742211e-6,3.945712547345454e-6,3.945711907517501e-6,3.945997554792092e-6
13.07,0.173,1.4303687479263852e-5,3.9455941507659415e-6,3.945593510884321e-6,3.945997554792092e-6
13.07,0.173,2.3495939429288417e-5,3.945426568167595e-6,3.94542592846422e-6,3.945997554792092e-6
13.07,0.173,3.8595583863609565e-5,3.945189363087415e-6,3.945188723330181e-6,3.945997554792092e-6
13.07,0.173,6.33990012723672e-5,3.9448536040798786e-6,3.944852964554134e-6,3.945997554792092e-6
13.07,0.173,0.00010414231266814445,3.944378328666045e-6,3.944377689269966e-6,3.945997554792092e-6
13.07,0.173,0.00017106927664800093,3.943705529136619e-6,3.943704889814234e-6,3.945997554792092e-6
13.07,0.173,0.00028100679409841776,3.94275303436972e-6,3.942752395807725e-6,3.945997554792092e-6
13.07,0.173,0.00046159555869258604,3.941404386954967e-6,3.9414037478951734e-6,3.945997554792092e-6
13.07,0.173,0.0007582395311413588,3.939494407408321e-6,3.939493770478601e-6,3.945997554792092e-6
13.07,0.173,0.00124552148684853,3.936788519726254e-6,3.9367878816570525e-6,3.945997554792092e-6
13.07,0.173,0.002045954755044497,3.932952949536665e-6,3.932952315359343e-6,3.945997554792092e-6
13.07,0.173,0.0033607857462825456,3.92751135193485e-6,3.927510717597077e-6,3.945997554792092e-6
13.07,0.173,0.005520591696647901,3.919780823745794e-6,3.919780193530995e-6,3.945997554792092e-6
13.07,0.173,0.009068395006973916,3.908775747457829e-6,3.908775124185363e-6,3.945997554792092e-6
13.07,0.173,0.01489619093772919,3.893059915714191e-6,3.893059290322775e-6,3.945997554792092e-6
13.07,0.173,0.024469214704767362,3.870513088296403e-6,3.870512495204221e-6,3.945997554792092e-6
13.07,0.173,0.04019433362333615,3.837953036020197e-6,3.837952419948201e-6,3.945997554792092e-6
13.07,0.173,0.06602518613354949,3.790512587508269e-6,3.7905120702560842e-6,3.945997554792092e-6
13.07,0.173,0.1084562128786955,3.720611592944775e-6,3.7206110356089683e-6,3.945997554792092e-6
13.07,0.173,0.17815550096589414,3.616308485747991e-6,3.616308116153345e-6,3.945997554792092e-6
13.07,0.173,0.292646974128703,3.458870309210502e-6,3.458870004734826e-6,3.945997554792092e-6
13.07,0.173,0.480716289995901,3.2198809590464758e-6,3.219880738966616e-6,3.945997554792092e-6
13.07,0.173,0.789648183294706,2.8597858386527746e-6,2.8597860416389858e-6,3.945997554792092e-6
13.07,0.173,1.297114881182717,2.3329279603529158e-6,2.33292783623364e-6,3.945997554792092e-6
13.07,0.173,2.1307045980472066,1.6041749683455853e-6,1.6041751349383586e-6,3.945997554792092e-6
13.07,0.173,3.5000000000000004,6.139469047509766e-7,6.139469652400379e-7,3.945997554792092e-6
13.07,0.173,3.8,3.643260409106731e-7,3.643259516987864e-7,3.945997554792092e-6
13.07,0.173,3.98,1.1093525353280293e-7,1.109352582438918e-7,3.945997554792092e-6
13.07,0.173,3.9998,1.104769638273112e-8,1.1047697231924736e-8,3.945997554792092e-6
13.07,0.61,1.0000000000000001e-7,1.091413562567059e-6,1.0914133164775318e-6,1.0914174320223324e-6
13.07,0.61,1.6426491045299075e-7,1.0914119551674786e-6,1.0914117090780273e-6,1.0914174320223324e-6
13.07,0.61,2.698296080612907e-7,1.0914096800420887e-6,1.0914094339547735e-6,1.0914174320223324e-6
13.07,0.61,4.432353640575351e-7,1.0914064598119932e-6,1.0914062137232546e-6,1.0914174320223324e-6
13.07,0.61,7.280801738650976e-7,1.0914019018719961e-6,1.0914016557882177e-6,1.0914174320223324e-6
13.07,0.61,1.1959802456254818e-6,1.0913954505232655e-6,1.0913952044375633e-6,1.0914174320223324e-6
13.07,0.61,1.9645758795121526e-6,1.0913863192195768e-6,1.0913860731410532e-6,1.0914174320223324e-6
13.07,0.61,3.227108809261693e-6,1.0913733946635697e-6,1.0913731485871982e-6,1.0914174320223324e-6
13.07,0.61,5.301007395754297e-6,1.0913551010532696e-6,1.0913548549809757e-6,1.0914174320223324e-6
13.07,0.61,8.707695051742211e-6,1.0913292079110991e-6,1.0913289618569222e-6,1.0914174320223324e-6
13.07,0.61,1.4303687479263852e-5,1.0912925580271084e-6,1.0912923119620873e-6,1.0914174320223324e-6
13.07,0.61,2.3495939429288417e-5,1.0912406822575988e-6,1.0912404362473895e-6,1.0914174320223324e-6
13.07,0.61,3.8595583863609565e-5,1.0911672540089587e-6,1.091167007966607e-6,1.0914174320223324e-6
13.07,0.61,6.33990012723672e-5,1.0910633164236022e-6,1.0910630704865587e-6,1.0914174320223324e-6
13.07,0.61,0.00010414231266814445,1.0909161869626772e-6,1.0909159410073945e-6,1.0914174320223324e-6
13.07,0.61,0.00017106927664800093,1.090707903361757e-6,1.0907076575244637e-6,1.0914174320223324e-6
13.07,0.61,0.00028100679409841776,1.0904130158816102e-6,1.0904127701646403e-6,1.0914174320223324e-6
13.07,0.61,0.00046159555869258604,1.089995444012528e-6,1.0899951982868503e-6,1.0914174320223324e-6
13.07,0.61,0.0007582395311413588,1.0894039859325475e-6,1.0894037407513618e-6,1.0914174320223324e-6
13.07,0.61,0.00124552148684853,1.0885658697289187e-6,1.0885656241810466e-6,1.0914174320223324e-6
13.07,0.61,0.002045954755044497,1.087377419741827e-6,1.0873771756105376e-6,1.0914174320223324e-6
13.07,0.61,0.0033607857462825456,1.0856903931074049e-6,1.0856901483394178e-6,1.0914174320223324e-6
13.07,0.61,0.005520591696647901,1.083291659275966e-6,1.0832914169858858e-6,1.0914174320223324e-6
13.07,0.61,0.009068395006973916,1.0798723474908238e-6,1.0798721056623969e-6,1.0914174320223324e-6
13.07,0.61,0.01489619093772919,1.0749798256116377e-6,1.0749795861658045e-6,1.0914174320223324e-6
13.07,0.61,0.024469214704767362,1.0679409650026786e-6,1.06794073276864e-6,1.0914174320223324e-6
13.07,0.61,0.04019433362333615,1.0577367250491696e-6,1.0577364893102332e-6,1.0914174320223324e-6
13.07,0.61,0.06602518613354949,1.042794912593993e-6,1.0427947089359376e-6,1.0914174320223324e-6
13.07,0.61,0.1084562128786955,1.0206516993152333e-6,1.0206514741017426e-6,1.0914174320223324e-6
13.07,0.61,0.17815550096589414,9.874270523639778e-7,9.874269156712422e-7,1.0914174320223324e-6
13.07,0.61,0.292646974128703,9.371157151682321e-7,9.371155529959155e-7,1.0914174320223324e-6
13.07,0.61,0.480716289995901,8.609498541751281e-7,8.609498033041267e-7,1.0914174320223324e-6
13.07,0.61,0.789648183294706,7.477873168573609e-7,7.477873169463189e-7,1.0914174320223324e-6
13.07,0.61,1.297114881182717,5.876569688859195e-7,5.876569394550941e-7,1.0914174320223324e-6
13.07,0.61,2.1307045980472066,3.8026303989054345e-7,3.8026305431670017e-7,1.0914174320223324e-6
13.07,0.61,3.5000000000000004,1.3247896996178553e-7,1.3247897743958638e-7,1.0914174320223324e-6
13.07,0.61,3.8,7.71098828358289e-8,7.71098409285376e-8,1.0914174320223324e-6
13.07,0.61,3.98,2.3214227080652034e-8,2.321422970187205e-8,1.0914174320223324e-6
13.07,0.61,3.9998,2.308969909217548e-9,2.3089702293389166e-9,1.0914174320223324e-6
13.07,1.73,1.0000000000000001e-7,1.8621499303750956e-7,1.8621496655514162e-7,1.862158172339737e-7
13.07,1.73,1.6426491045299075e-7,1.862146506603136e-7,1.8621462419836674e-7,1.862158172339737e-7
13.07,1.73,2.698296080612907e-7,1.8621416605700227e-7,1.8621413959454686e-7,1.862158172339737e-7
13.07,1.73,4.432353640575351e-7,1.8621348014556795e-7,1.8621345368365517e-7,1.862158172339737e-7
13.07,1.73,7.280801738650976e-7,1.862125093005585e-7,1.8621248283800577e-7,1.862158172339737e-7
13.07,1.73,1.1959802456254818e-6,1.8621113515708225e-7,1.8621110869570301e-7,1.862158172339737e-7
13.07,1.73,1.9645758795121526e-6,1.8620919017869968e-7,1.8620916371648154e-7,1.862158172339737e-7
13.07,1.73,3.227108809261693e-6,1.8620643722867303e-7,1.862064107677639e-7,1.862158172339737e-7
13.07,1.73,5.301007395754297e-6,1.8620254065163871e-7,1.8620251419099635e-7,1.862158172339737e-7
13.07,1.73,8.707695051742211e-6,1.861970253347213e-7,1.8619699887350575e-7,1.862158172339737e-7
13.07,1.73,1.4303687479263852e-5,1.861892187446607e-7,1.861891922880151e-7,1.862158172339737e-7
13.07,1.73,2.3495939429288417e-5,1.8617816884609665e-7,1.861781423831056e-7,1.862158172339737e-7
13.07,1.73,3.8595583863609565e-5,1.861625278292468e-7,1.8616250138001663e-7,1.862158172339737e-7
13.07,1.73,6.33990012723672e-5,1.8614038732372244e-7,1.861403608609076e-7,1.862158172339737e-7
13.07,1.73,0.00010414231266814445,1.8610904467161723e-7,1.861090182321102e-7,1.862158172339737e-7
13.07,1.73,0.00017106927664800093,1.8606467100005221e-7,1.860646445501228e-7,1.862158172339737e-7
13.07,1.73,0.00028100679409841776,1.8600183889675386e-7,1.8600181246231048e-7,1.862158172339737e-7
13.07,1.73,0.00046159555869258604,1.8591284821596064e-7,1.8591282180992903e-7,1.862158172339737e-7
13.07,1.73,0.0007582395311413588,1.8578675913174011e-7,1.8578673268299623e-7,1.862158172339737e-7
13.07,1.73,0.00124552148684853,1.85607995304312e-7,1.8560796900318497e-7,1.862158172339737e-7
13.07,1.73,0.002045954755044497,1.853543046682532e-7,1.853542781902355e-7,1.862158172339737e-7
13.07,1.73,0.0033607857462825456,1.8499373799427805e-7,1.8499371190303718e-7,1.862158172339737e-7
13.07,1.73,0.005520591696647901,1.8448008314569489e-7,1.84480056775364e-7,1.862158172339737e-7
13.07,1.73,0.009068395006973916,1.837457971910688e-7,1.8374577146175927e-7,1.862158172339737e-7
13.07,1.73,0.01489619093772919,1.8269077277931687e-7,1.8269074717735042e-7,1.862158172339737e-7
13.07,1.73,0.024469214704767362,1.8116405067477373e-7,1.8116402537523677e-7,1.862158172339737e-7
13.07,1.73,0.04019433362333615,1.7893362239837792e-7,1.7893359999384468e-7,1.862158172339737e-7
13.07,1.73,0.06602518613354949,1.75636855442575e-7,1.756368301002592e-7,1.862158172339737e-7
13.07,1.73,0.1084562128786955,1.7070246630222158e-7,1.7070245366570378e-7,1.862158172339737e-7
13.07,1.73,0.17815550096589414,1.6324102135961723e-7,1.6324099781538021e-7,1.862158172339737e-7
13.07,1.73,0.292646974128703,1.5193389615112577e-7,1.5193390058328383e-7,1.862158172339737e-7
13.07,1.73,0.480716289995901,1.3505101701370305e-7,1.3505100973479197e-7,1.862158172339737e-7
13.07,1.73,0.789648183294706,1.1093427465225349e-7,1.109342811848832e-7,1.862158172339737e-7
13.07,1.73,1.297114881182717,7.945502006618298e-8,7.945502688274499e-8,1.862158172339737e-7
13.07,1.73,2.1307045980472066,4.428399785214796e-8,4.428398630080387e-8,1.862158172339737e-7
13.07,1.73,3.5000000000000004,1.2309955670014536e-8,1.2309931501244745e-8,1.862158172339737e-7
13.07,1.73,3.8,6.847389170322808e-9,6.847383438992771e-9,1.862158172339737e-7
13.07,1.73,3.98,2.0076699213435097e-9,2.007663954390487e-9,1.862158172339737e-7
13.07,1.73,3.9998,1.9911764639571168e-10,1.9911705358117175e-10,1.862158172339737e-7
13.07,4.71,1.0000000000000001e-7,2.1415802144409755e-8,2.141547300806211e-8,2.1415949819745607e-8
13.07,4.71,1.6426491045299075e-7,2.141575705875728e-8,2.1415427918455828e-8,2.1415949819745607e-8
13.07,4.71,2.698296080612907e-7,2.1415676984376075e-8,2.1415347847620217e-8,2.1415949819745607e-8
13.07,4.71,4.432353640575351e-7,2.141556364639393e-8,2.1415234509380027e-8,2.1415949819745607e-8
13.07,4.71,7.280801738650976e-7,2.141540322669551e-8,2.1415074089061713e-8,2.1415949819745607e-8
13.07,4.71,1.1959802456254818e-6,2.141517616678538e-8,2.1414847028608195e-8,2.1415949819745607e-8
13.07,4.71,1.9645758795121526e-6,2.1414854782881822e-8,2.1414525643556685e-8,2.1415949819745607e-8
13.07,4.71,3.227108809261693e-6,2.1414399889895442e-8,2.1414070749284764e-8,2.1415949819745607e-8
13.07,4.71,5.301007395754297e-6,2.1413756022043017e-8,2.141342687946414e-8,2.1415949819745607e-8
13.07,4.71,8.707695051742211e-6,2.1412844665902606e-8,2.141251552020998e-8,2.1415949819745607e-8
13.07,4.71,1.4303687479263852e-5,2.1411554677448676e-8,2.1411225528441748e-8,2.1415949819745607e-8
13.07,4.71,2.3495939429288417e-5,2.1409728706824232e-8,2.1409399550783255e-8,2.1415949819745607e-8
13.07,4.71,3.8595583863609565e-5,2.1407143957705098e-8,2.140681479557491e-8,2.1415949819745607e-8
13.07,4.71,6.33990012723672e-5,2.1403484894264618e-8,2.1403155718065047e-8,2.1415949819745607e-8
13.07,4.71,0.00010414231266814445,2.1398304474638e-8,2.139797528485949e-8,2.1415949819745607e-8
13.07,4.71,0.00017106927664800093,2.1390968972974245e-8,2.139063975746915e-8,2.1415949819745607e-8
13.07,4.71,0.00028100679409841776,2.1380579187221455e-8,2.1380249937558704e-8,2.1415949819745607e-8
13.07,4.71,0.00046159555869258604,2.1365857364290787e-8,2.1365528068292762e-8,2.1415949819745607e-8
13.07,4.71,0.0007582395311413588,2.1344983705062355e-8,2.134465432162899e-8,2.1415949819745607e-8
13.07,4.71,0.00124552148684853,2.131535736562151e-8,2.1315027889227352e-8,2.1415949819745607e-8
13.07,4.71,0.002045954755044497,2.1273241692803787e-8,2.127291199557957e-8,2.1415949819745607e-8
13.07,4.71,0.0033607857462825456,2.1213226861903724e-8,2.121289692260433e-8,2.1415949819745607e-8
13.07,4.71,0.005520591696647901,2.1127395678928818e-8,2.1127065168249333e-8,2.1415949819745607e-8
13.07,4.71,0.009068395006973916,2.1003993789428654e-8,2.100366245832769e-8,2.1415949819745607e-8
13.07,4.71,0.01489619093772919,2.082525938772023e-8,2.082492643034375e-8,2.1415949819745607e-8
13.07,4.71,0.024469214704767362,2.056383486190809e-8,2.056349882800745e-8,2.1415949819745607e-8
13.07,4.71,0.04019433362333615,2.0176882464607314e-8,2.017654144288526e-8,2.1415949819745607e-8
13.07,4.71,0.06602518613354949,1.9596875805942926e-8,1.9596523931236195e-8,2.1415949819745607e-8
13.07,4.71,0.1084562128786955,1.8718889584357513e-8,1.8718523035948694e-8,2.1415949819745607e-8
13.07,4.71,0.17815550096589414,1.7388481130444256e-8,1.7388085380695723e-8,2.1415949819745607e-8
13.07,4.71,0.292646974128703,1.540696061922439e-8,1.5406533647910285e-8,2.1415949819745607e-8
13.07,4.71,0.480716289995901,1.2596410336493084e-8,1.2595948137465285e-8,2.1415949819745607e-8
13.07,4.71,0.789648183294706,8.986190189039069e-9,8.985729403783132e-9,2.1415949819745607e-8
13.07,4.71,1.297114881182717,5.095832610204121e-9,5.0954502918518656e-9,2.1415949819745607e-8
13.07,4.71,2.1307045980472066,1.9546565357622746e-9,1.9544369580792314e-9,2.1415949819745607e-8
13.07,4.71,3.5000000000000004,3.1290501430911056e-10,3.1285345881849406e-10,2.1415949819745607e-8
13.07,4.71,3.8,1.5649178708812288e-10,1.5646647996079256e-10,2.1415949819745607e-8
13.07,4.71,3.98,4.3176034169408255e-11,4.31684897933852e-11,2.1415949819745607e-8
13.07,4.71,3.9998,4.2541814631669115e-12,4.25343638430958e-12,2.1415949819745607e-8
13.61,0.00113,1.0000000000000001e-7,5.092809659196884e-6,5.092811180856164e-6,5.092842080040728e-6
13.61,0.00113,1.6426491045299075e-7,5.092796191337814e-6,5.0927977131188085e-6,5.092842080040728e-6
13.61,0.00113,2.698296080612907e-7,5.09277712881994e-6,5.092778650768368e-6,5.092842080040728e-6
13.61,0.00113,4.432353640575351e-7,5.092750147562767e-6,5.0927516697687354e-6,5.092842080040728e-6
13.61,0.00113,7.280801738650976e-7,5.092711958020436e-6,5.092713480544711e-6,5.092842080040728e-6
13.61,0.00113,1.1959802456254818e-6,5.092657904086498e-6,5.092659427141148e-6,5.092842080040728e-6
13.61,0.00113,1.9645758795121526e-6,5.092581395336273e-6,5.092582919028613e-6,5.092842080040728e-6
13.61,0.00113,3.227108809261693e-6,5.092473103315497e-6,5.092474628051617e-6,5.092842080040728e-6
13.61,0.00113,5.301007395754297e-6,5.092319823723932e-6,5.0923213497986764e-6,5.092842080040728e-6
13.61,0.00113,8.707695051742211e-6,5.092102865394849e-6,5.092104393449468e-6,5.092842080040728e-6
13.61,0.00113,1.4303687479263852e-5,5.091795768788103e-6,5.091797299691663e-6,5.092842080040728e-6
13.61,0.00113,2.3495939429288417e-5,5.09136107384668e-6,5.0913626084732085e-6,5.092842080040728e-6
13.61,0.00113,3.8595583863609565e-5,5.09074573860508e-6,5.09074727921491e-6,5.092842080040728e-6
13.61,0.00113,6.33990012723672e-5,5.089874639620229e-6,5.089876187451618e-6,5.092842080040728e-6
13.61,0.00113,0.00010414231266814445,5.088641338270443e-6,5.088642898247335e-6,5.092842080040728e-6
13.61,0.00113,0.00017106927664800093,5.086894934009893e-6,5.0868965088725625e-6,5.092842080040728e-6
13.61,0.00113,0.00028100679409841776,5.084421282401693e-6,5.084422880911862e-6,5.092842080040728e-6
13.61,0.00113,0.00046159555869258604,5.080916022003344e-6,5.080917652458909e-6,5.092842080040728e-6
13.61,0.00113,0.0007582395311413588,5.075945533755253e-6,5.075947209462394e-6,5.092842080040728e-6
13.61,0.00113,0.00124552148684853,5.068889789110129e-6,5.068891534772381e-6,5.092842080040728e-6
13.61,0.00113,0.002045954755044497,5.058857355821286e-6,5.058859190177026e-6,5.092842080040728e-6
13.61,0.00113,0.0033607857462825456,5.044556369373485e-6,5.0445583593711954e-6,5.092842080040728e-6
13.61,0.00113,0.005520591696647901,5.024093772993674e-6,5.024095953464874e-6,5.092842080040728e-6
13.61,0.00113,0.009068395006973916,4.994654745636219e-6,4.994657279124693e-6,5.092842080040728e-6
13.61,0.00113,0.01489619093772919,4.95197946411514e-6,4.951982468795873e-6,5.092842080040728e-6
13.61,0.00113,0.024469214704767362,4.889500534664116e-6,4.889504359900402e-6,5.092842080040728e-6
13.61,0.00113,0.04019433362333615,4.796940030491831e-6,4.796945169020531e-6,5.092842080040728e-6
13.61,0.00113,0.06602518613354949,4.658152177453976e-6,4.658159228059201e-6,5.092842080040728e-6
13.61,0.00113,0.1084562128786955,4.448258886833294e-6,4.4482695400155755e-6,5.092842080040728e-6
13.61,0.00113,0.17815550096589414,4.131249529332192e-6,4.131264268742478e-6,5.092842080040728e-6
13.61,0.00113,0.292646974128703,3.662279216435694e-6,3.662301086653598e-6,5.092842080040728e-6
13.61,0.00113,0.480716289995901,3.00429551615049e-6,3.0043227090654556e-6,5.092842080040728e-6
13.61,0.00113,0.789648183294706,2.1703131314180367e-6,2.170343332819695e-6,5.092842080040728e-6
13.61,0.00113,1.297114881182717,1.2785316993565285e-6,1.2785568117194372e-6,5.092842080040728e-6
13.61,0.00113,2.1307045980472066,5.422020141214342e-7,5.422152061390274e-7,5.092842080040728e-6
13.61,0.00113,3.5000000000000004,1.0839142211303447e-7,1.0839379361977262e-7,5.092842080040728e-6
13.61,0.00113,3.8,5.7067815269097764e-8,5.706908890796209e-8,5.092842080040728e-6
13.61,0.00113,3.98,1.6232297621479506e-8,1.6232606710082338e-8,5.092842080040728e-6
13.61,0.00113,3.9998,1.6047167055820774e-9,1.6047472629615482e-9,5.092842080040728e-6
13.61,0.0037,1.0000000000000001e-7,5.028843083859796e-6,5.02884410068921e-6,5.0288751425487495e-6
13.61,0.0037,1.6426491045299075e-7,5.028829766442527e-6,5.028830783278932e-6,5.0288751425487495e-6
13.61,0.0037,2.698296080612907e-7,5.028810916861189e-6,5.028811933681511e-6,5.0288751425487495e-6
13.61,0.0037,4.432353640575351e-7,5.028784236996217e-6,5.028785253834635e-6,5.0288751425487495e-6
13.61,0.0037,7.280801738650976e-7,5.028746474047281e-6,5.028747490858686e-6,5.0288751425487495e-6
13.61,0.0037,1.1959802456254818e-6,5.02869302391838e-6,5.0286940407501106e-6,5.0288751425487495e-6
13.61,0.0037,1.9645758795121526e-6,5.0286173698020735e-6,5.028618386614695e-6,5.0288751425487495e-6
13.61,0.0037,3.227108809261693e-6,5.028510287445456e-6,5.0285113042387715e-6,5.0288751425487495e-6
13.61,0.0037,5.301007395754297e-6,5.028358720042513e-6,5.0283597368784465e-6,5.0288751425487495e-6
13.61,0.0037,8.707695051742211e-6,5.0281441852067945e-6,5.028145201892045e-6,5.0288751425487495e-6
13.61,0.0037,1.4303687479263852e-5,5.0278405189439295e-6,5.027841535824477e-6,5.0288751425487495e-6
13.61,0.0037,2.3495939429288417e-5,5.0274106795988165e-6,5.027411696113346e-6,5.0288751425487495e-6
13.61,0.0037,3.8595583863609565e-5,5.0268022176087175e-6,5.026803234492985e-6,5.0288751425487495e-6
13.61,0.0037,6.33990012723672e-5,5.025940848465525e-6,5.025941864882974e-6,5.0288751425487495e-6
13.61,0.0037,0.00010414231266814445,5.02472132199658e-6,5.024722338617081e-6,5.0288751425487495e-6
13.61,0.0037,0.00017106927664800093,5.022994422106726e-6,5.022995438715261e-6,5.0288751425487495e-6
13.61,0.0037,0.00028100679409841776,5.02054839378913e-6,5.02054940936543e-6,5.0288751425487495e-6
13.61,0.0037,0.00046159555869258604,5.017082269472107e-6,5.017083286860444e-6,5.0288751425487495e-6
13.61,0.0037,0.0007582395311413588,5.012167260440105e-6,5.012168273643634e-6,5.0288751425487495e-6
13.61,0.0037,0.00124552148684853,5.005190234480463e-6,5.005191253510441e-6,5.0288751425487495e-6
13.61,0.0037,0.002045954755044497,4.995269651931369e-6,4.995270662999974e-6,5.0288751425487495e-6
13.61,0.0037,0.0033607857462825456,4.9811279379236865e-6,4.981128959324912e-6,5.0288751425487495e-6
13.61,0.0037,0.005520591696647901,4.960892881652774e-6,4.960893898004272e-6,5.0288751425487495e-6
13.61,0.0037,0.009068395006973916,4.931780480350827e-6,4.9317815022588134e-6,5.0288751425487495e-6
13.61,0.0037,0.01489619093772919,4.889577238487907e-6,4.889578294108804e-6,5.0288751425487495e-6
13.61,0.0037,0.024469214704767362,4.827786716072258e-6,4.827787724357958e-6,5.0288751425487495e-6
13.61,0.0037,0.04019433362333615,4.7362415330450235e-6,4.73624273780422e-6,5.0288751425487495e-6
13.61,0.0037,0.06602518613354949,4.598969738430575e-6,4.598970728607893e-6,5.0288751425487495e-6
13.61,0.0037,0.1084562128786955,4.3913641557062125e-6,4.391365686604114e-6,5.0288751425487495e-6
13.61,0.0037,0.17815550096589414,4.077818582419087e-6,4.077819760074623e-6,5.0288751425487495e-6
13.61,0.0037,0.292646974128703,3.614029407317739e-6,3.614031025354958e-6,5.0288751425487495e-6
13.61,0.0037,0.480716289995901,2.9634965402921165e-6,2.9634979649862325e-6,5.0288751425487495e-6
13.61,0.0037,0.789648183294706,2.13938678651515e-6,2.13938737670913e-6,5.0288751425487495e-6
13.61,0.0037,1.297114881182717,1.2589406561213438e-6,1.2589405690065306e-6,5.0288751425487495e-6
13.61,0.0037,2.1307045980472066,5.330072214583208e-7,5.330070689553977e-7,5.0288751425487495e-6
13.61,0.0037,3.5000000000000004,1.0630975649897129e-7,1.0630926969587223e-7,5.0288751425487495e-6
13.61,0.0037,3.8,5.594828407204263e-8,5.594824546196018e-8,5.0288751425487495e-6
13.61,0.0037,3.98,1.591007094273522e-8,1.5910002162713767e-8,5.0288751425487495e-6
13.61,0.0037,3.9998,1.5728213740337796e-9,1.5728141567361343e-9,5.0288751425487495e-6
13.61,0.0127,1.0000000000000001e-7,4.812794728016545e-6,4.812795733744468e-6,4.812825560068113e-6
13.61,0.0127,1.6426491045299075e-7,4.812781920153481e-6,4.812782925872593e-6,4.812825560068113e-6
13.61,0.0127,2.698296080612907e-7,4.812763791799229e-6,4.812764797529499e-6,4.812825560068113e-6
13.61,0.0127,4.432353640575351e-7,4.8127381327652735e-6,4.812739138473239e-6,4.812825560068113e-6
13.61,0.0127,7.280801738650976e-7,4.812701814710312e-6,4.8127028204402845e-6,4.812825560068113e-6
13.61,0.0127,1.1959802456254818e-6,4.8126504097004315e-6,4.812651415400428e-6,4.812825560068113e-6
13.61,0.0127,1.9645758795121526e-6,4.812577650273657e-6,4.812578655986695e-6,4.812825560068113e-6
13.61,0.0127,3.227108809261693e-6,4.812474665112553e-6,4.8124756708188896e-6,4.812825560068113e-6
13.61,0.0127,5.301007395754297e-6,4.812328896981928e-6,4.812329902629262e-6,4.812825560068113e-6
13.61,0.0127,8.707695051742211e-6,4.8121225706455e-6,4.812123576382311e-6,4.812825560068113e-6
13.61,0.0127,1.4303687479263852e-5,4.811830523138886e-6,4.811831528633435e-6,4.812825560068113e-6
13.61,0.0127,2.3495939429288417e-5,4.8114171299587e-6,4.811418135732189e-6,4.812825560068113e-6
13.61,0.0127,3.8595583863609565e-5,4.810831948047289e-6,4.8108329533568755e-6,4.812825560068113e-6
13.61,0.0127,6.33990012723672e-5,4.810003534427025e-6,4.810004540126253e-6,4.812825560068113e-6
13.61,0.0127,0.00010414231266814445,4.808830664296271e-6,4.808831669558666e-6,4.812825560068113e-6
13.61,0.0127,0.00017106927664800093,4.807169826955702e-6,4.807170832122198e-6,4.812825560068113e-6
13.61,0.0127,0.00028100679409841776,4.8048173606900096e-6,4.804818366299029e-6,4.812825560068113e-6
13.61,0.0127,0.00046159555869258604,4.801483793523084e-6,4.801484797036734e-6,4.812825560068113e-6
13.61,0.0127,0.0007582395311413588,4.796756698215697e-6,4.79675770489327e-6,4.812825560068113e-6
13.61,0.0127,0.00124552148684853,4.79004630269272e-6,4.790047303214706e-6,4.812825560068113e-6
13.61,0.0127,0.002045954755044497,4.78050457817122e-6,4.780505586879473e-6,4.812825560068113e-6
13.61,0.0127,0.0033607857462825456,4.766902358673862e-6,4.766903358143914e-6,4.812825560068113e-6
13.61,0.0127,0.005520591696647901,4.747438059362717e-6,4.7474390704430195e-6,4.812825560068113e-6
13.61,0.0127,0.009068395006973916,4.719432101814034e-6,4.719433114820869e-6,4.812825560068113e-6
13.61,0.0127,0.01489619093772919,4.678827989081335e-6,4.678828996669142e-6,4.812825560068113e-6
13.61,0.0127,0.024469214704767362,4.619369771217612e-6,4.6193708573646424e-6,4.812825560068113e-6
13.61,0.0127,0.04019433362333615,4.531264802179076e-6,4.531265780348672e-6,4.812825560068113e-6
13.61,0.0127,0.06602518613354949,4.399130388071181e-6,4.39913170173175e-6,4.812825560068113e-6
13.61,0.0127,0.1084562128786955,4.199277622612255e-6,4.1992786088338905e-6,4.812825560068113e-6
13.61,0.0127,0.17815550096589414,3.897470498890665e-6,3.897472123706361e-6,4.812825560068113e-6
13.61,0.0127,0.292646974128703,3.451237112376031e-6,3.4512383634200115e-6,4.812825560068113e-6
13.61,0.0127,0.480716289995901,2.825940264909632e-6,2.82594148609892e-6,4.812825560068113e-6
13.61,0.0127,0.789648183294706,2.035241003498151e-6,2.035241904297999e-6,4.812825560068113e-6
13.61,0.0127,1.297114881182717,1.1930966382122192e-6,1.1930966569613667e-6,4.812825560068113e-6
13.61,0.0127,2.1307045980472066,5.021998661502993e-7,5.021990223214826e-7,4.812825560068113e-6
13.61,0.0127,3.5000000000000004,9.93659721973771e-8,9.936593341932128e-8,4.812825560068113e-6
13.61,0.0127,3.8,5.2217014067365524e-8,5.221677213087234e-8,4.812825560068113e-6
13.61,0.0127,3.98,1.483664109198478e-8,1.4836624123514232e-8,4.812825560068113e-6
13.61,0.0127,3.9998,1.466574327094705e-9,1.4665731621753628e-9,4.812825560068113e-6
13.61,0.047,1.0000000000000001e-7,4.091021292255154e-6,4.091022279728767e-6,4.091047984394976e-6
13.61,0.047,1.6426491045299075e-7,4.0910102041419225e-6,4.09101119161504e-6,4.091047984394976e-6
13.61,0.047,2.698296080612907e-7,4.0909945099353605e-6,4.090995497410739e-6,4.091047984394976e-6
13.61,0.047,4.432353640575351e-7,4.090972296214997e-6,4.090973283676905e-6,4.091047984394976e-6
13.61,0.047,7.280801738650976e-7,4.090940854689924e-6,4.090941842169721e-6,4.091047984394976e-6
13.61,0.047,1.1959802456254818e-6,4.090896351975026e-6,4.090897339415876e-6,4.091047984394976e-6
13.61,0.047,1.9645758795121526e-6,4.090833362151902e-6,4.090834349633373e-6,4.091047984394976e-6
13.61,0.047,3.227108809261693e-6,4.09074420506458e-6,4.090745192487227e-6,4.091047984394976e-6
13.61,0.047,5.301007395754297e-6,4.090618009536399e-6,4.0906189969943e-6,4.091047984394976e-6
13.61,0.047,8.707695051742211e-6,4.090439386975265e-6,4.0904403744036925e-6,4.091047984394976e-6
13.61,0.047,1.4303687479263852e-5,4.09018655291613e-6,4.090187540269179e-6,4.091047984394976e-6
13.61,0.047,2.3495939429288417e-5,4.089828665788122e-6,4.0898296532690576e-6,4.091047984394976e-6
13.61,0.047,3.8595583863609565e-5,4.089322054581992e-6,4.089323041668202e-6,4.091047984394976e-6
13.61,0.047,6.33990012723672e-5,4.088604866685018e-6,4.0886058542506866e-6,4.091047984394976e-6
13.61,0.047,0.00010414231266814445,4.087589463357313e-6,4.087590450072255e-6,4.091047984394976e-6
13.61,0.047,0.00017106927664800093,4.08615159056991e-6,4.086152578086536e-6,4.091047984394976e-6
13.61,0.047,0.00028100679409841776,4.084114903600094e-6,4.084115890170424e-6,4.091047984394976e-6
13.61,0.047,0.00046159555869258604,4.081228732863474e-6,4.081229719651469e-6,4.091047984394976e-6
13.61,0.047,0.0007582395311413588,4.077135881692743e-6,4.0771368689663035e-6,4.091047984394976e-6
13.61,0.047,0.00124552148684853,4.071325441945811e-6,4.071326426154666e-6,4.091047984394976e-6
13.61,0.047,0.002045954755044497,4.063062535685016e-6,4.063063525903788e-6,4.091047984394976e-6
13.61,0.047,0.0033607857462825456,4.051281489319899e-6,4.051282468270808e-6,4.091047984394976e-6
13.61,0.047,0.005520591696647901,4.0344193217086125e-6,4.034420320420159e-6,4.091047984394976e-6
13.61,0.047,0.009068395006973916,4.010149393451445e-6,4.010150372073049e-6,4.091047984394976e-6
13.61,0.047,0.01489619093772919,3.974946114260462e-6,3.974947132291811e-6,4.091047984394976e-6
13.61,0.047,0.024469214704767362,3.92336722330366e-6,3.92336824343034e-6,4.091047984394976e-6
13.61,0.047,0.04019433362333615,3.846888555804867e-6,3.846889593967186e-6,4.091047984394976e-6
13.61,0.047,0.06602518613354949,3.732122379581418e-6,3.732123595328371e-6,4.091047984394976e-6
13.61,0.047,0.1084562128786955,3.558487170129119e-6,3.5584881588822834e-6,4.091047984394976e-6
13.61,0.047,0.17815550096589414,3.2963757805761337e-6,3.2963774104942614e-6,4.091047984394976e-6
13.61,0.047,0.292646974128703,2.9094778299502555e-6,2.9094787312359574e-6,4.091047984394976e-6
13.61,0.047,0.480716289995901,2.369345313259468e-6,2.3693468071285017e-6,4.091047984394976e-6
13.61,0.047,0.789648183294706,1.6910499378469933e-6,1.691050603748342e-6,4.091047984394976e-6
13.61,0.047,1.297114881182717,9.770474503677386e-7,9.77047384526503e-7,4.091047984394976e-6
13.61,0.047,2.1307045980472066,4.022519755650766e-7,4.0225148509101785e-7,4.091047984394976e-6
13.61,0.047,3.5000000000000004,7.719990563028822e-8,7.719977587433734e-8,4.091047984394976e-6
13.61,0.047,3.8,4.034233071563704e-8,4.034217891517928e-8,4.091047984394976e-6
13.61,0.047,3.98,1.1426425328406634e-8,1.1426418359445404e-8,4.091047984394976e-6
13.61,0.047,3.9998,1.1290978014784827e-9,1.1290968908763587e-9,4.091047984394976e-6
13.61,0.173,1.0000000000000001e-7,2.390625522313004e-6,2.3906262618990716e-6,2.390642127697743e-6
13.61,0.173,1.6426491045299075e-7,2.390618624312267e-6,2.390619363892973e-6,2.390642127697743e-6
13.61,0.173,2.698296080612907e-7,2.3906088608246645e-6,2.3906096004098247e-6,2.390642127697743e-6
13.61,0.173,4.432353640575351e-7,2.390595041495373e-6,2.390595781075699e-6,2.390642127697743e-6
13.61,0.173,7.280801738650976e-7,2.390575481472855e-6,2.390576221051598e-6,2.390642127697743e-6
13.61,0.173,1.1959802456254818e-6,2.3905477959718344e-6,2.3905485355557995e-6,2.390642127697743e-6
13.61,0.173,1.9645758795121526e-6,2.3905086094705916e-6,2.390509349029751e-6,2.390642127697743e-6
13.61,0.173,3.227108809261693e-6,2.390453144047474e-6,2.39045388363972e-6,2.390642127697743e-6
13.61,0.173,5.301007395754297e-6,2.3903746365728805e-6,2.390375376097008e-6,2.390642127697743e-6
13.61,0.173,8.707695051742211e-6,2.3902635134843558e-6,2.390264253079623e-6,2.390642127697743e-6
13.61,0.173,1.4303687479263852e-5,2.3901062220355374e-6,2.3901069615327604e-6,2.390642127697743e-6
13.61,0.173,2.3495939429288417e-5,2.3898835743832474e-6,2.389884313936283e-6,2.390642127697743e-6
13.61,0.173,3.8595583863609565e-5,2.389568400014875e-6,2.389569139531306e-6,2.390642127697743e-6
13.61,0.173,6.33990012723672e-5,2.38912221435942e-6,2.3891229537279044e-6,2.390642127697743e-6
13.61,0.173,0.00010414231266814445,2.3884904839497263e-6,2.3884912235756492e-6,2.390642127697743e-6
13.61,0.173,0.00017106927664800093,2.3875958804772333e-6,2.3875966193886157e-6,2.390642127697743e-6
13.61,0.173,0.00028100679409841776,2.3863286331369266e-6,2.3863293729565714e-6,2.390642127697743e-6
13.61,0.173,0.00046159555869258604,2.384532651385965e-6,2.384533389718261e-6,2.390642127697743e-6
13.61,0.173,0.0007582395311413588,2.38198539192548e-6,2.381986131806713e-6,2.390642127697743e-6
13.61,0.173,0.00124552148684853,2.3783682872365024e-6,2.378369025627127e-6,2.390642127697743e-6
13.61,0.173,0.002045954755044497,2.373222569507589e-6,2.3732233085335836e-6,2.390642127697743e-6
13.61,0.173,0.0033607857462825456,2.3658818282807874e-6,2.365882569530485e-6,2.390642127697743e-6
13.61,0.173,0.005520591696647901,2.355366405129609e-6,2.3553671403727425e-6,2.390642127697743e-6
13.61,0.173,0.009068395006973916,2.3402137309269193e-6,2.3402144847939003e-6,2.390642127697743e-6
13.61,0.173,0.01489619093772919,2.318200219036067e-6,2.318200946583342e-6,2.390642127697743e-6
13.61,0.173,0.024469214704767362,2.28588272329712e-6,2.285883516458059e-6,2.390642127697743e-6
13.61,0.173,0.04019433362333615,2.237858163229894e-6,2.2378589065947366e-6,2.390642127697743e-6
13.61,0.173,0.06602518613354949,2.1656495462486067e-6,2.165650412667765e-6,2.390642127697743e-6
13.61,0.173,0.1084562128786955,2.056311243564865e-6,2.0563121232030755e-6,2.390642127697743e-6
13.61,0.173,0.17815550096589414,1.8915441592638415e-6,1.891545019017935e-6,2.390642127697743e-6
13.61,0.173,0.292646974128703,1.6498676581842314e-6,1.6498687848596922e-6,2.390642127697743e-6
13.61,0.173,0.480716289995901,1.317084502663725e-6,1.3170850688966122e-6,2.390642127697743e-6
13.61,0.173,0.789648183294706,9.09580222200886e-7,9.095808731043911e-7,2.390642127697743e-6
13.61,0.173,1.297114881182717,4.984423028141771e-7,4.984424637293839e-7,2.390642127697743e-6
13.61,0.173,2.1307045980472066,1.89247300194802e-7,1.892469002836653e-7,2.390642127697743e-6
13.61,0.173,3.5000000000000004,3.2487005415915e-8,3.248692405768658e-8,2.390642127697743e-6
13.61,0.173,3.8,1.663439687846387e-8,1.6634294101873456e-8,2.390642127697743e-6
13.61,0.173,3.98,4.657664309165966e-9,4.65764089729151e-9,2.390642127697743e-6
13.61,0.173,3.9998,4.596797354229232e-10,4.596777007033481e-10,2.390642127697743e-6
13.61,0.61,1.0000000000000001e-7,6.214192143156191e-7,6.214194205126922e-7,6.214243545033676e-7
13.61,0.61,1.6426491045299075e-7,6.214170790427405e-7,6.214172852382699e-7,6.214243545033676e-7
13.61,0.61,2.698296080612907e-7,6.214140567590554e-7,6.214142629570228e-7,6.214243545033676e-7
13.61,0.61,4.432353640575351e-7,6.214097789895807e-7,6.214099851851611e-7,6.214243545033676e-7
13.61,0.61,7.280801738650976e-7,6.214037241863999e-7,6.214039303849277e-7,6.214243545033676e-7
13.61,0.61,1.1959802456254818e-6,6.213951541334369e-7,6.213953603312437e-7,6.214243545033676e-7
13.61,0.61,1.9645758795121526e-6,6.213830239233038e-7,6.213832301201373e-7,6.214243545033676e-7
13.61,0.61,3.227108809261693e-6,6.213658545147886e-7,6.213660607192741e-7,6.214243545033676e-7
13.61,0.61,5.301007395754297e-6,6.213415522966038e-7,6.213417584867632e-7,6.214243545033676e-7
13.61,0.61,8.707695051742211e-6,6.213071535742935e-7,6.21307359791602e-7,6.214243545033676e-7
13.61,0.61,1.4303687479263852e-5,6.21258462634457e-7,6.212586688172944e-7,6.214243545033676e-7
13.61,0.61,2.3495939429288417e-5,6.211895388155863e-7,6.211897450483918e-7,6.214243545033676e-7
13.61,0.61,3.8595583863609565e-5,6.210919690372766e-7,6.210921752331691e-7,6.214243545033676e-7
13.61,0.61,6.33990012723672e-5,6.209538347945655e-7,6.209540410272589e-7,6.214243545033676e-7
13.61,0.61,0.00010414231266814445,6.207582424694232e-7,6.207584487335069e-7,6.214243545033676e-7
13.61,0.61,0.00017106927664800093,6.204812260649126e-7,6.204814322401329e-7,6.214243545033676e-7
13.61,0.61,0.00028100679409841776,6.200887404885411e-7,6.200889469290355e-7,6.214243545033676e-7
13.61,0.61,0.00046159555869258604,6.19532320783406e-7,6.195325268201876e-7,6.214243545033676e-7
13.61,0.61,0.0007582395311413588,6.187427508071739e-7,6.187429575959895e-7,6.214243545033676e-7
13.61,0.61,0.00124552148684853,6.176206940347818e-7,6.176209001025776e-7,6.214243545033676e-7
13.61,0.61,0.002045954755044497,6.160225588402664e-7,6.160227661914608e-7,6.214243545033676e-7
13.61,0.61,0.0033607857462825456,6.137386609836856e-7,6.13738868151104e-7,6.214243545033676e-7
13.61,0.61,0.005520591696647901,6.104585895941268e-7,6.104587975639176e-7,6.214243545033676e-7
13.61,0.61,0.009068395006973916,6.057149355686614e-7,6.057151479998121e-7,6.214243545033676e-7
13.61,0.61,0.01489619093772919,5.987904887362282e-7,5.98790696472059e-7,6.214243545033676e-7
13.61,0.61,0.024469214704767362,5.885658628649418e-7,5.885660937464765e-7,6.214243545033676e-7
13.61,0.61,0.04019433362333615,5.732790242514805e-7,5.732792336265925e-7,6.214243545033676e-7
13.61,0.61,0.06602518613354949,5.501850459200749e-7,5.5018532046812e-7,6.214243545033676e-7
13.61,0.61,0.1084562128786955,5.152011579934537e-7,5.152014005171821e-7,6.214243545033676e-7
13.61,0.61,0.17815550096589414,4.6292267223767593e-7,4.629229846333555e-7,6.214243545033676e-7
13.61,0.61,0.292646974128703,3.880301395337133e-7,3.880304617585783e-7,6.214243545033676e-7
13.61,0.61,0.480716289995901,2.8971273841659875e-7,2.897129683684787e-7,6.214243545033676e-7
13.61,0.61,0.789648183294706,1.7909312326505881e-7,1.790933406504904e-7,6.214243545033676e-7
13.61,0.61,1.297114881182717,8.207625013140626e-8,8.207631720979068e-8,6.214243545033676e-7
13.61,0.61,2.1307045980472066,2.3652335119342363e-8,2.365225365143148e-8,6.214243545033676e-7
13.61,0.61,3.5000000000000004,2.771756124487539e-9,2.7717501671131022e-9,6.214243545033676e-7
13.61,0.61,3.8,1.3248302829380652e-9,1.32481068803425e-9,6.214243545033676e-7
13.61,0.61,3.98,3.569641180532741e-10,3.569613896527523e-10,6.214243545033676e-7
13.61,0.61,3.9998,3.508591261605285e-11,3.508569356735252e-11,6.214243545033676e-7
13.61,1.73,1.0000000000000001e-7,9.927983422214321e-8,9.927984343995014e-8,9.928092908565312e-8
13.61,1.73,1.6426491045299075e-7,9.927937940730062e-8,9.927938862529071e-8,9.928092908565312e-8
13.61,1.73,2.698296080612907e-7,9.927873565810274e-8,9.927874487571757e-8,9.928092908565312e-8
13.61,1.73,4.432353640575351e-7,9.92778244884941e-8,9.927783370693632e-8,9.928092908565312e-8
13.61,1.73,7.280801738650976e-7,9.927653480693126e-8,9.927654402492491e-8,9.928092908565312e-8
13.61,1.73,1.1959802456254818e-6,9.927470936943602e-8,9.92747185883686e-8,9.928092908565312e-8
13.61,1.73,1.9645758795121526e-6,9.92721256020166e-8,9.927213482135631e-8,9.928092908565312e-8
13.61,1.73,3.227108809261693e-6,9.926846844936236e-8,9.926847766845866e-8,9.928092908565312e-8
13.61,1.73,5.301007395754297e-6,9.926329192808066e-8,9.926330115064412e-8,9.928092908565312e-8
13.61,1.73,8.707695051742211e-6,9.925596467073159e-8,9.925597388945529e-8,9.928092908565312e-8
13.61,1.73,1.4303687479263852e-5,9.924559276109427e-8,9.924560198966491e-8,9.928092908565312e-8
13.61,1.73,2.3495939429288417e-5,9.923091031504046e-8,9.923091953568342e-8,9.928092908565312e-8
13.61,1.73,3.8595583863609565e-5,9.921012415334568e-8,9.921013339048953e-8,9.928092908565312e-8
13.61,1.73,6.33990012723672e-5,9.918069291927213e-8,9.918070215210334e-8,9.928092908565312e-8
13.61,1.73,0.00010414231266814445,9.913901211171374e-8,9.913902135654872e-8,9.928092908565312e-8
13.61,1.73,0.00017106927664800093,9.907996305218849e-8,9.907997232166115e-8,9.928092908565312e-8
13.61,1.73,0.00028100679409841776,9.899626284020789e-8,9.899627208489193e-8,9.928092908565312e-8
13.61,1.73,0.00046159555869258604,9.887751854392246e-8,9.887752790001155e-8,9.928092908565312e-8
13.61,1.73,0.0007582395311413588,9.870883230663227e-8,9.87088415541772e-8,9.928092908565312e-8
13.61,1.73,0.00124552148684853,9.846870613109465e-8,9.846871566957265e-8,9.928092908565312e-8
13.61,1.73,0.002045954755044497,9.812582141199704e-8,9.812583079325966e-8,9.928092908565312e-8
13.61,1.73,0.0033607857462825456,9.7633957829668e-8,9.76339677204572e-8,9.928092908565312e-8
13.61,1.73,0.005520591696647901,9.692377112968776e-8,9.692378123586596e-8,9.928092908565312e-8
13.61,1.73,0.009068395006973916,9.588924721168434e-8,9.588925764385224e-8,9.928092908565312e-8
13.61,1.73,0.01489619093772919,9.436535897891917e-8,9.43653719707763e-8,9.928092908565312e-8
13.61,1.73,0.024469214704767362,9.20922857649014e-8,9.20922966783203e-8,9.928092908565312e-8
13.61,1.73,0.04019433362333615,8.866294542307235e-8,8.866296695951685e-8,9.928092908565312e-8
13.61,1.73,0.06602518613354949,8.346218848355571e-8,8.346220203462389e-8,9.928092908565312e-8
13.61,1.73,0.1084562128786955,7.564586695614148e-8,7.564590293728099e-8,9.928092908565312e-8
13.61,1.73,0.17815550096589414,6.430168880706486e-8,6.430171606801064e-8,9.928092908565312e-8
13.61,1.73,0.292646974128703,4.905645382918504e-8,4.9056491598916324e-8,9.928092908565312e-8
13.61,1.73,0.480716289995901,3.126612044397663e-8,3.1266157330503e-8,9.928092908565312e-8
13.61,1.73,0.789648183294706,1.4871789268802883e-8,1.4871802877783258e-8,9.928092908565312e-8
13.61,1.73,1.297114881182717,4.454035162959939e-9,4.454039652061632e-9,9.928092908565312e-8
13.61,1.73,2.1307045980472066,6.580897666263789e-10,6.580909485517498e-10,9.928092908565312e-8
13.61,1.73,3.5000000000000004,2.9875623024185874e-11,2.987397399183898e-11,9.928092908565312e-8
13.61,1.73,3.8,1.2068853031470665e-11,1.2068831589387485e-11,9.928092908565312e-8
13.61,1.73,3.98,2.96627163062836e-12,2.9661724023068955e-12,9.928092908565312e-8
13.61,1.73,3.9998,2.8874666864849024e-13,2.8873582222413136e-13,9.928092908565312e-8
13.61,4.71,1.0000000000000001e-7,1.1074776923776807e-8,1.1074617529964214e-8,1.1074957835664156e-8
13.61,4.71,1.6426491045299075e-7,1.107470177147234e-8,1.1074542379471475e-8,1.1074957835664156e-8
13.61,4.71,2.698296080612907e-7,1.1074595400069687e-8,1.1074436007535219e-8,1.1074957835664156e-8
13.61,4.71,4.432353640575351e-7,1.1074444840540537e-8,1.1074285447602253e-8,1.1074957835664156e-8
13.61,4.71,7.280801738650976e-7,1.1074231735912797e-8,1.1074072342158511e-8,1.1074957835664156e-8
13.61,4.71,1.1959802456254818e-6,1.1073930102402375e-8,1.1073770707703556e-8,1.1074957835664156e-8
13.61,4.71,1.9645758795121526e-6,1.1073503159617801e-8,1.1073343763505349e-8,1.1074957835664156e-8
13.61,4.71,3.227108809261693e-6,1.1072898841972795e-8,1.10727394436101e-8,1.1074957835664156e-8
13.61,4.71,5.301007395754297e-6,1.1072043440833197e-8,1.1071884040046481e-8,1.1074957835664156e-8
13.61,4.71,8.707695051742211e-6,1.1070832594860345e-8,1.1070673189049386e-8,1.1074957835664156e-8
13.61,4.71,1.4303687479263852e-5,1.106911851322544e-8,1.1068959102880685e-8,1.1074957835664156e-8
13.61,4.71,2.3495939429288417e-5,1.1066691835583525e-8,1.1066532415208624e-8,1.1074957835664156e-8
13.61,4.71,3.8595583863609565e-5,1.1063255830299846e-8,1.106309639979058e-8,1.1074957835664156e-8
13.61,4.71,6.33990012723672e-5,1.1058389589494797e-8,1.1058230140424146e-8,1.1074957835664156e-8
13.61,4.71,0.00010414231266814445,1.1051495295721205e-8,1.1051335821322334e-8,1.1074957835664156e-8
13.61,4.71,0.00017106927664800093,1.104172215879053e-8,1.104156264999417e-8,1.1074957835664156e-8
13.61,4.71,0.00028100679409841776,1.1027855612380807e-8,1.1027696038495115e-8,1.1074957835664156e-8
13.61,4.71,0.00046159555869258604,1.1008153625901752e-8,1.1007993979865512e-8,1.1074957835664156e-8
13.61,4.71,0.0007582395311413588,1.0980100289714481e-8,1.097994047535986e-8,1.1074957835664156e-8
13.61,4.71,0.00124552148684853,1.0940026035087424e-8,1.0939866024783287e-8,1.1074957835664156e-8
13.61,4.71,0.002045954755044497,1.0882506661374888e-8,1.0882346197812894e-8,1.1074957835664156e-8
13.61,4.71,0.0033607857462825456,1.0799388198371694e-8,1.0799227058027778e-8,1.1074957835664156e-8
13.61,4.71,0.005520591696647901,1.0678177584527813e-8,1.0678015117021623e-8,1.1074957835664156e-8
13.61,4.71,0.009068395006973916,1.0499388857857366e-8,1.0499223869976529e-8,1.1074957835664156e-8
13.61,4.71,0.01489619093772919,1.0232309994460254e-8,1.0232140993930214e-8,1.1074957835664156e-8
13.61,4.71,0.024469214704767362,9.828867776687894e-9,9.82869030938082e-9,1.1074957835664156e-8
13.61,4.71,0.04019433362333615,9.216776071193197e-9,9.216587838582698e-9,1.1074957835664156e-8
13.61,4.71,0.06602518613354949,8.298171803055347e-9,8.297963866599705e-9,1.1074957835664156e-8
13.61,4.71,0.1084562128786955,6.971423433431003e-9,6.9711990548476975e-9,1.1074957835664156e-8
13.61,4.71,0.17815550096589414,5.207728540406779e-9,5.2074940535130305e-9,1.1074957835664156e-8
13.61,4.71,0.292646974128703,3.193609504227938e-9,3.1933998460091e-9,1.1074957835664156e-8
13.61,4.71,0.480716289995901,1.412988698369514e-9,1.4128486861397262e-9,1.1074957835664156e-8
13.61,4.71,0.789648183294706,3.680229782998269e-10,3.6796582628681245e-10,1.1074957835664156e-8
13.61,4.71,1.297114881182717,4.138120740272786e-11,4.1371180010078715e-11,1.1074957835664156e-8
13.61,4.71,2.1307045980472066,1.2790887852154126e-12,1.2786027325442666e-12,1.1074957835664156e-8
13.61,4.71,3.5000000000000004,5.573512440004856e-15,5.567388414657109e-15,1.1074957835664156e-8
13.61,4.71,3.8,1.478234337562811e-15,1.4774823527399015e-15,1.1074957835664156e-8
13.61,4.71,3.98,2.912334905163367e-16,2.9110860850246725e-16,1.1074957835664156e-8
13.61,4.71,3.9998,2.7714282755208065e-17,2.7701946663087142e-17,1.1074957835664156e-8
14.13,0.00113,1.0000000000000001e-7,2.6778824530411438e-6,2.677882731662365e-6,2.6779250703471305e-6
14.13,0.00113,1.6426491045299075e-7,2.6778647494567974e-6,2.6778650282591874e-6,2.6779250703471305e-6
14.13,0.00113,2.698296080612907e-7,2.67783969160704e-6,2.677839970632122e-6,2.6779250703471305e-6
14.13,0.00113,4.432353640575351e-7,2.6778042243842e-6,2.6778045037603408e-6,2.6779250703471305e-6
14.13,0.00113,7.280801738650976e-7,2.677754023444072e-6,2.6777543032905738e-6,2.6779250703471305e-6
14.13,0.00113,1.1959802456254818e-6,2.6776829677946994e-6,2.6776832483039955e-6,2.6779250703471305e-6
14.13,0.00113,1.9645758795121526e-6,2.677582393084157e-6,2.6775826745890314e-6,2.6779250703471305e-6
14.13,0.00113,3.227108809261693e-6,2.6774400342143956e-6,2.677440316976439e-6,2.6779250703471305e-6
14.13,0.00113,5.301007395754297e-6,2.67723852759773e-6,2.677238812422272e-6,2.6779250703471305e-6
14.13,0.00113,8.707695051742211e-6,2.6769532886946245e-6,2.676953576012207e-6,2.6779250703471305e-6
14.13,0.00113,1.4303687479263852e-5,2.6765495020533075e-6,2.6765497934751328e-6,2.6779250703471305e-6
14.13,0.00113,2.3495939429288417e-5,2.675977847762131e-6,2.6759781443866585e-6,2.6779250703471305e-6
14.13,0.00113,3.8595583863609565e-5,2.6751684226533447e-6,2.675168727148155e-6,2.6779250703471305e-6
14.13,0.00113,6.33990012723672e-5,2.67402206868717e-6,2.6740223842905247e-6,2.6779250703471305e-6
14.13,0.00113,0.00010414231266814445,2.6723979474006537e-6,2.6723982779461392e-6,2.6779250703471305e-6
14.13,0.00113,0.00017106927664800093,2.6700956150810593e-6,2.67009596938186e-6,2.6779250703471305e-6
14.13,0.00113,0.00028100679409841776,2.666828907394466e-6,2.6668292909513927e-6,2.6779250703471305e-6
14.13,0.00113,0.00046159555869258604,2.6621873535388763e-6,2.6621877874761794e-6,2.6779250703471305e-6
14.13,0.00113,0.0007582395311413588,2.6555780825944066e-6,2.655578578759799e-6,2.6779250703471305e-6
14.13,0.00113,0.00124552148684853,2.6461362904830723e-6,2.646136892959076e-6,2.6779250703471305e-6
14.13,0.00113,0.002045954755044497,2.632583609911395e-6,2.6325843589656453e-6,2.6779250703471305e-6
14.13,0.00113,0.0033607857462825456,2.6129985177444194e-6,2.6129994968559044e-6,2.6779250703471305e-6
14.13,0.00113,0.005520591696647901,2.5844381531815285e-6,2.584439516228816e-6,2.6779250703471305e-6
14.13,0.00113,0.009068395006973916,2.542316852205133e-6,2.5423187411465836e-6,2.6779250703471305e-6
14.13,0.00113,0.01489619093772919,2.4794208269139844e-6,2.4794237789540026e-6,2.6779250703471305e-6
14.13,0.00113,0.024469214704767362,2.384495921563846e-6,2.38450016645145e-6,2.6779250703471305e-6
14.13,0.00113,0.04019433362333615,2.240710790849814e-6,2.2407176732860507e-6,2.6779250703471305e-6
14.13,0.00113,0.06602518613354949,2.025466463543204e-6,2.025476311228817e-6,2.6779250703471305e-6
14.13,0.00113,0.1084562128786955,1.7155683860709193e-6,1.7155823851946603e-6,2.6779250703471305e-6
14.13,0.00113,0.17815550096589414,1.3044820345103715e-6,1.3044992197644775e-6,2.6779250703471305e-6
14.13,0.00113,0.292646974128703,8.32899787321229e-7,8.329166893687667e-7,2.6779250703471305e-6
14.13,0.00113,0.480716289995901,4.048044397745616e-7,4.048168702039726e-7,2.6779250703471305e-6
14.13,0.00113,0.789648183294706,1.3119017811091582e-7,1.3119577479550164e-7,2.6779250703471305e-6
14.13,0.00113,1.297114881182717,2.4214715167436563e-8,2.421596765392671e-8,2.6779250703471305e-6
14.13,0.00113,2.1307045980472066,2.174619711022252e-9,2.174743284116514e-9,2.6779250703471305e-6
14.13,0.00113,3.5000000000000004,7.232858797290457e-11,7.232829815328144e-11,2.6779250703471305e-6
14.13,0.00113,3.8,2.8743237222423468e-11,2.8743124867578947e-11,2.6779250703471305e-6
14.13,0.00113,3.98,7.032823064447291e-12,7.0328450196879946e-12,2.6779250703471305e-6
14.13,0.00113,3.9998,6.843985925855404e-13,6.844000692662273e-13,2.6779250703471305e-6
14.13,0.0037,1.0000000000000001e-7,2.6441409493379344e-6,2.6441409621162645e-6,2.6441830905902078e-6
14.13,0.0037,1.6426491045299075e-7,2.6441234435101686e-6,2.6441234563004817e-6,2.6441830905902078e-6
14.13,0.0037,2.698296080612907e-7,2.6440986655671376e-6,2.644098678357664e-6,2.6441830905902078e-6
14.13,0.0037,4.432353640575351e-7,2.6440635945277952e-6,2.6440636073228238e-6,2.6441830905902078e-6
14.13,0.0037,7.280801738650976e-7,2.644013954352149e-6,2.6440139671741813e-6,2.6441830905902078e-6
14.13,0.0037,1.1959802456254818e-6,2.6439436924210193e-6,2.643943705214837e-6,2.6441830905902078e-6
14.13,0.0037,1.9645758795121526e-6,2.6438442411639143e-6,2.6438442540489113e-6,2.6441830905902078e-6
14.13,0.0037,3.227108809261693e-6,2.6437034724820237e-6,2.643703485286542e-6,2.6441830905902078e-6
14.13,0.0037,5.301007395754297e-6,2.643504216729845e-6,2.643504229713624e-6,2.6441830905902078e-6
14.13,0.0037,8.707695051742211e-6,2.6432221639496493e-6,2.643222176855125e-6,2.6441830905902078e-6
14.13,0.0037,1.4303687479263852e-5,2.6428228875059718e-6,2.6428229005987574e-6,2.6441830905902078e-6
14.13,0.0037,2.3495939429288417e-5,2.6422576182124095e-6,2.6422576314452838e-6,2.6441830905902078e-6
14.13,0.0037,3.8595583863609565e-5,2.641457233295741e-6,2.6414572464345514e-6,2.6441830905902078e-6
14.13,0.0037,6.33990012723672e-5,2.6403236813250135e-6,2.640323695330609e-6,2.6441830905902078e-6
14.13,0.0037,0.00010414231266814445,2.638717694741834e-6,2.6387177078636384e-6,2.6441830905902078e-6
14.13,0.0037,0.00017106927664800093,2.636441063670114e-6,2.636441079181598e-6,2.6441830905902078e-6
14.13,0.0037,0.00028100679409841776,2.63321080876866e-6,2.633210822609539e-6,2.6441830905902078e-6
14.13,0.0037,0.00046159555869258604,2.6286210188266956e-6,2.628621036847166e-6,2.6441830905902078e-6
14.13,0.0037,0.0007582395311413588,2.6220853899006426e-6,2.622085407712112e-6,2.6441830905902078e-6
14.13,0.0037,0.00124552148684853,2.612748658802725e-6,2.6127486802595004e-6,2.6441830905902078e-6
14.13,0.0037,0.002045954755044497,2.599346487499336e-6,2.599346520004189e-6,2.6441830905902078e-6
14.13,0.0037,0.0033607857462825456,2.579978305672671e-6,2.57997833022094e-6,2.6441830905902078e-6
14.13,0.0037,0.005520591696647901,2.551733124903663e-6,2.5517332052489884e-6,2.6441830905902078e-6
14.13,0.0037,0.009068395006973916,2.510074670419808e-6,2.5100747044503463e-6,2.6441830905902078e-6
14.13,0.0037,0.01489619093772919,2.447866729730029e-6,2.4478669363049016e-6,2.6441830905902078e-6
14.13,0.0037,0.024469214704767362,2.353976993254991e-6,2.3539771274470318e-6,2.6441830905902078e-6
14.13,0.0037,0.04019433362333615,2.2117604145548205e-6,2.211760820459805e-6,2.6441830905902078e-6
14.13,0.0037,0.06602518613354949,1.9988815588466745e-6,1.998882070264556e-6,2.6441830905902078e-6
14.13,0.0037,0.1084562128786955,1.6924545857186283e-6,1.6924550200563762e-6,2.6441830905902078e-6
14.13,0.0037,0.17815550096589414,1.286143850711485e-6,1.2861447410576934e-6,2.6441830905902078e-6
14.13,0.0037,0.292646974128703,8.203834018598716e-7,8.203835978565436e-7,2.6441830905902078e-6
14.13,0.0037,0.480716289995901,3.980837115440448e-7,3.980839817111744e-7,2.6441830905902078e-6
14.13,0.0037,0.789648183294706,1.2868531992196043e-7,1.2868536370683836e-7,2.6441830905902078e-6
14.13,0.0037,1.297114881182717,2.366026029809751e-8,2.36602088109172e-8,2.6441830905902078e-6
14.13,0.0037,2.1307045980472066,2.1128161139826385e-9,2.1128098120512285e-9,2.6441830905902078e-6
14.13,0.0037,3.5000000000000004,6.975963975790537e-11,6.9758637060533e-11,2.6441830905902078e-6
14.13,0.0037,3.8,2.7689245610094978e-11,2.7688713759933246e-11,2.6441830905902078e-6
14.13,0.0037,3.98,6.770658568242114e-12,6.7707150854624846e-12,2.6441830905902078e-6
14.13,0.0037,3.9998,6.588429578308603e-13,6.588496786220791e-13,2.6441830905902078e-6
14.13,0.0127,1.0000000000000001e-7,2.530198424617729e-6,2.5301984346068063e-6,2.5302389534513907e-6
14.13,0.0127,1.6426491045299075e-7,2.5301815886017666e-6,2.530181598585208e-6,2.5302389534513907e-6
14.13,0.0127,2.698296080612907e-7,2.530157758717355e-6,2.530157768712938e-6,2.5302389534513907e-6
14.13,0.0127,4.432353640575351e-7,2.5301240295721093e-6,2.5301240395735266e-6,2.5302389534513907e-6
14.13,0.0127,7.280801738650976e-7,2.5300762887349507e-6,2.530076298732891e-6,2.5302389534513907e-6
14.13,0.0127,1.1959802456254818e-6,2.5300087151689275e-6,2.5300087252129734e-6,2.5302389534513907e-6
14.13,0.0127,1.9645758795121526e-6,2.5299130691074775e-6,2.5299130791014197e-6,2.5302389534513907e-6
14.13,0.0127,3.227108809261693e-6,2.5297776864757704e-6,2.5297776965986857e-6,2.5302389534513907e-6
14.13,0.0127,5.301007395754297e-6,2.529586054521569e-6,2.5295860645430927e-6,2.5302389534513907e-6
14.13,0.0127,8.707695051742211e-6,2.5293147933123653e-6,2.529314803546578e-6,2.5302389534513907e-6
14.13,0.0127,1.4303687479263852e-5,2.5289307931591815e-6,2.5289308033424297e-6,2.5302389534513907e-6
14.13,0.0127,2.3495939429288417e-5,2.5283871502231428e-6,2.528387160553987e-6,2.5302389534513907e-6
14.13,0.0127,3.8595583863609565e-5,2.5276173849964048e-6,2.5276173956479927e-6,2.5302389534513907e-6
14.13,0.0127,6.33990012723672e-5,2.526527194254551e-6,2.52652720457595e-6,2.5302389534513907e-6
14.13,0.0127,0.00010414231266814445,2.5249826313215085e-6,2.5249826430131496e-6,2.5302389534513907e-6
14.13,0.0127,0.00017106927664800093,2.522793052772622e-6,2.522793063116809e-6,2.5302389534513907e-6
14.13,0.0127,0.00028100679409841776,2.5196862677413483e-6,2.5196862813748916e-6,2.5302389534513907e-6
14.13,0.0127,0.00046159555869258604,2.51527181022617e-6,2.51527182199324e-6,2.5302389534513907e-6
14.13,0.0127,0.0007582395311413588,2.508985622561592e-6,2.5089856392920922e-6,2.5302389534513907e-6
14.13,0.0127,0.00124552148684853,2.5000047648085456e-6,2.500004783329831e-6,2.5302389534513907e-6
14.13,0.0127,0.002045954755044497,2.4871124332368554e-6,2.4871124536915753e-6,2.5302389534513907e-6
14.13,0.0127,0.0033607857462825456,2.468479059928079e-6,2.4684791030567934e-6,2.5302389534513907e-6
14.13,0.0127,0.005520591696647901,2.441301678123665e-6,2.441301700619827e-6,2.5302389534513907e-6
14.13,0.0127,0.009068395006973916,2.4012114265458112e-6,2.4012115462653595e-6,2.5302389534513907e-6
14.13,0.0127,0.01489619093772919,2.3413350704247124e-6,2.34133511524414e-6,2.5302389534513907e-6
14.13,0.0127,0.024469214704767362,2.2509533337547162e-6,2.250953625337427e-6,2.5302389534513907e-6
14.13,0.0127,0.04019433362333615,2.114052490191738e-6,2.114052713872863e-6,2.5302389534513907e-6
14.13,0.0127,0.06602518613354949,1.909189425669124e-6,1.9091898836278993e-6,2.5302389534513907e-6
14.13,0.0127,0.1084562128786955,1.6145213348976466e-6,1.614522002249895e-6,2.5302389534513907e-6
14.13,0.0127,0.17815550096589414,1.2243780007754247e-6,1.2243783143021726e-6,2.5302389534513907e-6
14.13,0.0127,0.292646974128703,7.783021968275057e-7,7.783028321339331e-7,2.5302389534513907e-6
14.13,0.0127,0.480716289995901,3.755563930463762e-7,3.755564915326775e-7,2.5302389534513907e-6
14.13,0.0127,0.789648183294706,1.2033093704896227e-7,1.2033092095327576e-7,2.5302389534513907e-6
14.13,0.0127,1.297114881182717,2.182552711893985e-8,2.182553090314173e-8,2.5302389534513907e-6
14.13,0.0127,2.1307045980472066,1.910701529265851e-9,1.910684098489882e-9,2.5302389534513907e-6
14.13,0.0127,3.5000000000000004,6.148728855332479e-11,6.148595991494822e-11,2.5302389534513907e-6
14.13,0.0127,3.8,2.4303861789233588e-11,2.4303624969465195e-11,2.5302389534513907e-6
14.13,0.0127,3.98,5.92973195743265e-12,5.929605039187458e-12,2.5302389534513907e-6
14.13,0.0127,3.9998,5.768814583664942e-13,5.768691707311538e-13,2.5302389534513907e-6
14.13,0.047,1.0000000000000001e-7,2.1497693075811e-6,2.149769326740136e-6,2.149804394487987e-6
14.13,0.047,1.6426491045299075e-7,2.1497547321858524e-6,2.149754751336361e-6,2.149804394487987e-6
14.13,0.047,2.698296080612907e-7,2.1497341020076976e-6,2.1497341211776926e-6,2.149804394487987e-6
14.13,0.047,4.432353640575351e-7,2.149704901767183e-6,2.149704920925314e-6,2.149804394487987e-6
14.13,0.047,7.280801738650976e-7,2.1496635712151705e-6,2.1496635903985487e-6,2.149804394487987e-6
14.13,0.047,1.1959802456254818e-6,2.1496050709077674e-6,2.149605090095473e-6,2.149804394487987e-6
14.13,0.047,1.9645758795121526e-6,2.1495222674219185e-6,2.1495222866129406e-6,2.149804394487987e-6
14.13,0.047,3.227108809261693e-6,2.149405062773282e-6,2.1494050820349246e-6,2.149804394487987e-6
14.13,0.047,5.301007395754297e-6,2.1492391612428835e-6,2.1492391804278837e-6,2.149804394487987e-6
14.13,0.047,8.707695051742211e-6,2.149004321770795e-6,2.14900434117616e-6,2.149804394487987e-6
14.13,0.047,1.4303687479263852e-5,2.148671879441303e-6,2.148671898658975e-6,2.149804394487987e-6
14.13,0.047,2.3495939429288417e-5,2.148201226133909e-6,2.1482012457575407e-6,2.149804394487987e-6
14.13,0.047,3.8595583863609565e-5,2.1475348037361516e-6,2.147534823211498e-6,2.149804394487987e-6
14.13,0.047,6.33990012723672e-5,2.1465909600522943e-6,2.1465909799035926e-6,2.149804394487987e-6
14.13,0.047,0.00010414231266814445,2.1452537082373046e-6,2.1452537285334896e-6,2.149804394487987e-6
14.13,0.047,0.00017106927664800093,2.1433579457695226e-6,2.143357965693013e-6,2.149804394487987e-6
14.13,0.047,0.00028100679409841776,2.1406679020553726e-6,2.140667924372075e-6,2.149804394487987e-6
14.13,0.047,0.00046159555869258604,2.136845258914874e-6,2.136845278849475e-6,2.149804394487987e-6
14.13,0.047,0.0007582395311413588,2.1314010841257757e-6,2.13140111087754e-6,2.149804394487987e-6
14.13,0.047,0.00124552148684853,2.1236216242298127e-6,2.1236216467558103e-6,2.149804394487987e-6
14.13,0.047,0.002045954755044497,2.11245070631197e-6,2.1124507420399286e-6,2.149804394487987e-6
14.13,0.047,0.0033607857462825456,2.096298814656304e-6,2.0962988527396573e-6,2.149804394487987e-6
14.13,0.047,0.005520591696647901,2.0727283930657933e-6,2.0727284432952105e-6,2.149804394487987e-6
14.13,0.047,0.009068395006973916,2.0379371885194144e-6,2.0379372908860193e-6,2.149804394487987e-6
14.13,0.047,0.01489619093772919,1.98594227754515e-6,1.9859423393136308e-6,2.149804394487987e-6
14.13,0.047,0.024469214704767362,1.907422444849427e-6,1.9074227380247916e-6,2.149804394487987e-6
14.13,0.047,0.04019433362333615,1.788498465040141e-6,1.7884985651036452e-6,2.149804394487987e-6
14.13,0.047,0.06602518613354949,1.6107350285732409e-6,1.6107356240594225e-6,2.149804394487987e-6
14.13,0.047,0.1084562128786955,1.3557773452844943e-6,1.3557776852536223e-6,2.149804394487987e-6
14.13,0.047,0.17815550096589414,1.0201000610915248e-6,1.0201006270829413e-6,2.149804394487987e-6
14.13,0.047,0.292646974128703,6.400386279365891e-7,6.400390703251013e-7,2.149804394487987e-6
14.13,0.047,0.480716289995901,3.0235237367524136e-7,3.0235248645679737e-7,2.149804394487987e-6
14.13,0.047,0.789648183294706,9.366998546854631e-8,9.366998706809564e-8,2.149804394487987e-6
14.13,0.047,1.297114881182717,1.613552766810857e-8,1.613553254847099e-8,2.149804394487987e-6
14.13,0.047,2.1307045980472066,1.3100278823844916e-9,1.3100126522060205e-9,2.149804394487987e-6
14.13,0.047,3.5000000000000004,3.822872798239184e-11,3.822843315815453e-11,2.149804394487987e-6
14.13,0.047,3.8,1.4871441624281468e-11,1.4871045014446572e-11,2.149804394487987e-6
14.13,0.047,3.98,3.5979760687885866e-12,3.5978933606914585e-12,2.149804394487987e-6
14.13,0.047,3.9998,3.497288440955131e-13,3.4972173491105125e-13,2.149804394487987e-6
14.13,0.173,1.0000000000000001e-7,1.2550133898546785e-6,1.2550133895587703e-6,1.2550352176903475e-6
14.13,0.173,1.6426491045299075e-7,1.2550043223862657e-6,1.25500432209419e-6,1.2550352176903475e-6
14.13,0.173,2.698296080612907e-7,1.2549914881863357e-6,1.2549914878902566e-6,1.2550352176903475e-6
14.13,0.173,4.432353640575351e-7,1.2549733224740122e-6,1.2549733221933957e-6,1.2550352176903475e-6
14.13,0.173,7.280801738650976e-7,1.2549476103765213e-6,1.25494761008079e-6,1.2550352176903475e-6
14.13,0.173,1.1959802456254818e-6,1.2549112167836517e-6,1.2549112165219437e-6,1.2550352176903475e-6
14.13,0.173,1.9645758795121526e-6,1.254859703860804e-6,1.254859703579577e-6,1.2550352176903475e-6
14.13,0.173,3.227108809261693e-6,1.2547867893960693e-6,1.2547867891567901e-6,1.2550352176903475e-6
14.13,0.173,5.301007395754297e-6,1.2546835795026843e-6,1.2546835792751835e-6,1.2550352176903475e-6
14.13,0.173,8.707695051742211e-6,1.2545374811202875e-6,1.2545374808925398e-6,1.2550352176903475e-6
14.13,0.173,1.4303687479263852e-5,1.254330659429108e-6,1.2543306593340005e-6,1.2550352176903475e-6
14.13,0.173,2.3495939429288417e-5,1.2540378468850855e-6,1.2540378466466786e-6,1.2550352176903475e-6
14.13,0.173,3.8595583863609565e-5,1.2536232249517806e-6,1.253623225114062e-6,1.2550352176903475e-6
14.13,0.173,6.33990012723672e-5,1.2530359718169976e-6,1.253035971650208e-6,1.2550352176903475e-6
14.13,0.173,0.00010414231266814445,1.252203874030232e-6,1.2522038745937541e-6,1.2550352176903475e-6
14.13,0.173,0.00017106927664800093,1.251024092052208e-6,1.2510240923959831e-6,1.2550352176903475e-6
14.13,0.173,0.00028100679409841776,1.2493496667071904e-6,1.2493496677324335e-6,1.2550352176903475e-6
14.13,0.173,0.00046159555869258604,1.2469695014905251e-6,1.2469695035729925e-6,1.2550352176903475e-6
14.13,0.173,0.0007582395311413588,1.2435780667293831e-6,1.243578068010561e-6,1.2550352176903475e-6
14.13,0.173,0.00124552148684853,1.23872841980005e-6,1.2387284269015398e-6,1.2550352176903475e-6
14.13,0.173,0.002045954755044497,1.2317574164905633e-6,1.2317574180945777e-6,1.2550352176903475e-6
14.13,0.173,0.0033607857462825456,1.2216638458235463e-6,1.221663866394286e-6,1.2550352176903475e-6
14.13,0.173,0.005520591696647901,1.2069072941731812e-6,1.2069073041843784e-6,1.2550352176903475e-6
14.13,0.173,0.009068395006973916,1.1850789398079502e-6,1.1850789903607432e-6,1.2550352176903475e-6
14.13,0.173,0.01489619093772919,1.1523873875297152e-6,1.1523874488793582e-6,1.2550352176903475e-6
14.13,0.173,0.024469214704767362,1.102950207575334e-6,1.10295029595126e-6,1.2550352176903475e-6
14.13,0.173,0.04019433362333615,1.0281174555469201e-6,1.0281176865702964e-6,1.2550352176903475e-6
14.13,0.173,0.06602518613354949,9.167453254420732e-7,9.167454109676019e-7,1.2550352176903475e-6
14.13,0.173,0.1084562128786955,7.587015691562864e-7,7.587020297032586e-7,1.2550352176903475e-6
14.13,0.173,0.17815550096589414,5.548459582095435e-7,5.548460582379774e-7,1.2550352176903475e-6
14.13,0.173,0.292646974128703,3.3208655396058935e-7,3.320868496787567e-7,1.2550352176903475e-6
14.13,0.173,0.480716289995901,1.4529492060894231e-7,1.4529499653243963e-7,1.2550352176903475e-6
14.13,0.173,0.789648183294706,3.985757928643975e-8,3.985758057366827e-8,1.2550352176903475e-6
14.13,0.173,1.297114881182717,5.6962421239982e-9,5.696235352910161e-9,1.2550352176903475e-6
14.13,0.173,2.1307045980472066,3.516963278278739e-10,3.5169485026178767e-10,1.2550352176903475e-6
14.13,0.173,3.5000000000000004,7.168723646558995e-12,7.168282679318234e-12,1.2550352176903475e-6
14.13,0.173,3.8,2.629844467128176e-12,2.6298600376841514e-12,1.2550352176903475e-6
14.13,0.173,3.98,6.169685752856906e-13,6.169594886244434e-13,1.2550352176903475e-6
14.13,0.173,3.9998,5.978008801465058e-14,5.977903080106854e-14,1.2550352176903475e-6
14.13,0.61,1.0000000000000001e-7,3.2631172076145923e-7,3.263117147349927e-7,3.263184775580641e-7
14.13,0.61,1.6426491045299075e-7,3.2630891392820776e-7,3.263089079018395e-7,3.263184775580641e-7
14.13,0.61,2.698296080612907e-7,3.2630494110055343e-7,3.2630493507473346e-7,3.263184775580641e-7
14.13,0.61,4.432353640575351e-7,3.262993178951071e-7,3.262993118724915e-7,3.263184775580641e-7
14.13,0.61,7.280801738650976e-7,3.2629135868455095e-7,3.2629135265883914e-7,3.263184775580641e-7
14.13,0.61,1.1959802456254818e-6,3.262800929633264e-7,3.2628008694818343e-7,3.263184775580641e-7
14.13,0.61,1.9645758795121526e-6,3.262641469239109e-7,3.262641408999728e-7,3.263184775580641e-7
14.13,0.61,3.227108809261693e-6,3.262415757308204e-7,3.2624156972751174e-7,3.263184775580641e-7
14.13,0.61,5.301007395754297e-6,3.262096258720485e-7,3.2620961986067034e-7,3.263184775580641e-7
14.13,0.61,8.707695051742211e-6,3.26164398222785e-7,3.2616439223306646e-7,3.263184775580641e-7
14.13,0.61,1.4303687479263852e-5,3.261003698518854e-7,3.2610036387968314e-7,3.263184775580641e-7
14.13,0.61,2.3495939429288417e-5,3.260097142516018e-7,3.2600970826965515e-7,3.263184775580641e-7
14.13,0.61,3.8595583863609565e-5,3.2588133256112546e-7,3.2588132668004993e-7,3.263184775580641e-7
14.13,0.61,6.33990012723672e-5,3.256994674671079e-7,3.256994614889713e-7,3.263184775580641e-7
14.13,0.61,0.00010414231266814445,3.254417080883606e-7,3.254417023831334e-7,3.263184775580641e-7
14.13,0.61,0.00017106927664800093,3.250760925817204e-7,3.2507608669677093e-7,3.263184775580641e-7
14.13,0.61,0.00028100679409841776,3.2455684634245747e-7,3.2455684092681124e-7,3.263184775580641e-7
14.13,0.61,0.00046159555869258604,3.2381800297097743e-7,3.2381799754868935e-7,3.263184775580641e-7
14.13,0.61,0.0007582395311413588,3.2276364131214063e-7,3.227636362891983e-7,3.263184775580641e-7
14.13,0.61,0.00124552148684853,3.2125255358354793e-7,3.212525497974275e-7,3.263184775580641e-7
14.13,0.61,0.002045954755044497,3.1907353970879864e-7,3.190735350563004e-7,3.263184775580641e-7
14.13,0.61,0.0033607857462825456,3.159048065711522e-7,3.159048079973974e-7,3.263184775580641e-7
14.13,0.61,0.005520591696647901,3.1124693199002277e-7,3.112469284907794e-7,3.263184775580641e-7
14.13,0.61,0.009068395006973916,3.043147204710262e-7,3.043147358563473e-7,3.263184775580641e-7
14.13,0.61,0.01489619093772919,2.938753869461795e-7,2.9387539491566586e-7,3.263184775580641e-7
14.13,0.61,0.024469214704767362,2.7804979988530326e-7,2.7804983943170985e-7,3.263184775580641e-7
14.13,0.61,0.04019433362333615,2.5420182612665524e-7,2.5420188109275554e-7,3.263184775580641e-7
14.13,0.61,0.06602518613354949,2.1931084383620624e-7,2.1931089403151871e-7,3.263184775580641e-7
14.13,0.61,0.1084562128786955,1.7162768081508396e-7,1.7162780740266964e-7,3.263184775580641e-7
14.13,0.61,0.17815550096589414,1.1425253699300355e-7,1.1425256561285059e-7,3.263184775580641e-7
14.13,0.61,0.292646974128703,5.8526284250937265e-8,5.8526365511378643e-8,3.263184775580641e-7
14.13,0.61,0.480716289995901,1.9883753208062412e-8,1.988376507283321e-8,3.263184775580641e-7
14.13,0.61,0.789648183294706,3.6500353263912736e-9,3.6500369984936394e-9,3.263184775580641e-7
14.13,0.61,1.297114881182717,2.808395616984062e-10,2.808395528083149e-10,3.263184775580641e-7
14.13,0.61,2.1307045980472066,6.938382314390665e-12,6.938299471647046e-12,3.263184775580641e-7
14.13,0.61,3.5000000000000004,4.1215971115802464e-14,4.120894775162671e-14,3.263184775580641e-7
14.13,0.61,3.8,1.2326237230104925e-14,1.2325905914779511e-14,3.263184775580641e-7
14.13,0.61,3.98,2.601989454855403e-15,2.6016067599830315e-15,3.263184775580641e-7
14.13,0.61,3.9998,2.494140739686271e-16,2.493751210473181e-16,3.263184775580641e-7
14.13,1.73,1.0000000000000001e-7,5.229423206479781e-8,5.2294232246533816e-8,5.2295671268089294e-8
14.13,1.73,1.6426491045299075e-7,5.2293634205753925e-8,5.2293634387816894e-8,5.2295671268089294e-8
14.13,1.73,2.698296080612907e-7,5.229278798680776e-8,5.229278816896259e-8,5.2295671268089294e-8
14.13,1.73,4.432353640575351e-7,5.229159023089444e-8,5.229159041303005e-8,5.2295671268089294e-8
14.13,1.73,7.280801738650976e-7,5.22898948918114e-8,5.2289895075014757e-8,5.2295671268089294e-8
14.13,1.73,1.1959802456254818e-6,5.2287495234771274e-8,5.22874954167806e-8,5.2295671268089294e-8
14.13,1.73,1.9645758795121526e-6,5.2284098599930816e-8,5.22840987851248e-8,5.2295671268089294e-8
14.13,1.73,3.227108809261693e-6,5.227929064880866e-8,5.227929083131998e-8,5.2295671268089294e-8
14.13,1.73,5.301007395754297e-6,5.227248468133002e-8,5.227248486942148e-8,5.2295671268089294e-8
14.13,1.73,8.707695051742211e-6,5.2262849723041886e-8,5.226284990928103e-8,5.2295671268089294e-8
14.13,1.73,1.4303687479263852e-5,5.224920833986916e-8,5.22492085306386e-8,5.2295671268089294e-8
14.13,1.73,2.3495939429288417e-5,5.2229891100888625e-8,5.222989129852843e-8,5.2295671268089294e-8
14.13,1.73,3.8595583863609565e-5,5.220252855076289e-8,5.2202528741493876e-8,5.2295671268089294e-8
14.13,1.73,6.33990012723672e-5,5.216375222087791e-8,5.2163752444834655e-8,5.2295671268089294e-8
14.13,1.73,0.00010414231266814445,5.2108761360578114e-8,5.210876155051692e-8,5.2295671268089294e-8
14.13,1.73,0.00017106927664800093,5.203068757179983e-8,5.203068784735127e-8,5.2295671268089294e-8
14.13,1.73,0.00028100679409841776,5.191964763225755e-8,5.1919647854278706e-8,5.2295671268089294e-8
14.13,1.73,0.00046159555869258604,5.176130102719718e-8,5.1761301391542247e-8,5.2295671268089294e-8
14.13,1.73,0.0007582395311413588,5.153459687055694e-8,5.153459726501763e-8,5.2295671268089294e-8
14.13,1.73,0.00124552148684853,5.1208160829247786e-8,5.120816131410426e-8,5.2295671268089294e-8
14.13,1.73,0.002045954755044497,5.0734373467173583e-8,5.073437453415498e-8,5.2295671268089294e-8
14.13,1.73,0.0033607857462825456,5.0039576655845283e-8,5.0039577216864586e-8,5.2295671268089294e-8
14.13,1.73,0.005520591696647901,4.90081240604098e-8,4.900812729699695e-8,5.2295671268089294e-8
14.13,1.73,0.009068395006973916,4.745792394541595e-8,4.745792500203068e-8,5.2295671268089294e-8
14.13,1.73,0.01489619093772919,4.510841167580822e-8,4.510841982396488e-8,5.2295671268089294e-8
14.13,1.73,0.024469214704767362,4.1555728484368695e-8,4.155573403354869e-8,5.2295671268089294e-8
14.13,1.73,0.04019433362333615,3.630759934183429e-8,3.6307612336184226e-8,5.2295671268089294e-8
14.13,1.73,0.06602518613354949,2.8997181994053097e-8,2.8997199068709432e-8,5.2295671268089294e-8
14.13,1.73,0.1084562128786955,1.9913094287473077e-8,1.9913103255581843e-8,5.2295671268089294e-8
14.13,1.73,0.17815550096589414,1.0652022577757188e-8,1.0652040079594389e-8,5.2295671268089294e-8
14.13,1.73,0.292646974128703,3.803292686115849e-9,3.8032944095677315e-9,5.2295671268089294e-8
14.13,1.73,0.480716289995901,7.19102637829235e-10,7.191043418277445e-10,5.2295671268089294e-8
14.13,1.73,0.789648183294706,5.192055164723507e-11,5.1920606508150706e-11,5.2295671268089294e-8
14.13,1.73,1.297114881182717,9.387508039982686e-13,9.387493590576284e-13,5.2295671268089294e-8
14.13,1.73,2.1307045980472066,2.6491665727172166e-15,2.6491301545526706e-15,5.2295671268089294e-8
14.13,1.73,3.5000000000000004,7.495820867625033e-19,7.48377143276353e-19,5.2295671268089294e-8
14.13,1.73,3.8,1.3223770102587837e-19,1.3188788106735443e-19,5.2295671268089294e-8
14.13,1.73,3.98,2.1408332280294178e-20,2.144162790102062e-20,5.2295671268089294e-8
14.13,1.73,3.9998,1.9987761471342137e-21,2.0029941679977817e-21,5.2295671268089294e-8
14.13,4.71,1.0000000000000001e-7,5.850167147954917e-9,5.850082565491809e-9,5.850404957856766e-9
14.13,4.71,1.6426491045299075e-7,5.850068358954983e-9,5.849983776314327e-9,5.850404957856766e-9
14.13,4.71,2.698296080612907e-7,5.849928530879311e-9,5.849843947785604e-9,5.850404957856766e-9
14.13,4.71,4.432353640575351e-7,5.8497306139344815e-9,5.849646030134853e-9,5.850404957856766e-9
14.13,4.71,7.280801738650976e-7,5.84945047327533e-9,5.849365888702906e-9,5.850404957856766e-9
14.13,4.71,1.1959802456254818e-6,5.849053942637217e-9,5.848969356474156e-9,5.850404957856766e-9
14.13,4.71,1.9645758795121526e-6,5.848492649896594e-9,5.8484080623163776e-9,5.850404957856766e-9
14.13,4.71,3.227108809261693e-6,5.847698099097142e-9,5.847613508326115e-9,5.850404957856766e-9
14.13,4.71,5.301007395754297e-6,5.846573272581126e-9,5.846488678706774e-9,5.850404957856766e-9
14.13,4.71,8.707695051742211e-6,5.844980695691183e-9,5.8448960959750255e-9,5.850404957856766e-9
14.13,4.71,1.4303687479263852e-5,5.842725432893734e-9,5.842640825546214e-9,5.850404957856766e-9
14.13,4.71,2.3495939429288417e-5,5.839530771679567e-9,5.839446153903977e-9,5.850404957856766e-9
14.13,4.71,3.8595583863609565e-5,5.835003249765986e-9,5.834918612955052e-9,5.850404957856766e-9
14.13,4.71,6.33990012723672e-5,5.828581923356575e-9,5.828497266341016e-9,5.850404957856766e-9
14.13,4.71,0.00010414231266814445,5.819463862590162e-9,5.81937915919757e-9,5.850404957856766e-9
14.13,4.71,0.00017106927664800093,5.806492862613273e-9,5.806408109934842e-9,5.850404957856766e-9
14.13,4.71,0.00028100679409841776,5.7879895363432574e-9,5.7879046697348805e-9,5.850404957856766e-9
14.13,4.71,0.00046159555869258604,5.761485170511061e-9,5.761400146922953e-9,5.850404957856766e-9
14.13,4.71,0.0007582395311413588,5.723293741719067e-9,5.723208409937722e-9,5.850404957856766e-9
14.13,4.71,0.00124552148684853,5.667809014684787e-9,5.667723111573942e-9,5.850404957856766e-9
14.13,4.71,0.002045954755044497,5.58634152553677e-9,5.586254693733603e-9,5.850404957856766e-9
14.13,4.71,0.0033607857462825456,5.465229383446033e-9,5.465140496523417e-9,5.850404957856766e-9
14.13,4.71,0.005520591696647901,5.28296559414339e-9,5.282873850882526e-9,5.850404957856766e-9
14.13,4.71,0.009068395006973916,5.0065241083099775e-9,5.006426248489639e-9,5.850404957856766e-9
14.13,4.71,0.01489619093772919,4.588825366090433e-9,4.588720186923662e-9,5.850404957856766e-9
14.13,4.71,0.024469214704767362,3.973941735058778e-9,3.973825606804969e-9,5.850404957856766e-9
14.13,4.71,0.04019433362333615,3.1245091568210994e-9,3.1243858909534608e-9,5.850404957856766e-9
14.13,4.71,0.06602518613354949,2.086277643671789e-9,2.0861599014128714e-9,5.850404957856766e-9
14.13,4.71,0.1084562128786955,1.0601397843031731e-9,1.0600491178062518e-9,5.850404957856766e-9
14.13,4.71,0.17815550096589414,3.4370974350570613e-10,3.436651542358999e-10,5.850404957856766e-9
14.13,4.71,0.292646974128703,5.3904242091687816e-11,5.3893072699472466e-11,5.850404957856766e-9
14.13,4.71,0.480716289995901,2.6822605159594985e-12,2.681394023463272e-12,5.850404957856766e-9
14.13,4.71,0.789648183294706,2.2921482303493922e-14,2.2909670063619432e-14,5.850404957856766e-9
14.13,4.71,1.297114881182717,1.4642945709623003e-17,1.463113506020774e-17,5.850404957856766e-9
14.13,4.71,2.1307045980472066,2.556127774518464e-22,2.552292282453352e-22,5.850404957856766e-9
14.13,4.71,3.5000000000000004,4.411999441598224e-29,4.3105860550400223e-29,5.850404957856766e-9
14.13,4.71,3.8,1.928275726899763e-30,1.8463689253438664e-30,5.850404957856766e-9
14.13,4.71,3.98,1.5651322007841926e-31,1.5929206981569164e-31,5.850404957856766e-9
14.13,4.71,3.9998,1.3695337260188463e-32,1.4056934791928083e-32,5.850404957856766e-9
14.69,0.00113,1.0000000000000001e-7,1.333760579776584e-6,1.333760713112178e-6,1.333817791436745e-6
14.69,0.00113,1.6426491045299075e-7,1.3337368133571392e-6,1.3337369469298207e-6,1.333817791436745e-6
14.69,0.00113,2.698296080612907e-7,1.3337031738162096e-6,1.333703307717867e-6,1.333817791436745e-6
14.69,0.00113,4.432353640575351e-7,1.3336555592874505e-6,1.3336556936363716e-6,1.333817791436745e-6
14.69,0.00113,7.280801738650976e-7,1.333588163304328e-6,1.33358829834572e-6,1.333817791436745e-6
14.69,0.00113,1.1959802456254818e-6,1.3334927658434533e-6,1.3334929017421783e-6,1.333817791436745e-6
14.69,0.00113,1.9645758795121526e-6,1.3333577287573383e-6,1.333357866074806e-6,1.333817791436745e-6
14.69,0.00113,3.227108809261693e-6,1.3331665713780805e-6,1.3331667104263423e-6,1.333817791436745e-6
14.69,0.00113,5.301007395754297e-6,1.3328959486665416e-6,1.3328960905018863e-6,1.333817791436745e-6
14.69,0.00113,8.707695051742211e-6,1.3325127764239581e-6,1.3325129219029832e-6,1.333817791436745e-6
14.69,0.00113,1.4303687479263852e-5,1.331970132833649e-6,1.3319702836302668e-6,1.333817791436745e-6
14.69,0.00113,2.3495939429288417e-5,1.3312013913197256e-6,1.3312015499043335e-6,1.333817791436745e-6
14.69,0.00113,3.8595583863609565e-5,1.3301117686633635e-6,1.3301119374014839e-6,1.333817791436745e-6
14.69,0.00113,6.33990012723672e-5,1.328566036237872e-6,1.3285662215930775e-6,1.333817791436745e-6
14.69,0.00113,0.00010414231266814445,1.3263704143877087e-6,1.3263706200522357e-6,1.333817791436745e-6
14.69,0.00113,0.00017106927664800093,1.3232454128958624e-6,1.3232456537346395e-6,1.333817791436745e-6
14.69,0.00113,0.00028100679409841776,1.318784154310102e-6,1.318784439668127e-6,1.333817791436745e-6
14.69,0.00113,0.00046159555869258604,1.3123867405186045e-6,1.312387100549276e-6,1.333817791436745e-6
14.69,0.00113,0.0007582395311413588,1.3031542360391656e-6,1.3031547045695215e-6,1.333817791436745e-6
14.69,0.00113,0.00124552148684853,1.2897142410787889e-6,1.289714873523709e-6,1.333817791436745e-6
14.69,0.00113,0.002045954755044497,1.2699332740480644e-6,1.2699341987552568e-6,1.333817791436745e-6
14.69,0.00113,0.0033607857462825456,1.2404554346248858e-6,1.24045674029211e-6,1.333817791436745e-6
14.69,0.00113,0.005520591696647901,1.1960220753792692e-6,1.1960241789828895e-6,1.333817791436745e-6
14.69,0.00113,0.009068395006973916,1.1286687480765807e-6,1.128671784315442e-6,1.333817791436745e-6
14.69,0.00113,0.01489619093772919,1.0273901843701397e-6,1.0273949928339287e-6,1.333817791436745e-6
14.69,0.00113,0.024469214704767362,8.80039988900992e-7,8.800466186422605e-7,1.333817791436745e-6
14.69,0.00113,0.04019433362333615,6.808199125396725e-7,6.808284045005478e-7,1.333817791436745e-6
14.69,0.00113,0.06602518613354949,4.453462453770566e-7,4.4535527286096475e-7,1.333817791436745e-6
14.69,0.00113,0.1084562128786955,2.226321140736178e-7,2.2263899591185783e-7,1.333817791436745e-6
14.69,0.00113,0.17815550096589414,7.35104153675472e-8,7.35138657215927e-8,1.333817791436745e-6
14.69,0.00113,0.292646974128703,1.3219276309735176e-8,1.3220144209049081e-8,1.333817791436745e-6
14.69,0.00113,0.480716289995901,1.0351688896183873e-9,1.0352565618785197e-9,1.333817791436745e-6
14.69,0.00113,0.789648183294706,2.860775697849513e-11,2.8610696007971226e-11,1.333817791436745e-6
14.69,0.00113,1.297114881182717,2.446012020474319e-13,2.4462742205459883e-13,1.333817791436745e-6
14.69,0.00113,2.1307045980472066,6.459350792573098e-16,6.459954356491281e-16,1.333817791436745e-6
14.69,0.00113,3.5000000000000004,5.709920414012616e-19,5.7085957743786835e-19,1.333817791436745e-6
14.69,0.00113,3.8,1.3532665367522313e-19,1.352375010674075e-19,1.333817791436745e-6
14.69,0.00113,3.98,2.5605031010495466e-20,2.5608510031364856e-20,1.333817791436745e-6
14.69,0.00113,3.9998,2.4283492469045257e-21,2.428988269161598e-21,1.333817791436745e-6
14.69,0.0037,1.0000000000000001e-7,1.3170011957970839e-6,1.3170011969301912e-6,1.317057768378746e-6
14.69,0.0037,1.6426491045299075e-7,1.3169776948580768e-6,1.3169776960034174e-6,1.317057768378746e-6
14.69,0.0037,2.698296080612907e-7,1.3169444310836015e-6,1.3169444322339402e-6,1.317057768378746e-6
14.69,0.0037,4.432353640575351e-7,1.3168973484255813e-6,1.3168973495730672e-6,1.317057768378746e-6
14.69,0.0037,7.280801738650976e-7,1.3168307052750989e-6,1.3168307064668293e-6,1.317057768378746e-6
14.69,0.0037,1.1959802456254818e-6,1.316736373422787e-6,1.3167363745653215e-6,1.317057768378746e-6
14.69,0.0037,1.9645758795121526e-6,1.3166028447077585e-6,1.316602845976788e-6,1.317057768378746e-6
14.69,0.0037,3.227108809261693e-6,1.3164138225204035e-6,1.3164138236866613e-6,1.317057768378746e-6
14.69,0.0037,5.301007395754297e-6,1.3161462225091576e-6,1.31614622388857e-6,1.317057768378746e-6
14.69,0.0037,8.707695051742211e-6,1.3157673298428013e-6,1.3157673311637077e-6,1.317057768378746e-6
14.69,0.0037,1.4303687479263852e-5,1.3152307463941143e-6,1.3152307478717809e-6,1.317057768378746e-6
14.69,0.0037,2.3495939429288417e-5,1.3144705888244044e-6,1.3144705906111145e-6,1.317057768378746e-6
14.69,0.0037,3.8595583863609565e-5,1.3133931304160686e-6,1.3133931318848606e-6,1.317057768378746e-6
14.69,0.0037,6.33990012723672e-5,1.3118646480491128e-6,1.3118646509301893e-6,1.317057768378746e-6
14.69,0.0037,0.00010414231266814445,1.3096935155039262e-6,1.3096935169687974e-6,1.317057768378746e-6
14.69,0.0037,0.00017106927664800093,1.3066033402065322e-6,1.3066033453507403e-6,1.317057768378746e-6
14.69,0.0037,0.00028100679409841776,1.3021917372443834e-6,1.3021917402443871e-6,1.317057768378746e-6
14.69,0.0037,0.00046159555869258604,1.2958653989873808e-6,1.2958654083236354e-6,1.317057768378746e-6
14.69,0.0037,0.0007582395311413588,1.2867352043687233e-6,1.2867352159157706e-6,1.317057768378746e-6
14.69,0.0037,0.00124552148684853,1.2734436356999302e-6,1.2734436507321227e-6,1.317057768378746e-6
14.69,0.0037,0.002045954755044497,1.2538802100905988e-6,1.2538802558484287e-6,1.317057768378746e-6
14.69,0.0037,0.0033607857462825456,1.2247251142234932e-6,1.2247251312025939e-6,1.317057768378746e-6
14.69,0.0037,0.005520591696647901,1.1807765296500136e-6,1.1807766768209067e-6,1.317057768378746e-6
14.69,0.0037,0.009068395006973916,1.1141577065577267e-6,1.1141577455346582e-6,1.317057768378746e-6
14.69,0.0037,0.01489619093772919,1.0139901525159792e-6,1.0139904691264055e-6,1.317057768378746e-6
14.69,0.0037,0.024469214704767362,8.682836398987737e-7,8.682838364478468e-7,1.317057768378746e-6
14.69,0.0037,0.04019433362333615,6.713609713202708e-7,6.713613036685657e-7,1.317057768378746e-6
14.69,0.0037,0.06602518613354949,4.387609224347014e-7,4.3876126045265744e-7,1.317057768378746e-6
14.69,0.0037,0.1084562128786955,2.1901306494051362e-7,2.1901314969433688e-7,1.317057768378746e-6
14.69,0.0037,0.17815550096589414,7.21416300163428e-8,7.21416959085035e-8,1.317057768378746e-6
14.69,0.0037,0.292646974128703,1.2924112557915274e-8,1.2924115843638842e-8,1.317057768378746e-6
14.69,0.0037,0.480716289995901,1.0062412583348375e-9,1.0062398130394756e-9,1.317057768378746e-6
14.69,0.0037,0.789648183294706,2.7575903047841968e-11,2.757589446530286e-11,1.317057768378746e-6
14.69,0.0037,1.297114881182717,2.3306628425742697e-13,2.330654328762722e-13,1.317057768378746e-6
14.69,0.0037,2.1307045980472066,6.063216479127891e-16,6.063175803100977e-16,1.317057768378746e-6
14.69,0.0037,3.5000000000000004,5.264642892994115e-19,5.26315567207484e-19,1.317057768378746e-6
14.69,0.0037,3.8,1.2442302367551793e-19,1.2435156807429393e-19,1.317057768378746e-6
14.69,0.0037,3.98,2.3509335407135208e-20,2.3517170362534105e-20,1.317057768378746e-6
14.69,0.0037,3.9998,2.229290564668713e-21,2.2303314523005667e-21,1.317057768378746e-6
14.69,0.0127,1.0000000000000001e-7,1.2604009528777996e-6,1.260400953255085e-6,1.260455360867416e-6
14.69,0.0127,1.6426491045299075e-7,1.2603783511348512e-6,1.260378351506087e-6,1.260455360867416e-6
14.69,0.0127,2.698296080612907e-7,1.260346360100955e-6,1.2603463604845497e-6,1.260455360867416e-6
14.69,0.0127,4.432353640575351e-7,1.260301078916968e-6,1.2603010793123225e-6,1.260455360867416e-6
14.69,0.0127,7.280801738650976e-7,1.2602369856502854e-6,1.2602369860330418e-6,1.260455360867416e-6
14.69,0.0127,1.1959802456254818e-6,1.2601462630708344e-6,1.2601462635210115e-6,1.260455360867416e-6
14.69,0.0127,1.9645758795121526e-6,1.2600178432901387e-6,1.260017843665162e-6,1.260455360867416e-6
14.69,0.0127,3.227108809261693e-6,1.2598360531159396e-6,1.2598360536628577e-6,1.260455360867416e-6
14.69,0.0127,5.301007395754297e-6,1.2595786911644617e-6,1.2595786915833576e-6,1.260455360867416e-6
14.69,0.0127,8.707695051742211e-6,1.259214293683955e-6,1.259214294357093e-6,1.260455360867416e-6
14.69,0.0127,1.4303687479263852e-5,1.2586982363388238e-6,1.2586982369866905e-6,1.260455360867416e-6
14.69,0.0127,2.3495939429288417e-5,1.2579671532372989e-6,1.2579671539949239e-6,1.260455360867416e-6
14.69,0.0127,3.8595583863609565e-5,1.256930896230261e-6,1.2569308975346874e-6,1.260455360867416e-6
14.69,0.0127,6.33990012723672e-5,1.2554608417492174e-6,1.2554608424299788e-6,1.260455360867416e-6
14.69,0.0127,0.00010414231266814445,1.2533726580887734e-6,1.2533726609226983e-6,1.260455360867416e-6
14.69,0.0127,0.00017106927664800093,1.2504004461230854e-6,1.2504004468777263e-6,1.260455360867416e-6
14.69,0.0127,0.00028100679409841776,1.2461570408091607e-6,1.24615704684812e-6,1.260455360867416e-6
14.69,0.0127,0.00046159555869258604,1.2400714640749817e-6,1.24007146759215e-6,1.260455360867416e-6
14.69,0.0127,0.0007582395311413588,1.231287851889883e-6,1.2312878637477447e-6,1.260455360867416e-6
14.69,0.0127,0.00124552148684853,1.2184991234504188e-6,1.21849914177014e-6,1.260455360867416e-6
14.69,0.0127,0.002045954755044497,1.1996727520429494e-6,1.199672770022298e-6,1.260455360867416e-6
14.69,0.0127,0.0033607857462825456,1.1716112565591191e-6,1.1716113311463398e-6,1.260455360867416e-6
14.69,0.0127,0.005520591696647901,1.1293054605933977e-6,1.1293054761146704e-6,1.260455360867416e-6
14.69,0.0127,0.009068395006973916,1.0651758241510018e-6,1.0651760403622155e-6,1.260455360867416e-6
14.69,0.0127,0.01489619093772919,9.687731939909472e-7,9.687732505328058e-7,1.260455360867416e-6
14.69,0.0127,0.024469214704767362,8.2863526776851e-7,8.286356321303996e-7,1.260455360867416e-6
14.69,0.0127,0.04019433362333615,6.394913070671672e-7,6.394915388973488e-7,1.260455360867416e-6
14.69,0.0127,0.06602518613354949,4.166098671466364e-7,4.16610093990571e-7,1.260455360867416e-6
14.69,0.0127,0.1084562128786955,2.0687384043499576e-7,2.0687403199107975e-7,1.260455360867416e-6
14.69,0.0127,0.17815550096589414,6.757192234870631e-8,6.757194071132359e-8,1.260455360867416e-6
14.69,0.0127,0.292646974128703,1.1946233611964507e-8,1.1946234606512425e-8,1.260455360867416e-6
14.69,0.0127,0.480716289995901,9.11549012930005e-10,9.115492660589657e-10,1.260455360867416e-6
14.69,0.0127,0.789648183294706,2.4258027523902936e-11,2.425796091870119e-11,1.260455360867416e-6
14.69,0.0127,1.297114881182717,1.9688868525888094e-13,1.96888546021791e-13,1.260455360867416e-6
14.69,0.0127,2.1307045980472066,4.86037486411887e-16,4.86029912657513e-16,1.260455360867416e-6
14.69,0.0127,3.5000000000000004,3.963754509295147e-19,3.962438893728564e-19,1.260455360867416e-6
14.69,0.0127,3.8,9.275935966768435e-20,9.276039705644561e-20,1.260455360867416e-6
14.69,0.0127,3.98,1.7441629429895488e-20,1.7437820118109485e-20,1.260455360867416e-6
14.69,0.0127,3.9998,1.653122252083536e-21,1.6527234540584227e-21,1.260455360867416e-6
14.69,0.047,1.0000000000000001e-7,1.071365068620566e-6,1.0713650753372759e-6,1.0714121710929405e-6
14.69,0.047,1.6426491045299075e-7,1.0713455016726628e-6,1.071345508377539e-6,1.0714121710929405e-6
14.69,0.047,2.698296080612907e-7,1.071317806150582e-6,1.0713178128803015e-6,1.0714121710929405e-6
14.69,0.047,4.432353640575351e-7,1.071278604960217e-6,1.0712786116761153e-6,1.0714121710929405e-6
14.69,0.047,7.280801738650976e-7,1.071223117580818e-6,1.0712231243244456e-6,1.0714121710929405e-6
14.69,0.047,1.1959802456254818e-6,1.071144576345676e-6,1.0711445831015271e-6,1.0714121710929405e-6
14.69,0.047,1.9645758795121526e-6,1.0710333993022575e-6,1.071033406048901e-6,1.0714121710929405e-6
14.69,0.047,3.227108809261693e-6,1.0708760173265375e-6,1.0708760241786878e-6,1.0714121710929405e-6
14.69,0.047,5.301007395754297e-6,1.0706532091256448e-6,1.0706532158575152e-6,1.0714121710929405e-6
14.69,0.047,8.707695051742211e-6,1.0703377335046613e-6,1.0703377405380172e-6,1.0714121710929405e-6
14.69,0.047,1.4303687479263852e-5,1.0698909530374078e-6,1.069890959823285e-6,1.0714121710929405e-6
14.69,0.047,2.3495939429288417e-5,1.0692579990232965e-6,1.0692580063219668e-6,1.0714121710929405e-6
14.69,0.047,3.8595583863609565e-5,1.0683608027823765e-6,1.0683608099476876e-6,1.0714121710929405e-6
14.69,0.047,6.33990012723672e-5,1.0670879557344622e-6,1.0670879632902007e-6,1.0714121710929405e-6
14.69,0.047,0.00010414231266814445,1.065279754003743e-6,1.065279762419446e-6,1.0714121710929405e-6
14.69,0.047,0.00017106927664800093,1.0627057332260055e-6,1.0627057407960914e-6,1.0714121710929405e-6
14.69,0.047,0.00028100679409841776,1.0590301373431452e-6,1.0590301492196671e-6,1.0714121710929405e-6
14.69,0.047,0.00046159555869258604,1.0537574397605482e-6,1.053757447380421e-6,1.0714121710929405e-6
14.69,0.047,0.0007582395311413588,1.046144204476942e-6,1.0461442252378317e-6,1.0714121710929405e-6
14.69,0.047,0.00124552148684853,1.0350539485742425e-6,1.0350539621354716e-6,1.0714121710929405e-6
14.69,0.047,0.002045954755044497,1.01871796317908e-6,1.0187180029190523e-6,1.0714121710929405e-6
14.69,0.047,0.0033607857462825456,9.943529066810962e-7,9.943529569119224e-7,1.0714121710929405e-6
14.69,0.047,0.005520591696647901,9.576017125617823e-7,9.576017743698434e-7,1.0714121710929405e-6
14.69,0.047,0.009068395006973916,9.01889983365969e-7,9.018901605217845e-7,1.0714121710929405e-6
14.69,0.047,0.01489619093772919,8.182167911142613e-7,8.182168456835322e-7,1.0714121710929405e-6
14.69,0.047,0.024469214704767362,6.968888401187295e-7,6.968892218004161e-7,1.0714121710929405e-6
14.69,0.047,0.04019433362333615,5.339633827289588e-7,5.339634614298605e-7,1.0714121710929405e-6
14.69,0.047,0.06602518613354949,3.4370298828679866e-7,3.437033124815763e-7,1.0714121710929405e-6
14.69,0.047,0.1084562128786955,1.6732651107116136e-7,1.6732661092573818e-7,1.0714121710929405e-6
14.69,0.047,0.17815550096589414,5.2937333483035655e-8,5.2937366061132085e-8,1.0714121710929405e-6
14.69,0.047,0.292646974128703,8.9004917345875e-9,8.900494135183986e-9,1.0714121710929405e-6
14.69,0.047,0.480716289995901,6.291396264909258e-10,6.291395449716676e-10,1.0714121710929405e-6
14.69,0.047,0.789648183294706,1.497599845801515e-11,1.4975956727114943e-11,1.0714121710929405e-6
14.69,0.047,1.297114881182717,1.0421468021317379e-13,1.0421470352796251e-13,1.0714121710929405e-6
14.69,0.047,2.1307045980472066,2.107373561064731e-16,2.1073337463589517e-16,1.0714121710929405e-6
14.69,0.047,3.5000000000000004,1.3533486688147816e-19,1.3532284755781737e-19,1.0714121710929405e-6
14.69,0.047,3.8,3.049991206887852e-20,3.048579129815942e-20,1.0714121710929405e-6
14.69,0.047,3.98,5.629545553879153e-21,5.626492743000889e-21,1.0714121710929405e-6
14.69,0.047,3.9998,5.325950660867976e-22,5.323265766423357e-22,1.0714121710929405e-6
14.69,0.173,1.0000000000000001e-7,6.263177585970898e-7,6.263177580199805e-7,6.263470614200042e-7
14.69,0.173,1.6426491045299075e-7,6.263055858296791e-7,6.26305585258628e-7,6.263470614200042e-7
14.69,0.173,2.698296080612907e-7,6.262883561884501e-7,6.262883556103095e-7,6.263470614200042e-7
14.69,0.173,4.432353640575351e-7,6.262639687237236e-7,6.262639681670772e-7,6.263470614200042e-7
14.69,0.173,7.280801738650976e-7,6.262294493595588e-7,6.262294487821388e-7,6.263470614200042e-7
14.69,0.173,1.1959802456254818e-6,6.261805877006846e-7,6.261805871664166e-7,6.263470614200042e-7
14.69,0.173,1.9645758795121526e-6,6.261114223324783e-7,6.261114217759088e-7,6.263470614200042e-7
14.69,0.173,3.227108809261693e-6,6.260135108633022e-7,6.26013510352222e-7,6.263470614200042e-7
14.69,0.173,5.301007395754297e-6,6.258748934428972e-7,6.258748929593081e-7,6.263470614200042e-7
14.69,0.173,8.707695051742211e-6,6.256786182518201e-7,6.256786177441929e-7,6.263470614200042e-7
14.69,0.173,1.4303687479263852e-5,6.254006376259745e-7,6.254006373184955e-7,6.263470614200042e-7
14.69,0.173,2.3495939429288417e-5,6.250067924536305e-7,6.250067919213139e-7,6.263470614200042e-7
14.69,0.173,3.8595583863609565e-5,6.244484598329439e-7,6.244484598695831e-7,6.263470614200042e-7
14.69,0.173,6.33990012723672e-5,6.236562074726825e-7,6.236562070624044e-7,6.263470614200042e-7
14.69,0.173,0.00010414231266814445,6.225304085559569e-7,6.225304091546065e-7,6.263470614200042e-7
14.69,0.173,0.00017106927664800093,6.209270927403671e-7,6.209270931775167e-7,6.263470614200042e-7
14.69,0.173,0.00028100679409841776,6.186361033043906e-7,6.186361046032435e-7,6.263470614200042e-7
14.69,0.173,0.00046159555869258604,6.153464786698229e-7,6.153464824015604e-7,6.263470614200042e-7
14.69,0.173,0.0007582395311413588,6.105902267931371e-7,6.105902283572453e-7,6.263470614200042e-7
14.69,0.173,0.00124552148684853,6.036495682947754e-7,6.03649582980897e-7,6.263470614200042e-7
14.69,0.173,0.002045954755044497,5.93404401551251e-7,5.934044035616883e-7,6.263470614200042e-7
14.69,0.173,0.0033607857462825456,5.780906853998838e-7,5.780907292206248e-7,6.263470614200042e-7
14.69,0.173,0.005520591696647901,5.549557376999561e-7,5.549557591996728e-7,6.263470614200042e-7
14.69,0.173,0.009068395006973916,5.198899897051585e-7,5.19890079239286e-7,6.263470614200042e-7
14.69,0.173,0.01489619093772919,4.6741197430783744e-7,4.674120831315348e-7,6.263470614200042e-7
14.69,0.173,0.024469214704767362,3.920287677160753e-7,3.9202886081516666e-7,6.263470614200042e-7
14.69,0.173,0.04019433362333615,2.92667183521008e-7,2.9266740622098e-7,6.263470614200042e-7
14.69,0.173,0.06602518613354949,1.8037395624004855e-7,1.8037398742774209e-7,6.263470614200042e-7
14.69,0.173,0.1084562128786955,8.175523198894008e-8,8.175533848174638e-8,6.263470614200042e-7
14.69,0.173,0.17815550096589414,2.3048571760657374e-8,2.304858011763204e-8,6.263470614200042e-7
14.69,0.173,0.292646974128703,3.231941291652048e-9,3.231941790123753e-9,6.263470614200042e-7
14.69,0.173,0.480716289995901,1.732116495721309e-10,1.732116161693942e-10,6.263470614200042e-7
14.69,0.173,0.789648183294706,2.75144628052822e-12,2.7514418828075043e-12,6.263470614200042e-7
14.69,0.173,1.297114881182717,1.0938817449699663e-14,1.0938781407919689e-14,6.263470614200042e-7
14.69,0.173,2.1307045980472066,1.0681174629813081e-17,1.0681132371114483e-17,6.263470614200042e-7
14.69,0.173,3.5000000000000004,2.8530620930996467e-21,2.8494710235508518e-21,6.263470614200042e-7
14.69,0.173,3.8,5.590979972512697e-22,5.59339675445872e-22,6.263470614200042e-7
14.69,0.173,3.98,9.636386314669722e-23,9.645412479103077e-23,6.263470614200042e-7
14.69,0.173,3.9998,9.055719293399736e-24,9.064035363314541e-24,6.263470614200042e-7
14.69,0.61,1.0000000000000001e-7,1.6334056512468393e-7,1.6334056212759874e-7,1.6334963581151205e-7
14.69,0.61,1.6426491045299075e-7,1.633367970318077e-7,1.6333679403515488e-7,1.6334963581151205e-7
14.69,0.61,2.698296080612907e-7,1.6333146356059632e-7,1.6333146056401888e-7,1.6334963581151205e-7
14.69,0.61,4.432353640575351e-7,1.633239143293216e-7,1.6332391133756215e-7,1.6334963581151205e-7
14.69,0.61,7.280801738650976e-7,1.6331322863628528e-7,1.6331322563946837e-7,1.6334963581151205e-7
14.69,0.61,1.1959802456254818e-6,1.6329810297632213e-7,1.6329809999393702e-7,1.6334963581151205e-7
14.69,0.61,1.9645758795121526e-6,1.6327669158474494e-7,1.6327668859068025e-7,1.6334963581151205e-7
14.69,0.61,3.227108809261693e-6,1.632463801809618e-7,1.632463772126183e-7,1.6334963581151205e-7
14.69,0.61,5.301007395754297e-6,1.632034644487635e-7,1.6320346147244916e-7,1.6334963581151205e-7
14.69,0.61,8.707695051742211e-6,1.6314269207156723e-7,1.631426891175609e-7,1.6334963581151205e-7
14.69,0.61,1.4303687479263852e-5,1.6305660803873115e-7,1.630566051163649e-7,1.6334963581151205e-7
14.69,0.61,2.3495939429288417e-5,1.6293461348943305e-7,1.6293461053969248e-7,1.6334963581151205e-7
14.69,0.61,3.8595583863609565e-5,1.627616014593646e-7,1.6276159866450882e-7,1.6334963581151205e-7
14.69,0.61,6.33990012723672e-5,1.6251595542741877e-7,1.625159524805212e-7,1.6334963581151205e-7
14.69,0.61,0.00010414231266814445,1.6216656394792704e-7,1.6216656141734499e-7,1.6334963581151205e-7
14.69,0.61,0.00017106927664800093,1.6166827105682598e-7,1.6166826827382241e-7,1.6334963581151205e-7
14.69,0.61,0.00028100679409841776,1.6095476467912277e-7,1.6095476264253792e-7,1.6334963581151205e-7
14.69,0.61,0.00046159555869258604,1.5992716488816234e-7,1.5992716301245163e-7,1.6334963581151205e-7
14.69,0.61,0.0007582395311413588,1.58435314489402e-7,1.5843531316829716e-7,1.6334963581151205e-7
14.69,0.61,0.00124552148684853,1.56246846560893e-7,1.5624684834879992e-7,1.6334963581151205e-7
14.69,0.61,0.002045954755044497,1.5299688436367228e-7,1.5299688342520308e-7,1.6334963581151205e-7
14.69,0.61,0.0033607857462825456,1.4811119513609296e-7,1.4811120831940602e-7,1.6334963581151205e-7
14.69,0.61,0.005520591696647901,1.4070647596007812e-7,1.4070647713263496e-7,1.6334963581151205e-7
14.69,0.61,0.009068395006973916,1.2951607443829385e-7,1.2951610949129952e-7,1.6334963581151205e-7
14.69,0.61,0.01489619093772919,1.130092526652619e-7,1.1300927258502547e-7,1.6334963581151205e-7
14.69,0.61,0.024469214704767362,9.007890574420183e-8,9.007895146489115e-8,1.6334963581151205e-7
14.69,0.61,0.04019433362333615,6.170843601901457e-8,6.170848538870405e-8,1.6334963581151205e-7
14.69,0.61,0.06602518613354949,3.295120349954879e-8,3.2951221707643494e-8,1.6334963581151205e-7
14.69,0.61,0.1084562128786955,1.1801291032197929e-8,1.1801312469068626e-8,1.6334963581151205e-7
14.69,0.61,0.17815550096589414,2.275393457149069e-9,2.2753946189169053e-9,1.6334963581151205e-7
14.69,0.61,0.292646974128703,1.7521057849140315e-10,1.752107346903154e-10,1.6334963581151205e-7
14.69,0.61,0.480716289995901,3.749805704794141e-12,3.749808587757729e-12,1.6334963581151205e-7
14.69,0.61,0.789648183294706,1.5440526892410065e-14,1.5440487395052415e-14,1.6334963581151205e-7
14.69,0.61,1.297114881182717,9.327090771919463e-18,9.327077182141798e-18,1.6334963581151205e-7
14.69,0.61,2.1307045980472066,7.678019568652834e-22,7.678111265101221e-22,1.6334963581151205e-7
14.69,0.61,3.5000000000000004,9.943167016904268e-27,9.908177088294215e-27,1.6334963581151205e-7
14.69,0.61,3.8,1.1835264682573186e-27,1.1858023955284229e-27,1.6334963581151205e-7
14.69,0.61,3.98,1.6017822251450085e-28,1.60637941043872e-28,1.6334963581151205e-7
14.69,0.61,3.9998,1.4707103682072114e-29,1.474788941259812e-29,1.6334963581151205e-7
14.69,1.73,1.0000000000000001e-7,2.62597418874004e-8,2.6259741978553343e-8,2.6261673956732967e-8
14.69,1.73,1.6426491045299075e-7,2.6258939271619975e-8,2.625893936313223e-8,2.6261673956732967e-8
14.69,1.73,2.698296080612907e-7,2.625780321665942e-8,2.625780330838823e-8,2.6261673956732967e-8
14.69,1.73,4.432353640575351e-7,2.6256195174340344e-8,2.625619526584955e-8,2.6261673956732967e-8
14.69,1.73,7.280801738650976e-7,2.6253918996769428e-8,2.625391908985496e-8,2.6261673956732967e-8
14.69,1.73,1.1959802456254818e-6,2.6250696949651294e-8,2.6250697040911335e-8,2.6261673956732967e-8
14.69,1.73,1.9645758795121526e-6,2.6246135685014254e-8,2.6246135780569768e-8,2.6261673956732967e-8
14.69,1.73,3.227108809261693e-6,2.6239677905164942e-8,2.6239677997250106e-8,2.6261673956732967e-8
14.69,1.73,5.301007395754297e-6,2.6230533554420567e-8,2.6230533653347593e-8,2.6261673956732967e-8
14.69,1.73,8.707695051742211e-6,2.6217581541874524e-8,2.621758163929129e-8,2.6261673956732967e-8
14.69,1.73,1.4303687479263852e-5,2.619922865677738e-8,2.6199228758283583e-8,2.6261673956732967e-8
14.69,1.73,2.3495939429288417e-5,2.61732054735198e-8,2.6173205587214966e-8,2.6261673956732967e-8
14.69,1.73,3.8595583863609565e-5,2.613626779184521e-8,2.6136267891739487e-8,2.6261673956732967e-8
14.69,1.73,6.33990012723672e-5,2.6083753031508188e-8,2.608375318533019e-8,2.6261673956732967e-8
14.69,1.73,0.00010414231266814445,2.6008907469469055e-8,2.600890756872221e-8,2.6261673956732967e-8
14.69,1.73,0.00017106927664800093,2.5901840343420702e-8,2.5901840587378797e-8,2.6261673956732967e-8
14.69,1.73,0.00028100679409841776,2.5747854173888135e-8,2.5747854338829918e-8,2.6261673956732967e-8
14.69,1.73,0.00046159555869258604,2.5524716670890994e-8,2.552471709230094e-8,2.6261673956732967e-8
14.69,1.73,0.0007582395311413588,2.5198148542749105e-8,2.519814910017077e-8,2.6261673956732967e-8
14.69,1.73,0.00124552148684853,2.471443248149198e-8,2.471443311492369e-8,2.6261673956732967e-8
14.69,1.73,0.002045954755044497,2.3988891211996447e-8,2.3988893313535403e-8,2.6261673956732967e-8
14.69,1.73,0.0033607857462825456,2.2890145729013665e-8,2.289014630121652e-8,2.6261673956732967e-8
14.69,1.73,0.005520591696647901,2.1225661759392207e-8,2.122566772557389e-8,2.6261673956732967e-8
14.69,1.73,0.009068395006973916,1.875044666166634e-8,1.8750448017147262e-8,2.6261673956732967e-8
14.69,1.73,0.01489619093772919,1.525292035125045e-8,1.525293026706561e-8,2.6261673956732967e-8
14.69,1.73,0.024469214704767362,1.0793540944607776e-8,1.0793546302298548e-8,2.6261673956732967e-8
14.69,1.73,0.04019433362333615,6.052660571934958e-9,6.0526666891451364e-9,2.6261673956732967e-8
14.69,1.73,0.06602518613354949,2.3177703585725496e-9,2.3177745985223615e-9,2.6261673956732967e-8
14.69,1.73,0.1084562128786955,4.814251494477076e-10,4.814255613190214e-10,2.6261673956732967e-8
14.69,1.73,0.17815550096589414,3.8531968674283844e-11,3.853209008824691e-11,2.6261673956732967e-8
14.69,1.73,0.292646974128703,7.371601225507785e-13,7.371607016249358e-13,2.6261673956732967e-8
14.69,1.73,0.480716289995901,1.838723789177582e-15,1.838721955953737e-15,2.6261673956732967e-8
14.69,1.73,0.789648183294706,3.087174849575215e-19,3.087175199138088e-19,2.6261673956732967e-8
14.69,1.73,1.297114881182717,1.9962693243696536e-24,1.9962643299673216e-24,2.6261673956732967e-8
14.69,1.73,2.1307045980472066,3.8206099127556017e-31,3.8194111654692254e-31,2.6261673956732967e-8
14.69,1.73,3.5000000000000004,2.4871585054857864e-39,2.424349218618003e-39,2.6261673956732967e-8
14.69,1.73,3.8,7.837193448314865e-41,7.450946854663298e-41,2.6261673956732967e-8
14.69,1.73,3.98,5.568735211846281e-42,5.690260718376116e-42,2.6261673956732967e-8
14.69,1.73,3.9998,4.819309623673392e-43,4.973783106408904e-43,2.6261673956732967e-8
14.69,4.71,1.0000000000000001e-7,2.944222746360806e-9,2.9441800266153444e-9,2.9445419980903295e-9
14.69,4.71,1.6426491045299075e-7,2.9440901211194624e-9,2.944047400972377e-9,2.9445419980903295e-9
14.69,4.71,2.698296080612907e-7,2.9439023948024037e-9,2.943859674075345e-9,2.9445419980903295e-9
14.69,4.71,4.432353640575351e-7,2.943636668104051e-9,2.943593946418571e-9,2.9445419980903295e-9
14.69,4.71,7.280801738650976e-7,2.9432605162970936e-9,2.9432177936197523e-9,2.9445419980903295e-9
14.69,4.71,1.1959802456254818e-6,2.942728015682644e-9,2.9426852908653494e-9,2.9445419980903295e-9
14.69,4.71,1.9645758795121526e-6,2.9419740981469736e-9,2.941931371438516e-9,2.9445419980903295e-9
14.69,4.71,3.227108809261693e-6,2.940906512458122e-9,2.940863781475305e-9,2.9445419980903295e-9
14.69,4.71,5.301007395754297e-6,2.9393943379185286e-9,2.939351602528204e-9,2.9445419980903295e-9
14.69,4.71,8.707695051742211e-6,2.9372514841983725e-9,2.937208740746293e-9,2.9445419980903295e-9
14.69,4.71,1.4303687479263852e-5,2.9342127991223473e-9,2.9341700440702235e-9,2.9445419980903295e-9
14.69,4.71,2.3495939429288417e-5,2.9298990700591204e-9,2.929856299143017e-9,2.9445419980903295e-9
14.69,4.71,3.8595583863609565e-5,2.9237649249585956e-9,2.9237221220148294e-9,2.9445419980903295e-9
14.69,4.71,6.33990012723672e-5,2.915019631479605e-9,2.914976791083114e-9,2.9445419980903295e-9
14.69,4.71,0.00010414231266814445,2.9025036288437393e-9,2.9024606971660595e-9,2.9445419980903295e-9
14.69,4.71,0.00017106927664800093,2.8844908757126443e-9,2.884447827817351e-9,2.9445419980903295e-9
14.69,4.71,0.00028100679409841776,2.858365207908996e-9,2.858321888435271e-9,2.9445419980903295e-9
14.69,4.71,0.00046159555869258604,2.820084686987068e-9,2.8200409373429273e-9,2.9445419980903295e-9
14.69,4.71,0.0007582395311413588,2.7633060487346147e-9,2.7632614716006933e-9,2.9445419980903295e-9
14.69,4.71,0.00124552148684853,2.678029780557445e-9,2.677983647528113e-9,2.9445419980903295e-9
14.69,4.71,0.002045954755044497,2.5487855035730716e-9,2.548737073540485e-9,2.9445419980903295e-9
14.69,4.71,0.0033607857462825456,2.353092611073255e-9,2.35303982222308e-9,2.9445419980903295e-9
14.69,4.71,0.005520591696647901,2.0629577883846676e-9,2.0629007456401574e-9,2.9445419980903295e-9
14.69,4.71,0.009068395006973916,1.6559889882872562e-9,1.6559267117254782e-9,2.9445419980903295e-9
14.69,4.71,0.01489619093772919,1.1446073384447945e-9,1.1445470315410167e-9,2.9445419980903295e-9
14.69,4.71,0.024469214704767362,6.153560845724112e-10,6.153073889263234e-10,2.9445419980903295e-9
14.69,4.71,0.04019433362333615,2.1812230737631252e-10,2.1809582519585842e-10,2.9445419980903295e-9
14.69,4.71,0.06602518613354949,3.916014026749045e-11,3.9152734172697744e-11,2.9445419980903295e-9
14.69,4.71,0.1084562128786955,2.3585878680531077e-12,2.357871879823304e-12,2.9445419980903295e-9
14.69,4.71,0.17815550096589414,2.5533576158420157e-14,2.552139015931453e-14,2.9445419980903295e-9
14.69,4.71,0.292646974128703,2.0182845001379238e-17,2.0167407258099687e-17,2.9445419980903295e-9
14.69,4.71,0.480716289995901,3.4920226061302225e-22,3.487835002454966e-22,2.9445419980903295e-9
14.69,4.71,0.789648183294706,3.1744140598299585e-29,3.16855472249934e-29,2.9445419980903295e-9
14.69,4.71,1.297114881182717,3.780611277271075e-39,3.770201697814087e-39,2.9445419980903295e-9
14.69,4.71,2.1307045980472066,2.3088246734957096e-52,2.2950904567370533e-52,2.9445419980903295e-9
14.69,4.71,3.5000000000000004,6.380542812073082e-69,5.584740549022779e-69,2.9445419980903295e-9
14.69,4.71,3.8,5.685338217894757e-72,4.1355773473409915e-72,2.9445419980903295e-9
14.69,4.71,3.98,6.573493574697588e-74,7.205762324807816e-74,2.9445419980903295e-9
14.69,4.71,3.9998,4.867415867334235e-75,5.618144272319946e-75,2.9445419980903295e-9
15.19,0.00113,1.0000000000000001e-7,7.17993092849805e-7,7.179931649536881e-7,7.180675118898371e-7
15.19,0.00113,1.6426491045299075e-7,7.179621773505612e-7,7.179622497700548e-7,7.180675118898371e-7
15.19,0.00113,2.698296080612907e-7,7.179184176274744e-7,7.179184904627872e-7,7.180675118898371e-7
15.19,0.00113,4.432353640575351e-7,7.178564758726832e-7,7.178565493677455e-7,7.180675118898371e-7
15.19,0.00113,7.280801738650976e-7,7.17768794024794e-7,7.177688683282321e-7,7.180675118898371e-7
15.19,0.00113,1.1959802456254818e-6,7.176446677313673e-7,7.176447433709595e-7,7.180675118898371e-7
15.19,0.00113,1.9645758795121526e-6,7.174689308605361e-7,7.17469008158071e-7,7.180675118898371e-7
15.19,0.00113,3.227108809261693e-6,7.172200827547969e-7,7.172201626527419e-7,7.180675118898371e-7
15.19,0.00113,5.301007395754297e-6,7.168676132215303e-7,7.168676966363493e-7,7.180675118898371e-7
15.19,0.00113,8.707695051742211e-6,7.163681619007033e-7,7.163682502795974e-7,7.180675118898371e-7
15.19,0.00113,1.4303687479263852e-5,7.156599614199566e-7,7.156600573495007e-7,7.180675118898371e-7
15.19,0.00113,2.3495939429288417e-5,7.146547067145362e-7,7.146548122606382e-7,7.180675118898371e-7
15.19,0.00113,3.8595583863609565e-5,7.132254707896191e-7,7.132255925870294e-7,7.180675118898371e-7
15.19,0.00113,6.33990012723672e-5,7.111883719299562e-7,7.111885136693251e-7,7.180675118898371e-7
15.19,0.00113,0.00010414231266814445,7.082740643049784e-7,7.082742411141374e-7,7.180675118898371e-7
15.19,0.00113,0.00017106927664800093,7.040822183389276e-7,7.040824413060928e-7,7.180675118898371e-7
15.19,0.00113,0.00028100679409841776,6.980071604329571e-7,6.98007460490831e-7,7.180675118898371e-7
15.19,0.00113,0.00046159555869258604,6.891149839531714e-7,6.891154043556548e-7,7.180675118898371e-7
15.19,0.00113,0.0007582395311413588,6.759426317956327e-7,6.759432271094322e-7,7.180675118898371e-7
15.19,0.00113,0.00124552148684853,6.56185850578136e-7,6.561867807701363e-7,7.180675118898371e-7
15.19,0.00113,0.002045954755044497,6.262762040124084e-7,6.262775393828773e-7,7.180675118898371e-7
15.19,0.00113,0.0033607857462825456,5.810022692526816e-7,5.810044356332719e-7,7.180675118898371e-7
15.19,0.00113,0.005520591696647901,5.137742750128613e-7,5.137772819526065e-7,7.180675118898371e-7
15.19,0.00113,0.009068395006973916,4.189801132068537e-7,4.1898434317009966e-7,7.180675118898371e-7
15.19,0.00113,0.01489619093772919,2.9836965985694966e-7,2.983745275797166e-7,7.180675118898371e-7
15.19,0.00113,0.024469214704767362,1.7007906346375844e-7,1.7008350638184686e-7,7.180675118898371e-7
15.19,0.00113,0.04019433362333615,6.792926456026247e-8,6.793208061937729e-8,7.180675118898371e-7
15.19,0.00113,0.06602518613354949,1.5682930964361678e-8,1.5683889421371397e-8,7.180675118898371e-7
15.19,0.00113,0.1084562128786955,1.6202197349416403e-9,1.620361788597107e-9,7.180675118898371e-7
15.19,0.00113,0.17815550096589414,5.545415464090525e-11,5.546069409118564e-11,7.180675118898371e-7
15.19,0.00113,0.292646974128703,4.711327817439064e-13,4.712001570415004e-13,7.180675118898371e-7
15.19,0.00113,0.480716289995901,8.21844408215891e-16,8.219800441394587e-16,7.180675118898371e-7
15.19,0.00113,0.789648183294706,2.892636805876208e-19,2.893137583309217e-19,7.180675118898371e-7
15.19,0.00113,1.297114881182717,2.4151195304828136e-23,2.4155309210016192e-23,7.180675118898371e-7
15.19,0.00113,2.1307045980472066,6.303874588704429e-28,6.304909965834731e-28,7.180675118898371e-7
15.19,0.00113,3.5000000000000004,6.867875136575507e-33,6.84008827951865e-33,7.180675118898371e-7
15.19,0.00113,3.8,8.653139938681797e-34,8.670112642883555e-34,7.180675118898371e-7
15.19,0.00113,3.98,1.2121616638022294e-34,1.217556019713992e-34,7.180675118898371e-7
15.19,0.00113,3.9998,1.1168904798324715e-35,1.12185698372205e-35,7.180675118898371e-7
15.19,0.0037,1.0000000000000001e-7,7.089868582050474e-7,7.089868588373942e-7,7.090604459547698e-7
15.19,0.0037,1.6426491045299075e-7,7.089562880418221e-7,7.089562886583328e-7,7.090604459547698e-7
15.19,0.0037,2.698296080612907e-7,7.089130171256909e-7,7.089130177772824e-7,7.090604459547698e-7
15.19,0.0037,4.432353640575351e-7,7.088517672684112e-7,7.088517679119901e-7,7.090604459547698e-7
15.19,0.0037,7.280801738650976e-7,7.087650648216284e-7,7.087650654915664e-7,7.090604459547698e-7
15.19,0.0037,1.1959802456254818e-6,7.086423249736225e-7,7.086423256941789e-7,7.090604459547698e-7
15.19,0.0037,1.9645758795121526e-6,7.084685509328524e-7,7.084685516066763e-7,7.090604459547698e-7
15.19,0.0037,3.227108809261693e-6,7.082224820499545e-7,7.082224829382589e-7,7.090604459547698e-7
15.19,0.0037,5.301007395754297e-6,7.07873948574292e-7,7.078739492597095e-7,7.090604459547698e-7
15.19,0.0037,8.707695051742211e-6,7.073800736666259e-7,7.073800748559049e-7,7.090604459547698e-7
15.19,0.0037,1.4303687479263852e-5,7.066797780590994e-7,7.066797789687725e-7,7.090604459547698e-7
15.19,0.0037,2.3495939429288417e-5,7.056857389570967e-7,7.056857405911196e-7,7.090604459547698e-7
15.19,0.0037,3.8595583863609565e-5,7.04272438111365e-7,7.042724399643147e-7,7.090604459547698e-7
15.19,0.0037,6.33990012723672e-5,7.022580281518654e-7,7.022580302855506e-7,7.090604459547698e-7
15.19,0.0037,0.00010414231266814445,6.993761299928863e-7,6.993761349123269e-7,7.090604459547698e-7
15.19,0.0037,0.00017106927664800093,6.952307985465523e-7,6.952308010938353e-7,7.090604459547698e-7
15.19,0.0037,0.00028100679409841776,6.892229498070312e-7,6.892229639035032e-7,7.090604459547698e-7
15.19,0.0037,0.00046159555869258604,6.804287713003962e-7,6.804287771103532e-7,7.090604459547698e-7
15.19,0.0037,0.0007582395311413588,6.674009483964676e-7,6.674009860239783e-7,7.090604459547698e-7
15.19,0.0037,0.00124552148684853,6.478600417385673e-7,6.4786007350949e-7,7.090604459547698e-7
15.19,0.0037,0.002045954755044497,6.182764734287347e-7,6.182765506472181e-7,7.090604459547698e-7
15.19,0.0037,0.0033607857462825456,5.734973096459436e-7,5.734974412593138e-7,7.090604459547698e-7
15.19,0.0037,0.005520591696647901,5.070121147583263e-7,5.070122093912463e-7,7.090604459547698e-7
15.19,0.0037,0.009068395006973916,4.1329149399225106e-7,4.1329179234082785e-7,7.090604459547698e-7
15.19,0.0037,0.01489619093772919,2.9410948003603696e-7,2.9410954899828077e-7,7.090604459547698e-7
15.19,0.0037,0.024469214704767362,1.6745219718660097e-7,1.674524397025887e-7,7.090604459547698e-7
15.19,0.0037,0.04019433362333615,6.67503059200829e-8,6.675035191159659e-8,7.090604459547698e-7
15.19,0.0037,0.06602518613354949,1.5362623613806974e-8,1.5362643130422056e-8,7.090604459547698e-7
15.19,0.0037,0.1084562128786955,1.5793401902741374e-9,1.5793413348716943e-9,7.090604459547698e-7
15.19,0.0037,0.17815550096589414,5.365103921356514e-11,5.3651021106438414e-11,7.090604459547698e-7
15.19,0.0037,0.292646974128703,4.5084208596467697e-13,4.508409666587256e-13,7.090604459547698e-7
15.19,0.0037,0.480716289995901,7.745905273814789e-16,7.745906462152116e-16,7.090604459547698e-7
15.19,0.0037,0.789648183294706,2.672916086383208e-19,2.6729101101870192e-19,7.090604459547698e-7
15.19,0.0037,1.297114881182717,2.1783602523733782e-23,2.1783612989592314e-23,7.090604459547698e-7
15.19,0.0037,2.1307045980472066,5.529339322740966e-28,5.529316797507434e-28,7.090604459547698e-7
15.19,0.0037,3.5000000000000004,5.842044569654707e-33,5.83874109196122e-33,7.090604459547698e-7
15.19,0.0037,3.8,7.324971066598004e-34,7.31424789362056e-34,7.090604459547698e-7
15.19,0.0037,3.98,1.0237283901342097e-34,1.0218163577293966e-34,7.090604459547698e-7
15.19,0.0037,3.9998,9.430601030850429e-36,9.413725051234874e-36,7.090604459547698e-7
15.19,0.0127,1.0000000000000001e-7,6.785690370466369e-7,6.785690372471205e-7,6.786398091728127e-7
15.19,0.0127,1.6426491045299075e-7,6.785396365546339e-7,6.785396367831082e-7,6.786398091728127e-7
15.19,0.0127,2.698296080612907e-7,6.784980212535173e-7,6.784980214599011e-7,6.786398091728127e-7
15.19,0.0127,4.432353640575351e-7,6.784391148901632e-7,6.784391151430018e-7,6.786398091728127e-7
15.19,0.0127,7.280801738650976e-7,6.783557297284217e-7,6.783557299697266e-7,6.786398091728127e-7
15.19,0.0127,1.1959802456254818e-6,6.782376858491732e-7,6.782376861233436e-7,6.786398091728127e-7
15.19,0.0127,1.9645758795121526e-6,6.780705600298727e-7,6.780705603722583e-7,6.786398091728127e-7
15.19,0.0127,3.227108809261693e-6,6.77833904551492e-7,6.778339048240349e-7,6.786398091728127e-7
15.19,0.0127,5.301007395754297e-6,6.77498702781452e-7,6.774987033465797e-7,6.786398091728127e-7
15.19,0.0127,8.707695051742211e-6,6.77023715643352e-7,6.770237159200545e-7,6.786398091728127e-7
15.19,0.0127,1.4303687479263852e-5,6.763501946335449e-7,6.763501956059186e-7,6.786398091728127e-7
15.19,0.0127,2.3495939429288417e-5,6.753941442215115e-7,6.753941447935565e-7,6.786398091728127e-7
15.19,0.0127,3.8595583863609565e-5,6.740348182356124e-7,6.740348198316423e-7,6.786398091728127e-7
15.19,0.0127,6.33990012723672e-5,6.720972610116118e-7,6.720972629406115e-7,6.786398091728127e-7
15.19,0.0127,0.00010414231266814445,6.693251447194242e-7,6.693251470322922e-7,6.786398091728127e-7
15.19,0.0127,0.00017106927664800093,6.6533738052606e-7,6.653373872239432e-7,6.786398091728127e-7
15.19,0.0127,0.00028100679409841776,6.595572155391036e-7,6.595572182837829e-7,6.786398091728127e-7
15.19,0.0127,0.00046159555869258604,6.510950500067153e-7,6.510950715689191e-7,6.786398091728127e-7
15.19,0.0127,0.0007582395311413588,6.385569329877057e-7,6.385569402602585e-7,6.786398091728127e-7
15.19,0.0127,0.00124552148684853,6.19747543402684e-7,6.197476012297601e-7,6.786398091728127e-7
15.19,0.0127,0.002045954755044497,5.912690149426685e-7,5.912690606442712e-7,6.786398091728127e-7
15.19,0.0127,0.0033607857462825456,5.481665745211706e-7,5.481666807369795e-7,6.786398091728127e-7
15.19,0.0127,0.005520591696647901,4.84198269034288e-7,4.84198440249976e-7,6.786398091728127e-7
15.19,0.0127,0.009068395006973916,3.9411371014701166e-7,3.9411380922922837e-7,6.786398091728127e-7
15.19,0.0127,0.01489619093772919,2.7976567044794277e-7,2.7976595384359993e-7,6.786398091728127e-7
15.19,0.0127,0.024469214704767362,1.586270684793601e-7,1.5862711183526339e-7,6.786398091728127e-7
15.19,0.0127,0.04019433362333615,6.280428016679816e-8,6.280438237525855e-8,6.786398091728127e-7
15.19,0.0127,0.06602518613354949,1.4297212801822688e-8,1.4297223095846843e-8,6.786398091728127e-7
15.19,0.0127,0.1084562128786955,1.4447398405473715e-9,1.444740416107747e-9,6.786398091728127e-7
15.19,0.0127,0.17815550096589414,4.7807596093677774e-11,4.7807583638281526e-11,6.786398091728127e-7
15.19,0.0127,0.292646974128703,3.866162314785361e-13,3.866158608438681e-13,6.786398091728127e-7
15.19,0.0127,0.480716289995901,6.298507206070367e-16,6.298489139408315e-16,6.786398091728127e-7
15.19,0.0127,0.789648183294706,2.0280590803250644e-19,2.0280597072472154e-19,6.786398091728127e-7
15.19,0.0127,1.297114881182717,1.5186717052012493e-23,1.5186695789607807e-23,6.786398091728127e-7
15.19,0.0127,2.1307045980472066,3.495817959926347e-28,3.495798813247141e-28,6.786398091728127e-7
15.19,0.0127,3.5000000000000004,3.317235510777986e-33,3.29948245425027e-33,6.786398091728127e-7
15.19,0.0127,3.8,4.08902670172017e-34,4.084522550524596e-34,6.786398091728127e-7
15.19,0.0127,3.98,5.668470384807367e-35,5.710154585650491e-35,6.786398091728127e-7
15.19,0.0127,3.9998,5.217786094156467e-36,5.259835727692395e-36,6.786398091728127e-7
15.19,0.047,1.0000000000000001e-7,5.7695786052407e-7,5.7695786414067e-7,5.770191298944715e-7
15.19,0.047,1.6426491045299075e-7,5.7693240768523e-7,5.769324113166835e-7,5.770191298944715e-7
15.19,0.047,2.698296080612907e-7,5.768963801053177e-7,5.768963837206539e-7,5.770191298944715e-7
15.19,0.047,4.432353640575351e-7,5.768453830686101e-7,5.768453867313932e-7,5.770191298944715e-7
15.19,0.047,7.280801738650976e-7,5.767731938057565e-7,5.767731974274158e-7,5.770191298944715e-7
15.19,0.047,1.1959802456254818e-6,5.766709989380315e-7,5.766710026487687e-7,5.770191298944715e-7
15.19,0.047,1.9645758795121526e-6,5.76526311098884e-7,5.765263147747084e-7,5.770191298944715e-7
15.19,0.047,3.227108809261693e-6,5.763214263429726e-7,5.763214301042151e-7,5.770191298944715e-7
15.19,0.047,5.301007395754297e-6,5.760312201086697e-7,5.76031223958391e-7,5.770191298944715e-7
15.19,0.047,8.707695051742211e-6,5.756199814323594e-7,5.756199852101236e-7,5.770191298944715e-7
15.19,0.047,1.4303687479263852e-5,5.750368296162184e-7,5.750368338888662e-7,5.770191298944715e-7
15.19,0.047,2.3495939429288417e-5,5.742090019194903e-7,5.742090056938315e-7,5.770191298944715e-7
15.19,0.047,3.8595583863609565e-5,5.730318651365245e-7,5.730318703093607e-7,5.770191298944715e-7
15.19,0.047,6.33990012723672e-5,5.713537387991668e-7,5.713537430724993e-7,5.770191298944715e-7
15.19,0.047,0.00010414231266814445,5.689522517438151e-7,5.689522586757071e-7,5.770191298944715e-7
15.19,0.047,0.00017106927664800093,5.654965258817394e-7,5.654965331322458e-7,5.770191298944715e-7
15.19,0.047,0.00028100679409841776,5.604853209654553e-7,5.604853307629452e-7,5.770191298944715e-7
15.19,0.047,0.00046159555869258604,5.531447907074611e-7,5.531448103199481e-7,5.770191298944715e-7
15.19,0.047,0.0007582395311413588,5.422616146765384e-7,5.422616271792034e-7,5.770191298944715e-7
15.19,0.047,0.00124552148684853,5.259252493264289e-7,5.259253085254888e-7,5.770191298944715e-7
15.19,0.047,0.002045954755044497,5.011835238435501e-7,5.011835447866879e-7,5.770191298944715e-7
15.19,0.047,0.0033607857462825456,4.6375110548851174e-7,4.637512445585147e-7,5.770191298944715e-7
15.19,0.047,0.005520591696647901,4.0828925587782737e-7,4.0828934004660317e-7,5.770191298944715e-7
15.19,0.047,0.009068395006973916,3.3047501875895794e-7,3.3047520500929963e-7,5.770191298944715e-7
15.19,0.047,0.01489619093772919,2.3238904784092874e-7,2.3238923354494876e-7,5.770191298944715e-7
15.19,0.047,0.024469214704767362,1.297105729850226e-7,1.2971065831757186e-7,5.770191298944715e-7
15.19,0.047,0.04019433362333615,5.004929662121696e-8,5.004938156189375e-8,5.770191298944715e-7
15.19,0.047,0.06602518613354949,1.0930645045117134e-8,1.09306513570276e-8,5.770191298944715e-7
15.19,0.047,0.1084562128786955,1.0347618013587482e-9,1.0347623929756252e-9,5.770191298944715e-7
15.19,0.047,0.17815550096589414,3.099587687249631e-11,3.099589314330885e-11,5.770191298944715e-7
15.19,0.047,0.292646974128703,2.1667647189607912e-13,2.1667593044683056e-13,5.770191298944715e-7
15.19,0.047,0.480716289995901,2.8841459312094723e-16,2.884142048559999e-16,5.770191298944715e-7
15.19,0.047,0.789648183294706,7.136402306866195e-20,7.136397839795451e-20,5.770191298944715e-7
15.19,0.047,1.297114881182717,3.871784753817589e-24,3.871782143789696e-24,5.770191298944715e-7
15.19,0.047,2.1307045980472066,6.140964103890454e-29,6.141029912402534e-29,5.770191298944715e-7
15.19,0.047,3.5000000000000004,3.868361525552731e-34,3.8463963038899914e-34,5.770191298944715e-7
15.19,0.047,3.8,4.467624381262924e-35,4.4774467007259525e-35,5.770191298944715e-7
15.19,0.047,3.98,6.003657979318028e-36,6.047586855810306e-36,5.770191298944715e-7
15.19,0.047,3.9998,5.510124055940086e-37,5.551487488004746e-37,5.770191298944715e-7
15.19,0.173,1.0000000000000001e-7,3.3758422465454413e-7,3.375842243476459e-7,3.3762234086482947e-7
15.19,0.173,1.6426491045299075e-7,3.375683901615432e-7,3.3756838986408436e-7,3.3762234086482947e-7
15.19,0.173,2.698296080612907e-7,3.3754597692711575e-7,3.375459766317005e-7,3.3762234086482947e-7
15.19,0.173,4.432353640575351e-7,3.375142508165682e-7,3.375142505218712e-7,3.3762234086482947e-7
15.19,0.173,7.280801738650976e-7,3.3746934025720574e-7,3.3746933999037236e-7,3.3762234086482947e-7
15.19,0.173,1.1959802456254818e-6,3.3740576160056513e-7,3.3740576130356833e-7,3.3762234086482947e-7
15.19,0.173,1.9645758795121526e-6,3.3731574458636176e-7,3.373157443753336e-7,3.3762234086482947e-7
15.19,0.173,3.227108809261693e-6,3.3718827142500994e-7,3.3718827114195287e-7,3.3762234086482947e-7
15.19,0.173,5.301007395754297e-6,3.3700770282117367e-7,3.3700770269694586e-7,3.3762234086482947e-7
15.19,0.173,8.707695051742211e-6,3.3675180221228114e-7,3.367518020349997e-7,3.3762234086482947e-7
15.19,0.173,1.4303687479263852e-5,3.36388870524598e-7,3.3638887049878063e-7,3.3762234086482947e-7
15.19,0.173,2.3495939429288417e-5,3.3587354000947166e-7,3.358735401884695e-7,3.3762234086482947e-7
15.19,0.173,3.8595583863609565e-5,3.351404950225698e-7,3.351404950489689e-7,3.3762234086482947e-7
15.19,0.173,6.33990012723672e-5,3.3409489267865366e-7,3.3409489385276726e-7,3.3762234086482947e-7
15.19,0.173,0.00010414231266814445,3.325973717008973e-7,3.325973717816851e-7,3.3762234086482947e-7
15.19,0.173,0.00017106927664800093,3.304399706040582e-7,3.3043997438040747e-7,3.3762234086482947e-7
15.19,0.173,0.00028100679409841776,3.2730661885104497e-7,3.273066205078125e-7,3.3762234086482947e-7
15.19,0.173,0.00046159555869258604,3.227078267908696e-7,3.2270783651023687e-7,3.3762234086482947e-7
15.19,0.173,0.0007582395311413588,3.1587466064293247e-7,3.1587467228663424e-7,3.3762234086482947e-7
15.19,0.173,0.00124552148684853,3.055975016644497e-7,3.055975201404535e-7,3.3762234086482947e-7
15.19,0.173,0.002045954755044497,2.9001932831980475e-7,2.900193772047334e-7,3.3762234086482947e-7
15.19,0.173,0.0033607857462825456,2.6649026877725725e-7,2.6649028969346406e-7,3.3762234086482947e-7
15.19,0.173,0.005520591696647901,2.3184626073911601e-7,2.3184638288068637e-7,3.3762234086482947e-7
15.19,0.173,0.009068395006973916,1.839038699732894e-7,1.8390389831971127e-7,3.3762234086482947e-7
15.19,0.173,0.01489619093772919,1.2498670472579018e-7,1.2498684366923376e-7,3.3762234086482947e-7
15.19,0.173,0.024469214704767362,6.591421038750406e-8,6.591425776802988e-8,3.3762234086482947e-7
15.19,0.173,0.04019433362333615,2.3174144583499573e-8,2.317417608231962e-8,3.3762234086482947e-7
15.19,0.173,0.06602518613354949,4.357188883596339e-9,4.357195431844081e-9,3.3762234086482947e-7
15.19,0.173,0.1084562128786955,3.2582407768097e-10,3.2582427533214345e-10,3.3762234086482947e-7
15.19,0.173,0.17815550096589414,6.807047830336641e-12,6.807040725298174e-12,3.3762234086482947e-7
15.19,0.173,0.292646974128703,2.8053179840490034e-14,2.8053199374820998e-14,3.3762234086482947e-7
15.19,0.173,0.480716289995901,1.7907317258066163e-17,1.790724981822392e-17,3.3762234086482947e-7
15.19,0.173,0.789648183294706,1.695052762203673e-21,1.6950530456877926e-21,3.3762234086482947e-7
15.19,0.173,1.297114881182717,2.827963823686921e-26,2.827962003784656e-26,3.3762234086482947e-7
15.19,0.173,2.1307045980472066,1.1437567117070119e-31,1.1436952902178488e-31,3.3762234086482947e-7
15.19,0.173,3.5000000000000004,1.5955202078494276e-37,1.5850097154523406e-37,3.3762234086482947e-7
15.19,0.173,3.8,1.4462378977800214e-38,1.4311640798677486e-38,3.3762234086482947e-7
15.19,0.173,3.98,1.7314196318514147e-39,1.7432801282441107e-39,3.3762234086482947e-7
15.19,0.173,3.9998,1.57198838459943e-40,1.5864870041244346e-40,3.3762234086482947e-7
15.19,0.61,1.0000000000000001e-7,8.820987983171028e-8,8.820987821606062e-8,8.822167874989221e-8
15.19,0.61,1.6426491045299075e-7,8.820497818523303e-8,8.820497657411315e-8,8.822167874989221e-8
15.19,0.61,2.698296080612907e-7,8.819803997783784e-8,8.819803836483764e-8,8.822167874989221e-8
15.19,0.61,4.432353640575351e-7,8.818821870992605e-8,8.818821710184986e-8,8.822167874989221e-8
15.19,0.61,7.280801738650976e-7,8.817431559529766e-8,8.817431399069118e-8,8.822167874989221e-8
15.19,0.61,1.1959802456254818e-6,8.81546323898871e-8,8.815463078362482e-8,8.822167874989221e-8
15.19,0.61,1.9645758795121526e-6,8.812676202910857e-8,8.812676044410867e-8,8.822167874989221e-8
15.19,0.61,3.227108809261693e-6,8.808728991344849e-8,8.808728830789617e-8,8.822167874989221e-8
15.19,0.61,5.301007395754297e-6,8.803136576624815e-8,8.803136421888315e-8,8.822167874989221e-8
15.19,0.61,8.707695051742211e-6,8.79520857516063e-8,8.795208416485565e-8,8.822167874989221e-8
15.19,0.61,1.4303687479263852e-5,8.78395917050858e-8,8.783959021848906e-8,8.822167874989221e-8
15.19,0.61,2.3495939429288417e-5,8.767973905092237e-8,8.767973755797438e-8,8.822167874989221e-8
15.19,0.61,3.8595583863609565e-5,8.745208879529542e-8,8.745208738844897e-8,8.822167874989221e-8
15.19,0.61,6.33990012723672e-5,8.712680785835181e-8,8.712680668697505e-8,8.822167874989221e-8
15.19,0.61,0.00010414231266814445,8.665975624560936e-8,8.665975491366825e-8,8.822167874989221e-8
15.19,0.61,0.00017106927664800093,8.598450563761121e-8,8.5984505466676e-8,8.822167874989221e-8
15.19,0.61,0.00028100679409841776,8.49991631255051e-8,8.499916201428199e-8,8.822167874989221e-8
15.19,0.61,0.00046159555869258604,8.354467386210026e-8,8.354467643935622e-8,8.822167874989221e-8
15.19,0.61,0.0007582395311413588,8.137036640891831e-8,8.137036752671463e-8,8.822167874989221e-8
15.19,0.61,0.00124552148684853,7.808456387544958e-8,7.808457183760208e-8,8.822167874989221e-8
15.19,0.61,0.002045954755044497,7.310119439769137e-8,7.310120582252826e-8,8.822167874989221e-8
15.19,0.61,0.0033607857462825456,6.563565607748799e-8,6.563566830844069e-8,8.822167874989221e-8
15.19,0.61,0.005520591696647901,5.489693265706642e-8,5.4896966571699065e-8,8.822167874989221e-8
15.19,0.61,0.009068395006973916,4.07265060493803e-8,4.072651516726336e-8,8.822167874989221e-8
15.19,0.61,0.01489619093772919,2.4731617153662937e-8,2.4731656139654467e-8,8.822167874989221e-8
15.19,0.61,0.024469214704767362,1.081779622497635e-8,1.0817802758862607e-8,8.822167874989221e-8
15.19,0.61,0.04019433362333615,2.800045167090538e-9,2.8000521081785307e-9,8.822167874989221e-8
15.19,0.61,0.06602518613354949,3.214772128943834e-10,3.214778052888166e-10,8.822167874989221e-8
15.19,0.61,0.1084562128786955,1.1037957924989363e-11,1.10379734917408e-11,8.822167874989221e-8
15.19,0.61,0.17815550096589414,6.984919827289484e-14,6.98492102226891e-14,8.822167874989221e-8
15.19,0.61,0.292646974128703,4.93888756223797e-17,4.938891484335085e-17,8.822167874989221e-8
15.19,0.61,0.480716289995901,2.6615137381982506e-21,2.6615022621384074e-21,8.822167874989221e-8
15.19,0.61,0.789648183294706,9.649441124338664e-27,9.649463272999854e-27,8.822167874989221e-8
15.19,0.61,1.297114881182717,2.832946391202097e-33,2.8329558991898215e-33,8.822167874989221e-8
15.19,0.61,2.1307045980472066,1.0232935133648623e-40,1.023143231822366e-40,8.822167874989221e-8
15.19,0.61,3.5000000000000004,7.524236143814819e-49,7.289925992007529e-49,8.822167874989221e-8
15.19,0.61,3.8,2.8653718367101297e-50,2.800052791701919e-50,8.822167874989221e-8
15.19,0.61,3.98,2.265234494355755e-51,2.3657220684526223e-51,8.822167874989221e-8
15.19,0.61,3.9998,1.9801791026050614e-52,2.0826999639502207e-52,8.822167874989221e-8
15.19,1.73,1.0000000000000001e-7,1.4209856430955466e-8,1.420985648071097e-8,1.42123696407238e-8
15.19,1.73,1.6426491045299075e-7,1.4208812334315258e-8,1.420881238348135e-8,1.42123696407238e-8
15.19,1.73,2.698296080612907e-7,1.4207334393093161e-8,1.4207334443490803e-8,1.42123696407238e-8
15.19,1.73,4.432353640575351e-7,1.4205242230003143e-8,1.4205242279957266e-8,1.42123696407238e-8
15.19,1.73,7.280801738650976e-7,1.4202280337408248e-8,1.4202280388414724e-8,1.42123696407238e-8
15.19,1.73,1.1959802456254818e-6,1.4198086611107453e-8,1.4198086663499814e-8,1.42123696407238e-8
15.19,1.73,1.9645758795121526e-6,1.4192147488080835e-8,1.419214753911138e-8,1.42123696407238e-8
15.19,1.73,3.227108809261693e-6,1.4183733718777335e-8,1.418373377678279e-8,1.42123696407238e-8
15.19,1.73,5.301007395754297e-6,1.4171807832205891e-8,1.4171807882999054e-8,1.42123696407238e-8
15.19,1.73,8.707695051742211e-6,1.4154889565932392e-8,1.4154889634740062e-8,1.42123696407238e-8
15.19,1.73,1.4303687479263852e-5,1.4130857536243757e-8,1.413085759338527e-8,1.42123696407238e-8
15.19,1.73,2.3495939429288417e-5,1.4096651594382893e-8,1.4096651681128037e-8,1.42123696407238e-8
15.19,1.73,3.8595583863609565e-5,1.4047815787628202e-8,1.404781587854348e-8,1.42123696407238e-8
15.19,1.73,6.33990012723672e-5,1.3977777955504687e-8,1.3977778065983815e-8,1.42123696407238e-8
15.19,1.73,0.00010414231266814445,1.3876684698059283e-8,1.3876684917289674e-8,1.42123696407238e-8
15.19,1.73,0.00017106927664800093,1.3729481695655632e-8,1.372948182304412e-8,1.42123696407238e-8
15.19,1.73,0.00028100679409841776,1.351274229002569e-8,1.3512742928178125e-8,1.42123696407238e-8
15.19,1.73,0.00046159555869258604,1.3189568087575677e-8,1.3189568311817604e-8,1.42123696407238e-8
15.19,1.73,0.0007582395311413588,1.2702043914938929e-8,1.2702045588653843e-8,1.42123696407238e-8
15.19,1.73,0.00124552148684853,1.196228763277412e-8,1.196228879544517e-8,1.42123696407238e-8
15.19,1.73,0.002045954755044497,1.0848669703903006e-8,1.0848672741429723e-8,1.42123696407238e-8
15.19,1.73,0.0033607857462825456,9.227209956882797e-9,9.227214179777832e-9,1.42123696407238e-8
15.19,1.73,0.005520591696647901,7.03712144903341e-9,7.037124222238356e-9,1.42123696407238e-8
15.19,1.73,0.009068395006973916,4.4656817263237164e-9,4.465688325912475e-9,1.42123696407238e-8
15.19,1.73,0.01489619093772919,2.087723956042776e-9,2.0877248398438737e-9,1.42123696407238e-8
15.19,1.73,0.024469214704767362,5.924011158354876e-10,5.924030961398153e-10,1.42123696407238e-8
15.19,1.73,0.04019433362333615,7.559407338925481e-11,7.559417678902129e-11,1.42123696407238e-8
15.19,1.73,0.06602518613354949,2.7750395079538844e-12,2.775050877993042e-12,1.42123696407238e-8
15.19,1.73,0.1084562128786955,1.564184693707523e-14,1.5641892724095905e-14,1.42123696407238e-8
15.19,1.73,0.17815550096589414,6.052782957054324e-18,6.052786803892473e-18,1.42123696407238e-8
15.19,1.73,0.292646974128703,6.589883001305983e-23,6.589858518665046e-23,1.42123696407238e-8
15.19,1.73,0.480716289995901,9.303608113340084e-30,9.303616277282237e-30,1.42123696407238e-8
15.19,1.73,0.789648183294706,1.1459841690712134e-38,1.1459752184372388e-38,1.42123696407238e-8
15.19,1.73,1.297114881182717,1.4220374039723038e-49,1.4220405666915316e-49,1.42123696407238e-8
15.19,1.73,2.1307045980472066,3.3136135359037058e-62,3.3130935793180736e-62,1.42123696407238e-8
15.19,1.73,3.5000000000000004,3.44822973634961e-76,3.477592748526744e-76,1.42123696407238e-8
15.19,1.73,3.8,1.2988829531064345e-78,1.2791640440203824e-78,1.42123696407238e-8
15.19,1.73,3.98,3.278878682475181e-80,3.421343565432787e-80,1.42123696407238e-8
15.19,1.73,3.9998,2.595653684980335e-81,2.71635955148732e-81,1.42123696407238e-8
15.19,4.71,1.0000000000000001e-7,1.5954354157174813e-9,1.5954122103790114e-9,1.5958507026194372e-9
15.19,4.71,1.6426491045299075e-7,1.5952628767389595e-9,1.5952396707353062e-9,1.5958507026194372e-9
15.19,4.71,2.698296080612907e-7,1.595018630192558e-9,1.594995423561618e-9,1.5958507026194372e-9
15.19,4.71,4.432353640575351e-7,1.5946728446927154e-9,1.5946496368502814e-9,1.5958507026194372e-9
15.19,4.71,7.280801738650976e-7,1.5941832407401163e-9,1.5941600313510185e-9,1.5958507026194372e-9
15.19,4.71,1.1959802456254818e-6,1.5934898485547089e-9,1.593466637039926e-9,1.5958507026194372e-9
15.19,4.71,1.9645758795121526e-6,1.592507499104202e-9,1.5924842837407892e-9,1.5958507026194372e-9
15.19,4.71,3.227108809261693e-6,1.5911149971350406e-9,1.5910917777872472e-9,1.5958507026194372e-9
15.19,4.71,5.301007395754297e-6,1.5891393577467443e-9,1.589116129180385e-9,1.5958507026194372e-9
15.19,4.71,8.707695051742211e-6,1.5863325366539982e-9,1.5863092987776997e-9,1.5958507026194372e-9
15.19,4.71,1.4303687479263852e-5,1.5823364336550817e-9,1.5823131739793758e-9,1.5958507026194372e-9
15.19,4.71,2.3495939429288417e-5,1.5766290155018606e-9,1.5766057271611563e-9,1.5958507026194372e-9
15.19,4.71,3.8595583863609565e-5,1.5684391552943684e-9,1.5684158105838681e-9,1.5958507026194372e-9
15.19,4.71,6.33990012723672e-5,1.5566085679359252e-9,1.5565851206940592e-9,1.5958507026194372e-9
15.19,4.71,0.00010414231266814445,1.5393639887363488e-9,1.5393403751598908e-9,1.5958507026194372e-9
15.19,4.71,0.00017106927664800093,1.513941060597105e-9,1.5139170736998441e-9,1.5958507026194372e-9
15.19,4.71,0.00028100679409841776,1.4759823187296895e-9,1.4759578047894134e-9,1.5958507026194372e-9
15.19,4.71,0.00046159555869258604,1.4186575267334823e-9,1.4186318255455987e-9,1.5958507026194372e-9
15.19,4.71,0.0007582395311413588,1.3316582761962295e-9,1.331631047067343e-9,1.5958507026194372e-9
15.19,4.71,0.00124552148684853,1.2009139135625052e-9,1.2008840536844663e-9,1.5958507026194372e-9
15.19,4.71,0.002045954755044497,1.0115070840423938e-9,1.0114746395016659e-9,1.5958507026194372e-9
15.19,4.71,0.0033607857462825456,7.583846317225701e-10,7.583510863083498e-10,1.5958507026194372e-9
15.19,4.71,0.005520591696647901,4.670251068650195e-10,4.669946343615392e-10,1.5958507026194372e-9
15.19,4.71,0.009068395006973916,2.0694135743148244e-10,2.0692123759415763e-10,1.5958507026194372e-9
15.19,4.71,0.01489619093772919,5.3249642232823545e-11,5.324140892103915e-11,1.5958507026194372e-9
15.19,4.71,0.024469214704767362,5.652854450593211e-12,5.651502744225428e-12,1.5958507026194372e-9
15.19,4.71,0.04019433362333615,1.4500976020702689e-13,1.4495356648793292e-13,1.5958507026194372e-9
15.19,4.71,0.06602518613354949,3.986815081998435e-16,3.9843669177385095e-16,1.5958507026194372e-9
15.19,4.71,0.1084562128786955,3.610285399449478e-20,3.606743059114672e-20,1.5958507026194372e-9
15.19,4.71,0.17815550096589414,2.194706367094137e-26,2.19130612392193e-26,1.5958507026194372e-9
15.19,4.71,0.292646974128703,1.3292428743754187e-35,1.3260540485088386e-35,1.5958507026194372e-9
15.19,4.71,0.480716289995901,1.2051597388252743e-48,1.2008261227870984e-48,1.5958507026194372e-9
15.19,4.71,0.789648183294706,4.2974527091720057e-66,4.2749021120300005e-66,1.5958507026194372e-9
15.19,4.71,1.297114881182717,4.60418743617062e-88,4.570578458853941e-88,1.5958507026194372e-9
15.19,4.71,2.1307045980472066,3.690121135669719e-114,3.6534025557188914e-114,1.5958507026194372e-9
15.19,4.71,3.5000000000000004,1.2385041213345312e-143,1.2331191986719866e-143,1.5958507026194372e-9
15.19,4.71,3.8,8.76284215294779e-149,9.640923117883881e-149,1.5958507026194372e-9
15.19,4.71,3.98,8.010467548482652e-152,1.4587036116190393e-151,1.5958507026194372e-9
15.19,4.71,3.9998,4.819606360258741e-153,8.970248467601168e-153,1.5958507026194372e-9
15.67,0.00113,1.0000000000000001e-7,3.9695550886411065e-7,3.9695589028478465e-7,3.9705130082844336e-7
15.67,0.00113,1.6426491045299075e-7,3.9691571074043844e-7,3.9691607985832787e-7,3.9705130082844336e-7
15.67,0.00113,2.698296080612907e-7,3.9685937308082094e-7,3.9685972477593234e-7,3.9705130082844336e-7
15.67,0.00113,4.432353640575351e-7,3.967796160335433e-7,3.9677994306311675e-7,3.9705130082844336e-7
15.67,0.00113,7.280801738650976e-7,3.966666899666478e-7,3.9666698189450875e-7,3.9705130082844336e-7
15.67,0.00113,1.1959802456254818e-6,3.965067682692217e-7,3.965070105441417e-7,3.9705130082844336e-7
15.67,0.00113,1.9645758795121526e-6,3.9628021975174036e-7,3.962803909945242e-7,3.9705130082844336e-7
15.67,0.00113,3.227108809261693e-6,3.95959121171184e-7,3.959591914790777e-7,3.9705130082844336e-7
15.67,0.00113,5.301007395754297e-6,3.955036430640983e-7,3.955035679725038e-7,3.9705130082844336e-7
15.67,0.00113,8.707695051742211e-6,3.9485672997898784e-7,3.948564453774256e-7,3.9705130082844336e-7
15.67,0.00113,1.4303687479263852e-5,3.939361304642061e-7,3.939355398757262e-7,3.9705130082844336e-7
15.67,0.00113,2.3495939429288417e-5,3.926221848211477e-7,3.926211409548516e-7,3.9705130082844336e-7
15.67,0.00113,3.8595583863609565e-5,3.9073862102826394e-7,3.9073689666195e-7,3.9705130082844336e-7
15.67,0.00113,6.33990012723672e-5,3.880215677100996e-7,3.8801879025128864e-7,3.9705130082844336e-7
15.67,0.00113,0.00010414231266814445,3.840685757156955e-7,3.840641502158691e-7,3.9705130082844336e-7
15.67,0.00113,0.00017106927664800093,3.7825441050281877e-7,3.782473143643206e-7,3.9705130082844336e-7
15.67,0.00113,0.00028100679409841776,3.695953115388411e-7,3.6958389141324507e-7,3.9705130082844336e-7
15.67,0.00113,0.00046159555869258604,3.565465475329126e-7,3.565280706809367e-7,3.9705130082844336e-7
15.67,0.00113,0.0007582395311413588,3.36756391319299e-7,3.3672679307693535e-7,3.9705130082844336e-7
15.67,0.00113,0.00124552148684853,3.069395235359355e-7,3.0689354274927725e-7,3.9705130082844336e-7
15.67,0.00113,0.002045954755044497,2.633792519265289e-7,2.6331207906971903e-7,3.9705130082844336e-7
15.67,0.00113,0.0033607857462825456,2.040798865994859e-7,2.0399243620313757e-7,3.9705130082844336e-7
15.67,0.00113,0.005520591696647901,1.3334020088304888e-7,1.3324545321154513e-7,3.9705130082844336e-7
15.67,0.00113,0.009068395006973916,6.586847394702447e-8,6.57926731659205e-8,3.9705130082844336e-7
15.67,0.00113,0.01489619093772919,2.081243374573053e-8,2.0774540544832507e-8,3.9705130082844336e-7
15.67,0.00113,0.024469214704767362,3.297472398769325e-9,3.2882844772716823e-9,3.9705130082844336e-7
15.67,0.00113,0.04019433362333615,1.8859429266007254e-10,1.878227063421609e-10,3.9705130082844336e-7
15.67,0.00113,0.06602518613354949,2.6226492889984073e-12,2.6077021473469526e-12,3.9705130082844336e-7
15.67,0.00113,0.1084562128786955,5.975159023687397e-15,5.9305236179139395e-15,3.9705130082844336e-7
15.67,0.00113,0.17815550096589414,1.682014632642667e-18,1.666555240453715e-18,3.9705130082844336e-7
15.67,0.00113,0.292646974128703,5.49263499325222e-23,5.433759217714492e-23,3.9705130082844336e-7
15.67,0.00113,0.480716289995901,2.496731219464674e-28,2.4667560795048743e-28,3.9705130082844336e-7
15.67,0.00113,0.789648183294706,2.248542204300547e-34,2.2190466864263994e-34,3.9705130082844336e-7
15.67,0.00113,1.297114881182717,6.014548422137823e-41,5.929579342197765e-41,3.9705130082844336e-7
15.67,0.00113,2.1307045980472066,6.878736054792216e-48,6.77561935725002e-48,3.9705130082844336e-7
15.67,0.00113,3.5000000000000004,4.453419442536351e-55,4.34513252983828e-55,3.9705130082844336e-7
15.67,0.00113,3.8,2.5883500421553847e-56,2.574582744110313e-56,3.9705130082844336e-7
15.67,0.00113,3.98,2.5182161318816301e-57,2.5241773394261372e-57,3.9705130082844336e-7
15.67,0.00113,3.9998,2.243405694696538e-58,2.248600394299479e-58,3.9705130082844336e-7
15.67,0.0037,1.0000000000000001e-7,3.919823168879659e-7,3.919826592559445e-7,3.920770388257759e-7
15.67,0.0037,1.6426491045299075e-7,3.919429633118431e-7,3.9194329580064957e-7,3.920770388257759e-7
15.67,0.0037,2.698296080612907e-7,3.918872549343959e-7,3.9188757335359537e-7,3.920770388257759e-7
15.67,0.0037,4.432353640575351e-7,3.918083887301158e-7,3.91808687277717e-7,3.920770388257759e-7
15.67,0.0037,7.280801738650976e-7,3.916967239183493e-7,3.9169699422283737e-7,3.920770388257759e-7
15.67,0.0037,1.1959802456254818e-6,3.915385882096441e-7,3.9153881836308763e-7,3.920770388257759e-7
15.67,0.0037,1.9645758795121526e-6,3.9131456941477846e-7,3.913147425594473e-7,3.920770388257759e-7
15.67,0.0037,3.227108809261693e-6,3.9099705555736595e-7,3.9099714689514867e-7,3.920770388257759e-7
15.67,0.0037,5.301007395754297e-6,3.905466606411567e-7,3.905466352801607e-7,3.920770388257759e-7
15.67,0.0037,8.707695051742211e-6,3.89906963354675e-7,3.89906768248888e-7,3.920770388257759e-7
15.67,0.0037,1.4303687479263852e-5,3.88996624050214e-7,3.8899618258837235e-7,3.920770388257759e-7
15.67,0.0037,2.3495939429288417e-5,3.8769730464633646e-7,3.87696496752489e-7,3.920770388257759e-7
15.67,0.0037,3.8595583863609565e-5,3.8583467040262335e-7,3.8583331132682263e-7,3.920770388257759e-7
15.67,0.0037,6.33990012723672e-5,3.8314773219670674e-7,3.8314552374212315e-7,3.920770388257759e-7
15.67,0.0037,0.00010414231266814445,3.7923840713912595e-7,3.7923485388660656e-7,3.920770388257759e-7
15.67,0.0037,0.00017106927664800093,3.73488203413256e-7,3.73482496384735e-7,3.920770388257759e-7
15.67,0.0037,0.00028100679409841776,3.6492394069256517e-7,3.6491468770531704e-7,3.920770388257759e-7
15.67,0.0037,0.00046159555869258604,3.520175746215445e-7,3.5200261143728004e-7,3.920770388257759e-7
15.67,0.0037,0.0007582395311413588,3.32443236803323e-7,3.324191641383199e-7,3.920770388257759e-7
15.67,0.0037,0.00124552148684853,3.0295331876931065e-7,3.029159052348105e-7,3.920770388257759e-7
15.67,0.0037,0.002045954755044497,2.598784379062476e-7,2.5982377171080017e-7,3.920770388257759e-7
15.67,0.0037,0.0033607857462825456,2.012615815478398e-7,2.0119026375620734e-7,3.920770388257759e-7
15.67,0.0037,0.005520591696647901,1.3138264298364243e-7,1.3130557743618314e-7,3.920770388257759e-7
15.67,0.0037,0.009068395006973916,6.480622893114543e-8,6.474445246646546e-8,3.920770388257759e-7
15.67,0.0037,0.01489619093772919,2.0427621558886686e-8,2.0396837396038128e-8,3.920770388257759e-7
15.67,0.0037,0.024469214704767362,3.2239986499917253e-9,3.2165405387704486e-9,3.920770388257759e-7
15.67,0.0037,0.04019433362333615,1.8327007022770246e-10,1.8264584923869122e-10,3.920770388257759e-7
15.67,0.0037,0.06602518613354949,2.5248874331258692e-12,2.5128560781113692e-12,3.920770388257759e-7
15.67,0.0037,0.1084562128786955,5.673754744590502e-15,5.638106665887079e-15,3.920770388257759e-7
15.67,0.0037,0.17815550096589414,1.5667073797331311e-18,1.5544969679049493e-18,3.920770388257759e-7
15.67,0.0037,0.292646974128703,4.988128292746177e-23,4.942416142722954e-23,3.920770388257759e-7
15.67,0.0037,0.480716289995901,2.1975963256431304e-28,2.1748147388257152e-28,3.920770388257759e-7
15.67,0.0037,0.789648183294706,1.9083609641888702e-34,1.8865386577752552e-34,3.920770388257759e-7
15.67,0.0037,1.297114881182717,4.902287905402646e-41,4.841386922318092e-41,3.920770388257759e-7
15.67,0.0037,2.1307045980472066,5.3688582758488795e-48,5.2968882087447835e-48,3.920770388257759e-7
15.67,0.0037,3.5000000000000004,3.322045923352255e-55,3.217119352078833e-55,3.920770388257759e-7
15.67,0.0037,3.8,1.9167653306284295e-56,1.8751637313219136e-56,3.920770388257759e-7
15.67,0.0037,3.98,1.858372056122257e-57,1.8910086014486226e-57,3.920770388257759e-7
15.67,0.0037,3.9998,1.6550468720831827e-58,1.69082873307244e-58,3.920770388257759e-7
15.67,0.0127,1.0000000000000001e-7,3.751851035329677e-7,3.751854283751575e-7,3.7527620123475454e-7
15.67,0.0127,1.6426491045299075e-7,3.7514725566337155e-7,3.7514757132079753e-7,3.7527620123475454e-7
15.67,0.0127,2.698296080612907e-7,3.75093678699395e-7,3.7509398142453794e-7,3.7527620123475454e-7
15.67,0.0127,4.432353640575351e-7,3.7501782983142906e-7,3.7501811411155675e-7,3.7527620123475454e-7
15.67,0.0127,7.280801738650976e-7,3.749104369673839e-7,3.7491069521139586e-7,3.7527620123475454e-7
15.67,0.0127,1.1959802456254818e-6,3.747583505206673e-7,3.7475857164370354e-7,3.7527620123475454e-7
15.67,0.0127,1.9645758795121526e-6,3.7454290008570793e-7,3.745430684188294e-7,3.7527620123475454e-7
15.67,0.0127,3.227108809261693e-6,3.7423752800349997e-7,3.742376210095511e-7,3.7527620123475454e-7
15.67,0.0127,5.301007395754297e-6,3.7380435041629825e-7,3.738043349191137e-7,3.7527620123475454e-7
15.67,0.0127,8.707695051742211e-6,3.731890940822114e-7,3.731889225635164e-7,3.7527620123475454e-7
15.67,0.0127,1.4303687479263852e-5,3.7231350813014883e-7,3.7231310718326704e-7,3.7527620123475454e-7
15.67,0.0127,2.3495939429288417e-5,3.710637318396713e-7,3.7106299345577815e-7,3.7527620123475454e-7
15.67,0.0127,3.8595583863609565e-5,3.692719942223636e-7,3.692707433726091e-7,3.7527620123475454e-7
15.67,0.0127,6.33990012723672e-5,3.666870728345328e-7,3.666850352790744e-7,3.7527620123475454e-7
15.67,0.0127,0.00010414231266814445,3.6292568230110294e-7,3.629223993336501e-7,3.7527620123475454e-7
15.67,0.0127,0.00017106927664800093,3.5739218563887813e-7,3.5738689165394485e-7,3.7527620123475454e-7
15.67,0.0127,0.00028100679409841776,3.4914926835243253e-7,3.4914070455558e-7,3.7527620123475454e-7
15.67,0.0127,0.00046159555869258604,3.367254524238012e-7,3.3671152594714385e-7,3.7527620123475454e-7
15.67,0.0127,0.0007582395311413588,3.1788250623474763e-7,3.1786019312753296e-7,3.7527620123475454e-7
15.67,0.0127,0.00124552148684853,2.8950053947048047e-7,2.894657261356051e-7,3.7527620123475454e-7
15.67,0.0127,0.002045954755044497,2.480701238866852e-7,2.480194286671375e-7,3.7527620123475454e-7
15.67,0.0127,0.0033607857462825456,1.9176422243632147e-7,1.916981435125354e-7,3.7527620123475454e-7
15.67,0.0127,0.005520591696647901,1.2479649872170456e-7,1.2472527599789422e-7,3.7527620123475454e-7
15.67,0.0127,0.009068395006973916,6.124220042996824e-8,6.118549292684036e-8,3.7527620123475454e-7
15.67,0.0127,0.01489619093772919,1.9142559875322812e-8,1.911447873490209e-8,3.7527620123475454e-7
15.67,0.0127,0.024469214704767362,2.9805562445703467e-9,2.973852952429085e-9,3.7527620123475454e-7
15.67,0.0127,0.04019433362333615,1.6585303365766255e-10,1.6530323238662848e-10,3.7527620123475454e-7
15.67,0.0127,0.06602518613354949,2.2114062258156595e-12,2.201138931865318e-12,3.7527620123475454e-7
15.67,0.0127,0.1084562128786955,4.735590027671422e-15,4.706586775237058e-15,3.7527620123475454e-7
15.67,0.0127,0.17815550096589414,1.2224414291021223e-18,1.2131389189382979e-18,3.7527620123475454e-7
15.67,0.0127,0.292646974128703,3.5618319204803754e-23,3.529903757165171e-23,3.7527620123475454e-7
15.67,0.0127,0.480716289995901,1.4065006252346065e-28,1.392217384513173e-28,3.7527620123475454e-7
15.67,0.0127,0.789648183294706,1.0751523867335257e-34,1.0630864758409338e-34,3.7527620123475454e-7
15.67,0.0127,1.297114881182717,2.397169737071771e-41,2.3678875081955856e-41,3.7527620123475454e-7
15.67,0.0127,2.1307045980472066,2.2555711332269285e-48,2.2258556441511096e-48,3.7527620123475454e-7
15.67,0.0127,3.5000000000000004,1.1909952103225464e-55,1.1774498404834039e-55,3.7527620123475454e-7
15.67,0.0127,3.8,6.698474760840989e-57,6.539290763381702e-57,3.7527620123475454e-7
15.67,0.0127,3.98,6.415921230351835e-58,6.313468284490033e-58,3.7527620123475454e-7
15.67,0.0127,3.9998,5.707633081476003e-59,5.625525202773834e-59,3.7527620123475454e-7
15.67,0.047,1.0000000000000001e-7,3.1906588134174725e-7,3.1906614854410555e-7,3.191447472070447e-7
15.67,0.047,1.6426491045299075e-7,3.1903311525602666e-7,3.190333745592388e-7,3.191447472070447e-7
15.67,0.047,2.698296080612907e-7,3.189867318570498e-7,3.189869799961447e-7,3.191447472070447e-7
15.67,0.047,4.432353640575351e-7,3.1892106658523047e-7,3.189212988246177e-7,3.191447472070447e-7
15.67,0.047,7.280801738650976e-7,3.1882809171917847e-7,3.1882830153055426e-7,3.191447472070447e-7
15.67,0.047,1.1959802456254818e-6,3.186964218981132e-7,3.186965996385927e-7,3.191447472070447e-7
15.67,0.047,1.9645758795121526e-6,3.185098904671504e-7,3.18510022807061e-7,3.191447472070447e-7
15.67,0.047,3.227108809261693e-6,3.182454986030141e-7,3.182455657856742e-7,3.191447472070447e-7
15.67,0.047,5.301007395754297e-6,3.1787043330944666e-7,3.1787040716703434e-7,3.191447472070447e-7
15.67,0.047,8.707695051742211e-6,3.173376736087594e-7,3.173375124626432e-7,3.191447472070447e-7
15.67,0.047,1.4303687479263852e-5,3.16579398795428e-7,3.1657903983175147e-7,3.191447472070447e-7
15.67,0.047,2.3495939429288417e-5,3.1549687125119044e-7,3.154962204017376e-7,3.191447472070447e-7
15.67,0.047,3.8595583863609565e-5,3.1394449823704765e-7,3.139434033914475e-7,3.191447472070447e-7
15.67,0.047,6.33990012723672e-5,3.117040731464421e-7,3.1170229820538335e-7,3.191447472070447e-7
15.67,0.047,0.00010414231266814445,3.084423597350643e-7,3.084395005135569e-7,3.191447472070447e-7
15.67,0.047,0.00017106927664800093,3.0364106291912575e-7,3.0363646516056423e-7,3.191447472070447e-7
15.67,0.047,0.00028100679409841776,2.964842840446319e-7,2.9647683337382806e-7,3.191447472070447e-7
15.67,0.047,0.00046159555869258604,2.856920276313113e-7,2.8567994152845305e-7,3.191447472070447e-7
15.67,0.047,0.0007582395311413588,2.6932246171183184e-7,2.69303089442642e-7,3.191447472070447e-7
15.67,0.047,0.00124552148684853,2.4468658915983116e-7,2.4465645008898807e-7,3.191447472070447e-7
15.67,0.047,0.002045954755044497,2.0881126586329872e-7,2.0876757574591873e-7,3.191447472070447e-7
15.67,0.047,0.0033607857462825456,1.60295456304782e-7,1.602388607714419e-7,3.191447472070447e-7
15.67,0.047,0.005520591696647901,1.031013454564131e-7,1.0304116562136229e-7,3.191447472070447e-7
15.67,0.047,0.009068395006973916,4.9619687275615376e-8,4.957263593460804e-8,3.191447472070447e-7
15.67,0.047,0.01489619093772919,1.5022947829283853e-8,1.500040407379244e-8,3.191447472070447e-7
15.67,0.047,0.024469214704767362,2.2220561786045666e-9,2.216938049591859e-9,3.191447472070447e-7
15.67,0.047,0.04019433362333615,1.1402951520143062e-10,1.1364210236121037e-10,3.191447472070447e-7
15.67,0.047,0.06602518613354949,1.3429466687950813e-12,1.3365496138546577e-12,3.191447472070447e-7
15.67,0.047,0.1084562128786955,2.3950884507516554e-15,2.3800201101357795e-15,3.191447472070447e-7
15.67,0.047,0.17815550096589414,4.78604938570839e-19,4.748576770601912e-19,3.191447472070447e-7
15.67,0.047,0.292646974128703,9.953584347497426e-24,9.86172031220121e-24,3.191447472070447e-7
15.67,0.047,0.480716289995901,2.590995340901789e-29,2.5638777008301287e-29,3.191447472070447e-7
15.67,0.047,0.789648183294706,1.2184868543274997e-35,1.204386584083748e-35,3.191447472070447e-7
15.67,0.047,1.297114881182717,1.5834229985654918e-42,1.5634721976904176e-42,3.191447472070447e-7
15.67,0.047,2.1307045980472066,8.351518136543141e-50,8.237243729873333e-50,3.191447472070447e-7
15.67,0.047,3.5000000000000004,2.408255904021505e-57,2.3644268548785087e-57,3.191447472070447e-7
15.67,0.047,3.8,1.2283937051485389e-58,1.1847011645087381e-58,3.191447472070447e-7
15.67,0.047,3.98,1.1230899171179776e-59,1.1128514463711899e-59,3.191447472070447e-7
15.67,0.047,3.9998,9.948947906345133e-61,9.902088372639281e-61,3.191447472070447e-7
15.67,0.173,1.0000000000000001e-7,1.868032647876838e-7,1.8680339958812827e-7,1.8685232812522584e-7
15.67,0.173,1.6426491045299075e-7,1.8678288039033052e-7,1.8678301027830858e-7,1.8685232812522584e-7
15.67,0.173,2.698296080612907e-7,1.8675402408493603e-7,1.867541470388441e-7,1.8685232812522584e-7
15.67,0.173,4.432353640575351e-7,1.867131712958631e-7,1.867132844004682e-7,1.8685232812522584e-7
15.67,0.173,7.280801738650976e-7,1.8665532652801193e-7,1.8665542564501898e-7,1.8685232812522584e-7
15.67,0.173,1.1959802456254818e-6,1.8657340371345394e-7,1.8657348300461711e-7,1.8685232812522584e-7
15.67,0.173,1.9645758795121526e-6,1.8645733834858285e-7,1.8645738925541555e-7,1.8685232812522584e-7
15.67,0.173,3.227108809261693e-6,1.862928067520197e-7,1.8629281732740805e-7,1.8685232812522584e-7
15.67,0.173,5.301007395754297e-6,1.860593602127084e-7,1.860593124352741e-7,1.8685232812522584e-7
15.67,0.173,8.707695051742211e-6,1.857276682902943e-7,1.8572753649638142e-7,1.8685232812522584e-7
15.67,0.173,1.4303687479263852e-5,1.8525536835862013e-7,1.8525511292940294e-7,1.8685232812522584e-7
15.67,0.173,2.3495939429288417e-5,1.8458066799548973e-7,1.8458022915977218e-7,1.8685232812522584e-7
15.67,0.173,3.8595583863609565e-5,1.8361222038719779e-7,1.8361150354487873e-7,1.8685232812522584e-7
15.67,0.173,6.33990012723672e-5,1.822126966755935e-7,1.822115472386488e-7,1.8685232812522584e-7
15.67,0.173,0.00010414231266814445,1.8017168131061361e-7,1.8016984927385982e-7,1.8685232812522584e-7
15.67,0.173,0.00017106927664800093,1.7716100361011444e-7,1.7715805644301564e-7,1.8685232812522584e-7
15.67,0.173,0.00028100679409841776,1.7266357534290396e-7,1.7265882315137085e-7,1.8685232812522584e-7
15.67,0.173,0.00046159555869258604,1.658705150574967e-7,1.658628080158186e-7,1.8685232812522584e-7
15.67,0.173,0.0007582395311413588,1.5556699008950345e-7,1.5555469938492559e-7,1.8685232812522584e-7
15.67,0.173,0.00124552148684853,1.4011185155247083e-7,1.400929222340834e-7,1.8685232812522584e-7
15.67,0.173,0.002045954755044497,1.1780786740687143e-7,1.1778078740592318e-7,1.8685232812522584e-7
15.67,0.173,0.0033607857462825456,8.818605753106893e-8,8.815200609250194e-8,1.8685232812522584e-7
15.67,0.173,0.005520591696647901,5.4368240888156256e-8,5.4333455874193764e-8,1.8685232812522584e-7
15.67,0.173,0.009068395006973916,2.438893924678105e-8,2.4363672096364467e-8,1.8685232812522584e-7
15.67,0.173,0.01489619093772919,6.581281974039997e-9,6.5704680076162065e-9,1.8685232812522584e-7
15.67,0.173,0.024469214704767362,8.087571616479466e-10,8.067158154553178e-10,1.8685232812522584e-7
15.67,0.173,0.04019433362333615,3.0977561501498086e-11,3.0861918494677975e-11,1.8685232812522584e-7
15.67,0.173,0.06602518613354949,2.328525358600987e-13,2.3162928508558196e-13,1.8685232812522584e-7
15.67,0.173,0.1084562128786955,2.1395950592540811e-16,2.1246781466822118e-16,1.8685232812522584e-7
15.67,0.173,0.17815550096589414,1.685534362728431e-20,1.6708645420379798e-20,1.8685232812522584e-7
15.67,0.173,0.292646974128703,1.0249634750064564e-25,1.0144042958358364e-25,1.8685232812522584e-7
15.67,0.173,0.480716289995901,5.810392563999183e-32,5.742386928864199e-32,1.8685232812522584e-7
15.67,0.173,0.789648183294706,4.60050260724047e-39,4.5408858215804175e-39,1.8685232812522584e-7
15.67,0.173,1.297114881182717,8.221494989435728e-47,8.105390765588181e-47,1.8685232812522584e-7
15.67,0.173,2.1307045980472066,5.150790750402411e-55,5.072983968727558e-55,1.8685232812522584e-7
15.67,0.173,3.5000000000000004,1.5983176651168044e-63,1.5651886322498359e-63,1.8685232812522584e-7
15.67,0.173,3.8,5.672016037551756e-65,5.651550614024743e-65,1.8685232812522584e-7
15.67,0.173,3.98,4.3603586986585775e-66,4.390198774957405e-66,1.8685232812522584e-7
15.67,0.173,3.9998,3.802859102809564e-67,3.829646274081358e-67,1.8685232812522584e-7
15.67,0.61,1.0000000000000001e-7,4.887682114463827e-8,4.887684375282536e-8,4.889200895517712e-8
15.67,0.61,1.6426491045299075e-7,4.8870510797771374e-8,4.887053188952268e-8,4.889200895517712e-8
15.67,0.61,2.698296080612907e-7,4.8861577499307346e-8,4.8861596454784266e-8,4.889200895517712e-8
15.67,0.61,4.432353640575351e-7,4.8848929604907246e-8,4.884894551553633e-8,4.889200895517712e-8
15.67,0.61,7.280801738650976e-7,4.8831019365898214e-8,4.883103096504518e-8,4.889200895517712e-8
15.67,0.61,1.1959802456254818e-6,4.880565013309568e-8,4.880565559331465e-8,4.889200895517712e-8
15.67,0.61,1.9645758795121526e-6,4.876969932477355e-8,4.876969601001602e-8,4.889200895517712e-8
15.67,0.61,3.227108809261693e-6,4.871871711487798e-8,4.8718701274508974e-8,4.889200895517712e-8
15.67,0.61,5.301007395754297e-6,4.8646338218117356e-8,4.864630420762336e-8,4.889200895517712e-8
15.67,0.61,8.707695051742211e-6,4.854340557315121e-8,4.854334529582699e-8,4.889200895517712e-8
15.67,0.61,1.4303687479263852e-5,4.8396636853055176e-8,4.839653757339011e-8,4.889200895517712e-8
15.67,0.61,2.3495939429288417e-5,4.8186543415000335e-8,4.818638598115555e-8,4.889200895517712e-8
15.67,0.61,3.8595583863609565e-5,4.788409566056009e-8,4.788384874939929e-8,4.889200895517712e-8
15.67,0.61,6.33990012723672e-5,4.7445259913487816e-8,4.7444872831895997e-8,4.889200895517712e-8
15.67,0.61,0.00010414231266814445,4.680196001567588e-8,4.680134842606343e-8,4.889200895517712e-8
15.67,0.61,0.00017106927664800093,4.58473329486228e-8,4.584635336284238e-8,4.889200895517712e-8
15.67,0.61,0.00028100679409841776,4.441302520630115e-8,4.4411449335237946e-8,4.889200895517712e-8
15.67,0.61,0.00046159555869258604,4.223915477760175e-8,4.223661393472914e-8,4.889200895517712e-8
15.67,0.61,0.0007582395311413588,3.8950023091489854e-8,3.894603521490203e-8,4.889200895517712e-8
15.67,0.61,0.00124552148684853,3.408321254756034e-8,3.407724267420863e-8,4.889200895517712e-8
15.67,0.61,0.002045954755044497,2.7282641147715897e-8,2.7274545270617552e-8,4.889200895517712e-8
15.67,0.61,0.0033607857462825456,1.87896963831745e-8,1.8780354163605255e-8,4.889200895517712e-8
15.67,0.61,0.005520591696647901,1.0072978727443834e-8,1.006471359361599e-8,4.889200895517712e-8
15.67,0.61,0.009068395006973916,3.584539764528175e-9,3.579779967800285e-9,4.889200895517712e-8
15.67,0.61,0.01489619093772919,6.623991687858333e-10,6.610021729283753e-10,4.889200895517712e-8
15.67,0.61,0.024469214704767362,4.42284289570103e-11,4.40845463892785e-11,4.889200895517712e-8
15.67,0.61,0.04019433362333615,6.455263632976186e-13,6.423966014627395e-13,4.889200895517712e-8
15.67,0.61,0.06602518613354949,1.0967088086892574e-15,1.0891505409689593e-15,4.889200895517712e-8
15.67,0.61,0.1084562128786955,1.105563779570324e-19,1.0953350180916449e-19,4.889200895517712e-8
15.67,0.61,0.17815550096589414,3.8196511335450236e-25,3.775001534628288e-25,4.889200895517712e-8
15.67,0.61,0.292646974128703,3.5935348378393635e-32,3.5433470827869695e-32,4.889200895517712e-8
15.67,0.61,0.480716289995901,1.1068993708617802e-40,1.089219867641295e-40,4.889200895517712e-8
15.67,0.61,0.789648183294706,1.879520401117108e-50,1.846150348728875e-50,4.889200895517712e-8
15.67,0.61,1.297114881182717,3.432073114733613e-61,3.3655071555871905e-61,4.889200895517712e-8
15.67,0.61,2.1307045980472066,1.2771814237385316e-72,1.2503693253921452e-72,4.889200895517712e-8
15.67,0.61,3.5000000000000004,1.6233856230635824e-84,1.5959548472841581e-84,4.889200895517712e-8
15.67,0.61,3.8,1.5818863139381587e-86,1.5389154550059751e-86,4.889200895517712e-8
15.67,0.61,3.98,6.49115975159135e-88,6.550691051332984e-88,4.889200895517712e-8
15.67,0.61,3.9998,5.358194977448096e-89,5.422003280088225e-89,4.889200895517712e-8
15.67,1.73,1.0000000000000001e-7,7.884633074816309e-9,7.884634799614992e-9,7.887868225123914e-9
15.67,1.73,1.6426491045299075e-7,7.88328878875393e-9,7.88329019359573e-9,7.887868225123914e-9
15.67,1.73,2.698296080612907e-7,7.881385582091556e-9,7.881386530303875e-9,7.887868225123914e-9
15.67,1.73,4.432353640575351e-7,7.878690638763956e-9,7.878690942391018e-9,7.887868225123914e-9
15.67,1.73,7.280801738650976e-7,7.874873618041557e-9,7.874873001108917e-9,7.887868225123914e-9
15.67,1.73,1.1959802456254818e-6,7.869465121721326e-9,7.869463194907285e-9,7.887868225123914e-9
15.67,1.73,1.9645758795121526e-6,7.86179664864471e-9,7.861792847096893e-9,7.887868225123914e-9
15.67,1.73,3.227108809261693e-6,7.850912833437103e-9,7.850906324652504e-9,7.887868225123914e-9
15.67,1.73,5.301007395754297e-6,7.83544120244807e-9,7.835430780694535e-9,7.887868225123914e-9
15.67,1.73,8.707695051742211e-6,7.813394940715989e-9,7.813378727520718e-9,7.887868225123914e-9
15.67,1.73,1.4303687479263852e-5,7.781866782805427e-9,7.78184198078629e-9,7.887868225123914e-9
15.67,1.73,2.3495939429288417e-5,7.736541126658497e-9,7.736503129597105e-9,7.887868225123914e-9
15.67,1.73,3.8595583863609565e-5,7.67089775386886e-9,7.670839278646903e-9,7.887868225123914e-9
15.67,1.73,6.33990012723672e-5,7.574894741139338e-9,7.574803428334071e-9,7.887868225123914e-9
15.67,1.73,0.00010414231266814445,7.432806449424846e-9,7.432661724648865e-9,7.887868225123914e-9
15.67,1.73,0.00017106927664800093,7.2198330001133204e-9,7.219601157976074e-9,7.887868225123914e-9
15.67,1.73,0.00028100679409841776,6.8973993745838884e-9,6.897025972080107e-9,7.887868225123914e-9
15.67,1.73,0.00046159555869258604,6.408612079394908e-9,6.408022710024508e-9,7.887868225123914e-9
15.67,1.73,0.0007582395311413588,5.680004120898502e-9,5.679108931925423e-9,7.887868225123914e-9
15.67,1.73,0.00124552148684853,4.645236615765912e-9,4.64399307818672e-9,7.887868225123914e-9
15.67,1.73,0.002045954755044497,3.3141737788076905e-9,3.3126758715080894e-9,7.887868225123914e-9
15.67,1.73,0.0033607857462825456,1.879698031002062e-9,1.878284628463467e-9,7.887868225123914e-9
15.67,1.73,0.005520591696647901,7.28773861097982e-10,7.278740704825463e-10,7.887868225123914e-9
15.67,1.73,0.009068395006973916,1.5190424152773265e-10,1.5160045822280988e-10,7.887868225123914e-9
15.67,1.73,0.01489619093772919,1.172182482327162e-11,1.168457489077657e-11,7.887868225123914e-9
15.67,1.73,0.024469214704767362,1.913300266120684e-13,1.9038339829648745e-13,7.887868225123914e-9
15.67,1.73,0.04019433362333615,2.981010487862048e-16,2.9587977999411064e-16,7.887868225123914e-9
15.67,1.73,0.06602518613354949,1.569136942949095e-20,1.5522484484384887e-20,7.887868225123914e-9
15.67,1.73,0.1084562128786955,8.539257954853465e-27,8.413428543455412e-27,7.887868225123914e-9
15.67,1.73,0.17815550096589414,1.6311334180453698e-35,1.6001715452567418e-35,7.887868225123914e-9
15.67,1.73,0.292646974128703,5.830239852254251e-47,5.695784433904644e-47,7.887868225123914e-9
15.67,1.73,0.480716289995901,4.1995167315659655e-61,4.087353046967434e-61,7.887868225123914e-9
15.67,1.73,0.789648183294706,1.2847542148892019e-77,1.2463317676450044e-77,7.887868225123914e-9
15.67,1.73,1.297114881182717,5.152466864149847e-96,4.983596405458688e-96,7.887868225123914e-9
15.67,1.73,2.1307045980472066,8.718264904001993e-116,8.404693877430046e-116,7.887868225123914e-9
15.67,1.73,3.5000000000000004,1.6784450408494309e-136,1.1996790663035747e-136,7.887868225123914e-9
15.67,1.73,3.8,5.304111767320307e-140,4.7519712526278225e-140,7.887868225123914e-9
15.67,1.73,3.98,3.804668671063895e-142,6.84948596341784e-142,7.887868225123914e-9
15.67,1.73,3.9998,2.7131824560016216e-143,5.183440733412604e-143,7.887868225123914e-9
15.67,4.71,1.0000000000000001e-7,8.860810790996122e-10,8.860681636478618e-10,8.866156954385823e-10
15.67,4.71,1.6426491045299075e-7,8.858588883069358e-10,8.858459192893722e-10,8.866156954385823e-10
15.67,4.71,2.698296080612907e-7,8.855442593452979e-10,8.855312137832066e-10,8.866156954385823e-10
15.67,4.71,4.432353640575351e-7,8.850986155292463e-10,8.850854616258553e-10,8.866156954385823e-10
15.67,4.71,7.280801738650976e-7,8.844671311097489e-10,8.8445382205094e-10,8.866156954385823e-10
15.67,4.71,1.1959802456254818e-6,8.835717027159051e-10,8.835581715710599e-10,8.866156954385823e-10
15.67,4.71,1.9645758795121526e-6,8.823006628769565e-10,8.822868116843304e-10,8.866156954385823e-10
15.67,4.71,3.227108809261693e-6,8.804934863412457e-10,8.804791674162454e-10,8.866156954385823e-10
15.67,4.71,5.301007395754297e-6,8.779175764499614e-10,8.779025712831946e-10,8.866156954385823e-10
15.67,4.71,8.707695051742211e-6,8.74232139944782e-10,8.742160970116137e-10,8.866156954385823e-10
15.67,4.71,1.4303687479263852e-5,8.689304532951842e-10,8.689128307190899e-10,8.866156954385823e-10
15.67,4.71,2.3495939429288417e-5,8.612454365649569e-10,8.612253135794315e-10,8.866156954385823e-10
15.67,4.71,3.8595583863609565e-5,8.499933695426388e-10,8.499692459331284e-10,8.866156954385823e-10
15.67,4.71,6.33990012723672e-5,8.333178949449545e-10,8.332872083955634e-10,8.866156954385823e-10
15.67,4.71,0.00010414231266814445,8.082914564386413e-10,8.082499807517894e-10,8.866156954385823e-10
15.67,4.71,0.00017106927664800093,7.703732137816419e-10,7.703144154850946e-10,8.866156954385823e-10
15.67,4.71,0.00028100679409841776,7.129210403633518e-10,7.128354812244652e-10,8.866156954385823e-10
15.67,4.71,0.00046159555869258604,6.275328826479992e-10,6.274108457785048e-10,8.866156954385823e-10
15.67,4.71,0.0007582395311413588,5.071235498162949e-10,5.069603918280985e-10,8.866156954385823e-10
15.67,4.71,0.00124552148684853,3.5437059376969664e-10,3.541819716015793e-10,8.866156954385823e-10
15.67,4.71,0.002045954755044497,1.9380315206246323e-10,1.9363255679406416e-10,8.866156954385823e-10
15.67,4.71,0.0033607857462825456,7.04400302956171e-11,7.033826496369009e-11,8.866156954385823e-10
15.67,4.71,0.005520591696647901,1.3059878742432654e-11,1.3029135692474864e-11,8.866156954385823e-10
15.67,4.71,0.009068395006973916,8.094954446308549e-13,8.064129985980422e-13,8.866156954385823e-10
15.67,4.71,0.01489619093772919,8.640280222472738e-15,8.587781949906428e-15,8.866156954385823e-10
15.67,4.71,0.024469214704767362,5.7593260034943436e-18,5.704275908469458e-18,8.866156954385823e-10
15.67,4.71,0.04019433362333615,5.426390908151064e-23,5.346939562410787e-23,8.866156954385823e-10
15.67,4.71,0.06602518613354949,9.473728430165253e-31,9.26828392639973e-31,8.866156954385823e-10
15.67,4.71,0.1084562128786955,2.534224131761972e-42,2.4564884536151143e-42,8.866156954385823e-10
15.67,4.71,0.17815550096589414,7.950634399347311e-59,7.62396494243085e-59,8.866156954385823e-10
15.67,4.71,0.292646974128703,4.1572248765490647e-81,3.9409002950662134e-81,8.866156954385823e-10
15.67,4.71,0.480716289995901,1.9615266862511207e-109,1.8384277420608976e-109,8.866156954385823e-10
15.67,4.71,0.789648183294706,2.2309538527153276e-143,2.06829023766546e-143,8.866156954385823e-10
15.67,4.71,1.297114881182717,5.3671519615258036e-182,4.9240286320745905e-182,8.866156954385823e-10
15.67,4.71,2.1307045980472066,3.6948086931172784e-224,3.3466160512415236e-224,8.866156954385823e-10
15.67,4.71,3.5000000000000004,8.049370797201077e-269,2.726071853779344e-269,8.866156954385823e-10
15.67,4.71,3.8,2.1133525132546494e-276,1.2166659626552247e-276,8.866156954385823e-10
15.67,4.71,3.98,9.386222260797582e-281,7.676605248298937e-280,8.866156954385823e-10
15.67,4.71,3.9998,4.409694467343223e-282,4.5681685640744606e-281,8.866156954385823e-10
